window,prediction_mse,layer0_spectral_l1,layer1_spectral_l1,layer2_spectral_l1
0.0,0.06926208734512329,0.07531951403981982,0.09917829019458752,0.09126969846100455
2.0,0.07231846451759338,0.07455373187605562,0.09875663949674603,0.09496958689217981
4.0,0.0981355831027031,0.07629485274680725,0.0967510056302547,0.09111320489209694
6.0,0.11554243415594101,0.07944815588926299,0.10152506442610874,0.09020271805182879
8.0,0.12898209691047668,0.07957030944243487,0.10649636325996764,0.09475979061585264
10.0,0.1185334101319313,0.08041605923846139,0.10521842393191673,0.0951391148908542
12.0,0.12963154911994934,0.07798826618071251,0.10293083568715328,0.0890819613629479
14.0,0.13093718886375427,0.07646860885183768,0.1022592867118506,0.0846568041372482
16.0,0.10455412417650223,0.07797995999950778,0.10016412794478287,0.08307685897850937
18.0,0.07342055439949036,0.08051318756002733,0.10244937513903207,0.08459356652678461
20.0,0.06516855955123901,0.07987212972965622,0.10590765327258275,0.08895796918699343
22.0,0.0624966025352478,0.07931576787673764,0.10209608292780845,0.08992321195797817
24.0,0.05404207855463028,0.07579034626362034,0.0987220955113089,0.08990303955862954
26.0,0.0647864043712616,0.0740101445924385,0.0986895688228436,0.09391838801465369
28.0,0.08649026602506638,0.07471600398276018,0.0967690473254519,0.09181757815633919
30.0,0.10103151202201843,0.07754487069173953,0.10180174544131186,0.09148787219891678
32.0,0.12393166124820709,0.07776860733700953,0.10582809423253718,0.0950152477210686
34.0,0.12386748939752579,0.07802085903080508,0.10531785984659096,0.09397356184120477
36.0,0.1403304785490036,0.07494444899537067,0.1021096561284932,0.08934195267111854
38.0,0.15563444793224335,0.07469483992602814,0.10228106595169616,0.0849822828966271
40.0,0.10542621463537216,0.07547308040873547,0.09956298466206982,0.08497022806951242
42.0,0.07741350680589676,0.07898088815001067,0.10403440760699732,0.08717805615050643
44.0,0.07694696635007858,0.07825403109240141,0.10529967487051041,0.09192620310723668
46.0,0.08099211752414703,0.07916274474700247,0.1040143678087479,0.09171298340299085
48.0,0.0761203020811081,0.07516430117573665,0.10076247434617391,0.09197964850698276
50.0,0.07970836758613586,0.07524694624396576,0.10153355713641568,0.09566432679448952
52.0,0.10099402070045471,0.07541522489337314,0.09716164436206838,0.09095715000407276
54.0,0.12699997425079346,0.07829138400648826,0.10145636502877316,0.08966361221166841
56.0,0.1449127048254013,0.07870699120227939,0.10598178792843967,0.09326039157640778
58.0,0.1302690953016281,0.07895262600729235,0.10471922197291943,0.09348596497146643
60.0,0.15119494497776031,0.07681316517756813,0.10361979522269481,0.08786280685217761
62.0,0.17438648641109467,0.07590914814458345,0.10418688882283486,0.08583672000644231
32.0,0.13707426190376282,0.07822761282508461,0.10195142029354409,0.08488153317405955
34.0,0.08991467952728271,0.08006672263399622,0.10716810661900635,0.08706383219237507
36.0,0.08467826247215271,0.07989942191153811,0.11125120812085414,0.09065970665309386
38.0,0.08860352635383606,0.08113266921845343,0.10916463741335682,0.09058550147495249
40.0,0.06235349923372269,0.07746461441593208,0.10514109493083673,0.09258427451964422
42.0,0.07293637841939926,0.07768973259303293,0.10418191878564276,0.09616873109348373
44.0,0.09434694796800613,0.0788841609706187,0.1049363866145188,0.09264483432866925
46.0,0.1281651109457016,0.0805090488292735,0.10804871292072579,0.09164757316306395
48.0,0.11899418383836746,0.08218282158026632,0.11441955838720451,0.09589366495148029
50.0,0.14977507293224335,0.08250373710954123,0.11213068469235035,0.09220421824412264
52.0,0.13357339799404144,0.07863441494861088,0.10776611831036434,0.08727664810189507
54.0,0.16200442612171173,0.07747552148132843,0.10294735534600012,0.08338110609133197
56.0,0.1082812249660492,0.07951137619803844,0.10236067294465685,0.08029285852101499
58.0,0.09104806184768677,0.07903943903550328,0.10443144600887523,0.07942156105593946
60.0,0.08519335091114044,0.07970483726672359,0.10864821589318831,0.0835051091136069
62.0,0.09889517724514008,0.08088040544418029,0.10564315057881818,0.0829547262438001
64.0,0.08004239201545715,0.07699815980357669,0.1020129961618721,0.08481763725412672
66.0,0.08236873894929886,0.07638249505979422,0.10022551919879681,0.08675008528168761
68.0,0.12375981360673904,0.07848313617095871,0.09976934873079736,0.08255258745744896
70.0,0.12723059952259064,0.07957892623660012,0.10388360892851639,0.0811704286671914
72.0,0.1573956310749054,0.08174312036305986,0.11116434088108926,0.08399491904441893
74.0,0.1420876830816269,0.081638476137254,0.10679989648603677,0.08531718324568746
76.0,0.158737912774086,0.07893217446503285,0.10314713801562582,0.07968440664520056
78.0,0.15937751531600952,0.07725104558607049,0.10080529577849488,0.07651497479035675
80.0,0.11281290650367737,0.07882933084475624,0.09848596178060225,0.07382651531983396
82.0,0.07977425307035446,0.07926306087637201,0.1015351004075229,0.07597260534098199
84.0,0.08627143502235413,0.07987897717264582,0.10525706415257631,0.07980385562494735
86.0,0.09650282561779022,0.0803794366100184,0.10081264558286131,0.08129801002620721
88.0,0.08912336826324463,0.07589884310517073,0.09707528315354531,0.0804341686952016
90.0,0.07479948550462723,0.07396626337766868,0.09541885074508541,0.08161685586912001
92.0,0.10117072612047195,0.07444236591581713,0.09258776510962165,0.07802483377224327
94.0,0.09088544547557831,0.07518241239094302,0.09823430497104835,0.07592114102652231
64.0,0.10494886338710785,0.07651623481235513,0.10238481494511027,0.07729003902851829
66.0,0.10031595826148987,0.07663074867702299,0.09875675215379655,0.07974442603039757
68.0,0.1156332865357399,0.07310240571365684,0.0962213450199,0.07622096523001928
70.0,0.12585242092609406,0.072770249470292,0.09482724204512753,0.07432881088129967
72.0,0.08270858973264694,0.07455218457209851,0.09392379039133836,0.07256854026918394
74.0,0.06670159846544266,0.07463509599486616,0.09752899102569668,0.07464186499525167
76.0,0.05973045527935028,0.07712988185694526,0.10148908876836278,0.07923276798439928
78.0,0.07166961580514908,0.07696671219916312,0.0970587570902453,0.07930358715491681
80.0,0.05376821756362915,0.07389459731055387,0.09677813759480851,0.08075334323417542
82.0,0.06513059884309769,0.07308378676975204,0.09458923080960792,0.08198205683692414
84.0,0.09386061877012253,0.07620066797213045,0.092624585460117,0.07718737050276712
86.0,0.10718850791454315,0.07666357041609419,0.09892522280308674,0.07451074420274827
88.0,0.12039357423782349,0.07830350783594321,0.10311321063819555,0.07736863861796689
90.0,0.11092662811279297,0.0792427795268465,0.0998885011492273,0.08051570975244472
92.0,0.1286371797323227,0.07610416763318212,0.09900631918416157,0.07750629363104436
94.0,0.14175747334957123,0.07485599342877763,0.09755661516461332,0.07594421920167402
96.0,0.1108238622546196,0.07699373474176205,0.09668702724618404,0.07356189012892295
98.0,0.07037333399057388,0.07742614121745489,0.09924549733011356,0.07518691634532436
100.0,0.06361359357833862,0.07795020295224958,0.10286760521324952,0.0798057076986294
102.0,0.07319385558366776,0.07856824020446852,0.09718722028953986,0.0804559817017252
104.0,0.06022551655769348,0.07418880730760917,0.09719239715450101,0.0805583420516096
106.0,0.06443480402231216,0.07269771014335424,0.09549070788077002,0.0820200936988235
108.0,0.08070425689220428,0.07501693859483177,0.09387662924085266,0.07813546950286242
110.0,0.1185780018568039,0.0758316707145747,0.09853362322632875,0.07680908015364207
112.0,0.08859109878540039,0.07700957069314303,0.10221959418062253,0.07711153608047049
114.0,0.12059143930673599,0.07862205199230225,0.09749031026193372,0.08030049386941891
116.0,0.09399378299713135,0.07370900971850235,0.09665219291436351,0.07742733607712818
118.0,0.12210774421691895,0.07306572694842457,0.09444700711419853,0.07517813309828413
120.0,0.0922037661075592,0.07567241878234611,0.09345823128749182,0.0719378755260252
122.0,0.05982806161046028,0.07605646633647183,0.09768840623591647,0.07453395655192578
124.0,0.07192472368478775,0.07754511967788869,0.10131147615993746,0.0793942159869996
126.0,0.07381464540958405,0.07868384244565405,0.09639235521887879,0.08013046302443115
96.0,0.058435797691345215,0.07381034295871154,0.09645258174559725,0.08073643070462766
98.0,0.061475154012441635,0.07306785756057366,0.09442793012190019,0.0816189737333647
100.0,0.09355971962213516,0.07571902491969729,0.09296616033513709,0.07751775692342916
102.0,0.09630615264177322,0.07537071765622122,0.09666293675523036,0.07426972156663757
104.0,0.12263640761375427,0.07771661838721328,0.10185199344657453,0.07671873984859703
106.0,0.11314814537763596,0.07872313014253818,0.0974488066738788,0.08005453593631438
108.0,0.13739237189292908,0.07393241705645652,0.09761741150968159,0.07741990993845232
110.0,0.15230870246887207,0.0732069757371132,0.09544781034210517,0.0754336783648649
112.0,0.11423864960670471,0.07500789931708053,0.09471197348059776,0.07274395736459853
114.0,0.07504908740520477,0.0754525660298989,0.09719306021955174,0.07411863673590643
116.0,0.07509105652570724,0.07760707979594449,0.10246802030334247,0.07969195614176708
118.0,0.07174737006425858,0.07849838624781401,0.09603734834824239,0.07945584243505387
120.0,0.05416906997561455,0.07242050572399812,0.09619213722825175,0.07982950305365648
122.0,0.06101728603243828,0.07290386874983704,0.09404878916939988,0.08138013451478883
124.0,0.10224443674087524,0.07470535801185402,0.09369947637857147,0.07769985264627327
126.0,0.09821612387895584,0.0749387490646028,0.09686100829132713,0.07417767453426988
128.0,0.11405319720506668,0.07739572591908406,0.10252939987352304,0.07631554442166398
130.0,0.12184204906225204,0.07882164398532233,0.0969105774586064,0.0801762911299148
132.0,0.11661230027675629,0.07243644622422853,0.09544195688767008,0.07821023744047498
134.0,0.12126527726650238,0.073442134739202,0.0936361465687796,0.07565977272323789
136.0,0.10114748030900955,0.07464644156218944,0.09412245235136214,0.07194906168968516
138.0,0.08139928430318832,0.0754955026559623,0.09778994047530874,0.0737575166944782
140.0,0.08322136849164963,0.07799112016989906,0.10248772513212553,0.08006455464288491
142.0,0.08082261681556702,0.07965340813745908,0.09744490235357603,0.07992454611908503
144.0,0.05607001110911369,0.07363984511453386,0.09674934375659161,0.08002015080853737
146.0,0.061338551342487335,0.07399208831287245,0.09425807335281176,0.08133120271335316
148.0,0.09248781204223633,0.07558828445732838,0.09330829283085636,0.07653434826308413
150.0,0.1048605814576149,0.07566391790887726,0.09749352334599375,0.07294112968928101
152.0,0.1179627925157547,0.07824733569852818,0.10200229244345858,0.07576094066850862
154.0,0.10969078540802002,0.07918781438608473,0.09662272467258096,0.07825135595907967
156.0,0.1223432719707489,0.07420203671144175,0.0959869216257578,0.07664803019384613
158.0,0.15494289994239807,0.07394060245355895,0.09409805862002128,0.07487604090138747
128.0,0.13000240921974182,0.07534110006804354,0.09483316788338908,0.07269790053764522
130.0,0.07865487039089203,0.07534326886825898,0.0980886885259387,0.07487732359777519
132.0,0.09163808077573776,0.07726547673927084,0.1027889089404177,0.0802154322535599
134.0,0.11495072394609451,0.07905824154762574,0.09748654544498905,0.07977378131100679
136.0,0.07616132497787476,0.07343450163743048,0.09595529957353506,0.07846812554555775
138.0,0.06359948217868805,0.07405031007266936,0.09497536495303635,0.07996130029171263
140.0,0.08898307383060455,0.07489178570149944,0.09396621390114093,0.07659259623599601
142.0,0.0792682096362114,0.07410267855959511,0.09727084189057304,0.0738665059733726
144.0,0.09500622749328613,0.07607266438524514,0.10132623004447903,0.0758657816101311
146.0,0.10836520791053772,0.07807132608069073,0.09729518379545966,0.07977423166163825
148.0,0.09868335723876953,0.07255344043463298,0.09632448509858958,0.07694805620803849
150.0,0.1082693561911583,0.07247699535653057,0.09463556334627614,0.07499206910048394
152.0,0.08887454867362976,0.07348784667117132,0.09436511643499185,0.07154307142091562
154.0,0.07117195427417755,0.07354104305452627,0.09664627187928564,0.07329988641678202
156.0,0.07977943122386932,0.07495207727425789,0.10097063975164368,0.07904260860620428
158.0,0.081646628677845,0.07697273615445156,0.0969589336599019,0.07833628193623941
160.0,0.06456223130226135,0.07224626943980234,0.09583278308599047,0.07865150371359274
162.0,0.07235867530107498,0.07236454050904112,0.09537151364858348,0.08002246511193047
164.0,0.09064566344022751,0.07318871645116788,0.09355913494130105,0.07613492126617401
166.0,0.09416591376066208,0.07316338331914514,0.09685053295866902,0.07312042114477174
168.0,0.10800282657146454,0.07454459107978995,0.10119097714924367,0.07527086423977232
170.0,0.0993950292468071,0.0770175733388029,0.096166598188428,0.0762517600387785
172.0,0.11996184289455414,0.07195283715811746,0.09416609587387453,0.07433182658081737
174.0,0.1296761929988861,0.07162685685033089,0.09354177016818423,0.07264277050813593
176.0,0.10748837143182755,0.0716274914073035,0.09227881041767193,0.07048566260524215
178.0,0.07322930544614792,0.07181529699473259,0.09575566881286904,0.07326327705223055
180.0,0.07903346419334412,0.07364536486423799,0.10011351862798494,0.07766273308019525
182.0,0.08393006026744843,0.07586000610926678,0.09559934890356457,0.07662545539701843
184.0,0.061827659606933594,0.0714732918460881,0.09405987946842999,0.07668531699832216
186.0,0.055807314813137054,0.07109008185970557,0.09380190229736649,0.0788960590055516
188.0,0.08912496268749237,0.07148465251655957,0.09222084905716012,0.07576222916297913
190.0,0.08368310332298279,0.07175397752115618,0.09495557607718406,0.07237822414808541
160.0,0.10577970743179321,0.07230958073767625,0.09905339876220055,0.07380670732223152
162.0,0.11345604807138443,0.07514637226021596,0.09523441132028944,0.07785275045515395
164.0,0.10498100519180298,0.07058719724843798,0.0933336439626174,0.07489939960861354
166.0,0.10633500665426254,0.07064949821946888,0.09309847798779555,0.07329851137601255
168.0,0.09537701308727264,0.07093828382554127,0.0915158156835424,0.06921669499616803
170.0,0.08090413361787796,0.07131262571359617,0.09417809116230678,0.07175486600190745
172.0,0.08553299307823181,0.07233996808741393,0.09839625220383873,0.07744005822805428
174.0,0.08584515750408173,0.07458385311114507,0.09455465634979986,0.07716348868561837
176.0,0.06485586613416672,0.06995514071587866,0.09300400287682607,0.0767066038453836
178.0,0.06263113766908646,0.06984618293164604,0.09299921849935586,0.07822255507198946
180.0,0.09037642180919647,0.07080823526643812,0.09084996995019487,0.07452671296769903
182.0,0.09703932702541351,0.0707859730719651,0.09379577350669997,0.07137706484662928
184.0,0.11853492259979248,0.0720107527300442,0.09855429540170273,0.07318525349400333
186.0,0.10275372117757797,0.0746707671669126,0.0950314121856005,0.07505086246915976
188.0,0.1281205415725708,0.06992890258957968,0.0932079933003672,0.07294016332916296
190.0,0.14702770113945007,0.06960429282027693,0.09237078998586862,0.07149699925628086
192.0,0.11806104332208633,0.06996625674462417,0.0914958997951628,0.06969693732194204
194.0,0.09295563399791718,0.07023501643494524,0.09387858341909049,0.07346103954780966
196.0,0.09996673464775085,0.07131050566458415,0.09820842473760942,0.07786743152279758
198.0,0.11578075587749481,0.07409633834295819,0.0955455904760262,0.07790707347103945
200.0,0.1008245199918747,0.06972043185258094,0.09259306400942481,0.07634499791317005
202.0,0.08988354355096817,0.06998902770649244,0.09255118881797421,0.0783356368854184
204.0,0.10655692964792252,0.07062260829143475,0.09120359699781827,0.07427565072454624
206.0,0.09472047537565231,0.07067373326623348,0.09267320045619637,0.07051112949378074
208.0,0.11345035582780838,0.07141294026778762,0.0983399280072486,0.07413722285666358
210.0,0.09561056643724442,0.07466032245137487,0.09650942305683802,0.0782346444347896
212.0,0.10252074897289276,0.07139963987043746,0.09347793565469847,0.07544632006616041
214.0,0.11492925882339478,0.0712624713789996,0.09497604235206522,0.07577957606162983
216.0,0.0996188223361969,0.07178745484997205,0.09342916956292835,0.07167378608214076
218.0,0.06378737092018127,0.07053856150711887,0.09469443299054622,0.0743972446919887
220.0,0.05998349189758301,0.07255413740554996,0.0988403761101365,0.07893993553082174
222.0,0.055667225271463394,0.07377334599410003,0.09554965656622932,0.0798066259790095
192.0,0.05254337936639786,0.07113858621397962,0.09320120419205305,0.07921968812009404
194.0,0.054838232696056366,0.0703066895969416,0.09336846552466554,0.0814237404278756
196.0,0.074968121945858,0.07064302980621476,0.0893501092271791,0.07607455498227257
198.0,0.08304621279239655,0.0705161249316696,0.09242651575729295,0.07305530358743609
200.0,0.10578905045986176,0.07209019215577257,0.09820706434296705,0.07543798981548816
202.0,0.0887925997376442,0.07344300515446985,0.09544710831685718,0.07807224966235156
204.0,0.09488246589899063,0.07057952236094035,0.09253572771710097,0.0747789476354348
206.0,0.11091431975364685,0.06964893003314448,0.09308590557845374,0.07341221040527098
208.0,0.08894091844558716,0.07038136128899414,0.09153216555668883,0.07081854877295021
210.0,0.057027947157621384,0.07016549855947155,0.09336528636819917,0.0743764278541844
212.0,0.051356539130210876,0.0716707906701032,0.09735966420884226,0.0792647378345313
214.0,0.05488495156168938,0.07353951310941181,0.095612080886262,0.0799119112251173
216.0,0.04794881120324135,0.07005201205689936,0.09269975669422102,0.07990445186293292
218.0,0.05302068218588829,0.0701119412193057,0.09391640802422829,0.08190908858753923
220.0,0.0751032754778862,0.07080423136635272,0.09117344548391682,0.07860144921879912
222.0,0.07577986270189285,0.07006925547693242,0.09347183345790082,0.07578607689899718
224.0,0.09712643921375275,0.07242677802896805,0.098126810790432,0.07636724186847922
226.0,0.09349625557661057,0.07461679296665144,0.09703452277058448,0.07955497117853326
228.0,0.10248614847660065,0.0706327829340471,0.09296602706729393,0.07661791600625283
230.0,0.1110435426235199,0.07027275729388609,0.09452612720696317,0.07604831547716105
232.0,0.08618558943271637,0.07163049398397246,0.09152701991927858,0.0717424857738755
234.0,0.056784119457006454,0.07083578062278369,0.09441741999633368,0.07617905371614063
236.0,0.06788403540849686,0.0726590921926257,0.09800186329712289,0.0807422380083216
238.0,0.07814344763755798,0.07531685162213629,0.09632889709628335,0.08202923535551096
240.0,0.07215277850627899,0.07088297441391013,0.09355585942172553,0.08232575212509007
242.0,0.07082571089267731,0.07146281128063557,0.09432426995780935,0.08342297148030547
244.0,0.08243411779403687,0.07296788301354072,0.09180380460134874,0.07740220129137304
246.0,0.09394349902868271,0.07199721170891342,0.09379432302389552,0.0748803003043132
248.0,0.11607043445110321,0.07426047028211845,0.10020474916300864,0.07765037086022784
250.0,0.10418783873319626,0.07499110020263822,0.09742152754037389,0.0800900451544317
252.0,0.10803990066051483,0.07156717973966034,0.09246638939902317,0.07592433805133708
254.0,0.11640114337205887,0.07112894911482139,0.09329247584518562,0.07495933492943407
224.0,0.09120817482471466,0.07239751371654674,0.09189556166882108,0.07118639571961287
226.0,0.056575141847133636,0.07133586424185859,0.09344460233952007,0.0748913984949906
228.0,0.062098391354084015,0.07338593558474067,0.09875475798800099,0.07998889283321162
230.0,0.05856242775917053,0.07442399291137351,0.0958395550069596,0.08052888561718508
232.0,0.054227158427238464,0.07017119232014372,0.09075650305430205,0.07973419222013998
234.0,0.060615137219429016,0.070264407726008,0.09221899497772319,0.08161225336017779
236.0,0.07942524552345276,0.07129083283798711,0.09120753244738276,0.07848320711608822
238.0,0.08579876273870468,0.07068323415208744,0.09450673367276963,0.07577329728708199
240.0,0.11300241947174072,0.07275741552342443,0.1011753035777193,0.0784686180466272
242.0,0.10973639786243439,0.0745260092357335,0.09879259731074942,0.08037706988056881
244.0,0.12615206837654114,0.06968085315560511,0.09419941831652681,0.07758547302115532
246.0,0.12508460879325867,0.0703858174516986,0.09321378500052005,0.07763562833716627
248.0,0.08920036256313324,0.07136383093483539,0.09147780724305674,0.0728691097454599
250.0,0.06512422859668732,0.07111232262647058,0.09467407903369107,0.07692235648185383
252.0,0.07039002329111099,0.07310356870282364,0.09921365692776872,0.08132411504881296
254.0,0.0823146402835846,0.07414451548422137,0.09620453292224229,0.08136878442546237
256.0,0.06707365065813065,0.07002850522810077,0.09214552475680646,0.08157552542786067
258.0,0.07050079107284546,0.07094306294762441,0.09175665136507596,0.0829016828711895
260.0,0.08699622750282288,0.0717600552218415,0.09027233898765213,0.07780239413370224
262.0,0.09204413741827011,0.07105255906770451,0.09345429871811031,0.07307366730540982
264.0,0.11235836893320084,0.0731872532216474,0.09878892069829703,0.07692772390979724
266.0,0.09718972444534302,0.07374801118848072,0.0952849350980967,0.07856995627641894
268.0,0.12843890488147736,0.06994260133818243,0.09124088362065876,0.07538141035947708
270.0,0.1448940932750702,0.07056009138903246,0.09113401280803607,0.0744953362264417
272.0,0.11757087707519531,0.07155526458673375,0.09124264623767141,0.07207518848992388
274.0,0.08031971007585526,0.07081751134006811,0.09360370201743687,0.07550727925852488
276.0,0.07608549296855927,0.07242220785747613,0.09863354743813581,0.08054644221541439
278.0,0.08662845939397812,0.07287875447923088,0.09485348715337906,0.08025581757434597
280.0,0.07293528318405151,0.06890063017781509,0.0918801684003574,0.07952045393900654
282.0,0.07995203882455826,0.06985618125559746,0.09196768523504514,0.08124114539221372
284.0,0.08801913261413574,0.07060722139328836,0.09123273145491084,0.07950002046191434
286.0,0.08117126673460007,0.07010388055495913,0.09361027978113859,0.07529603686433678
256.0,0.10108713805675507,0.07258103847382742,0.09871770889345512,0.07635161676902845
258.0,0.09181059151887894,0.07211348656452388,0.0941340557579593,0.07883361311797249
260.0,0.10044193267822266,0.06880883462350941,0.0915122241264485,0.07794554884284503
262.0,0.09884792566299438,0.06986062109932017,0.09089412310131978,0.0770216890099983
264.0,0.08819100260734558,0.0709104261115685,0.09004229069135497,0.07220382788526006
266.0,0.056987401098012924,0.07042084122218957,0.0931477472931435,0.07588841683401214
268.0,0.06556916236877441,0.07396875800763475,0.09798230698588516,0.07979613848448143
270.0,0.06816378235816956,0.0736104216058831,0.09364804221813817,0.08023093254642776
272.0,0.06381908804178238,0.06966488380272685,0.09164438243624994,0.07986716275464034
274.0,0.06426484137773514,0.0705217524456237,0.09083473592510069,0.08201648477738259
276.0,0.08050599694252014,0.07196592995132214,0.09018785096722287,0.07777781159474707
278.0,0.08201281726360321,0.071523883136855,0.09425849715287739,0.07383753400487937
280.0,0.09900159388780594,0.07495324481700785,0.09896568761709529,0.0755473263287688
282.0,0.07513780146837234,0.07494451568827123,0.09478688967176349,0.07772470963479697
284.0,0.10172361880540848,0.0710124977455381,0.09306649547285142,0.07585137613519265
286.0,0.12025095522403717,0.07204297166682226,0.09064927689085514,0.07430412718641416
288.0,0.10435622185468674,0.07200485970678193,0.09064582877040644,0.07161672800751737
290.0,0.0644521415233612,0.07147272702716784,0.09452243800008758,0.07572459667860904
292.0,0.06402023881673813,0.0745161985113506,0.09969660278838485,0.08035667382478281
294.0,0.06614335626363754,0.07455004040877225,0.09450700187863131,0.07984379861522535
296.0,0.054121874272823334,0.07127407161517872,0.09416154027773148,0.07986154062594382
298.0,0.05484146997332573,0.0729207007278637,0.09151642053003234,0.08208406818003676
300.0,0.06054021045565605,0.0728092910855978,0.09233457675837418,0.07977121253986905
302.0,0.0843769758939743,0.0724701315882081,0.09533645992499742,0.07623235785516744
304.0,0.11492323130369186,0.0762073976708152,0.10113762484815471,0.07764173213462677
306.0,0.11308500170707703,0.07561240578704444,0.09525839865835062,0.07919383333321033
308.0,0.12377038598060608,0.07106349517661284,0.09288363397205046,0.0778949933246948
310.0,0.12393983453512192,0.07236129890682062,0.08878024005918611,0.07816022942518669
312.0,0.08930851519107819,0.0739139339496995,0.09045751307604256,0.07381198450440574
314.0,0.059850845485925674,0.07348899856440244,0.09472722696325686,0.07758002082304931
316.0,0.0637691393494606,0.07717234062101967,0.099473316945716,0.08116791874229475
318.0,0.0638551265001297,0.07700763655974885,0.09435839675194947,0.08090739844008836
288.0,0.06811593472957611,0.07254436969797534,0.09312362578929397,0.08104116856028144
290.0,0.07022561132907867,0.07366824109072087,0.08954046856765903,0.08286239115583632
292.0,0.08527934551239014,0.07500210498470816,0.08980919766996097,0.07746554954655682
294.0,0.0932670310139656,0.07372957789123308,0.09446037117584995,0.0740536976710033
296.0,0.11544768512248993,0.07669532955100128,0.10022296107021561,0.0766577255445701
298.0,0.09900131821632385,0.07685428963641736,0.09485016250348989,0.07816018582553089
300.0,0.12683476507663727,0.07261860000934922,0.09239771170366716,0.07699324029935212
302.0,0.1536320149898529,0.0736114324299161,0.08871668614196469,0.07671894635279021
304.0,0.126320481300354,0.07472732942479733,0.09035126745120708,0.07238767386935295
306.0,0.08128967136144638,0.0734892507221556,0.09468469434450798,0.07644726568729485
308.0,0.07563334703445435,0.07616708194428834,0.10026013244849077,0.08100418004819848
310.0,0.07949931174516678,0.07672628172530169,0.09528479627310475,0.07991156207664474
312.0,0.061030980199575424,0.07265775824645354,0.09288961572846519,0.08034431587411474
314.0,0.06495514512062073,0.07381062421046512,0.08949344602344769,0.08237566886634189
316.0,0.08608949184417725,0.07443427379152136,0.09074118177470383,0.0797285289490545
318.0,0.11363566666841507,0.0737804116877511,0.09504008998892312,0.07618636571177374
320.0,0.1438627541065216,0.07667371400130417,0.10221753150501588,0.0789015038376896
322.0,0.13335531949996948,0.07694581046879896,0.09708138606158859,0.0801384003906859
324.0,0.1503385752439499,0.07212526616250309,0.09438391801472537,0.07975917942015447
326.0,0.14997953176498413,0.07361303026253589,0.09075677175988685,0.07969487843705397
328.0,0.10680244117975235,0.07514112268212522,0.09145288605372827,0.07466806014867912
330.0,0.06661519408226013,0.07436406945419152,0.09538648966842662,0.07825351713002596
332.0,0.06280221045017242,0.07770130283083851,0.10013734364205927,0.08157115509685389
334.0,0.07548043876886368,0.0780274981091041,0.09456718781851135,0.08132152791688127
336.0,0.08135148137807846,0.07342989527149438,0.092819780402997,0.08186978639615279
338.0,0.08519063144922256,0.0741396688020108,0.08867866027791149,0.08402841006602456
340.0,0.10535205155611038,0.07523932563432348,0.08935752021606197,0.07836544119719578
342.0,0.11040634661912918,0.07435779901919994,0.0939048574118496,0.07422148595556868
344.0,0.1441642940044403,0.07718205417926538,0.09977509818617217,0.07682064525099051
346.0,0.12587641179561615,0.07827339068771588,0.0939547041197401,0.07820381429260449
348.0,0.16467612981796265,0.07392357674134882,0.09293903447645765,0.07752324853934843
350.0,0.17894870042800903,0.07444621343359083,0.08904537543055278,0.07767692054482624
320.0,0.16025152802467346,0.07573831762826809,0.0897365856569028,0.0736608717469744
322.0,0.08841285109519958,0.07478407324902851,0.09457324282123326,0.07707358164084542
324.0,0.09446293115615845,0.07717743295122625,0.09990431848178671,0.08138872725066093
326.0,0.10225141793489456,0.07828905761616739,0.09468749445633887,0.08126425136005766
328.0,0.08704187721014023,0.07378337632674783,0.09318638122211934,0.0802621832473604
330.0,0.07645811140537262,0.07549656905636236,0.08892596643221538,0.08359405809712549
332.0,0.1070026159286499,0.07594667755955688,0.09036888165424312,0.08042140864087323
334.0,0.11892229318618774,0.07490925401973426,0.09508708016116095,0.0771738275970766
336.0,0.14911313354969025,0.07784510494798896,0.09984971286259467,0.07765203198029667
338.0,0.1450468897819519,0.07883462194267396,0.09493317632980013,0.07899265917313597
340.0,0.1596492975950241,0.07390039544407458,0.09285919361508889,0.07790152088771964
342.0,0.15868490934371948,0.0750266003675179,0.08928771610419209,0.0787780208093698
344.0,0.12423538416624069,0.07593217310847734,0.08993653712482984,0.07419847963129851
346.0,0.06774654984474182,0.07518338480986965,0.0947517182535129,0.07858151274330286
348.0,0.08421102166175842,0.07854096043683051,0.0991866719345787,0.08248259740004404
350.0,0.08939095586538315,0.07910337822811467,0.09381805028455478,0.08128988836985923
352.0,0.09169416129589081,0.07338282455113061,0.0916969381211068,0.08174256292366588
354.0,0.09241510182619095,0.07443103211844906,0.08796909768018928,0.08466583629662557
356.0,0.10623214393854141,0.0756461518852402,0.08814212411153088,0.07909113933550539
358.0,0.12957453727722168,0.07473719380116502,0.09442202496921678,0.07406800510756714
360.0,0.14694754779338837,0.07766032057218884,0.09822214548099874,0.07675557318842435
362.0,0.13524335622787476,0.07831831604092379,0.09337693095393053,0.07817896625168572
364.0,0.16052722930908203,0.0729983188969716,0.09107560188416362,0.07745901389293604
366.0,0.18284262716770172,0.07402816525009087,0.08758111392864482,0.07777218022453725
368.0,0.14924634993076324,0.07473959925295375,0.08775509219140466,0.07280139159751457
370.0,0.09644381701946259,0.07469644923965835,0.09363914668402512,0.07721049499287219
372.0,0.10823261737823486,0.07745175046812752,0.09862871270964554,0.08043530066460552
374.0,0.11610528826713562,0.07801900521879862,0.0935533039322975,0.08004431818273054
376.0,0.11777035892009735,0.07298143502338196,0.09109829028152351,0.080324010385125
378.0,0.12496403604745865,0.07408890507642821,0.08732348016298096,0.0834371745507823
380.0,0.11688268184661865,0.0749206073703874,0.08764990425193664,0.07953944136483214
382.0,0.12995190918445587,0.07431937372647555,0.09286329698630702,0.07532469383215364
352.0,0.1442796140909195,0.07633873565660756,0.09652504727002943,0.07660668389368669
354.0,0.12527139484882355,0.07749308006656747,0.09215801111515078,0.07725118523273732
356.0,0.13952575623989105,0.07178850388603625,0.0887025029247044,0.07674366941706565
358.0,0.1493498533964157,0.07335372520172917,0.08546746444686049,0.07872782341577768
360.0,0.10278145968914032,0.07484400356683873,0.08673475766307079,0.07385470677586978
362.0,0.08315984904766083,0.0735469034014265,0.09184291406827846,0.07729526561071993
364.0,0.07594246417284012,0.07725907171105587,0.09621949263603832,0.08116192586772544
366.0,0.08767732232809067,0.07808019988169854,0.09146869988710193,0.0800438657062896
368.0,0.09442955255508423,0.07307705226902336,0.09007415404876826,0.08063627659055594
370.0,0.10183355212211609,0.07392592853583496,0.08673178282500515,0.08251189912409948
372.0,0.11378218233585358,0.07583699242088758,0.08692053156799738,0.07719027533198271
374.0,0.13231775164604187,0.07439378733823279,0.09215029376270896,0.07321049423107527
376.0,0.1600116640329361,0.07781670963203972,0.09628840807439311,0.07608508210120773
378.0,0.14193671941757202,0.07824667079231068,0.09200830683596829,0.0766299152823252
380.0,0.16293266415596008,0.07380847795412113,0.08923570168855327,0.07662368316169385
382.0,0.178616464138031,0.07399774302279251,0.08609463584479737,0.0771327989398375
384.0,0.14039865136146545,0.07559381536304424,0.08699912135273168,0.07359218602012585
386.0,0.06847571581602097,0.07419456781672296,0.09122150785621677,0.07646730627955059
388.0,0.0859232172369957,0.07791790917462546,0.09582928050685226,0.08025001179468229
390.0,0.10059475898742676,0.07764237240438639,0.09140998229070875,0.07991278255477295
392.0,0.10304632782936096,0.07307440982330204,0.0904472056402168,0.07947017475365564
394.0,0.10762946307659149,0.07356651109220635,0.08740650912320806,0.0835806414092626
396.0,0.11044241487979889,0.07547997217290145,0.08761135266499728,0.07957544760158176
398.0,0.12877553701400757,0.07418398605285184,0.09235871397144281,0.07559333332678124
400.0,0.13580161333084106,0.07873540465979416,0.09746618710162308,0.07763383846671927
402.0,0.1405854970216751,0.07912585487510568,0.09250612849757957,0.07863279825994657
404.0,0.132040336728096,0.07359939163984063,0.0903875094560102,0.07962554737432447
406.0,0.14347994327545166,0.07420506225839629,0.08727422742136735,0.08009547774581484
408.0,0.10363853722810745,0.07584253982837875,0.08683376891625096,0.07430497854415465
410.0,0.059005074203014374,0.07390942901456929,0.09218380440317438,0.07731093111737458
412.0,0.07037896662950516,0.07845401830198688,0.09667400621660983,0.08107180115926833
414.0,0.0755610242486,0.07897694448235387,0.09220609436255095,0.07995871629043659
384.0,0.08125566691160202,0.07344560163313289,0.09111402950507182,0.0805506049317422
386.0,0.10383426398038864,0.07392740584056537,0.08681882344303395,0.08251747307305994
388.0,0.10852548480033875,0.07617136898968394,0.08617843690956822,0.07767148215308789
390.0,0.12620261311531067,0.07396176838913528,0.09211193707917284,0.0728151487479498
392.0,0.14074724912643433,0.07771391491514139,0.09620756391232298,0.07594626541758104
394.0,0.13158440589904785,0.07831792645958177,0.09136095423912508,0.07692739085349175
396.0,0.15066979825496674,0.07371500287547028,0.09053961812656248,0.0781270880141791
398.0,0.17754550278186798,0.07379149205818596,0.08711887658860261,0.07797119751200675
400.0,0.15184032917022705,0.07583187489853774,0.08609252130594419,0.072359332498723
402.0,0.07491930574178696,0.0735076086525395,0.09143593212002904,0.07516967144371099
404.0,0.08286584168672562,0.0773176133213504,0.09583817504479414,0.07996065826556772
406.0,0.10025545954704285,0.07744925047411123,0.09093926294331359,0.07921241725272507
408.0,0.09351988136768341,0.07303522722761438,0.09145720690021567,0.07917581774051116
410.0,0.08383503556251526,0.07398928202557528,0.08759652496789468,0.083181642894706
412.0,0.0993785634636879,0.07647776456250198,0.08773226876938467,0.08078331428891779
414.0,0.10711247473955154,0.07547334680515906,0.09280618007789493,0.07544137601904431
416.0,0.14729586243629456,0.07965894052127433,0.09685517171830214,0.07781725626354966
418.0,0.1240595206618309,0.07999799591371115,0.09152981796275984,0.07914848546317907
420.0,0.14347606897354126,0.07519024329938595,0.08962060586298705,0.07999260970020029
422.0,0.14287084341049194,0.0751985024078034,0.08607135999640879,0.08065973111961505
424.0,0.10614849627017975,0.07812637616953004,0.08578396087340494,0.07442056685907689
426.0,0.06344429403543472,0.07682472747331058,0.09166556075960362,0.07749111720500056
428.0,0.06647369265556335,0.0820025678357148,0.09698207178771816,0.08168894085903824
430.0,0.07357683777809143,0.08166718066564314,0.09203417348126432,0.08109040953970857
432.0,0.07771608233451843,0.07821660414822262,0.09158251090921614,0.08156526069490426
434.0,0.09357616305351257,0.0775744901359755,0.08780487677168333,0.08394130933003438
436.0,0.11281699687242508,0.0809689946093462,0.08643272434866406,0.07938689072945562
438.0,0.12742240726947784,0.07768014679489423,0.09198371123870701,0.07401031015897523
440.0,0.136753648519516,0.08198033893324302,0.09598052265038985,0.07675819748602501
442.0,0.12877829372882843,0.08163786723358236,0.09147965255107161,0.0779165337527946
444.0,0.16159594058990479,0.07799093452267994,0.09115956475791799,0.0785596853063829
446.0,0.19581632316112518,0.07781379232016584,0.08733221855630356,0.07790586664468355
416.0,0.1549074500799179,0.08037028712335569,0.08668006581129427,0.07320991709921722
418.0,0.09433384239673615,0.07791946500914942,0.09221908230214147,0.07568053858311567
420.0,0.097625732421875,0.08177828056568394,0.09642698716361796,0.08015680236289828
422.0,0.125029519200325,0.08160827731149435,0.09236091759919969,0.07987241816893248
424.0,0.10498697310686111,0.07753539891795787,0.09160817646165526,0.08001303435138572
426.0,0.09930939227342606,0.07726578542843736,0.08811120392087532,0.08334733144225435
428.0,0.13636748492717743,0.07998128426848057,0.08730322343203635,0.07900827587590488
430.0,0.13613343238830566,0.07779988140630871,0.09279477982180011,0.07555372485791617
432.0,0.11489111930131912,0.0820155448885941,0.09685444873308295,0.07736598102246357
434.0,0.11610176414251328,0.08192888473131874,0.09339668760597863,0.08008767871621748
436.0,0.12178654968738556,0.0776023888004176,0.09132506408703733,0.08068434463101475
438.0,0.15024927258491516,0.07732326852249471,0.08738180113678881,0.08033937116812072
440.0,0.11100426316261292,0.08037042616956407,0.0864735914023473,0.07427056815331347
442.0,0.06519362330436707,0.078465016769371,0.09263562567687084,0.07692373145220247
444.0,0.05917981639504433,0.08230134954683371,0.0971674514565449,0.08091655450088345
446.0,0.0700913518667221,0.08212967650145005,0.09313629568178947,0.08062030086077719
448.0,0.07946275919675827,0.07809829021013215,0.09055991130167484,0.08080631105498723
450.0,0.11290770769119263,0.0778737074347372,0.08757740569114375,0.08290702170693313
452.0,0.11682633310556412,0.08023838303060536,0.08660982940174798,0.07937773200349257
454.0,0.13102568686008453,0.07810235717460672,0.09243226160225802,0.07387091537805351
456.0,0.13091528415679932,0.08199102750621863,0.09704080397270433,0.07654147248509134
458.0,0.130964457988739,0.08188623943612085,0.09264595956744466,0.078311202633506
460.0,0.16356433928012848,0.07820256989801137,0.09154743895410321,0.0794917784313388
462.0,0.18246565759181976,0.07733681422316296,0.08764326571544442,0.07869233343958794
464.0,0.1351207196712494,0.08008240956083204,0.08731457210765724,0.07393184801369794
466.0,0.09053611755371094,0.07801526887789884,0.09270162414059055,0.07562360437135099
468.0,0.08529350161552429,0.08181815885137865,0.0971081409376884,0.08000351304561881
470.0,0.09775634109973907,0.08190371521200525,0.09295481035893444,0.08012884083374731
472.0,0.079396091401577,0.07768989871752625,0.09115971480558413,0.08111064322177217
474.0,0.11140260100364685,0.0774150951839879,0.08790823313466377,0.08356143046118555
476.0,0.12825250625610352,0.0802574851777568,0.08801115902191249,0.07982200089630864
478.0,0.12411971390247345,0.07811589497181005,0.09332981432924269,0.075451433890216
448.0,0.10807986557483673,0.08186473293770452,0.09794683241920431,0.0761614356869633
450.0,0.12101816385984421,0.08221993696832462,0.09436845332942005,0.07979894248580116
452.0,0.12656177580356598,0.07777022838560207,0.09136679711004558,0.07964586159557245
454.0,0.14375053346157074,0.07749017127508849,0.0887397366939074,0.08061600461903319
456.0,0.12570583820343018,0.08019598043467142,0.08837436812229647,0.07532763351396489
458.0,0.08961717784404755,0.07801988803530331,0.0932690605521393,0.07706580253944702
460.0,0.07468821108341217,0.08211427155098928,0.09827810313934182,0.08128988455594649
462.0,0.06582647562026978,0.08191688344525051,0.09417704845661365,0.08126195798088419
464.0,0.07498782128095627,0.07798899179670228,0.091900091486717,0.08131635024740948
466.0,0.09285720437765121,0.07761386584807167,0.08794342987501234,0.08285033343404491
468.0,0.11098107695579529,0.08015439554018237,0.08800593341277048,0.07944567014602472
470.0,0.11577397584915161,0.07788316127441462,0.09302555865692282,0.07456402117393114
472.0,0.12039834260940552,0.08177082811993655,0.09811462664034028,0.07731495253217367
474.0,0.11842601001262665,0.08215939051535762,0.09490447048282674,0.07945497136459824
476.0,0.14655402302742004,0.07781413313186886,0.09191907190592565,0.07859898716600472
478.0,0.16470016539096832,0.07776052318919696,0.08804489735543876,0.07887183389397476
480.0,0.14917056262493134,0.07986785731630776,0.08885066708761297,0.0744753191432313
482.0,0.09699328988790512,0.07821186601668088,0.09373599080310885,0.07643659901736245
484.0,0.09734421968460083,0.08191183935495472,0.09890437934694828,0.08041895828985153
486.0,0.11971306800842285,0.08248996441890283,0.09545850288523794,0.0811085738975752
488.0,0.09108089655637741,0.07784080013531486,0.09315395623673238,0.08101277201170497
490.0,0.09949649125337601,0.07837976982487425,0.08961084494342848,0.08368083945510936
492.0,0.12236952036619186,0.08034646914891358,0.09125526448631764,0.08047085041054008
494.0,0.10445158928632736,0.07814293488001624,0.0940517275308403,0.07537188877278017
496.0,0.10547672212123871,0.08153486812461974,0.09800392744318415,0.07681668228322189
498.0,0.11235711723566055,0.08210809310298758,0.09480392472375834,0.08001479098521126
500.0,0.11361416429281235,0.07793574154091823,0.09235901786909483,0.07980803178578987
502.0,0.12190857529640198,0.07854511520000312,0.08979531096911796,0.08015217534014261
504.0,0.1132567971944809,0.08006942580300233,0.09132141261055192,0.07609599548419262
506.0,0.07441829144954681,0.07820533533517851,0.09473867609441622,0.07703182960720831
508.0,0.07227110862731934,0.08142144062749641,0.09931823799376663,0.08140535712352258
510.0,0.06245361641049385,0.0825780016981368,0.09591105174623586,0.08136818299798985
480.0,0.06615760177373886,0.07775095547960148,0.09264691557373096,0.08105188980948479
482.0,0.0899878591299057,0.07823851878174491,0.08969699499536937,0.08237885897972096
484.0,0.10630147159099579,0.07969590155314493,0.09031051780481915,0.07973677426472793
486.0,0.12013835459947586,0.07811001620751336,0.09560569681560556,0.07516810266762464
488.0,0.11649048328399658,0.08144790708697941,0.0989297630179827,0.07785144549493626
490.0,0.10887666046619415,0.08236167891585754,0.09548297436507934,0.07939519901179799
492.0,0.12217120826244354,0.07773314321611756,0.09240887459947487,0.07800616431869015
494.0,0.14026008546352386,0.07869824446908448,0.08958959305880106,0.07810649814655077
496.0,0.13308373093605042,0.07908986715134209,0.09015681651128657,0.07476488226381327
498.0,0.08285088837146759,0.07769562740549163,0.09425688344304056,0.07608723866207635
500.0,0.08088527619838715,0.0810984405640033,0.09822241966350985,0.07999761817853555
502.0,0.0986195057630539,0.08193970766820591,0.09534393466742247,0.08019892452261818
504.0,0.11195657402276993,0.07744207614492664,0.09180783834919076,0.08032034401660713
506.0,0.11786345392465591,0.07789790066197085,0.08861799592109426,0.08246072342042786
508.0,0.1236661970615387,0.07888694030936255,0.09061929662754901,0.08074421413389331
510.0,0.11986987292766571,0.07717846620706252,0.09393612155006405,0.07494715566829632
512.0,0.1136646643280983,0.08060507359468648,0.09675419751211921,0.07658387291174189
514.0,0.10778606683015823,0.08150403851157996,0.09495841337506507,0.07908209564024511
516.0,0.11314062774181366,0.07688520699325357,0.09025004797250152,0.07907108708747307
518.0,0.12800119817256927,0.07736134211680362,0.08823509706515419,0.08075557682921132
520.0,0.09799148142337799,0.07833662128587969,0.08989571198662884,0.07654292010691338
522.0,0.0668143779039383,0.07664217767890742,0.09380328643107548,0.076756582289556
524.0,0.052811913192272186,0.0803737833612956,0.09634695130535702,0.07979679092249002
526.0,0.05885293334722519,0.08125940648529549,0.09450742737912518,0.08170512045564111
528.0,0.06452325731515884,0.07631280824543935,0.08930686826199956,0.08091855372115195
530.0,0.08463496714830399,0.07750358780303188,0.0877602092193183,0.08217702756702078
532.0,0.10115855187177658,0.07854271354645737,0.08841415899910228,0.07924720669061053
534.0,0.1184757798910141,0.07691365322867903,0.09208237125580862,0.07366612384819349
536.0,0.1203860491514206,0.08102970979214166,0.09665709433462397,0.07683807748662196
538.0,0.11690885573625565,0.08181165723625171,0.0955255754873454,0.07906814542249864
540.0,0.12817616760730743,0.07733960029357728,0.09153055851022783,0.07877830278365162
542.0,0.1444631963968277,0.07811828219189339,0.09009052258423321,0.07965261680328242
512.0,0.12631914019584656,0.07873083756186917,0.09073822666525809,0.07755682694907008
514.0,0.07784120738506317,0.07745260835288786,0.09434349417504889,0.07716349281927858
516.0,0.08626280725002289,0.08109798540760237,0.09675379322108067,0.08114664409205613
518.0,0.08810197561979294,0.0816624295347486,0.09463835567341211,0.08247642859424968
520.0,0.07657467573881149,0.07671885338558647,0.09125691455346509,0.08203867180833116
522.0,0.08840146660804749,0.07841828953210989,0.08931657030652222,0.08457263800547142
524.0,0.12077116221189499,0.0793039013308213,0.09015753821521591,0.08026249059005884
526.0,0.10526866465806961,0.07715861065936207,0.09448569222111779,0.07531624935707658
528.0,0.10507874190807343,0.08163605857616461,0.09818871691844669,0.07751411693369263
530.0,0.10281800478696823,0.08186945321382201,0.09618847686017115,0.07929652580103408
532.0,0.09782099723815918,0.07685669705765116,0.09186362711275274,0.07829851721041692
534.0,0.10642006248235703,0.0781941146479658,0.08966564090429698,0.08131988714742082
536.0,0.09059831500053406,0.07869840413161348,0.09188811831698553,0.07813009271217995
538.0,0.06965779513120651,0.07806183225898357,0.09521152054002999,0.07644212834070777
540.0,0.07206272333860397,0.08102344398580862,0.09800171288074801,0.07971294569038635
542.0,0.061854660511016846,0.08142950938297912,0.09651949383452939,0.08186774280258892
544.0,0.0597447007894516,0.0763793378837239,0.09093032307583691,0.08129719223197486
546.0,0.07464789599180222,0.07759798075313884,0.08899241910803546,0.08462985186963372
548.0,0.09585278481245041,0.07881250112215459,0.0910740985120747,0.08083635464147015
550.0,0.10246627777814865,0.07757322382261651,0.09493557869416126,0.07490773431060194
552.0,0.10624683648347855,0.08076243991424073,0.09786609422781617,0.077601935525262
554.0,0.0999126210808754,0.08129910652312416,0.09634737747932354,0.07877631855527202
556.0,0.11022746562957764,0.07643342115968137,0.09080116433603679,0.0771079128319812
558.0,0.12049365043640137,0.07773554525246124,0.08970619828255733,0.07844409272320679
560.0,0.1111980527639389,0.0786159736903239,0.09208651472857605,0.07625106175451327
562.0,0.07664713263511658,0.07768147295477647,0.09594252540322619,0.0768469685007141
564.0,0.08014582842588425,0.08095509914737446,0.0987895142744319,0.08049039600953019
566.0,0.08607269823551178,0.08149165504041579,0.09777729332154204,0.08166610590285606
568.0,0.06744680553674698,0.07659136718188127,0.09189231729161298,0.0814436782734038
570.0,0.07514895498752594,0.07829349333596124,0.09112125398680161,0.08419538297764949
572.0,0.10419852286577225,0.07858145151952695,0.09307914137487909,0.08196160433924236
574.0,0.09768892824649811,0.07760967136189204,0.09543381773685264,0.07579232940501889
544.0,0.0900627002120018,0.08086022709664122,0.09883227350440196,0.07636517265999238
546.0,0.11227930337190628,0.08164930524399955,0.09612424908314067,0.0786554759045698
548.0,0.10178469866514206,0.07660543801782266,0.09205109036983483,0.07834740842434726
550.0,0.10196229815483093,0.078616147006907,0.0909057316967826,0.08108507798859545
552.0,0.1126892939209938,0.07854468143619976,0.0917808422462198,0.07761530039932935
554.0,0.058035992085933685,0.07763730978520007,0.0954241895830426,0.07683628800227012
556.0,0.08315914124250412,0.08134984227585469,0.09858524927722566,0.08024689107142834
558.0,0.058057308197021484,0.08188771014562458,0.09673872079472089,0.0814524521067116
560.0,0.06990072876214981,0.07674870071917735,0.09207640100368994,0.08082317574305785
562.0,0.07751354575157166,0.07937866758658411,0.09105807118720416,0.0841373548285186
564.0,0.09945792704820633,0.07918469498984258,0.09176383273886059,0.08048954765148343
566.0,0.11103889346122742,0.07769032391850726,0.09559292645825165,0.07421143518591199
568.0,0.1084107831120491,0.08156701233913331,0.09870768338551557,0.07826085099291018
570.0,0.1015966534614563,0.08185891219496143,0.09654184853944316,0.07839020594822639
572.0,0.10684654116630554,0.07670481229851701,0.09164614255671441,0.07683559227159696
574.0,0.12435490638017654,0.07898213445875464,0.09155371774641514,0.08046543228310919
576.0,0.11721836030483246,0.07863627374337029,0.09220373244605952,0.07736111991120583
578.0,0.08178610354661942,0.07743242391473235,0.09618779390950088,0.07703460049247676
580.0,0.08770498633384705,0.08154853137156821,0.09937001281919768,0.08025084361731212
582.0,0.10178348422050476,0.08169257640354671,0.09762233374267124,0.08145221959324986
584.0,0.09971611946821213,0.07681833435402152,0.09254011072747335,0.08151023604953914
586.0,0.10090942680835724,0.07879450933329107,0.09235903558049681,0.08481379098224616
588.0,0.11161389201879501,0.07928489715395011,0.09347205631644431,0.0810935062623667
590.0,0.09508949518203735,0.0781908384895322,0.09776992228350015,0.07622402840577772
592.0,0.07967201620340347,0.081481340578703,0.10063044781641706,0.07801075351981307
594.0,0.09507428854703903,0.08239907613045674,0.09854515522427798,0.08068657672663085
596.0,0.07982220500707626,0.07807506350115447,0.09278582007440249,0.07852274570978125
598.0,0.10462114214897156,0.07953460421525868,0.09280050925543551,0.08163975896816357
600.0,0.08250769972801208,0.07888212662338853,0.09378175223451865,0.07766487203400468
602.0,0.06005400791764259,0.07776505290532551,0.097858681608905,0.0775143277312536
604.0,0.055109940469264984,0.08125960083550597,0.100362989988523,0.08083318859070251
606.0,0.05205198749899864,0.08218731744948306,0.09866019271791887,0.08086682638824279
576.0,0.052789609879255295,0.07731942482322346,0.09276651524696984,0.08128453705944229
578.0,0.066294364631176,0.07916892478794911,0.09226556700909198,0.08509313066573491
580.0,0.0944543331861496,0.07860341514775636,0.09308592501717228,0.08076927125856077
582.0,0.10034584999084473,0.07736602235709378,0.09784854526933703,0.07493167698375952
584.0,0.09277867525815964,0.08172216948817355,0.10094132175581456,0.07815842925686362
586.0,0.08252745121717453,0.0823226149387218,0.09865149446321976,0.07922143452151147
588.0,0.09776733070611954,0.07770000304932699,0.09270729468288383,0.07644543960569748
590.0,0.1210009753704071,0.07908576250071933,0.09227976363859289,0.0784598151739117
592.0,0.1078115701675415,0.07816733859031512,0.09325321716583888,0.07576453766380147
594.0,0.07816605269908905,0.07705902715992884,0.09912261910243418,0.07734980278716995
596.0,0.0789809376001358,0.08130780020017875,0.10108469042900219,0.08111604186573797
598.0,0.08947525918483734,0.08247190244825284,0.09929373567639849,0.08083380806354042
600.0,0.07330703735351562,0.07777512468248758,0.09329601181252295,0.08155536864124723
602.0,0.07046297192573547,0.07935800378240485,0.09272640929388233,0.085063560310099
604.0,0.09871120005846024,0.07877750918335225,0.09406343512075646,0.08037410436607638
606.0,0.09894701838493347,0.07738424068892352,0.09834432777117726,0.07554519816142079
608.0,0.08948380500078201,0.08115193675770432,0.10148021259334641,0.07788677972489358
610.0,0.09226233512163162,0.08259973019962365,0.09916737336242866,0.08014020141280821
612.0,0.08668288588523865,0.0772970375130226,0.09292476511787263,0.0768938284655686
614.0,0.09052902460098267,0.07971285990089239,0.09217503958757275,0.08121129876885019
616.0,0.08297716826200485,0.07884863796449629,0.09450217770040809,0.07734266831048515
618.0,0.04344172030687332,0.07756381301683053,0.09939421835691134,0.07881465116796263
620.0,0.046989452093839645,0.08147870590144103,0.10125671007780723,0.08174305423877654
622.0,0.05003542825579643,0.08242721962849185,0.10021226563403275,0.08206203158326832
624.0,0.0530342273414135,0.07757994166575109,0.09367123305430657,0.08145461059476665
626.0,0.07182203233242035,0.07952608033530223,0.09252813873187625,0.08484613426699267
628.0,0.08749967068433762,0.07885705068938371,0.09411207137287975,0.08065186429451063
630.0,0.09957363456487656,0.07799321371734619,0.09936349545849267,0.07511698000406955
632.0,0.0910709947347641,0.08164990047597413,0.1017612089494544,0.07841559200439284
634.0,0.08740225434303284,0.08260498730286633,0.0996638627613584,0.0795366198291738
636.0,0.08530893921852112,0.07771555104568682,0.09345735564266469,0.07549831875794481
638.0,0.09985026717185974,0.07947828159000864,0.0927376767969079,0.07965958133599492
608.0,0.10356108844280243,0.07901488668558818,0.09418578436867962,0.07629293497212403
610.0,0.07260571420192719,0.07770507663711361,0.09960003309739611,0.07805961965584605
612.0,0.0744989812374115,0.08124544764460838,0.10251180700763589,0.08136886498999406
614.0,0.07958774268627167,0.08265931209646753,0.10024430555473937,0.08250371671905755
616.0,0.06501711905002594,0.07800788098475803,0.09395418665854714,0.08029185427877089
618.0,0.06740179657936096,0.07952794541813155,0.0933322851569735,0.08427916046022339
620.0,0.09313692897558212,0.07882983840810688,0.09572855223180814,0.0805263753633194
622.0,0.08748482912778854,0.07751514390587287,0.09981522533003682,0.0769702970588785
624.0,0.08443324267864227,0.08124094418373408,0.10416976169006542,0.07866573957150992
626.0,0.09979182481765747,0.08274537152436004,0.10170463808031337,0.080579504028293
628.0,0.08822538703680038,0.07866632053658762,0.09520940137435283,0.07744569483656581
630.0,0.08472008258104324,0.08016310643290808,0.0946451474442088,0.081074754317341
632.0,0.07051579654216766,0.078822869853921,0.09635834712572229,0.07760816074257058
634.0,0.055053893476724625,0.07809054936040628,0.09978408540095947,0.07801875316277068
636.0,0.057697705924510956,0.08139732161959347,0.10275915410381244,0.08127785749605855
638.0,0.060127224773168564,0.08278207159086615,0.10147635982163053,0.08163353187138066
640.0,0.06146705895662308,0.07880637483370762,0.09502177706822336,0.08042222788632082
642.0,0.06812401860952377,0.08069107278766392,0.09473035444578079,0.08420309932516985
644.0,0.08256517350673676,0.07906662084467803,0.09649689691905733,0.0811989320982064
646.0,0.09577412158250809,0.07881414419941365,0.10070391803886093,0.07613302207911335
648.0,0.09304846078157425,0.08221606166765522,0.10266198080265414,0.07803157183382077
650.0,0.08105461299419403,0.0834601377736028,0.10202784236542811,0.07950803150994604
652.0,0.08065139502286911,0.07899295843761714,0.0949517937080259,0.0757962684761356
654.0,0.0921405553817749,0.08050150106290711,0.09475386425009238,0.07898683775777424
656.0,0.09379250556230545,0.07889786132277649,0.09718327607837957,0.07730041331305258
658.0,0.06497149169445038,0.07845431175252714,0.10117287025299516,0.07820599431481214
660.0,0.06341559439897537,0.08186346459649761,0.10272208005161101,0.08083802980645471
662.0,0.07418697327375412,0.08328300119128441,0.10187433655337816,0.08172874068440866
664.0,0.07054518163204193,0.07908368938886902,0.09531877835218174,0.07917087398091574
666.0,0.06967735290527344,0.08034750507412847,0.09467373087118962,0.08272844646353765
668.0,0.08499673753976822,0.07915768126509933,0.09800944231967575,0.0814319073369345
670.0,0.08827202022075653,0.07816322792723071,0.10082961059318479,0.07757205742988121
640.0,0.07014311105012894,0.08122338027029488,0.10235600839730666,0.07724082948601162
642.0,0.07794540375471115,0.08268299119163482,0.10076607656422328,0.07866824624540279
644.0,0.063797727227211,0.0785818912940894,0.09423507479392908,0.07657319464699265
646.0,0.07320431619882584,0.08032913031133049,0.09359948290583843,0.07991626943954472
648.0,0.06104515492916107,0.07900042147463217,0.09687757637352014,0.07748257930826678
650.0,0.04997612163424492,0.07772747856541301,0.10073778808181767,0.07799813207373453
652.0,0.058974381536245346,0.08201120326171384,0.10227018798676815,0.07967253411933271
654.0,0.05725830793380737,0.08252127416789151,0.10009737800009054,0.08080604642336064
656.0,0.05585907772183418,0.07813843987122254,0.09384355213528849,0.07879600192312997
658.0,0.06449920684099197,0.08056374089333058,0.09389452908945485,0.08220427463951573
660.0,0.08685862272977829,0.07913387289841825,0.09730562252024665,0.07942468608630752
662.0,0.10456832498311996,0.07813944928061957,0.10056680909526827,0.0745292717926784
664.0,0.10620975494384766,0.0817254920662961,0.10240532050280221,0.0766428231824844
666.0,0.10301841050386429,0.08270472763955752,0.10071102430108753,0.07855449994586924
668.0,0.09715097397565842,0.07846867280195183,0.0954597885550097,0.07517270079226773
670.0,0.1000174954533577,0.08013270915008434,0.09573888896717549,0.07928825216805063
672.0,0.08611765503883362,0.0790835997294874,0.09901945391436823,0.0780011421598194
674.0,0.06544002890586853,0.07880845372306676,0.10225868308978975,0.07854252630420798
676.0,0.07147950679063797,0.08144754006837744,0.10306595005250893,0.08068816839482326
678.0,0.08467748016119003,0.08270905396002702,0.10206522227972332,0.08218968798363338
680.0,0.06521105021238327,0.07836883475425077,0.09545797712179092,0.07985696891647075
682.0,0.05655952915549278,0.08085415074096587,0.09584721517515972,0.08343941602062217
684.0,0.09422941505908966,0.07911608851581588,0.09914979235620215,0.08070762470086526
686.0,0.09663405269384384,0.07946188517574515,0.10180859620947383,0.0769241138349909
688.0,0.08608041703701019,0.08239627834785995,0.10324626403578535,0.07669067575930079
690.0,0.09473777562379837,0.08388514365918795,0.10083634415362665,0.07862512033546741
692.0,0.07867864519357681,0.07877683696887464,0.0963782756285692,0.07638343839792726
694.0,0.08102349191904068,0.0811337557468724,0.09651615407193756,0.07919850651983217
696.0,0.06654322147369385,0.07962492718919507,0.09948866570062224,0.07788185339660438
698.0,0.05026236176490784,0.07955800110324662,0.10287333191193616,0.07780224071901093
700.0,0.055871158838272095,0.08272677644995076,0.10444379192306547,0.07978819768816893
702.0,0.05770357698202133,0.08360678309759527,0.10159416994207149,0.08064713493167609
672.0,0.050314903259277344,0.07834138187133377,0.09632829998801018,0.07896811139936727
674.0,0.06326093524694443,0.08115433542172723,0.09603699213479956,0.08220036182851329
676.0,0.08386199921369553,0.07942065042822032,0.0985372448669307,0.07855270283858871
678.0,0.10142356157302856,0.07919780966488403,0.10186445277450479,0.0740236329155231
680.0,0.09242631494998932,0.08268896621053842,0.10489654018054596,0.0771311700293046
682.0,0.08798330277204514,0.08410709963325651,0.10243555831183658,0.07945567730921378
684.0,0.08583302050828934,0.07904885258037857,0.09632613080973754,0.07522539482828562
686.0,0.10361074656248093,0.08183372051511126,0.0971211870306584,0.07823197928186786
688.0,0.09948166459798813,0.07986134642718902,0.1004488743030625,0.07765675820101389
690.0,0.06531339883804321,0.07910315542655014,0.10349613068011117,0.07954567126417614
692.0,0.0733235627412796,0.08255954134785894,0.10538707168032713,0.0822149161787696
694.0,0.08161554485559464,0.08379990810455384,0.10315858243940577,0.08342943033810848
696.0,0.07962261140346527,0.07843425451850321,0.09775817018541626,0.08065254321854325
698.0,0.08661740273237228,0.08197503137573738,0.09799715046925145,0.08413737566387346
700.0,0.07589483261108398,0.0794814117541866,0.10083603372120914,0.08207257728023366
702.0,0.08316301554441452,0.07858116568697486,0.10315165844469855,0.0786489549239706
704.0,0.09902147203683853,0.08181497802161625,0.10594453738357013,0.0796655809898022
706.0,0.10960381478071213,0.08354216541676074,0.10363806156845098,0.0812807137197916
708.0,0.11389850825071335,0.07909440420478443,0.0989676935991973,0.07642156556570998
710.0,0.1129937395453453,0.08219905747792099,0.09953130296158665,0.07870254585019847
712.0,0.07149972021579742,0.0791874114152211,0.10134986475810974,0.07830629282530814
714.0,0.043226514011621475,0.0783677885317842,0.10386566691364717,0.07726283067810687
716.0,0.04898637905716896,0.08116226036776983,0.10591878753373737,0.07907543038095045
718.0,0.058613330125808716,0.0828977544388748,0.10333250996986071,0.08093598201860662
720.0,0.060437288135290146,0.07862524518276173,0.09853562099994201,0.07864849853403744
722.0,0.07477433234453201,0.0813651464469012,0.09771464331744144,0.08176851196087881
724.0,0.08925944566726685,0.07881062260148025,0.10071401263128892,0.0786774763110721
726.0,0.1034315899014473,0.07813444298468811,0.10420279150474682,0.07478693248934648
728.0,0.10188780725002289,0.0812839673258777,0.10587825709293117,0.07635582616861086
730.0,0.09247412532567978,0.08307176948394805,0.10289563216468353,0.07849017216385022
732.0,0.09186920523643494,0.07860016489452913,0.09775958265897372,0.07415034320543067
734.0,0.09639770537614822,0.08153636841506942,0.09779134249017148,0.0776498224419064
704.0,0.08404030650854111,0.07855121499301822,0.10148583898394473,0.07600146853480523
706.0,0.057960160076618195,0.07816839568743439,0.10489501067985288,0.07627087411522276
708.0,0.058185771107673645,0.08141398403790791,0.10587952381994215,0.07878720835897267
710.0,0.06440956145524979,0.08337141646598939,0.1034435467437273,0.08015947894143455
712.0,0.0535627119243145,0.07885724757430806,0.09894464157881679,0.07776557461036361
714.0,0.05948132649064064,0.08160164408398994,0.09944767302869656,0.08080671272641465
716.0,0.08266178518533707,0.07917102324996296,0.10393846887138056,0.079929775230344
718.0,0.09499029815196991,0.07923973328028645,0.10709196578976225,0.07728987690673363
720.0,0.0988108366727829,0.08298352291811112,0.10808295709184437,0.07697385449480275
722.0,0.10410451143980026,0.0857737780480705,0.1060701241023238,0.0769858231561238
724.0,0.08738166093826294,0.08134155342770572,0.10009601494453656,0.07660959780877095
726.0,0.08615351468324661,0.08363565495278612,0.0996757056316012,0.08188853243784927
728.0,0.07664331048727036,0.08121852291087249,0.103244279837865,0.08014300089939118
730.0,0.05776830017566681,0.08043634097938848,0.10765496335699844,0.07960227166555249
732.0,0.06536024808883667,0.08444588236625537,0.10867006547220451,0.07888528328716284
734.0,0.06724270433187485,0.08695203132942987,0.10772979797447245,0.08123355331700739
736.0,0.06315634399652481,0.08334153647960774,0.10150249558766668,0.07829166197355969
738.0,0.06943874806165695,0.08600599137308995,0.1025084787713951,0.080946451589676
740.0,0.08782874792814255,0.08378851022043912,0.10464532281622839,0.07850691225672991
742.0,0.10453204065561295,0.0825694448468093,0.10854976986041667,0.07461654989827742
744.0,0.1026761457324028,0.08470770332044125,0.10959166704349248,0.07620480923608537
746.0,0.09459658712148666,0.08719709963402407,0.10863171091311107,0.07946655746491692
748.0,0.10153477638959885,0.08281424664810354,0.10169502156987663,0.07606829190117144
750.0,0.10421611368656158,0.08538788829440988,0.10213634278946583,0.07927282716351312
752.0,0.09125891327857971,0.08353257169343113,0.10449885187561789,0.07734431769223844
754.0,0.06486063450574875,0.0821593042153484,0.10890016754274444,0.07693013339848563
756.0,0.06363268196582794,0.0837566046969672,0.10936158040378642,0.07825783795928336
758.0,0.06818914413452148,0.08659438061422592,0.10794992704016847,0.080529010992348
760.0,0.05591462925076485,0.08240717039992258,0.10178712477228768,0.07794442474328393
762.0,0.05843968316912651,0.08530288441754336,0.10284170502255924,0.08155965197797606
764.0,0.07632090896368027,0.08333706499781741,0.10590452113465056,0.07991900936020828
766.0,0.08166860789060593,0.08306062669854124,0.10966812752182585,0.0767923115579454
736.0,0.0901387557387352,0.08494507049394566,0.1103855207066419,0.07626523949841747
738.0,0.09904269129037857,0.08810436294304778,0.10889425845501871,0.0795777436011363
740.0,0.09784509986639023,0.08328837824955954,0.10279106728131024,0.077617859082926
742.0,0.09791969507932663,0.08631020933519878,0.10411866526051115,0.08113827613191607
744.0,0.08149196207523346,0.08451753168000792,0.10605405816495656,0.07853687030778661
746.0,0.05466030538082123,0.0841330125092617,0.11044376619979052,0.07750315983466832
748.0,0.060532014816999435,0.08643733190887061,0.11066015540871708,0.07780955479117445
750.0,0.06199706345796585,0.08943101608640473,0.10901361038224994,0.07898667186811624
752.0,0.05561239644885063,0.08480213721012286,0.10356328889175667,0.0773204320269016
754.0,0.06228990852832794,0.08854503087908637,0.10520318098359314,0.08139750823272475
756.0,0.0843084380030632,0.08529282931881743,0.10527283068711454,0.07721698769692908
758.0,0.10486457496881485,0.08510515347196257,0.10910704302352564,0.0728441655243121
760.0,0.10154300928115845,0.08654009212080394,0.10999825286270036,0.07571752544950486
762.0,0.09548954665660858,0.08938325873286787,0.10780461323231441,0.07919369191886962
764.0,0.11897312104701996,0.08574859237689196,0.10378027026235848,0.07625606281618973
766.0,0.13008466362953186,0.08884526458914856,0.10648677375385894,0.08173434093207405
768.0,0.130716010928154,0.08657434986337598,0.10915589982883857,0.08119224922504285
770.0,0.07295357435941696,0.08634311692747589,0.11303993140692387,0.0806231415813185
772.0,0.0629577711224556,0.08790401802697398,0.11261448596619307,0.08214443002477777
774.0,0.06902648508548737,0.09013216758407745,0.11204399665804213,0.08447512068867263
776.0,0.05641023814678192,0.0865252850669996,0.10717705435532031,0.08109410897878427
778.0,0.05867812782526016,0.08995314424912305,0.11019141591524616,0.0844629345097288
780.0,0.06822384893894196,0.0883064210343732,0.1109523215385917,0.08206712112525327
782.0,0.09562399238348007,0.08732598809089157,0.11373899306426112,0.07921741745834267
784.0,0.09841526299715042,0.0898961743646076,0.11430845686992339,0.07913572004494697
786.0,0.10982482135295868,0.09257374032243532,0.11220555615691753,0.08220240616452465
788.0,0.10478955507278442,0.08806284281797644,0.10786933238299845,0.07971469941526946
790.0,0.10275200754404068,0.09159816859332864,0.11032197346883126,0.08529774410976504
792.0,0.08951013535261154,0.08910333363275755,0.1112683843256181,0.080838232349306
794.0,0.05609975755214691,0.088565434868199,0.11415425953412252,0.07992352939198187
796.0,0.05930674821138382,0.09080982368722568,0.11429665321501957,0.07982616671534841
798.0,0.05890076607465744,0.0936977248049581,0.11319738356549394,0.08169087519874808
768.0,0.05714082345366478,0.08868670881504971,0.10749014734379295,0.079974353392421
770.0,0.06642968207597733,0.09194639756240092,0.10863409328846242,0.08352935428099802
772.0,0.09154126048088074,0.08942353906026689,0.10997548404664693,0.08028775039035417
774.0,0.11288610100746155,0.08911296373844282,0.11372389872829469,0.07653582899305124
776.0,0.11484032869338989,0.09110020603324828,0.11486084133588935,0.07900010200943317
778.0,0.11834646761417389,0.09405802610423337,0.1122669987964568,0.08236180569859029
780.0,0.12442516535520554,0.09031600847712594,0.1093263592256602,0.08049412863846435
782.0,0.1297258734703064,0.09259773610257865,0.11008204591538631,0.08474542501503662
784.0,0.11878763139247894,0.09052133716031406,0.11320023301372274,0.08360597984477856
786.0,0.07415148615837097,0.08881776110309393,0.11640072126109233,0.08267063199528989
788.0,0.06488693505525589,0.09201802772769967,0.11654181201108585,0.08341997989756875
790.0,0.0720522552728653,0.09341720512509974,0.11339823516608859,0.08407261769766414
792.0,0.05248972401022911,0.09001952183279037,0.109400878223942,0.08196204011583569
794.0,0.06053029000759125,0.09266835579596323,0.11152839285251598,0.08526415457877111
796.0,0.0812745913863182,0.09055016037226982,0.1132667345965148,0.08433718275056597
798.0,0.09606469422578812,0.08939652779789398,0.11722350050792783,0.08069083398303872
800.0,0.10868054628372192,0.09165805470063222,0.11764491830453698,0.08064435241487926
802.0,0.12381315231323242,0.09318057106438836,0.11517336948264241,0.08431619527779681
804.0,0.1197972223162651,0.08972315933390447,0.11054495547583597,0.08107159415412253
806.0,0.10970652103424072,0.09124352119468919,0.11156456412624292,0.08583223035449997
808.0,0.10077935457229614,0.09012503080552521,0.11330819425613382,0.08293061351766705
810.0,0.06950373202562332,0.08910539104745215,0.11703116377019485,0.08041319678723584
812.0,0.08455806225538254,0.09082186888458245,0.11739091451892882,0.0817963381483823
814.0,0.0758129209280014,0.093060711020307,0.11446046473656271,0.08199164512542235
816.0,0.057133108377456665,0.08917554102781976,0.1093708914471257,0.07947361037833155
818.0,0.063276506960392,0.09125092552349959,0.11107053458127834,0.08310956784760878
820.0,0.0834687128663063,0.08966206887046067,0.11295042009481375,0.08159926784406989
822.0,0.11360034346580505,0.0896844316071731,0.11604599970100647,0.077214741026076
824.0,0.1199626475572586,0.09171553136689115,0.11713132060977464,0.07990920113829639
826.0,0.12366881221532822,0.09365202647372352,0.11331580697670705,0.08273938796619769
828.0,0.13910825550556183,0.08973066113106919,0.1085521035266109,0.07790370336884746
830.0,0.13023263216018677,0.091250985451724,0.11139204803143993,0.083065640404584
800.0,0.13794416189193726,0.09026115159543023,0.11429705511445988,0.08311690927128229
802.0,0.08997193723917007,0.08966589464483038,0.11757130140341014,0.0815560446401701
804.0,0.08242170512676239,0.09192446919354529,0.11769266458892434,0.08179535115298696
806.0,0.08673026412725449,0.09433348287812464,0.11527362571545895,0.08424858885661388
808.0,0.06298433244228363,0.08952519961201025,0.10918560012396172,0.08027547818004767
810.0,0.05846003070473671,0.09193338615575311,0.11260604551634562,0.08372565704794745
812.0,0.08157617598772049,0.09019127549904811,0.11391833601711832,0.08398469681310189
814.0,0.10244683176279068,0.09100395867225529,0.11863611260217372,0.08149217828066571
816.0,0.11882936954498291,0.0937737856687523,0.11814529106657577,0.08030235056542441
818.0,0.14285555481910706,0.09681614092921231,0.1166293651878067,0.08370632360331426
820.0,0.1406303197145462,0.09213759175532205,0.1114933127861938,0.07891201015502966
822.0,0.13438193500041962,0.09376652694742821,0.11411736501457227,0.08341329713566976
824.0,0.11471548676490784,0.09159997133897506,0.1139963995286553,0.08256755387759002
826.0,0.08178573101758957,0.09324147626620384,0.1177469130024296,0.07931626403738998
828.0,0.0956229716539383,0.09426128404831963,0.11763957915837682,0.08099570571784663
830.0,0.08767213672399521,0.09688297108594712,0.11707324912974243,0.08334979806246715
832.0,0.07583867758512497,0.0930242055592735,0.11120137489965053,0.07924831648339489
834.0,0.0828782320022583,0.09443542639270613,0.11316590518668689,0.08278859166566611
836.0,0.08699125796556473,0.09269126717801472,0.11331905771647302,0.0810107949592564
838.0,0.11943256855010986,0.09398867454942111,0.11850347045916401,0.07834232316575923
840.0,0.11871181428432465,0.09439202719180627,0.11813085147987992,0.07929476387312202
842.0,0.12414877861738205,0.09699128589860857,0.1166031002343313,0.08218287920308637
844.0,0.13513895869255066,0.09314313044698198,0.11170801769507008,0.0768765297735683
846.0,0.12577588856220245,0.09376204701476777,0.11327957584859241,0.08134371140974986
848.0,0.1334671974182129,0.09224141999919243,0.11396238617909492,0.08246544778113923
850.0,0.09521772712469101,0.09396890682988858,0.11866863876405785,0.08033343774867216
852.0,0.09261278063058853,0.0944538310188075,0.11795917283751889,0.08161398965826458
854.0,0.10718867927789688,0.09723715703707264,0.11725587688113408,0.08435837934411908
856.0,0.06311339139938354,0.09331255002103513,0.11250479432657144,0.07979942403087194
858.0,0.06765243411064148,0.09392864675426109,0.11447234673724127,0.08275503146736542
860.0,0.08184251189231873,0.09309097873401577,0.11598670544556627,0.08338507840808765
862.0,0.08152235299348831,0.09434755079663004,0.11895544213800074,0.07911551102861765
832.0,0.11689025163650513,0.09498368323467764,0.11875262151545037,0.07854692819510314
834.0,0.12363386154174805,0.09787632919924177,0.11765617444147908,0.0816177492116767
836.0,0.12408606708049774,0.09384636674051991,0.11202067261776728,0.07846550658001634
838.0,0.1223691999912262,0.09436822169347904,0.11385757656901707,0.08260009243651625
840.0,0.10729288309812546,0.09327449542272737,0.11485664303903138,0.08183438118072871
842.0,0.08497172594070435,0.09465187180645525,0.11804974981271145,0.0797997226353342
844.0,0.06965304911136627,0.09461705662863432,0.11848613679664423,0.08004401167717892
846.0,0.07214895635843277,0.09785084063994037,0.11701114758921503,0.08237952912953796
848.0,0.06880955398082733,0.09376721972124778,0.11236400605982809,0.07891726573385881
850.0,0.06926709413528442,0.09488824335767941,0.11384496980950222,0.08239907475867211
852.0,0.08082122355699539,0.0935390185856459,0.11406542146374056,0.08096393310111417
854.0,0.105499766767025,0.09454119227565236,0.11796814682811751,0.07761827527095083
856.0,0.11444823443889618,0.09463103016905389,0.1181728301159717,0.07821155658915138
858.0,0.11134222894906998,0.0978420189919979,0.11650328966903943,0.08163184814259633
860.0,0.12756569683551788,0.09340857708000931,0.11224589614940178,0.07736934858060718
862.0,0.13092006742954254,0.09465805413484851,0.11372734274889415,0.08207600808433858
864.0,0.1447971910238266,0.09308296172369107,0.11475205681554602,0.08302004220842144
866.0,0.08844336867332458,0.09502037194684668,0.11931088795948988,0.08124254692864956
868.0,0.07986775040626526,0.09491012965020017,0.11847295185979831,0.08062386595474849
870.0,0.09416551142930984,0.09812677504740631,0.11790693809440986,0.08395568208568284
872.0,0.06865057349205017,0.09345048848058803,0.11369345870163321,0.0799706375390182
874.0,0.08883363753557205,0.09500366478690253,0.11518710203358445,0.08321109976332403
876.0,0.07927903532981873,0.09292226109600903,0.1152405836297724,0.08176108287195327
878.0,0.12108540534973145,0.09508825130996962,0.11936086330362103,0.07947259896911617
880.0,0.08514584600925446,0.09486604820400749,0.11900303011385233,0.0783222503663525
882.0,0.10131913423538208,0.098203942722639,0.11815090792408749,0.08138808046730994
884.0,0.09506847709417343,0.09386118637174667,0.1128705866419311,0.07849588432607622
886.0,0.07864051312208176,0.09549064893365099,0.11458216718841148,0.08225985446129946
888.0,0.07892057299613953,0.09339689110920055,0.11538651092737244,0.08131695177679771
890.0,0.048790041357278824,0.09538965375510217,0.11918821488410317,0.07923955162227174
892.0,0.07044350355863571,0.09512121600899297,0.118483991406764,0.08109318320430149
894.0,0.063309445977211,0.09866963930607466,0.11853755214291377,0.08313164816724294
864.0,0.06174011155962944,0.09405042091477746,0.11245685496877765,0.07903612074280093
866.0,0.06267859041690826,0.09575955599079,0.11523624317527835,0.08263318708105687
868.0,0.06724006682634354,0.09332132353926718,0.11474880713936027,0.08070846858064472
870.0,0.09641267359256744,0.09515663741765219,0.11901632821738445,0.07831527888582057
872.0,0.10101565718650818,0.09510026496750389,0.1182539501735341,0.07806144297078217
874.0,0.10429836809635162,0.09872491048527361,0.11767044274699164,0.08218137314226448
876.0,0.12177497893571854,0.09431834751159629,0.11307743020075463,0.07802953847794468
878.0,0.1232447624206543,0.0953936960771248,0.11513327925747477,0.08217149851643651
880.0,0.11272671073675156,0.09276408977123661,0.11543991267275394,0.08237861810526427
882.0,0.0722704753279686,0.09521404369530147,0.11918577027691142,0.0807150496618776
884.0,0.0650484710931778,0.09575499658949244,0.12039100876944485,0.08092657782095453
886.0,0.081263467669487,0.10037375250615345,0.12062819569443754,0.0842819794141823
888.0,0.07259887456893921,0.0963699894366805,0.11605814458397354,0.08127872871658508
890.0,0.0713021457195282,0.09720363158628334,0.11792108374355262,0.08376980549366622
892.0,0.07685353606939316,0.09494575127052331,0.11755592500043956,0.0823915722476072
894.0,0.10374660789966583,0.09655495735234795,0.12082877823129352,0.07990101553469608
896.0,0.0976010262966156,0.09688235584060223,0.1220221275652909,0.07986242532924813
898.0,0.10464200377464294,0.10115627746053558,0.12269341403238085,0.08275275654490877
900.0,0.09067393094301224,0.0964938059986567,0.11598349030375571,0.08038035228814427
902.0,0.08776608109474182,0.09765268435727238,0.11697629546933883,0.08497540641891183
904.0,0.07856368273496628,0.09414582626179832,0.11600253068038192,0.08286996276709326
906.0,0.05972696468234062,0.09506798861482921,0.11888793206404781,0.08056473642576185
908.0,0.05174104496836662,0.09500362924584413,0.12021941483179745,0.08093279570310424
910.0,0.06434139609336853,0.09909342263191774,0.12027759517714505,0.08318856098312928
912.0,0.05662564933300018,0.09479028298787372,0.11358960882028613,0.07991304896726417
914.0,0.06162158027291298,0.09564914023472472,0.1148274160952163,0.08251008185969783
916.0,0.07712174952030182,0.09245137180415286,0.11346337735876572,0.08068552835636734
918.0,0.09757275879383087,0.09396869981115091,0.11702818976063306,0.07801631571009698
920.0,0.09310679882764816,0.09467265808312,0.1191207497900823,0.07881637680358974
922.0,0.08862911909818649,0.0988948829744673,0.12026560472008428,0.08219121656326446
924.0,0.11388355493545532,0.0950157896063042,0.1141389727540841,0.0773401551706432
926.0,0.10606071352958679,0.09563480575599731,0.1149144873296188,0.08130832229318473
896.0,0.09552272409200668,0.09231896260003486,0.11374408199903313,0.08161493843828288
898.0,0.07177390158176422,0.09376000936122818,0.11750538870052205,0.07997563439458624
900.0,0.06703117489814758,0.09451856114351097,0.11963950505085882,0.08124207117343109
902.0,0.09041690826416016,0.09935352884006342,0.12064100180507985,0.08345867203018581
904.0,0.06096339225769043,0.095656949392233,0.11354423929690408,0.07997961696805808
906.0,0.06856236606836319,0.095746361823461,0.1155827805414862,0.08155157344910496
908.0,0.08828571438789368,0.0934363838030201,0.11355900316011289,0.08059109515757194
910.0,0.11041196435689926,0.09381938207228314,0.11831122705599029,0.07848034932366936
912.0,0.10132130235433578,0.09344877141075779,0.1191412563237785,0.078912280824333
914.0,0.0942678153514862,0.09802946248156864,0.1209366588403943,0.08217467875707575
916.0,0.08303184807300568,0.0926500167900917,0.1122517282478559,0.07880839277657309
918.0,0.07587568461894989,0.09301154938925334,0.11439125765970962,0.08211833013215325
920.0,0.07644857466220856,0.08991715876136006,0.11130217440829843,0.0793728047593046
922.0,0.058596476912498474,0.0894237376860494,0.1137507636172398,0.07783480160050395
924.0,0.057977378368377686,0.08821708920455461,0.11434682598471634,0.0772824665990109
926.0,0.05959567055106163,0.09201518182804712,0.1172911594166938,0.08036882957880724
928.0,0.04231388494372368,0.08741539815387615,0.10905080458193969,0.07616465223464186
930.0,0.04935261979699135,0.08734327926224052,0.11096957568985134,0.07849204265398485
932.0,0.0586959645152092,0.08504863822561591,0.10812014729329254,0.07681804457764599
934.0,0.08151478320360184,0.08736415996980056,0.11197932403428824,0.07464692885434832
936.0,0.08491895347833633,0.0865085668354185,0.11360279070152161,0.07515104911765999
938.0,0.08549856394529343,0.09160281446928006,0.1166098928378557,0.07927294587873583
940.0,0.0882844626903534,0.08744029468163651,0.10983598104497684,0.07495220990536683
942.0,0.08782148361206055,0.0876789013478483,0.11193358082091304,0.07805034832791796
944.0,0.0798180028796196,0.08490693218832743,0.10975383725645935,0.07754883238372813
946.0,0.052968088537454605,0.08730442989782515,0.11250290636251557,0.07687832713591859
948.0,0.04548601806163788,0.08712374068564756,0.11527350405934352,0.07647744936412414
950.0,0.06417341530323029,0.09164308153495856,0.11772240788580618,0.08148741744288693
952.0,0.053483299911022186,0.08686214494211832,0.11022177750820136,0.07752489583519367
954.0,0.056690506637096405,0.08800282889173407,0.11367959584176855,0.07899523980456168
956.0,0.07137240469455719,0.08543508998603098,0.1101220525448478,0.07917486514163673
958.0,0.07539179921150208,0.08810591921061531,0.11322729689138772,0.07651483583000201
928.0,0.07984167337417603,0.08825683768985063,0.11637776908554304,0.07596725378403714
930.0,0.10924575477838516,0.09239740877189538,0.11755264846999354,0.07989900384455012
932.0,0.08031582832336426,0.08699001073339176,0.11080015535937214,0.07731392174576154
934.0,0.08673302829265594,0.08810163071621302,0.11337876785995152,0.07951560637010925
936.0,0.07393622398376465,0.0860473173235739,0.11048897644089396,0.07816859260537617
938.0,0.044628724455833435,0.08859752619326433,0.11467922692984085,0.07670245424111659
940.0,0.03752511739730835,0.08892900807222355,0.11745349109194719,0.07617383591678427
942.0,0.04338398575782776,0.09305180079604337,0.11829907926448953,0.08039336444292924
944.0,0.03960603103041649,0.08825997682959065,0.11114578492274575,0.07687419290862274
946.0,0.04843159019947052,0.08856628424386505,0.11290184242989384,0.0790695960706142
948.0,0.06365177780389786,0.08712348663076835,0.10885423112958606,0.07689183278043349
950.0,0.08720650523900986,0.09030291423748205,0.1135100097361375,0.07466024255049199
952.0,0.08434753119945526,0.09086037749045527,0.1156322192569514,0.07666388080270728
954.0,0.08339157700538635,0.09549558730977627,0.11827481856437695,0.08346947386652993
956.0,0.104760080575943,0.09108979574992308,0.11343985854501158,0.0814142117665993
958.0,0.0982319787144661,0.09080793333512044,0.11742957734028246,0.08500898988589939
960.0,0.08653048425912857,0.08839586556376217,0.1137286477344039,0.08499485321612789
962.0,0.061261631548404694,0.0920312595297466,0.11779121546488348,0.08314005778359858
964.0,0.05642729997634888,0.09102353252470476,0.11896903734005196,0.08161149664990622
966.0,0.07839176058769226,0.0954078597587042,0.12159904927088112,0.0855887837815303
968.0,0.07019497454166412,0.09131490824784395,0.11564365356030719,0.08196282233851936
970.0,0.06793151795864105,0.09171745437001165,0.11869195394287267,0.08313203775550844
972.0,0.06657249480485916,0.09006727875941672,0.11452239501254703,0.08249279918430813
974.0,0.09480573236942291,0.0928280424313034,0.1189229411479825,0.08056917203101346
976.0,0.08469128608703613,0.09350099808891944,0.12100356294773959,0.07997987992017144
978.0,0.09120219200849533,0.09674456621986546,0.12312731176409696,0.08465319298130065
980.0,0.08317727595567703,0.09179219465280139,0.11616411856215712,0.08200560669847616
982.0,0.06565635651350021,0.09104574676581115,0.11715114747986229,0.0828946811844893
984.0,0.06929720193147659,0.08890252918846048,0.11330962598576812,0.08120672623892172
986.0,0.04091997817158699,0.09231384681294053,0.11709336864173926,0.07973968141461109
988.0,0.0393349826335907,0.0913047979767949,0.11809258045589294,0.0800766248972312
990.0,0.05203866958618164,0.09556461317037575,0.12052654142435912,0.08395324948112276
960.0,0.05123524367809296,0.09123416219024305,0.11494836237592197,0.08011913711348587
962.0,0.061995960772037506,0.09080000539701577,0.11576055683294265,0.08257107543487474
964.0,0.06751123070716858,0.08825965745966106,0.11243432898877152,0.08125860068691057
966.0,0.08963815867900848,0.09154404427527968,0.11656168275046869,0.078919526116987
968.0,0.08062811195850372,0.09157985026730131,0.11762199830617885,0.07918470161306178
970.0,0.08188284933567047,0.09601835182076841,0.1206708856074138,0.0838901339633036
972.0,0.09343792498111725,0.0913240934586398,0.11478119265628807,0.08000168345520339
974.0,0.08602581918239594,0.090665308327924,0.11600343119485844,0.08138135160443256
976.0,0.07674065232276917,0.0881174598968859,0.11305754297403144,0.08083729714435123
978.0,0.05181972682476044,0.09148695479680882,0.11735834380715106,0.08069961125267187
980.0,0.048845019191503525,0.09143891649660833,0.11839882563222083,0.0798952656514176
982.0,0.06253914535045624,0.09564155073355202,0.1214302654481194,0.08485611141108117
984.0,0.048129502683877945,0.09119370915778897,0.11516196709147525,0.08078190722947001
986.0,0.05687699466943741,0.09080313410891575,0.11744552496376266,0.08273395814781308
988.0,0.07443465292453766,0.08831807846502336,0.11416111440384474,0.08287449463605429
990.0,0.09813906252384186,0.09204340350483045,0.11851258319028689,0.08077686045526188
992.0,0.09241779893636703,0.09215351883956627,0.1196789281245264,0.07938828754157057
994.0,0.10102567076683044,0.09613969873312576,0.12225504850831745,0.0834786530392165
996.0,0.08770069479942322,0.091471950100462,0.11588425766115962,0.08197030172934609
998.0,0.06514822691679001,0.09145051060490812,0.11696977671790974,0.08263956774610572
1000.0,0.06663519144058228,0.0889549245016154,0.11458313528222477,0.08203692132332006
1002.0,0.04727368801832199,0.09237576043585727,0.11851664277264523,0.08187395360286089
1004.0,0.042105820029973984,0.09225105201905372,0.1198472420430189,0.08118928081024902
1006.0,0.05285509675741196,0.09622221619444377,0.12140243081181,0.0844793745372599
1008.0,0.046876292675733566,0.09177178970681066,0.11538207411117997,0.08018172603079146
1010.0,0.06052607297897339,0.09179431334296771,0.11675817296203737,0.0826553275331222
1012.0,0.06973539292812347,0.08922407370502622,0.11383539023897668,0.08209259186674815
1014.0,0.08072394877672195,0.09208381131707374,0.11732917462817266,0.07916035867580402
1016.0,0.07969118654727936,0.09259554984211907,0.12029550155401779,0.08019425598745279
1018.0,0.08912788331508636,0.09648901539265951,0.12103979813815645,0.08401826921729004
1020.0,0.0907084196805954,0.09217642467688761,0.11579986281166428,0.0804148686500393
1022.0,0.08056705445051193,0.09122619763257415,0.11675167497688128,0.08158992092183531
992.0,0.07773082703351974,0.08877851341336275,0.11429441144310531,0.0814448527442566
994.0,0.04895417019724846,0.09230964157719371,0.11796399262492428,0.08115484310394944
996.0,0.047324441373348236,0.0929302588634734,0.12073230760434046,0.08064604788351555
998.0,0.06251908093690872,0.09668498946314395,0.12213235259606613,0.08499567525403683
1000.0,0.05124079808592796,0.09195994427374404,0.11676764181083153,0.08067144962056004
1002.0,0.058373354375362396,0.09163347052852998,0.11799468424216691,0.08275294365145541
1004.0,0.06211384758353233,0.08846077190173209,0.11423530581744305,0.08302341206525078
1006.0,0.07815787941217422,0.09224477394024362,0.11793568021390465,0.08087393957974673
1008.0,0.08927904814481735,0.09330461958542918,0.12081912674125544,0.0793678269559082
1010.0,0.1048760861158371,0.09732544987221409,0.12120974814068375,0.0831993069493717
1012.0,0.11374187469482422,0.09299486160536236,0.11631349109245685,0.08113148306565507
1014.0,0.07529380917549133,0.09244123465921046,0.116814821269092,0.08223964232014128
1016.0,0.06451207399368286,0.08956682454552647,0.11452430345034971,0.08212085694720145
1018.0,0.03948386013507843,0.09265534419331845,0.11916512472450584,0.08075303844805082
1020.0,0.03876345977187157,0.09374158464779757,0.12095555145823177,0.08083752883495418
1022.0,0.05762346833944321,0.09735259315795203,0.12181482249225932,0.08578921383666094
1024.0,0.052723728120326996,0.09273157375402223,0.1174695445701884,0.08165653715346775
1026.0,0.06096949055790901,0.09286423367028697,0.11873236738106648,0.08357801091083271
1028.0,0.06877671182155609,0.09024869684330702,0.11518119327724176,0.08285348130643339
1030.0,0.08550264686346054,0.09364843885223612,0.1201066677508375,0.0808852239569629
1032.0,0.0789107158780098,0.09447242502719161,0.12202122360669457,0.08028335076765183
1034.0,0.08216731250286102,0.09823614838236887,0.12238307831543162,0.0845051089927234
1036.0,0.09220803529024124,0.09359775103768048,0.11788280894370011,0.08079247252578692
1038.0,0.07915553450584412,0.09339518191090414,0.11882884233891639,0.08241163949949391
1040.0,0.08853748440742493,0.0907794136362695,0.11582996462193641,0.08350149521642526
1042.0,0.04886963218450546,0.09376259122705707,0.12034675380564658,0.08187977481346245
1044.0,0.04479428380727768,0.094921733892186,0.12198327383950018,0.08116726215551968
1046.0,0.06355814635753632,0.097638406703614,0.12271652694870784,0.08543860452406367
1048.0,0.05056971684098244,0.09356249154586103,0.11845960819515054,0.08183636294537369
1050.0,0.05505921691656113,0.09373151306069402,0.12059651803534531,0.08401104730138141
1052.0,0.0729333907365799,0.09138003772090664,0.11784301204824801,0.08439202306388469
1054.0,0.09267310798168182,0.0945507280684477,0.12208692958426556,0.08143728662789672
1024.0,0.10749560594558716,0.09619793282205581,0.12376302180192024,0.07999881700276085
1026.0,0.11171606928110123,0.10024389011974431,0.12493838323952469,0.08405228363893893
1028.0,0.1287362277507782,0.0952783883042846,0.11874961143701802,0.08192344994744251
1030.0,0.0895920842885971,0.0952563349487494,0.11909254656536529,0.08360772923251303
1032.0,0.07463802397251129,0.09250867059868272,0.11681306052857558,0.08342954901467688
1034.0,0.046980421990156174,0.09525311362118206,0.12104741092105237,0.08293861002418058
1036.0,0.045654796063899994,0.09683768250494294,0.12318191757175874,0.08102635764371358
1038.0,0.066118523478508,0.10100966247872802,0.1236575418174546,0.08470544617581109
1040.0,0.06213279068470001,0.0964731196100984,0.11822700454148723,0.0810439305895572
1042.0,0.0656638815999031,0.09633339697549194,0.12003179159022533,0.08401702833730187
1044.0,0.07373091578483582,0.09389504580200145,0.11650953733012531,0.08225176081527798
1046.0,0.09665834158658981,0.09596532303019044,0.12082670099791369,0.08124531226571007
1048.0,0.10052747279405594,0.09657824104980904,0.12218281617636408,0.07973114844087802
1050.0,0.09422419965267181,0.100626030403061,0.12239697631621023,0.0838400773031422
1052.0,0.1071440652012825,0.09585274344538144,0.11815955746979258,0.08054206247801146
1054.0,0.09597787261009216,0.0959026630102568,0.12004546561293013,0.0836069188724315
1056.0,0.09277141094207764,0.09291044638125255,0.11677246183831082,0.08353244909223866
1058.0,0.05781859531998634,0.09547017031663266,0.12240477675564909,0.08303586837481353
1060.0,0.05347257852554321,0.09606003019776904,0.12297310601257984,0.08044378643477149
1062.0,0.07179917395114899,0.10007651128990043,0.12355415961713079,0.08586279009158235
1064.0,0.06477386504411697,0.0956851720763614,0.11788635656221254,0.0818962156948852
1066.0,0.06851808726787567,0.09581787502105864,0.1204972045903861,0.08407741322034286
1068.0,0.07895352691411972,0.09274193579619038,0.11680055879216572,0.0837162316471166
1070.0,0.08669011294841766,0.09512205458005507,0.12126610805521042,0.08167364109369459
1072.0,0.08958231657743454,0.09609757368068793,0.12286497081893702,0.07878415850758248
1074.0,0.1034715548157692,0.1000714754947703,0.1238699596990014,0.08350112551853077
1076.0,0.10104335099458694,0.095397189237669,0.11773133366504895,0.08173633993360702
1078.0,0.07493885606527328,0.09599804323468195,0.11925456240009497,0.08336077054893565
1080.0,0.0832146555185318,0.09254568723983723,0.11575401699420143,0.08201577885801768
1082.0,0.056685999035835266,0.09519761275384188,0.12132958351269872,0.08156987114656537
1084.0,0.057539202272892,0.09615835630769919,0.12265905984478186,0.08038210826349751
1086.0,0.07135453075170517,0.09997797171311355,0.1233582257522412,0.08383704004488067
1056.0,0.06054236739873886,0.09562937739123657,0.11726611757386586,0.08088338871650333
1058.0,0.06646744161844254,0.09599457445007903,0.12027240515603072,0.0839852611260486
1060.0,0.06758032739162445,0.09285788338307305,0.11595836201379629,0.08190982659591421
1062.0,0.09318769723176956,0.09568264489671305,0.1213565735899782,0.0807320629006666
1064.0,0.09433013200759888,0.09666521751182457,0.12362037121417342,0.08007240065352206
1066.0,0.10069897025823593,0.10023891269131684,0.12380671060181472,0.08407377143929734
1068.0,0.10363195091485977,0.09624576349460433,0.11784828474667869,0.07990073566880042
1070.0,0.08762984722852707,0.09586754931283382,0.11969631252593733,0.08311335195670054
1072.0,0.09450587630271912,0.09246394368737111,0.11639463524190133,0.08361654510755706
1074.0,0.05746302381157875,0.09511794641390009,0.12012206186731147,0.0831190148918154
1076.0,0.056857358664274216,0.09652296742624328,0.12317442547705565,0.08054538132781434
1078.0,0.08773753046989441,0.1003898573863305,0.12437303692140506,0.08626307737757034
1080.0,0.07520576566457748,0.09557042105718115,0.11840612241763782,0.08225946865169126
1082.0,0.07639244198799133,0.09601996636367781,0.12075299379063079,0.08507514037540037
1084.0,0.08202166855335236,0.09286645255970281,0.11703777488082036,0.08302010273119023
1086.0,0.10033756494522095,0.09605571075505992,0.1216239938805384,0.08139693773882078
1088.0,0.09441119432449341,0.09628111537315433,0.1231556715421422,0.07923662982317485
1090.0,0.10501246154308319,0.09990318481382862,0.12453747890368128,0.08403202313404551
1092.0,0.09898006170988083,0.09496523605636907,0.11881823489151157,0.08063411806441277
1094.0,0.0857015997171402,0.09554825900993427,0.11936331752839013,0.0827737957329031
1096.0,0.08352209627628326,0.09317532439013086,0.11712351238889335,0.08333026893511158
1098.0,0.052780766040086746,0.09585154894908988,0.12131125793959147,0.08325558229308282
1100.0,0.042630791664123535,0.09674018868919462,0.12304741946338384,0.08047049133976251
1102.0,0.06008047237992287,0.09981925106970126,0.12466236503935181,0.0856375760012633
1104.0,0.056831203401088715,0.09558530995513079,0.11878396666328622,0.08188242233702749
1106.0,0.057846587151288986,0.09545808972469856,0.11954249192127371,0.08336267506482044
1108.0,0.06915520876646042,0.092929464188403,0.11583360786040998,0.08196077436973734
1110.0,0.08854300528764725,0.09522195930014878,0.11985582558669794,0.0795142803974615
1112.0,0.09388131648302078,0.09635141120880773,0.12206840350118946,0.07956952822702844
1114.0,0.09429297596216202,0.09930016696849496,0.1234532723957546,0.08427557642437926
1116.0,0.09985004365444183,0.09561670839316888,0.11806837775289472,0.08003581375642317
1118.0,0.0904892161488533,0.09499117580778972,0.11848401392701714,0.08210501600022194
1088.0,0.08943971246480942,0.09247463214001984,0.11600062708036374,0.08320457932122648
1090.0,0.05150632560253143,0.09460018689745504,0.11928577416383733,0.0829008193612685
1092.0,0.0446416400372982,0.0959056399305151,0.12179506702352336,0.08136238850480516
1094.0,0.04688868671655655,0.09881910965424723,0.1226830607866398,0.08666040983928715
1096.0,0.04511144012212753,0.09531192235980343,0.11823678768324024,0.08383378400931615
1098.0,0.058902572840452194,0.09608744968664551,0.12037132747954195,0.08571954515414124
1100.0,0.06981508433818817,0.09398338410280806,0.11860427705594838,0.08525096229127634
1102.0,0.09008762985467911,0.09726697437689737,0.12128941419243451,0.08247607899056061
1104.0,0.10146443545818329,0.09969719370064313,0.12416769335934093,0.08102759588880223
1106.0,0.12570887804031372,0.10160694174201632,0.1253824918420076,0.08700613608473172
1108.0,0.14675582945346832,0.0974398388855489,0.12024536276399035,0.08289093324820022
1110.0,0.1193930134177208,0.09791884256648631,0.12322975624076724,0.08612462228291588
1112.0,0.08885673433542252,0.09589509985440547,0.12050115935030359,0.086506944676149
1114.0,0.05860783904790878,0.09807345258978611,0.12389102850971412,0.08420600693261032
1116.0,0.05145224183797836,0.10128173124270749,0.12649626810039447,0.0837285961458245
1118.0,0.07494480162858963,0.10465187312899102,0.12669178847009363,0.08782948051730194
1120.0,0.07641056925058365,0.09890105356025164,0.12097880335113481,0.0831315763722751
1122.0,0.0765581727027893,0.09877312316775927,0.123923626933473,0.08556805295126334
1124.0,0.07761924713850021,0.09644478277981855,0.11922406622277125,0.0833159401105432
1126.0,0.10038626939058304,0.09922985420721764,0.12226846971536558,0.0802341007576663
1128.0,0.09694685786962509,0.10169242228104469,0.12655064331525515,0.08176190064237114
1130.0,0.10149840265512466,0.10649773606571199,0.1276168781698501,0.08657963126428639
1132.0,0.11745613068342209,0.1009541946948315,0.12212138335267377,0.08397492486393608
1134.0,0.10788724571466446,0.10020047035646927,0.1270630269846396,0.08689442804950892
1136.0,0.10551725327968597,0.0967195110972494,0.12280345068833974,0.08837032187131225
1138.0,0.07350515574216843,0.10065874545059396,0.12639883713831332,0.08603913855694804
1140.0,0.06383579224348068,0.10275267828188257,0.12959627338432797,0.08538404636847224
1142.0,0.07099305093288422,0.10712094542060902,0.1303786657327586,0.08977482062110984
1144.0,0.06109810620546341,0.10250480371921288,0.12485559517296373,0.08668834704296396
1146.0,0.075941301882267,0.10225428244275286,0.1298414275167849,0.08797753253543295
1148.0,0.06375200301408768,0.0987492249680708,0.12453611640146582,0.08788672849977651
1150.0,0.10380231589078903,0.1027807820882879,0.12912157743225142,0.08443432842121144
1120.0,0.10980449616909027,0.10530264370061358,0.13080671597433777,0.08327063149021284
1122.0,0.11822428554296494,0.10836311905078815,0.13034887898265912,0.08727181289804112
1124.0,0.12249565124511719,0.10378134547312451,0.12588268571637526,0.08557671190035786
1126.0,0.09713872522115707,0.10294667408783868,0.1287923637903997,0.08781809349355779
1128.0,0.09339866042137146,0.10008745593804114,0.1247822980123154,0.08814883321789098
1130.0,0.054508358240127563,0.10438900085917989,0.12888082329829761,0.08582406765410192
1132.0,0.06186575070023537,0.10627508738519995,0.13109165374270185,0.08506890015015987
1134.0,0.0749758630990982,0.10990236182136405,0.13074589599550276,0.08888507986373285
1136.0,0.08603005111217499,0.10553692721104589,0.12594914950235803,0.08640381670232786
1138.0,0.08402883261442184,0.10405938711607556,0.12946100135719205,0.08754735263373686
1140.0,0.0872410386800766,0.10179260877114144,0.1243374951449237,0.08597959509217322
1142.0,0.11180850863456726,0.10592280483430089,0.12961014770532275,0.0829558879926122
1144.0,0.12150923907756805,0.1071436527088037,0.13132553797155014,0.0840142950025428
1146.0,0.11385907977819443,0.11052525075507104,0.1304481877729934,0.08833892237503772
1148.0,0.11657614260911942,0.10632571838649253,0.12684899907699784,0.08610392718252821
1150.0,0.10564237833023071,0.10469285787729264,0.1306379497227042,0.08760292527863299
1152.0,0.10805565118789673,0.1013266780353538,0.12565398561026492,0.08809649668068051
1154.0,0.06577292829751968,0.10590218775482949,0.12961279922761826,0.08530648678825949
1156.0,0.062218014150857925,0.10675657645680925,0.13131065647488188,0.08427582212946988
1158.0,0.0781172439455986,0.10980197002290117,0.13011589875899746,0.08845645750450037
1160.0,0.07145769894123077,0.10577947089594093,0.12657543170098487,0.08728840930606295
1162.0,0.06566815078258514,0.10453974929047673,0.13127424183977435,0.08748679366230827
1164.0,0.07182703167200089,0.10149461057328647,0.1259382622529845,0.08743657664700809
1166.0,0.11722090095281601,0.10605371461679323,0.1299506999006615,0.08543063334967316
1168.0,0.09247981011867523,0.10788235361810884,0.13205957428658968,0.0840777590718038
1170.0,0.12862683832645416,0.1113269765661712,0.13166831005111776,0.08711160949243642
1172.0,0.11476873606443405,0.10589133496346324,0.12709581278152615,0.08603800353224286
1174.0,0.10958660393953323,0.10542037449222358,0.12974219494524977,0.08733152978416094
1176.0,0.0958305224776268,0.10213690777581555,0.12579916468759725,0.0877499430049118
1178.0,0.04732422158122063,0.10599302601982288,0.12913206951092907,0.08423331282155293
1180.0,0.0500326044857502,0.10812758722522578,0.1314273093929116,0.08534734284883704
1182.0,0.06555956602096558,0.11189761969856281,0.1310649496725649,0.08833587742439558
1152.0,0.06125115230679512,0.1065431983938216,0.12686293785959263,0.08634348565641747
1154.0,0.06667695194482803,0.10529561521752796,0.12838495636521594,0.08698982966466753
1156.0,0.07431738078594208,0.1013204193328633,0.1234845786715827,0.08559364033369068
1158.0,0.10385508835315704,0.10564588874671169,0.1279130555828835,0.08268352364348851
1160.0,0.10954537242650986,0.10813278691638767,0.13116550107898875,0.08457008615955706
1162.0,0.11336935311555862,0.11249139595900935,0.13077899036779525,0.08872706155640324
1164.0,0.14043204486370087,0.10739858832419591,0.12893654424522147,0.08881364928610155
1166.0,0.14668521285057068,0.10698255258022132,0.13175387755237244,0.09267051922147784
1168.0,0.15009096264839172,0.10329245873021115,0.1282909951234494,0.0932923479971465
1170.0,0.08950411528348923,0.10819437612413788,0.13344359864151556,0.09142341870669995
1172.0,0.07685968279838562,0.1094073134994757,0.1366413144255532,0.09197585301570985
1174.0,0.09126421064138412,0.11355049070457891,0.1361619937689399,0.09477209222241863
1176.0,0.07332775741815567,0.10667094909586426,0.13156358055263018,0.09239685055730673
1178.0,0.06347600370645523,0.10641512446068196,0.1352007643287395,0.09151366389927462
1180.0,0.07773739099502563,0.1037309756260572,0.12901478546450085,0.09147430025519541
1182.0,0.10481946170330048,0.1090098644886419,0.1346287780754598,0.08939338129236502
1184.0,0.12013266235589981,0.1115079641071897,0.13766290626918945,0.08736604828407213
1186.0,0.17143960297107697,0.11490676408142649,0.13777899271873256,0.09062998900815843
1188.0,0.1435490995645523,0.10928610955870162,0.13220930982121776,0.08904731496591317
1190.0,0.14288567006587982,0.10832063250325281,0.13381599615838136,0.09109114865267719
1192.0,0.09092491120100021,0.10525466878028779,0.1290658502694756,0.08975852106765546
1194.0,0.05780129134654999,0.11066094242402733,0.1340058098959095,0.08804959898420388
1196.0,0.061167024075984955,0.11267109253687205,0.13747959395852852,0.09055686079707898
1198.0,0.07703781127929688,0.1159364952370416,0.13840238203481056,0.09379681482933594
1200.0,0.07667713612318039,0.10831243505999028,0.13194102494360813,0.09087033087060639
1202.0,0.08062636107206345,0.1076328332566328,0.13372083287008485,0.09074206732287295
1204.0,0.07577752321958542,0.10558031729424151,0.12759210909659457,0.0898096517422525
1206.0,0.12004763633012772,0.11109424413971986,0.1341786295780071,0.0880228997597873
1208.0,0.12827849388122559,0.11259318669782972,0.1375169092585087,0.08951982708649714
1210.0,0.1262800544500351,0.11572896915317053,0.1384975559251208,0.0921873228440409
1212.0,0.14473523199558258,0.10801984781973918,0.13200340096573987,0.09041846826426995
1214.0,0.1512303501367569,0.10695388683921161,0.13432575707779526,0.09314860030241566
1184.0,0.16662758588790894,0.10473359273195149,0.12923014867034002,0.09286092453810654
1186.0,0.10651236772537231,0.11103976018746456,0.13538372730325185,0.09094209710172367
1188.0,0.08582346141338348,0.11298584000214323,0.139622332162354,0.09264404653825159
1190.0,0.12038025259971619,0.11710503288271883,0.1403636135262974,0.09640438498493738
1192.0,0.09133052825927734,0.10823347671421572,0.13380956347214898,0.09379176006862512
1194.0,0.08947927504777908,0.1075778343917872,0.13683293551395692,0.09190102087987784
1196.0,0.08255065977573395,0.10515004738756197,0.13067622939179221,0.09171668654966549
1198.0,0.13018330931663513,0.11124216374827926,0.13555011495712613,0.08994063342441606
1200.0,0.11933358758687973,0.11410429014316775,0.13958092797893495,0.08983448997017773
1202.0,0.1498379111289978,0.11747950641603427,0.14067251629916788,0.09191360798760831
1204.0,0.15761518478393555,0.10901766407719818,0.13363619086772396,0.09096612671628913
1206.0,0.12249510735273361,0.10749566086212094,0.13493515913976661,0.09049403965864979
1208.0,0.11577603220939636,0.10504745521539807,0.1301033713543392,0.09059163425746602
1210.0,0.06123983860015869,0.11119657834401658,0.13450619441124773,0.08714354030364352
1212.0,0.06826640665531158,0.11377786275303681,0.13824459206822495,0.09130464563240795
1214.0,0.08755446970462799,0.11752092834513098,0.13912707136947774,0.0940830875995875
1216.0,0.08973433822393417,0.10912150314618557,0.13225926298183233,0.0916657699820432
1218.0,0.08658526092767715,0.10717887824688352,0.1347145191447678,0.09104089924380973
1220.0,0.10257866233587265,0.10531908787845108,0.12890475299315682,0.09055426422404322
1222.0,0.1220242902636528,0.11099380843509858,0.13390004937628855,0.08819196806425564
1224.0,0.14520475268363953,0.1132750766937897,0.1377204201021294,0.0897233530136637
1226.0,0.13656112551689148,0.11673340762516769,0.13779851575405835,0.09158882946874125
1228.0,0.1472107321023941,0.10868681432433412,0.1321041784679882,0.0902108416088915
1230.0,0.1444137990474701,0.1066811187938523,0.1346784606340588,0.09247411892038905
1232.0,0.13869835436344147,0.10465045746322889,0.12924078497097138,0.09222720530918407
1234.0,0.08726267516613007,0.11112121579905293,0.13464102374415648,0.09042355594374722
1236.0,0.09199659526348114,0.11314087215395528,0.1393486683024291,0.09168710594768563
1238.0,0.12848900258541107,0.11679405237189848,0.1392928011763934,0.09352714455426904
1240.0,0.10285241156816483,0.10937857712557228,0.1326090009113804,0.09244934449313774
1242.0,0.08426842093467712,0.10782594833581055,0.13598234958512168,0.09042673646847094
1244.0,0.12320127338171005,0.1074834780336786,0.13071038144126054,0.09181709264039081
1246.0,0.12373463809490204,0.11225623836249782,0.1349905593165244,0.08995755291199113
1216.0,0.11452552676200867,0.11463046161569115,0.1397302753364503,0.0900175119676145
1218.0,0.1308043748140335,0.11869819594685622,0.13888561395743262,0.09244198957655475
1220.0,0.12941835820674896,0.109751130205501,0.13221876821268397,0.09118864073264547
1222.0,0.1092478558421135,0.10829312203709161,0.13424945677429279,0.0913532775601857
1224.0,0.11736598610877991,0.10496907758244262,0.12933567749259597,0.09245499638174753
1226.0,0.06600376963615417,0.10910162608461095,0.13252820445403876,0.08845793428303587
1228.0,0.06308037042617798,0.11153634472729362,0.13605882527554286,0.09066159971970515
1230.0,0.08435414731502533,0.11330377482942883,0.1337871605865539,0.09191357203083629
1232.0,0.0844774916768074,0.10510122743765732,0.12823023981539922,0.08955744157847854
1234.0,0.0787416398525238,0.1046289823733976,0.132646310474236,0.0892948838456396
1236.0,0.09803697466850281,0.10223796005674773,0.12568248767686377,0.08920659237006073
1238.0,0.12399803102016449,0.10751250452385307,0.13174104214711735,0.08858889623670503
1240.0,0.12789906561374664,0.11052851250920236,0.13619331652850042,0.08980290991011651
1242.0,0.12562455236911774,0.11298946816566943,0.13548003378171727,0.09146652649196003
1244.0,0.14436358213424683,0.1057517080855615,0.13073220762469692,0.09171607738568763
1246.0,0.1322202980518341,0.10520899830298845,0.13470822364088564,0.09183108658700266
1248.0,0.12842877209186554,0.10297567462708206,0.1297038555954191,0.09195000979613784
1250.0,0.08399075269699097,0.10922961663464442,0.13545118834457112,0.09005525205299804
1252.0,0.07450659573078156,0.112273125496171,0.14105059117109475,0.09282915886828222
1254.0,0.10250509530305862,0.11478323086201807,0.1372963800333976,0.093901203806869
1256.0,0.09047555923461914,0.1081303254758385,0.13194603278211184,0.09324751917142189
1258.0,0.07983621954917908,0.10561561687493164,0.13549718720020656,0.08972098703346366
1260.0,0.14059092104434967,0.10437169655072656,0.13048354625329323,0.09268613968931282
1262.0,0.12710288166999817,0.1084579572920935,0.13345790141290928,0.09063848664018025
1264.0,0.12485731393098831,0.11217436225702784,0.14051483334909573,0.09125857655721878
1266.0,0.11714419722557068,0.11481921268173222,0.13708359005271953,0.09351240725614957
1268.0,0.11858289688825607,0.10911686888760613,0.13175993030789324,0.09266812276112203
1270.0,0.09860413521528244,0.10633586945142942,0.1346201651467265,0.09183762083313424
1272.0,0.10471464693546295,0.10350276018266437,0.13001139404557316,0.09110038443595965
1274.0,0.07767054438591003,0.10756377346825702,0.13222503402066457,0.08821804752195897
1276.0,0.07393772155046463,0.11071425265363716,0.13774035574045887,0.09350629238471075
1278.0,0.06894143670797348,0.11236116382385522,0.134974197413605,0.0936308079083401
1248.0,0.06786669045686722,0.10752862790379479,0.1296357201392709,0.09275916624199225
1250.0,0.06768763810396194,0.10447086649019881,0.1328425318729448,0.09075918178309367
1252.0,0.08928307145833969,0.10346880476188006,0.1300820112305306,0.0932510249506515
1254.0,0.10217105597257614,0.10731405584617931,0.13345003287526938,0.09154643444001714
1256.0,0.10148362070322037,0.11093964814561653,0.13867792524537154,0.09249684767291882
1258.0,0.09369102120399475,0.11287122192071179,0.13530740787529208,0.09389742748321273
1260.0,0.1004474088549614,0.10811031488197041,0.13003366662792992,0.09174325059178198
1262.0,0.10194569826126099,0.1041935959997811,0.13349299342240967,0.09281508677645595
1264.0,0.10098700225353241,0.10271326676695308,0.13121694512261486,0.0930312019459444
1266.0,0.07406099885702133,0.10629729810182416,0.1337528279932057,0.09001547730173849
1268.0,0.07320837676525116,0.1103099445591697,0.13955955449838742,0.09343812415838042
1270.0,0.09812476485967636,0.11231465987073434,0.13518064568181973,0.09453174169400452
1272.0,0.07517129927873611,0.10801725800497032,0.12978582532962427,0.09343506312844042
1274.0,0.06516505777835846,0.10423088276182318,0.1343463531544552,0.08981474082779926
1276.0,0.11017915606498718,0.10249145234662582,0.13033614471799557,0.0925377300505573
1278.0,0.1121906116604805,0.10524506409507106,0.13220536241242883,0.08900480653263501
1280.0,0.10319449007511139,0.10944419815292558,0.13843925607508434,0.09002146746461252
1282.0,0.09719783067703247,0.11089173801568343,0.1340183121697026,0.09147018472833154
1284.0,0.09180966019630432,0.10595487444033887,0.1281838323455019,0.09057003348674939
1286.0,0.07855727523565292,0.10233294068849924,0.1296420073334556,0.08876053658403532
1288.0,0.09219768643379211,0.1003323545290208,0.1287355735468877,0.08855530912570905
1290.0,0.05439933389425278,0.10281703061460769,0.1293544454440825,0.08551149643214949
1292.0,0.04775402694940567,0.10703712531437735,0.1352077939554978,0.089978286896103
1294.0,0.0560135617852211,0.10785156467457192,0.13107269657680784,0.09239435297788295
1296.0,0.060344159603118896,0.10394432279932374,0.12716575365526725,0.09052421558039611
1298.0,0.06347126513719559,0.1008474708382585,0.12891579295968728,0.0906662030141025
1300.0,0.07604099810123444,0.09861896496258639,0.12691831111926447,0.09207379520167235
1302.0,0.08554679155349731,0.10328509368937942,0.13059641896452498,0.09002053057192268
1304.0,0.08530288189649582,0.10770536631627703,0.13643293189326197,0.09088858482263816
1306.0,0.0800139456987381,0.10931142496761322,0.13307094729336752,0.09261143324209402
1308.0,0.08312053978443146,0.1052986305389756,0.12890851884145224,0.09042216447881767
1310.0,0.08115515112876892,0.10165676263822045,0.12937878584379117,0.09087198452041173
1280.0,0.08427556604146957,0.09862145491031934,0.12824647982495307,0.09201253998558312
1282.0,0.06508909910917282,0.10328703935861135,0.13168923190915702,0.08851751323426442
1284.0,0.061868224292993546,0.10757869416607128,0.13730890607908453,0.09099339298050634
1286.0,0.0852089375257492,0.1081158804848516,0.13339407866092523,0.09373884773377511
1288.0,0.07467525452375412,0.10453906076422897,0.1285243492517917,0.0922040819925837
1290.0,0.06747846305370331,0.10126366900444926,0.12870067140772096,0.08850528412258218
1292.0,0.08394187688827515,0.0981994575537235,0.12808930465014542,0.09077128382154866
1294.0,0.0930420532822609,0.10285192893848788,0.13037426111514597,0.08815496112675524
1296.0,0.10426486283540726,0.10678346572721685,0.135609922432693,0.08820894932010787
1298.0,0.08819159865379333,0.10733303602572271,0.13239238823225016,0.09070001505858892
1300.0,0.08153960853815079,0.10341288128710376,0.12755814847978694,0.08907101879670934
1302.0,0.07634653896093369,0.10035360915538673,0.127042871830926,0.08655134349920089
1304.0,0.06653111428022385,0.09678570873957183,0.12617461196271337,0.08483150201284914
1306.0,0.05230022221803665,0.10050683016799779,0.12782209924178092,0.0833906554983816
1308.0,0.03614593669772148,0.10510317245332451,0.1331608334209321,0.08608852998098306
1310.0,0.045884475111961365,0.10468471688260918,0.12891498065784435,0.0886382899866036
1312.0,0.050296954810619354,0.10133417721747917,0.12526208836761288,0.08895098664365515
1314.0,0.057023823261260986,0.09830508402419205,0.12403180496010266,0.0875297497335779
1316.0,0.0706356018781662,0.09563173721235646,0.12282791022496503,0.08903911410452849
1318.0,0.08592375367879868,0.10003025083924943,0.12556184758217093,0.08697155682582088
1320.0,0.07686810195446014,0.1051023844592741,0.13250366721525111,0.08797520251377423
1322.0,0.06691406667232513,0.1050746646072347,0.12985153045264694,0.0906016942591754
1324.0,0.0744890496134758,0.10166918795606791,0.12571295139274338,0.08776787662324897
1326.0,0.07675880193710327,0.09873533296666763,0.12600266450790196,0.08857138265910659
1328.0,0.0722118690609932,0.0954872600279996,0.12567360796045238,0.08793022804006266
1330.0,0.055028706789016724,0.10043082756507085,0.12880085629495872,0.08556631513071832
1332.0,0.04269742593169212,0.10566861848316354,0.13533669517638094,0.09025374516916294
1334.0,0.056746698915958405,0.10566090873504423,0.13161190766320086,0.09323899648779833
1336.0,0.05854278802871704,0.10191280716480736,0.1277029824038356,0.09226565598043952
1338.0,0.062457721680402756,0.09889013613436903,0.12763942500692782,0.08950218086847168
1340.0,0.08100974559783936,0.0963083759539125,0.1264852369675646,0.09115251354806077
1342.0,0.08056460320949554,0.1008371010924769,0.12929561750571766,0.08788115897331811
1312.0,0.08964106440544128,0.10560523129584007,0.1344323783204974,0.08713796008707554
1314.0,0.10567636042833328,0.10547613978417844,0.130903742213303,0.08982231038727964
1316.0,0.11282975226640701,0.10181560331979365,0.12670160666037703,0.09019536965795104
1318.0,0.09179999679327011,0.09830527825704481,0.12632747354867718,0.08659051133227377
1320.0,0.07536442577838898,0.09630237179776703,0.12585795751620263,0.0855689833131173
1322.0,0.04963582009077072,0.10014550846049554,0.1274996550481363,0.08285778059396337
1324.0,0.049002449959516525,0.10523263964415666,0.13267370150923738,0.08700048482222521
1326.0,0.057029321789741516,0.10566931288616828,0.1291871857383512,0.0890001538250705
1328.0,0.06605556607246399,0.10228924245679454,0.12574021261821447,0.08855328631062545
1330.0,0.0634295865893364,0.09769672600355435,0.124631997914662,0.08860769210073455
1332.0,0.07478594034910202,0.09621817252867579,0.1234742363848572,0.08875586120776902
1334.0,0.08572649210691452,0.10041113337105233,0.12694426198589118,0.08698638201593595
1336.0,0.0835212841629982,0.10593736641827119,0.1329281345805544,0.08871351178950572
1338.0,0.07932977378368378,0.10589228666615895,0.12997363592947658,0.09109843390002013
1340.0,0.0920228362083435,0.10267672866588885,0.1260694851457968,0.08886858361727991
1342.0,0.08326690644025803,0.09814786558445493,0.12474076955109722,0.08760530816697455
1344.0,0.0875513032078743,0.09665458843479433,0.12525757480515598,0.08737107110884533
1346.0,0.06547674536705017,0.1003027260975789,0.12871001089822656,0.08503905022512362
1348.0,0.05084275081753731,0.10620280230585126,0.13433663862227221,0.08889180074040165
1350.0,0.07236389815807343,0.10589002624508725,0.1320232436362683,0.09228210700577257
1352.0,0.07343213260173798,0.10264010248464621,0.12787184124552942,0.09021633989237633
1354.0,0.06631803512573242,0.09854855852088301,0.12626342429005233,0.08886567308976522
1356.0,0.07607698440551758,0.09688620377841693,0.12615129041747097,0.09095801173600986
1358.0,0.08356185257434845,0.1010091616016593,0.12944729526814863,0.08792414634393403
1360.0,0.10138382762670517,0.10626551298909695,0.1344727340641092,0.0875227230233905
1362.0,0.11284391582012177,0.10704297159411112,0.13365133100442872,0.09013064166334246
1364.0,0.11955613642930984,0.10247577577222663,0.12757017096100176,0.09073914172587612
1366.0,0.08753788471221924,0.09860482422779296,0.12527459231518043,0.08674345945382998
1368.0,0.08391430974006653,0.0973749116242724,0.12682031043235648,0.0862087691045298
1370.0,0.061979662626981735,0.10101451832362733,0.1294728303208306,0.08455409722639325
1372.0,0.062386129051446915,0.10699659032654268,0.13467275299642445,0.0874368101740499
1374.0,0.058365073055028915,0.10756927569061787,0.13307638099681787,0.08971567073789424
1344.0,0.0619860514998436,0.1037150956315616,0.12764124619612077,0.08922832154730799
1346.0,0.06556573510169983,0.10000316402795367,0.12654499551382475,0.08918463054576307
1348.0,0.0729464590549469,0.09852086872774328,0.1260544362679134,0.09055185074248123
1350.0,0.08613987267017365,0.10267213617192748,0.12982688979860935,0.08834749785403423
1352.0,0.09757410734891891,0.10733191458815537,0.13458908427126762,0.08988302170725088
1354.0,0.1033652201294899,0.10866909977348994,0.13281704540570846,0.09162737702718746
1356.0,0.11735807359218597,0.10404114777748444,0.1275298584617856,0.0895351501806189
1358.0,0.10906925052404404,0.10083545674770276,0.12778729305863815,0.09039522031296242
1360.0,0.116499163210392,0.09908498437976135,0.1273724187212574,0.09048312497664644
1362.0,0.06936383247375488,0.10185570260149229,0.13110391947318958,0.08804662889640141
1364.0,0.06270833313465118,0.10653396433485408,0.1370372346681262,0.0917379214444569
1366.0,0.07389558106660843,0.10780026693860445,0.13483665321124014,0.09477935097128257
1368.0,0.06939507275819778,0.10282773746632748,0.12885508275412172,0.09287217940911598
1370.0,0.0736805722117424,0.10010752451942224,0.129677367777424,0.09100745542653076
1372.0,0.07977653294801712,0.1000135552943954,0.12792590102513188,0.09272970793799469
1374.0,0.10642115771770477,0.10312411049449882,0.13163111494835747,0.08966060940969643
1376.0,0.1268533170223236,0.1081610213244523,0.13710893058102977,0.0898968576834494
1378.0,0.14610344171524048,0.11007344271672076,0.13601756958023378,0.09194795933423171
1380.0,0.14688757061958313,0.10535920905845964,0.1295717981242991,0.09154397239612665
1382.0,0.10418715327978134,0.10167296775854813,0.1295802690764016,0.08873616010515677
1384.0,0.09257257729768753,0.1007655989805067,0.12856137342802484,0.08877171741791424
1386.0,0.0678204596042633,0.10475576716525961,0.13230381181372827,0.08705738201167752
1388.0,0.07798157632350922,0.10864552513934674,0.13733059542119255,0.08961039884208943
1390.0,0.09101764857769012,0.11058062558849176,0.13460752294443376,0.09193155717268132
1392.0,0.08962727338075638,0.10545219692299881,0.12778460000213496,0.09073971514378033
1394.0,0.08893043547868729,0.10335668962816037,0.1304603373671611,0.09134115183088323
1396.0,0.09950494766235352,0.1022957012331847,0.12707029813145426,0.09207256033115886
1398.0,0.11427298188209534,0.1052351517280484,0.13061171949076666,0.09048847414303225
1400.0,0.12401038408279419,0.10995607820711925,0.13697082379463837,0.09167571695531951
1402.0,0.12573474645614624,0.11169639681609912,0.13444067890216038,0.09369201106499613
1404.0,0.14217813313007355,0.10530189194860626,0.12840585926603304,0.09178279109142409
1406.0,0.13205331563949585,0.10502395258566906,0.13225709776261937,0.09375643217316414
1376.0,0.13975419104099274,0.10467464913753671,0.13157340421996214,0.09288329065999826
1378.0,0.08163467794656754,0.10763062716403865,0.13540452237811057,0.09056608624266213
1380.0,0.07834222167730331,0.1107908438375656,0.14032819230355573,0.09542129873094084
1382.0,0.08994018286466599,0.11156857233800072,0.1372336641167055,0.09774877592427221
1384.0,0.07572077959775925,0.10526992418502862,0.1300073866171388,0.09566234568766378
1386.0,0.08161724358797073,0.10513966220635153,0.135457329459386,0.0932567477720777
1388.0,0.0878976434469223,0.10481521982910058,0.1327011530827245,0.09504709073602155
1390.0,0.13967956602573395,0.10884681714718561,0.13704226031045377,0.09385189439056146
1392.0,0.15288816392421722,0.11352947385188251,0.14206740444861793,0.0948568737365883
1394.0,0.18677781522274017,0.11564332346696059,0.13946429038569177,0.0947868294062809
1396.0,0.20345844328403473,0.1083500829758559,0.1312008751019804,0.09324841725121663
1398.0,0.15088309347629547,0.10828290209879997,0.13654313185495928,0.09489479275910752
1400.0,0.14878302812576294,0.10712383029578901,0.1329572645992977,0.09412632892765255
1402.0,0.08481478691101074,0.11101550103491988,0.1372432127471078,0.09382395230244037
1404.0,0.08153915405273438,0.11525095903279996,0.14200415553844625,0.09500736539216109
1406.0,0.10706526041030884,0.11590571065636514,0.13972118566016392,0.09734177698784002
1408.0,0.10932952165603638,0.10864007406482079,0.13059440380755857,0.09411588826210558
1410.0,0.11378400027751923,0.10789317175377465,0.1366926272377955,0.0941612130120086
1412.0,0.11451303958892822,0.106401131844021,0.13138353553697862,0.0945590398731576
1414.0,0.1324615329504013,0.11048690670246306,0.13604374500613317,0.093741464590561
1416.0,0.14906495809555054,0.1150101000723336,0.1406620043816922,0.09477245207852766
1418.0,0.1456403136253357,0.1158560621412465,0.1394921273997431,0.0952889809358934
1420.0,0.1551300436258316,0.10859336867007077,0.13032436837693975,0.09184836490925434
1422.0,0.141501322388649,0.10795618469254999,0.13589219865338562,0.09534909081976069
1424.0,0.15130142867565155,0.1064765670847342,0.13202309482397892,0.09494470511069625
1426.0,0.10501103103160858,0.1101978089516704,0.13608969261862205,0.0926298103620876
1428.0,0.10761401802301407,0.11459698198030316,0.14055926972239846,0.09484688898118133
1430.0,0.11875447630882263,0.11586365508040801,0.1401349881833467,0.09813543156530807
1432.0,0.1075587272644043,0.10902330803663948,0.13144145923541076,0.09514040218682887
1434.0,0.09940363466739655,0.10896383792566679,0.1380081705970099,0.09383603827556448
1436.0,0.11075908690690994,0.10694330739155755,0.1330607130739277,0.09558600168089731
1438.0,0.13857392966747284,0.11160782613644872,0.13791206048872792,0.09405005155892802
1408.0,0.16558335721492767,0.11617691831616543,0.14237550243500494,0.09481411680426886
1410.0,0.17908991873264313,0.11827451970300663,0.14238986141363635,0.09506808394278994
1412.0,0.19570845365524292,0.11024614921526167,0.13241130985430616,0.09486874551685366
1414.0,0.15118855237960815,0.10911962441811376,0.13709194101161984,0.09430480080479621
1416.0,0.14507107436656952,0.10736119750255656,0.13253959072540009,0.09334636065816443
1418.0,0.09279315918684006,0.11257678164676453,0.13648753053546667,0.09298811538783874
1420.0,0.08935371786355972,0.11603954728012597,0.1413575902114343,0.09434968289984402
1422.0,0.1081850454211235,0.11806699575890635,0.14071705009169755,0.09740930870062871
1424.0,0.10554402321577072,0.11055934121529033,0.1314689755756676,0.09504006227962307
1426.0,0.11559368669986725,0.10980848491373928,0.13809537608031422,0.09437997675333286
1428.0,0.10623450577259064,0.1067247011987646,0.131075310996826,0.09459785220413836
1430.0,0.13258716464042664,0.11243823820821158,0.13716346210568833,0.09362565289577053
1432.0,0.16022305190563202,0.11588679636360047,0.1410224623634205,0.09446455245709934
1434.0,0.1668921858072281,0.11784597813663958,0.14036765992012246,0.09494482221220357
1436.0,0.16852138936519623,0.1107172904621399,0.13119791579514634,0.09242293994104468
1438.0,0.15231293439865112,0.10970175899531326,0.13751659296958205,0.09593894874654035
1440.0,0.15796074271202087,0.10616505878113278,0.13201383864934013,0.09548179621834273
1442.0,0.09746395796537399,0.11226388998889415,0.13684309469728284,0.09317860054371147
1444.0,0.0981183722615242,0.11518158823681394,0.1412742944729269,0.09445473089828914
1446.0,0.1219848245382309,0.11764916407984126,0.1413670992849814,0.0994129075123002
1448.0,0.09472262114286423,0.11099660811558844,0.13187424875044337,0.09640114721031642
1450.0,0.0934935063123703,0.1101003755336716,0.13972822556921624,0.09383381865701011
1452.0,0.12960313260555267,0.10751432580728487,0.13363684209500304,0.09585146374044201
1454.0,0.11077780276536942,0.11276941078730958,0.13920622411926445,0.09333531598133349
1456.0,0.14628025889396667,0.11669647446399893,0.14321846098527205,0.09410600845040952
1458.0,0.194225013256073,0.11918908359360586,0.14282958483619865,0.09542918360270153
1460.0,0.1796424835920334,0.11173888345817197,0.1328631721931506,0.09499324377276204
1462.0,0.17592105269432068,0.11102810840003813,0.13853263954601827,0.09604563137284071
1464.0,0.12287911772727966,0.10841608966324055,0.13241673403832174,0.09353118371027387
1466.0,0.08159586042165756,0.11327341827199627,0.1368569610902637,0.09274983104725729
1468.0,0.06944038718938828,0.11714806205394082,0.1425094194339885,0.09558564427198002
1470.0,0.09209907799959183,0.11985923878800389,0.14075784856118234,0.10002779577809105
1440.0,0.10272575914859772,0.11349913687339817,0.13249138808622807,0.0976081475684735
1442.0,0.10094086825847626,0.11195949294407823,0.13847241010066555,0.09727460277263048
1444.0,0.11324054002761841,0.10788169625024192,0.13149217666884433,0.0957295553885757
1446.0,0.15521778166294098,0.113203780008266,0.137457904755672,0.09706775648845078
1448.0,0.15678194165229797,0.11652042703568356,0.140835263963206,0.0977036179941006
1450.0,0.14731253683567047,0.11865650263171995,0.14058771090946967,0.09695399302047904
1452.0,0.1654721200466156,0.11294855989474381,0.13397881298715203,0.09585647839809167
1454.0,0.13816049695014954,0.11296075491556046,0.13925986954128844,0.0994186715276617
1456.0,0.13807739317417145,0.10808092645509702,0.1330921659960617,0.09746492773478065
1458.0,0.11229974776506424,0.1130476300537294,0.1377090281533971,0.09582592896144672
1460.0,0.11124350875616074,0.11658604210101986,0.14164528525968037,0.09556149136913335
1462.0,0.14739879965782166,0.11960936966084015,0.14183649286996766,0.09905480408898294
1464.0,0.13971084356307983,0.1146626455962326,0.1338059917163209,0.09775506598741292
1466.0,0.13072222471237183,0.11421258700521636,0.14052800888995556,0.09607101099411414
1468.0,0.112145334482193,0.10960471582242114,0.13467980864579063,0.09430627694893126
1470.0,0.1353812962770462,0.11441735008417107,0.13926608011942146,0.09447819755201481
1472.0,0.1386626809835434,0.1173492342594118,0.14293902345266735,0.09366707690310702
1474.0,0.14540326595306396,0.1195467972426132,0.14248508646666666,0.09378482513983542
1476.0,0.14006632566452026,0.1141889686498069,0.1339322581913205,0.09248096152280155
1478.0,0.11310598254203796,0.1133311476785491,0.1390699736931072,0.09282091389191645
1480.0,0.1080610528588295,0.1093792610245495,0.13484747713570222,0.09050321922740913
1482.0,0.0928664430975914,0.11422801518230989,0.13854762019467215,0.09104575373088486
1484.0,0.07232002913951874,0.11725130371582901,0.142602004526055,0.09234248703019553
1486.0,0.08144722133874893,0.1197728979555675,0.14218436271195,0.09721405897039737
1488.0,0.07578112930059433,0.11385379864982585,0.1338685244520291,0.0963489983478636
1490.0,0.08496605604887009,0.11288437711357475,0.1384991055055943,0.09467225873500563
1492.0,0.09038060903549194,0.10840638466869064,0.13344823962684532,0.09416773853984459
1494.0,0.11093954741954803,0.11299415801406813,0.13818365593419155,0.09261647426754947
1496.0,0.1299285739660263,0.11652875289946305,0.14141473485022196,0.09379443880031647
1498.0,0.12028435617685318,0.119332035962209,0.14158865430416748,0.09288611837214389
1500.0,0.14643314480781555,0.113545902879735,0.13370378414500042,0.09196991613605904
1502.0,0.13767947256565094,0.11293369656208724,0.13820543676999975,0.09518288717614866
1472.0,0.13094568252563477,0.10794438442470251,0.13347051450042402,0.09312101988359393
1474.0,0.08185462653636932,0.11301602942735167,0.13761741997342963,0.09163307983852591
1476.0,0.07321441918611526,0.11616058436685531,0.1411606568270927,0.09295336666692933
1478.0,0.09084372222423553,0.1193546966449402,0.1416108092538056,0.09643074873230617
1480.0,0.08926000446081161,0.11356530997460146,0.13354837807774542,0.09526097845491606
1482.0,0.09985000640153885,0.11282503787981363,0.13883564358224146,0.09428952527534845
1484.0,0.08143658190965652,0.10817533239404752,0.133917356544395,0.09347721490165263
1486.0,0.08394774794578552,0.11326007152477793,0.1390115743471737,0.09229827461508791
1488.0,0.11947570741176605,0.11582523077603667,0.1418920059283474,0.09163098219593269
1490.0,0.13836760818958282,0.11872663891885883,0.14188368260415524,0.09231318069379926
1492.0,0.152011901140213,0.11385582711594454,0.1335671678985111,0.09208720840078972
1494.0,0.13017381727695465,0.11272524656149456,0.1375124340585185,0.09373740590079459
1496.0,0.10110845416784286,0.10877926264954708,0.13277358776025386,0.08933876686267221
1498.0,0.0570342093706131,0.11349990925497591,0.13754200797835175,0.08982709189165393
1500.0,0.05463356897234917,0.11640113348348624,0.14140327894668678,0.09172570257978499
1502.0,0.0768708735704422,0.1197164220448596,0.14228898127025247,0.09650415388666721
1504.0,0.06985452026128769,0.11369061072115617,0.13292271331708072,0.0952524208783967
1506.0,0.07950866967439651,0.11301969201307575,0.13754974522972982,0.09529575303146406
1508.0,0.08263389021158218,0.10821120628426865,0.1307974210392107,0.09281914149137917
1510.0,0.11206797510385513,0.1141510066663821,0.1380566665301948,0.09307454766821609
1512.0,0.12742018699645996,0.1169448183633031,0.14183350522603003,0.09360209961665321
1514.0,0.11286032199859619,0.1208246118108189,0.14298462968071116,0.09372126548082486
1516.0,0.140029177069664,0.11500298869024154,0.1351723094255238,0.09457746947420556
1518.0,0.14622080326080322,0.11487958006571088,0.141011723490636,0.0987524132588637
1520.0,0.15419748425483704,0.1106347295789787,0.13727418629584662,0.0960607161433439
1522.0,0.09801989793777466,0.11714589886528057,0.14239476721152278,0.09449177712281856
1524.0,0.07026327401399612,0.1187567810702808,0.14748692432477004,0.09823570175142676
1526.0,0.08933530747890472,0.12241853918040745,0.14720987297994334,0.1015429496858693
1528.0,0.0821596011519432,0.11579128731786749,0.13680161466203217,0.09994454072260518
1530.0,0.08520423620939255,0.11510778740148372,0.14293242123210836,0.09745762777398626
1532.0,0.08593229204416275,0.11137874960049327,0.1382340192823555,0.09750252648392053
1534.0,0.12588757276535034,0.11915660458648478,0.14387554167753466,0.09846118058312804
1504.0,0.13620679080486298,0.12235121017073554,0.14860798678163994,0.09631177503452668
1506.0,0.16860102117061615,0.12552936836077172,0.14795704511829214,0.09578432523816378
1508.0,0.16136136651039124,0.1188271685490232,0.13841332696221317,0.09698527959203855
1510.0,0.1342751681804657,0.1172012317158661,0.14317473655178006,0.09642825272361435
1512.0,0.12807075679302216,0.11261452488131272,0.13707014473463497,0.0935055319684313
1514.0,0.08571366965770721,0.12048920631331404,0.14229970980288476,0.0926046174540586
1516.0,0.08326733857393265,0.12309090687513331,0.147701923918673,0.09598949976810847
1518.0,0.09609688073396683,0.12606928400303238,0.1461366173793118,0.0989109947206476
1520.0,0.09867957979440689,0.11918605499846233,0.13753898852160543,0.09895416353748426
1522.0,0.1005592942237854,0.11739267803527659,0.1433694530665157,0.09813690956526445
1524.0,0.09030637890100479,0.11352656231336154,0.13651417629289894,0.09776316847480858
1526.0,0.1170935407280922,0.12042076761311468,0.14323131783518808,0.09737324806591685
1528.0,0.15233559906482697,0.12333325201168067,0.14785148979418536,0.09823288893556961
1530.0,0.14666834473609924,0.1263281678888787,0.14658599112096246,0.09608920512769002
1532.0,0.16360314190387726,0.11929645197381439,0.1382621068625984,0.09685943680270284
1534.0,0.1675957292318344,0.11651384559242346,0.1433215331788329,0.09930848241285198
1536.0,0.16050107777118683,0.11320319576160615,0.1371728979686404,0.09670051930151309
1538.0,0.11283648014068604,0.11985906063006135,0.14335645360719204,0.0957823868830308
1540.0,0.09282588958740234,0.1240479709487174,0.14875207931366347,0.09718706982188098
1542.0,0.12802499532699585,0.12658426373281628,0.14749427596663464,0.10047871996921978
1544.0,0.10940119624137878,0.120168227126505,0.1394032470156568,0.09878043067484187
1546.0,0.09448003023862839,0.11822046625088346,0.14483973109729903,0.09569142805352605
1548.0,0.10171380639076233,0.11489487798740465,0.13905096845201567,0.09788031046065594
1550.0,0.1106754019856453,0.12062952261777556,0.14436707933746568,0.09824448154098592
1552.0,0.13104313611984253,0.12446143922604155,0.14888248946752347,0.09757950699874557
1554.0,0.16238711774349213,0.12735104246160558,0.1481132113657166,0.09717799693509187
1556.0,0.16715626418590546,0.12078448794181043,0.13947750061561667,0.097486319266079
1558.0,0.1378142535686493,0.1194364055663097,0.1435718233753758,0.09645572187788885
1560.0,0.13104981184005737,0.11565491095993354,0.1378110532651296,0.09398687349989081
1562.0,0.08461521565914154,0.11968312922318619,0.14255447566056548,0.09259828269939466
1564.0,0.08330945670604706,0.1243995888972187,0.1470804125115168,0.09565927186360566
1566.0,0.0980149433016777,0.1265007395605697,0.1460458012906627,0.0995843424513568
1536.0,0.09311217069625854,0.11998193899023901,0.13834151538994294,0.09825771202973442
1538.0,0.10820028185844421,0.11908512382065664,0.14364910351675134,0.09713408833064782
1540.0,0.11316017806529999,0.11524546499845782,0.136693078698635,0.09791446842644823
1542.0,0.12550871074199677,0.12017722765911482,0.14312845553747072,0.0980652233353318
1544.0,0.1401178240776062,0.12524902005067332,0.14822270798997075,0.09817524816226014
1546.0,0.1308709979057312,0.12684080226829583,0.14732271729830265,0.09715470132025886
1548.0,0.14255857467651367,0.1216069410613283,0.14065162417118088,0.09749641448800168
1550.0,0.15094049274921417,0.1201723537030319,0.1458401618902551,0.1001886798740895
1552.0,0.16158241033554077,0.11592704293013507,0.13942547829958024,0.09815564423797146
1554.0,0.1263798028230667,0.12112722980804022,0.14666876031676182,0.09647501538167749
1556.0,0.10209408402442932,0.126103187794262,0.151423211722244,0.09952147551640657
1558.0,0.13549478352069855,0.12877152276424908,0.14982985969500168,0.10373486053599225
1560.0,0.12081677466630936,0.12356874225842143,0.1426962487898863,0.10071424538387888
1562.0,0.1004510149359703,0.12111889363321865,0.1478947682478939,0.09791662079901954
1564.0,0.11465742439031601,0.11634653372439484,0.14103667233850184,0.09981342254758413
1566.0,0.15646760165691376,0.12157027520168083,0.1471329345770299,0.09937756467145556
1568.0,0.15238861739635468,0.12653292150679896,0.15111623792073553,0.09894553352296183
1570.0,0.1568562388420105,0.1293285098084667,0.14886244620441932,0.09776903725127313
1572.0,0.12215490639209747,0.12320445400738768,0.14235001949787138,0.097049080468675
1574.0,0.11367832124233246,0.1211167865058148,0.14673871337425787,0.0968302597741998
1576.0,0.10857141762971878,0.11611495367536402,0.14072311595711556,0.09472570378396931
1578.0,0.09175946563482285,0.12114640681049699,0.14497972355528058,0.09235315650205393
1580.0,0.07468084990978241,0.1264002209503057,0.1497953944784034,0.09640562394128699
1582.0,0.09085633605718613,0.12853151323458042,0.14808943950563921,0.10105298340608954
1584.0,0.09238378703594208,0.12347261236415795,0.14191986812938479,0.1005186045178979
1586.0,0.11340830475091934,0.1206046670729346,0.14677751543028414,0.09852429696139463
1588.0,0.11021026968955994,0.11553599517098076,0.1391242041023496,0.09972462878146478
1590.0,0.12257907539606094,0.12101368384081669,0.14498871336735333,0.09928030475705603
1592.0,0.14397035539150238,0.125607190016265,0.14934375374344303,0.10053336110777365
1594.0,0.1396252065896988,0.12723607540901255,0.14697202098614387,0.09770728412209877
1596.0,0.156117245554924,0.12304886620854406,0.14150380936994325,0.09749516203194988
1598.0,0.15089237689971924,0.12005031074872995,0.14592513914365615,0.09995407245635182
1568.0,0.15109916031360626,0.11501971341600682,0.13964772550880888,0.09764501840818562
1570.0,0.10009364038705826,0.12058290733764462,0.14446380298012385,0.09466476155835957
1572.0,0.09635704010725021,0.12546924250532865,0.14922539702283474,0.09858915208269906
1574.0,0.12742303311824799,0.12731398620894685,0.14706715503422388,0.10113915171519466
1576.0,0.12139059603214264,0.12290897019847041,0.14073020525061145,0.10044443016162852
1578.0,0.1095011830329895,0.12025520226389895,0.14584521028065628,0.09834248433624597
1580.0,0.11361756175756454,0.11521858094728091,0.13899099942354326,0.09921565776644027
1582.0,0.14503426849842072,0.1205112099077755,0.1441076236626081,0.09856593707241976
1584.0,0.14414431154727936,0.12565724695609412,0.1498301401470141,0.10008531812214892
1586.0,0.1463118940591812,0.1277716551702718,0.14750361597694014,0.09806482744572859
1588.0,0.14925935864448547,0.12286157415078228,0.14090941047784605,0.09808707943611247
1590.0,0.1158754974603653,0.12061068572723821,0.1464151805464042,0.09770750474064273
1592.0,0.10207199305295944,0.11582032091419242,0.139658963053681,0.0943425830478775
1594.0,0.07545706629753113,0.12127916812779399,0.1448782215838179,0.09295233340830465
1596.0,0.060100194066762924,0.12601901387333292,0.1501500306731111,0.09786304529593542
1598.0,0.08340143412351608,0.12805531529548733,0.14731979668593995,0.10162297274924637
1600.0,0.07818610966205597,0.12332007249833826,0.14061391283376656,0.10063998000543153
1602.0,0.09014818072319031,0.12040366654488704,0.14634040389876626,0.09867753095342725
1604.0,0.10164615511894226,0.11571714804158685,0.13857490119348326,0.1000754438083864
1606.0,0.11230305582284927,0.12155317422663585,0.14494125786398626,0.09901900262806924
1608.0,0.12815864384174347,0.12672969617205812,0.15017937710412188,0.10080911166364072
1610.0,0.11738182604312897,0.12848577637639835,0.14776426240072146,0.09840495433724215
1612.0,0.13475897908210754,0.12390714512706397,0.14173242926923263,0.09736918678083373
1614.0,0.13260287046432495,0.12033184716583532,0.1460150322743491,0.1005089109508797
1616.0,0.13287301361560822,0.11558313828257939,0.14009069078480138,0.09847679857705384
1618.0,0.10618837922811508,0.12120729766063261,0.14551740005191968,0.09587916403750553
1620.0,0.08853714913129807,0.1267871616933096,0.15044787337087476,0.09891341937370113
1622.0,0.12699593603610992,0.12885515259749367,0.14843460965147556,0.10226570963397635
1624.0,0.09957681596279144,0.1244125769297477,0.14282676181595094,0.10067173745193153
1626.0,0.08285125344991684,0.12109904211342161,0.14653957522909725,0.09710444348650439
1628.0,0.11659090220928192,0.11598449717294589,0.139846187450573,0.09951479072660963
1630.0,0.13299506902694702,0.12150177460859934,0.14505485820453556,0.09786175546384866
1600.0,0.13990142941474915,0.12667001017735846,0.15259171429982457,0.09966197132473703
1602.0,0.12111067026853561,0.12927405464273992,0.14959302820781017,0.09918620691644264
1604.0,0.12433745712041855,0.12436747250255112,0.1440087514172472,0.09944735502416985
1606.0,0.09332140535116196,0.11987939214907845,0.1448980540870049,0.09785618853409578
1608.0,0.09561607986688614,0.11411169026354945,0.13833846229960226,0.09489377260416858
1610.0,0.07092257589101791,0.11809434910548794,0.14146618249826168,0.09213317046298122
1612.0,0.05679961293935776,0.12280276041840527,0.14832717720840866,0.09783452050367099
1614.0,0.07193959504365921,0.12440065251898097,0.1457316765522204,0.10176491198631808
1616.0,0.07317176461219788,0.12071678553994976,0.14036352624494275,0.10023044749964266
1618.0,0.0816207230091095,0.11779843403024713,0.14365011531486227,0.09925990723056323
1620.0,0.09536241739988327,0.11319253697863689,0.13762355299766038,0.09941578987967863
1622.0,0.0994056984782219,0.11861380514235628,0.14260311529600084,0.09835053584945051
1624.0,0.11504391580820084,0.12361337289883217,0.14903277800679746,0.10032657889859169
1626.0,0.10320677608251572,0.12553036906576026,0.14599874383996264,0.09864343689088027
1628.0,0.11895805597305298,0.12102430253167351,0.14070173130320585,0.09810669201197708
1630.0,0.11477186530828476,0.11799818394554228,0.14363742450564007,0.09981790581454492
1632.0,0.11510594934225082,0.11255596159297826,0.13789363315791647,0.0993690582366782
1634.0,0.09510966390371323,0.11799622306142744,0.14216698386833335,0.09634047063874712
1636.0,0.083811454474926,0.12278689257001042,0.14872996331681818,0.09970253870137637
1638.0,0.11467406898736954,0.12390505423617869,0.1457320522522832,0.10304604312318172
1640.0,0.0973878800868988,0.1204624487774588,0.13993677598435755,0.1020282192548298
1642.0,0.08254377543926239,0.118165385648242,0.14305536340373742,0.0985797744068594
1644.0,0.10417293757200241,0.11248135007691885,0.13837047250079654,0.09789992948371397
1646.0,0.13254554569721222,0.11671390453610121,0.14126237712862666,0.0959070018077238
1648.0,0.12848307192325592,0.12064706110124716,0.14642333537889077,0.09791615056984963
1650.0,0.10883374512195587,0.12196052456692782,0.14440417250944845,0.0974812841707728
1652.0,0.11260123550891876,0.11905688109451296,0.13833602699514583,0.09794537367120894
1654.0,0.08136101067066193,0.11639952226420634,0.1400137953263071,0.09585322020632941
1656.0,0.098384790122509,0.1112448248242598,0.13695026308209848,0.09373107364982092
1658.0,0.07725700736045837,0.11484876960950707,0.13916844531788677,0.09106062514748371
1660.0,0.061657700687646866,0.11915251871138106,0.14414950091849413,0.09662904252931061
1662.0,0.06315349787473679,0.12084056583747453,0.14128965808979912,0.09917348258584138
1632.0,0.0654127299785614,0.1165011116435327,0.13535385651146878,0.09806045870990493
1634.0,0.07435473054647446,0.11377445124625395,0.1379948043115977,0.0975070938139694
1636.0,0.08420970290899277,0.11035531083985131,0.13497247801549433,0.09771646015644393
1638.0,0.09629704058170319,0.11434216428508949,0.13811190185714436,0.09690106688004646
1640.0,0.10728871822357178,0.11848472479807803,0.14301018120717615,0.0968283380597888
1642.0,0.09592942893505096,0.12092184413634546,0.14083878945707493,0.0960470542660228
1644.0,0.09982214868068695,0.11681225854192488,0.13580312340445175,0.09583916365179085
1646.0,0.09959454834461212,0.11374113960787602,0.13877778779427105,0.0970619394286727
1648.0,0.0988413542509079,0.11052737923826755,0.13705277993112128,0.09637512336163714
1650.0,0.08145563304424286,0.1147077805776667,0.1400739533662686,0.09331496838529545
1652.0,0.07253867387771606,0.11934065134782115,0.14623400571889394,0.09802025056447393
1654.0,0.10201071947813034,0.12151726166054332,0.14296781446686727,0.10123287351817009
1656.0,0.07618721574544907,0.11840179046025541,0.13823214742313417,0.10147415862797673
1658.0,0.06931035965681076,0.11671823645544284,0.14161627493746495,0.10020004653274434
1660.0,0.10434021800756454,0.11333473454973833,0.14051144340683724,0.10210985058280198
1662.0,0.1130298599600792,0.11787091698895438,0.14248784830452216,0.09926479295382445
1664.0,0.12100730836391449,0.12345935940526596,0.15034307020313323,0.10064951514103426
1666.0,0.11002791672945023,0.12563389609619333,0.1484856099466574,0.1025093948966985
1668.0,0.11397092044353485,0.12326139653013493,0.14414311153068446,0.10298639410296015
1670.0,0.09396861493587494,0.11948195197251979,0.14414408836228645,0.10207460360905651
1672.0,0.08881689608097076,0.11539190449700655,0.14378800473870273,0.09924909098911051
1674.0,0.0691455528140068,0.11779691454569098,0.14380513588728291,0.09524287622004945
1676.0,0.05088771507143974,0.12106878144910924,0.1472681933120995,0.09922126671781725
1678.0,0.06358618289232254,0.12242813957760114,0.1464558281198574,0.10360585076437068
1680.0,0.057386744767427444,0.11911500080836769,0.13935881428186275,0.10471973916504976
1682.0,0.05669102817773819,0.11697844338572719,0.14037113776651855,0.1017332080370009
1684.0,0.07322241365909576,0.11242266739024168,0.1379866983055726,0.10438744920901065
1686.0,0.09372038394212723,0.11590602271212194,0.13991110295700732,0.10112070121140074
1688.0,0.1098010465502739,0.11975317111536567,0.14513984904072066,0.10361319295837923
1690.0,0.103786900639534,0.12099374091615993,0.14289234352006547,0.10126547594534144
1692.0,0.08858799189329147,0.1182651726105132,0.13718626022252273,0.09890974623868462
1694.0,0.07171947509050369,0.11582886391631929,0.13880989144202627,0.10018685057759846
1664.0,0.06754172593355179,0.11141724038587371,0.1368578782905341,0.0984127126312682
1666.0,0.061404649168252945,0.11543898979693328,0.1394952910902709,0.09801239024927363
1668.0,0.058208074420690536,0.11908071781214057,0.14508299086170479,0.10326547756060785
1670.0,0.07794439792633057,0.12091245703997684,0.14438089181027866,0.10813283275719635
1672.0,0.06029977649450302,0.11799012625860063,0.1376839818483907,0.1049046038234017
1674.0,0.06547552347183228,0.11463174143266429,0.140831969728601,0.10227779689718003
1676.0,0.07196328043937683,0.10962609861776222,0.13807922906888256,0.10232063989807626
1678.0,0.08120963722467422,0.11333857360121556,0.14031657886730653,0.09850708418573664
1680.0,0.09071269631385803,0.1160195599637043,0.14234905757429922,0.09680244078684354
1682.0,0.10625253617763519,0.1173190731277718,0.14100907307265392,0.09789756622953644
1684.0,0.11665528267621994,0.11467941829544143,0.13420033083818125,0.09819217086331271
1686.0,0.0897337943315506,0.11102388758940167,0.13489744263703696,0.09753567197993265
1688.0,0.07189849019050598,0.10814187128088881,0.1348393416049944,0.09362338074627218
1690.0,0.05977943539619446,0.11283998686962514,0.1385799396271642,0.09151121106201397
1692.0,0.05315704643726349,0.11601929029014962,0.14115929745793537,0.09641189704258046
1694.0,0.0685361996293068,0.11780846278868641,0.1396702364090629,0.10026786723307012
1696.0,0.06965606659650803,0.11482253699643243,0.13333472767885238,0.09964921693919802
1698.0,0.06994766741991043,0.11142795565421353,0.1356108391172746,0.10045365776835209
1700.0,0.0721699446439743,0.10784668665656459,0.1336057362188522,0.10145535313266031
1702.0,0.08819660544395447,0.11307813665403144,0.13840422749315853,0.09839413768084858
1704.0,0.1037118136882782,0.11631352882233227,0.14142401267853488,0.09843215527772285
1706.0,0.08874331414699554,0.11798257627445986,0.14027567253011125,0.09803093008664207
1708.0,0.09531453996896744,0.11472539679997187,0.13520628874338242,0.09849520722865725
1710.0,0.08165521919727325,0.11258153501511559,0.13800523773189716,0.10119592095180506
1712.0,0.0850391685962677,0.10878674669921909,0.13649457277122368,0.09829722871501613
1714.0,0.07705579698085785,0.11342409353774165,0.1412419259758159,0.09525233632353225
1716.0,0.05924602597951889,0.11742221255432331,0.145505897799814,0.10209377680585273
1718.0,0.09231498092412949,0.11820718977793833,0.14311253414292838,0.10740945534887487
1720.0,0.09638833999633789,0.11462530358634808,0.13742336119130477,0.1061636057850886
1722.0,0.08776956051588058,0.11185053795514338,0.13990182059978,0.10272640592768584
1724.0,0.08912378549575806,0.10889612384631181,0.13768897573689332,0.10240852177918323
1726.0,0.1013847291469574,0.1129183527139391,0.14121225675539786,0.10034433773032449
1696.0,0.10351764410734177,0.11602051359772801,0.14544280152708114,0.0993079745659767
1698.0,0.11794998496770859,0.11765685486485426,0.14328341983820436,0.09960736554964718
1700.0,0.11400005966424942,0.11415000108474259,0.13686616051211684,0.09949543942665097
1702.0,0.09472750872373581,0.10983041926520895,0.13580707252792404,0.09765980340631643
1704.0,0.07721376419067383,0.10797507863664349,0.13498692117401892,0.09131838767125017
1706.0,0.05321859195828438,0.11198920135192075,0.13852412040041837,0.08964564876768247
1708.0,0.040591049939394,0.11475301477503387,0.14230710266868823,0.09654386858837176
1710.0,0.04772523045539856,0.11633005608518729,0.13975181511723517,0.10160548939736538
1712.0,0.04967609420418739,0.11257789995308806,0.1341681728665888,0.10028955904337006
1714.0,0.0644252672791481,0.1094687411331404,0.13480606595202882,0.09988959692265102
1716.0,0.07124314457178116,0.10598961641789874,0.13368294673326198,0.10097453435900022
1718.0,0.08942321687936783,0.11208183326312864,0.1386459299400749,0.10028131288827152
1720.0,0.10224331170320511,0.11490183238841349,0.14208092227786306,0.09995163393285096
1722.0,0.09367410838603973,0.1167592406311832,0.14081169530951287,0.09933230895542094
1724.0,0.09523530304431915,0.11254757429896763,0.13502063210515594,0.09506674623012609
1726.0,0.08089320361614227,0.10946723024216908,0.134430848372652,0.09813159686372544
1728.0,0.08433610945940018,0.10608568215326591,0.13319751025516535,0.09661575223152857
1730.0,0.07166417688131332,0.11187178893936184,0.13877726899963216,0.09603289575883199
1732.0,0.05841163918375969,0.11384307330272737,0.14174862165119073,0.09921765817373869
1734.0,0.0814042016863823,0.11641061181756768,0.14056789587678392,0.10445636838467061
1736.0,0.08154335618019104,0.11281739884123475,0.13480720638084828,0.10189586585891525
1738.0,0.07677368819713593,0.10973942548834215,0.13596273724014613,0.10100283373845954
1740.0,0.08920927345752716,0.10695727499937056,0.13395832746203704,0.10202309525164312
1742.0,0.0914887934923172,0.11217915840554528,0.13920119168147493,0.10161472542072357
1744.0,0.09886251389980316,0.11363679718881112,0.14209456847543,0.09937144620288527
1746.0,0.10334889590740204,0.11589985344012947,0.1406776627380544,0.10054113297701338
1748.0,0.11044707894325256,0.11288296731010057,0.13491738156468547,0.09856122597819611
1750.0,0.09243800491094589,0.10904057304724163,0.1348801491334043,0.09722138546324857
1752.0,0.07189596444368362,0.10732442352460128,0.1342052457880916,0.09141037033698889
1754.0,0.050333648920059204,0.11203992853580401,0.138967120671186,0.09102080738048465
1756.0,0.038588061928749084,0.11388099260275171,0.14199316078211036,0.09595890737710268
1758.0,0.05839638411998749,0.11587696562303117,0.14022773259381652,0.10138655979973143
1728.0,0.061034590005874634,0.11287413712426844,0.13382726582497642,0.09963171592520018
1730.0,0.06923790276050568,0.10911435700627639,0.13507457263356498,0.10077318596501096
1732.0,0.0760444924235344,0.10703771429285207,0.13386649336214998,0.10171844793881771
1734.0,0.08662576228380203,0.11210346084562174,0.13911683334636224,0.10045107235264443
1736.0,0.09995360672473907,0.1143134797067681,0.14161462700644123,0.09963527430597327
1738.0,0.0982765182852745,0.11616223996178965,0.14074584326808634,0.0992545710985722
1740.0,0.09415457397699356,0.11374188395638218,0.13490468082760765,0.09602835475994659
1742.0,0.0728665217757225,0.11007109516895973,0.135732324167301,0.09863817669594535
1744.0,0.07535627484321594,0.10605585760271223,0.13302467716449082,0.09710033283490192
1746.0,0.06640192866325378,0.11159470041313956,0.13713337726541036,0.09821054962934857
1748.0,0.0586264431476593,0.11271885815751306,0.140662566542854,0.09973404823510808
1750.0,0.08514886349439621,0.11493421374821855,0.14036073418574654,0.10529950194892464
1752.0,0.07832325994968414,0.11211207824396502,0.1343080749005131,0.10332184868160445
1754.0,0.07410003989934921,0.10988035911374476,0.13631716518005663,0.10262810225186302
1756.0,0.08755911141633987,0.10671944312658938,0.13378793101959865,0.10105045495618027
1758.0,0.0977201834321022,0.11155853839593512,0.13751952533284387,0.1008335444733249
1760.0,0.10464579612016678,0.11271171570979653,0.14008711903317098,0.09962968077221745
1762.0,0.11898168176412582,0.11351634004605274,0.1398023418390303,0.09917829869247435
1764.0,0.13253849744796753,0.11078823155621716,0.13452042715594736,0.09750575639665739
1766.0,0.10705893486738205,0.10796184546810235,0.1343239640054481,0.0973523189492914
1768.0,0.08972819894552231,0.10632469100281133,0.13410907370792605,0.09264264173353039
1770.0,0.05860476195812225,0.11172693174074735,0.13875547739591224,0.09315345060094629
1772.0,0.04232730716466904,0.11370482994289337,0.1411299631587004,0.09643496874552254
1774.0,0.059844374656677246,0.1141334668437236,0.13992590301096133,0.10174155240738637
1776.0,0.0647653266787529,0.11100883590307022,0.133635777832972,0.09980386280560061
1778.0,0.0695628821849823,0.10843550217525942,0.13442509812284148,0.10103053525429845
1780.0,0.07741634547710419,0.1059250116504919,0.13321682933404563,0.10096434506156121
1782.0,0.09254162758588791,0.11175132010922084,0.13879754027124738,0.09951572955001317
1784.0,0.10281816124916077,0.11394972222523628,0.141668303858184,0.0984995807215964
1786.0,0.09378854930400848,0.11477745103985951,0.14032041743298965,0.09868401897434055
1788.0,0.09937886893749237,0.11095594083448371,0.1340500502523814,0.09477293769073501
1790.0,0.08014051616191864,0.10925609238669375,0.13451631002448952,0.09758711754555958
1760.0,0.07555046677589417,0.106704248910795,0.1331088661093959,0.09557062669269602
1762.0,0.06857847422361374,0.11242989396465931,0.138383016238586,0.0968646124701677
1764.0,0.061652615666389465,0.11505871629273967,0.1426456417657306,0.09896803828923484
1766.0,0.08858992904424667,0.11544295040389936,0.14113716373467516,0.10296275434466283
1768.0,0.08450225740671158,0.11165908845987911,0.13466414860139453,0.10027279641847224
1770.0,0.08082661032676697,0.11036014853856857,0.1363169319959713,0.10203907242171278
1772.0,0.09266861528158188,0.10763311790642695,0.13444266869151303,0.10156216299914732
1774.0,0.09402118623256683,0.11312353055501485,0.13961288451413906,0.10113611721507022
1776.0,0.09560224413871765,0.11508429985199084,0.1424493337949089,0.0991854815562026
1778.0,0.09882159531116486,0.11558073856284591,0.14115175598456198,0.09960180235237978
1780.0,0.1114984005689621,0.1113830026963781,0.13503358103463634,0.09708208085034857
1782.0,0.09010174125432968,0.110247773697525,0.13523068599580682,0.09748451391127354
1784.0,0.07768294215202332,0.10759487922513224,0.1343149001190864,0.09316927058658107
1786.0,0.04758327826857567,0.11416158001769455,0.14022833991388398,0.09358163467116648
1788.0,0.03700554370880127,0.11566384703829445,0.14279126215131333,0.09795941515598437
1790.0,0.0529094897210598,0.11639650742609309,0.14090310155298402,0.10258701210412292
1792.0,0.05645272880792618,0.11215113858309483,0.13442473093979035,0.09849212650733895
1794.0,0.0662870928645134,0.11020533742396944,0.13470275773556176,0.10067851934593607
1796.0,0.07819673418998718,0.10729631746048864,0.13277460074779251,0.10058182369821847
1798.0,0.0938686653971672,0.11436776087468957,0.1396800134101359,0.09911881574945047
1800.0,0.10936221480369568,0.11574696411869931,0.14240394281985502,0.09837000803595887
1802.0,0.10134577006101608,0.11632910093558707,0.14076670366670974,0.09865342798333267
1804.0,0.10079262405633926,0.11200793711569411,0.13444631512604457,0.0951747346812481
1806.0,0.07905016839504242,0.11010647518433289,0.13427366591459675,0.09744620913192495
1808.0,0.07128050178289413,0.10709209923870557,0.1325599162105639,0.09482644618288537
1810.0,0.054383642971515656,0.11370973494247946,0.1394785005945636,0.09670252632392881
1812.0,0.051247648894786835,0.11526193135442853,0.1417198507193172,0.09931310467466857
1814.0,0.06539981067180634,0.11574244596758045,0.1406529551573447,0.10353084828789268
1816.0,0.0703696757555008,0.11121629460864092,0.1337005077033613,0.0996632039474628
1818.0,0.07025080919265747,0.10990379561790094,0.13371106526410464,0.1005145767546226
1820.0,0.09364909678697586,0.10678788679700131,0.13157039874911697,0.10057165345587772
1822.0,0.10093136131763458,0.11322166792170886,0.1377661874151302,0.09915650895420097
1792.0,0.10876329988241196,0.11452894191570402,0.14008230993517448,0.09756937552528977
1794.0,0.10048991441726685,0.11490255153472916,0.13874365154987667,0.09795201409952044
1796.0,0.09680356830358505,0.11038010988239973,0.13277460610863348,0.09685222342105769
1798.0,0.0807637944817543,0.10926352599210955,0.13200709752267278,0.09573730205400732
1800.0,0.07520948350429535,0.10671147038553426,0.13067799294463997,0.09066633685448368
1802.0,0.050536900758743286,0.11294558372121988,0.13849094834617742,0.09150763667544637
1804.0,0.04457283020019531,0.11482284832907724,0.14058651463396743,0.09646927721566428
1806.0,0.055863335728645325,0.11524802411161682,0.1391831630095091,0.10236066302258912
1808.0,0.058689821511507034,0.11096836713601776,0.1327606278740002,0.09906488808378015
1810.0,0.0695963129401207,0.1091870313301133,0.13227592242865963,0.10032372528920706
1812.0,0.08227133750915527,0.10703680392631462,0.13089523391902655,0.10108081658313935
1814.0,0.09810170531272888,0.11359822080042159,0.13935091519776568,0.10011669476587694
1816.0,0.10709153115749359,0.1157549819683489,0.14066760195084588,0.09852846692510658
1818.0,0.09364347159862518,0.11595542520390388,0.1391873466447632,0.09876786636137327
1820.0,0.08821944892406464,0.11208263490165192,0.13310451296501802,0.09481040073221535
1822.0,0.07759401947259903,0.10988456760503608,0.13167297238275807,0.09626664203059633
1824.0,0.07473711669445038,0.10736308971509319,0.13039192546216632,0.09458548998020498
1826.0,0.07087291777133942,0.11275346098303306,0.1379447747016586,0.09595430684159921
1828.0,0.0696793720126152,0.1143473072812057,0.14022721396485827,0.09777888009434642
1830.0,0.09000127017498016,0.11393145508268762,0.13922968439421035,0.103248879173744
1832.0,0.08591167628765106,0.11160060180302303,0.1330306105969717,0.10009134147326203
1834.0,0.0794297307729721,0.10997654319847418,0.13209190438292354,0.09989966831627123
1836.0,0.09817415475845337,0.10710624377880333,0.13076241309595596,0.09858356372683041
1838.0,0.1096411645412445,0.11161972292260139,0.1375151498190366,0.09720441991270624
1840.0,0.12146075814962387,0.11099464639730808,0.13670478583021298,0.09655971609394247
1842.0,0.11039048433303833,0.11037577722995652,0.1359865165432662,0.09862046543998373
1844.0,0.11013401299715042,0.10811842643114691,0.13239595003551377,0.09739816754242585
1846.0,0.08915798366069794,0.10745808757905975,0.1298422400780296,0.09683956275320926
1848.0,0.08354528248310089,0.10414887510136271,0.12969178906467907,0.09231280717994426
1850.0,0.06597661972045898,0.10945290568758598,0.13789303022851,0.09269980848789845
1852.0,0.04758236184716225,0.10973072119330528,0.1370742270788237,0.09536196837035886
1854.0,0.04520654305815697,0.10934075782308064,0.13509958698241367,0.0993668985322139
1824.0,0.05070057511329651,0.1056464467575451,0.13162443506417965,0.09744742619475737
1826.0,0.057465650141239166,0.10461882466515814,0.1281308810222282,0.09900329713799558
1828.0,0.07573293894529343,0.10307213504848586,0.1277067503957572,0.09879151837210925
1830.0,0.09419714659452438,0.1090840645425745,0.13621153189964275,0.09889897983168416
1832.0,0.10903635621070862,0.1111220390617827,0.1366058817289732,0.09856813382841895
1834.0,0.09473083168268204,0.1107188076915087,0.13494244868195598,0.09765424985710816
1836.0,0.09053857624530792,0.10695800023003509,0.13168457326618868,0.09224136405957624
1838.0,0.07717689126729965,0.10507329607559072,0.12790145700638042,0.09555038854870093
1840.0,0.07013830542564392,0.10293920748572147,0.12786314390205378,0.09347130351601779
1842.0,0.06654393672943115,0.1084507350277114,0.13724222427911376,0.09596197745956543
1844.0,0.060438383370637894,0.11048513834178801,0.13741556397636612,0.09709083308380176
1846.0,0.08151143789291382,0.10959600435842322,0.13536113614316594,0.10260314193919137
1848.0,0.07619397342205048,0.10611384400329821,0.13228523969736242,0.09870451448364892
1850.0,0.0791507363319397,0.10530166281539279,0.1296039713538353,0.09792171206689981
1852.0,0.08077430725097656,0.10278196063539301,0.12940090711866292,0.0979238981312755
1854.0,0.08519382774829865,0.10752829223095625,0.13571743513432652,0.09697744553557626
1856.0,0.09356504678726196,0.1091394701180585,0.13610529284827655,0.09510742521601095
1858.0,0.11423424631357193,0.10754381680209586,0.1336581226699831,0.09743170700162886
1860.0,0.12200003862380981,0.10386712322489235,0.1313672501097964,0.09421517331739059
1862.0,0.10064052790403366,0.10327050313293923,0.12660680879505007,0.09325972926661595
1864.0,0.08212883025407791,0.10146181226133262,0.12748315575549227,0.08962614574965812
1866.0,0.06630849093198776,0.10634296944363167,0.13425794370419436,0.09013769798946292
1868.0,0.05039583519101143,0.10809689302707709,0.13471940001161675,0.09343179899694132
1870.0,0.055803727358579636,0.10674348713274401,0.13279676050007813,0.09702715457476412
1872.0,0.06215313449501991,0.10281126755624587,0.12973134944993664,0.09605501977670007
1874.0,0.06844443827867508,0.10257184204646362,0.12571426959309892,0.09788538495939904
1876.0,0.07967506349086761,0.10094393284639294,0.12581152183169336,0.09775359623785028
1878.0,0.09903127700090408,0.10632875661789534,0.13309868821075244,0.09776357914281669
1880.0,0.1162087619304657,0.10792086721923116,0.13406383091614443,0.09701783179961825
1882.0,0.0959075316786766,0.10648580061142342,0.13137218529943728,0.09607551745819604
1884.0,0.10359679907560349,0.10299028468149297,0.12915749235877627,0.09195290304395196
1886.0,0.08316904306411743,0.10268320278424788,0.1273054440957322,0.09613209027484547
1856.0,0.07823635637760162,0.10107890068236193,0.1281790359397661,0.09438369981305694
1858.0,0.07203156501054764,0.10632159569029467,0.1360097281780366,0.0965494758084804
1860.0,0.06772444397211075,0.10821556112797627,0.13718849580371764,0.09957552951478393
1862.0,0.08256891369819641,0.1073716053794033,0.13514840324065977,0.10513771332138312
1864.0,0.07823639363050461,0.10347536089505786,0.13216289974157827,0.09973277920838325
1866.0,0.08607284724712372,0.10259971693961721,0.1283291992287621,0.09910181547384912
1868.0,0.0923183262348175,0.10117204891128737,0.12852942175008036,0.09876780914304875
1870.0,0.11359598487615585,0.10549823018236747,0.1354736404225731,0.0978085181060103
1872.0,0.1267377734184265,0.10818223258911441,0.13566297142800904,0.09722777198881451
1874.0,0.1353205144405365,0.10609677291055254,0.13444935352005988,0.1001814021149783
1876.0,0.1495802253484726,0.10346772421879846,0.1332071864583672,0.09773406519163425
1878.0,0.11348824203014374,0.10221511289630919,0.12802499435359668,0.09573333527071459
1880.0,0.09437709301710129,0.10033603114664108,0.1284841184804024,0.08992693712008998
1882.0,0.06856635957956314,0.10478078197150414,0.13494513581777526,0.09047680166015419
1884.0,0.055336352437734604,0.10718887508610617,0.13521342912089673,0.09388435737051695
1886.0,0.06941782683134079,0.10588259843116851,0.13296474799971403,0.09772201728089414
1888.0,0.08423610031604767,0.10312507086795764,0.13083548926421348,0.09681443830258232
1890.0,0.09405051916837692,0.10158984385719991,0.1269648353043323,0.09905486345524285
1892.0,0.10355012118816376,0.100472567798161,0.12767677488719256,0.09901320281541771
1894.0,0.11884622275829315,0.1047141203533506,0.13412487136680543,0.09900911871975206
1896.0,0.13372646272182465,0.10719159412283465,0.13482538501455849,0.09850119480524709
1898.0,0.11562418192625046,0.1065701893564735,0.13289113926338472,0.09663309620052701
1900.0,0.11849149316549301,0.10387500677562045,0.1307095993507967,0.09255848231852686
1902.0,0.09765360504388809,0.1019537854476067,0.12594766221979095,0.09431750919895747
1904.0,0.10193362087011337,0.099540776024264,0.12583719606005658,0.092385136512558
1906.0,0.10202021896839142,0.103661472482866,0.1328327783142549,0.09616003440562414
1908.0,0.09357603639364243,0.10510101649240017,0.13346809237258664,0.09668707917440642
1910.0,0.11893507838249207,0.10499506639270223,0.13289690886357966,0.10054498215512178
1912.0,0.09755214303731918,0.10260972590915135,0.13089171224890872,0.0980771130869471
1914.0,0.08923252671957016,0.10074995064395957,0.12459522863866863,0.09714811873938149
1916.0,0.09964846819639206,0.09727070139021637,0.12425539462922738,0.09558634118035964
1918.0,0.10928937792778015,0.10122344389183535,0.1306445470204243,0.0945769773043486
1888.0,0.12961675226688385,0.1018782010908276,0.12867247299562387,0.09292786449457587
1890.0,0.16044601798057556,0.10150930043150214,0.12855042254763244,0.09658519363455181
1892.0,0.1837843805551529,0.09945807799737415,0.1278898518366556,0.09533674223666623
1894.0,0.13472364842891693,0.0982482312486607,0.12014244246410109,0.09180022337447036
1896.0,0.12153360247612,0.0961221540690478,0.12154316391584691,0.0865654258397658
1898.0,0.10740203410387039,0.09930103404913243,0.12851415624647802,0.08742378306341937
1900.0,0.09037265181541443,0.10089696203114706,0.12730980913816373,0.08922165079821485
1902.0,0.09269962459802628,0.10025821930495994,0.12700380192495717,0.09338062488061571
1904.0,0.09350433200597763,0.0988578976601781,0.12571724143596896,0.09329119334569497
1906.0,0.1031588613986969,0.09650999550155569,0.11814556258416017,0.09462175830106355
1908.0,0.1064240038394928,0.09513213932663289,0.1193273567653062,0.09467448172518439
1910.0,0.13356150686740875,0.09898158005304068,0.12625959797814798,0.0936957394348981
1912.0,0.1718742400407791,0.10064627799844189,0.12574722070738778,0.09147578541596814
1914.0,0.14762838184833527,0.10056205731785273,0.12570097225872975,0.09521027538147253
1916.0,0.14775599539279938,0.1008358510471698,0.12667751392142412,0.09556821454301566
1918.0,0.1201651468873024,0.10034795311862607,0.12234166630639666,0.09473269968890151
1920.0,0.13446786999702454,0.09937017072895245,0.1262692132602212,0.09238962005423654
1922.0,0.1247439831495285,0.10343796819705844,0.13539354534912587,0.09320854566294325
1924.0,0.10248781740665436,0.10562556075768491,0.13426501607306146,0.09628553379435732
1926.0,0.11829299479722977,0.10538886327126674,0.13368198974497464,0.10089710150046628
1928.0,0.10844321548938751,0.10314793921730812,0.12978688793057083,0.09870556982224339
1930.0,0.0974644273519516,0.10136172180686506,0.1223995954476555,0.09811529389300629
1932.0,0.11532856523990631,0.10085711767946327,0.12565037119452385,0.09823143540624044
1934.0,0.13399864733219147,0.1052754265004341,0.13380914391321816,0.09838336071727513
1936.0,0.16921453177928925,0.10802523869775826,0.13294864692977013,0.09642573795346064
1938.0,0.1914273500442505,0.10741561538329002,0.13263430340754187,0.09975574162782594
1940.0,0.1870364546775818,0.10478181865801642,0.1304792991730968,0.09918062201369728
1942.0,0.139045849442482,0.10241123954741495,0.12291421690351735,0.09530185686805889
1944.0,0.1353262960910797,0.10018270211686998,0.12495488530383411,0.08991876071146242
1946.0,0.11938313394784927,0.10417965015030664,0.13429254706509228,0.08942885071985499
1948.0,0.11108970642089844,0.10690295572759932,0.13310370378229006,0.09119081889152612
1950.0,0.10464434325695038,0.1049418016807828,0.13085377670202106,0.09514992854158494
1920.0,0.10359694808721542,0.10217173156576868,0.12747579564036385,0.09724628268939071
1922.0,0.12238424271345139,0.09991963085957857,0.1207848875186832,0.09672896000111898
1924.0,0.13053014874458313,0.09843587432227598,0.12154944438100991,0.09657880587491631
1926.0,0.15783391892910004,0.10291856273590999,0.13093052059755753,0.09744858005219582
1928.0,0.19667017459869385,0.1049677621489775,0.13131378298816745,0.09649581995508388
1930.0,0.1835639625787735,0.10397614168862183,0.12973373396941448,0.09628644592197659
1932.0,0.17290417850017548,0.10122165967037035,0.12640578968588054,0.09362722295350911
1934.0,0.13792075216770172,0.09975127462324548,0.11928807493713252,0.09153265994002197
1936.0,0.14470399916172028,0.09761340622427409,0.12146797244285112,0.08997672696922851
1938.0,0.12877367436885834,0.10240564599931697,0.13194662634383858,0.0924619197728413
1940.0,0.12454825639724731,0.10454492599576187,0.13248973913681164,0.09447556713600996
1942.0,0.14922687411308289,0.10368434618030832,0.13076485888576891,0.09871147367573925
1944.0,0.12033946067094803,0.10097014227236172,0.12693071017925855,0.09778404127749929
1946.0,0.09674818068742752,0.09964946043038378,0.12098506451765013,0.09667497446354907
1948.0,0.11695800721645355,0.09708808952051026,0.1223481296027973,0.09640243217987451
1950.0,0.14402920007705688,0.10187758049777097,0.1315764729436755,0.09705683631823213
1952.0,0.1776452511548996,0.1035520801546689,0.1306458300814999,0.09666562041608971
1954.0,0.20623765885829926,0.10260996285776484,0.12972190518023785,0.09886865146695743
1956.0,0.22392302751541138,0.09985242465337628,0.12691168666671784,0.09604057095204017
1958.0,0.2179163098335266,0.09869210596741435,0.11894679998747222,0.08974281075702382
1960.0,0.1896737515926361,0.09595900374181926,0.11988693189814031,0.08655877083819674
1962.0,0.15256808698177338,0.102318686761862,0.13010058610753295,0.08885526478637053
1964.0,0.15439042448997498,0.10352545916309537,0.12888417036199082,0.09142733367828713
1966.0,0.1301841139793396,0.10198474718238316,0.12727231934139846,0.09453120444983662
1968.0,0.11698198318481445,0.09978137078992257,0.1258714826181655,0.09535903379157626
1970.0,0.1377328336238861,0.09858964809452814,0.11896911825546447,0.09684349627978474
1972.0,0.1466086357831955,0.09564702006898372,0.12003752672216829,0.09762536162198082
1974.0,0.15267431735992432,0.10189108512709431,0.1297110800059017,0.09727853383637183
1976.0,0.18842913210391998,0.10320557418188638,0.12985676681787017,0.09645048408025064
1978.0,0.18159590661525726,0.10215996698404818,0.1282018906498881,0.09649319492669509
1980.0,0.18465293943881989,0.09948538047882606,0.1266978141170239,0.09468754729536305
1982.0,0.14278794825077057,0.09823234159632323,0.11931311336907235,0.09112784918654306
1952.0,0.13429822027683258,0.09498536349349201,0.11909495664648678,0.08632388425954343
1954.0,0.11739888042211533,0.10120469638955716,0.13016553052969823,0.0886309859093599
1956.0,0.1008184626698494,0.10211563159386577,0.1290195703304911,0.09042756108143105
1958.0,0.13849963247776031,0.10154795695298535,0.12838606840660274,0.0956886604840277
1960.0,0.14525476098060608,0.09830408270910208,0.12594866437575075,0.09731096247049975
1962.0,0.14228473603725433,0.09750862993310698,0.12014807655922645,0.09579594139954534
1964.0,0.1380424052476883,0.09489969712177332,0.12058662204223528,0.09636207895514018
1966.0,0.15287627279758453,0.10099486933138219,0.13042332551541555,0.0970236319007609
1968.0,0.16658057272434235,0.10179272782798733,0.12851920168601802,0.0964325282851043
1970.0,0.17562107741832733,0.10144143333434824,0.12824229553251176,0.09735827082226954
1972.0,0.17415450513362885,0.09820545417436553,0.12535873863969674,0.095542676871674
1974.0,0.12842310965061188,0.0973353032176571,0.11864751136248125,0.09170096415325414
1976.0,0.12658223509788513,0.09472172956282367,0.1194536729955013,0.08605670070487469
1978.0,0.10127251595258713,0.10190260914010157,0.13066241686619592,0.088388100877367
1980.0,0.08682914823293686,0.1034579535111939,0.1303323900489789,0.0905570693604705
1982.0,0.10616397112607956,0.10293864819602733,0.12929474535669733,0.09573741099445889
1984.0,0.09334886074066162,0.10065088724531056,0.12672041475233153,0.0976026924948896
1986.0,0.10909071564674377,0.09874578152609398,0.12148183883314466,0.09669366775065927
1988.0,0.11080306023359299,0.09522589254111927,0.11996852184031483,0.09693032618871501
1990.0,0.13640472292900085,0.10195844838381542,0.12936319814637545,0.09726453788900966
1992.0,0.15606334805488586,0.1031077148197043,0.13047492517727172,0.09738845156975282
1994.0,0.15044726431369781,0.10402976583245728,0.12898132924082245,0.09836820320418713
1996.0,0.15781331062316895,0.10174398431581175,0.12710261921926358,0.0977549199234302
1998.0,0.1298949420452118,0.1005398087822015,0.12359615752264087,0.09599053072373699
2000.0,0.1283717155456543,0.09766488879446115,0.12385882949894844,0.09147410028979902
2002.0,0.10418962687253952,0.10238133381634494,0.13275647634099438,0.09159679346287848
2004.0,0.08553066849708557,0.10446534532600524,0.13241042397303204,0.09465668253318366
2006.0,0.12015776336193085,0.1047324063892941,0.1311808878625838,0.09806177659997495
2008.0,0.11856015771627426,0.10096894000548552,0.12818773363958227,0.0987760078280811
2010.0,0.10981262475252151,0.10033416252740426,0.12377403762846116,0.09755717388302676
2012.0,0.11723727732896805,0.09768155934760303,0.12403562837753221,0.09819644884655242
2014.0,0.1413852721452713,0.10284529098397378,0.13332707513312886,0.09832405049658303
1984.0,0.1387910395860672,0.1047390151978138,0.13275579926979464,0.0985168974514477
1986.0,0.15642064809799194,0.1052647686621416,0.13205931144294486,0.09971080630730801
1988.0,0.15604811906814575,0.10157047097849499,0.12918992784051225,0.09818873172286188
1990.0,0.10109944641590118,0.10116519029249442,0.12306301219808931,0.09544325494710826
1992.0,0.11160462349653244,0.09758377667066415,0.12422454536214621,0.08999179447731936
1994.0,0.0986756756901741,0.10272733652016414,0.1330785562369169,0.09046355819841442
1996.0,0.07980118691921234,0.10497387203511228,0.13383005268450573,0.09302976085495325
1998.0,0.08620787411928177,0.10484127545958989,0.13099652785670138,0.09608479419999733
2000.0,0.08636049181222916,0.10065090075827511,0.12726983986822646,0.0976709061909376
2002.0,0.10461109131574631,0.09986212887951709,0.12285277607579234,0.09697767280972035
2004.0,0.11877390742301941,0.09660418558812846,0.12309606251775577,0.09821005427126116
2006.0,0.1417074203491211,0.10287704784835644,0.13227309398747156,0.09880559291622083
2008.0,0.14407414197921753,0.10435554093586008,0.13303707474550835,0.09942462179887347
2010.0,0.124881312251091,0.10414324261962417,0.13065073213938536,0.09943868619665301
2012.0,0.13022257387638092,0.09984053992694558,0.12657886994583423,0.09548288816570012
2014.0,0.09940613061189651,0.09819992436186732,0.11931993860976631,0.09432287843803344
2016.0,0.1081882193684578,0.09489355779284239,0.1207762313286135,0.09239194628038043
2018.0,0.10429631918668747,0.09993719180612981,0.12864316157766809,0.09454883892049405
2020.0,0.08028165996074677,0.10098383208557699,0.13069863889852965,0.09530993727805231
2022.0,0.10246329009532928,0.1021611327958763,0.1297171812189393,0.09927453448780749
2024.0,0.08093874901533127,0.09784535034943086,0.12539767100584967,0.09858685655961152
2026.0,0.07466752082109451,0.09616614598473153,0.1193964961265288,0.09582855997984803
2028.0,0.09951597452163696,0.09307052404938503,0.12168619538931574,0.09701673986072068
2030.0,0.12642985582351685,0.09611117810778116,0.12779253837064852,0.09518195095537427
2032.0,0.1379406601190567,0.09564846000310934,0.12453089536953735,0.09338156044479198
2034.0,0.17281803488731384,0.09674727871114336,0.1250710759623517,0.09536988532698087
2036.0,0.18665868043899536,0.09258535835313123,0.12135970592138712,0.09508982126799906
2038.0,0.12225553393363953,0.09302606962198129,0.11454229743232065,0.0918949484175988
2040.0,0.12306826561689377,0.09056560162452704,0.11771475443504484,0.08783003709792565
2042.0,0.09999868273735046,0.09501153678798473,0.12589261685479697,0.08780996488323142
2044.0,0.08830913156270981,0.09532964551175613,0.12476773015489999,0.08829550280634557
2046.0,0.09207887202501297,0.09655629409886889,0.1255453314329779,0.09285043619896909
2016.0,0.0855756625533104,0.09335173610870542,0.12068244171204544,0.09513227951004666
2018.0,0.10801079124212265,0.09334456359544054,0.1151383662254115,0.09434435459728832
2020.0,0.11050130426883698,0.09110226062870536,0.11751378193043961,0.09601467698202432
2022.0,0.13285306096076965,0.0955573845950192,0.12543308278405696,0.09558243300982626
2024.0,0.1412053406238556,0.09553229350918899,0.12459734721338983,0.0943749124558098
2026.0,0.14119690656661987,0.09704292251684352,0.12414601892231954,0.09499751519233048
2028.0,0.15204495191574097,0.09373788016073181,0.12017395926164297,0.0933763535330196
2030.0,0.11645429581403732,0.09341680717412905,0.11455969349005037,0.09034204382209782
2032.0,0.12395233660936356,0.09141359256063412,0.11735918677295186,0.08721367977751339
2034.0,0.11945481598377228,0.09587912522498437,0.1264262242068647,0.09083784545966345
2036.0,0.09305613487958908,0.0951937468536561,0.12601939973495357,0.09201027626034673
2038.0,0.13292749226093292,0.09632498882457842,0.12515394499736232,0.09573574008042508
2040.0,0.13757756352424622,0.09337176575714393,0.12100353495813372,0.09737547434718707
2042.0,0.12112356722354889,0.0925963618373232,0.11576335258530338,0.09494795769695247
2044.0,0.15545901656150818,0.0914977507630136,0.11800879660082271,0.09484464521777078
2046.0,0.14404961466789246,0.09476206191567287,0.12537114347073564,0.0958707788560696
2048.0,0.1361246258020401,0.09461804394146606,0.12462013938839975,0.09469007568604532
2050.0,0.15156637132167816,0.09698409107458807,0.12580435147970195,0.09674971027512988
2052.0,0.14656485617160797,0.09416028106124581,0.12153307981642912,0.09598102861860584
2054.0,0.09723024070262909,0.0935438364677843,0.11483977920893486,0.09271494103222032
2056.0,0.10504865646362305,0.09184133572252286,0.11804925533160587,0.0879566775006364
2058.0,0.08888556808233261,0.09508857096914648,0.12642624631391683,0.088399952944404
2060.0,0.07476269453763962,0.09458321357838928,0.12518147939765603,0.08900325792852377
2062.0,0.07946336269378662,0.09640732213901872,0.12659762614315292,0.09297407775775657
2064.0,0.0707406997680664,0.09328843106130648,0.12106486231414347,0.09466870141513564
2066.0,0.0809660404920578,0.09272674940471105,0.11426776328966147,0.09446017537411254
2068.0,0.08995169401168823,0.09126567394997488,0.11683168455325395,0.09617487267706704
2070.0,0.11570446938276291,0.09568515605048401,0.12542029239032185,0.09668741103605577
2072.0,0.12823264300823212,0.0948508141986427,0.12408032810829649,0.09459253255060435
2074.0,0.131895050406456,0.0962996528795662,0.12480151853442836,0.09578309847753384
2076.0,0.1285339742898941,0.09304928652722962,0.12002524376009296,0.09470540875244225
2078.0,0.09535767138004303,0.09236032117695701,0.11273023573671245,0.09221506327049904
2048.0,0.10323118418455124,0.09097365878725316,0.11644743157212095,0.0891174949201446
2050.0,0.08534345030784607,0.09459293438858637,0.12676359848435112,0.09300496428094879
2052.0,0.08015121519565582,0.09415135897362417,0.1259368231126923,0.09369747745288848
2054.0,0.11821898072957993,0.09632942416635858,0.1265988755394562,0.09828573462660391
2056.0,0.09659753739833832,0.09243980507121444,0.12117900309895106,0.09859926736912553
2058.0,0.08350396156311035,0.0922536391963835,0.1145186794820992,0.096277133337122
2060.0,0.09889843314886093,0.09067006934131948,0.117767574854751,0.09525455404894806
2062.0,0.1234433576464653,0.09375885225736616,0.12532082599556063,0.09685410798370313
2064.0,0.13321517407894135,0.09286841196213808,0.12372963627263928,0.09468143751607518
2066.0,0.14685338735580444,0.0946248190286514,0.12471464462370462,0.0954162539303779
2068.0,0.13554394245147705,0.09082247035581335,0.11959741311810403,0.09426335148111777
2070.0,0.08197831362485886,0.0911015546615788,0.11092496230492722,0.0905615234901169
2072.0,0.07281000912189484,0.09044488397583303,0.11561304218435581,0.08652784563042369
2074.0,0.05663612484931946,0.09319278417581414,0.1249300418842934,0.08723007927293577
2076.0,0.04844771698117256,0.09246344517748736,0.1233106576702705,0.08791073956343819
2078.0,0.06970159709453583,0.09368851953989395,0.12353923439014869,0.09283602141634044
2080.0,0.05606038495898247,0.08995605232286814,0.11871483749582405,0.09426286046854787
2082.0,0.07900070399045944,0.09049541085878766,0.11101840435245086,0.09431639404108118
2084.0,0.08211574703454971,0.08962161785319839,0.11471279922094733,0.09581256893404407
2086.0,0.10850069671869278,0.09309291112895907,0.12386083885777514,0.09688169134589705
2088.0,0.12098673731088638,0.09244281836489941,0.12358661303460816,0.0949894933167173
2090.0,0.12950685620307922,0.09387604760152964,0.12438170586678719,0.09479075954733344
2092.0,0.11804172396659851,0.09072895279596588,0.11925040267616044,0.0935638941500609
2094.0,0.0779806524515152,0.09077227717754911,0.11120374023787746,0.08960852771825774
2096.0,0.08305463194847107,0.09011538810522333,0.11534500250945676,0.08735859500568428
2098.0,0.07019034028053284,0.09296621957666316,0.12518420309259354,0.08972112470738218
2100.0,0.058184683322906494,0.09263787618069617,0.12421425342890839,0.08955306250375374
2102.0,0.08793746680021286,0.09454653813572436,0.12534678015685596,0.09348074814999748
2104.0,0.07797557860612869,0.09065815122968987,0.11947169882868675,0.09475289291082317
2106.0,0.07737686485052109,0.09123087302602685,0.11270761132781831,0.09459171105018373
2108.0,0.08366643637418747,0.09066817134025867,0.1169799540817828,0.09576588178084805
2110.0,0.11179140955209732,0.09324832955483657,0.12421051873702928,0.09762043331889773
2080.0,0.12135136127471924,0.09294334809648933,0.12321542474448015,0.09513318467447827
2082.0,0.14965246617794037,0.09460893785838516,0.12532779388993787,0.09585646409904493
2084.0,0.14906658232212067,0.09053636102910038,0.1187907207453379,0.0942544619013116
2086.0,0.0850520059466362,0.09134820107385916,0.11178435723457948,0.09021159531096225
2088.0,0.06798634678125381,0.09048080254525383,0.11643083146359649,0.08615010727470543
2090.0,0.05219367519021034,0.09364191271546472,0.1248342718483169,0.08830547711793633
2092.0,0.047821737825870514,0.09332810366834167,0.12387395529236164,0.08893332747713914
2094.0,0.06671532988548279,0.09529374061309336,0.1252305446854679,0.09358014227172533
2096.0,0.060964297503232956,0.09108012154920547,0.11923897247707081,0.09478393618879427
2098.0,0.07297372072935104,0.09136771134608788,0.11209287753145748,0.09487278273997236
2100.0,0.07921580970287323,0.09067938690352133,0.11557468657409554,0.09649870246360209
2102.0,0.11467324197292328,0.09382914193590519,0.12339969831450993,0.0972062933265583
2104.0,0.12008662521839142,0.09384144628810748,0.123295527069964,0.09511291066032936
2106.0,0.13198812305927277,0.09520356123516373,0.12445172105835646,0.09597499381871875
2108.0,0.1336437165737152,0.09157482964498741,0.11950599034416616,0.09608802694238613
2110.0,0.08753210306167603,0.09168323054089918,0.11294462362110586,0.09244299216029109
2112.0,0.08783058822154999,0.09082633663726149,0.11685944751500804,0.08904634962266122
2114.0,0.0800081267952919,0.09304094855204106,0.12624797401641066,0.09102277470724734
2116.0,0.0712246373295784,0.0929208931087679,0.124225533669033,0.09092901175166408
2118.0,0.10312723368406296,0.09506393152860625,0.12619370088650764,0.09556555740044562
2120.0,0.09577707201242447,0.08982104297779854,0.1199633048282878,0.09734397992975899
2122.0,0.09051036089658737,0.09019857192186027,0.11316609519179871,0.09657184033622408
2124.0,0.10692424327135086,0.09017170067546532,0.11581914391870454,0.09725333826051191
2126.0,0.11766504496335983,0.09221716634924557,0.12340635839516838,0.09902077217849468
2128.0,0.12033882737159729,0.0929542704944307,0.12349593772169078,0.09612076792763445
2130.0,0.12633588910102844,0.09441299710279347,0.12478691021375918,0.09748761974076672
2132.0,0.13798412680625916,0.08952371025654592,0.11930672149680484,0.09586879199690818
2134.0,0.0825572982430458,0.0904364034389621,0.11112041841238197,0.09159763807988783
2136.0,0.0717584639787674,0.08978408214699408,0.11547713077723053,0.08547098859164419
2138.0,0.05603431165218353,0.09307061560219956,0.12370941150808035,0.08743745146672331
2140.0,0.05173641815781593,0.09243440681088098,0.12263459405953384,0.0895391991510685
2142.0,0.06623993813991547,0.09442987876993586,0.12475709535939455,0.09407661698526985
2112.0,0.05599050968885422,0.08985108625669505,0.11899690251225561,0.09533672828981009
2114.0,0.07117056846618652,0.0908197371870736,0.11131716482525945,0.09539494449316109
2116.0,0.08182446658611298,0.09007530260431619,0.11507087277170193,0.09657527244045155
2118.0,0.11757559329271317,0.09347046047690534,0.123221100330851,0.09754346494826928
2120.0,0.135265052318573,0.09344815371571479,0.122827321365021,0.09510233640265962
2122.0,0.12834478914737701,0.09399191700976717,0.12426365203584594,0.09688600405336713
2124.0,0.12367060035467148,0.09058277550630145,0.11962279775969967,0.09636037615491037
2126.0,0.08327409625053406,0.09180406387545292,0.11236725486466681,0.0930879696621142
2128.0,0.08354319632053375,0.09055667518606984,0.1167624098931761,0.08910145900706533
2130.0,0.07233557850122452,0.09368295013938438,0.12593779074395772,0.0918639893091111
2132.0,0.06680738180875778,0.09427084805441822,0.12444813221493872,0.09414198556954584
2134.0,0.07790280878543854,0.09456874508518834,0.12688370093959803,0.09820668968028791
2136.0,0.07494089007377625,0.09016809233046369,0.11998158972516348,0.09849281705203831
2138.0,0.06721001863479614,0.09120038113493954,0.11394907654738412,0.09669055032109383
2140.0,0.08622177690267563,0.09017655917401726,0.11545201084725785,0.09645006863317224
2142.0,0.10616257041692734,0.09333655445130082,0.12319791861307153,0.09893831282677054
2144.0,0.11404401808977127,0.09371224846924536,0.12281390845237034,0.09534290416115156
2146.0,0.1277237832546234,0.094636841634121,0.12505031610644068,0.09705174998043274
2148.0,0.13119256496429443,0.09050484184990296,0.11910712957938928,0.09672671322186194
2150.0,0.08085834234952927,0.09188069388505275,0.11286537828150704,0.09315720225582493
2152.0,0.06587262451648712,0.09081626341151673,0.11541425239624131,0.08639102875232346
2154.0,0.05574319511651993,0.09383543491520677,0.12372611472720317,0.0887693216777039
2156.0,0.053390175104141235,0.09487732966179778,0.1241490900563868,0.09099944350932067
2158.0,0.0546778179705143,0.09616686163507819,0.1261538381532077,0.0950566558497587
2160.0,0.050809022039175034,0.09143666633080777,0.11885541376942856,0.0963844155384972
2162.0,0.059393610805273056,0.0926784999780991,0.11335486756355659,0.09587255220118424
2164.0,0.0708542987704277,0.09026803429699436,0.11388260577355981,0.09673626340865783
2166.0,0.10257801413536072,0.09434135171242958,0.12206491587262472,0.09677245029539959
2168.0,0.10833588242530823,0.09495092867200329,0.12331464501981214,0.09536700362124316
2170.0,0.10627488046884537,0.0964443764306958,0.12536132464360603,0.09641689170733138
2172.0,0.10599005222320557,0.09228290222787626,0.11917176878561447,0.09474779855250125
2174.0,0.0696386769413948,0.0931718187939202,0.11291685248020068,0.09330722106905665
2144.0,0.0701843798160553,0.09064862757974745,0.11405742128916048,0.08991337921035175
2146.0,0.06522084772586823,0.09487448687773187,0.12413501744047416,0.09422221742113703
2148.0,0.05670870095491409,0.09500746581051757,0.12391970402021911,0.09428326594819735
2150.0,0.08147727698087692,0.09735662702360813,0.12571782595402545,0.09855956676455424
2152.0,0.07200340926647186,0.09199298549495018,0.11972712799482627,0.09958573701206296
2154.0,0.07341911643743515,0.09369631921140406,0.11499511724521906,0.09816776202395751
2156.0,0.09512890130281448,0.09141130590620584,0.11521137791517692,0.09665241800615652
2158.0,0.12180637568235397,0.09524158375454933,0.12271489889746726,0.09771328717173143
2160.0,0.13011620938777924,0.09515256716786737,0.1233576424372683,0.09597629418981764
2162.0,0.1468571573495865,0.09678046927063354,0.1252218195924,0.09602868428867613
2164.0,0.15244632959365845,0.09160667272864469,0.11923729709757325,0.09348376414453635
2166.0,0.0939347892999649,0.09305552303863394,0.1132572040758329,0.09218519844735623
2168.0,0.0791158676147461,0.0907532089105469,0.1140341533253504,0.08786325541250405
2170.0,0.05035949870944023,0.09500268045241268,0.1226291072820934,0.090845204881961
2172.0,0.05095713585615158,0.09502659768841672,0.12424542582978439,0.09208103718781632
2174.0,0.06381546705961227,0.0967717623210575,0.12628930094138283,0.09669521700756328
2176.0,0.05822456628084183,0.09144534676017481,0.11912743577957535,0.09822386664711863
2178.0,0.05047670006752014,0.09356373402165076,0.11514832892402391,0.09647460363385299
2180.0,0.06859645247459412,0.09129625611234227,0.11528471798720857,0.09542104743112935
2182.0,0.10037657618522644,0.09563805729727828,0.1233386838997187,0.09696966646075676
2184.0,0.11577025055885315,0.09549329384217961,0.12411933643743649,0.09568152891767732
2186.0,0.10946076363325119,0.09783755059857104,0.12623193204356967,0.09599999359255408
2188.0,0.11409121751785278,0.09239229834619461,0.11950206227078533,0.09120625757545499
2190.0,0.07136806100606918,0.0927097597387426,0.11345864950839521,0.09124935171879532
2192.0,0.06721274554729462,0.09004327974733362,0.11463388809615166,0.08805535224217009
2194.0,0.06760161370038986,0.09431818221787105,0.12311514537072163,0.09132718494768238
2196.0,0.06612759828567505,0.09426461652617886,0.12454379906497531,0.09090565576962535
2198.0,0.07968507707118988,0.0981392994516698,0.12727636427309183,0.09591916140088466
2200.0,0.08001306653022766,0.09266187756024592,0.11965910252277395,0.09607097056175981
2202.0,0.06864816695451736,0.0916132473480081,0.11317214889149602,0.09382670295292472
2204.0,0.08017255365848541,0.08989077476931057,0.11417577771443085,0.09247029704352448
2206.0,0.10784517228603363,0.09380905520559667,0.1215533529072251,0.09341466905951724
2176.0,0.10915669053792953,0.09169067071194509,0.1216485116459875,0.09289245509921013
2178.0,0.11627792567014694,0.09561614397419639,0.12461546280489612,0.09527072102881644
2180.0,0.12802214920520782,0.09200338781679798,0.11805751973405167,0.09459345398591133
2182.0,0.07166268676519394,0.09109682521656341,0.1110271492310309,0.08972903924889929
2184.0,0.06186049431562424,0.08924892831249577,0.11308072336012058,0.08437688683408996
2186.0,0.05937281250953674,0.09220524159847829,0.1206755560586526,0.08537935897842783
2188.0,0.060012295842170715,0.08998134071383508,0.1198241829893952,0.08610420507176607
2190.0,0.07012268900871277,0.09241332484493317,0.1223445281302061,0.09156304782071426
2192.0,0.06990723311901093,0.08936591674926896,0.11612907956848066,0.09161876379533952
2194.0,0.07108699530363083,0.08897138413761195,0.11045876500593797,0.09176491657325067
2196.0,0.08437684923410416,0.0872973376841505,0.11205882345396798,0.09200018906692659
2198.0,0.11297377943992615,0.09128007563818281,0.1195376048358209,0.09192598918800537
2200.0,0.12101534754037857,0.09019068075631888,0.12014189039562494,0.09306691259052795
2202.0,0.11757700890302658,0.0926367723172783,0.12188990029180728,0.094960937412475
2204.0,0.11276858299970627,0.09031181985814522,0.1154656055981096,0.09214371908217184
2206.0,0.07348036766052246,0.08920015060803503,0.10906409606111382,0.08905949985665723
2208.0,0.0685737133026123,0.0873030699188836,0.11110790603623479,0.08624778183793422
2210.0,0.06617523729801178,0.09065482489195821,0.11876079805139658,0.08966320371692223
2212.0,0.07199031859636307,0.08832168599174482,0.119176442052513,0.08927163494214808
2214.0,0.09580568224191666,0.09164423815100439,0.12235897708650224,0.09431578622499423
2216.0,0.08499914407730103,0.0885311475365886,0.11500109817988745,0.09415087325016777
2218.0,0.07249777764081955,0.08753664611462572,0.1100961986160102,0.09197688950553555
2220.0,0.08978480845689774,0.08672519049052915,0.11225550935988014,0.09038135510190128
2222.0,0.12401904910802841,0.09003127636354757,0.11653602935631747,0.09118330850010635
2224.0,0.13267002999782562,0.08583626712456054,0.1157832178005991,0.09053008429129435
2226.0,0.14462965726852417,0.08982489135854643,0.11881630040456512,0.09444200018913226
2228.0,0.15235160291194916,0.0869813037140233,0.11434506600264506,0.09324658133517999
2230.0,0.09032055735588074,0.08642861194414589,0.10900143223499427,0.08815143893430934
2232.0,0.07460734993219376,0.0866486311194535,0.11261423001149838,0.08304480579699342
2234.0,0.06617437303066254,0.09058412503057924,0.11949367717352598,0.08248827674963662
2236.0,0.06137559562921524,0.08700942045446942,0.11808859691319462,0.08565178644103931
2238.0,0.06443426758050919,0.09119027389374469,0.12043704946817062,0.09018368552314589
2208.0,0.07079339027404785,0.08799111679497357,0.11454954396562855,0.09218022675337764
2210.0,0.07887961715459824,0.08702989763142728,0.10875680872571912,0.0904737437355889
2212.0,0.09520716220140457,0.0870527153460328,0.11121267876688914,0.09146826325149954
2214.0,0.12619127333164215,0.09136739726038895,0.11675586933429621,0.09039011706052173
2216.0,0.1372472643852234,0.08812567455658601,0.1172593941579473,0.08976113270578726
2218.0,0.1337786465883255,0.09310393712746717,0.1204996564961608,0.09407298636638459
2220.0,0.12211218476295471,0.08931970118872588,0.11510450096367443,0.09232093998906557
2222.0,0.08102419227361679,0.08885866596647841,0.10879885659923363,0.08893303818482362
2224.0,0.08307018131017685,0.08806102196652338,0.11199203762589605,0.08473527049010693
2226.0,0.07772672176361084,0.09207740155481892,0.11896473300606293,0.08456835954972175
2228.0,0.07258638739585876,0.08960287311232347,0.11904629720019028,0.08644230553330574
2230.0,0.08884525299072266,0.09388434619729297,0.12106254485472565,0.09072872047224846
2232.0,0.10488837212324142,0.09035174660500835,0.11558882865376416,0.0935110014979076
2234.0,0.1039419174194336,0.08991216126384698,0.10967753673181914,0.09221434322610395
2236.0,0.12199076265096664,0.08920398937869643,0.1128527651612725,0.09288432982688805
2238.0,0.1320400834083557,0.09323414759436005,0.11819368836287433,0.09308409169707822
2240.0,0.13688623905181885,0.09071460746441107,0.11776025612272262,0.09160538537591786
2242.0,0.14217635989189148,0.0948741998917399,0.12142764393590535,0.09577434142385507
2244.0,0.16362088918685913,0.09155326686907066,0.11551546207809124,0.09457859650517099
2246.0,0.10507091879844666,0.09104232975063437,0.110540143096856,0.09004654011773182
2248.0,0.09197795391082764,0.09032647501961623,0.1138539977353188,0.08525709732981397
2250.0,0.0702507495880127,0.09372524938244338,0.12053242600123491,0.08524059654516337
2252.0,0.05890968441963196,0.09153780661049925,0.11912883589236811,0.08795165324885078
2254.0,0.07181291282176971,0.09497193147939904,0.12186399483136068,0.09330722750800692
2256.0,0.07852476090192795,0.0918814068308996,0.11698246330015537,0.09494628962305547
2258.0,0.09357185661792755,0.0909892700178993,0.11029859052643064,0.09377473414195082
2260.0,0.11010707169771194,0.08981133606820656,0.11344455294986061,0.09469667080285603
2262.0,0.13277901709079742,0.09436718276031675,0.11889608882086512,0.09270590016289652
2264.0,0.14374740421772003,0.09096735451793406,0.11871360238248202,0.09217128769234088
2266.0,0.15119317173957825,0.09589814300362932,0.1223435646504932,0.09800793529805185
2268.0,0.14758186042308807,0.09271879802789944,0.11808454241310588,0.09795016693196264
2270.0,0.09471990913152695,0.0924638608190914,0.11242964885342573,0.09492906829913031
2240.0,0.0835186094045639,0.09134664868302506,0.11584063934400005,0.08987536534547791
2242.0,0.06757897138595581,0.09517206618247741,0.12271949239876473,0.09000659906995293
2244.0,0.06368250399827957,0.09251249386072223,0.12164426055009897,0.0916527543721429
2246.0,0.08487991243600845,0.09655240424837741,0.12354028978513559,0.09527266180685187
2248.0,0.10393344610929489,0.09206489599833324,0.11680010209989643,0.09779183424228273
2250.0,0.09429594874382019,0.09256171795539479,0.11208776249860888,0.09695097741761623
2252.0,0.11319678276777267,0.09143790805065934,0.11441193914801201,0.09743378492926412
2254.0,0.1254551112651825,0.09634964811777835,0.12014250891903772,0.09624201217006724
2256.0,0.126643568277359,0.09309392051801627,0.11900152780133859,0.09361458947243055
2258.0,0.16050998866558075,0.09687889000792217,0.12276371225811439,0.09626726239460483
2260.0,0.20048516988754272,0.09355911372805142,0.11546815869535389,0.09623218936356003
2262.0,0.13645900785923004,0.09367720658707582,0.11115493740391957,0.09328482642491637
2264.0,0.11508917808532715,0.0918112747301708,0.11543923105506805,0.08797536696715257
2266.0,0.07815275341272354,0.09678097325653691,0.12155614471803287,0.08946432964093637
2268.0,0.06531776487827301,0.09325282756025888,0.1199234476568697,0.09154074999858229
2270.0,0.08130965381860733,0.09715482833101358,0.1240279396672581,0.09672365015841908
2272.0,0.10694599151611328,0.09402336667601986,0.11687487764270288,0.09745591125835959
2274.0,0.09568075835704803,0.09382360268754103,0.11302027299649503,0.09660148866708028
2276.0,0.103101447224617,0.09154539400263836,0.11531022850596413,0.09710530074073538
2278.0,0.11454412341117859,0.09667856350601524,0.12078296629229944,0.09568473978799487
2280.0,0.12118217349052429,0.09342761257745341,0.12045237650076429,0.09312852909167665
2282.0,0.1341899335384369,0.097738910480745,0.12356844808735566,0.095905249005141
2284.0,0.14310286939144135,0.09391473133495558,0.11700046756116218,0.09632679475362672
2286.0,0.09071753174066544,0.09422435954733172,0.11239658600762215,0.091557817402211
2288.0,0.0746736079454422,0.09216904454017483,0.11522704735115105,0.08570727920627333
2290.0,0.061994899064302444,0.09687876896384807,0.12056758527608556,0.08840749459720422
2292.0,0.05798966810107231,0.09331123126101587,0.11956111884320766,0.08934315497396945
2294.0,0.08859395235776901,0.09737031855842554,0.12292119901348592,0.09336025051497203
2296.0,0.11613429337739944,0.09319387195770333,0.1167809980554099,0.0949647329509276
2298.0,0.12086644768714905,0.09374647344330787,0.11284076315462568,0.0951032996680222
2300.0,0.13178081810474396,0.09175137246041691,0.11537634704668216,0.09730208547707875
2302.0,0.12310370802879333,0.09704931611216348,0.11996500296024869,0.09585139552174567
2272.0,0.10795577615499496,0.09392284928462508,0.12071421660935605,0.0939440393948592
2274.0,0.12479959428310394,0.09764990608365212,0.1238692260300076,0.09690249979653441
2276.0,0.14762601256370544,0.09327903247444627,0.11675428865357101,0.0977749364643785
2278.0,0.10282348841428757,0.09367879695121899,0.11220465029842867,0.09309512066703994
2280.0,0.08344069123268127,0.09144112411650368,0.11517881422090993,0.08646331554622834
2282.0,0.06005813926458359,0.096936521779191,0.12092808684530267,0.08717075990370797
2284.0,0.05635698884725571,0.09397056605719403,0.1211263139108996,0.09129045925357948
2286.0,0.06839437037706375,0.09764395104917377,0.1243740148910351,0.09519116641970372
2288.0,0.08876053243875504,0.09335168951123318,0.11682307070206019,0.0974776848769896
2290.0,0.09489665925502777,0.0941198151007109,0.11336420368350862,0.0968322509148447
2292.0,0.09451352804899216,0.09200949823065194,0.11611873102843727,0.09713601726993494
2294.0,0.11781524866819382,0.097193609643475,0.12041350401799158,0.09587149955758165
2296.0,0.1278032809495926,0.09400857359343506,0.12079215425785708,0.09441824907020623
2298.0,0.13503748178482056,0.09828074011579145,0.12389353753589306,0.09650230637593994
2300.0,0.13358700275421143,0.0949153845467784,0.11763687337109467,0.09595608987400746
2302.0,0.09109298139810562,0.09516436196128943,0.11239827024281007,0.09164555856550644
2304.0,0.06865810602903366,0.09254645446679709,0.11541993429370817,0.08693426199646263
2306.0,0.06345967948436737,0.0977653053887873,0.12124067473067703,0.09049030035220913
2308.0,0.0640220195055008,0.09403403228944276,0.12094835251634044,0.09116375247443063
2310.0,0.09666864573955536,0.09833379723125008,0.12388806761837774,0.09478878197124453
2312.0,0.12891510128974915,0.09465646808985065,0.11748636275950859,0.09690858601688009
2314.0,0.1206485703587532,0.09568730620400032,0.1126296132123493,0.09636254922154257
2316.0,0.12877607345581055,0.0935042931216074,0.11536795740905105,0.0974454966564272
2318.0,0.12744496762752533,0.09828595136961892,0.11911995382920787,0.09558517721721828
2320.0,0.11189933121204376,0.09404724983641431,0.12010374069989926,0.09329118671114144
2322.0,0.11938662827014923,0.09815607397681893,0.12216125068554567,0.09616805081007497
2324.0,0.1477205902338028,0.09479290843734377,0.11669707230462181,0.09731925615166949
2326.0,0.09716074913740158,0.09569479740331727,0.11160920434475936,0.09213208376294034
2328.0,0.06896287202835083,0.09335854659683057,0.1160183580713062,0.0873762692085641
2330.0,0.055194538086652756,0.09869545484414911,0.12149883625236312,0.09045569779253426
2332.0,0.06289423257112503,0.09431226586037861,0.12192555782677048,0.09388260619085403
2334.0,0.07737849652767181,0.09812526534359399,0.12361652677138385,0.09731670559626161
2304.0,0.08779731392860413,0.09490283627159156,0.11745226502392837,0.09996893385168572
2306.0,0.09154467284679413,0.09579819533781105,0.11235612237569624,0.09801434624690315
2308.0,0.1000964343547821,0.09337432606976187,0.11672656470063664,0.09800571167325588
2310.0,0.1160602942109108,0.0985021749532533,0.11970320147888107,0.09631066698583748
2312.0,0.11894980072975159,0.09390790321109863,0.12200302287908492,0.09481690777286639
2314.0,0.13017034530639648,0.09752105735773094,0.12180502086990072,0.09611023629037514
2316.0,0.11377739161252975,0.09524935432767011,0.11722441713966437,0.09678062392346488
2318.0,0.07088553160429001,0.09600412726346831,0.11252210208929919,0.09200352627262531
2320.0,0.053807441145181656,0.09366360591581796,0.1158263563554737,0.08696286450291989
2322.0,0.05480932071805,0.09914829908662832,0.12138466041498712,0.0907697926754455
2324.0,0.06274373084306717,0.09471120182421945,0.12154769169975621,0.09194239922745749
2326.0,0.09514238685369492,0.09886961207727656,0.12254272401460865,0.09502931962594681
2328.0,0.10107317566871643,0.09525509156693554,0.11797856709106118,0.09768525273444811
2330.0,0.10550732910633087,0.0955779333093316,0.11308938824503628,0.09721825488841279
2332.0,0.10966092348098755,0.09328104230736574,0.11694283952060959,0.09851104956385427
2334.0,0.10915116220712662,0.09856615820218718,0.12082397507780854,0.09682356902765568
2336.0,0.09927842766046524,0.09472588434046197,0.12280821508170893,0.09528333112091043
2338.0,0.10766616463661194,0.09969830890703137,0.12335834737881761,0.09871453315719075
2340.0,0.11081836372613907,0.09568146752643068,0.11892025913013926,0.09859918791803611
2342.0,0.07275404036045074,0.09590399820392531,0.11247529305452698,0.09212662312425014
2344.0,0.06342453509569168,0.09335335220685502,0.11615258582290174,0.08775183034437228
2346.0,0.053488027304410934,0.09803209237713126,0.12153033275345528,0.09024519817853385
2348.0,0.05984184890985489,0.09435393767067835,0.12264104118002052,0.09326769335038389
2350.0,0.07073617726564407,0.09947762120617415,0.12376562212959895,0.09680822483451196
2352.0,0.07485993951559067,0.09616084238038507,0.11868720183127714,0.10003091727648811
2354.0,0.0741649642586708,0.09610247376215751,0.11359626593773822,0.09815343029249127
2356.0,0.08405419439077377,0.09363018768315955,0.11711322727911747,0.09820084747207068
2358.0,0.1146417111158371,0.09849303616352664,0.12186989118599444,0.09745052785780603
2360.0,0.11910643428564072,0.09478296508331371,0.12390251149822289,0.09672002607719637
2362.0,0.13430465757846832,0.0998371332512571,0.12451917571697094,0.09914713526226987
2364.0,0.11960022896528244,0.09674537625382258,0.11994623225792997,0.09854868113751883
2366.0,0.07909924536943436,0.09666642491699715,0.11393074307224191,0.09211373838984036
2336.0,0.05733637511730194,0.093832148983526,0.116317141176631,0.08755294135603041
2338.0,0.05665750801563263,0.09820560063855653,0.12236260841197258,0.09175527006096731
2340.0,0.06010120362043381,0.09443090399384456,0.12370011161424323,0.09329400398031734
2342.0,0.08190887421369553,0.09973825221511562,0.12459133617592207,0.09650332317505095
2344.0,0.09924977272748947,0.09663898875258538,0.120395551913801,0.09925543450006585
2346.0,0.1100587397813797,0.09701335124430553,0.11498854068664278,0.09830761244104279
2348.0,0.10839597880840302,0.09478413857837721,0.11734294716013172,0.09918372395480651
2350.0,0.1062920019030571,0.09839639455547479,0.122234262271412,0.09792723459128161
2352.0,0.10920798778533936,0.09438537237018997,0.12402240673929375,0.09620466366181978
2354.0,0.12651734054088593,0.0988412161458104,0.12353877279492952,0.09887700609487081
2356.0,0.12606199085712433,0.09566223917939708,0.12192292611386885,0.10145800170631812
2358.0,0.08978713303804398,0.09605474089695476,0.11541066254169535,0.09287527710752048
2360.0,0.0769479051232338,0.09335492508809297,0.11686552122003685,0.08829746825098196
2362.0,0.06923055648803711,0.09569050580949569,0.12187561948052882,0.08852710864588255
2364.0,0.06611240655183792,0.09153952207605204,0.12145696666966949,0.09051039356070124
2366.0,0.07624354213476181,0.09542364467693448,0.12204261077934607,0.09518617278375475
2368.0,0.08753733336925507,0.09242327452096828,0.11969147465787354,0.09874805718708872
2370.0,0.08910660445690155,0.09241452181176184,0.11388851204714262,0.0960380235610604
2372.0,0.0944090485572815,0.09047220928604974,0.11607855297927391,0.09694536023687302
2374.0,0.12068819999694824,0.09428781364951355,0.12048110081183518,0.09615278591136557
2376.0,0.1316903978586197,0.09159965528521295,0.12269014831104828,0.09698967924006481
2378.0,0.14260706305503845,0.0968773341382866,0.12243422960860761,0.09899767142164478
2380.0,0.12681996822357178,0.09339842340484958,0.1189078031555273,0.09725935344394515
2382.0,0.09261219948530197,0.09268924408824587,0.11162080805126012,0.08899805802704784
2384.0,0.07054496556520462,0.09063123938200644,0.11314435316794778,0.08650461046703134
2386.0,0.07540962845087051,0.09317489342672367,0.11951400018869855,0.09218747596068194
2388.0,0.08050351589918137,0.08996553279426409,0.12091231328874995,0.09361971486213264
2390.0,0.10730943083763123,0.09493025494239736,0.1221457278037819,0.09832048682981577
2392.0,0.11271567642688751,0.0903998351479438,0.11745803487742804,0.0988127067951098
2394.0,0.10696727782487869,0.0912555471284,0.11163101860460425,0.09659965608353174
2396.0,0.10441987216472626,0.0873349196208212,0.11226405810065336,0.09438112716049395
2398.0,0.11649896949529648,0.08859843063596048,0.11612415065826166,0.09327320856752287
2368.0,0.11018553376197815,0.08501576186605145,0.11760720481245626,0.09197242347543604
2370.0,0.13668206334114075,0.08866982597348336,0.11830167650176303,0.0954523637429971
2372.0,0.13862580060958862,0.0860462924765942,0.11590767320244989,0.0929704773814734
2374.0,0.09322860091924667,0.08761545794208449,0.11127469597894458,0.08895421609184974
2376.0,0.08059176057577133,0.08541497318942272,0.11138725767547258,0.08475402828586855
2378.0,0.08230318129062653,0.08701952536423145,0.11564666923544348,0.08633758312923837
2380.0,0.07144082337617874,0.08450036389724541,0.11722566461408049,0.0873538067502161
2382.0,0.06922227144241333,0.08904514898942359,0.12019002234619841,0.09231956071896041
2384.0,0.08122889697551727,0.08622336243651728,0.11758383840172347,0.09455581253272895
2386.0,0.08877909183502197,0.08826660858752923,0.11257513290696265,0.09381434578033207
2388.0,0.08994733542203903,0.08663880643529352,0.11302469387221326,0.09388274380133374
2390.0,0.11326158791780472,0.08805265195205829,0.11620758063481565,0.09251750425473078
2392.0,0.1157432273030281,0.08531387259476188,0.11831620203385498,0.09172368029639594
2394.0,0.1247301921248436,0.08900808191220548,0.12071413177886518,0.09641533840520636
2396.0,0.12354227900505066,0.08647858036338159,0.11700128620688419,0.0940915352183931
2398.0,0.09146110713481903,0.0883982175302557,0.11218868022823356,0.08922064107222623
2400.0,0.06784112006425858,0.08667459291049634,0.1119210451513236,0.08459579440470616
2402.0,0.06106143444776535,0.08748720321792715,0.11667003853074984,0.0896625287062261
2404.0,0.059067580848932266,0.0852464837809515,0.11824793609989769,0.08872948733707044
2406.0,0.08208367228507996,0.08909080748542084,0.12106173034764196,0.09520001255100442
2408.0,0.10298898071050644,0.08643724013284312,0.11840450233819176,0.09563703680550197
2410.0,0.11232262849807739,0.08804801249523359,0.11310939149112138,0.09436570304302759
2412.0,0.11993551254272461,0.08674005909052634,0.11239264226599815,0.09394692497988487
2414.0,0.1374358981847763,0.08814715317309099,0.11596247447175041,0.09248269259859353
2416.0,0.13641919195652008,0.08488742947270862,0.1183075826336247,0.09262571248262962
2418.0,0.1699986457824707,0.08857712521127116,0.12008114995324837,0.09617708467177642
2420.0,0.16634629666805267,0.08621277227182801,0.11759566123574605,0.09521637977228971
2422.0,0.11391320079565048,0.08853933375303272,0.11318384214104725,0.09080573970368147
2424.0,0.08766061812639236,0.08641783147296611,0.11327311471015715,0.08683574426736264
2426.0,0.07106862962245941,0.08649938996251376,0.1172273087517584,0.08962894807684353
2428.0,0.056679874658584595,0.08238866950639369,0.11660925572244075,0.08878015393603098
2430.0,0.06430967897176743,0.0849039842795482,0.11976216903880198,0.09432758980005396
2400.0,0.08862970769405365,0.08084490993450054,0.11426341849832387,0.09336923892999752
2402.0,0.10028760135173798,0.0840131541332816,0.11059734956525459,0.09241693505481154
2404.0,0.0995786115527153,0.0813529605437157,0.11085568867783392,0.09435271475003297
2406.0,0.11489913612604141,0.08332987559775064,0.11403558593313755,0.09109286116326017
2408.0,0.12525810301303864,0.08085037679768702,0.11560637444743546,0.0917867506210866
2410.0,0.15973681211471558,0.08465597927839102,0.1175767501496435,0.0947040488128974
2412.0,0.15866684913635254,0.08092462988176605,0.112217804481284,0.09221742337061317
2414.0,0.10872489213943481,0.0829475301023474,0.10779635557594204,0.08713483029512702
2416.0,0.07523941248655319,0.07986298604719187,0.10740642319101935,0.08380149150313385
2418.0,0.059553563594818115,0.08236486495285461,0.11298147938073586,0.09122327649410517
2420.0,0.06021469086408615,0.08031007187767708,0.11440500576099823,0.0898693216034258
2422.0,0.08636416494846344,0.08247275868563578,0.11733711042199181,0.09672108032284227
2424.0,0.10237421840429306,0.07908289488119823,0.11266047308246473,0.09505738328697283
2426.0,0.07647805660963058,0.08116368591646159,0.10969495003291199,0.09393173635443718
2428.0,0.10250169038772583,0.0775137415162607,0.10905510359580192,0.09187995217595869
2430.0,0.09991807490587234,0.07900467293579662,0.1103399138521692,0.08887772954405983
2432.0,0.10335647314786911,0.07582521175666672,0.11104724958820157,0.08609455752570093
2434.0,0.15741227567195892,0.07912543348057714,0.11326999441766777,0.08763150008164006
2436.0,0.12345030158758163,0.0762840654268247,0.11046332321965081,0.08713047811015813
2438.0,0.10384637862443924,0.079170691853831,0.10839622985487894,0.08591193399421643
2440.0,0.07984450459480286,0.0764021742762587,0.10708529782124958,0.0812772338220312
2442.0,0.0693640485405922,0.07866770860735889,0.11145614621805605,0.08533275048002752
2444.0,0.05686487630009651,0.07631092117168035,0.11111653851099167,0.08412733183618247
2446.0,0.08220930397510529,0.07940876840020597,0.11440049234286721,0.0892903685892322
2448.0,0.08640345931053162,0.07691178160811014,0.11001511133296345,0.0908712054026343
2450.0,0.10643205046653748,0.08029115134246342,0.10900093636171809,0.09298643853277397
2452.0,0.09658493846654892,0.07684587521803819,0.10643048353585548,0.09149566588047221
2454.0,0.10390114039182663,0.07926368350142636,0.11058649216747306,0.08950700356894356
2456.0,0.09466123580932617,0.07768971396600109,0.11083320356082696,0.08901182638682438
2458.0,0.12415172904729843,0.07911384234842922,0.11260278989354035,0.091052196482143
2460.0,0.11851201951503754,0.07680670618096959,0.10919668668701901,0.0889282683637406
2462.0,0.09813399612903595,0.08039824529102378,0.10736184680349319,0.08602494069744095
2432.0,0.0671720877289772,0.07641969332036952,0.10543084929268437,0.08033285402525
2434.0,0.056405890733003616,0.07927514258563895,0.11135799422681479,0.08732226397551503
2436.0,0.04762766510248184,0.07766664876993915,0.1119804235573303,0.08497130961846544
2438.0,0.06478672474622726,0.07910066733647989,0.11392719282472202,0.09125711523163277
2440.0,0.08184792101383209,0.0769958624312521,0.1102929807927739,0.09028158804636968
2442.0,0.08999698609113693,0.08000700783052644,0.10874084809802763,0.09105857032687482
2444.0,0.09788279235363007,0.07618790608197819,0.10670011803714861,0.09076954116192532
2446.0,0.10639461129903793,0.0788404823829003,0.11034422949345273,0.0878445628038677
2448.0,0.10847091674804688,0.07653561028542762,0.11116276915455661,0.0855458219367387
2450.0,0.14231693744659424,0.07857308689138688,0.11272080259549024,0.08528104161959366
2452.0,0.16591289639472961,0.07597385908024008,0.10975296619878434,0.08658945697069105
2454.0,0.13402821123600006,0.07915119853857537,0.10853122972845251,0.08562188269214274
2456.0,0.10296401381492615,0.07583764094686721,0.1052641094078242,0.08139169947548676
2458.0,0.08757738023996353,0.07740430564909681,0.10797636015746667,0.08249789975666033
2460.0,0.06796640902757645,0.07567914356074933,0.10787605922539627,0.08296885794247034
2462.0,0.06937946379184723,0.0781444880981491,0.11011457459280223,0.08475316111077497
2464.0,0.09804537147283554,0.07567820818053966,0.10742829067572605,0.08536983311388067
2466.0,0.11718246340751648,0.07847643591555466,0.10625742199210073,0.08796328651578869
2468.0,0.11135993897914886,0.07589852591363479,0.10366571603579411,0.08757438237845948
2470.0,0.10542404651641846,0.07578324109084499,0.10610669064789095,0.08421553934741957
2472.0,0.09352895617485046,0.07497669782695426,0.10774972139874071,0.0844425808436466
2474.0,0.10079307109117508,0.07825952661103114,0.11006686791806305,0.08550302267353432
2476.0,0.10776858031749725,0.07738729480692248,0.10702194124494073,0.08484984661542593
2478.0,0.09237828850746155,0.08018496511674993,0.1068963681546185,0.08492414928244667
2480.0,0.07551108300685883,0.07807480668535126,0.10437275193875033,0.07929427453150563
2482.0,0.06258010864257812,0.07730365815523361,0.10822770876361597,0.08343861959324482
2484.0,0.05019929260015488,0.07558786325047295,0.10969626967363116,0.08202598856990832
2486.0,0.07615558803081512,0.0787836898556269,0.11215418512247277,0.0873596394556847
2488.0,0.11590263247489929,0.07717304853991626,0.1089870034477752,0.08585282278573239
2490.0,0.13818679749965668,0.07998414603175537,0.10766060864262156,0.08830884713908521
2492.0,0.10711044818162918,0.0778074030693625,0.10583093021670335,0.08760034638737785
2494.0,0.10218992084264755,0.07712559377489069,0.10788157637524493,0.08510194381452253
2464.0,0.10997019708156586,0.07558561474559901,0.11022169518281265,0.08236564279079434
2466.0,0.12253668159246445,0.07880886894138378,0.11202213147107165,0.0815853609431877
2468.0,0.1336623579263687,0.0778509301276279,0.10868319363651734,0.0852268475946517
2470.0,0.1334613710641861,0.08007481888923072,0.10833379526582188,0.0861900804479779
2472.0,0.09981423616409302,0.07806163360489277,0.10542989249747885,0.08137430778250675
2474.0,0.07553325593471527,0.07707075467503471,0.10815904167120168,0.08374858273792728
2476.0,0.054600343108177185,0.0763640190774865,0.11041418050800827,0.08223544282787808
2478.0,0.06641145050525665,0.07944725469079252,0.11386898539040996,0.08626750983932807
2480.0,0.08496370911598206,0.07951441827987077,0.11070945393208778,0.08756403207877267
2482.0,0.10160673409700394,0.08130553064877412,0.10909092542278725,0.08982413685877862
2484.0,0.09635171294212341,0.07954163044249635,0.10630159483315921,0.087171110917739
2486.0,0.09032038599252701,0.07809892952394736,0.10807617607645949,0.08570570882230716
2488.0,0.09005016833543777,0.0785099358338079,0.1105530257036326,0.08497037766998289
2490.0,0.1030309870839119,0.08029163636760646,0.11242963016764036,0.08731347559576695
2492.0,0.10783595591783524,0.08033062135241807,0.10851639735142891,0.08646765199611568
2494.0,0.092166468501091,0.08188085739023326,0.10708707537764518,0.08482767287790566
2496.0,0.07884444296360016,0.07922224602246503,0.10398538704362621,0.07970410662212925
2498.0,0.07102911919355392,0.0795748944200178,0.10928245550767456,0.08619495012362154
2500.0,0.06298226118087769,0.07880031843427324,0.11008924687950161,0.08291893376579564
2502.0,0.086207315325737,0.07865539892828517,0.11186122593740742,0.08857490312430669
2504.0,0.10826227813959122,0.07949948832113382,0.10890747879107655,0.08709446334031348
2506.0,0.10727071762084961,0.08047404912476167,0.10711157012896044,0.08874117549951847
2508.0,0.10124687850475311,0.07815541733161657,0.10589671972837826,0.08560725245378857
2510.0,0.13729973137378693,0.0782396728897878,0.10897010941764164,0.08365137915708147
2512.0,0.13823898136615753,0.07850741565963076,0.11020892180289717,0.08245627887845018
2514.0,0.14437083899974823,0.0792079467543047,0.11242052183574738,0.08619435975782874
2516.0,0.18552380800247192,0.08007722732960161,0.10883863515043547,0.08636786453475333
2518.0,0.1382238268852234,0.0810906581960363,0.10828370609791747,0.0877818444258448
2520.0,0.11219453811645508,0.07871600244481346,0.1058767698232679,0.08181461070828719
2522.0,0.12005658447742462,0.07880416355642537,0.1101687128176306,0.08412383498466497
2524.0,0.10097743570804596,0.0793036144202532,0.11206436072896411,0.08272458557613914
2526.0,0.09558891505002975,0.0806647196442256,0.11610015575530169,0.08673994336937603
2496.0,0.11443249881267548,0.08314130906683995,0.11305634331560781,0.0881352127126827
2498.0,0.13521519303321838,0.08519435365506872,0.11032754958546688,0.09219737502514068
2500.0,0.11767461150884628,0.08192191833169897,0.10738235128438232,0.08908260376277045
2502.0,0.12899821996688843,0.08190443343656911,0.10984992155992691,0.08652241495464728
2504.0,0.11899422854185104,0.08127503515893646,0.11150149725719065,0.08559744444431247
2506.0,0.1322946548461914,0.08142692131842615,0.11312676545469579,0.0901099944164038
2508.0,0.14310631155967712,0.08326664173117754,0.1105566836552711,0.09159880826976244
2510.0,0.12403891235589981,0.08638204026575107,0.11052060213746438,0.09009994611388712
2512.0,0.10139386355876923,0.08275266123680149,0.10782753842974721,0.08437756862247192
2514.0,0.08013643324375153,0.08208290638464448,0.11206273702145761,0.08696520245352297
2516.0,0.0789341926574707,0.08142185252170225,0.1127686902273532,0.08365910993166745
2518.0,0.11913079768419266,0.08203856093092754,0.11492387226367504,0.09042364157052057
2520.0,0.14128492772579193,0.08356626051441608,0.11178420443834591,0.08896132913138173
2522.0,0.14009246230125427,0.08618930688638482,0.11168425317219328,0.09244541936334424
2524.0,0.13592949509620667,0.0832911888183124,0.10949623710565826,0.08895124990692552
2526.0,0.15134593844413757,0.08261222535279716,0.11265799949322447,0.0862416961930864
2528.0,0.17101994156837463,0.08198458750827241,0.11509642145007941,0.08575598675732568
2530.0,0.187443345785141,0.08292915750261749,0.11593676419917803,0.08935285149480697
2532.0,0.22893978655338287,0.08402392234016941,0.11299950894112377,0.09127807900118184
2534.0,0.2539239227771759,0.08648536436867621,0.11380218629612471,0.09399230972211704
2536.0,0.216465562582016,0.08369928337226719,0.10942828491385968,0.0877264485580374
2538.0,0.17220553755760193,0.08241991344422848,0.1135608230237191,0.0873638522668333
2540.0,0.13183540105819702,0.0821320612081864,0.11421485063769027,0.08444719695906126
2542.0,0.10539086908102036,0.08299876537420499,0.11812827564544195,0.08693546188240163
2544.0,0.11951401084661484,0.08422898482894164,0.11471303075917415,0.08627831965171806
2546.0,0.14813807606697083,0.08610808646163547,0.11368325566747545,0.0938577058275823
2548.0,0.1384097933769226,0.08458329315495862,0.10886236876171251,0.09054869920359208
2550.0,0.15130718052387238,0.08337459092826995,0.11182640991439964,0.0876554956262333
2552.0,0.1454118937253952,0.08328597588359084,0.11226958733928712,0.08661176934295466
2554.0,0.15607883036136627,0.08366281053144443,0.11639365324611832,0.09153112045568043
2556.0,0.16137780249118805,0.08462692941698835,0.11220019270052294,0.09091092666368898
2558.0,0.14190366864204407,0.08615343342109719,0.11194571451129322,0.08976349847773539
2528.0,0.12592288851737976,0.08332088274056608,0.10862534387190191,0.08405008059693421
2530.0,0.10722462832927704,0.08209828562239488,0.11252462222166824,0.08816962212304158
2532.0,0.10717792063951492,0.08186108624634816,0.11165703805339039,0.08650437009936848
2534.0,0.13046997785568237,0.08313968685603969,0.11672908776042168,0.09012709860425479
2536.0,0.1506754606962204,0.08501897575595806,0.11429143304520784,0.08925057431386249
2538.0,0.15030783414840698,0.08750393157405024,0.1143466375968297,0.09569342514143898
2540.0,0.13646012544631958,0.08390806568880502,0.11131189282531335,0.09084351461528008
2542.0,0.16112712025642395,0.08367519926846179,0.11345695030150883,0.08757814061217713
2544.0,0.17377766966819763,0.08369871109888946,0.11398446895670288,0.08591362086725975
2546.0,0.177180677652359,0.08562985617760639,0.11735746278078706,0.09152765623227327
2548.0,0.20888401567935944,0.08685436264416652,0.11410965808350294,0.09272177299535106
2550.0,0.2067696452140808,0.08970849672415504,0.11531114441092888,0.09358930816830907
2552.0,0.16963957250118256,0.08563470307498787,0.11095712868478236,0.08773731971431892
2554.0,0.12979798018932343,0.08553829611018032,0.11504134749041328,0.08756895216295618
2556.0,0.09881914407014847,0.08444953192114303,0.11441439437740746,0.08451643185565787
2558.0,0.10597460716962814,0.08613247454070573,0.1197894020038314,0.08775328808869655
2560.0,0.1154583990573883,0.08889943556078028,0.11830686600286754,0.08783928149588516
2562.0,0.15054091811180115,0.09004292065421066,0.11764803045745321,0.09603383332325327
2564.0,0.1392957866191864,0.08642702860668544,0.11259495727124644,0.0919552166928992
2566.0,0.15274681150913239,0.08641269521844112,0.11418340220724077,0.08801432781248762
2568.0,0.15716156363487244,0.08493626576914365,0.11356859500189892,0.08657341131176584
2570.0,0.1799534410238266,0.08513660245017761,0.11802995983621524,0.09178258008088673
2572.0,0.17313875257968903,0.08802206045731341,0.11492579934628729,0.09349397704679249
2574.0,0.15447553992271423,0.08925590884412998,0.11448405398639877,0.0909964037789067
2576.0,0.13584178686141968,0.08524965881352504,0.1095157334984496,0.08509862082782035
2578.0,0.12361574172973633,0.08621458294227614,0.11222621805859907,0.08784317043732197
2580.0,0.1206151470541954,0.08410336784670445,0.1115324884883644,0.08621449420112041
2582.0,0.15692351758480072,0.08377068192838542,0.11742310298782983,0.09038783473248917
2584.0,0.13560174405574799,0.08716209554583683,0.11642983801644462,0.0898835475103509
2586.0,0.14561569690704346,0.08775136565084528,0.11493853817922624,0.09676206981792546
2588.0,0.13485120236873627,0.0847548411642557,0.11178557278684167,0.09171514780087783
2590.0,0.16543129086494446,0.085297574635484,0.11242230389773247,0.08615142171650671
2560.0,0.15286527574062347,0.08235642522306899,0.11041045252872683,0.08262412297362248
2562.0,0.193648561835289,0.08267628155430393,0.11509468137640405,0.08879438724815834
2564.0,0.19291642308235168,0.08672958778282663,0.11462411749349911,0.09087385451651167
2566.0,0.17198704183101654,0.0874525164140158,0.11311955280357257,0.09050649797811926
2568.0,0.15356040000915527,0.08470810901775282,0.10996848162974407,0.08528533066950549
2570.0,0.12962296605110168,0.08513695405823343,0.11232470498479516,0.08644890121779844
2572.0,0.1236339882016182,0.08364386572139741,0.11094317418295509,0.08279830654175163
2574.0,0.12302420288324356,0.08323733983291257,0.1168565319384579,0.08653476912201007
2576.0,0.1280045062303543,0.088659899206386,0.11789652504428752,0.0872826173923718
2578.0,0.15364407002925873,0.0892897271258109,0.11700560237000275,0.09514251481359048
2580.0,0.14482149481773376,0.08718478533941486,0.11357024370655468,0.0926252938407866
2582.0,0.1501161903142929,0.08637920955368548,0.11424659690833348,0.08726310948949284
2584.0,0.14988049864768982,0.0850806670355756,0.11297719979951926,0.08540836190410589
2586.0,0.18039944767951965,0.08464831913954446,0.11881670210425029,0.09302085736198523
2588.0,0.18579454720020294,0.09038271364367767,0.1184405828907137,0.09523108321346721
2590.0,0.14984068274497986,0.09120252285228632,0.11744384785947419,0.09276248691186005
2592.0,0.13972938060760498,0.08836079525974813,0.11436603953709962,0.08715619131225358
2594.0,0.1195642501115799,0.08804792809047553,0.11586194672455535,0.08739045793601076
2596.0,0.11755936592817307,0.08641354562770515,0.11327769312540789,0.08406298243841225
2598.0,0.1417287290096283,0.08590586338805349,0.11912282680053776,0.08912366997380645
2600.0,0.13245192170143127,0.09092145109224031,0.1200521254263816,0.08948625406382095
2602.0,0.14223267138004303,0.09215088672522566,0.11960946487843187,0.09653677262710261
2604.0,0.12474265694618225,0.08907032417150411,0.11778046890097818,0.09340977892758277
2606.0,0.15811912715435028,0.08986502659189778,0.11808823703764643,0.08678899964148164
2608.0,0.15512946248054504,0.08938716355668765,0.11673365230523841,0.08629381446125371
2610.0,0.18426214158535004,0.08999023532296878,0.12188645308803224,0.09349988548994181
2612.0,0.19523689150810242,0.09496583586463578,0.12136273826179239,0.09578040031953045
2614.0,0.1734294295310974,0.09527075683853292,0.12140521718394365,0.09639853720504518
2616.0,0.17792676389217377,0.09257806882778076,0.11859726782549909,0.09101192185525978
2618.0,0.12715700268745422,0.0916215705973364,0.11900390620468736,0.0903299389904208
2620.0,0.1124010980129242,0.09118399275912831,0.11689169853603841,0.08599305127719607
2622.0,0.12464544177055359,0.09279223716804874,0.12495133264240992,0.08946646990487148
2592.0,0.1286105066537857,0.09868870360056273,0.12672954239318387,0.09152824382588709
2594.0,0.15880993008613586,0.09922443060074393,0.1254922609433934,0.0998215048238602
2596.0,0.14575298130512238,0.0966324420594109,0.12240717803638347,0.0964098906400447
2598.0,0.14588235318660736,0.09528341966556943,0.12269452356360823,0.0895764314320195
2600.0,0.14165836572647095,0.09394492221524442,0.1201179295354326,0.08749114351543194
2602.0,0.1720121055841446,0.09321334242831719,0.12582567435287387,0.09571258069592962
2604.0,0.17735715210437775,0.09982700817178863,0.12533191999470553,0.09860239677659254
2606.0,0.15461252629756927,0.10070143958349398,0.12485137537714587,0.09604244651506134
2608.0,0.16325512528419495,0.09839175349194691,0.12255421511240659,0.09169075682514363
2610.0,0.12930816411972046,0.09682593279943835,0.12388188341629097,0.09126111580511226
2612.0,0.1454988420009613,0.09631859759320252,0.12220493827431576,0.09021725154062889
2614.0,0.18515147268772125,0.09551176993168209,0.12878891114078408,0.09319438993715083
2616.0,0.1716134399175644,0.10185341669746263,0.12972854440185946,0.09534345636541387
2618.0,0.180288165807724,0.10285633474086042,0.12814096732343883,0.10279040711746618
2620.0,0.14651727676391602,0.10136330374890555,0.12884196343976032,0.09824393244433445
2622.0,0.13168509304523468,0.0998102424870242,0.1286549098244404,0.09108020843206131
2624.0,0.141053706407547,0.09859944395246037,0.12445015674256417,0.08840417289517025
2626.0,0.1730213612318039,0.09755923992876757,0.129998546413201,0.09831430887271111
2628.0,0.16426314413547516,0.1026294098488917,0.12869075083911702,0.09956451245007707
2630.0,0.12983860075473785,0.10330074735755014,0.1272073061115321,0.09745158098789947
2632.0,0.12724056839942932,0.10095492542199355,0.12705975508229697,0.09234685214663398
2634.0,0.11127116531133652,0.10005885610404967,0.12707063912446603,0.09106073610690099
2636.0,0.09006090462207794,0.09947965785399146,0.12368749981954133,0.08724220773224634
2638.0,0.0940074473619461,0.09948498588523523,0.130819716865634,0.09002148000684825
2640.0,0.0991949811577797,0.10588780202226547,0.13166724792069015,0.09278663306686653
2642.0,0.1178484857082367,0.10567184222903024,0.12990819844015858,0.10073697645790723
2644.0,0.12371031939983368,0.10305701861921973,0.1286258199351433,0.0965260329705178
2646.0,0.12243634462356567,0.10135130419205642,0.12769599248013613,0.09003556608579824
2648.0,0.13025535643100739,0.10042756961489512,0.1245810254716966,0.08773959428296067
2650.0,0.1562650501728058,0.09973767935556944,0.13024319842300083,0.09705137054201879
2652.0,0.14798995852470398,0.10722350799920889,0.13082370329221338,0.10173389096970013
2654.0,0.12140451371669769,0.10669690706162728,0.1284607273477019,0.09788779324350559
2624.0,0.13075338304042816,0.10402271898148258,0.12697930377635067,0.09327349315409145
2626.0,0.11177901178598404,0.1028876283134368,0.12767860105054282,0.09324793440669073
2628.0,0.12307142466306686,0.10039518428531989,0.12448930210913325,0.08997986410987675
2630.0,0.145178884267807,0.09929965016067827,0.12972440078561165,0.09125117622939927
2632.0,0.14878366887569427,0.10502872438086387,0.13049017726070272,0.09305372149533211
2634.0,0.1458536684513092,0.10523693588645776,0.1289019370082708,0.10170469526387435
2636.0,0.13526301085948944,0.10153184313152902,0.12693683134797976,0.0965984357872684
2638.0,0.13226814568042755,0.0996322877317244,0.12622676929154497,0.08988101495418534
2640.0,0.13436034321784973,0.09750322835827661,0.12243331755475256,0.08606405526840176
2642.0,0.1594182848930359,0.097733250122084,0.12800721995600248,0.09459906828736528
2644.0,0.14147156476974487,0.10508628532164832,0.1299877867729858,0.09827243186035557
2646.0,0.10670334845781326,0.10486976760569049,0.12871409215190335,0.09672874790799732
2648.0,0.1125323474407196,0.1014935600632097,0.12750930929376644,0.0913651090906316
2650.0,0.10394293069839478,0.09995008599464236,0.1268960201365144,0.0914393536993055
2652.0,0.08863382041454315,0.09802427867260483,0.12224921738673221,0.08832229268932656
2654.0,0.08256423473358154,0.09823563265027246,0.12923697712273852,0.08963136939488031
2656.0,0.071693554520607,0.10635048909626228,0.13295357025379972,0.09256972488167574
2658.0,0.10428883880376816,0.10708008279777227,0.13290774695112398,0.10209449429349687
2660.0,0.10811099410057068,0.1041891305289835,0.12933395167966893,0.09727897898976705
2662.0,0.12996704876422882,0.10151768023087815,0.1288819573553336,0.09106967592057164
2664.0,0.13902711868286133,0.09934077089352006,0.12431586879141646,0.08769697820052376
2666.0,0.1506916880607605,0.09950088946184349,0.13072265454635768,0.0967144859124371
2668.0,0.13649354875087738,0.10732818913188553,0.13256796060050527,0.10166032068185062
2670.0,0.1067303940653801,0.10816904673486855,0.13328740455688556,0.10059213078748169
2672.0,0.11627132445573807,0.10586761061902461,0.13171959855016038,0.09402499157156828
2674.0,0.10070256143808365,0.10307813134175202,0.1301158570334131,0.09384132246550893
2676.0,0.09462222456932068,0.10062070101676733,0.12464476702823939,0.08945506492725099
2678.0,0.09474832564592361,0.1011390100585071,0.13123913970058415,0.0918590726970559
2680.0,0.08208611607551575,0.10776834633843761,0.13456189689711096,0.09473754783770344
2682.0,0.08387061208486557,0.10970756514520778,0.13648774344552442,0.10344470931629926
2684.0,0.08696059882640839,0.1094272823491949,0.1366355357096677,0.09907828938587758
2686.0,0.10311631113290787,0.10730093488932302,0.13693583467042317,0.0933282968210518
2656.0,0.12339877337217331,0.10659905973571232,0.1329064249234958,0.09055755974067346
2658.0,0.15322981774806976,0.10840609749868174,0.1386502379203737,0.09964144397632708
2660.0,0.15578694641590118,0.11421323164487768,0.13812474952360285,0.10337616534976624
2662.0,0.14096735417842865,0.11555606428771723,0.13864609798539448,0.10421684944883179
2664.0,0.12656782567501068,0.11300663472287478,0.13866100544243973,0.09904770559103349
2666.0,0.09163734316825867,0.10977321608319338,0.1376870270845942,0.10000653927039799
2668.0,0.08172747492790222,0.10883562189558299,0.13197765263363767,0.09556227763666372
2670.0,0.07748286426067352,0.11186327329737965,0.139996358510598,0.09634814025810332
2672.0,0.0833728164434433,0.11795452949421739,0.14224592567151548,0.09749613313032679
2674.0,0.1186971664428711,0.12029463856798019,0.14383679966219012,0.10743377317327901
2676.0,0.11670844256877899,0.1171983094038238,0.14288013326640622,0.10219091296826291
2678.0,0.12655213475227356,0.1136275366024186,0.14158326678268934,0.09536394397094289
2680.0,0.12437105178833008,0.10979903123169478,0.13427391978316036,0.09154914770604393
2682.0,0.14149926602840424,0.11226800355104044,0.14200326984854741,0.10124177322491855
2684.0,0.13563570380210876,0.11880958547045704,0.1423809373465309,0.10570949058644664
2686.0,0.12466714531183243,0.12104437721000522,0.14335373581639788,0.10602521589363878
2688.0,0.14095228910446167,0.11831853233183941,0.14330760974819667,0.09851949123752422
2690.0,0.10328840464353561,0.11511159547170706,0.14245851499797693,0.09935363997671252
2692.0,0.10110384970903397,0.1108199862951885,0.13417991042061875,0.09589938675356967
2694.0,0.09733463823795319,0.11394678692644465,0.14118529607523292,0.09922472292068774
2696.0,0.08084763586521149,0.11983131941005926,0.14401999713673433,0.1004545444184912
2698.0,0.0965985357761383,0.12173169306102198,0.144315457978034,0.11002961661161695
2700.0,0.1157170981168747,0.11974373106552277,0.14476670294852897,0.10416986418153101
2702.0,0.11767657846212387,0.11724496833280028,0.14536956252069522,0.09940733087648884
2704.0,0.12963710725307465,0.11329471486329509,0.1384783131724883,0.09709169939581663
2706.0,0.14816498756408691,0.11714118182553653,0.14557750454290935,0.10613661784295339
2708.0,0.13636204600334167,0.12222942746382683,0.14352829921698665,0.1089535118241096
2710.0,0.10115911811590195,0.12374076046459108,0.14493603889190484,0.11098091948110687
2712.0,0.11260157823562622,0.11829372995332318,0.1422689999466301,0.10320073079466617
2714.0,0.10841147601604462,0.11665635595805467,0.1440536937987983,0.10622650730796251
2716.0,0.11233920603990555,0.11422708140118466,0.13814905911715017,0.10151654020663048
2718.0,0.11007512360811234,0.11853416179067708,0.14603574537920572,0.10384475692236532
2688.0,0.10994977504014969,0.125813575369035,0.14680403222715604,0.10343845098427949
2690.0,0.14385338127613068,0.12844587012386624,0.14951870887334281,0.11638050646743077
2692.0,0.15122950077056885,0.12317966605393824,0.14638050308183778,0.10993980370000962
2694.0,0.14594675600528717,0.120384991450547,0.1457613978704016,0.10149254978565136
2696.0,0.13184162974357605,0.11776862041229842,0.14227080534300088,0.09827728495349004
2698.0,0.14988429844379425,0.11999466034883016,0.1491840519239603,0.1074680323057478
2700.0,0.16406048834323883,0.1272659473397714,0.1488483633659561,0.11301316317558144
2702.0,0.1828988641500473,0.129454576454034,0.15010772579140869,0.11627217452000477
2704.0,0.23996742069721222,0.123872375704959,0.14562324308908567,0.10677699770227234
2706.0,0.1781468242406845,0.11991934830489188,0.1445855204805272,0.10806885090214914
2708.0,0.15393775701522827,0.1176178188471412,0.14109898343939511,0.10467187778681747
2710.0,0.14088837802410126,0.11918327809047584,0.14690707544220025,0.10624365703322573
2712.0,0.12083873152732849,0.12569562135830556,0.14704263021936173,0.1067585311959037
2714.0,0.15417136251926422,0.12831479227439505,0.1478501229999256,0.12018110929430481
2716.0,0.16706369817256927,0.12412530865278444,0.145223669871211,0.11460963155910217
2718.0,0.12755714356899261,0.12130133969762308,0.14784971095814692,0.10669851791955706
2720.0,0.1518435776233673,0.11911833564713561,0.14556377538760706,0.10314000016491441
2722.0,0.20746031403541565,0.12134667087046389,0.15098861301725486,0.11233724273145612
2724.0,0.22406239807605743,0.12805139423251674,0.1482895707442763,0.11442910677887061
2726.0,0.21447454392910004,0.12996640627041992,0.14867684301468886,0.11844649338993861
2728.0,0.20002681016921997,0.12435877436666902,0.1443260346415222,0.10965969822194244
2730.0,0.14167006313800812,0.12147883292408723,0.1459252803223538,0.11156879635789471
2732.0,0.10398418456315994,0.12047854850752787,0.14371367821018202,0.10838694640418507
2734.0,0.1123163178563118,0.122956809770985,0.15103088281364344,0.1100994865612487
2736.0,0.11836665123701096,0.12917104227135265,0.1487687057163918,0.10801406569581105
2738.0,0.16498088836669922,0.1323355744524222,0.15216190865694468,0.12156432460342344
2740.0,0.17910818755626678,0.12730825418288277,0.147314787040197,0.11609401786440975
2742.0,0.1588590294122696,0.12363391366748734,0.14853228289974876,0.10591570027382965
2744.0,0.13433247804641724,0.12253349403160413,0.1468304283826996,0.1004290485657387
2746.0,0.16340921819210052,0.12316230550182829,0.15161821447780055,0.10994757214855398
2748.0,0.18700262904167175,0.12942525224656262,0.14927648732860482,0.11522905537909298
2750.0,0.22261285781860352,0.13147155215509498,0.1498314001035692,0.11961196623805574
2720.0,0.2797956168651581,0.12590896472720603,0.14462519743411442,0.11032411373815804
2722.0,0.2048579603433609,0.12323407338861245,0.14677550181368115,0.11202137873485181
2724.0,0.16140559315681458,0.12151752530913135,0.14467983568189532,0.10980782016724708
2726.0,0.1613095998764038,0.12185042333922956,0.1486220032226442,0.10897619018345904
2728.0,0.15783339738845825,0.12810307967844767,0.14683865531479678,0.10987875948610433
2730.0,0.20471347868442535,0.13133637972594236,0.1511759719996453,0.12426214359179126
2732.0,0.24450211226940155,0.12629267979085693,0.1461550754545652,0.11953006379190102
2734.0,0.1956123411655426,0.12470238134415174,0.1517439713403162,0.1100777316024592
2736.0,0.1879846304655075,0.12369371798035102,0.1498377490805521,0.10273935790589261
2738.0,0.2725185453891754,0.12378887537626108,0.1545143125800923,0.11109150215954285
2740.0,0.3176155984401703,0.12995928445633745,0.1514540846420991,0.11577460139880014
2742.0,0.34283262491226196,0.13183079597903163,0.15261526627433747,0.12123675147375762
2744.0,0.3085292875766754,0.12545274642091295,0.14789054362109336,0.11221828608490685
2746.0,0.14478495717048645,0.12382851431976784,0.1491002511874979,0.11237728546876263
2748.0,0.09965234994888306,0.12247684657885548,0.1473636460565089,0.1105513247342475
2750.0,0.11205189675092697,0.12349721771651559,0.15293736652330406,0.10945434621874178
2752.0,0.10632912814617157,0.12960946002810078,0.1522411794553398,0.11002855752729673
2754.0,0.14490780234336853,0.13050394747082011,0.15377469389158768,0.1219791791246636
2756.0,0.18049658834934235,0.12601429664636976,0.1490973368908547,0.11789626266427754
2758.0,0.15006214380264282,0.12372660398948755,0.14952196813184332,0.10958974714991351
2760.0,0.13568511605262756,0.12187778167305635,0.14865951745475267,0.10092333101394647
2762.0,0.1685788333415985,0.12234865227125931,0.15208416399976074,0.10982508480916818
2764.0,0.18763750791549683,0.12918682029605832,0.14981830746894087,0.11594733066977653
2766.0,0.20883692800998688,0.13106073882246327,0.15015188855315015,0.11810441408445384
2768.0,0.2511429190635681,0.12701284201785618,0.14632448778694365,0.10866907523498875
2770.0,0.17383937537670135,0.12487367169447262,0.14809705078187088,0.11177683377057873
2772.0,0.15324413776397705,0.12163156752047734,0.144771027681355,0.11083303316608822
2774.0,0.17437033355236053,0.1199945023613525,0.14654014108956126,0.10767456981201334
2776.0,0.16236989200115204,0.12660895083580737,0.1465761642683399,0.10752380822390784
2778.0,0.15564192831516266,0.1287530280914175,0.14917486727983817,0.11954132489251791
2780.0,0.13946008682250977,0.12623035926860993,0.14693000362081615,0.11547694727986496
2782.0,0.15290863811969757,0.12442120872376326,0.1512828896073684,0.10810111517723997
2752.0,0.18226902186870575,0.12196628105810298,0.14793201519651913,0.09983729380360766
2754.0,0.25823360681533813,0.120056306372613,0.14706346896213904,0.10616583470638939
2756.0,0.28300049901008606,0.12450953735730205,0.1452003831262063,0.1089855966083379
2758.0,0.2675301432609558,0.1267869183934766,0.1446563466931154,0.11436183995367823
2760.0,0.2262311726808548,0.12235831559370909,0.14165009797321115,0.10611305077902376
2762.0,0.14044632017612457,0.12203919803592206,0.14637819682829176,0.10982761260430272
2764.0,0.11202001571655273,0.12056123370782174,0.14402524794865437,0.10673712616604822
2766.0,0.11971716582775116,0.11977231589113621,0.14598027156962967,0.10432599882791557
2768.0,0.10152751207351685,0.12441427852998711,0.145492974964398,0.10551929920452316
2770.0,0.09934921562671661,0.12714331992096686,0.14618841639369415,0.11553235298188878
2772.0,0.09756913781166077,0.12264760733658395,0.14272418941135026,0.11159275926734798
2774.0,0.11231894791126251,0.12126474950862609,0.14770595514298535,0.10353434898024444
2776.0,0.12403283268213272,0.12047542454068681,0.14600464085463646,0.09710717079478103
2778.0,0.1736477017402649,0.11913286034284316,0.14655253869153032,0.10518432119719855
2780.0,0.1654268205165863,0.12384900558924405,0.14606681800080412,0.10794103584737358
2782.0,0.14305458962917328,0.1278290208408322,0.14666690683442507,0.11494718892788969
2784.0,0.13308404386043549,0.12375806589694868,0.1434443444184623,0.10651594693001613
2786.0,0.10085360705852509,0.12250834015800666,0.14679593074205807,0.10924669168829598
2788.0,0.10676316171884537,0.12103678791600511,0.1439124319096498,0.1063720242075295
2790.0,0.13243597745895386,0.11950906625914738,0.14506081712291977,0.10459840433199333
2792.0,0.140228733420372,0.12449226549647302,0.14485998833035482,0.10368300625731001
2794.0,0.129347026348114,0.12771972661010308,0.14570025773468068,0.11443822624510816
2796.0,0.10469178855419159,0.12397109756964336,0.14303216787960338,0.11084788130530863
2798.0,0.11974961310625076,0.12300255276938005,0.14774516838441365,0.10361399637748615
2800.0,0.164713516831398,0.12218150668588015,0.14618433381107857,0.09846557248574853
2802.0,0.2504758834838867,0.12061473320458442,0.14875921166825348,0.10724537822432315
2804.0,0.27451568841934204,0.1263448840428284,0.14861381159274675,0.11064665376518791
2806.0,0.22869595885276794,0.12973860849103996,0.1490304868856595,0.11786196528966549
2808.0,0.16743990778923035,0.12592284035358692,0.1456135762506172,0.1082295719477612
2810.0,0.11125652492046356,0.12471497006534679,0.1484229615197384,0.11025213268690841
2812.0,0.08508211374282837,0.12257180053534865,0.14640854097288483,0.10786168103439137
2814.0,0.0962861180305481,0.1207240770689782,0.14781425481035163,0.10566289745262267
2784.0,0.09145636111497879,0.12662607694066086,0.1484425608147545,0.10646843363536741
2786.0,0.1016705185174942,0.1298902902053461,0.14991789157908073,0.11773419802607267
2788.0,0.09328729659318924,0.12694532487300225,0.1467278163101702,0.11455729572739863
2790.0,0.112511545419693,0.12544786648301504,0.1482571440132724,0.10569043736734879
2792.0,0.1307835429906845,0.12403383721576473,0.14887708013736972,0.0992112491663005
2794.0,0.18492038547992706,0.12160918944399773,0.15002627712798686,0.10717284490441002
2796.0,0.177141010761261,0.12646424210360332,0.14984279555925983,0.11073703784862911
2798.0,0.14765329658985138,0.13029808406579269,0.15047989704345133,0.117414759430801
2800.0,0.13201802968978882,0.1272424564412541,0.1475990403167096,0.10933715253131636
2802.0,0.1114104837179184,0.1258123053226369,0.14850191865571652,0.11168216545508143
2804.0,0.10341518372297287,0.12432185223390678,0.14737393829063308,0.1085416635011935
2806.0,0.11721304804086685,0.12113762600677919,0.14757148604533807,0.10667330076662712
2808.0,0.09128851443529129,0.12642586602268813,0.14800105300312286,0.10691771260440791
2810.0,0.08994974195957184,0.13024589559752167,0.14977562877179126,0.11843643128560749
2812.0,0.08544601500034332,0.1285789992073368,0.14855524220352564,0.11509359121677369
2814.0,0.10822729766368866,0.12787202277456217,0.15276660819549542,0.10976135626963845
2816.0,0.18312634527683258,0.12798886241565832,0.15339624993808976,0.10411518032981949
2818.0,0.28033626079559326,0.12819491001056443,0.15733100824287546,0.11502566050652999
2820.0,0.30006110668182373,0.13451346052995905,0.1553397346232135,0.11805379268015352
2822.0,0.28404900431632996,0.1373052830510838,0.1551576679830035,0.12191501153839378
2824.0,0.22134919464588165,0.13258754820688504,0.15239067704847106,0.1134451411705442
2826.0,0.12068914622068405,0.13012305444630773,0.15263695299186894,0.11589655751031187
2828.0,0.0989280417561531,0.13010966671772967,0.15063034920618276,0.11288549154807374
2830.0,0.1192835196852684,0.12997858042879032,0.15522634627339718,0.11111599680574025
2832.0,0.1187519058585167,0.1362008317701912,0.1548500672620653,0.11083189379036873
2834.0,0.12851880490779877,0.13856653650216402,0.1567980286190144,0.12123952215516466
2836.0,0.1112826019525528,0.13491020386795108,0.15268284734483914,0.11826767977126003
2838.0,0.10507895052433014,0.13301931059953465,0.15332340352903182,0.10985225795089665
2840.0,0.11989525705575943,0.13120320022225088,0.1532630805313233,0.1012051275236177
2842.0,0.17307913303375244,0.12885968263238567,0.15741030318479882,0.11068822098143084
2844.0,0.17837269604206085,0.13497698570694636,0.15560413468088505,0.11291411831208496
2846.0,0.17013995349407196,0.13739980893596979,0.15649661890867844,0.11996574093291706
2816.0,0.15886524319648743,0.13434288089519847,0.15144739122385517,0.11082898434988264
2818.0,0.11515524238348007,0.1329167412083494,0.1519608255515499,0.11308209389162373
2820.0,0.11418944597244263,0.131309701839712,0.15195003399594065,0.11066449630737672
2822.0,0.15752024948596954,0.12896218766401796,0.15554853061582782,0.11042136426693289
2824.0,0.17840687930583954,0.135192221939566,0.15408741347408006,0.10898026810803002
2826.0,0.17247888445854187,0.13751963485522695,0.15696772552702737,0.12070635185362483
2828.0,0.1325046420097351,0.13525809207741848,0.15301877232514302,0.11832647197702649
2830.0,0.11402426660060883,0.1343377489988822,0.15452256220367766,0.11010705572700054
2832.0,0.15100717544555664,0.1318025849126564,0.15436627632983857,0.10330271665548074
2834.0,0.24048708379268646,0.12964238086229418,0.15757886584391542,0.11200541006392721
2836.0,0.271083801984787,0.1350626944594708,0.154070582174914,0.1129259006710232
2838.0,0.22736413776874542,0.13723011146006384,0.1550051104488908,0.12057670267687284
2840.0,0.15895317494869232,0.13348333713417948,0.15053887435486696,0.11036669874100036
2842.0,0.09734448790550232,0.131645140718716,0.15054639559835137,0.1124739538261311
2844.0,0.0795232355594635,0.13024103638892676,0.15173906622684666,0.1109388414253894
2846.0,0.09303009510040283,0.1283480207449149,0.1545801473555437,0.10954902844436817
2848.0,0.0890229195356369,0.13396406869678168,0.1523552988204907,0.10913100593279994
2850.0,0.09290926903486252,0.13712440901547532,0.15605705809975964,0.11983449380826948
2852.0,0.08623125404119492,0.13330564028002234,0.15133943591585822,0.1170804177968462
2854.0,0.09272155165672302,0.131310263526723,0.15163510961151194,0.10855517023158087
2856.0,0.11189570277929306,0.13015747993322468,0.15358530570459478,0.10085314851570226
2858.0,0.1562725454568863,0.12776168756679887,0.15658438364671853,0.1105101871416096
2860.0,0.14556588232517242,0.13383172576134583,0.15369052828605329,0.11227585579848452
2862.0,0.12348814308643341,0.1375251244942301,0.15632003949301906,0.11912905197177169
2864.0,0.09820979088544846,0.13373652652202986,0.1517051052289321,0.10944712170745542
2866.0,0.07860900461673737,0.13206427441718976,0.15145346345089114,0.11202024308300818
2868.0,0.08994000405073166,0.13016912875492526,0.15256184945816284,0.11064465366046065
2870.0,0.13354526460170746,0.12768779555417129,0.15548288654964215,0.10996450096503084
2872.0,0.15192951261997223,0.1337077224347529,0.15212531926283815,0.10783552957574322
2874.0,0.14732114970684052,0.1369170441836758,0.15481042394809325,0.11828387967668813
2876.0,0.11465606093406677,0.13312273624233942,0.15037905633025692,0.11572026153442973
2878.0,0.10653159767389297,0.13173441819011072,0.15216066367162606,0.1086582759329207
2848.0,0.1419173628091812,0.13026039235703046,0.15379847402699506,0.10219367534047201
2850.0,0.21136507391929626,0.12751194191566137,0.1568486850556359,0.11053233190000133
2852.0,0.22622449696063995,0.13274052317474505,0.15315938565661782,0.11142843117084258
2854.0,0.1849031299352646,0.13596198908801269,0.15463239078619537,0.11793070834133125
2856.0,0.1147710531949997,0.13216189475822826,0.14907055194286567,0.10756996936423197
2858.0,0.07348206639289856,0.13070096775790968,0.14958603962261796,0.10955055296218164
2860.0,0.06594938784837723,0.1297156834369219,0.15198705225046388,0.10994038264372209
2862.0,0.07998672127723694,0.1277790285366886,0.15554831297867222,0.10853824185161481
2864.0,0.07671357691287994,0.1330941530754245,0.15304432665213222,0.10864085178893991
2866.0,0.08289778977632523,0.13651710370673392,0.15554617955948596,0.1191521645655038
2868.0,0.08139686286449432,0.13234946311826706,0.15072251150482752,0.11642240058822911
2870.0,0.09812764078378677,0.1305305071298242,0.1512877944149675,0.10875989966793131
2872.0,0.12195593863725662,0.12972937724832467,0.1537572048405014,0.10187556698945127
2874.0,0.1538260281085968,0.12814847475869084,0.1579875242229295,0.11040100467448925
2876.0,0.13751891255378723,0.1334917736850917,0.15484392359887372,0.11270626582453248
2878.0,0.11349920928478241,0.13810700551153476,0.15705559790087784,0.11847063092603415
2880.0,0.08941864222288132,0.1334463632298589,0.15142594033088558,0.10906010614740357
2882.0,0.0740661770105362,0.1319872909203608,0.15187960081114918,0.11271694636532952
2884.0,0.08512265235185623,0.1315542058906648,0.15417900082463612,0.11164250802378257
2886.0,0.1151140108704567,0.12836401336418557,0.1564856571768172,0.10955451583641151
2888.0,0.12878304719924927,0.13371298042250032,0.15302389558434937,0.10836295170310835
2890.0,0.12260467559099197,0.1373761234870195,0.15610050213594576,0.11843829081641011
2892.0,0.09631075710058212,0.1334115228203589,0.150018299767288,0.11596649545498079
2894.0,0.09166892617940903,0.1329482278023436,0.15299198062609973,0.1084325263329836
2896.0,0.12038862705230713,0.1318528555763271,0.15472954899005387,0.10074610198010209
2898.0,0.1532358080148697,0.12923936856333465,0.15819824240726518,0.10749805301271124
2900.0,0.13948820531368256,0.13329319285644223,0.1543325633920031,0.10722887155193951
2902.0,0.10223390907049179,0.13729267568039205,0.1555250546789562,0.11264190024966213
2904.0,0.08452673256397247,0.13273887693486575,0.1489736873807209,0.10583070337065074
2906.0,0.07716677337884903,0.1319593818365685,0.15194739669982155,0.10948539936550551
2908.0,0.0688798725605011,0.13014711633020637,0.1524287587954004,0.10922216541947007
2910.0,0.07259014248847961,0.1287285812444198,0.1566028638695343,0.10810829931145248
2880.0,0.07855743914842606,0.13250473482784553,0.15268326040462868,0.10887553040419294
2882.0,0.08569285273551941,0.13638667588461206,0.15479724299244524,0.11869334267596904
2884.0,0.08483807742595673,0.13143293614264223,0.14854462382084863,0.11624164310366208
2886.0,0.10269372165203094,0.1304794655910064,0.15262714944966008,0.1097657101699383
2888.0,0.12309145927429199,0.1299796710101064,0.15398765391783825,0.10289293719415905
2890.0,0.14510491490364075,0.12858536120339356,0.1581512411125656,0.1103185685278461
2892.0,0.13003522157669067,0.13290179125742663,0.15417913838171413,0.11319916193264162
2894.0,0.11268477141857147,0.13715548331211444,0.15542437858531233,0.11791375617304233
2896.0,0.08925867825746536,0.13258862072629396,0.14864461068026633,0.10845038540028183
2898.0,0.07939869910478592,0.13181915601264332,0.1524550551017864,0.11300613515196378
2900.0,0.10293052345514297,0.13179118120303332,0.15491239187968786,0.11308484043116361
2902.0,0.14228716492652893,0.12991991223158106,0.15795987045617574,0.11132368005315253
2904.0,0.14401127398014069,0.13354924036752205,0.15582779211361733,0.11045670576262324
2906.0,0.13817670941352844,0.13723162210805803,0.15655319469108894,0.1197557621761368
2908.0,0.10330830514431,0.13323483745761158,0.1505573166184152,0.11711522366983272
2910.0,0.10354649275541306,0.13211347805601578,0.15515432889297173,0.11094258720668874
2912.0,0.16084760427474976,0.13085836977638785,0.15713057565533467,0.10528752771867156
2914.0,0.22954033315181732,0.12924303612157412,0.15859636995900064,0.11063349771629304
2916.0,0.2277885228395462,0.13133854852371424,0.1550041786582203,0.11239698934711319
2918.0,0.17478083074092865,0.13508946461019813,0.1548469339896086,0.1157394048151482
2920.0,0.11751127243041992,0.13058377905710888,0.14801180692238655,0.10559831820128869
2922.0,0.0859534963965416,0.13008801076113077,0.15095483849277508,0.10961462586814169
2924.0,0.08525712043046951,0.12981302698280875,0.15429713717978827,0.11039780839652655
2926.0,0.08640791475772858,0.12855889128242035,0.1572768156443786,0.10801929723175321
2928.0,0.07568304985761642,0.1309883780764067,0.155292348802381,0.10724420436264644
2930.0,0.08596640825271606,0.13505140570661284,0.15534393412084532,0.11679899507309231
2932.0,0.08840920031070709,0.1310682946365957,0.1490154557630509,0.11417607273343643
2934.0,0.09890995919704437,0.13025353776221557,0.15306738469791714,0.10781716347113064
2936.0,0.12693654000759125,0.13029505180117498,0.157848040449704,0.10339574283077795
2938.0,0.15149979293346405,0.12889008987029582,0.16086339047442663,0.11064705639379104
2940.0,0.13001133501529694,0.1321339375957604,0.15716285411156541,0.11355505556888738
2942.0,0.10736402124166489,0.13685979785510363,0.1564160066756685,0.11473677444281401
2912.0,0.08688362687826157,0.13183826085760308,0.14887730540017102,0.1066049774736776
2914.0,0.06598401069641113,0.13112997321060849,0.15296814095533892,0.11176391031471794
2916.0,0.07537651062011719,0.13033255891398235,0.15724133932775894,0.11282637394299443
2918.0,0.09196420758962631,0.12723992687197458,0.15814937881036797,0.10962156243402048
2920.0,0.07854291796684265,0.12986735888398118,0.15415898924053814,0.108168505931877
2922.0,0.08108637481927872,0.1344854556040884,0.1543536638414061,0.11488456594686128
2924.0,0.06659874320030212,0.13090417817230177,0.14718892397187774,0.11187137374212797
2926.0,0.09052690863609314,0.13130473758807026,0.15382278714520792,0.10609512261691743
2928.0,0.10975794494152069,0.1317657808192643,0.15994234876655866,0.10138201490942121
2930.0,0.15390704572200775,0.13038139945696844,0.16146425175553716,0.10984703846136222
2932.0,0.0998024269938469,0.13242399329379484,0.15689497771455474,0.10674938721397495
2934.0,0.11505649238824844,0.13675546284078238,0.15749193832658567,0.11101369816176022
2936.0,0.06853000819683075,0.13227148775467254,0.14909855136154385,0.10370985693253926
2938.0,0.08708687126636505,0.1316630447063227,0.1529165237887411,0.10875489096913062
2940.0,0.05574842914938927,0.13188475551191736,0.15856383617538097,0.11192137405897261
2942.0,0.08137047290802002,0.12980943406575515,0.15923141617956188,0.10957498512471445
2944.0,0.08408565074205399,0.1328865224328549,0.15741884049349417,0.10993388290273556
2946.0,0.1284288763999939,0.13740605983389448,0.15701653341843108,0.11816480145478976
2948.0,0.12382650375366211,0.13310671574934974,0.14927928440743551,0.11656490330529787
2950.0,0.11990796029567719,0.13332405780541562,0.15315660952911747,0.11167835475274203
2952.0,0.1228938028216362,0.1336152684038751,0.16067549715033172,0.10772092450527793
2954.0,0.13879607617855072,0.13132208359687672,0.16166946531632131,0.11124023945987348
2956.0,0.12684296071529388,0.13332585715873113,0.15725076872727942,0.11395806496343558
2958.0,0.12093916535377502,0.13698032440174804,0.1553339082386014,0.11431882330382198
2960.0,0.11325044184923172,0.13262913512041408,0.14739163843769917,0.10589346145679059
2962.0,0.08947786688804626,0.1335843743252093,0.15127204649782716,0.11134193851100836
2964.0,0.09746193885803223,0.1339986272290436,0.15670570074272988,0.1138037767459103
2966.0,0.11892205476760864,0.1303138896548157,0.15633218219377285,0.11082452874626313
2968.0,0.10336869210004807,0.13276732938001273,0.15515826158144452,0.10921018243050237
2970.0,0.10152754187583923,0.13670945811746368,0.1544308339878464,0.11460594965685654
2972.0,0.08327139914035797,0.13365567100380368,0.14908824858732667,0.11334505367114672
2974.0,0.08510530740022659,0.13423537573693925,0.1545595800522981,0.1083584956094791
2944.0,0.12010688334703445,0.1344338387168319,0.1589399308716678,0.10368472652253113
2946.0,0.15588706731796265,0.13153729691340874,0.15828279024552686,0.1107386923342575
2948.0,0.12471844255924225,0.13461286439603404,0.15581412878678444,0.1117967170036034
2950.0,0.10995318740606308,0.13848147057468504,0.15627199315427018,0.11496853815459947
2952.0,0.08450662344694138,0.13428200938792065,0.14821010789334324,0.10678499810705726
2954.0,0.06001085415482521,0.1345531246942283,0.15278931000835624,0.1121112862255209
2956.0,0.0572541207075119,0.1335024787850743,0.15790064139555235,0.11557537755059903
2958.0,0.07902564853429794,0.13131067907669156,0.15843441342175937,0.11307981962041697
2960.0,0.10305945575237274,0.13326818243941352,0.15490471954295185,0.11330798189325247
2962.0,0.15290388464927673,0.13752695512383586,0.15518866208594218,0.1219384384860816
2964.0,0.14253591001033783,0.13355526494616113,0.14887315332276094,0.12078753253714164
2966.0,0.13261869549751282,0.13499800015278915,0.15487456804063457,0.11515582134278211
2968.0,0.1360735446214676,0.13344048404219847,0.16048393372577283,0.10982308859226843
2970.0,0.1472412794828415,0.13139151525086126,0.162803583966583,0.11534131713762798
2972.0,0.1360420137643814,0.13414811414032,0.1567364779924593,0.11962085247681088
2974.0,0.14553822576999664,0.13786547600745672,0.1554113742767158,0.11977411827756375
2976.0,0.14934340119361877,0.13231590253773914,0.14831834919370873,0.10987488633135065
2978.0,0.12318660318851471,0.13343712501429597,0.15162894882605318,0.1153069920471565
2980.0,0.14207780361175537,0.1322642085896117,0.1567594455773873,0.11745535159706914
2982.0,0.19465278089046478,0.12898047071349847,0.15536661629245832,0.11255659735774887
2984.0,0.19044454395771027,0.13192680152702796,0.15402576165354073,0.11115438805269456
2986.0,0.167552188038826,0.13706812838144683,0.1548762900136666,0.11768771115520033
2988.0,0.13235242664813995,0.1337222591998217,0.14943068683800653,0.1184226362647828
2990.0,0.10224701464176178,0.13514230898192006,0.15734902588175936,0.11234046487224125
2992.0,0.11104830354452133,0.13376801122144608,0.16107471239070573,0.10638693243985226
2994.0,0.13181155920028687,0.13050835063706936,0.15933779277742474,0.11083349081521851
2996.0,0.12129007279872894,0.1316246498484124,0.15568596528354545,0.1111078160061306
2998.0,0.09260863810777664,0.13640378818655627,0.15552239570000798,0.1130372214809377
3000.0,0.062118422240018845,0.13207482558840827,0.14651720922125233,0.10623371129338312
3002.0,0.05438263341784477,0.13300256680433165,0.15190990042752242,0.11265698047141735
3004.0,0.04655040055513382,0.13029154467244106,0.15643393675695683,0.11649777054360619
3006.0,0.06377169489860535,0.12765906124843338,0.15578010635937645,0.11292448688826089
2976.0,0.08979949355125427,0.1292288746367397,0.15332324192900337,0.1142132341200728
2978.0,0.13779856264591217,0.13500438459344893,0.15329602540428075,0.12238732476248693
2980.0,0.1426735669374466,0.1317800219945532,0.14586728726224363,0.120516593352187
2982.0,0.13316288590431213,0.13341685331689293,0.15322390199703428,0.11464208726913133
2984.0,0.1331545114517212,0.13188052648941243,0.1578395026617585,0.10943146777999614
2986.0,0.13005155324935913,0.12995703817397616,0.16120959265132798,0.1146274072916718
2988.0,0.11046287417411804,0.1313514230069478,0.15606873898786497,0.11793552159026674
2990.0,0.10238219797611237,0.13531769907011573,0.15557715671216482,0.11840089649945722
2992.0,0.10616007447242737,0.13224194429936276,0.1475799034189925,0.10924600968162636
2994.0,0.08806371688842773,0.1332257507864262,0.1517869826518148,0.11491574197883962
2996.0,0.08770541101694107,0.13016501175194925,0.15570535519801743,0.1165788753650519
2998.0,0.11734640598297119,0.12787972666769717,0.15628034800928498,0.11200205156796522
3000.0,0.11950714141130447,0.12975516113815203,0.15262805821245398,0.11051945431290826
3002.0,0.11949841678142548,0.13452959496088346,0.15306331093661607,0.11664168177891537
3004.0,0.11558099091053009,0.1314829766002029,0.14691013098066794,0.11573287939523076
3006.0,0.0970667228102684,0.13310925634431497,0.15293782351538204,0.1107511888908896
3008.0,0.10574690997600555,0.13091637914782453,0.15826757869319993,0.10616740630837723
3010.0,0.14688529074192047,0.1280983168215031,0.1595577769246398,0.11009562828722258
3012.0,0.13373763859272003,0.12979071911318585,0.15525309273726615,0.10953169277358481
3014.0,0.10422777384519577,0.13464304558219334,0.1545574452035043,0.11172934692657481
3016.0,0.09406566619873047,0.13102674567820038,0.14696039284816023,0.10644307104128954
3018.0,0.0751161277294159,0.1322793525427863,0.15047099507148146,0.11179908980197553
3020.0,0.052227091044187546,0.12994617418834634,0.1569082659507102,0.11609031333770123
3022.0,0.06542569398880005,0.12654808493963088,0.157107965977407,0.1132737036583667
3024.0,0.07904042303562164,0.12793622831728416,0.15425187713532257,0.11299664092339266
3026.0,0.1396273523569107,0.13336154602823225,0.15312474065522466,0.12097302210003141
3028.0,0.14337317645549774,0.13126014263642768,0.14703166784800292,0.1208728536271189
3030.0,0.151656374335289,0.13248185447909677,0.1533827688298124,0.11628376008007192
3032.0,0.14064064621925354,0.13058348214377785,0.15932461993535157,0.11164506796734815
3034.0,0.13941381871700287,0.12774089024613602,0.16167063084429625,0.11451693644326486
3036.0,0.12355361878871918,0.12931735847880943,0.15600613056685753,0.11596016450020134
3038.0,0.11122896522283554,0.1324321714399637,0.15380344992743042,0.11392737057605272
3008.0,0.10961092263460159,0.12937134725260305,0.14689055677832588,0.10605833194004065
3010.0,0.08417036384344101,0.13052602743228256,0.15015261625201876,0.1124276084983944
3012.0,0.10075771063566208,0.12803030973990556,0.15413858350062473,0.11504126012201678
3014.0,0.12437514960765839,0.12437930896116339,0.15443803416168586,0.11125502632713825
3016.0,0.11001164466142654,0.12642866487931415,0.15245576331480096,0.11082516666419816
3018.0,0.09388729184865952,0.12992522819220023,0.15284707943325895,0.1162120127080959
3020.0,0.07816426455974579,0.12773136632211768,0.14699661923813112,0.11478283271253392
3022.0,0.08338236808776855,0.13057485823008327,0.1545484928281207,0.11015698055644817
3024.0,0.10434447973966599,0.1285774215838227,0.1570527080276876,0.10505211553822615
3026.0,0.14795349538326263,0.12705432338214517,0.15902063140077183,0.11077919201712293
3028.0,0.1498890072107315,0.12993565992001818,0.15585967016609947,0.11203451452655983
3030.0,0.12541939318180084,0.13330805584686828,0.15622478566220718,0.11351901776989286
3032.0,0.09567910432815552,0.12922510116838673,0.1471328699234734,0.10541532430421328
3034.0,0.08481322973966599,0.13116254045343073,0.15280471570652557,0.11309702558455371
3036.0,0.08445589989423752,0.1290792121535757,0.15643994067441258,0.11657699908029834
3038.0,0.09047731757164001,0.12750508269634223,0.15780567915784813,0.1132366166870749
3040.0,0.09118983894586563,0.1286301765320763,0.15429719834543895,0.11376650544548546
3042.0,0.15178227424621582,0.13313790532246347,0.15379359189684935,0.12341662036104188
3044.0,0.1464676409959793,0.13025962375189237,0.14931694737188678,0.12250601477562899
3046.0,0.15751788020133972,0.13080513817917883,0.1554769287817281,0.11682959493185291
3048.0,0.1614399403333664,0.1293975367935956,0.15876711541380237,0.11137264216335824
3050.0,0.16265353560447693,0.12634467629289362,0.16027762584253474,0.11565504244438193
3052.0,0.14845308661460876,0.12717940363759095,0.1531180134676523,0.11701932705693735
3054.0,0.13211561739444733,0.12941793410074107,0.15281526771749598,0.11479225580938547
3056.0,0.135048046708107,0.12652588080877133,0.14468063219736357,0.10549522486154511
3058.0,0.10320489853620529,0.12654249325179695,0.14835572440534428,0.11257429460457216
3060.0,0.11215207725763321,0.1253313790089354,0.15211544649484662,0.11521143892623438
3062.0,0.1368386596441269,0.12165477426722521,0.15138387051134908,0.11087826751654886
3064.0,0.12385374307632446,0.12553685566022235,0.15070050061522944,0.11033251901931279
3066.0,0.10312782227993011,0.12785285110203023,0.15116467318615093,0.11443294874563219
3068.0,0.09631195664405823,0.12593642528900706,0.14598009763767017,0.1154629956865974
3070.0,0.10523641109466553,0.12815633163822535,0.1531192537902707,0.10890097575485931
3040.0,0.11337956041097641,0.12715167608738864,0.15627579567470976,0.10531636644545507
3042.0,0.15049941837787628,0.12264645172413614,0.1550833235465663,0.10962573069550942
3044.0,0.1495058685541153,0.12559416380058838,0.15213659597874252,0.10933631920259815
3046.0,0.11444253474473953,0.1279155058051982,0.1519890526361833,0.11093444837311535
3048.0,0.08594779670238495,0.126568550355442,0.1463393042758114,0.10600278321150686
3050.0,0.07824336737394333,0.12882168472305458,0.15207130373969072,0.11352899548086291
3052.0,0.08173798769712448,0.12758997131821978,0.15624557831518832,0.11520775691089424
3054.0,0.08483308553695679,0.12290650512725784,0.15376447393676676,0.11244263648336593
3056.0,0.08365064859390259,0.12472377601112329,0.1518581408818547,0.11212666771368006
3058.0,0.11735638976097107,0.12679186930808165,0.1491746565658566,0.11815446183414614
3060.0,0.11172714829444885,0.12563481558473868,0.1463803848813812,0.11961206470560262
3062.0,0.12407512217760086,0.1274269144903638,0.1539418271112382,0.1142285932428245
3064.0,0.13625968992710114,0.12772674765765102,0.15865286456168332,0.10863054195782623
3066.0,0.1412237584590912,0.125127325788286,0.15855017761096324,0.11265128613837927
3068.0,0.12733905017375946,0.12724414253259006,0.15573547363068665,0.11570737751841445
3070.0,0.10883844643831253,0.12844633509513464,0.1541700159701932,0.11352869273472228
3072.0,0.09745137393474579,0.12549050461686026,0.14757637736581072,0.10500706153697176
3074.0,0.08041328191757202,0.12552001131133425,0.15177713505283286,0.11375790298441277
3076.0,0.09176559001207352,0.12532245203032577,0.15392366466487353,0.11391717382653575
3078.0,0.12669390439987183,0.12056957119972621,0.15079943744473068,0.10877615170812492
3080.0,0.13730552792549133,0.12219866616461582,0.14880733884016906,0.10758372459569694
3082.0,0.13023249804973602,0.1256547466445341,0.14960641912209233,0.11314871069940959
3084.0,0.12358523905277252,0.12492596181509587,0.14703374359250468,0.11321489825835251
3086.0,0.07614917308092117,0.12732583746932785,0.15285721937650246,0.10697935248122746
3088.0,0.09666051715612411,0.1267989081944654,0.15642672473593502,0.10345781927687908
3090.0,0.11729580163955688,0.12102514324381296,0.15528162170274779,0.10877825215206052
3092.0,0.1128024160861969,0.12367877975295972,0.1510991646002017,0.10725019586687674
3094.0,0.10949823260307312,0.12677214348796645,0.15056453461281416,0.10712709919599592
3096.0,0.08223600685596466,0.12429084463479635,0.1458841994578699,0.10177846344546869
3098.0,0.055282242596149445,0.1266406277076847,0.1516833812014269,0.11003962746633772
3100.0,0.058573514223098755,0.12554312374278184,0.15693232817899896,0.11375143228230349
3102.0,0.06996173411607742,0.12052220870294117,0.15317711775766327,0.11067837720607134
3072.0,0.07686600834131241,0.12221896703889666,0.1504274694553255,0.11069449503271357
3074.0,0.1294940859079361,0.12500819903024038,0.14980072194299396,0.11716050404325565
3076.0,0.12037529796361923,0.12343760741204272,0.14649375979372325,0.11654941755352878
3078.0,0.13207171857357025,0.12637984506389469,0.15432731417973586,0.11197097205853983
3080.0,0.1377226561307907,0.1258546643764746,0.15820127650566204,0.10685147360716876
3082.0,0.1337718665599823,0.12257927767540856,0.15742619781074735,0.11109353527303636
3084.0,0.1040971651673317,0.12207572074726537,0.15283906079512405,0.11215344389676285
3086.0,0.08456240594387054,0.12422329625617534,0.1519445140279917,0.11114064793077323
3088.0,0.08965588361024857,0.1219065297002695,0.14620200086102209,0.10251365545141304
3090.0,0.07277459651231766,0.12416558582550043,0.15000186921920625,0.1100635435015246
3092.0,0.09523525089025497,0.12274810968565973,0.15271101282211558,0.11157951947346202
3094.0,0.11181692779064178,0.11916368228169065,0.15056655113971862,0.10805836383289447
3096.0,0.11605324596166611,0.11980683278934262,0.14973976647827184,0.10675208788920303
3098.0,0.1257028877735138,0.12333187531317634,0.1505428217139331,0.11096475036236764
3100.0,0.1303957849740982,0.12072607305094406,0.1452982716215894,0.10945628965850526
3102.0,0.0969095230102539,0.1243539935921286,0.15173460353294965,0.10419362938462867
3104.0,0.1028219684958458,0.12242063048286593,0.15414293157543596,0.10206801571583898
3106.0,0.11389287561178207,0.11878505034692571,0.1517889151387094,0.1059569359587089
3108.0,0.10928208380937576,0.11940429516349557,0.14905651517824686,0.10503706495227555
3110.0,0.0850016251206398,0.12358227982273338,0.1499232688938717,0.10558947437923193
3112.0,0.07629544287919998,0.12127970214666174,0.1443927901234958,0.099233214897283
3114.0,0.0721435546875,0.124130685356505,0.15030359181306127,0.1068613351798751
3116.0,0.07936207950115204,0.12151719708395187,0.15189215834092387,0.10957485796589404
3118.0,0.06292213499546051,0.1164156143876677,0.1487224708905723,0.10682921893197829
3120.0,0.062212225049734116,0.11650553076863063,0.14576235586388603,0.10590723151056732
3122.0,0.09176372736692429,0.1196843587269577,0.14606439836242036,0.11221857249111761
3124.0,0.0924719050526619,0.11786937582167761,0.1414880814631883,0.11220751485060894
3126.0,0.09791843593120575,0.1220731783397966,0.14938868255555646,0.10689451577259179
3128.0,0.11338222771883011,0.12087204912871584,0.15172418320341838,0.10213928561781295
3130.0,0.12728817760944366,0.11655226398386836,0.15083306308989997,0.10679647544300482
3132.0,0.10551820695400238,0.1162172034425592,0.1460692253625799,0.10663290249364285
3134.0,0.08934100717306137,0.1187526207036005,0.14631680742269684,0.1054464268662331
3104.0,0.08146442472934723,0.11737651979823518,0.14128292323607392,0.0970783664300487
3106.0,0.06534337252378464,0.12023679406187435,0.14615208985917597,0.1057018149797408
3108.0,0.07311129570007324,0.11951669572844609,0.14841251753276632,0.10855672805470182
3110.0,0.09779435396194458,0.11447357054878533,0.14639362682197432,0.10648610878285476
3112.0,0.11188337206840515,0.11449262390058798,0.14341968186556084,0.10358008902067928
3114.0,0.13546989858150482,0.11810999028414489,0.14422318406585752,0.10901780051440997
3116.0,0.10679962486028671,0.11859244501002869,0.14176497079302408,0.10814981266967481
3118.0,0.08716001361608505,0.1214864585576954,0.14804022800063044,0.10230781164645712
3120.0,0.09056572616100311,0.12112941850068237,0.15085397155921185,0.10157473073802312
3122.0,0.10506553202867508,0.11532771028796268,0.1488363957885609,0.10574209716938072
3124.0,0.0928788110613823,0.11490217626569,0.14551974989454547,0.10375219106768195
3126.0,0.06236119568347931,0.11832623928448349,0.14623546568131074,0.10292828234914014
3128.0,0.06373923271894455,0.11866227283938248,0.14148296943780914,0.0973692609009674
3130.0,0.0491633303463459,0.12193821309597096,0.14718551134315172,0.10552264212887374
3132.0,0.0457005612552166,0.12076124414251525,0.1495609239122734,0.1093727925802309
3134.0,0.04900221526622772,0.11579402778237916,0.14649326962867404,0.10711030586554958
3136.0,0.04804377257823944,0.11567404422170323,0.14467035767210734,0.1051978584276927
3138.0,0.07318171113729477,0.11818499884809462,0.14401493086557252,0.1109792507929736
3140.0,0.08538459986448288,0.1179149011642473,0.14073703323859824,0.10985071590819583
3142.0,0.1003175899386406,0.12095734288457129,0.1479314075159406,0.10480631156052454
3144.0,0.10661211609840393,0.12030224411654404,0.1505057962433324,0.10141535048035476
3146.0,0.11696390807628632,0.11534590246815667,0.1484644025177041,0.10637116180811977
3148.0,0.09988357871770859,0.1159363044217971,0.14498260596427723,0.10653933118681697
3150.0,0.08403047174215317,0.11866818572266592,0.145821201282049,0.10564481593681774
3152.0,0.08082615584135056,0.11978440271627609,0.1423534490504162,0.0973641481156054
3154.0,0.062244120985269547,0.12113941968779725,0.1467684644524653,0.10528391792471391
3156.0,0.06551413983106613,0.11966236960041772,0.1478399468514765,0.10786616221406628
3158.0,0.07261518388986588,0.11432326640979186,0.14401783881840882,0.10526799444934633
3160.0,0.0741678923368454,0.11516217707180335,0.1413281724011533,0.10294302874396025
3162.0,0.09638137370347977,0.11745130401162983,0.14237491463697627,0.10866293233266386
3164.0,0.09378685802221298,0.11897554745175451,0.1404404668055854,0.10706538356124139
3166.0,0.0820980966091156,0.12066842280604284,0.14800588906466802,0.10310395627587803
3136.0,0.08486063033342361,0.11989384389387325,0.15000552372325265,0.10138243032728922
3138.0,0.10272987931966782,0.11551826487976168,0.14841487057626432,0.10565821423380442
3140.0,0.0811813473701477,0.11603966534030757,0.14479322079245646,0.10464561770204274
3142.0,0.07706393301486969,0.11943467645744142,0.1457808688039476,0.10381505810487174
3144.0,0.08191030472517014,0.12000191986602045,0.14216920721766496,0.09693185165819247
3146.0,0.06185248866677284,0.12114576113684293,0.14840759579245233,0.10513470606346367
3148.0,0.05050203576683998,0.1206087092576703,0.1494417091293849,0.10956948055396455
3150.0,0.05553845688700676,0.11607327317895694,0.14584528041325642,0.10771996075643556
3152.0,0.06082315742969513,0.11594572625095853,0.14337290046967155,0.10593391033284244
3154.0,0.11292955279350281,0.11897581017260016,0.14302581320720778,0.1122844502053819
3156.0,0.1420709788799286,0.12018110264755774,0.14070095326964413,0.11034861978943368
3158.0,0.14910028874874115,0.12224143371069397,0.14930660645120794,0.1059082528682651
3160.0,0.1269775778055191,0.12090787126762916,0.14973809931933782,0.10270288396199398
3162.0,0.11966235190629959,0.11640393840750081,0.14862166795074475,0.10636647452164921
3164.0,0.09013528376817703,0.11635339432869282,0.14299078403184842,0.10571710540383396
3166.0,0.10159248858690262,0.11834064994656725,0.14326042713401174,0.103725784842681
3168.0,0.13186325132846832,0.11783868571525961,0.13817679597258772,0.09582529301092539
3170.0,0.09969500452280045,0.11944940591719634,0.14466634529020428,0.10317586437852899
3172.0,0.07902529090642929,0.11831289983163758,0.1443719920742433,0.10658647359070995
3174.0,0.07926202565431595,0.11447083392284911,0.143082723413767,0.10523326965070166
3176.0,0.08104033023118973,0.11573172835582496,0.1415658882568582,0.10373797817953595
3178.0,0.10734181106090546,0.11765225641107219,0.14132391139700978,0.10927674758298651
3180.0,0.1091359481215477,0.11802578119383395,0.13840481581459707,0.10447890751270604
3182.0,0.09994261711835861,0.11902673083483077,0.1455652858669035,0.09916098612391527
3184.0,0.09160501509904861,0.11777446664859367,0.14424607896861522,0.09952501525058154
3186.0,0.09396196901798248,0.11457066427808714,0.14333814082941473,0.1030099371788928
3188.0,0.08441133052110672,0.11590690422519391,0.14085801184135038,0.10119776252745244
3190.0,0.07824190706014633,0.11803621912292618,0.14222120668402513,0.10235704810403835
3192.0,0.07466952502727509,0.11890617060811305,0.13965246311989202,0.09671477529775487
3194.0,0.08061537891626358,0.11932755074649726,0.14465760710577522,0.10294558100615735
3196.0,0.06894207745790482,0.11793400940959983,0.14369079074170762,0.10681519748608347
3198.0,0.060298897325992584,0.1146605275209231,0.14274439462531704,0.10557349636574989
3168.0,0.04490787163376808,0.11548248512955661,0.14083225137464928,0.10344106964444771
3170.0,0.0823550745844841,0.117888733798162,0.14026467669301423,0.10978449430864733
3172.0,0.08559703826904297,0.11898024677053734,0.13811333957003047,0.10615834561994456
3174.0,0.08551304787397385,0.11974949841159654,0.14586081330680292,0.10186470299921052
3176.0,0.09364622086286545,0.11910302959147745,0.14559631983599744,0.10092536750385186
3178.0,0.1029425784945488,0.11492605974619381,0.14471576720167267,0.10508434389891756
3180.0,0.08609229326248169,0.11654664344499874,0.14178367864559444,0.10454011964957344
3182.0,0.09054534137248993,0.11838515814708024,0.1408726497907362,0.10259173225020414
3184.0,0.09604202210903168,0.11997446289990644,0.13834972733041437,0.09585824444766872
3186.0,0.09173312783241272,0.11938604896975559,0.1435811932409553,0.10368025897784322
3188.0,0.08608366549015045,0.1193063959621322,0.14368647516776745,0.10490046404568663
3190.0,0.10082485526800156,0.11535831212912617,0.1440488225635965,0.10413599751894131
3192.0,0.08467788249254227,0.11826766624124692,0.14322476521389646,0.10272779369689272
3194.0,0.09117298573255539,0.12078739740751648,0.14331064275087513,0.10813383739739017
3196.0,0.08883057534694672,0.12034367446874959,0.13953273069777897,0.10396769166606212
3198.0,0.07789973169565201,0.1197937402671986,0.14582960715960203,0.09815425321658842
3200.0,0.06497592478990555,0.12030736234180246,0.1453321011586218,0.09969847843367977
3202.0,0.08081182092428207,0.11502327758387598,0.14454463349039104,0.10394576993355872
3204.0,0.08839673548936844,0.11648447165977266,0.14398887518715614,0.1024714109512574
3206.0,0.08390087634325027,0.11859130414261353,0.14331055090086675,0.10137412583306499
3208.0,0.06726321578025818,0.11909762776375961,0.14083081488951835,0.09603457452646685
3210.0,0.07389302551746368,0.11902877068988311,0.14534837015737007,0.102056474896216
3212.0,0.07168468087911606,0.11808368930336412,0.14456776292736218,0.10442303162873556
3214.0,0.07220692932605743,0.11392311938348937,0.14208403438669917,0.10280493191436207
3216.0,0.052201464772224426,0.11584480454043171,0.14163180754202226,0.1019402416045808
3218.0,0.10190348327159882,0.11740646783161166,0.14017001724594433,0.10873402085621052
3220.0,0.111534982919693,0.11866010356265036,0.13809726948531525,0.1049120869310888
3222.0,0.10453728586435318,0.11816897129211525,0.1434592170026286,0.0999662148903495
3224.0,0.09888341277837753,0.11745056734520083,0.14308728883449232,0.09783964449358037
3226.0,0.09226148575544357,0.11341065113501525,0.14157104044604873,0.10086133954378376
3228.0,0.07877001166343689,0.11602637436084619,0.1409470258161064,0.10148267155861919
3230.0,0.07185845077037811,0.11818912447599975,0.140351710860366,0.10102340683837228
3200.0,0.07447446882724762,0.11869365351000621,0.13885767635284785,0.09575396395244623
3202.0,0.07595454156398773,0.11749803174395966,0.14321108570248986,0.10231432231822932
3204.0,0.08055838197469711,0.11629667066205479,0.14144578823303383,0.10482860849253055
3206.0,0.08493904769420624,0.11293110457404308,0.1400552058145187,0.10392596019435296
3208.0,0.0829235166311264,0.11559980846208151,0.1402238394336025,0.10213181685023094
3210.0,0.1247977763414383,0.11724512148820998,0.13870405289912144,0.10723644569351597
3212.0,0.12311145663261414,0.11755476012276106,0.13689066910234138,0.10166896334419562
3214.0,0.10782444477081299,0.1162860266649745,0.14250593853927584,0.09680971901090749
3216.0,0.10461773723363876,0.1152643446085546,0.14096141379508131,0.09733731509905176
3218.0,0.11748107522726059,0.11225241913649046,0.14116300243643584,0.10053466232290477
3220.0,0.10740523040294647,0.11424958602064131,0.14032371886284714,0.09955553299358934
3222.0,0.09447168558835983,0.11633685265701868,0.13927121925897812,0.0985137104602872
3224.0,0.08458799868822098,0.11645205863160303,0.1376986396503258,0.09393357921231252
3226.0,0.09401606023311615,0.11527672835810261,0.1412307786251559,0.1001790277991402
3228.0,0.10078834742307663,0.11371531487123904,0.1397095627813537,0.10165382382590313
3230.0,0.08044718950986862,0.1087132965644091,0.13797969535145593,0.10032634788289489
3232.0,0.055608704686164856,0.1091266821976817,0.1363035861845856,0.0990414506700513
3234.0,0.08262139558792114,0.11034382739326713,0.1340215548273618,0.10491192214027983
3236.0,0.08869660645723343,0.11081215031214477,0.13460521002493467,0.10002201844548554
3238.0,0.08344238251447678,0.10983221995521263,0.13735205390556018,0.09470106465969992
3240.0,0.09900567680597305,0.10967133008206481,0.13759988016528965,0.0959872915581907
3242.0,0.10244159400463104,0.10719154781221979,0.13690531475388665,0.09777129547989283
3244.0,0.08730682730674744,0.10851702855413028,0.1354579992517041,0.09781281369254416
3246.0,0.08105063438415527,0.10970931217898658,0.1335300258118929,0.09641351129712387
3248.0,0.0787992849946022,0.1102074723569805,0.1349070473851161,0.09340823020918693
3250.0,0.07819298654794693,0.10880091131089617,0.13672038729139258,0.09950795051978645
3252.0,0.09321052581071854,0.1089896407368408,0.13595338897241865,0.10016025554951842
3254.0,0.10543118417263031,0.1063840726230342,0.13640193283760493,0.09941555285052299
3256.0,0.11131980270147324,0.10943929240582967,0.13654664313983203,0.09820181624968184
3258.0,0.11536841094493866,0.10887793466810311,0.13440184028805835,0.10239022999891575
3260.0,0.11970799416303635,0.11076762040754017,0.13482377730274292,0.09965390186378453
3262.0,0.09833037108182907,0.10996424150033796,0.13899464428049385,0.0953063005297572
3232.0,0.08861872553825378,0.1102265830619784,0.13733394836272658,0.09672670995857184
3234.0,0.10214700549840927,0.10667580959070962,0.13830905564336957,0.09898844492693039
3236.0,0.09252249449491501,0.10943447894332925,0.13700704171707112,0.09779765181810875
3238.0,0.09971371293067932,0.10883379894421653,0.13516296550457382,0.0968225162051132
3240.0,0.08525555580854416,0.10904240367898453,0.13330718454952536,0.09273273930979796
3242.0,0.058089807629585266,0.10766400232838581,0.13548922802730703,0.09785259027388328
3244.0,0.051612138748168945,0.10737908586749373,0.13356409708079717,0.09971276002472304
3246.0,0.05235656723380089,0.1038745890612094,0.13321640625007297,0.09884719398380894
3248.0,0.05561278015375137,0.10606475025567197,0.1330623959124365,0.0989437916847865
3250.0,0.07063622027635574,0.10600179467933932,0.13184388677009382,0.1045147754991382
3252.0,0.07253513485193253,0.10641692485931037,0.13191858257520864,0.10100771416300036
3254.0,0.07207345962524414,0.10625858522241081,0.13418662169710124,0.09482143972020061
3256.0,0.07827543467283249,0.10665467593247797,0.13421326021558885,0.09446768560152469
3258.0,0.079982690513134,0.10432008425128991,0.13444979878993998,0.09602456621213505
3260.0,0.06580353528261185,0.10701665243015118,0.13473946736935263,0.09568832786961017
3262.0,0.05973275750875473,0.10676039252280044,0.1322721969047304,0.09610248662201179
3264.0,0.0620245598256588,0.10765811092877552,0.13168043440422827,0.0913270148212321
3266.0,0.06639657914638519,0.10695380544734831,0.1358167184512519,0.09733220314116502
3268.0,0.06808342039585114,0.10702538166545318,0.13285668869391795,0.09917432248009807
3270.0,0.05989633500576019,0.1033716737790999,0.13210761454644648,0.10004039190635972
3272.0,0.05278287082910538,0.10578578905661913,0.13331294770239047,0.10003585998255048
3274.0,0.05489302799105644,0.10599335081564215,0.12988761728037268,0.10574682382162726
3276.0,0.0629536584019661,0.10624815624204147,0.1303486304071679,0.10218518411416215
3278.0,0.05728117749094963,0.10686140819634772,0.13564169857398412,0.09762571722441099
3280.0,0.07428726553916931,0.1055042211410046,0.13128027408967563,0.09528093068790972
3282.0,0.09472489356994629,0.10434171779907601,0.13269031724654082,0.09717722041294365
3284.0,0.08852332085371017,0.10758088096446183,0.13383426058777434,0.09825676720692035
3286.0,0.0872245579957962,0.10780068135691666,0.13195182740438308,0.0985686514728962
3288.0,0.07802733033895493,0.10817079750836793,0.13276584913420952,0.09496502539118597
3290.0,0.054154228419065475,0.10747388196140101,0.1361634534784166,0.10070411978131394
3292.0,0.05805973708629608,0.1073314340045739,0.13172768207946428,0.10173054656480375
3294.0,0.0549345463514328,0.10473164872596286,0.13228995402783214,0.10207987380948308
3264.0,0.056254029273986816,0.10869622979305667,0.13346295342241574,0.10114068319636192
3266.0,0.0751480683684349,0.10924871351971385,0.13163451651337185,0.10661627417407078
3268.0,0.07322849333286285,0.10906946084543961,0.13133923423704946,0.10308030389963264
3270.0,0.08038006722927094,0.10753556991027087,0.1362708970740356,0.0968269406918815
3272.0,0.0840303897857666,0.10696537583900505,0.13148737847497813,0.09392484496824892
3274.0,0.09461358934640884,0.10424394475777726,0.13182894399824874,0.09699268497657677
3276.0,0.07845208793878555,0.10913252224315863,0.13132075241444296,0.09801860376065065
3278.0,0.0757661759853363,0.10939778327148869,0.1300664310940982,0.09602423149281152
3280.0,0.0783589780330658,0.1097065655390864,0.13061039570547353,0.09344323785772524
3282.0,0.05355585739016533,0.1084664133970771,0.13591826918319141,0.09786420864601322
3284.0,0.05807233974337578,0.10662647881539673,0.1308957874925753,0.09852660327752769
3286.0,0.051211874932050705,0.10414494766197192,0.13263024252475983,0.10064876553791575
3288.0,0.04608386009931564,0.10935617582101118,0.13182637787465012,0.10117694470973379
3290.0,0.06081219017505646,0.10945571409012049,0.12866154059004217,0.10526120696280108
3292.0,0.06018279865384102,0.1094405712352052,0.12949219224204753,0.10070327461197688
3294.0,0.07702582329511642,0.10745985626375107,0.13433002874592745,0.09768316659790885
3296.0,0.08276703208684921,0.10621149855113483,0.13085598877176977,0.09414985953859842
3298.0,0.10983022302389145,0.10617113492006731,0.1329057319527184,0.09775192836204023
3300.0,0.09539616852998734,0.11098163354685718,0.13320992298389214,0.09817750823212874
3302.0,0.09859590232372284,0.11045752906095173,0.13111987648299953,0.09813788049624952
3304.0,0.10000792145729065,0.1118027914893025,0.13066189271708115,0.0955310626997509
3306.0,0.06602863222360611,0.10953289945433697,0.1341546749627334,0.09883969628060187
3308.0,0.06449610739946365,0.10760487354516819,0.12914096575533857,0.09975654004087153
3310.0,0.06874243915081024,0.10643137502389162,0.13185967437534776,0.10230303977819193
3312.0,0.0709005668759346,0.11144026240804679,0.13152685656690977,0.1023999051690183
3314.0,0.10248157382011414,0.11153838097894192,0.13065285887985564,0.10758448605653817
3316.0,0.11909271776676178,0.11354691082491236,0.12956028237373354,0.10315561826648462
3318.0,0.11584418267011642,0.11041851509131811,0.13415194213771722,0.09962431742875194
3320.0,0.10965052247047424,0.10966284650270545,0.13035740702674498,0.09542658159799929
3322.0,0.12055683135986328,0.1061010241003097,0.13149783699873122,0.09802305293223766
3324.0,0.11681811511516571,0.11058276777649075,0.13232888921874822,0.09966563873973994
3326.0,0.10729464888572693,0.11194112928452854,0.13206002174151,0.09994055695107025
3296.0,0.106099434196949,0.11261731498780185,0.13113847810803422,0.09663469647887836
3298.0,0.08910463005304337,0.10973699737203782,0.13355019578016503,0.09917131015271095
3300.0,0.0922679528594017,0.10976157309834861,0.13187157224271795,0.10000851730481664
3302.0,0.10066816210746765,0.10628593761250281,0.13151238768963555,0.10089386022034748
3304.0,0.09449683874845505,0.10991519472418775,0.13142812589401837,0.10220496136341133
3306.0,0.07386791706085205,0.11097049861940476,0.1291560277596808,0.10606779007220078
3308.0,0.07939910143613815,0.11160744183815113,0.12919397400367083,0.10052684407355682
3310.0,0.07617642730474472,0.10944416087484736,0.13306841207794748,0.09831714214255184
3312.0,0.07927842438220978,0.1087689524114558,0.13097458490533234,0.09550182545874107
3314.0,0.10055308043956757,0.10552520759913285,0.13084766003340811,0.09715056789559098
3316.0,0.10470554232597351,0.10936082445156678,0.1305599370076208,0.0982747907725623
3318.0,0.10850872844457626,0.10993552824574847,0.12872138054329818,0.09846873559608009
3320.0,0.12129148095846176,0.11055785894499846,0.12902239531391066,0.09500321446107685
3322.0,0.10407671332359314,0.10761634667369052,0.13102453348443105,0.09613552699528985
3324.0,0.09771472215652466,0.10663659979925909,0.12792221524969702,0.09812649500062275
3326.0,0.07156521826982498,0.10326951200070127,0.1275328544375738,0.09939641297272125
3328.0,0.05143413320183754,0.10694797144595204,0.12597055470471372,0.1006773090200729
3330.0,0.07418264448642731,0.1081252141831429,0.12535654016097209,0.10465205142770806
3332.0,0.10496785491704941,0.11028657566875905,0.1254704862304526,0.1007429677710276
3334.0,0.11075389385223389,0.10906908449998222,0.13080988280020134,0.09771812647353685
3336.0,0.10818284004926682,0.10908402189346753,0.13143275726088932,0.0959432116284166
3338.0,0.11691147834062576,0.10809460646175285,0.13111206856637586,0.09915715759910593
3340.0,0.116505466401577,0.11043110673821052,0.13127434551004027,0.10073866998077746
3342.0,0.1129402443766594,0.1121090863608716,0.13120167527412202,0.10180113921830217
3344.0,0.1146954596042633,0.11230002243375461,0.13248600396173288,0.09926968134005452
3346.0,0.08526958525180817,0.11158891485221269,0.13519933810862544,0.10199293758989168
3348.0,0.09622826427221298,0.11167278135636663,0.13595975180942727,0.10427477276149721
3350.0,0.08532856404781342,0.10938329200147846,0.133127640442532,0.1061425716357454
3352.0,0.08116449415683746,0.1094761464849356,0.131183422975609,0.10872458402116915
3354.0,0.09473928064107895,0.1109633164279002,0.13121005264622418,0.11241902092311715
3356.0,0.09385308623313904,0.11037242753020692,0.12999776186206544,0.10724996626754466
3358.0,0.10247750580310822,0.10953738007324088,0.13308076962507995,0.10369096185134552
3328.0,0.1083168089389801,0.11150098395573214,0.1330733000684041,0.09991880983680743
3330.0,0.1462724655866623,0.11051795579939873,0.1313785287418957,0.1019548179971829
3332.0,0.14785176515579224,0.1115385415540341,0.13066327347925985,0.09979483832135014
3334.0,0.1750914454460144,0.11362401041688086,0.13093866552561595,0.10207930159003249
3336.0,0.13864955306053162,0.11283820528003573,0.12980730636814786,0.09893616528919685
3338.0,0.09266733378171921,0.10975234011035416,0.13199708691120382,0.10152095987219298
3340.0,0.08649399131536484,0.11139804008470736,0.13225162225768258,0.10423125952122665
3342.0,0.07945238798856735,0.11075082983547803,0.13123392341885937,0.10551590908822876
3344.0,0.08060075342655182,0.11180628566198468,0.1298671091262964,0.10734095557765298
3346.0,0.11281254142522812,0.11459916427818677,0.13060886813106687,0.11155778195050976
3348.0,0.13154108822345734,0.11342168762648694,0.1299488701335169,0.10663213698579047
3350.0,0.14462733268737793,0.10973632010660946,0.1310621100296676,0.10199334985528577
3352.0,0.15522120893001556,0.11133641098126755,0.1314894277027318,0.09801275101897994
3354.0,0.15789355337619781,0.10937074501771686,0.13001045252469146,0.10046069022275873
3356.0,0.165452241897583,0.11024973310380877,0.12973413954364132,0.09888513710227805
3358.0,0.17646855115890503,0.11308628016712657,0.1333148777537711,0.10227218048906202
3360.0,0.16439026594161987,0.11289857536673549,0.1323739504883146,0.10048385179511121
3362.0,0.12574157118797302,0.10927260398623986,0.13406043117707228,0.10265392174749734
3364.0,0.13156366348266602,0.11135776664966368,0.13367445721229718,0.10265759970502643
3366.0,0.10394739359617233,0.11002253467439943,0.13337438770610632,0.10641173710188855
3368.0,0.10084100067615509,0.11025420674529349,0.12976215773078503,0.10879444991800437
3370.0,0.11482524871826172,0.11206889506978768,0.13220054542521906,0.11203391728009615
3372.0,0.10509570688009262,0.11248269424769228,0.13005115029953454,0.10752729729498543
3374.0,0.11743198335170746,0.11206466922885108,0.13305444407373648,0.10524312977208904
3376.0,0.15269143879413605,0.11402368885807163,0.1340905353459729,0.10158471317014484
3378.0,0.21616457402706146,0.11355485591947988,0.13552796438024436,0.10323889856988683
3380.0,0.22045060992240906,0.11262272008819135,0.13210140677654997,0.10153667157578461
3382.0,0.23023414611816406,0.11359024522782808,0.13194927049985714,0.10117490485320042
3384.0,0.2212270200252533,0.1138294333788311,0.12894406980319362,0.10052129044945955
3386.0,0.13289864361286163,0.11340978106259482,0.13350344635987085,0.10410343852294894
3388.0,0.1079707145690918,0.11633029851869779,0.1336153842100659,0.10523127689296695
3390.0,0.09605859965085983,0.11322892786069733,0.13479017603431281,0.10823437737171963
3360.0,0.09467814862728119,0.1111494472255981,0.13044941334873156,0.10877077124771241
3362.0,0.1306760162115097,0.11323366329237987,0.130531744308534,0.1128814066937633
3364.0,0.1526382714509964,0.11357433716818277,0.12829052516166844,0.10534067791943034
3366.0,0.16852892935276031,0.11376923201632758,0.1322340941125724,0.10261243048186945
3368.0,0.1729026734828949,0.11636630660008235,0.1325314115286473,0.10101355838472906
3370.0,0.20797647535800934,0.11229046538495266,0.13497194818618216,0.10383108218471593
3372.0,0.22131043672561646,0.1119920859456541,0.1296310296071079,0.09894616310329357
3374.0,0.239888995885849,0.11444009077661242,0.1328321878804609,0.10420516981389681
3376.0,0.20159368216991425,0.11435161302927689,0.1310801270417781,0.10228114616804886
3378.0,0.1415599137544632,0.11459751182362549,0.1350138589223513,0.10525965231349473
3380.0,0.13870371878147125,0.11699232216529439,0.13379210225091445,0.10422088453787244
3382.0,0.12154942750930786,0.1145154838971198,0.13553871055599656,0.10914074197926524
3384.0,0.11867015063762665,0.1118488155119509,0.1311719676683508,0.11084873787380416
3386.0,0.1304313987493515,0.11415657716541704,0.1325052102541057,0.11357819230293704
3388.0,0.12460461258888245,0.1152412011274961,0.13041267393884184,0.10919223950956226
3390.0,0.1454109102487564,0.11530207913980756,0.13494999569886398,0.10501851987419371
3392.0,0.17912657558918,0.11803649172112994,0.13544536283201658,0.10663993891595634
3394.0,0.2536294758319855,0.11765909481960551,0.136394366144188,0.10778577554025577
3396.0,0.27073806524276733,0.11609420304948602,0.13323774142928307,0.10271089467642777
3398.0,0.2837270498275757,0.11754631763008887,0.134192546126799,0.10681487790118975
3400.0,0.21852903068065643,0.11838490801365141,0.13143752946544804,0.10570930072259377
3402.0,0.12174549698829651,0.1162459151079008,0.13607673178193497,0.10564946009359208
3404.0,0.10013730078935623,0.11882823155300945,0.1359153071853193,0.10574558327761316
3406.0,0.09109988808631897,0.1164472639924492,0.13761015884315356,0.10942951504230619
3408.0,0.09913264960050583,0.11587847756527267,0.13306750373840392,0.10972374846534662
3410.0,0.12895651161670685,0.11714000763694138,0.13292412322929534,0.11448206925002663
3412.0,0.15057244896888733,0.11871621152170642,0.12972507710733502,0.10827241379498803
3414.0,0.19333194196224213,0.1172826307600146,0.13669832296049259,0.10475281196627474
3416.0,0.21414248645305634,0.11993484550474977,0.13580085467460565,0.10468241584244348
3418.0,0.24611857533454895,0.1172246441867432,0.13740258757596494,0.10553211695830823
3420.0,0.2561357319355011,0.11909138162589979,0.1355637452187645,0.10163845186529046
3422.0,0.2648945450782776,0.12182673550884977,0.1364265494817172,0.10733184866177072
3392.0,0.23198607563972473,0.1244994874074803,0.13648612074234456,0.10653750884294294
3394.0,0.1555464118719101,0.12267304372230567,0.1414100930570713,0.10818863724058264
3396.0,0.14170216023921967,0.12603375466093492,0.14256684242106857,0.10761723444658305
3398.0,0.13549181818962097,0.12268205049296678,0.14305173801991433,0.11172822865155138
3400.0,0.14273490011692047,0.12058908015899689,0.13702728761259927,0.11116517927164966
3402.0,0.18142680823802948,0.12235636745668615,0.13740829157641726,0.11552880394053028
3404.0,0.16763180494308472,0.12413474759022716,0.13538147038158946,0.1119407852905512
3406.0,0.14776471257209778,0.12300354655567425,0.13927886050418806,0.10762395913756383
3408.0,0.16374561190605164,0.12494334749750102,0.14160875261440023,0.10852294148400517
3410.0,0.209894597530365,0.12171728252706394,0.14220239822540526,0.1089462657665908
3412.0,0.23039527237415314,0.11938396885812926,0.13638241211815583,0.10260443226072127
3414.0,0.22915609180927277,0.12119120449574504,0.13802154298490488,0.10775014438770425
3416.0,0.1772836595773697,0.1225821300546064,0.1334345079638893,0.10677803691829216
3418.0,0.09979076683521271,0.12228470213459527,0.13970418258441708,0.10661558383753166
3420.0,0.07867039740085602,0.12420873228640888,0.14118419884658928,0.10676143807661392
3422.0,0.07232114672660828,0.1214663377947144,0.14125035521306586,0.10970669883357483
3424.0,0.08823484927415848,0.11934847385398455,0.13628066804761918,0.10931243660180501
3426.0,0.1364118754863739,0.12028381526787282,0.13685960144204173,0.11327978858881989
3428.0,0.1607963740825653,0.12203423775747892,0.13186974242783023,0.10860826499906867
3430.0,0.17662441730499268,0.12171113250479829,0.13935460527565444,0.10420889250576039
3432.0,0.19376306235790253,0.12405273639244686,0.14098264188674342,0.10514953089085516
3434.0,0.23743616044521332,0.12143048539052735,0.14062131076779985,0.10553605157449532
3436.0,0.23885323107242584,0.1204808433785018,0.13518040492875968,0.10057849705523392
3438.0,0.251399964094162,0.12143520656395103,0.13908570286549998,0.10796341770077465
3440.0,0.1954594850540161,0.12275078789983523,0.1350957438840103,0.10632624949534542
3442.0,0.10787664353847504,0.12143108696820913,0.14206913938037438,0.1095478355938131
3444.0,0.09326427429914474,0.12480249027714106,0.14406671849751326,0.10896429826787153
3446.0,0.09748193621635437,0.12149245413422811,0.14196359533028444,0.11142236809099713
3448.0,0.09803470969200134,0.11904336154547517,0.13631369089381043,0.10945316657041607
3450.0,0.10493278503417969,0.12098466967774044,0.13930342163971654,0.11576453736694546
3452.0,0.09990403056144714,0.12125966678066652,0.13356048675494991,0.1104068530370138
3454.0,0.14279736578464508,0.12163119368213912,0.14128430524249594,0.10940117985287885
3424.0,0.10863867402076721,0.12390943986464026,0.14487751563515916,0.10998674643284262
3426.0,0.16025294363498688,0.12235100092139534,0.1433344490752938,0.10813709177831989
3428.0,0.14515919983386993,0.11912155949648527,0.13686007827871507,0.1024442535638287
3430.0,0.16896291077136993,0.1209058976723986,0.13829801659174087,0.10747710535997677
3432.0,0.16011393070220947,0.12207118492900891,0.1339751097300063,0.10446455513873681
3434.0,0.1323823481798172,0.12111051318203594,0.14002604635904958,0.1079267720519641
3436.0,0.11393874138593674,0.12404102305898412,0.14298729370408114,0.10891588124859668
3438.0,0.07400249689817429,0.1220363656126972,0.14153481013182778,0.11243656492191322
3440.0,0.07598122954368591,0.11899069003381424,0.13708573235535984,0.1107499620154757
3442.0,0.1218051016330719,0.12090665788338568,0.13838138770278413,0.11632660342896624
3444.0,0.15384581685066223,0.12208991287482149,0.1333224932853893,0.11044670178045882
3446.0,0.16791580617427826,0.1208086628002499,0.13906983640333934,0.10727337719818428
3448.0,0.18142452836036682,0.12325587292816774,0.1425360385574776,0.11075499983801791
3450.0,0.20846989750862122,0.12211884156424034,0.1424415132514291,0.10873823050272806
3452.0,0.22317859530448914,0.11876801875689601,0.13662929994200776,0.10351403452273301
3454.0,0.23082637786865234,0.12105673219598613,0.14021252536699408,0.11062155356040165
3456.0,0.1873624324798584,0.12144611076140137,0.13720805409607362,0.10702796962203034
3458.0,0.11795418709516525,0.12128985258133755,0.14199421191717565,0.10866454148347363
3460.0,0.10707533359527588,0.12227476682559178,0.14437176018907596,0.10878128153473349
3462.0,0.11648830026388168,0.12310040151496054,0.14454035250747282,0.11304492014031751
3464.0,0.12063600867986679,0.11937616071796282,0.13601875263313354,0.11027168528071814
3466.0,0.1356542408466339,0.12141917732355045,0.14138788148067524,0.11374546815556394
3468.0,0.14793448150157928,0.12283972472513817,0.13808998985613477,0.11290951738537727
3470.0,0.1363353133201599,0.1231917500546162,0.14222290455251957,0.10831938616861712
3472.0,0.12536662817001343,0.12352706039973588,0.14581902252367174,0.10927971145000742
3474.0,0.1340613216161728,0.12356614084005159,0.1450120679105017,0.10844367930077631
3476.0,0.13063515722751617,0.11906270639769487,0.13594207759806137,0.10271425001462237
3478.0,0.14726075530052185,0.12026201190463158,0.13950505054585394,0.10810655887268186
3480.0,0.14530208706855774,0.12022697924753954,0.13561342699382584,0.10494608350620759
3482.0,0.12379176169633865,0.12123244136915598,0.1408900531316825,0.10603564379054765
3484.0,0.12464132905006409,0.12109386127410436,0.14245640945488225,0.10644075531233034
3486.0,0.08747614175081253,0.12016285326273501,0.14193474449905874,0.11140391812635973
3456.0,0.06892561167478561,0.11672416194365877,0.13483765431167016,0.10779849996175309
3458.0,0.09553378075361252,0.11613039886117268,0.13758919132782363,0.1122458629946573
3460.0,0.11240670084953308,0.1175001846714865,0.13331780450092337,0.10982120229434016
3462.0,0.12244313210248947,0.12055022342036983,0.13990732638732564,0.10757195376221862
3464.0,0.13071735203266144,0.12010505482121606,0.14220335544844714,0.10907192554582856
3466.0,0.16088064014911652,0.11992016635738013,0.1417769117156042,0.1060520441752374
3468.0,0.16983160376548767,0.11606510580052308,0.13437130439529643,0.10089674798081714
3470.0,0.16708515584468842,0.11509669490104747,0.13830505392894432,0.10649810890354859
3472.0,0.12199754267930984,0.1160477907823732,0.13324530922408434,0.10319453145732836
3474.0,0.07585036009550095,0.11940471367211462,0.13941550497722457,0.10492583740948497
3476.0,0.06919001787900925,0.1198879070969313,0.14255770115145533,0.1066254204436551
3478.0,0.05920204892754555,0.11846285721263262,0.13943501927852775,0.11020599108051693
3480.0,0.07795589417219162,0.11550988373443144,0.13292596604639498,0.10684493169961305
3482.0,0.11331438273191452,0.11501785791155142,0.1373803049417008,0.11154166777693084
3484.0,0.1247931569814682,0.11594909614907851,0.13194767679048305,0.11092723635970997
3486.0,0.11769703775644302,0.11973770443875584,0.13881391193110051,0.10636646906469847
3488.0,0.1298220008611679,0.12035560374694686,0.1421808470186492,0.10787253291343629
3490.0,0.1282508671283722,0.1194326607876335,0.13952771096443312,0.10473990012898686
3492.0,0.12644347548484802,0.11620738760708958,0.13334148327209633,0.09984238951573783
3494.0,0.1331382542848587,0.11594840791674157,0.13591002128046337,0.10407613135077823
3496.0,0.11538983881473541,0.11703451709788655,0.1319081188494877,0.10217627321556065
3498.0,0.06169784814119339,0.11995899751716456,0.13796684109896723,0.1040956650765399
3500.0,0.05025948956608772,0.12072425694942245,0.14036412294341663,0.10444525255912106
3502.0,0.041893359273672104,0.11983679619880133,0.1386628183026957,0.109658338997057
3504.0,0.0621459037065506,0.11661759441842724,0.13276676580896588,0.10512548121704923
3506.0,0.09738916903734207,0.1161044354343116,0.1353416475970727,0.11140557501076395
3508.0,0.11549372971057892,0.11789421978179143,0.13129764109222253,0.10957423072919446
3510.0,0.11234833300113678,0.12147286442952429,0.13868717459094393,0.10510646873674835
3512.0,0.11012731492519379,0.12225951629762094,0.14178003022176944,0.10726091775200713
3514.0,0.1236976832151413,0.12185202578938101,0.1401032169266023,0.10463481200164125
3516.0,0.1335398405790329,0.11987205557580514,0.1373170050131867,0.10232841138725254
3518.0,0.14666292071342468,0.1197574846965602,0.1443525589506502,0.1091842547968766
3488.0,0.12965279817581177,0.12222221531544376,0.14113566465356148,0.1063492340382389
3490.0,0.08217877894639969,0.1258030974720464,0.14528738209854866,0.1076110194135805
3492.0,0.06412820518016815,0.12527012032290286,0.14639185859869644,0.10953553304241832
3494.0,0.0636545941233635,0.12642648208597534,0.14664889817619542,0.1148345470491582
3496.0,0.08321371674537659,0.12016409095734143,0.1382126653591578,0.11134834215101003
3498.0,0.0981355533003807,0.12216299076988651,0.1447600372097323,0.11779610256665732
3500.0,0.12254151701927185,0.12279579730983371,0.13877875269248927,0.11417140923305563
3502.0,0.08970581740140915,0.12570263146092647,0.14522719291118194,0.11045106634859758
3504.0,0.1061846911907196,0.12511617991315685,0.1467137120809721,0.10975604755348128
3506.0,0.11662040650844574,0.12576148613831536,0.1458150597709746,0.1064357958161501
3508.0,0.10706502199172974,0.12047351631659135,0.13804667808250956,0.10213663119409717
3510.0,0.13600477576255798,0.11953212369103787,0.1404533892295403,0.10654851486129946
3512.0,0.09945474565029144,0.12136005383246623,0.1356663018926376,0.10294821540796639
3514.0,0.06235871464014053,0.12265410983270085,0.14093625905988788,0.1028580893081983
3516.0,0.04591061919927597,0.12361672976811024,0.1425967696139552,0.1066299843357566
3518.0,0.03931507095694542,0.12487713762526642,0.14330759176477084,0.11250137573954384
3520.0,0.05642198026180267,0.11923611290258439,0.1359751403594011,0.10946714508418663
3522.0,0.07740906625986099,0.1188447634072116,0.13876272643426132,0.11577984251667531
3524.0,0.08690940588712692,0.11990393156169574,0.13415064284607334,0.11224015246622741
3526.0,0.09407021105289459,0.1228650778516335,0.14079280245825054,0.10946010648115459
3528.0,0.09949912875890732,0.12304333444213128,0.1439881556976497,0.1105043607701902
3530.0,0.12373588234186172,0.12428140974916517,0.14416960558079014,0.1078269655584061
3532.0,0.13348042964935303,0.11945879237816039,0.13865149891968798,0.10492941404022077
3534.0,0.1501854807138443,0.12015312790500583,0.1425231935977534,0.11020923824108947
3536.0,0.12425103038549423,0.1205496055877314,0.14046757768149562,0.10732236513657716
3538.0,0.07494864612817764,0.12287421594790603,0.14277537107855928,0.10675900704180763
3540.0,0.06192941963672638,0.12461075743176368,0.14585110427106887,0.11007218800273436
3542.0,0.06243618577718735,0.12593580929213274,0.14637972585938627,0.11656236178427055
3544.0,0.07165168225765228,0.1203732417887876,0.1383221984356457,0.11346579545371771
3546.0,0.07972487807273865,0.12108698260190504,0.14291059256695557,0.11801700312810595
3548.0,0.08320412784814835,0.11974020328161895,0.1366458973751285,0.11460167360591043
3550.0,0.09845764189958572,0.12368416675789108,0.14272411538732807,0.11126051067129251
3520.0,0.09272417426109314,0.12283930881428239,0.1466128445120115,0.11084701746700974
3522.0,0.10242068022489548,0.12403109474558248,0.1457608405464386,0.10888497377578105
3524.0,0.08986584842205048,0.12026259014589263,0.13909122518561876,0.10502194513952258
3526.0,0.11631100624799728,0.11902916852147877,0.1421853537427226,0.10893139963212112
3528.0,0.09206120669841766,0.1158474105199661,0.13596146237409898,0.10415651608880855
3530.0,0.06493453681468964,0.12002058336478875,0.1401917723152243,0.10219532698494099
3532.0,0.05632662773132324,0.12128276167119424,0.1430908892387718,0.10689806018519388
3534.0,0.04443937540054321,0.12029067705736024,0.14336965784316813,0.11346384896517338
3536.0,0.05089873448014259,0.11576839286470007,0.1360325890648654,0.10912333677589019
3538.0,0.07740192115306854,0.11587037075925101,0.14000225057308455,0.11635990232072846
3540.0,0.10011282563209534,0.11425841299036478,0.13146367638952344,0.11143248410637127
3542.0,0.10913801193237305,0.11929262189260066,0.13867268313463266,0.10911925875118386
3544.0,0.10139261186122894,0.11962550359173842,0.14378363841318115,0.10921102835211186
3546.0,0.12132380157709122,0.12286395281699662,0.1443549495927579,0.10627266388738453
3548.0,0.11682676523923874,0.11859192971193912,0.13985880882055046,0.10728042188815684
3550.0,0.13061930239200592,0.11810045818820557,0.14757808688374852,0.11215836035561079
3552.0,0.11178205162286758,0.11666968019361958,0.14033735877172623,0.10736625130418266
3554.0,0.06848835200071335,0.12156061881440806,0.14454368571046528,0.10661652854947222
3556.0,0.05717936158180237,0.12465640256187123,0.14976236213545588,0.11174656292234228
3558.0,0.06985055655241013,0.12478348467568362,0.1487455604536601,0.11821358165961876
3560.0,0.07426407188177109,0.11855526029138862,0.14124769964819953,0.11415931883148875
3562.0,0.08860401809215546,0.11807690642063795,0.14679481649100182,0.12034542142173149
3564.0,0.0828780084848404,0.11496843971596071,0.13659397090883674,0.11582166625899294
3566.0,0.10995153337717056,0.1196862496479168,0.14420434509910585,0.11127930844308676
3568.0,0.11956608295440674,0.12094016369568768,0.14870977351427797,0.11133823459771604
3570.0,0.1380690038204193,0.12169323865458725,0.14841687216704919,0.11037223174556167
3572.0,0.11266874521970749,0.11799545519051956,0.14358571802904208,0.10942937625651596
3574.0,0.1268235445022583,0.11596498348738159,0.14419772000787143,0.10928918069947419
3576.0,0.08883998543024063,0.11303899966295533,0.13499994652589034,0.10067649766483716
3578.0,0.044306691735982895,0.11653149305010055,0.1410470598274477,0.10024797002582227
3580.0,0.04224763065576553,0.11718368759348362,0.14314770458615048,0.10720827051276113
3582.0,0.05259888619184494,0.11873897363004791,0.14494989966956742,0.11394530000065352
3552.0,0.06080001965165138,0.1157263000865077,0.1398103189606305,0.11182019305396103
3554.0,0.07682351768016815,0.11273425551372536,0.14008482535105257,0.11733538609253454
3556.0,0.09964238852262497,0.11250847684488642,0.13343795684044116,0.11173003727292752
3558.0,0.10786183923482895,0.11785933843363404,0.14324932033190868,0.11115466342357197
3560.0,0.10125085711479187,0.11771646740793788,0.14537214610946358,0.11199989006641385
3562.0,0.12234240770339966,0.12002349048424232,0.14711235860716046,0.10912168779763229
3564.0,0.11810752749443054,0.1166879249722756,0.1430122915257616,0.10845997299294236
3566.0,0.12492795288562775,0.1135931759543961,0.1420787437113666,0.10906523555512093
3568.0,0.09621899574995041,0.11245799616775264,0.13690116583129727,0.10237353842165514
3570.0,0.0626850351691246,0.11807190311620315,0.14331464840941666,0.1027067938529926
3572.0,0.045499105006456375,0.11847144054751362,0.1446138554386694,0.10705184058502759
3574.0,0.04829439893364906,0.12045982330240403,0.14554363070029194,0.11501267538929766
3576.0,0.06442463397979736,0.1170099616091136,0.1417203327015136,0.11163805429059748
3578.0,0.0924086645245552,0.11359789781299458,0.1406433656164691,0.11596990942058544
3580.0,0.0912044569849968,0.1128220134401853,0.1339827562388093,0.11049185707988544
3582.0,0.10321703553199768,0.11774285578332609,0.14285802633509573,0.11021980261006767
3584.0,0.09304115176200867,0.11806091336959029,0.1448419098813651,0.10981675944801518
3586.0,0.10395495593547821,0.12002585767604922,0.14599668670228427,0.10769472585613213
3588.0,0.07166363298892975,0.1166121792616491,0.14192669157335736,0.10559038824932204
3590.0,0.10443171858787537,0.11388119645752216,0.13868472421527134,0.10503672836688117
3592.0,0.05389519780874252,0.11301104075888559,0.13299763239399828,0.09919139637061257
3594.0,0.06221121922135353,0.11726344080047113,0.14114881876962967,0.10003497615867074
3596.0,0.05148550495505333,0.11875310021738947,0.14336624228887318,0.1051026521652187
3598.0,0.059556007385253906,0.1201929198056896,0.14405216063646462,0.11327873366948235
3600.0,0.058039575815200806,0.11674498581314142,0.14152200648829039,0.11157205834882787
3602.0,0.06690451502799988,0.11398029523335627,0.13889994571977418,0.11550857884807235
3604.0,0.0947287306189537,0.11340230135952266,0.132540234726058,0.1104899397409163
3606.0,0.10742384940385818,0.11748657234020997,0.1409973727936544,0.10856198993918512
3608.0,0.1141694039106369,0.11905285557849034,0.14481833703176417,0.11037217082213045
3610.0,0.129379004240036,0.12126273584562788,0.14606339926458564,0.10889970218161381
3612.0,0.12224797904491425,0.11698568251953817,0.1440974911899295,0.10914373116604485
3614.0,0.13225680589675903,0.11464967023378221,0.14287021554417184,0.10895003490589525
3584.0,0.09787654876708984,0.11339046171099941,0.13580396473297848,0.10298500603632504
3586.0,0.062060244381427765,0.11773273989662228,0.14333422744087307,0.10193538260035197
3588.0,0.05802306905388832,0.11969452941201032,0.14745864656622715,0.10811742637944464
3590.0,0.06034276261925697,0.12123147327780842,0.1461459643104507,0.11616169134331583
3592.0,0.05961109325289726,0.11560158352786755,0.14174348569939854,0.11229211905957515
3594.0,0.07851220667362213,0.11453116624546303,0.14132546001946536,0.11492786640712467
3596.0,0.08453328162431717,0.1135374520955949,0.13291472689273617,0.11096419928447704
3598.0,0.10751175135374069,0.11845212022974363,0.1413921495538855,0.10901754941991217
3600.0,0.13144022226333618,0.12062547277092711,0.14658860280790864,0.10840234362149385
3602.0,0.13184522092342377,0.12214861331373417,0.1444861703129605,0.10669384943688566
3604.0,0.11895305663347244,0.11684508184021788,0.14111222919490604,0.10578819430179034
3606.0,0.11583024263381958,0.1145733560540151,0.13765233586277617,0.103968588523911
3608.0,0.08222346007823944,0.11374371068585885,0.13038840996715273,0.09904209076475522
3610.0,0.05923382565379143,0.11883997092769776,0.13956288571678643,0.09978962100435332
3612.0,0.06153252720832825,0.12066206044365546,0.1440193199977319,0.10801006024593876
3614.0,0.07831751555204391,0.12258243780514891,0.14282977970234664,0.11432326167187155
3616.0,0.07250465452671051,0.11752507830926753,0.14036220525359183,0.1107313797299033
3618.0,0.07537481188774109,0.11569923656832128,0.13860115235857196,0.11650787171321837
3620.0,0.10096997767686844,0.11587703058473023,0.1316113022541247,0.11068527572755725
3622.0,0.10927804559469223,0.11994885173826832,0.14151784346266924,0.10839959838992795
3624.0,0.11366451531648636,0.12298519423505959,0.14820322332097735,0.1094398374266322
3626.0,0.12015528976917267,0.1262695065871458,0.14762568151887442,0.10749324620179648
3628.0,0.13251790404319763,0.12166809965517239,0.14688374003431767,0.10908540577038472
3630.0,0.1829090118408203,0.11989369941684593,0.1465666624694758,0.10899397300537589
3632.0,0.16412438452243805,0.11886246385792437,0.1418904872418625,0.10707326745785144
3634.0,0.09174637496471405,0.12408206920011575,0.149724559697904,0.10702398563799567
3636.0,0.06949304789304733,0.125821375127511,0.15388544201685248,0.11352405684143677
3638.0,0.0729084461927414,0.1279915506594023,0.15246853677349853,0.11974978457782685
3640.0,0.07252573221921921,0.12066893481144202,0.14630947890852192,0.11441367431213
3642.0,0.08761953562498093,0.11812104849112627,0.14629243359171812,0.11948994557132978
3644.0,0.0877843126654625,0.11794106823640384,0.14018083215215918,0.1143180388715357
3646.0,0.09986764937639236,0.1227765539602883,0.1460727998942451,0.11309384934772936
3616.0,0.14129240810871124,0.1251978806140678,0.1531382189343471,0.11360555315984676
3618.0,0.1575203835964203,0.1301232978175875,0.15148732859242678,0.1099174173144125
3620.0,0.14867031574249268,0.12393961091053897,0.14520698864716775,0.10864234773664858
3622.0,0.15748180449008942,0.11918388495054573,0.1434093321439134,0.10752202472467326
3624.0,0.11541429162025452,0.11964464640641057,0.13784703412284663,0.10406320900625862
3626.0,0.0672672837972641,0.12432149274828218,0.14449876994528396,0.10129283203803148
3628.0,0.06670588999986649,0.12629496733068957,0.15029957817708342,0.11201596223655118
3630.0,0.08124177157878876,0.131310799470997,0.15054752906247798,0.1190100219630979
3632.0,0.06624201685190201,0.12491543192353159,0.14467887236984145,0.11215923072220618
3634.0,0.08007688820362091,0.11958251546999427,0.1444140542137308,0.1195669907859625
3636.0,0.10852929949760437,0.12113567473070078,0.1376879730813539,0.11405364017125032
3638.0,0.11582965403795242,0.12540419728490038,0.14517684258830055,0.11209483002453581
3640.0,0.13686880469322205,0.12800893281106987,0.15251161117215675,0.11320264304734193
3642.0,0.1414104402065277,0.13103454566688477,0.14971145908669664,0.10963580891039366
3644.0,0.16858819127082825,0.12594009513952623,0.1472653225580329,0.10968336365314674
3646.0,0.24023093283176422,0.12118177908871192,0.14867498695157166,0.11074680680788179
3648.0,0.22462891042232513,0.1220174419685,0.14378251557757007,0.10886220255914517
3650.0,0.12518826127052307,0.12496403239853428,0.1467301441704307,0.10636228990367291
3652.0,0.10974258929491043,0.12847855611971928,0.15442553522101896,0.11446501258698487
3654.0,0.0953473150730133,0.12976232128849347,0.15123403843122918,0.11998504242528804
3656.0,0.08426393568515778,0.12383605416769425,0.145316470090066,0.114517656398231
3658.0,0.10943073779344559,0.11962052354872074,0.14641076389967586,0.11940365275570096
3660.0,0.09173903614282608,0.12086666596359029,0.14119808383916774,0.11537195516283415
3662.0,0.1010260134935379,0.12468207402932885,0.1469229810462474,0.11466435354678772
3664.0,0.14185863733291626,0.1298606534854995,0.15452860814985298,0.1159399957024402
3666.0,0.12467902153730392,0.12980871046609255,0.14975867080018157,0.11148721614656708
3668.0,0.1477712094783783,0.12436952589124926,0.14573012899877563,0.11010013719936786
3670.0,0.16743825376033783,0.11943526147049716,0.1456174459805025,0.10702055017098142
3672.0,0.1416923850774765,0.12150162895824264,0.13974410714329782,0.10222728451540436
3674.0,0.11064335703849792,0.12473130375100361,0.14403151130698735,0.10104396986095665
3676.0,0.07938393950462341,0.1293409020041913,0.15115265619599613,0.11002717431875614
3678.0,0.09466196596622467,0.1301681616194352,0.14804290930384972,0.11722571526688377
3648.0,0.08125685900449753,0.1245821516419375,0.14430969573395538,0.11321879042434381
3650.0,0.10002365708351135,0.11985766659111673,0.14636296235752605,0.11978284466152637
3652.0,0.12271077185869217,0.12098826828692069,0.1383436403644497,0.1139905800619129
3654.0,0.14776311814785004,0.12638425220961086,0.1462514739693108,0.11260261199663817
3656.0,0.15793409943580627,0.1311073851179666,0.15505197626060258,0.11503386159433208
3658.0,0.17068511247634888,0.13160402327885568,0.15000387516328045,0.11012085305469822
3660.0,0.18388859927654266,0.12818207258471528,0.1509113618703246,0.11119739769959497
3662.0,0.22162242233753204,0.12259034467736071,0.1519792246235937,0.1113438714550754
3664.0,0.1753600537776947,0.12351778858980192,0.14389739557475612,0.10581553950320628
3666.0,0.11026094108819962,0.1275134424565414,0.14966718984928745,0.10351432093299485
3668.0,0.11255694925785065,0.13075833034590734,0.15534398516620612,0.11290457568669057
3670.0,0.10748236626386642,0.12999259691607365,0.1486123905939604,0.11737398704810684
3672.0,0.09609026461839676,0.12665362277066652,0.1491405193678598,0.11359821570909184
3674.0,0.10265645384788513,0.1224644145977425,0.1497355675204924,0.11743161890000309
3676.0,0.10953213274478912,0.12224862932749035,0.1415528184974897,0.113338283573473
3678.0,0.12482061982154846,0.12463338213299419,0.14718803113018267,0.11135349129730593
3680.0,0.15277020633220673,0.12895248199490064,0.1532348812810928,0.1123267678500266
3682.0,0.190797358751297,0.12975773671159718,0.14957668193129478,0.1097475969099048
3684.0,0.1635715365409851,0.12593396178139765,0.1482600425040857,0.10981638757835598
3686.0,0.20398785173892975,0.12162192945523721,0.14808357145992676,0.10718953367043599
3688.0,0.11356260627508163,0.12154301270792182,0.14027603107034506,0.10074136108944165
3690.0,0.07658033072948456,0.12452414303234831,0.14477290982983002,0.09840586419552642
3692.0,0.0838889628648758,0.12812220100977495,0.15081008696650136,0.11074172220512345
3694.0,0.07819683849811554,0.12911232586594645,0.1469471392528926,0.11600871270257179
3696.0,0.08325494825839996,0.12588423850669983,0.1466105238049522,0.11385840827603454
3698.0,0.0983157828450203,0.12045844818601664,0.14823293768967927,0.11762667950118134
3700.0,0.13224773108959198,0.12133186222316238,0.13972123191794497,0.112533575313835
3702.0,0.15049275755882263,0.12432819549342397,0.14519487776701123,0.10938765663619156
3704.0,0.17843741178512573,0.12790626939238336,0.15270848297691267,0.11035258353089254
3706.0,0.1857406347990036,0.12889477195031104,0.14774668380012834,0.10749984134892344
3708.0,0.21673248708248138,0.12499179716528243,0.14786002485803637,0.10936215901322387
3710.0,0.2799946069717407,0.12087744612695252,0.15085110576188496,0.11036688346981303
3680.0,0.24217671155929565,0.1233421120275993,0.1463836210462573,0.10892986372974606
3682.0,0.13746343553066254,0.12932229068507367,0.14960141513806208,0.10614753937154253
3684.0,0.11571764200925827,0.13243067953087795,0.1556532217264702,0.11353538940711232
3686.0,0.11736220866441727,0.13084951417771437,0.1505427452412707,0.11834844866570103
3688.0,0.1195264533162117,0.12530973946048068,0.14750982076874114,0.11382387447514115
3690.0,0.13808059692382812,0.12055473944683716,0.1485185605277782,0.11734394270300616
3692.0,0.15305112302303314,0.12186440750254518,0.14236188304705946,0.11371822422364307
3694.0,0.08833763003349304,0.12885044817716276,0.14726474082642166,0.11206494718185347
3696.0,0.10253799706697464,0.13575955457579578,0.15446447924538784,0.11222321665028483
3698.0,0.16669419407844543,0.13328189186351927,0.14991661753958682,0.11014041858405697
3700.0,0.1682690978050232,0.12836802894743923,0.14933413122643452,0.11155019513972052
3702.0,0.2344065010547638,0.12271765620965484,0.1497648699064687,0.10828794037923312
3704.0,0.20287387073040009,0.12294540081018432,0.14293467057690057,0.10294952569793918
3706.0,0.1583058089017868,0.1293113837378347,0.146372880684529,0.10065327554669627
3708.0,0.16834953427314758,0.13626858698980118,0.15385267912842746,0.11225931511411186
3710.0,0.09856301546096802,0.1335616552435192,0.14945134208812655,0.11519458484760317
3712.0,0.10745910555124283,0.12828386703018865,0.14880937303879033,0.1130708391021598
3714.0,0.1263255923986435,0.12231698337538394,0.14914266119573974,0.11667724043838329
3716.0,0.17402371764183044,0.12251515448367871,0.14130092808160957,0.11232236527943483
3718.0,0.1884138435125351,0.12977659389133298,0.14722359505913102,0.11008310227997198
3720.0,0.20142260193824768,0.13671646319605646,0.1549636704034101,0.11345155943637832
3722.0,0.2166883945465088,0.13388953109818993,0.1507064605100328,0.10842665694993697
3724.0,0.24751409888267517,0.13013675491011453,0.15254829782418577,0.11129303866884822
3726.0,0.31580784916877747,0.12391495701740238,0.15253613213837308,0.11310817760830433
3728.0,0.2938876748085022,0.12353659610971966,0.146437575364371,0.10769912639499252
3730.0,0.17145933210849762,0.13019549527611474,0.15058907018443818,0.1056439853393794
3732.0,0.14374172687530518,0.13817082956989168,0.15846146928735574,0.11561388041029157
3734.0,0.13264553248882294,0.1354286037160208,0.15282387250615706,0.11690194213352743
3736.0,0.10953883826732635,0.1301455230709475,0.1511988540481637,0.11234962621674806
3738.0,0.1036272943019867,0.12443911193084506,0.151987315413284,0.11547449472146248
3740.0,0.13487087190151215,0.12388314228815998,0.14501416801384204,0.11189468933820707
3742.0,0.16989730298519135,0.12989864074914206,0.15013752671656927,0.11070650484393255
3712.0,0.18761347234249115,0.1384406999482638,0.1576387145112044,0.11381795111615758
3714.0,0.2255948930978775,0.1356238446531201,0.15277681156574108,0.10994663583959165
3716.0,0.22192902863025665,0.13091932846763646,0.15101391091554178,0.11049449321716392
3718.0,0.25722581148147583,0.12348338656454233,0.14870049497060103,0.1074068393408321
3720.0,0.18410317599773407,0.12402992896898546,0.1428359094501107,0.10094329241815955
3722.0,0.101859912276268,0.1297589356622495,0.1481406928085579,0.09925239077461466
3724.0,0.09546644240617752,0.13752476544311013,0.15452449421256242,0.111223346045804
3726.0,0.09913317859172821,0.13573843362669866,0.15126108280665485,0.11618092579821053
3728.0,0.10434677451848984,0.13050926942444427,0.14945639603549,0.11340718727649052
3730.0,0.13306845724582672,0.12309406739339869,0.14784795367395834,0.11567622694438341
3732.0,0.17778520286083221,0.12498846069463611,0.14292363757061893,0.11291303975865356
3734.0,0.1877772957086563,0.13016041107941614,0.1490377491338232,0.11030167910013798
3736.0,0.20787706971168518,0.13862477743724247,0.15567077130327786,0.1128983071333221
3738.0,0.21421943604946136,0.13596737526822703,0.15264982686959588,0.1082352924214041
3740.0,0.2462710440158844,0.13124368943913806,0.15154445448003184,0.11015788707626252
3742.0,0.3200846016407013,0.12380948500688925,0.15004577546689915,0.11121327839830021
3744.0,0.32578742504119873,0.12416872263761497,0.14365845765764018,0.10825069391025353
3746.0,0.21096830070018768,0.12919658963704103,0.1488755829063025,0.10517558965580011
3748.0,0.18114176392555237,0.13897147570742183,0.15526110627746914,0.1135460870436407
3750.0,0.15324001014232635,0.13534362109048487,0.15231391791191357,0.11598549641649193
3752.0,0.1435156911611557,0.13027807637711028,0.15200268954272286,0.1127912391680652
3754.0,0.1398753970861435,0.12493197047473953,0.14974424709053216,0.11531137093449711
3756.0,0.16626128554344177,0.12485520478978569,0.1441870756734386,0.11431560432762512
3758.0,0.17863403260707855,0.13129499017042298,0.15041711117321882,0.11342003879807033
3760.0,0.21102145314216614,0.1389688567434238,0.15532428845300456,0.11370490944259498
3762.0,0.24323050677776337,0.1379218844192012,0.15319082702630868,0.10981829867060376
3764.0,0.3050960600376129,0.1314431611365417,0.1495888299859496,0.10904989402027922
3766.0,0.35555580258369446,0.12436189070863374,0.14856833786075077,0.11086511775608265
3768.0,0.2597450911998749,0.12623269609406979,0.1422091057674762,0.10757283351517916
3770.0,0.1495617777109146,0.13284768046209397,0.1505094378210408,0.10369718816115943
3772.0,0.14395010471343994,0.1416299511848442,0.15686249459270327,0.11463542201757951
3774.0,0.1149798259139061,0.13901213865805992,0.15338153813340094,0.11833130516850403
3744.0,0.10890086740255356,0.13257955875592778,0.14958443048396802,0.11207722721128045
3746.0,0.13514870405197144,0.12468491771079243,0.14910556075444284,0.11553739129191438
3748.0,0.17204096913337708,0.12625461081390324,0.14188266598898702,0.11404578972986762
3750.0,0.17516666650772095,0.13166848213222143,0.14887489856711011,0.11132366168894979
3752.0,0.19954904913902283,0.14059932633031336,0.15615141693440518,0.11288268745932749
3754.0,0.2075970619916916,0.13849357155874856,0.15352133123694658,0.10846019220060626
3756.0,0.2623000741004944,0.13264198621061965,0.15204680056907202,0.11011870183555116
3758.0,0.31539857387542725,0.1257063653582448,0.15170666548691566,0.11220696536037854
3760.0,0.3152260482311249,0.1262951730412577,0.14535267653753436,0.10980994334823722
3762.0,0.19849759340286255,0.13159205540564525,0.15168156670868124,0.10477757454623432
3764.0,0.18654364347457886,0.1413274436642538,0.15892273155307446,0.11480353193709095
3766.0,0.16484326124191284,0.13980348769384163,0.1564002307913228,0.11799436634099796
3768.0,0.1305791288614273,0.13227605235643275,0.1524886367638973,0.1131098470284056
3770.0,0.1330481320619583,0.12638634660607467,0.1531250816554557,0.11500999653600753
3772.0,0.1664648950099945,0.12619653772756206,0.1449611281924532,0.1131368934522574
3774.0,0.12903054058551788,0.13194761771337135,0.1510327696166098,0.1105671406713225
3776.0,0.2314244955778122,0.14184349892476586,0.15871026120312226,0.11490058346664833
3778.0,0.18197870254516602,0.14069540212242274,0.156305442639883,0.11081097772201347
3780.0,0.21557626128196716,0.1329441684043483,0.1522928052004762,0.11068393256446277
3782.0,0.27874457836151123,0.12668529792246153,0.1533449595527399,0.1098450286524884
3784.0,0.13350026309490204,0.12717274802266562,0.1451844636554627,0.10199513610053179
3786.0,0.13318638503551483,0.1322106104575479,0.1505296190866486,0.10022154695410052
3788.0,0.08770772814750671,0.1421090425180553,0.15875746505687022,0.11014920989537567
3790.0,0.09148211777210236,0.1408712189108894,0.15576430291005278,0.11713104213899066
3792.0,0.09299013018608093,0.13356853929479107,0.15207473589615145,0.1121508117440178
3794.0,0.1380409151315689,0.12674023216237412,0.153629870121584,0.11590445539656778
3796.0,0.17649202048778534,0.12798512023933425,0.14405357308577116,0.11345073147201895
3798.0,0.18297211825847626,0.13321040711908294,0.1509660203433276,0.1117704142725025
3800.0,0.179298534989357,0.14284869598768024,0.16046900209631207,0.11455750874139027
3802.0,0.19062137603759766,0.14170615585239937,0.15733810757072914,0.11108025810243341
3804.0,0.24993331730365753,0.1351790159913497,0.15478069739404196,0.1125198566095662
3806.0,0.33561694622039795,0.1275700641345874,0.15621390377926828,0.11376569345797762
3776.0,0.3508607745170593,0.1279977050186694,0.14691839430527745,0.11073659395856121
3778.0,0.23991934955120087,0.13463787053541693,0.15394516322117757,0.10512452777940356
3780.0,0.20497731864452362,0.14446692379585332,0.1610420746400368,0.11566774408497281
3782.0,0.18265575170516968,0.1430118240491284,0.15832868060025956,0.11811407670760624
3784.0,0.14831013977527618,0.13427083317951738,0.15375610216674288,0.11352922650769477
3786.0,0.14420470595359802,0.12810148622899134,0.15640104610608915,0.11632013311300038
3788.0,0.16698426008224487,0.1289455647263296,0.1477070038100287,0.1144010408562295
3790.0,0.14750683307647705,0.13581530651218612,0.15593205234744956,0.11239642797522703
3792.0,0.15793560445308685,0.14376196434178892,0.1614386025231374,0.1144737045510509
3794.0,0.16540557146072388,0.14339579912501643,0.15867751336762403,0.1132988879342992
3796.0,0.1693231165409088,0.13427166568868135,0.1536479990826469,0.11349723685617516
3798.0,0.20151089131832123,0.12838922079402568,0.15590004421850698,0.11187343965316683
3800.0,0.1769004762172699,0.12809439528777158,0.14674467370211977,0.10678771301351918
3802.0,0.14520780742168427,0.13510261014021363,0.154655273023264,0.10336434045902944
3804.0,0.1552824079990387,0.14314443753800166,0.16031028039856865,0.11463285333083904
3806.0,0.09330982714891434,0.14279437316643617,0.1583756587030978,0.11887803056159521
3808.0,0.0855187326669693,0.1336504290149079,0.15501036812501764,0.1131147469881132
3810.0,0.12095076590776443,0.12747650880715666,0.15621646466534192,0.11666325999560646
3812.0,0.20261980593204498,0.12740466686397786,0.14596622351083735,0.11503527531986495
3814.0,0.1983499974012375,0.13482809205923713,0.15446123173857754,0.11353423867449627
3816.0,0.18629436194896698,0.14211720121054272,0.16059263319290348,0.11518140032598384
3818.0,0.19656690955162048,0.14192696649557696,0.15907986205810187,0.11239783392449816
3820.0,0.22069016098976135,0.13430833114709273,0.1581793725148751,0.11451672829575323
3822.0,0.30948275327682495,0.12857641264714037,0.15949995401053124,0.11551643427085292
3824.0,0.2993412911891937,0.12848761904064368,0.1491709008472356,0.11309066714639822
3826.0,0.21429507434368134,0.13641730390035012,0.1575431387775069,0.10963036496843981
3828.0,0.17543905973434448,0.14272192509151738,0.16229552931581248,0.11713199529469807
3830.0,0.16062557697296143,0.14307114097871304,0.16026684338301694,0.11958650408439309
3832.0,0.12376301735639572,0.13490349971257073,0.1573243093236786,0.1170060145317763
3834.0,0.13406743109226227,0.1296490445086376,0.15836289198533632,0.12013172366051843
3836.0,0.17834971845149994,0.1288347634895237,0.14726302979006842,0.1144418561717472
3838.0,0.16202816367149353,0.13877610991422704,0.15609899704184318,0.11396609576003236
3808.0,0.13768033683300018,0.14602995468887875,0.16436555194772542,0.11796234569049244
3810.0,0.14165407419204712,0.14654633705880252,0.16261625716452777,0.12157699835551092
3812.0,0.14866632223129272,0.14190336541811102,0.1603270863828139,0.11960776115472478
3814.0,0.19371460378170013,0.13722071465967745,0.16396859060466304,0.1193039088715414
3816.0,0.17128022015094757,0.13525596193134842,0.1562099167533696,0.11620623758732472
3818.0,0.15458402037620544,0.14032357724060046,0.16073796673402196,0.11236827519743552
3820.0,0.1395348608493805,0.1490028717051805,0.16785038247565842,0.12571141940031996
3822.0,0.09203394502401352,0.14756946653684916,0.16332853475956097,0.12758249188212412
3824.0,0.0984288901090622,0.13971138414082127,0.15716442560560384,0.12182655274348168
3826.0,0.11344723403453827,0.1341549652102319,0.1594842984316849,0.1251302903590057
3828.0,0.19038428366184235,0.1323654762278753,0.149674495581403,0.12202361705505033
3830.0,0.1901712268590927,0.13906371030052378,0.15592009048288913,0.12277038698013215
3832.0,0.1761135458946228,0.1475002200591314,0.16276912354601444,0.12265190084657619
3834.0,0.18691276013851166,0.1464991056148419,0.16138494316065913,0.11903438590652532
3836.0,0.19834916293621063,0.13934875390665774,0.1573628953746091,0.11882074574814347
3838.0,0.2493242621421814,0.13367031106924496,0.161083609457502,0.11817568057449913
3840.0,0.21311447024345398,0.1335056286054438,0.15225240489728284,0.11743877170623997
3842.0,0.1401568353176117,0.13874058173439605,0.15761476217670758,0.11582199153815077
3844.0,0.11608101427555084,0.14695092887653036,0.16611531063406718,0.12620596733702455
3846.0,0.13826526701450348,0.1464455745922101,0.16188072537456122,0.1273149536865227
3848.0,0.09368281811475754,0.13868435404929458,0.15603267875467863,0.11988612003653977
3850.0,0.10731098055839539,0.13371877480992525,0.16117871596897712,0.12121665353596964
3852.0,0.1271878033876419,0.13320281536197312,0.15102694960492669,0.11935316765899477
3854.0,0.12732625007629395,0.13860897135279168,0.15611960610676567,0.1193498025628479
3856.0,0.14273332059383392,0.14605024632869124,0.1642329460822682,0.12279551709410344
3858.0,0.16704773902893066,0.14654003230994936,0.16162749460960624,0.12188473702620407
3860.0,0.15103669464588165,0.13810567634092868,0.15586279604664693,0.11995004664746946
3862.0,0.1764329969882965,0.13342376963076355,0.16116384407855386,0.11733069211926607
3864.0,0.14128847420215607,0.13205699503853724,0.15068074338881987,0.11189534480566721
3866.0,0.14005036652088165,0.1380702100436668,0.1557525570408802,0.11055162652091334
3868.0,0.1513180136680603,0.14618441940977564,0.16310434873420523,0.12274428701801554
3870.0,0.09916485100984573,0.14644342439712954,0.15997819055338786,0.12624596448749584
3840.0,0.09957753121852875,0.1382317411824045,0.15438729089815853,0.12011270948038531
3842.0,0.11307796090841293,0.13268403868931594,0.15928295625886238,0.12268526115775509
3844.0,0.16328711807727814,0.13239512129154685,0.1480286147807589,0.11982897455213527
3846.0,0.16426445543766022,0.13790934922162065,0.1548832583349556,0.11993525680299727
3848.0,0.1562337726354599,0.1462801630306882,0.1632164791554747,0.12119935617734755
3850.0,0.16252712905406952,0.14644527721892206,0.16133453213847648,0.11935871942716493
3852.0,0.19020384550094604,0.1385663351359291,0.15825026358432773,0.1189373373012439
3854.0,0.2653656005859375,0.13406531865119528,0.16290386301655332,0.11970415926226846
3856.0,0.245377779006958,0.13301356152854613,0.1531875916799822,0.11826477705675259
3858.0,0.16734716296195984,0.13947183099830845,0.15936621435375367,0.11726671498380697
3860.0,0.16799262166023254,0.14731847926535438,0.16728037129336656,0.12836665657402482
3862.0,0.14776389300823212,0.14811113956265912,0.16453509647617212,0.12947295287907748
3864.0,0.11819563806056976,0.1395942488659797,0.1594861635408393,0.12229269590279788
3866.0,0.14371436834335327,0.13504330854165258,0.16240779469709105,0.12421138365959833
3868.0,0.14729662239551544,0.13492207994191244,0.15245180960521634,0.12123817433738461
3870.0,0.15126469731330872,0.1400373611195231,0.15834593791962623,0.1218760593507421
3872.0,0.16310641169548035,0.1479585124556145,0.1670080718405812,0.12447145483974112
3874.0,0.15295906364917755,0.1481566717517816,0.1629080699975784,0.12402849769370962
3876.0,0.1491328924894333,0.14003602145871827,0.15864235793996528,0.12142037434123386
3878.0,0.17454466223716736,0.1341635232259308,0.1610230118906076,0.11975489383020982
3880.0,0.15484923124313354,0.13367591496881076,0.1516527396766572,0.11326829214679282
3882.0,0.1445409059524536,0.13770426356529794,0.15548742105133703,0.11067019933614043
3884.0,0.16397914290428162,0.14574468914370378,0.1651583459301489,0.12380930748754179
3886.0,0.12311390787363052,0.14709004674459872,0.1613427932156475,0.12684212146091564
3888.0,0.11017463356256485,0.13899942830862352,0.156719006839016,0.12080505186509197
3890.0,0.12422062456607819,0.13358656475050446,0.16083707107092826,0.12397303945081709
3892.0,0.1797400265932083,0.13347005173888027,0.15045978009242267,0.12135554419958665
3894.0,0.173473060131073,0.13704122539856115,0.15663713020507614,0.12236309247150313
3896.0,0.1576889455318451,0.1455754755556195,0.16604808479880992,0.12273693109373437
3898.0,0.13513270020484924,0.14640309418135047,0.16307258207195852,0.12011341293635268
3900.0,0.15617932379245758,0.13885397502301558,0.15891550594254464,0.12005620301656766
3902.0,0.25887420773506165,0.13362634748308364,0.1624905902765253,0.12030134373829582
3872.0,0.2395351529121399,0.13336891625468855,0.15386136225731242,0.11777630090228865
3874.0,0.1830967664718628,0.13786346816250597,0.15901231847849814,0.116164181458424
3876.0,0.18133141100406647,0.14588881571107695,0.16891827236871038,0.12756393478040182
3878.0,0.1637498140335083,0.14682855327088015,0.16481952381973294,0.12822046115196423
3880.0,0.10608908534049988,0.13924907093764086,0.15887538253522127,0.12090800943299053
3882.0,0.11960972100496292,0.13420669376906888,0.1634900375484479,0.12216379685409083
3884.0,0.1507406085729599,0.13345449950365562,0.15416568058131697,0.12015858567614655
3886.0,0.1470566689968109,0.13738626701907275,0.15745194974704385,0.12038344542716019
3888.0,0.14270898699760437,0.1450118298133921,0.16710627423085642,0.12330733527834586
3890.0,0.15121570229530334,0.14669150944956366,0.16355119234642299,0.12248545440865528
3892.0,0.14268137514591217,0.13843023395873624,0.1574285824306828,0.12246682145691735
3894.0,0.1647515594959259,0.13310764871929506,0.16087691438275958,0.11828907593746268
3896.0,0.1434602588415146,0.1321959447894541,0.15135515570166283,0.11271063896089392
3898.0,0.13616812229156494,0.13664865111937974,0.15567723220009774,0.10986909862472101
3900.0,0.1492861807346344,0.14383634799570866,0.16446610739969875,0.12257828980709333
3902.0,0.10088282823562622,0.14547796949546002,0.16212986982705752,0.1264538560154821
3904.0,0.07782150059938431,0.13733263177654095,0.1555686216169716,0.12078993004541282
3906.0,0.1008777990937233,0.13226906259166302,0.15969169196691754,0.1231550910390561
3908.0,0.16077743470668793,0.13214185325673125,0.1506286087257133,0.12082193299659987
3910.0,0.14945045113563538,0.13695501131400234,0.15554822131297194,0.12129225013767485
3912.0,0.15119197964668274,0.1437733901153679,0.1644612853371856,0.12374685644495553
3914.0,0.1323263794183731,0.14563708255600497,0.16379551735245299,0.12017138986264544
3916.0,0.16659018397331238,0.13729376674009536,0.15820615214107683,0.11950628043880895
3918.0,0.23172777891159058,0.1320074677918021,0.16149893299044848,0.11838771520849554
3920.0,0.25711554288864136,0.13094008604213855,0.15226726042699204,0.11712357076851854
3922.0,0.20904459059238434,0.13636179195546075,0.15682562835727828,0.11439926425854406
3924.0,0.17214469611644745,0.1438019359350945,0.16615856324198391,0.1256036705866119
3926.0,0.1857861876487732,0.14629809553070452,0.1658818740695767,0.13111846620800882
3928.0,0.16155631840229034,0.1376505916946593,0.15788351808621648,0.12328953862518946
3930.0,0.149272620677948,0.13287950533120987,0.16166834568823985,0.12433873526421489
3932.0,0.17209415137767792,0.13160075689056508,0.15275133431223678,0.12444442281387666
3934.0,0.1790577918291092,0.13729957303733945,0.15720531975843108,0.12508460707629013
3904.0,0.17239205539226532,0.14472155191414673,0.16801087976214976,0.12832789733646283
3906.0,0.15857045352458954,0.14823913604051045,0.166645387632028,0.12861202830721338
3908.0,0.15154477953910828,0.13879358211807313,0.15929449068541393,0.12493457460538497
3910.0,0.1683380901813507,0.13278230581442682,0.16178563980366661,0.11981781361452061
3912.0,0.12471310794353485,0.1323267248452824,0.15251823556375907,0.112582983030963
3914.0,0.1089138314127922,0.1382219465704731,0.15853876511028628,0.10875738387954331
3916.0,0.08844003081321716,0.1457639009660296,0.16850242777063032,0.12352907249020455
3918.0,0.0897660180926323,0.14781615322662559,0.1659499901166024,0.13196395139226322
3920.0,0.07863880693912506,0.13927809539603533,0.1597772611083358,0.1234203887815267
3922.0,0.1113564744591713,0.13335346590749927,0.16214527755648914,0.12411828884615578
3924.0,0.17881731688976288,0.13236463540211305,0.15227033502412454,0.12270934954458802
3926.0,0.16287335753440857,0.13868001744077815,0.15780751525767875,0.12317885624895411
3928.0,0.15088440477848053,0.146487182918267,0.16865286532711013,0.12608407886663295
3930.0,0.1448555290699005,0.14817638186673143,0.16752580147249976,0.12386403431355365
3932.0,0.16494901478290558,0.1397936441030761,0.16161165101805738,0.12218893399265683
3934.0,0.21258912980556488,0.13291050674685387,0.16374451543803206,0.11948358377220797
3936.0,0.22128482162952423,0.13266245363225856,0.15453548452138477,0.11829484188080187
3938.0,0.16348811984062195,0.13868474601622174,0.15936234263473492,0.11443918834661543
3940.0,0.14337460696697235,0.14633827283917766,0.16954814327761028,0.12882240244547208
3942.0,0.14799953997135162,0.14788894070874745,0.16781886468019114,0.1334398644014959
3944.0,0.13826359808444977,0.14028869316527504,0.16058514355732037,0.12383038049586109
3946.0,0.12244872003793716,0.13338639627718737,0.16345234872484318,0.12398806957036092
3948.0,0.1539047658443451,0.1316930763969772,0.15347626483688462,0.1228789517119094
3950.0,0.15395782887935638,0.13843342611369314,0.15775851200791635,0.1224975359600642
3952.0,0.13264200091362,0.14443458530248376,0.16808663753472644,0.12481825677443634
3954.0,0.12874601781368256,0.1473945732952976,0.16703990780664732,0.12767381003897776
3956.0,0.12810447812080383,0.13820728308823627,0.1601843645858664,0.12652591901926302
3958.0,0.13899637758731842,0.13176731865889652,0.16171382027812298,0.12002419723485738
3960.0,0.12693153321743011,0.12977533045645773,0.15183252130594282,0.1142405889941601
3962.0,0.104792520403862,0.13637072196639455,0.1567242108154208,0.11060069098247126
3964.0,0.09862391650676727,0.1440895336049173,0.16671415460364183,0.1255518463109241
3966.0,0.0961417481303215,0.1452296318556197,0.1643739274997173,0.13365587297111797
3936.0,0.08946225047111511,0.13608097657659615,0.15781470793755037,0.1247711326057608
3938.0,0.11141590774059296,0.1309643412134789,0.1615704182353812,0.12412393505044682
3940.0,0.16248157620429993,0.12829798952101537,0.15118447853820208,0.12158045003375527
3942.0,0.17070232331752777,0.13545668855590748,0.15619130645894774,0.12270371318194807
3944.0,0.1435171663761139,0.14416514313456458,0.1664001750206553,0.12430057202724894
3946.0,0.1303991675376892,0.1459382283405789,0.1652456022207434,0.12159247241551281
3948.0,0.16791357100009918,0.13744883117555873,0.15889935988902362,0.11996555085379636
3950.0,0.19062551856040955,0.13222602532276084,0.16202687699944773,0.11744071123546398
3952.0,0.15559183061122894,0.13005543013416038,0.15312774219157488,0.11693404782028462
3954.0,0.11366483569145203,0.13636396468813505,0.15727827781582834,0.1154992090279817
3956.0,0.1062350943684578,0.1437925042850285,0.16698727033738203,0.1262939292521815
3958.0,0.0990474671125412,0.14567033634965065,0.16483982343549475,0.1303369821359319
3960.0,0.0886872187256813,0.13758126815113544,0.1574716987846104,0.12244371289923821
3962.0,0.08213814347982407,0.13379398801230105,0.16100727031863812,0.12333279121110129
3964.0,0.11361882090568542,0.1293097581494263,0.1505924655924516,0.1208176633202795
3966.0,0.1388648897409439,0.1384930248281462,0.15736099616812707,0.12387047431870744
3968.0,0.1727488934993744,0.14458944515980846,0.16710727639997855,0.1263755187507164
3970.0,0.1770690530538559,0.14560363058698736,0.1645298352094672,0.12531200439254916
3972.0,0.16736063361167908,0.13607254258718068,0.15768165918907237,0.12048282274464706
3974.0,0.1592857986688614,0.13223997976738786,0.161460375627604,0.11836965668858211
3976.0,0.10674156993627548,0.12928505025203596,0.1510042305359622,0.1092149910838414
3978.0,0.07418312877416611,0.13800906680032288,0.15658189981617296,0.10853028267861496
3980.0,0.08945943415164948,0.14463962208378114,0.16482646000996704,0.12258142586331079
3982.0,0.09861692041158676,0.1455845693083038,0.16384736461295163,0.1295627717015478
3984.0,0.09710398316383362,0.13667058312035857,0.1568726958140099,0.12226016881997959
3986.0,0.10741949081420898,0.13191531111448526,0.160850673241534,0.12476039118316952
3988.0,0.13767291605472565,0.12870728860850755,0.15050870976110733,0.12009867380726372
3990.0,0.14805267751216888,0.1371683681504219,0.15500896670882994,0.12176500260310266
3992.0,0.15524546802043915,0.14377608345750723,0.1647751081255196,0.12442598179809963
3994.0,0.1681930273771286,0.14379931597687845,0.16346624095868278,0.12402091767380999
3996.0,0.18821021914482117,0.1363372741739412,0.15902309442874604,0.12167874705879851
3998.0,0.23238906264305115,0.13314133554499508,0.1644999799942839,0.120659927919427
3968.0,0.20401442050933838,0.1306715072873655,0.1553866253966353,0.11585595147346485
3970.0,0.12862248718738556,0.1377541367865089,0.1591670545579384,0.11358790044182226
3972.0,0.10284122079610825,0.14488756734932748,0.16675503447901469,0.12521829174118085
3974.0,0.09605464339256287,0.14532955466099254,0.16589139059370142,0.13020136036332952
3976.0,0.0824904590845108,0.13645904986303845,0.15822984078916155,0.1216853320136301
3978.0,0.09759628027677536,0.13211855941306228,0.1614705149793032,0.1243643332799696
3980.0,0.14964067935943604,0.13032207378569038,0.15378186493043286,0.12184495803744158
3982.0,0.21105751395225525,0.13872225334340482,0.15905422032827288,0.12329344526138776
3984.0,0.19324488937854767,0.14481254626232332,0.16588041051126307,0.12646203546155207
3986.0,0.1919049769639969,0.145788118150767,0.16511880827409478,0.12796820837951087
3988.0,0.18775972723960876,0.13736315355403395,0.1603782688004942,0.12568468664859997
3990.0,0.19002880156040192,0.13195154971968182,0.1624575226471804,0.1203077986684709
3992.0,0.1570812463760376,0.12967430005643862,0.15345745014757323,0.110431005289656
3994.0,0.10845424979925156,0.13830931265199975,0.1577186593203151,0.11076987594828172
3996.0,0.09052879363298416,0.144063606016989,0.1637581668630219,0.12310970069220938
3998.0,0.11807088553905487,0.1447464360973001,0.16256594717945913,0.12856005963094524
4000.0,0.12408697605133057,0.13671541687554578,0.15766199564262115,0.12172709117109641
4002.0,0.1397128850221634,0.13103567356853468,0.1613427847270323,0.12642231260425768
4004.0,0.16674403846263885,0.12966191648812775,0.15199768348630452,0.12295075160497056
4006.0,0.1888432502746582,0.13753878725741708,0.15805236482838103,0.12399867279479108
4008.0,0.18077553808689117,0.1445953277156831,0.16504118203290083,0.12594219860238515
4010.0,0.18880777060985565,0.14555552393491783,0.1640254476629227,0.12493575112604495
4012.0,0.20513242483139038,0.1365735351589355,0.1588541390018667,0.12278177990896565
4014.0,0.2785382568836212,0.13060285314469242,0.16139985495607406,0.12055985584474094
4016.0,0.26136207580566406,0.12974251494439815,0.15260775768927345,0.11788623039417269
4018.0,0.17725268006324768,0.1367965190625435,0.15838048309939431,0.11557774992950685
4020.0,0.16168390214443207,0.14459596312076306,0.1654898416720802,0.12780585161359284
4022.0,0.16832107305526733,0.14615373795775832,0.16389988801251265,0.13044117107738956
4024.0,0.14226064085960388,0.13714220417079703,0.1572996628025145,0.12197570929804179
4026.0,0.1268317848443985,0.13150258912499802,0.162002494708619,0.12494213974624063
4028.0,0.15023139119148254,0.1311411887830508,0.1534074961434478,0.12422148119987057
4030.0,0.1690957248210907,0.1391634260255912,0.15864640141047623,0.12539119434571813
4000.0,0.18322359025478363,0.1456583093057331,0.1655547714475411,0.126271057869524
4002.0,0.2079489380121231,0.14703411861650606,0.16335479880410697,0.1261952807522916
4004.0,0.19602860510349274,0.13798219465385367,0.15836995845498622,0.12180184008004559
4006.0,0.21603363752365112,0.1323195636356559,0.16134167713384093,0.11828466852337521
4008.0,0.16503384709358215,0.13233873019500564,0.15353045831299153,0.11092528072810987
4010.0,0.14303936064243317,0.1395331203906948,0.15812062112894879,0.11531367656423716
4012.0,0.17131225764751434,0.14616144680827403,0.16320383472714903,0.1304254002561192
4014.0,0.17420753836631775,0.14707150259140286,0.16247384681309318,0.13391152762615768
4016.0,0.12387316673994064,0.13777283340672486,0.15715313951953208,0.12716467099386197
4018.0,0.14718882739543915,0.13256917561484646,0.1616097817517404,0.1312507517378754
4020.0,0.23430325090885162,0.13092257909220215,0.15164866422670042,0.12968838895250448
4022.0,0.23387214541435242,0.13869950979834542,0.15773960027367967,0.12730227571013145
4024.0,0.21953988075256348,0.14629778903201973,0.1643724348332826,0.1292670536186187
4026.0,0.22267168760299683,0.14761692131128265,0.1636295877589424,0.12813661131318269
4028.0,0.24033769965171814,0.13854944206475134,0.15871475569705196,0.123741305428614
4030.0,0.27650654315948486,0.13244221655870247,0.16340928491948478,0.12172150849839737
4032.0,0.269905149936676,0.1307399621008748,0.15293560204973344,0.11908315017373977
4034.0,0.17411237955093384,0.13903289201839295,0.15901620594476326,0.11766653865650632
4036.0,0.14024212956428528,0.1454504818495097,0.16396821328750563,0.12702935163658433
4038.0,0.13466590642929077,0.14729022045604614,0.1629153809915982,0.13051201832487677
4040.0,0.12745490670204163,0.1380527678970097,0.15711864569890474,0.1242774405362823
4042.0,0.15077334642410278,0.1320564583586082,0.16268003661745786,0.12805556120130554
4044.0,0.16988344490528107,0.13026098984074078,0.1532187205774562,0.1276104792628074
4046.0,0.17273935675621033,0.13955600973148796,0.15934206041932342,0.12888124085338223
4048.0,0.2030041366815567,0.1477955192405423,0.1661557535920915,0.12933540813400599
4050.0,0.21402522921562195,0.14807692316731097,0.16329990311626513,0.12610850185921232
4052.0,0.23954759538173676,0.14081372248198923,0.15689927223802141,0.12270821992772839
4054.0,0.2506062686443329,0.13374580345884832,0.1613517166584917,0.12303725086538281
4056.0,0.2062826007604599,0.13361285585974134,0.1515143040397317,0.11487937078964848
4058.0,0.13605590164661407,0.14151486252532977,0.15844533130095126,0.11594555494490773
4060.0,0.16634497046470642,0.14883010782723158,0.16361523403063447,0.13027866024749143
4062.0,0.13468335568904877,0.1505355896329231,0.16255413473680125,0.13562305778000344
4032.0,0.10157467424869537,0.1433224862985553,0.15682969589921214,0.12776371386517094
4034.0,0.12205128371715546,0.13534757137573183,0.16080300687287388,0.13098445986302742
4036.0,0.1746249794960022,0.13360488650692456,0.15189774943461637,0.12993539415553435
4038.0,0.18463706970214844,0.14229443521500168,0.15872697696666335,0.12873116747477334
4040.0,0.19609203934669495,0.14964767382450492,0.16513416722817587,0.1308046761522292
4042.0,0.21302902698516846,0.15123876895383648,0.16506810835564162,0.12805347711849396
4044.0,0.2690282464027405,0.1431884985937544,0.15907217363497111,0.12361972336025548
4046.0,0.3841152787208557,0.13488843065508638,0.16346281301172444,0.12398345776179608
4048.0,0.3625892400741577,0.13266276995274676,0.15328651228425455,0.12093048421204076
4050.0,0.24247011542320251,0.14145269376041655,0.1581484730769314,0.11950354917483703
4052.0,0.17682628333568573,0.14813879148710554,0.16491544103576333,0.12967313316032508
4054.0,0.18290282785892487,0.1506286001148237,0.16564089903277776,0.13343554968131605
4056.0,0.1445101946592331,0.14292347464837213,0.1602553411378592,0.12828260066154054
4058.0,0.1574157178401947,0.13632406287309973,0.16389124966279847,0.1292846889141285
4060.0,0.20649264752864838,0.13500492636149355,0.1549712515486215,0.12981897631064554
4062.0,0.22006212174892426,0.14508243937736082,0.16185037369303482,0.1325544831930867
4064.0,0.25500285625457764,0.15646509195389569,0.17095111439462052,0.13289845724332122
4066.0,0.2677261233329773,0.15782728058716675,0.17063417560370386,0.13115459912477057
4068.0,0.27349889278411865,0.14947372748444385,0.1650642519066496,0.12805556353889347
4070.0,0.30506226420402527,0.1407651618703185,0.1659402004536844,0.1278433714218098
4072.0,0.22874857485294342,0.14029497540930527,0.15533924478171862,0.1191320131525572
4074.0,0.1821868121623993,0.1464787639954176,0.16079912310761568,0.11882533823332896
4076.0,0.19356916844844818,0.15579375536073006,0.16760959593875246,0.13191147037816028
4078.0,0.15666455030441284,0.1586124158071305,0.16719478104920651,0.138103945177572
4080.0,0.1317366510629654,0.14772360031034173,0.1641591313199984,0.13055704567409943
4082.0,0.1642419695854187,0.14022087566477467,0.1645498537908267,0.13136166123482268
4084.0,0.24467289447784424,0.1360793442613472,0.15577861211603566,0.1317053305139656
4086.0,0.2574116289615631,0.1444248958342974,0.15984604317608755,0.1317338365846306
4088.0,0.23409414291381836,0.15339450642294605,0.16798106708752394,0.13207595262934133
4090.0,0.24990327656269073,0.1552897173906841,0.16754211359131996,0.13154312478943778
4092.0,0.31909751892089844,0.145405613972999,0.16346110059722446,0.12670656925964144
4094.0,0.4401315152645111,0.1382681340686278,0.16455420298686033,0.12463101525849601
4064.0,0.4233516454696655,0.1349105245889695,0.15427947094091457,0.12036632284965064
4066.0,0.27787598967552185,0.1432978835234132,0.15975318613533707,0.11771960936966895
4068.0,0.22076071798801422,0.154225646438545,0.16810239454328127,0.13042351382799533
4070.0,0.2087358832359314,0.1554097016922898,0.16867374116912026,0.1347608549005629
4072.0,0.15282104909420013,0.1459357578207367,0.16401019381845303,0.12847660825743093
4074.0,0.1660679578781128,0.13806638679058605,0.164751589823694,0.12941974375941057
4076.0,0.2496485561132431,0.13467600519607623,0.15461894022310876,0.12905105363674763
4078.0,0.25571709871292114,0.14319758003157196,0.16078536656137507,0.13239728783616014
4080.0,0.178879514336586,0.1542471576521943,0.16909498636580664,0.13337144883812585
4082.0,0.2060205340385437,0.15712362820093248,0.16997276817735615,0.13486458215370992
4084.0,0.22493644058704376,0.14741497084133937,0.16416205823675423,0.13082094941926514
4086.0,0.2528628706932068,0.13887569349191822,0.16363428422325751,0.12780558372313794
4088.0,0.3155079782009125,0.13636529255935484,0.15384904783779044,0.11898020626868933
4090.0,0.182352215051651,0.14421632872248688,0.1602257012260018,0.11762451075199522
4092.0,0.20154188573360443,0.15389307273052386,0.16825929400929432,0.13262939994856401
4094.0,0.1233193576335907,0.1580078219529846,0.16980268155484302,0.1378475929285591
4096.0,0.11878945678472519,0.14794587965149858,0.16523998364784775,0.13018328291636563
4098.0,0.15181632339954376,0.13784401955729744,0.16415906318358792,0.13135498453019634
4100.0,0.2480516880750656,0.1368564190253087,0.15526922910089114,0.13075595496621067
4102.0,0.24763444066047668,0.14467316016319187,0.16120015445423938,0.13323479202405053
4104.0,0.2280878871679306,0.1540803478837459,0.16873332902087998,0.13432957092113942
4106.0,0.2682651877403259,0.15687011924626315,0.17080275230162495,0.13329744056820428
4108.0,0.3379039466381073,0.14757458771916945,0.16546492729272316,0.12850474442404664
4110.0,0.41867315769195557,0.13745696682758854,0.16459383236965508,0.1259359337031237
4112.0,0.37976470589637756,0.13611677052382085,0.15498731776734626,0.12142586994041006
4114.0,0.2523234188556671,0.14471838941197684,0.1618175401889199,0.12004827476824848
4116.0,0.21831917762756348,0.15356985002683005,0.16878986586326017,0.1320710328828729
4118.0,0.21423491835594177,0.15763361954779279,0.17074176609960048,0.1365140978348707
4120.0,0.1888585388660431,0.14848947840325108,0.16489813643018406,0.12890028322685065
4122.0,0.25742536783218384,0.13874643332709793,0.16657967421170555,0.13090684102477432
4124.0,0.3540188670158386,0.13668395927388152,0.1571093077675593,0.13128327073405877
4126.0,0.29722049832344055,0.14568896872852477,0.163470148705976,0.13262896662062676
4096.0,0.2077455371618271,0.1541573587313513,0.17120454883944392,0.13594889524002476
4098.0,0.21505106985569,0.15807468550228534,0.17304949763331484,0.13817156041902745
4100.0,0.25338003039360046,0.1484880167707704,0.16582473387438185,0.13403922984341235
4102.0,0.32602137327194214,0.13866764460361689,0.16621907680059225,0.13081238228974745
4104.0,0.29401764273643494,0.1367084865504902,0.15640136689016568,0.12134368446073579
4106.0,0.17204365134239197,0.14577627640643812,0.1641914225455872,0.1201685899879628
4108.0,0.10545594245195389,0.15516889954935786,0.1723324630095422,0.13432521703256955
4110.0,0.10114223510026932,0.15825707859024335,0.17501813912834574,0.14370149062740808
4112.0,0.12023255228996277,0.14898173563659725,0.1680405081203866,0.13379493671008405
4114.0,0.17804846167564392,0.13889390878825283,0.1673890677641966,0.13425152069877383
4116.0,0.2580043375492096,0.13691443079545634,0.1569786465199239,0.13288767475177743
4118.0,0.2717461884021759,0.14799947954177034,0.16529814482982966,0.13841066844971478
4120.0,0.195876345038414,0.15801547069594052,0.17399008864652002,0.13847460524406624
4122.0,0.2338980734348297,0.16072854084201113,0.17611174817760158,0.13809867278958068
4124.0,0.2819669544696808,0.15100229228338266,0.17019218172960626,0.13472134832566451
4126.0,0.4008251428604126,0.14073387652209582,0.16879644655137785,0.13167822250920072
4128.0,0.3691939115524292,0.13658163569310816,0.15804437282602324,0.1255794510423655
4130.0,0.28553301095962524,0.146916177740385,0.16614384105683175,0.12352466113954103
4132.0,0.17700456082820892,0.15551786418331168,0.17231465903414184,0.13552585394807723
4134.0,0.21853633224964142,0.15996775695194224,0.17450272187042182,0.14149856103829672
4136.0,0.19143909215927124,0.15083605242337186,0.16741774485445268,0.1324535858528476
4138.0,0.2613735496997833,0.14021091828059068,0.16785197862813492,0.13298969311046757
4140.0,0.37510427832603455,0.13581311413525013,0.1585165110712766,0.13284216625323314
4142.0,0.2725491225719452,0.14614543070196173,0.16575194336053753,0.134316371152142
4144.0,0.17815035581588745,0.15257006526304184,0.1723058949373262,0.13615941457173877
4146.0,0.15187643468379974,0.15677920885161642,0.17232544160057933,0.13877911851796768
4148.0,0.1861189752817154,0.14838051966084248,0.1649862137026502,0.13537630410462576
4150.0,0.239061176776886,0.13820153699492224,0.16594127982968482,0.1326442476585329
4152.0,0.23725305497646332,0.13458318863510071,0.1563629471860063,0.12245172130864496
4154.0,0.19557522237300873,0.14558618755195843,0.16443171878224816,0.12049686880809697
4156.0,0.16694706678390503,0.15288063435398963,0.17226179905463093,0.13338139350518574
4158.0,0.1262158751487732,0.1573840762160209,0.17297903433649806,0.14180278890889816
4128.0,0.11395323276519775,0.14919777497029096,0.16651975023330168,0.13283439244434428
4130.0,0.1543986201286316,0.1393072259966817,0.16789692199720288,0.13533487227362967
4132.0,0.24997863173484802,0.13575864602891377,0.15821069554211958,0.1333000994192578
4134.0,0.22978322207927704,0.1465055739000034,0.16612093985757895,0.13552635332034116
4136.0,0.17440903186798096,0.1533012299413169,0.17252974326122203,0.13664002949045082
4138.0,0.17030011117458344,0.15888764492848484,0.17456180864758747,0.1362226316629127
4140.0,0.2125822752714157,0.14845998483459147,0.16723846896547706,0.13469924955611107
4142.0,0.29948416352272034,0.13925445029168027,0.1685741588356798,0.1321292483834502
4144.0,0.32587307691574097,0.1361642566259138,0.15804811055231544,0.12598979020776813
4146.0,0.22445257008075714,0.1452396665435529,0.16560171985372382,0.12394075143567847
4148.0,0.14596103131771088,0.15024229980380432,0.16906541160350388,0.13366380950198592
4150.0,0.14947298169136047,0.15745292307665465,0.17232831126356604,0.1404316883716314
4152.0,0.1822304129600525,0.14768737887501723,0.16511358578030058,0.13062731058368796
4154.0,0.24234454333782196,0.13848314421595945,0.1670356516270064,0.1333133823683936
4156.0,0.3352176547050476,0.13445821717131026,0.15688938312183864,0.13216144199063617
4158.0,0.27166029810905457,0.1437270214243228,0.16349283490471522,0.1344069981362147
4160.0,0.18664029240608215,0.14736404158288796,0.16822601009443697,0.13486719966600327
4162.0,0.11342273652553558,0.15425807226555488,0.1702698347572379,0.13852853263130027
4164.0,0.14435270428657532,0.14418359026641758,0.16345498227739397,0.13668922359960559
4166.0,0.17508411407470703,0.13597102931510224,0.16482068219908835,0.13244981551985352
4168.0,0.2012585699558258,0.13387684288907628,0.1559970644897451,0.12205003223982526
4170.0,0.20415912568569183,0.14262946865685763,0.16378615862668333,0.12071488434106593
4172.0,0.10145818442106247,0.14710781819643168,0.1680083805889443,0.13036474968479192
4174.0,0.09215349704027176,0.15376482348446777,0.17155316917483698,0.14188151772950205
4176.0,0.08615326881408691,0.14409704931678471,0.16522980654847028,0.13226174600482105
4178.0,0.11776836961507797,0.13539847126313706,0.16603784021404364,0.13451253970892585
4180.0,0.23197056353092194,0.13394763516542219,0.1564166567791017,0.13118331257547755
4182.0,0.2423599362373352,0.1428231530768561,0.1648705474915568,0.13434813416929872
4184.0,0.18445339798927307,0.14696574796969533,0.17021514546542826,0.13461993925987595
4186.0,0.15487927198410034,0.15291172317231141,0.1727758248993575,0.135843343680677
4188.0,0.16326618194580078,0.14337447029869896,0.1660144362316828,0.13267308395849942
4190.0,0.26639634370803833,0.13516346198893084,0.16749637635476777,0.13112139982308177
4160.0,0.27712228894233704,0.13365624509944649,0.15665409164370414,0.1232598808291124
4162.0,0.18970319628715515,0.14171459706621528,0.16388831224343206,0.12201902903524947
4164.0,0.15956276655197144,0.1467788563823746,0.1690069769730864,0.13249503961394196
4166.0,0.11802873015403748,0.15253465061166963,0.1729467328298457,0.1387417334426303
4168.0,0.10398619621992111,0.14394988944304277,0.1637295318898966,0.13013117940141003
4170.0,0.13290522992610931,0.13494134877775285,0.16596655104978175,0.1323266707626448
4172.0,0.22823452949523926,0.13315028335859974,0.15600090751878112,0.12984879607694125
4174.0,0.2631148397922516,0.14198363492703384,0.16331937509049174,0.13205724942225808
4176.0,0.23135271668434143,0.1471508845570562,0.16856125034964461,0.1339164459701433
4178.0,0.1855737715959549,0.15218171498263047,0.17219489937302512,0.13748464149218786
4180.0,0.16815423965454102,0.14475115092274055,0.163212977147811,0.13478166632506594
4182.0,0.1699274182319641,0.136648270523472,0.16544350494928553,0.13155992173854658
4184.0,0.19056804478168488,0.13378069189148736,0.15518147139550234,0.12005032806076948
4186.0,0.15347832441329956,0.14281533667353727,0.1637274794157155,0.11823186729451293
4188.0,0.16143502295017242,0.14810446022822366,0.1687074722862295,0.13237778740614092
4190.0,0.10213248431682587,0.15289914682086286,0.1719902616608264,0.14265520774826979
4192.0,0.09281732887029648,0.1460474131025594,0.16446494756208763,0.13350076862550075
4194.0,0.12325684726238251,0.1369562581449633,0.16573514424637348,0.13699029484297223
4196.0,0.23055920004844666,0.13532573830213934,0.1567177636138483,0.1332250677927305
4198.0,0.24748237431049347,0.14345014958125293,0.16392240381583945,0.13585337685727594
4200.0,0.19508370757102966,0.14789592658268724,0.16960019339795657,0.13625308893945373
4202.0,0.16062848269939423,0.1534881137550347,0.17384106221117276,0.13554127176817066
4204.0,0.1733005791902542,0.14567962946199642,0.16564222902155154,0.13254001709819965
4206.0,0.28080400824546814,0.1358409797919067,0.16607001844153277,0.1329056401722436
4208.0,0.32231685519218445,0.1335717269626475,0.15737286014369148,0.12757799177813142
4210.0,0.26519161462783813,0.1418338387081789,0.16327415877237308,0.12528797785954235
4212.0,0.22143463790416718,0.14631967299002746,0.16808784416315212,0.1333766574668844
4214.0,0.20328812301158905,0.15324859815083408,0.17254163226600505,0.14007549743414957
4216.0,0.12899936735630035,0.14478633429774182,0.16324664475693187,0.130780923969091
4218.0,0.17807304859161377,0.13473350371943715,0.1643340370245878,0.13207425399557177
4220.0,0.31509122252464294,0.13239695963105233,0.15540866118076396,0.13161545847807235
4222.0,0.2833324074745178,0.13931362047916548,0.16130731355585484,0.13177473628827932
4192.0,0.22432412207126617,0.14459159695850832,0.16821988346253727,0.13300963665792895
4194.0,0.17857730388641357,0.15103193621529407,0.17244020256794143,0.13564771968772715
4196.0,0.1552889496088028,0.1438520899508728,0.16277348468371258,0.13147348157102623
4198.0,0.17853228747844696,0.1353172256943342,0.1652214922169434,0.13020445560365512
4200.0,0.21317510306835175,0.13360558699475078,0.1568346554915405,0.12253173053949805
4202.0,0.21571888029575348,0.1405766524556561,0.16251550289391933,0.11969797488492194
4204.0,0.20986534655094147,0.14539143321710163,0.16855630860987597,0.13235520346211302
4206.0,0.11895175278186798,0.1515793874817277,0.17214423025132516,0.14324375361110311
4208.0,0.09092740714550018,0.14471169739542275,0.1641445519940001,0.13315499212645657
4210.0,0.10944296419620514,0.13642356410582118,0.1651473509295215,0.13616773033511845
4212.0,0.25995954871177673,0.13442839837069323,0.15793917962963558,0.13255296929143656
4214.0,0.2710915207862854,0.14028912429369542,0.16226909974329892,0.13177501773453537
4216.0,0.23199063539505005,0.144042935830622,0.16723804242900958,0.13423418659527273
4218.0,0.17864082753658295,0.15203861455524714,0.17281800569275244,0.13476363649184536
4220.0,0.19106854498386383,0.14465624912913358,0.16357526089952878,0.13076562868576502
4222.0,0.270143985748291,0.13568798622252237,0.16392016730168749,0.13039778158127577
4224.0,0.31550413370132446,0.13186312129609157,0.15679996127015491,0.12494891521624413
4226.0,0.2373717725276947,0.13892217147910796,0.16128299282540126,0.12298866960092267
4228.0,0.2034938782453537,0.14299593727762058,0.16609977248075783,0.13153974193911774
4230.0,0.14792770147323608,0.1511128598166327,0.17117893323036681,0.1390009331252404
4232.0,0.10380157828330994,0.1442946922147726,0.16251596834849874,0.1289388702439317
4234.0,0.13104569911956787,0.13583012123417404,0.16438433776280623,0.1324872688417443
4236.0,0.21330294013023376,0.1324887235007811,0.1572751124775193,0.13053989072257358
4238.0,0.22714969515800476,0.13861443324106656,0.16080418386588702,0.13041820164768417
4240.0,0.2019987553358078,0.14340492702109509,0.16703777275985054,0.13111906692655317
4242.0,0.18717847764492035,0.15178471919653552,0.17143684910150786,0.13480783194212798
4244.0,0.1733962446451187,0.1445762229372414,0.16309293711368797,0.13165687906789747
4246.0,0.19050298631191254,0.13606210757560455,0.1638813850743728,0.12868919403159743
4248.0,0.20409609377384186,0.13375874405114735,0.15636846236303398,0.121862693634312
4250.0,0.21003656089305878,0.14017096183572478,0.16288619557123665,0.1193498277782313
4252.0,0.2295435518026352,0.1443970528956726,0.16634189156642396,0.1325013813182023
4254.0,0.14650118350982666,0.1527167012924162,0.17110358204574574,0.1425550121702016
4224.0,0.10716652870178223,0.14455867570489075,0.16462170249442085,0.13390677157932498
4226.0,0.11716456711292267,0.13660093711919374,0.16457368187640517,0.1378271045275374
4228.0,0.22369007766246796,0.1344889993693445,0.1566709263148442,0.13370588747560486
4230.0,0.24581214785575867,0.13987520988943225,0.16282450142892302,0.13435795594045122
4232.0,0.21384534239768982,0.1440974215041433,0.1664202762552321,0.1341889275159494
4234.0,0.19126653671264648,0.15255510294886554,0.17149495491992484,0.1341686503625366
4236.0,0.21630355715751648,0.1446852925903233,0.16346102141779797,0.13061631768992665
4238.0,0.2879931330680847,0.1360022889552891,0.16396419177665353,0.12945812151743555
4240.0,0.28680339455604553,0.1329869327546473,0.1568690452111279,0.1248858817216635
4242.0,0.198282852768898,0.13948478787059282,0.16224604493126976,0.1211349946522379
4244.0,0.18972378969192505,0.1437277436321962,0.16552359835559705,0.1333850953026137
4246.0,0.1619197130203247,0.15243963375548908,0.17143623107227654,0.14145371301317403
4248.0,0.10843958705663681,0.14468832793879557,0.16342784428950818,0.13046614607681314
4250.0,0.10608286410570145,0.1361983499248982,0.16563903995948207,0.13443075322915884
4252.0,0.17282210290431976,0.13412542661983395,0.15976487763619932,0.13264696822759722
4254.0,0.1877974569797516,0.14053915862361893,0.16449100860847155,0.1326754982542633
4256.0,0.19499406218528748,0.14495021937634583,0.1681212689609525,0.13408742066801208
4258.0,0.20479409396648407,0.15426126393979855,0.17367598815868743,0.13701563392965196
4260.0,0.22258099913597107,0.14595082467817752,0.16517254356885094,0.13394160474430078
4262.0,0.23630619049072266,0.13724761994709336,0.16581141488687967,0.13118688721427904
4264.0,0.21525460481643677,0.1374103725550215,0.1602269927852624,0.12333699280713123
4266.0,0.20983284711837769,0.1432597844398094,0.16739163004621727,0.12053646514698592
4268.0,0.21955713629722595,0.1475842764768807,0.16965705162459652,0.13356896052553577
4270.0,0.15288937091827393,0.15569045073055632,0.17404260655965495,0.14472132980289876
4272.0,0.12789438664913177,0.1479947472728461,0.1676867939727518,0.13496409009893698
4274.0,0.13255156576633453,0.1387076528384581,0.166408857204895,0.13924084105833467
4276.0,0.21107217669487,0.13894353885412175,0.1607708236103427,0.13424120279127744
4278.0,0.19663143157958984,0.14478700410479498,0.167263353925392,0.13444261526126705
4280.0,0.20781224966049194,0.1488957793830944,0.17003689185711188,0.1350021781002209
4282.0,0.21027147769927979,0.15657142438111252,0.1746126304055333,0.1352257268337359
4284.0,0.25133806467056274,0.14850682779085045,0.16794049690560844,0.13175829355711735
4286.0,0.3177628815174103,0.13846377827797787,0.1650724387831848,0.1307028028535414
4256.0,0.30947718024253845,0.13810367500548937,0.16066388828563713,0.12718067050921375
4258.0,0.2086891531944275,0.14287057729686026,0.16642043239717783,0.12488849618095264
4260.0,0.19843097031116486,0.14674400206190605,0.16864537542510347,0.1345182167195675
4262.0,0.19179747998714447,0.15549845697336181,0.17453902850022623,0.14228533649279795
4264.0,0.14527276158332825,0.1467669116503875,0.16730417040742582,0.1328434412935486
4266.0,0.13681253790855408,0.1376373596053365,0.16519182801236915,0.13406341616642156
4268.0,0.17119400203227997,0.13837157598061053,0.16107709774536547,0.13309697544548327
4270.0,0.1522408276796341,0.1423802955659594,0.16675964696603154,0.13282200550125275
4272.0,0.1774037778377533,0.14730029092735286,0.16910984137137836,0.13271637550459417
4274.0,0.21774941682815552,0.15423194048421385,0.17315802423073945,0.13547343564846476
4276.0,0.23023423552513123,0.14549534517615584,0.16592159706572743,0.13089132971603426
4278.0,0.26693296432495117,0.13762287043430038,0.16350007932324534,0.12838390884246076
4280.0,0.2539282739162445,0.13822351687658668,0.15709347646260519,0.12060082313496089
4282.0,0.18471474945545197,0.14245266659567682,0.16544903576551456,0.1201011526698493
4284.0,0.12092535942792892,0.14775934985472955,0.16941494849945718,0.13420185989588795
4286.0,0.12077510356903076,0.15491701575342484,0.1728654955487863,0.14493948376171553
4288.0,0.1188461035490036,0.14632248747190932,0.16697189192540643,0.13478534639366244
4290.0,0.1332748979330063,0.13735127819002255,0.16285793249296984,0.1383920192443702
4292.0,0.2190142124891281,0.13786905146205858,0.15655047659423654,0.13464566698907657
4294.0,0.187510147690773,0.1415972311423574,0.16399330940179124,0.13252935885632902
4296.0,0.20012550055980682,0.14538773919006143,0.16711666197131528,0.1340623990985104
4298.0,0.20584769546985626,0.15306465217553333,0.17187064101611024,0.1353314291291812
4300.0,0.26728618144989014,0.14404826955006939,0.1659755710000433,0.13125904899794083
4302.0,0.34446313977241516,0.13535879485638105,0.16302970127675798,0.13179491185062525
4304.0,0.30435293912887573,0.13688814760814158,0.157262863822804,0.12826702748826663
4306.0,0.22464556992053986,0.13978086017588645,0.16435530014087596,0.12697136343775609
4308.0,0.19083532691001892,0.1448147342630808,0.16736833893874345,0.13668291005714703
4310.0,0.1768292784690857,0.15294910199739628,0.17295765603067076,0.14135570044202647
4312.0,0.16235345602035522,0.1439789646086932,0.16560505768415668,0.13245000333155815
4314.0,0.19147996604442596,0.1355004561361359,0.16348926534424868,0.13466782588550993
4316.0,0.23983129858970642,0.1371392568155289,0.15728157326028822,0.13330182556512662
4318.0,0.20207737386226654,0.14002902315441385,0.1638493956119862,0.13330000998723898
4288.0,0.219550222158432,0.14632037825671282,0.16829850245246816,0.1335683055938859
4290.0,0.21894210577011108,0.15424450624728786,0.17156442573648759,0.13557363272274195
4292.0,0.1862470805644989,0.1439455375839309,0.16460518119861114,0.13149682157813336
4294.0,0.22427695989608765,0.13592081964675368,0.16129361695385314,0.12704487942344247
4296.0,0.16729140281677246,0.13823196948206404,0.15602508462627687,0.11825955057558075
4298.0,0.1676080822944641,0.141745391098337,0.1657864418425431,0.11974473861216714
4300.0,0.15044763684272766,0.14780698670834377,0.16958852835444838,0.13483680148527155
4302.0,0.13296522200107574,0.15514028977927555,0.17352693235445624,0.14468041185635133
4304.0,0.11577807366847992,0.14422005052066497,0.1663458534805671,0.13371467089890474
4306.0,0.13530926406383514,0.13583270569456135,0.1617104841992406,0.13802783573093616
4308.0,0.22250589728355408,0.1383091329573677,0.15574526302432753,0.13326732679537132
4310.0,0.21816958487033844,0.14088470160882718,0.16421844974282546,0.12964435412941278
4312.0,0.19778241217136383,0.147140860698011,0.16804119352200042,0.13128145037562794
4314.0,0.20796021819114685,0.15415074975324794,0.17297692973758164,0.13444569283047691
4316.0,0.2654629349708557,0.143553524895572,0.16616498138632377,0.12945283100150556
4318.0,0.37304219603538513,0.13551779811174036,0.16216654204801145,0.13069108516275996
4320.0,0.34222882986068726,0.1373637589847005,0.1565129768888777,0.12902302933905846
4322.0,0.2702387869358063,0.14050819592437203,0.1652717583735588,0.12700932377916677
4324.0,0.20860522985458374,0.14651333469990693,0.16804278453564306,0.13670864888069775
4326.0,0.20215320587158203,0.1540729714226048,0.17251129466749082,0.143048677539277
4328.0,0.18304067850112915,0.14403430303072362,0.1655252908221141,0.13398235069165046
4330.0,0.19573663175106049,0.13737563768950267,0.1632333676892075,0.13580239678830008
4332.0,0.31067442893981934,0.13919738903006765,0.1586021594502573,0.13389367872751468
4334.0,0.25149229168891907,0.14261090744760493,0.16692463712051137,0.1358582805492408
4336.0,0.2804851233959198,0.14995905487629024,0.17237364108649478,0.13626494257654445
4338.0,0.32376107573509216,0.1581387204368344,0.17547477622294352,0.14043457724438446
4340.0,0.3963772654533386,0.14827893356024946,0.17070487902094247,0.13697267747292316
4342.0,0.3823055624961853,0.1391399658179193,0.16703663177710504,0.1382125771426743
4344.0,0.3121887445449829,0.14034364052234305,0.1610465155311354,0.13356092237364622
4346.0,0.23539285361766815,0.14298481479209224,0.16833576569865782,0.1297408165005047
4348.0,0.18338461220264435,0.14770175055356846,0.17211450324554214,0.13658874725653924
4350.0,0.1526733934879303,0.15226568966410253,0.16937920311702384,0.13862626024261773
4320.0,0.14412441849708557,0.14438610191066634,0.16518212892935483,0.1294994954417893
4322.0,0.1817033737897873,0.13375845275312004,0.1605038258076719,0.13098485126499967
4324.0,0.2873350977897644,0.13590870422512227,0.15577442724264165,0.12732764205916458
4326.0,0.2519403100013733,0.1359079590454192,0.1614913860045006,0.12543682900949404
4328.0,0.23664170503616333,0.14429282145324376,0.16602694926632727,0.12698872200651007
4330.0,0.2201053500175476,0.14781896782995307,0.16555912630431377,0.13024867030954027
4332.0,0.265775591135025,0.13876307994117887,0.16225574211152285,0.12556211926050606
4334.0,0.3088025748729706,0.12885346750865587,0.15642831339863147,0.1273713815191936
4336.0,0.3114441931247711,0.13130183624087166,0.15120983649934475,0.12262861043397141
4338.0,0.21131600439548492,0.1332832714008179,0.1584592091313463,0.11656962742532265
4340.0,0.15613016486167908,0.14096772859509946,0.16183537993705166,0.12578483979771823
4342.0,0.15714947879314423,0.14663627931819556,0.1640748728155433,0.1301325674345608
4344.0,0.14368337392807007,0.1385914025290305,0.15987319169874933,0.12461912720258454
4346.0,0.18218234181404114,0.12869954559198427,0.15631212531170316,0.12555347645308385
4348.0,0.25651219487190247,0.13109667342867704,0.1511308209517864,0.12122783295859013
4350.0,0.16884009540081024,0.13298765593218337,0.15851004671365096,0.12004581728226495
4352.0,0.17161808907985687,0.14060844065441108,0.1628064619384524,0.12037149388992611
4354.0,0.15820883214473724,0.1469281935333909,0.1639175106833207,0.12609263876339957
4356.0,0.1662270873785019,0.13895128027428594,0.15935290995528772,0.1217081728379306
4358.0,0.1772584766149521,0.12764842275743282,0.15467737549740807,0.12215646230971101
4360.0,0.1963346153497696,0.13019610884534483,0.1517145577451929,0.11474353426526704
4362.0,0.16772840917110443,0.13251682432930234,0.15970168524918346,0.1120323011003162
4364.0,0.12464012950658798,0.14023413924472272,0.16389017019477548,0.12492475525972191
4366.0,0.08393491804599762,0.14692744250876968,0.1647398433480318,0.1318978090917856
4368.0,0.10081162303686142,0.13899285339953169,0.1613069010079573,0.12629562614460513
4370.0,0.12777253985404968,0.12873198945396294,0.15654276484465085,0.12861645833751856
4372.0,0.2387104481458664,0.13166545129856486,0.15147673818422625,0.12459025120778566
4374.0,0.21679756045341492,0.13334377779028242,0.15865997787082212,0.12198983850321432
4376.0,0.1789444535970688,0.14164646294777725,0.16380967852305792,0.12270665240565104
4378.0,0.14923137426376343,0.14852320483087011,0.1695138984081285,0.12774071840827672
4380.0,0.19051529467105865,0.1393004663486806,0.1641876730483695,0.12585590108482317
4382.0,0.239182248711586,0.1290712377792598,0.15826774703356206,0.12946071685583435
4352.0,0.2470318078994751,0.1309263467190977,0.1538409240308591,0.12511613505070715
4354.0,0.1956360787153244,0.13248332980414543,0.1591839781869717,0.1192969471749956
4356.0,0.1441630721092224,0.1385078005076892,0.15949773966844039,0.12653158654758698
4358.0,0.1350194364786148,0.14654184397571265,0.16516298724244793,0.1298457949266686
4360.0,0.14112888276576996,0.13791333875451695,0.1609952943985974,0.12506261351636996
4362.0,0.1560361236333847,0.12791212354842776,0.15578633778335838,0.12475866501374942
4364.0,0.1867661327123642,0.12906408778759565,0.1497336345605034,0.1192786773699399
4366.0,0.1830703169107437,0.1313831873586935,0.15557112494120598,0.11747171250769468
4368.0,0.15919622778892517,0.13630595133817966,0.15764662416801967,0.11650756875274287
4370.0,0.1532565951347351,0.1441891187084159,0.16215581224935705,0.12381020606665931
4372.0,0.15180809795856476,0.1361385296249015,0.1579966796316942,0.11993089019579438
4374.0,0.1748349517583847,0.12694105814367454,0.15350171780289867,0.1199524562257077
4376.0,0.176245778799057,0.12899647886026144,0.1481663414120382,0.11014923489427518
4378.0,0.15439297258853912,0.13113593980683502,0.15515946818488116,0.10921935613088785
4380.0,0.09974353015422821,0.13647286112022958,0.15726372195205635,0.12073970183941712
4382.0,0.09403001517057419,0.14438572303799102,0.16220373141687652,0.12922861710280428
4384.0,0.10002729296684265,0.13633671539144346,0.15874425289876914,0.12345630618427722
4386.0,0.11325082182884216,0.12782003477848078,0.15421928284957573,0.12842776188989471
4388.0,0.21783746778964996,0.1293485164447664,0.1492513888998115,0.12171316778387854
4390.0,0.19075965881347656,0.1314740844886049,0.15443427629997156,0.11773574666833757
4392.0,0.16638308763504028,0.13783170423607632,0.15665461865617877,0.11768220410705656
4394.0,0.15721501410007477,0.14530358244063069,0.1632214761150031,0.12293593764954518
4396.0,0.17497222125530243,0.13697198875274944,0.15899592281533556,0.12041584972660244
4398.0,0.24780277907848358,0.129028507907481,0.15373058662278377,0.12363810777702446
4400.0,0.2437564581632614,0.1289156979826622,0.14946614038752373,0.11812388656438712
4402.0,0.15779273211956024,0.13066722640599102,0.15463122063268228,0.11442693544026977
4404.0,0.14844559133052826,0.13671686102363068,0.15605764357847945,0.12430278950478399
4406.0,0.13743126392364502,0.14401023800001186,0.1620780540539311,0.13066956690419168
4408.0,0.13553841412067413,0.13640580288319332,0.1586757640354046,0.12489119528735942
4410.0,0.12701262533664703,0.1276699006666358,0.1518140636049412,0.12389337464428801
4412.0,0.19881314039230347,0.1274555200162106,0.1480108554609625,0.11850778523820803
4414.0,0.1921970546245575,0.12949941956384092,0.15245974479441995,0.11577085632212811
4384.0,0.17873360216617584,0.1347960608972324,0.15446085910646995,0.11381380479572192
4386.0,0.17851008474826813,0.1419194179811674,0.16049903405079982,0.1223227148671623
4388.0,0.15024714171886444,0.1341519145216616,0.15683640019577832,0.11884025713929391
4390.0,0.16318565607070923,0.1263982940454927,0.15024513840772802,0.11827604034315196
4392.0,0.16028575599193573,0.1270811569552192,0.14757015135715765,0.10899869375658514
4394.0,0.16333913803100586,0.12955170039646735,0.15302098780543227,0.10805712990568535
4396.0,0.12458852678537369,0.13554065696878081,0.1540381027378924,0.11882580875153011
4398.0,0.09758756309747696,0.14250820439484213,0.15994629399274468,0.12722001268431402
4400.0,0.09906933456659317,0.1340458741874406,0.15726524116175203,0.12206843756650108
4402.0,0.09747268259525299,0.1266990551999773,0.15165935845300443,0.12700629194240387
4404.0,0.18495285511016846,0.12726121449685948,0.14812993868470628,0.12057320946632624
4406.0,0.20697107911109924,0.12978545653591794,0.15241844171054625,0.11608046573656146
4408.0,0.18599075078964233,0.1354189795567722,0.15524767822727734,0.1152191575277783
4410.0,0.1547885537147522,0.14367708998813192,0.16269600793260733,0.12170866177356593
4412.0,0.17443837225437164,0.13452254091700072,0.15838584624216615,0.11915431476864023
4414.0,0.2295381724834442,0.1269506826548926,0.15225864088243043,0.12252026442688653
4416.0,0.22466355562210083,0.12780421100855188,0.14921014075192338,0.11694394467730308
4418.0,0.1911897212266922,0.13005525190754777,0.1534077752433677,0.11234582082044961
4420.0,0.1258850395679474,0.1349234659225066,0.154494320306363,0.1214583799350796
4422.0,0.12918494641780853,0.1434239015175227,0.16117474666139123,0.12911314254582326
4424.0,0.1452745795249939,0.1347580370176888,0.15745049414584864,0.12304018727653565
4426.0,0.12662892043590546,0.12691279555908364,0.15147959326364246,0.12374079911916472
4428.0,0.19186362624168396,0.12688349212644465,0.14822190609312838,0.11735572029327807
4430.0,0.18463395535945892,0.12945216381250788,0.15166873894786786,0.11450876946376543
4432.0,0.23004809021949768,0.13443626012145107,0.15340629592619795,0.11171223737474613
4434.0,0.21145819127559662,0.14217264075177444,0.15861626336889975,0.11942097511922327
4436.0,0.1678299754858017,0.13318624524002576,0.1550637164301104,0.11648608492011427
4438.0,0.15583351254463196,0.1256231120202555,0.14918317125064745,0.11504562048311297
4440.0,0.13950635492801666,0.12690928212398975,0.14508898743107676,0.1049787559564148
4442.0,0.12399913370609283,0.12907501096684884,0.14942213622365505,0.10304071063342497
4444.0,0.11256365478038788,0.1354593685443443,0.1518483770613699,0.11532552383457162
4446.0,0.10434608161449432,0.14233598379897403,0.15740443374746682,0.1243130962903769
4416.0,0.10996811836957932,0.13308621605332413,0.15348170053272325,0.11941637545390743
4418.0,0.11755570769309998,0.12541063622018897,0.14845502812514685,0.12320961439434021
4420.0,0.19990091025829315,0.1264540719141657,0.14364322440734287,0.11517158034112773
4422.0,0.2004934549331665,0.12833199586500257,0.14838332769566145,0.11133412515578152
4424.0,0.19991829991340637,0.13502752489369096,0.15166484929166993,0.11116895048522113
4426.0,0.16946986317634583,0.14174705088865983,0.15759581587907762,0.11645121350283368
4428.0,0.1775481104850769,0.13302278632077583,0.15478849896897107,0.11460789925980999
4430.0,0.2418029010295868,0.12526725111539508,0.14916413022697075,0.11727714879453442
4432.0,0.2391761839389801,0.12687929033758005,0.14479851575406322,0.11309124780515263
4434.0,0.21705473959445953,0.12810543532458937,0.14911032492103005,0.11024089709085795
4436.0,0.16907089948654175,0.13477774233062412,0.15189470890632514,0.11964815332666388
4438.0,0.15500648319721222,0.14234617125583363,0.15656417559441074,0.12608537767981706
4440.0,0.16185256838798523,0.13282982900560994,0.15398748409240612,0.12101237465655457
4442.0,0.15158261358737946,0.12521885538594593,0.14833116945241567,0.12144196108852157
4444.0,0.18777307868003845,0.12650755366651056,0.14356803231936902,0.11377729099219151
4446.0,0.20026038587093353,0.12813240445515736,0.14792801526032118,0.11337397236760773
4448.0,0.20882795751094818,0.1347892019923892,0.15085003274303074,0.11113663492714122
4450.0,0.18155474960803986,0.1420561993149615,0.15632457231218735,0.11679043445307241
4452.0,0.16300569474697113,0.13140541467842562,0.15223051337800986,0.11404568433622925
4454.0,0.16583222150802612,0.12479357964565278,0.1466160008008404,0.11288100647237397
4456.0,0.12282411754131317,0.12718385823721576,0.14175198642985457,0.10443136198539746
4458.0,0.1362188309431076,0.1285245172224814,0.14785360395741004,0.1048321881455942
4460.0,0.11330415308475494,0.1348716749676427,0.14925403607213086,0.115744585669898
4462.0,0.10770376771688461,0.1422555590091704,0.15492728986753448,0.12360355910644714
4464.0,0.10312443971633911,0.1317159783454393,0.15190007446141146,0.11705162803407204
4466.0,0.1403108835220337,0.1247837650083866,0.14592286458366843,0.12161176579603662
4468.0,0.22218868136405945,0.1267258599774369,0.14165583974412116,0.11403281688176549
4470.0,0.21311239898204803,0.12781494589340817,0.1471744209420252,0.11097954511684562
4472.0,0.20201556384563446,0.13435059930114576,0.14967117373696837,0.1089860353346718
4474.0,0.18337272107601166,0.14255554163276687,0.1569335235286682,0.11638920415380309
4476.0,0.20196527242660522,0.13293528587722064,0.15403088476220583,0.11477328275659787
4478.0,0.2715016305446625,0.12569822311584644,0.1485962011113856,0.11607805138526724
4448.0,0.23184241354465485,0.12833511159257355,0.14453348864964824,0.11047618973089059
4450.0,0.19302977621555328,0.12985358425307864,0.15001544788477367,0.10803674990794004
4452.0,0.17119449377059937,0.13607413127616858,0.1521545145102246,0.11643461925374861
4454.0,0.14186881482601166,0.14322961127799877,0.15504964776309646,0.1236402325553937
4456.0,0.13270609080791473,0.13317903385680563,0.15260514163156322,0.11867267454006193
4458.0,0.16236139833927155,0.12706067701607615,0.14740585842178247,0.12032870407688921
4460.0,0.18315571546554565,0.1281334773776601,0.14258218095617609,0.11403743374458944
4462.0,0.19590716063976288,0.1289818457949228,0.1479285235494814,0.11110835081512023
4464.0,0.2384496033191681,0.13439576039158813,0.15048212500728947,0.1098454272949735
4466.0,0.21888987720012665,0.14237552031092934,0.15397903714555464,0.11599211331520493
4468.0,0.18671450018882751,0.13278409440631095,0.15110910978138103,0.1145036252636773
4470.0,0.21228355169296265,0.12612487309357603,0.1462927235341377,0.11285229890419222
4472.0,0.15509389340877533,0.12774042324161042,0.14166061438631883,0.10512262262690007
4474.0,0.13303905725479126,0.1290068346298613,0.1469149852610857,0.10375150365021592
4476.0,0.13289190828800201,0.13441794399711193,0.14932497544941456,0.11519477619247614
4478.0,0.12949584424495697,0.14216497669739678,0.1533440158802321,0.1228864324848476
4480.0,0.1190672516822815,0.13290896306760294,0.15082741599522118,0.1173218253800638
4482.0,0.147219717502594,0.12553376540183525,0.1461198152311603,0.12016565632854827
4484.0,0.20428314805030823,0.12798758608855298,0.1416515864970322,0.11327197090463792
4486.0,0.20951539278030396,0.1292432367416828,0.14681936893421918,0.11137502682634202
4488.0,0.19638502597808838,0.13461200753606464,0.14919498404631326,0.1108536280456649
4490.0,0.173405259847641,0.14172399644960781,0.15449502484613917,0.11529139897665477
4492.0,0.2026580274105072,0.13329739683739722,0.15174380548232358,0.11402531801223814
4494.0,0.2673550546169281,0.12542262402195814,0.14707659617171892,0.11635958939383727
4496.0,0.264335036277771,0.12804845541225032,0.1422764836144099,0.11445425426043053
4498.0,0.26467615365982056,0.128948253976739,0.1472840966396366,0.1101474786548955
4500.0,0.2388763278722763,0.13440310831948754,0.1494282857052646,0.1185450436611011
4502.0,0.18407711386680603,0.14145665353993095,0.15280180605302035,0.1226673693634901
4504.0,0.13735149800777435,0.1331801685635061,0.15020358982688922,0.11755710639732665
4506.0,0.12683652341365814,0.12546470836179346,0.14497866769998247,0.11624847341154246
4508.0,0.1838531494140625,0.12777730814078855,0.14030809800986244,0.10977719600526231
4510.0,0.19263865053653717,0.12877646335723505,0.14552957894772856,0.11092430023539325
4480.0,0.20047612488269806,0.13495255849393636,0.14889620107586118,0.10848124590915434
4482.0,0.1734115034341812,0.14260219320226827,0.15210593091633728,0.11619322008261088
4484.0,0.18307721614837646,0.13422536334688606,0.1501044831192916,0.11506158066349426
4486.0,0.19575482606887817,0.1258321844546695,0.14492189679370412,0.11470077512458147
4488.0,0.20165927708148956,0.12782343532710821,0.14045048080777323,0.10538486964902587
4490.0,0.22824381291866302,0.12785727350578624,0.14668394443121865,0.10261881091774848
4492.0,0.17172425985336304,0.13382914333885465,0.14908059437722884,0.11192711104277925
4494.0,0.12892907857894897,0.140619576223909,0.1521009599514382,0.11886874752326947
4496.0,0.11379015445709229,0.13188491770749547,0.1487676296109447,0.11589306954597003
4498.0,0.15005148947238922,0.12418318340335475,0.14307063744943152,0.11651459349246075
4500.0,0.23318418860435486,0.12717844033383582,0.13902499398615367,0.10987670132941539
4502.0,0.21003024280071259,0.12892290905634515,0.14479788294142312,0.10919824413620818
4504.0,0.20870351791381836,0.13409555070753643,0.14921433200391435,0.10839404042577838
4506.0,0.18187102675437927,0.1416646734812833,0.1523662813152906,0.11033531648621081
4508.0,0.2186296582221985,0.13342237145494626,0.14877241760340335,0.10881900029207087
4510.0,0.28220364451408386,0.12503961390617005,0.14510816476781016,0.11206365830621907
4512.0,0.308362752199173,0.12795507739732154,0.14059652130958497,0.11029530092189876
4514.0,0.22724905610084534,0.12963071010994176,0.146004616411689,0.10607686041801116
4516.0,0.18280449509620667,0.13402929480631445,0.149473736798189,0.11525591089521292
4518.0,0.17709432542324066,0.1415223289501878,0.15321857172731404,0.1203349352462451
4520.0,0.13173401355743408,0.13316741734033294,0.1489770782636111,0.11660334794452248
4522.0,0.16840294003486633,0.1247180344058786,0.14476450692952486,0.11354558459146492
4524.0,0.23710374534130096,0.12755638328096006,0.1404411152750729,0.10911631680248873
4526.0,0.17697858810424805,0.12879739028356416,0.14593076868917046,0.10961984213714292
4528.0,0.18630650639533997,0.13468408641685822,0.15033049935186274,0.10644822054166662
4530.0,0.1572439819574356,0.1418803735997508,0.153072989995672,0.11158522000756585
4532.0,0.17269232869148254,0.1327164655992059,0.1481573274065691,0.1092542730526903
4534.0,0.2032850831747055,0.1253894155331634,0.14433686732599027,0.1100312902600304
4536.0,0.21611523628234863,0.1284882316387009,0.13954347616922888,0.10343317719773566
4538.0,0.2139345109462738,0.13029176470083803,0.14685740890427346,0.10151258296217357
4540.0,0.16013438999652863,0.1354902152194872,0.15093130775507288,0.11155530048322708
4542.0,0.11668051034212112,0.14158447169371405,0.1523866936969805,0.11878421999392023
4512.0,0.11294321715831757,0.13292665208628296,0.14878517978223463,0.11550971673397675
4514.0,0.14441756904125214,0.1257972593944616,0.14495035557510716,0.11696871696509303
4516.0,0.2197524905204773,0.12887458164522061,0.13918859320613064,0.10822420105536677
4518.0,0.20626749098300934,0.13027120106065915,0.1469575567357361,0.11012175207096084
4520.0,0.18953335285186768,0.13623279166390917,0.15214341772730078,0.10730709693488052
4522.0,0.15498478710651398,0.1419347254146179,0.15403640253551806,0.10972297533548771
4524.0,0.20430301129817963,0.13264881124631547,0.14975522603599697,0.10720923248221047
4526.0,0.2838084101676941,0.12562680789203975,0.14620127010492723,0.11204765890609712
4528.0,0.27192503213882446,0.12850802075199652,0.1407988982644788,0.11100610809582169
4530.0,0.22813011705875397,0.12998778526710347,0.14726568054972913,0.10788102111136338
4532.0,0.17334486544132233,0.1356948075544879,0.15400192204709506,0.11624152516654798
4534.0,0.15144342184066772,0.14126407248254258,0.15426080253814528,0.12005844334939758
4536.0,0.13201484084129333,0.13238612263228997,0.15003480240035164,0.11793373202040143
4538.0,0.13146398961544037,0.1253335709713997,0.14666519124528765,0.11438972549420746
4540.0,0.19126996397972107,0.12820699021148027,0.14064880372716262,0.10884244149740799
4542.0,0.1717926412820816,0.12870126873367307,0.1458309337734183,0.10983873840147453
4544.0,0.17946559190750122,0.135403698498052,0.15388579820704185,0.10773590898242907
4546.0,0.169475719332695,0.14148800442511017,0.15455370835616236,0.11158576130233623
4548.0,0.20044942200183868,0.13176749570401156,0.14906815797886,0.10929272785489698
4550.0,0.21747983992099762,0.12522375085083878,0.14587807986810974,0.110284311195643
4552.0,0.2039654403924942,0.12778644798433578,0.14012902859461798,0.1029532655538556
4554.0,0.20642739534378052,0.12779053750678313,0.1450596083205231,0.10073019692516617
4556.0,0.15391463041305542,0.1337931667809591,0.1523767881399485,0.11070700377326399
4558.0,0.12171400338411331,0.1405193629729922,0.15271906984892664,0.11748525985998151
4560.0,0.10719916969537735,0.1310600445813493,0.14927488060591085,0.11471241244882427
4562.0,0.1364189088344574,0.12465391676944378,0.14561010108751613,0.11693379671636582
4564.0,0.19546109437942505,0.1270464838056339,0.13977747708293367,0.10845278618851531
4566.0,0.19190964102745056,0.1271809779729222,0.14460938453758274,0.10928197015999289
4568.0,0.17099669575691223,0.13349478847339794,0.15279248659716033,0.10783815045619213
4570.0,0.1579754650592804,0.14059818148296047,0.15350815351753783,0.10975909963488245
4572.0,0.21971949934959412,0.13090171533346318,0.14944302106301335,0.10857604884267066
4574.0,0.2949106991291046,0.12467661914443613,0.146488225016318,0.11225351434099083
4544.0,0.2778329849243164,0.12694935312083167,0.14095813307260563,0.11113008952518304
4546.0,0.20045898854732513,0.12639989917520975,0.14567764949499326,0.10685130754499954
4548.0,0.17031648755073547,0.1326267272580857,0.1534037409359688,0.11585468497025918
4550.0,0.16802966594696045,0.14018965405498462,0.15336229395764622,0.11947339895905283
4552.0,0.1250782459974289,0.13056836561086335,0.14900783930415792,0.11531913059775017
4554.0,0.16510169208049774,0.12431326002780584,0.14612833801702052,0.11301395829598605
4556.0,0.23021206259727478,0.1265065185719495,0.14079391320212198,0.10798003908632513
4558.0,0.16915640234947205,0.12505993762863496,0.1438388032454035,0.10842267827480878
4560.0,0.1565280705690384,0.13120533237543652,0.1517593051396877,0.1058329979958217
4562.0,0.16442711651325226,0.13904775027495916,0.15278763731847353,0.110968173440656
4564.0,0.18353724479675293,0.12897806783234847,0.14735271513897558,0.10857554937259005
4566.0,0.20596231520175934,0.12251783166448708,0.14392040771561454,0.10964849171501542
4568.0,0.19705542922019958,0.12528729197172794,0.1393830496167191,0.10170704134178515
4570.0,0.19705213606357574,0.12382685216085822,0.14230446717678358,0.0991656211378253
4572.0,0.15256452560424805,0.12979422999075912,0.14957387327998173,0.10957200516817406
4574.0,0.10563687235116959,0.13633596124614386,0.15051240839458177,0.11617850588028245
4576.0,0.11668132990598679,0.12700629214311565,0.14730619312618676,0.11345376746362466
4578.0,0.12957683205604553,0.12096510085603032,0.14397849315371644,0.11636629953073499
4580.0,0.2130846083164215,0.12298389327652703,0.13923447993963958,0.1078244284118678
4582.0,0.19602327048778534,0.12316158348174956,0.14223540774179508,0.1079733710549029
4584.0,0.1670149862766266,0.12969920990689782,0.1504126481625424,0.10634266710663849
4586.0,0.14292582869529724,0.13636360237937525,0.1515743365098915,0.10848342973722097
4588.0,0.1928526610136032,0.12713128425588077,0.1478679408691381,0.10686501400465702
4590.0,0.2518744468688965,0.12125935906323142,0.14467871650343467,0.1105319467529463
4592.0,0.23622173070907593,0.1226222732806327,0.14023707298184304,0.10904236295004707
4594.0,0.20341052114963531,0.12244255252092562,0.14283438220034206,0.10543778402969178
4596.0,0.16081799566745758,0.12852817183435317,0.15048009213382957,0.11423098711956836
4598.0,0.14641396701335907,0.13528986350485894,0.1506327363927623,0.11741918295981395
4600.0,0.12103832513093948,0.12637037803707274,0.14729311076914664,0.11420706910934358
4602.0,0.1417514532804489,0.12034377967527256,0.14473383882115448,0.11276502022869563
4604.0,0.16700933873653412,0.12147825727109779,0.13976111182041648,0.10674114651872622
4606.0,0.1488724946975708,0.1212964823557793,0.14147911145406472,0.1075923040112756
4576.0,0.18388478457927704,0.12741967752178393,0.1502035387195476,0.10479468863744938
4578.0,0.13839183747768402,0.13429282307387666,0.15047903973003265,0.11004706519915063
4580.0,0.1592661440372467,0.12507146534629693,0.14507673863599485,0.10782472388211893
4582.0,0.16100972890853882,0.11969371997905962,0.14325353069330868,0.108441368440281
4584.0,0.1553640365600586,0.12145280564308497,0.13833540206877337,0.10106149370953926
4586.0,0.1737818568944931,0.12111969296689166,0.1412117998978731,0.0976044538801803
4588.0,0.1409570872783661,0.12752340685555377,0.148347488718508,0.1080792853547803
4590.0,0.11202659457921982,0.1338960221034881,0.1493758492154201,0.1148377185415998
4592.0,0.10964098572731018,0.12483025934561046,0.14587350267684693,0.11306193652689123
4594.0,0.12966081500053406,0.1192805335934421,0.1431904891096619,0.11553143109356077
4596.0,0.19502951204776764,0.12091923288991097,0.13786946250907353,0.1066282008700262
4598.0,0.1706276535987854,0.12113316683013298,0.1410442298832556,0.10687489221429662
4600.0,0.16335108876228333,0.1274730288660767,0.14944317185533063,0.10554640239583782
4602.0,0.1577514111995697,0.13432426543773476,0.15067857148494077,0.10691386516293545
4604.0,0.17996923625469208,0.1263732519455617,0.1477625354866147,0.10590151847285133
4606.0,0.26480957865715027,0.11872587390394686,0.14526401133161862,0.10938515810946603
4608.0,0.24461819231510162,0.12185684413429336,0.14015109273908444,0.10697284468245974
4610.0,0.1695246398448944,0.12114764718948626,0.1435906234112023,0.10375427713750861
4612.0,0.1172725260257721,0.12863722338468406,0.15065016499249417,0.11171891983071974
4614.0,0.11783545464277267,0.13482008013931682,0.1517575188950764,0.11815659801198902
4616.0,0.12282823771238327,0.1270786293162238,0.14824084541600863,0.1153873542020044
4618.0,0.12309517711400986,0.11916818627568991,0.14459246218629607,0.11355451408402333
4620.0,0.17065547406673431,0.12280623143802455,0.140433906170621,0.1068909103643876
4622.0,0.18698175251483917,0.1229509371234228,0.14401045889292388,0.11049427968338571
4624.0,0.1641928106546402,0.12973412986055363,0.14969450867198297,0.10551133733752895
4626.0,0.2139773666858673,0.1369886077788096,0.15247334445122657,0.11071336883430428
4628.0,0.1760219782590866,0.12911097919729073,0.14887819393490928,0.10931062480790264
4630.0,0.20527926087379456,0.12040494090616859,0.14361229262667313,0.10793954975884995
4632.0,0.18508343398571014,0.12331307385382505,0.13984103696481967,0.10031151183935058
4634.0,0.1335386335849762,0.12385087706541525,0.14369431259963,0.09848540525792053
4636.0,0.10291751474142075,0.13033153427424804,0.14999020964724646,0.10909403445733828
4638.0,0.10494846850633621,0.13796952423082817,0.1526685390518269,0.11745025873827597
4608.0,0.10412988066673279,0.12969736319611525,0.15136501706353872,0.11683357487601946
4610.0,0.14537499845027924,0.12079869458354159,0.14654755702181935,0.11776224862504252
4612.0,0.2061876356601715,0.12492564906245712,0.1406620259281547,0.1082244188263494
4614.0,0.18265169858932495,0.12526613869124154,0.14492982681147173,0.10844052604497628
4616.0,0.18826788663864136,0.1305118605073993,0.14962628922032362,0.10660501300504464
4618.0,0.179999440908432,0.1376775561962497,0.15146765853148958,0.10831992386193087
4620.0,0.20803575217723846,0.12991071193057085,0.15182650783866272,0.10934049030399719
4622.0,0.2897363305091858,0.12211451974860021,0.14780292451184304,0.11152316007841626
4624.0,0.2733282744884491,0.12475222297502951,0.1422479374197618,0.10964063408234427
4626.0,0.19199489057064056,0.12509996985279484,0.146105722253173,0.10739387286939128
4628.0,0.16152659058570862,0.13118208298307577,0.15123582040091565,0.11333435507345259
4630.0,0.14448751509189606,0.13720648985602868,0.15269162770267294,0.12059492364513891
4632.0,0.13395491242408752,0.1298008127071074,0.15227900404493375,0.11718392916706823
4634.0,0.12065573036670685,0.12156889004614807,0.14768587819203943,0.11411619886656311
4636.0,0.19008152186870575,0.12581321541611307,0.14308448130682025,0.10906154288540217
4638.0,0.17936111986637115,0.1259583934400181,0.14637227975536718,0.11231490845240605
4640.0,0.21020008623600006,0.13259579720472695,0.15115384709256777,0.10821384495281583
4642.0,0.21287301182746887,0.13911240397958044,0.1529843492575856,0.1107957526237424
4644.0,0.2004532665014267,0.13165359058724446,0.15132911699087456,0.10982485199304491
4646.0,0.2318871170282364,0.12308087990529568,0.14595399145720023,0.10904832312872692
4648.0,0.1675899475812912,0.12842396893066874,0.1417302484877209,0.10076056897079502
4650.0,0.14106495678424835,0.12709948961938933,0.1460640759533183,0.10137666596848817
4652.0,0.12223963439464569,0.1340277128715222,0.14964483959321306,0.10941932802431213
4654.0,0.11244969069957733,0.13914217371037196,0.15142706497629477,0.11731892898069418
4656.0,0.1107482835650444,0.1312856223934023,0.15100663909293016,0.11532367892167934
4658.0,0.14271380007266998,0.12232286424716099,0.14460061478065647,0.11565709714178464
4660.0,0.20466063916683197,0.12760653157666846,0.14071248263352262,0.10863675544924138
4662.0,0.18818973004817963,0.12535410976811515,0.1449998751912699,0.10928642411657113
4664.0,0.1945936530828476,0.13335093674376886,0.1488388688558613,0.1069397239944372
4666.0,0.16873061656951904,0.1386611141132659,0.15103098952915672,0.10822755433687908
4668.0,0.20875783264636993,0.1305538683993255,0.15095218636349203,0.10904305037932716
4670.0,0.32330799102783203,0.12191107377513538,0.14570099176428378,0.11045809262703346
4640.0,0.3299303948879242,0.12689622863883165,0.14099541017835932,0.1092728023897167
4642.0,0.2668202221393585,0.12506448979049986,0.14475884039441203,0.10518244568903352
4644.0,0.1822148561477661,0.13384174386550066,0.14910188406385194,0.11134968902709011
4646.0,0.14498542249202728,0.13923505484798612,0.15130726611968096,0.11820565239854348
4648.0,0.15871058404445648,0.13031066118202989,0.15117169971989394,0.11546726088890612
4650.0,0.17261479794979095,0.12246208385855448,0.14642829020854328,0.1140144483556556
4652.0,0.2191440463066101,0.12707511094108606,0.14283406184660546,0.1089041596063328
4654.0,0.19908367097377777,0.12475979317077113,0.1461796913079308,0.11130765070186367
4656.0,0.17936818301677704,0.13406337882716443,0.1494991267213667,0.10779859181229007
4658.0,0.1655035763978958,0.13990568598271044,0.15180647218176857,0.1101604046945558
4660.0,0.16948160529136658,0.13022645733959273,0.15087095116119784,0.10883066948217363
4662.0,0.19169040024280548,0.12273345398336716,0.14536716649460368,0.10815323361466293
4664.0,0.17530106008052826,0.127341472253486,0.14100333867580803,0.10093384068614052
4666.0,0.14926904439926147,0.12479072435152862,0.1451140172349003,0.09875745430862232
4668.0,0.10038134455680847,0.13385491376212805,0.14855618792309008,0.10692844838640471
4670.0,0.09839259833097458,0.1395004495716204,0.15072818659347972,0.11612953333846976
4672.0,0.10574498027563095,0.12999590899545546,0.15104310886318137,0.11442631803115075
4674.0,0.1520913690328598,0.12212376662270828,0.14493367933292298,0.11447277222053312
4676.0,0.23667563498020172,0.1273890747081227,0.14153110049301618,0.10806478840919978
4678.0,0.21170303225517273,0.12501373991553155,0.1460371369071501,0.10934478493091354
4680.0,0.18494556844234467,0.13368536249181134,0.14936113559548683,0.1071590247566341
4682.0,0.16465353965759277,0.1392728350446317,0.15202395573549893,0.10832413628802375
4684.0,0.18775266408920288,0.1298479392639942,0.15191483704587858,0.10901259932975918
4686.0,0.31910961866378784,0.12247971795764175,0.14580764775296673,0.11019197465487073
4688.0,0.2776539623737335,0.12691491535619678,0.141621781750498,0.10745509470460873
4690.0,0.24776600301265717,0.12504139528823643,0.14567891525763052,0.10547852714730889
4692.0,0.195388525724411,0.13283560614048814,0.14943726800545712,0.11096837781627154
4694.0,0.1745041012763977,0.1387013562994928,0.15056991895831756,0.11629179901354604
4696.0,0.138596311211586,0.13030672070167254,0.15219833499851143,0.1153312801216304
4698.0,0.1399259865283966,0.12328561607620218,0.1469123754793373,0.11335990027640386
4700.0,0.22920431196689606,0.1271298287535104,0.14174778093385415,0.10760640755271779
4702.0,0.18288487195968628,0.12614617428555988,0.146744321366379,0.10815082235181323
4672.0,0.15675148367881775,0.13282218253172387,0.1506288355015422,0.10631348159239189
4674.0,0.14667847752571106,0.13882030445790153,0.15130083505211547,0.11086882341388654
4676.0,0.14848150312900543,0.12924285035577515,0.15216621405160183,0.11152471164807563
4678.0,0.17817126214504242,0.12296335004700974,0.14443151862744694,0.10829302178120087
4680.0,0.17223282158374786,0.12457710661079116,0.14041528417715626,0.10232304527071005
4682.0,0.17071104049682617,0.1252009474868878,0.14621021453343588,0.10015729437716035
4684.0,0.14455187320709229,0.13168047872272576,0.14958622419711157,0.10858332632385509
4686.0,0.11384116113185883,0.13775016625976047,0.150876837651749,0.11613496591778395
4688.0,0.10132913291454315,0.12923144594289424,0.1537657791584107,0.11459808383734052
4690.0,0.13597138226032257,0.12088725598055912,0.14552025801494325,0.11552968884959182
4692.0,0.19842974841594696,0.12473239131324985,0.14137218883116465,0.10756599522817675
4694.0,0.18939922749996185,0.12543347726484758,0.14788225910070238,0.11107985887990024
4696.0,0.1707904040813446,0.13245827402459306,0.15006484519618157,0.10828452893797408
4698.0,0.15753330290317535,0.13845529697290984,0.15305219682539672,0.10963570530851224
4700.0,0.1658225804567337,0.12971104669414144,0.1544794250123921,0.11110860095232798
4702.0,0.25752660632133484,0.12121889552045523,0.14741800832854926,0.11336667324235251
4704.0,0.2411883920431137,0.12466812562156177,0.1424342576341462,0.10913376275274826
4706.0,0.20875972509384155,0.1255297692167047,0.14737381565911137,0.10660326216322581
4708.0,0.14586053788661957,0.13197684857613112,0.14910933122199918,0.1109495049756808
4710.0,0.14849938452243805,0.13791369239025342,0.1517028183369314,0.11691977771525956
4712.0,0.13140763342380524,0.12949704645937202,0.1530565461065078,0.11592543512794817
4714.0,0.14871549606323242,0.12067619951695559,0.14611285391365583,0.11330546658087849
4716.0,0.21348875761032104,0.12468544507543561,0.14278205453825965,0.10821236008993362
4718.0,0.16577112674713135,0.12523133420217492,0.14677516255534126,0.10937512518400805
4720.0,0.20211903750896454,0.13092761274642803,0.14850563970362043,0.1069994558804585
4722.0,0.12728503346443176,0.1368761368213985,0.1517976870963019,0.11029215425269623
4724.0,0.1269235461950302,0.1286559362029681,0.15305110182595957,0.11099039022518693
4726.0,0.1315087527036667,0.12080514552351383,0.14550352570489608,0.10853493507765824
4728.0,0.11375412344932556,0.12532278044144962,0.14111912280247288,0.09998145640391352
4730.0,0.1096954345703125,0.12575903689689713,0.14636172804803585,0.0994017787377727
4732.0,0.10631415992975235,0.1326702600537829,0.14936465172457958,0.10879386164971798
4734.0,0.10006526857614517,0.1369816541490418,0.1524747534783522,0.118295527787122
4704.0,0.09735681116580963,0.1286220223873099,0.1522505151883153,0.1158033539023981
4706.0,0.13593339920043945,0.1201022064445366,0.14497769554691556,0.11572206897613767
4708.0,0.19491980969905853,0.1252728899760282,0.1422419431818713,0.108533625593555
4710.0,0.1929418295621872,0.12585736862503985,0.14719750788032904,0.11041138133214377
4712.0,0.15310314297676086,0.1330279187386682,0.1497583956143318,0.10781783855127273
4714.0,0.110763780772686,0.1378173806638225,0.15270191808510844,0.10883237913387399
4716.0,0.13714291155338287,0.12989803063308375,0.15376585886578617,0.11132309657329742
4718.0,0.22882461547851562,0.12064033001765177,0.14636149085035036,0.11237271784590498
4720.0,0.18074195086956024,0.12554168299179302,0.14279837999517478,0.10977094051390351
4722.0,0.16235962510108948,0.12493715158882672,0.14749921539685415,0.10765566749998037
4724.0,0.13061313331127167,0.1325795199505756,0.15045204970360412,0.11314884078413127
4726.0,0.11464250087738037,0.13703472574549255,0.1527589738426747,0.11906449909529124
4728.0,0.08979746699333191,0.12897573394484782,0.1532789893093675,0.11594843785168293
4730.0,0.11643680185079575,0.12063932950062352,0.1468590997145832,0.11274977042929986
4732.0,0.15177097916603088,0.12451963113351856,0.14255399510588956,0.10779997905309537
4734.0,0.16736963391304016,0.1241334898059288,0.1474311022315044,0.10940029070737557
4736.0,0.1750124841928482,0.13081115723741876,0.14899685230903714,0.10662789546372166
4738.0,0.16025742888450623,0.13452560411500672,0.15172817461731103,0.11073879506814678
4740.0,0.15109118819236755,0.12591361048858388,0.1502309590616828,0.10950522586594275
4742.0,0.1497146040201187,0.117527338577192,0.14330619540534617,0.10879159054592122
4744.0,0.15458296239376068,0.12212807554340385,0.1382414833486876,0.10028944644224479
4746.0,0.16837362945079803,0.1220172799599232,0.1434252056598693,0.10036044555694291
4748.0,0.15102195739746094,0.1296313274879777,0.14681026418794454,0.10882994704313766
4750.0,0.10789615660905838,0.13307488424799824,0.14988776715427973,0.117226615252423
4752.0,0.09986326843500137,0.12553460227119842,0.1508188407421148,0.11395705963814157
4754.0,0.12404319643974304,0.11663540129646521,0.1443706359980426,0.11539045519902186
4756.0,0.17771196365356445,0.12165527336217398,0.1395152287142686,0.10786060115630139
4758.0,0.21225608885288239,0.12241676748253084,0.14548387210198507,0.10957670037962214
4760.0,0.18741047382354736,0.13067366204549122,0.14856045067012685,0.10750287384071551
4762.0,0.12783275544643402,0.1337480978162155,0.15166860407042893,0.10753380681832758
4764.0,0.13260102272033691,0.12578170391618837,0.15090323421663732,0.10857558030228037
4766.0,0.19927969574928284,0.11721272381462465,0.14500851280070048,0.11006579245658873
4736.0,0.21993914246559143,0.12158782002775816,0.13898168840499306,0.1062811764700101
4738.0,0.27588722109794617,0.12137759657147465,0.14375535937582712,0.10855018121860965
4740.0,0.2213660031557083,0.1295937419829504,0.14967276429085088,0.1141880793511816
4742.0,0.16909942030906677,0.1328963244081394,0.15228990308195864,0.120929399883889
4744.0,0.12546995282173157,0.12502182435431994,0.15290133489482163,0.11792342791342417
4746.0,0.11729776859283447,0.11734245981511288,0.14537772538256089,0.11496470694298866
4748.0,0.1383274495601654,0.12058823458282647,0.14072498848014509,0.11057591242464593
4750.0,0.1507008671760559,0.12060799594518569,0.14426463865445358,0.1099364670379388
4752.0,0.13558830320835114,0.12750414626634468,0.14865593202784247,0.1076328586430471
4754.0,0.12743987143039703,0.1316270860429688,0.15018251512903816,0.11286447938129768
4756.0,0.13660946488380432,0.12367425041512803,0.14994527220128684,0.1124586953960928
4758.0,0.1465524584054947,0.11591158956917967,0.14257493813569502,0.11058874943117153
4760.0,0.1604958176612854,0.1198147929756654,0.13641219370432495,0.10050299337219432
4762.0,0.1868165135383606,0.11997292104369127,0.14261931933494318,0.10781682144756356
4764.0,0.1857409030199051,0.12751401044535407,0.14826585361008943,0.11615960468668479
4766.0,0.14431746304035187,0.13147047482709182,0.15025138008781258,0.12264433206673168
4768.0,0.11267639696598053,0.12395325651187314,0.15147854507600078,0.11881263429360037
4770.0,0.1211860179901123,0.11617298144745228,0.14412505709485066,0.1191675593315274
4772.0,0.16298241913318634,0.1214609278042026,0.13861798442723902,0.11299643233347247
4774.0,0.18323153257369995,0.12086503727394149,0.1435750520651013,0.11233821323097745
4776.0,0.15375760197639465,0.1289187080874484,0.14997772481699387,0.11216783631639192
4778.0,0.12194477021694183,0.13338869189915886,0.15337318953352794,0.11136051642492605
4780.0,0.15735913813114166,0.12468340056181733,0.1526720802030612,0.1123545185414694
4782.0,0.23414966464042664,0.1175666307801147,0.14463849687358318,0.11258171052399107
4784.0,0.2874530553817749,0.12136966312586434,0.13903271617356774,0.1088921804112272
4786.0,0.3658566474914551,0.12064475695009835,0.14407251074879743,0.11593933100924302
4788.0,0.27628397941589355,0.12845154364206543,0.1509868550079563,0.12159035324583972
4790.0,0.22927512228488922,0.13316027678781336,0.1530644820176639,0.12311499342699707
4792.0,0.1521841436624527,0.12465697035300369,0.15381056927841055,0.1214881010537246
4794.0,0.14741972088813782,0.118243620156345,0.14534739157051235,0.11828963998458905
4796.0,0.18663986027240753,0.12031356572673807,0.139239499867204,0.11532375047724677
4798.0,0.1752789467573166,0.11972319939782666,0.1425554679735828,0.11302224091378364
4768.0,0.1337847113609314,0.1265206701050419,0.1482768120308033,0.11147820350004
4770.0,0.10783067345619202,0.13052415551273094,0.15090760706455916,0.11412371779984198
4772.0,0.12074453383684158,0.12329804133637498,0.1516232381434652,0.11350479440760183
4774.0,0.125583216547966,0.11717352309560115,0.14386366448106416,0.11020582345138513
4776.0,0.16386154294013977,0.11938691170355685,0.13777505144364052,0.10152254141081851
4778.0,0.219090536236763,0.12001490625990675,0.14287378183083035,0.1075294339761334
4780.0,0.16864849627017975,0.12635072777162365,0.14687348360195493,0.11600479246930306
4782.0,0.11475047469139099,0.13019935678838415,0.14931792912697392,0.12146898718645661
4784.0,0.08740780502557755,0.12286929477188346,0.15085633452389205,0.11835873002184939
4786.0,0.09350674599409103,0.11678619282763042,0.14343639275972994,0.11925333740664534
4788.0,0.14909972250461578,0.11921978501578191,0.13716569149252955,0.11073787085998212
4790.0,0.1801322102546692,0.11912976923634827,0.14160970090194572,0.11028923457741739
4792.0,0.13950799405574799,0.12793729918459595,0.1466287525410153,0.10923358768048769
4794.0,0.11913129687309265,0.13014963087410084,0.14905936621376614,0.11013986130851228
4796.0,0.15206573903560638,0.12351175795284908,0.1522994263603171,0.11205427508281794
4798.0,0.2195514589548111,0.11957613158097152,0.14645911783096313,0.11495141660637237
4800.0,0.2881995737552643,0.1197206175410083,0.1399700790247172,0.11237202060032252
4802.0,0.2993353605270386,0.11948950765394165,0.14498318971881013,0.11786959335293525
4804.0,0.2154393196105957,0.12878744428046146,0.15096595641291788,0.12406217560941575
4806.0,0.19402803480625153,0.1336101484876495,0.15415046751403547,0.12655916329158964
4808.0,0.14658264815807343,0.12530092695198264,0.15477608347958932,0.1238640905878691
4810.0,0.13175034523010254,0.11939135783501831,0.14803398711912188,0.12155016279154615
4812.0,0.19103361666202545,0.12095240854189958,0.13963904294975366,0.11597761914744455
4814.0,0.2178034633398056,0.11992153699012477,0.14657548576582313,0.11579864255734976
4816.0,0.16439135372638702,0.12885583651186303,0.15064987143187997,0.11302845817091978
4818.0,0.13516637682914734,0.13451684263674804,0.15387911575319738,0.1172011251938193
4820.0,0.11443610489368439,0.1269327240415059,0.15465632942653487,0.11565621902408572
4822.0,0.13125935196876526,0.12046454810241362,0.14899817806661542,0.11188007327902709
4824.0,0.12889300286769867,0.12101042259377998,0.14072545177729062,0.1025881882052187
4826.0,0.15790955722332,0.12326209263830074,0.14767196522925086,0.1092841173152781
4828.0,0.12716546654701233,0.129915514249445,0.15023870674382508,0.11808851771295249
4830.0,0.1062219962477684,0.13369425977339924,0.1536942660843163,0.12394653883146786
4800.0,0.08899281919002533,0.12695957046019962,0.15497337822278412,0.1218041301832792
4802.0,0.11208223551511765,0.12104551520444798,0.14875734007206828,0.12294174012229804
4804.0,0.14859658479690552,0.12298265024639245,0.1407741479149576,0.11570626924016579
4806.0,0.1502326875925064,0.12486991385138509,0.1479502539401744,0.11454164713524664
4808.0,0.13547970354557037,0.13178944892564906,0.15240113840711986,0.11233343583671518
4810.0,0.13432475924491882,0.1352497020080669,0.15570963979504523,0.11326091573003233
4812.0,0.17343425750732422,0.12931658172558805,0.15765194500600901,0.1158525883696771
4814.0,0.2376161366701126,0.12175527650500242,0.15107457983771583,0.1177418680866884
4816.0,0.23192724585533142,0.1229855512994309,0.14323984070915327,0.11361978606004715
4818.0,0.2103223353624344,0.1253705517784587,0.1497297732392413,0.11801265365428551
4820.0,0.1962311863899231,0.1318700346896802,0.1537441164081031,0.12363457153722189
4822.0,0.16280031204223633,0.13468452560995564,0.15547968051671493,0.12757382143385615
4824.0,0.17753861844539642,0.12911838696287664,0.15829517835197598,0.1232839094417177
4826.0,0.1520468294620514,0.12273775304495373,0.15280305605643335,0.1217034532666335
4828.0,0.16723483800888062,0.12420529855781547,0.14354507985738243,0.11843939765280703
4830.0,0.17122232913970947,0.1261976052063945,0.1505417089391852,0.11984061212800169
4832.0,0.15803074836730957,0.13187885047538558,0.1537952576321927,0.11588218598174023
4834.0,0.13921040296554565,0.1350556285114594,0.1562786959052016,0.11730737234939369
4836.0,0.1561335176229477,0.12872040482508762,0.1574411804927781,0.11672484392254644
4838.0,0.14676044881343842,0.12197505226456679,0.15067550670214777,0.11224555664789589
4840.0,0.10746874660253525,0.12382898378495635,0.14199071449958547,0.1029798640513677
4842.0,0.11421144753694534,0.12566083972575617,0.14881371970573232,0.10984067462529222
4844.0,0.08537682145833969,0.13137461220263758,0.1515998578456595,0.11853545222814704
4846.0,0.09941541403532028,0.1350778279592072,0.15412334660028318,0.12421352555746325
4848.0,0.10638794302940369,0.12972132407778447,0.1565740293854244,0.12170625737892961
4850.0,0.12256613373756409,0.12252281983310502,0.14987108823460782,0.12327042246064795
4852.0,0.1514299511909485,0.12450054046259366,0.14251860530482946,0.11652483220965561
4854.0,0.16668348014354706,0.12651317557496491,0.1491136996361634,0.11680454226999598
4856.0,0.14119023084640503,0.13258403434205693,0.15388032315536482,0.11473042983155729
4858.0,0.13105811178684235,0.1352750538423871,0.1554900331552124,0.11508485271549308
4860.0,0.16941940784454346,0.12936459017557106,0.1566982005173149,0.11544991793513115
4862.0,0.2108561247587204,0.12283327680708736,0.15135015226824122,0.11747837819871852
4832.0,0.19272451102733612,0.12423036263701658,0.14415744177555395,0.11303894041054824
4834.0,0.17565105855464935,0.12606312851328513,0.15023118512277256,0.11779721948089517
4836.0,0.14070524275302887,0.1327606121057516,0.15538915237160109,0.12359257515401033
4838.0,0.13872765004634857,0.1350652660429552,0.1561598173269141,0.1272516142913928
4840.0,0.1316133439540863,0.1291402334212148,0.15597999158024714,0.12218366904556827
4842.0,0.12985648214817047,0.1229852265346278,0.15088748883430136,0.12159738045759959
4844.0,0.15599507093429565,0.12436609065210721,0.14305571482830592,0.11875757630530379
4846.0,0.16834887862205505,0.1263004635641095,0.14978817277706719,0.12026680971338748
4848.0,0.1625891476869583,0.13329022796447468,0.15491082475291498,0.11680202373869934
4850.0,0.14476799964904785,0.1357113549493894,0.15643714039758316,0.11904068664526858
4852.0,0.14500896632671356,0.1299626635310065,0.15805070165378107,0.11774732242098046
4854.0,0.13516847789287567,0.12419650065016068,0.15230783948976168,0.11329021811660432
4856.0,0.10663679987192154,0.12459534853509319,0.1437453907390652,0.10509791109986995
4858.0,0.11333096027374268,0.12782181733545037,0.15169378110663367,0.11063317085415064
4860.0,0.09327129274606705,0.13478321730219742,0.15511741828850553,0.11943646042378844
4862.0,0.12666787207126617,0.13777802539281112,0.15636171627247172,0.12657242511561942
4864.0,0.12348377704620361,0.13027309014031732,0.15572543836340633,0.1222331237784021
4866.0,0.12548117339611053,0.12393053571046399,0.15068359979511692,0.12417388207929095
4868.0,0.16038013994693756,0.12611735635235288,0.14284311176681094,0.11831078595029335
4870.0,0.16346827149391174,0.12818725120077798,0.15118582176116718,0.11848296717778858
4872.0,0.15824060142040253,0.13518903434741034,0.15632071661276897,0.1167870948613007
4874.0,0.15280726552009583,0.13808776792910968,0.15632724945759408,0.11793824908378675
4876.0,0.18674516677856445,0.13078118962160099,0.15595117402518846,0.11723491552480789
4878.0,0.22042183578014374,0.12514313060603638,0.15261199598136746,0.11881880898779071
4880.0,0.22016961872577667,0.1259526660565082,0.14438810505440963,0.11342023617014299
4882.0,0.1745055764913559,0.12765996838732835,0.15171842242053746,0.12076879329751224
4884.0,0.15039153397083282,0.13449844846527356,0.1567905818108011,0.1254504427491874
4886.0,0.1628749519586563,0.13751137945227834,0.1574496049950118,0.1301498787965967
4888.0,0.1522628664970398,0.13084012383139168,0.15685422017541376,0.1238429128399169
4890.0,0.14167200028896332,0.12661835170708002,0.15258613421653228,0.12094070896198038
4892.0,0.17902792990207672,0.12829577417341123,0.14470422330420696,0.120062250016022
4894.0,0.18133951723575592,0.13143613481711422,0.15224033494794062,0.12324541754175332
4864.0,0.1595420241355896,0.13768814254200065,0.15706799762151527,0.11931268675593235
4866.0,0.15803788602352142,0.14010150441743593,0.15850740341295352,0.12128705626639064
4868.0,0.17455357313156128,0.13223857093427815,0.1582621815258185,0.1184754837722343
4870.0,0.1543772965669632,0.1287920352916343,0.15254208245605594,0.11432443519038239
4872.0,0.13321921229362488,0.1295025620151217,0.14544978163064715,0.1063104925241677
4874.0,0.11800822615623474,0.13345564827979634,0.15432829846866633,0.11375858239705443
4876.0,0.10742338746786118,0.13906282294559066,0.15869439231864452,0.12073928906576649
4878.0,0.12445271760225296,0.14044664023082065,0.15738619156200995,0.12640015842560975
4880.0,0.12423733621835709,0.13187119890611698,0.15668643727465367,0.12033720622501139
4882.0,0.13637565076351166,0.1298122077092558,0.1518370100745152,0.12298080256763018
4884.0,0.16592806577682495,0.13080298332529106,0.14576748022433564,0.1190560087644021
4886.0,0.1766805499792099,0.13295850192313027,0.15349012956621466,0.11997704333587662
4888.0,0.1549445539712906,0.13899714059517088,0.15838661712076424,0.11661590367146898
4890.0,0.13451364636421204,0.1397592810036252,0.1572494855403434,0.11849821374919874
4892.0,0.18774086236953735,0.13098153897698597,0.15675566679290462,0.11949487856273193
4894.0,0.25304073095321655,0.12824391915704106,0.15378472022411155,0.11972975973245009
4896.0,0.2722281515598297,0.1301967401450107,0.14838058488365577,0.1196970882294511
4898.0,0.19849532842636108,0.1331868963621134,0.1563148517819201,0.12313413837534853
4900.0,0.19359062612056732,0.13919434604069036,0.16036421875508966,0.12786453460896566
4902.0,0.21365828812122345,0.1392499765979647,0.15740353300393825,0.1307066727625421
4904.0,0.16052140295505524,0.13104772702052178,0.15621388283993373,0.12171730568879809
4906.0,0.13251544535160065,0.12904647413487028,0.1536853130004624,0.12160550778792606
4908.0,0.20031407475471497,0.1297836750108714,0.14796463466907844,0.1212479511547301
4910.0,0.16004571318626404,0.13298717047906786,0.15473456015796624,0.12201030680857547
4912.0,0.15551574528217316,0.14016225230947124,0.15918561528128505,0.12052357107935686
4914.0,0.1535394787788391,0.1413461339545071,0.15774769220483364,0.12341143962757312
4916.0,0.14904624223709106,0.133247042067385,0.15912168423899764,0.12048382628767541
4918.0,0.14905066788196564,0.12995438818884628,0.15471684607756642,0.11712258153686843
4920.0,0.11607692390680313,0.1310861203071245,0.14837062424158065,0.10900652010743758
4922.0,0.09861212968826294,0.1342584827949824,0.157062200075675,0.11587003664239291
4924.0,0.10778441280126572,0.1409049232658474,0.15987040850535308,0.1221784932074401
4926.0,0.08999595046043396,0.14208569720701528,0.1586608379964788,0.12803482141836217
4896.0,0.11305346339941025,0.13346347941729597,0.15901441161191962,0.12103402267297785
4898.0,0.1248663067817688,0.13196365517116948,0.15527052990477763,0.1260717910496356
4900.0,0.168126180768013,0.133368917768772,0.14972484131096017,0.12173304576043537
4902.0,0.1731674075126648,0.13460058454765855,0.15850590800600617,0.12316800228632573
4904.0,0.16439688205718994,0.14158957887931276,0.16201922260058918,0.1193193983748174
4906.0,0.13754138350486755,0.14356118314344057,0.15977419589696248,0.12114220953681737
4908.0,0.2023683488368988,0.13511507319893068,0.1623652170232734,0.12333462680269039
4910.0,0.24592137336730957,0.13113990799372674,0.15825517414177387,0.12434479813501435
4912.0,0.25607478618621826,0.13348485569737203,0.15175863257794803,0.12030988883323053
4914.0,0.19961075484752655,0.13578336322933654,0.16049716611456527,0.12635557548788567
4916.0,0.18819455802440643,0.1411381189614353,0.16292969124035175,0.12834821324107576
4918.0,0.17358823120594025,0.14310556485883535,0.16186146501422027,0.13234953987316567
4920.0,0.1303306370973587,0.13367208967055208,0.16010565028371235,0.12439686883932771
4922.0,0.13983072340488434,0.13102824776387292,0.15737609235097397,0.12527388658587316
4924.0,0.20623502135276794,0.13298502395433207,0.15115197696959445,0.12487756702787545
4926.0,0.1550239473581314,0.13528860330820658,0.15891544482125772,0.12482452640996838
4928.0,0.1610037237405777,0.14232086543626085,0.1634666164555222,0.12259208454371716
4930.0,0.12173448503017426,0.14289369534808935,0.1632287605126406,0.129018478836241
4932.0,0.14055563509464264,0.1326523335199212,0.15993184092740723,0.12269997895204708
4934.0,0.16692666709423065,0.13083849145343407,0.15814767811283542,0.12134793481033901
4936.0,0.14415565133094788,0.13309278884409076,0.1502787435083976,0.11127771763960186
4938.0,0.16846679151058197,0.13558917035491344,0.159041738527816,0.11935852506551643
4940.0,0.12836307287216187,0.14174875840820914,0.1628023452257669,0.12445622723880358
4942.0,0.08021613955497742,0.1420968546697858,0.16152773074425295,0.13061433676189207
4944.0,0.09220685064792633,0.13197683582858002,0.1587926815269852,0.1237567976041059
4946.0,0.11183805763721466,0.13116998056250273,0.1554804524190754,0.12753374923935243
4948.0,0.1599813550710678,0.13413050562593,0.14970106097310776,0.12346603178926235
4950.0,0.1710198074579239,0.13569435548058292,0.1582391821248002,0.12434180320603572
4952.0,0.17400047183036804,0.14385471016818405,0.1639383652469771,0.12216162460833878
4954.0,0.17001105844974518,0.14375082156649788,0.16240532164927177,0.12618619919993768
4956.0,0.24046199023723602,0.13349367538474208,0.16170250015898566,0.1243759728908655
4958.0,0.27107664942741394,0.13180583939403248,0.15966443827079368,0.12548945877798046
4928.0,0.27441880106925964,0.1335685794126031,0.15130791806565608,0.12170879456225907
4930.0,0.27500542998313904,0.135429576046132,0.16096832731800106,0.12944066575973825
4932.0,0.24303777515888214,0.1436906016263786,0.16684551023935795,0.1322258696736338
4934.0,0.1986701637506485,0.14278451242337484,0.16238010369506564,0.13596080333973148
4936.0,0.18048882484436035,0.13280103880991118,0.1610700228471814,0.12525640398845603
4938.0,0.1939360350370407,0.13213180679486358,0.15870529192135444,0.1276702928245958
4940.0,0.17321832478046417,0.13420651231519987,0.15116195158539047,0.1266631593568438
4942.0,0.15790174901485443,0.13582432275626807,0.1602201695782527,0.12983005977366194
4944.0,0.15086953341960907,0.14319273091311072,0.16551173347886936,0.12616893739932578
4946.0,0.14661738276481628,0.14357854512989662,0.16295689420790987,0.1327964426777265
4948.0,0.15094205737113953,0.13360231721209112,0.16133050874028826,0.12428746780359616
4950.0,0.16814948618412018,0.13235204729379285,0.1582887299597868,0.12106658477278448
4952.0,0.16699516773223877,0.13415063530551627,0.15012988885827896,0.11261969283971979
4954.0,0.1439795047044754,0.1367696291308379,0.1594101721615841,0.1205938657687398
4956.0,0.12664096057415009,0.14279862621166622,0.1647223436128238,0.1272726953982091
4958.0,0.09597303718328476,0.14375947707166137,0.16166818549881407,0.1347680724994228
4960.0,0.11804142594337463,0.13253013312258324,0.16041634510234537,0.12552622917474734
4962.0,0.13147161900997162,0.13173326711276945,0.15730114330661757,0.12933935421998555
4964.0,0.18779684603214264,0.13342313177869392,0.149353320927761,0.12579330212056447
4966.0,0.20364777743816376,0.13596348246658085,0.15951801078482925,0.12748142081312985
4968.0,0.1821284294128418,0.14159039601756998,0.16318086794133163,0.12291510999887686
4970.0,0.16606096923351288,0.14234613517763675,0.16083237989156907,0.12665871396379394
4972.0,0.20227092504501343,0.13179564350660072,0.1601511339717647,0.12396357863509998
4974.0,0.26621192693710327,0.1305542315428419,0.1566886898061384,0.12416779462618567
4976.0,0.2940053641796112,0.1328349776816952,0.15017799670143986,0.12099752511094578
4978.0,0.23269318044185638,0.13544657390312662,0.15999035911689521,0.1285457796710039
4980.0,0.22769306600093842,0.1406708203318152,0.16428047732942536,0.13342740630280098
4982.0,0.21851816773414612,0.14015519962178788,0.16079000983492203,0.13688435680067568
4984.0,0.19554635882377625,0.12989105649621313,0.15909705612435496,0.1270843562016813
4986.0,0.1872687190771103,0.1304390834706288,0.15643672196313474,0.12746945773053858
4988.0,0.20039856433868408,0.1316338678328523,0.14814683603175707,0.12624905874675355
4990.0,0.18392731249332428,0.13475026905558884,0.15930949050747825,0.12989961322352206
4960.0,0.16330231726169586,0.14051168039003012,0.1623028684420087,0.12688387266276543
4962.0,0.12666268646717072,0.1411119660312173,0.16026917692548312,0.13212227999681606
4964.0,0.15506881475448608,0.13224573440476586,0.16029161677572235,0.12571186390455805
4966.0,0.17865370213985443,0.13169027818152232,0.15711216534220754,0.12178210907196368
4968.0,0.18198002874851227,0.13247678508397273,0.1491194799843247,0.11292686052064548
4970.0,0.16374048590660095,0.1354441395592076,0.16000349209388512,0.12332272553852511
4972.0,0.12288454920053482,0.14060854221558838,0.16452879372337328,0.13018503930031977
4974.0,0.11002173274755478,0.14114087682079968,0.16142627626138803,0.13671826621188543
4976.0,0.12602509558200836,0.13224344905940358,0.15936647412571292,0.12787309417733297
4978.0,0.18002085387706757,0.13204629055181066,0.15699215601437835,0.12965615579228865
4980.0,0.1934790015220642,0.13300207514823215,0.14827890664630025,0.12740298822786678
4982.0,0.1773671656847,0.13694279440142398,0.161026481429718,0.12995498059503466
4984.0,0.16551245748996735,0.14225015504538097,0.16606858572760091,0.12620852610521752
4986.0,0.16551242768764496,0.14192188787084323,0.1620620053398907,0.12840495612280914
4988.0,0.1947038769721985,0.13237661304783285,0.160571509945166,0.12540939715998786
4990.0,0.2502225637435913,0.13141976165874025,0.15827599849495647,0.12432923019049896
4992.0,0.27834078669548035,0.13193913684754224,0.14936152364257493,0.11971718496359506
4994.0,0.23492030799388885,0.13617145115735302,0.16133470361993493,0.1289312428806497
4996.0,0.20619319379329681,0.14138961409456122,0.16600726666292032,0.13400419528929886
4998.0,0.21667562425136566,0.1414039654619276,0.1618471437515993,0.13747318778613654
5000.0,0.20972874760627747,0.13173619255756883,0.1590938300257572,0.1282412420919813
5002.0,0.2127303034067154,0.1319010876234419,0.1572381751991193,0.12851240955408078
5004.0,0.17327521741390228,0.1329136029681533,0.148820296538083,0.12801095341571
5006.0,0.13670919835567474,0.13646207861807114,0.16003009227532905,0.13050372491318837
5008.0,0.12248016893863678,0.1420900312407997,0.1657785588695064,0.12913988779342714
5010.0,0.1292763501405716,0.14325387240740237,0.16322683042694283,0.13513235324965428
5012.0,0.14119738340377808,0.13449976958017548,0.1632225514681932,0.12956850201565864
5014.0,0.1615120768547058,0.13408176136173824,0.1606102111702249,0.12370540678105582
5016.0,0.15055979788303375,0.13319902650097273,0.1530425956908064,0.11510820921416563
5018.0,0.13964080810546875,0.13668884603262937,0.16229854563772708,0.1266321666376746
5020.0,0.11682113260030746,0.1421454984114601,0.1668194364278384,0.13417315964372076
5022.0,0.1228562444448471,0.14038767412259706,0.1632368593343444,0.1396936588210425
4992.0,0.13480889797210693,0.13181967238260273,0.16134049350083915,0.13130252218076188
4994.0,0.16199657320976257,0.13095426999570436,0.157354583596653,0.13070000647363367
4996.0,0.1861599087715149,0.13079781668596302,0.15181536558281516,0.1300104068679173
4998.0,0.1630275547504425,0.13593453473842299,0.16059673936813762,0.1314870047050836
5000.0,0.15027855336666107,0.14197711860144005,0.16731917735382018,0.12835989884992027
5002.0,0.13903960585594177,0.14045494989817578,0.1635445028463148,0.12934723684744978
5004.0,0.16363832354545593,0.13164994684322945,0.16349193041453888,0.1268112686215192
5006.0,0.21329793334007263,0.1299391135501532,0.15852375736572985,0.12280236186736794
5008.0,0.2166212648153305,0.1301449623549498,0.15180614621760566,0.11895271025798605
5010.0,0.20637449622154236,0.13540840764695433,0.1611939545608143,0.12937436351517972
5012.0,0.18519006669521332,0.14095328026526602,0.167089953668129,0.13532116518742307
5014.0,0.18232959508895874,0.13981198231061354,0.16234872583603543,0.13838898201095234
5016.0,0.18971523642539978,0.13163978508076568,0.16222933059243608,0.13020893128799182
5018.0,0.19270043075084686,0.13098918088326375,0.1578159555731275,0.13040544873402443
5020.0,0.15361885726451874,0.1304369755024344,0.15144865384316564,0.13171395072186384
5022.0,0.14382721483707428,0.1361778097748279,0.16105953235716094,0.13356042413645489
5024.0,0.12652947008609772,0.141624607743873,0.16720265688514682,0.13145573793852483
5026.0,0.11738768219947815,0.13992609795620284,0.16562548275634245,0.13585423690689513
5028.0,0.1237775981426239,0.13239577154352788,0.16305833073877113,0.12962906640020108
5030.0,0.1314038187265396,0.13107103357456062,0.15884434696741387,0.12140391708906918
5032.0,0.1029830202460289,0.13153928272613444,0.15168601527551476,0.11331404226972414
5034.0,0.0990404337644577,0.13642601746317143,0.16150437586288363,0.1253255949534519
5036.0,0.07573853433132172,0.14241186711254078,0.1660667373762061,0.13462652703691314
5038.0,0.09413706511259079,0.1397301555471989,0.1631563525117188,0.140639638590902
5040.0,0.120662622153759,0.13245293270582692,0.16094080379776396,0.13270306148180125
5042.0,0.1483025997877121,0.12999379940517505,0.15758068498326036,0.1316960289736301
5044.0,0.16921132802963257,0.13198830094738262,0.15138954044901096,0.13156641608860314
5046.0,0.14308547973632812,0.13665342730532526,0.16119212230541774,0.13281203491431368
5048.0,0.13294155895709991,0.1428972690524894,0.16629971978793467,0.12941048705623048
5050.0,0.11512812972068787,0.1401899474829741,0.16444872468124105,0.13085936767338116
5052.0,0.1229296550154686,0.13236691895498118,0.16175580311272336,0.12629450063853762
5054.0,0.16291826963424683,0.12929509215301413,0.15875746442146185,0.12295984981655271
5024.0,0.1777668446302414,0.1312142022029958,0.1518857040402638,0.11764128051961982
5026.0,0.16227002441883087,0.1357307227934123,0.16095881969439285,0.1292262681835009
5028.0,0.16915538907051086,0.14254810944846338,0.16646436020727498,0.13573736706950312
5030.0,0.17257511615753174,0.13946605544220575,0.16409638031078136,0.1407018290590713
5032.0,0.15459367632865906,0.13219665552115145,0.16071424745034316,0.13031688386957355
5034.0,0.1347840130329132,0.12994507609063402,0.15817169450597152,0.13071916308222836
5036.0,0.1602204293012619,0.13092554419196928,0.15157908139520984,0.13146383175997356
5038.0,0.12876297533512115,0.13624370328463653,0.16094756164107024,0.13366107817749542
5040.0,0.12190796434879303,0.14097465872777423,0.165730924788542,0.1311496565479244
5042.0,0.10681335628032684,0.1392877736363791,0.16420401929693962,0.13675648069021312
5044.0,0.10126549750566483,0.13226397774739843,0.16212679076190809,0.1291157079644007
5046.0,0.12687765061855316,0.1286751373523186,0.1579222147575257,0.12151467895332307
5048.0,0.09412938356399536,0.12930561602972096,0.14915213910854655,0.11226525227714625
5050.0,0.09055199474096298,0.13552669751689508,0.15833359972722158,0.1219107283962383
5052.0,0.06880178302526474,0.14014168273210822,0.16426613162232756,0.13255985094435882
5054.0,0.07973221689462662,0.1381165997587478,0.16127450022264908,0.13913795968937182
5056.0,0.08927102386951447,0.13151899998793024,0.15898849704471887,0.1310786014974483
5058.0,0.1232835054397583,0.127279422471553,0.1551776347666747,0.13045803449125248
5060.0,0.15009921789169312,0.12916787944036737,0.14946343700635428,0.12995188260040946
5062.0,0.14773684740066528,0.134400934908755,0.15802410847557255,0.13251819912852142
5064.0,0.12742289900779724,0.13947156635828534,0.1641210867100977,0.12777793648267655
5066.0,0.10073622316122055,0.13811954180220098,0.16070703779634268,0.1295604868053304
5068.0,0.125804603099823,0.13201255157776914,0.15905073700474315,0.1266958754798999
5070.0,0.1754823476076126,0.12800059134520245,0.1560800567855796,0.12334899452067964
5072.0,0.16102248430252075,0.1299006241535632,0.1500935967750099,0.11796155723352732
5074.0,0.1682356297969818,0.1340417838364394,0.15824304596467878,0.12640376088317504
5076.0,0.15392650663852692,0.13970815814999138,0.164327864561702,0.13319049539843125
5078.0,0.14476332068443298,0.13864182307044404,0.16057890260696786,0.13782707328466104
5080.0,0.15644705295562744,0.1328487562074486,0.1581156536106082,0.1269113460236653
5082.0,0.15541766583919525,0.1283849351099965,0.15452212537284948,0.12762463019373535
5084.0,0.13155187666416168,0.1308952667346467,0.14974500427518128,0.12975925765272892
5086.0,0.16358207166194916,0.13627092294354368,0.15931134876732087,0.13301259233011084
5056.0,0.1380668580532074,0.14173630712871355,0.16495815717267479,0.13104894455484536
5058.0,0.11537931114435196,0.140472753633878,0.1615551468677595,0.1351697748059325
5060.0,0.10167629271745682,0.13391398146451083,0.159000901093475,0.12850988401564575
5062.0,0.09468604624271393,0.1289085643623091,0.1564342433769675,0.12026016324876045
5064.0,0.09434641897678375,0.13130662370401833,0.1504628040528704,0.11219191641769531
5066.0,0.08845144510269165,0.13646165848152553,0.15895050208498912,0.12253173802647015
5068.0,0.07888394594192505,0.1411966535722562,0.16414852061375032,0.13205558587172836
5070.0,0.07160219550132751,0.13932872287043302,0.16010844894060747,0.13807878376266156
5072.0,0.07696498930454254,0.1342204834737182,0.1589220395867822,0.12837116782218028
5074.0,0.12065888941287994,0.12781910330568175,0.15524067549804224,0.1278626902518288
5076.0,0.1602334827184677,0.13095763959086607,0.14931155088995993,0.1275561680523226
5078.0,0.16315977275371552,0.13583435002551097,0.1588961029769903,0.12947734889975698
5080.0,0.14137370884418488,0.14120948788070856,0.16491137488274968,0.12718346075627326
5082.0,0.11512672901153564,0.1385145556763457,0.16158398004469984,0.1289124349368338
5084.0,0.1106220930814743,0.1336416416156165,0.16083534389312001,0.1259657208101323
5086.0,0.14175966382026672,0.12743349619203245,0.1581792737406938,0.12258095590052291
5088.0,0.1364615261554718,0.13043798810866364,0.15237797075201806,0.11812088330866466
5090.0,0.13220912218093872,0.13562799365135214,0.1614613694325195,0.12851117389087355
5092.0,0.11211138963699341,0.141695730614149,0.16810643995314695,0.13443340373371263
5094.0,0.11456970870494843,0.13893848244294113,0.1625918118314015,0.1387251698448639
5096.0,0.11530892550945282,0.13331588165018546,0.16013911091522723,0.1279049123862376
5098.0,0.12332016974687576,0.12792661507503328,0.15877095397057817,0.12818740995770259
5100.0,0.12230148911476135,0.1302950663163258,0.15041251453788293,0.12912962261642422
5102.0,0.15678098797798157,0.13498574797702362,0.15961897315512502,0.13157779679301368
5104.0,0.1417703479528427,0.1422454432898332,0.1660018514647791,0.12985562842793402
5106.0,0.12343177199363708,0.13961358718022113,0.16236470448779172,0.1368413015530533
5108.0,0.11963474750518799,0.13379985916054116,0.15993579195684335,0.12933624739825145
5110.0,0.10605219751596451,0.12848846334930697,0.1574299472312644,0.1212730874329398
5112.0,0.09874021261930466,0.1304986924089864,0.14850588438471884,0.112583500584845
5114.0,0.1058979481458664,0.1347716945081068,0.1571937124299037,0.12197051384364115
5116.0,0.10578755289316177,0.14171078632055237,0.1639070946520429,0.13029483524680419
5118.0,0.11782867461442947,0.13904002746638294,0.16001131021165316,0.13753659635142143
5088.0,0.10796047747135162,0.13365917456725712,0.1592001154928839,0.12848653213746247
5090.0,0.11304297298192978,0.1284026421390714,0.1553466318964807,0.1277669616908306
5092.0,0.13801249861717224,0.13118154303218874,0.14812321991504607,0.1275438093351999
5094.0,0.15493912994861603,0.13391228430899052,0.15632412832267914,0.1302462792027635
5096.0,0.13905610144138336,0.140969698595494,0.16350394070380506,0.12663900655715574
5098.0,0.11934944987297058,0.1388008646863623,0.16092042279692256,0.12993874593463256
5100.0,0.12493083626031876,0.13298960604416302,0.15887926886881162,0.1254994287646236
5102.0,0.15373896062374115,0.12809676722810118,0.15671564985222952,0.12206618908899217
5104.0,0.16067171096801758,0.13020462070528732,0.1492087267352774,0.11755430586325226
5106.0,0.14529044926166534,0.13393404589063476,0.15763340522511798,0.12685249031021908
5108.0,0.190134659409523,0.14117191073613916,0.16460194456921737,0.13324355071812316
5110.0,0.1562644988298416,0.13815991220173923,0.16070265076668042,0.1378254113993872
5112.0,0.12897823750972748,0.1322495067971205,0.15807065537677828,0.1273723781496131
5114.0,0.15350350737571716,0.12829415622526985,0.15596742401360972,0.1272379529211041
5116.0,0.13657031953334808,0.13089556063315755,0.14772246578062992,0.1277213467461281
5118.0,0.13337883353233337,0.1334657841457692,0.15615894048823148,0.13035503505200388
5120.0,0.12053368240594864,0.1385296937315675,0.1629411445328968,0.12899626585729876
5122.0,0.11305972933769226,0.1375092261442285,0.15971265182905184,0.13526754656090204
5124.0,0.10408073663711548,0.13045989878792247,0.15643202762694697,0.12752687692151546
5126.0,0.1122661903500557,0.1253734710861283,0.15251564054927244,0.1192748829722317
5128.0,0.10091342777013779,0.12877379036655745,0.14586735442200663,0.11157076146494628
5130.0,0.09709282219409943,0.1320102054849942,0.15372009606999446,0.12063245126028908
5132.0,0.08336646109819412,0.13610676272442032,0.15984098158049861,0.12939181619098947
5134.0,0.08416075259447098,0.1353599992988287,0.15820190672451687,0.1354779944703531
5136.0,0.10020405799150467,0.12935972779416124,0.15383652653398452,0.12685402342575114
5138.0,0.12271708995103836,0.12333381942106976,0.15118109217190204,0.1256030889616514
5140.0,0.13508905470371246,0.12755950012410497,0.14596969141341595,0.12559483646953362
5142.0,0.15273354947566986,0.13179796768122665,0.15473225616424438,0.12822831774436433
5144.0,0.12349184602499008,0.1354788241617051,0.1599125064476187,0.12467297222841317
5146.0,0.10715944319963455,0.1353728020630163,0.15892965455374572,0.12781702512913118
5148.0,0.14600922167301178,0.12992624050675894,0.1560024511055241,0.12345818723479622
5150.0,0.1721358746290207,0.1235496237599981,0.15274467541109393,0.12115899714490821
5120.0,0.1725613921880722,0.12712306400647228,0.14775035063009154,0.11654316513059827
5122.0,0.15266135334968567,0.12999914812037036,0.15510275660369918,0.1261670379325036
5124.0,0.1482587605714798,0.13550169184614588,0.16167071199173844,0.13304149158457337
5126.0,0.15412229299545288,0.13466922971683637,0.15917567718380016,0.1375584101392431
5128.0,0.163877472281456,0.1283795319083407,0.15501271055062152,0.12675635180834643
5130.0,0.15839947760105133,0.12316066989495908,0.15284140659315962,0.1267051760311032
5132.0,0.14565180242061615,0.12563510271150047,0.14559864866399488,0.12810793008268304
5134.0,0.13022170960903168,0.12852385046400833,0.15322678529747294,0.12952769940022313
5136.0,0.11894639581441879,0.13260961011746406,0.15875052816587665,0.12770561797564192
5138.0,0.1174844354391098,0.13286887036490908,0.15685940946141547,0.13348062771490768
5140.0,0.09986493736505508,0.12613518820294323,0.1537069579956517,0.1258835883758102
5142.0,0.10537607222795486,0.12069307173346999,0.15279582705270792,0.1201501772385653
5144.0,0.09770754724740982,0.12324764408641463,0.14409484952703985,0.11130060537334353
5146.0,0.06375271081924438,0.12768114867193725,0.1533225630506771,0.11834554779051483
5148.0,0.07043524086475372,0.13037086716872334,0.15836746692451942,0.12849909915628369
5150.0,0.08219632506370544,0.13054506285812478,0.15545747204575944,0.13354864618728648
5152.0,0.10614117234945297,0.12392972470839002,0.15240469865402734,0.1264103519385209
5154.0,0.12561078369617462,0.11847742537165674,0.15157220521741352,0.12574674350595685
5156.0,0.13671572506427765,0.12206101525953902,0.14422721994099622,0.1261871190755322
5158.0,0.12620007991790771,0.1272428823998636,0.15462748778284582,0.12823954512002766
5160.0,0.12429573386907578,0.12980267126073375,0.15966444334778399,0.1253462042051502
5162.0,0.1107017919421196,0.1303541861824176,0.1566744749134606,0.12742651017366483
5164.0,0.1125255897641182,0.12381327455659198,0.15405265570488363,0.12269654712633228
5166.0,0.14594879746437073,0.11859285669229039,0.15174226137767596,0.12012528465888607
5168.0,0.1440737396478653,0.12159220093969768,0.14479647116890584,0.11246980297921541
5170.0,0.1260322630405426,0.1264823583331496,0.15453189242888501,0.12192046301265402
5172.0,0.1097368523478508,0.12960021294940022,0.1598246309814929,0.1285579907630204
5174.0,0.12739454209804535,0.1304685912418106,0.1555666067148072,0.1330343565573614
5176.0,0.16689223051071167,0.1240144274160453,0.15244129358838568,0.12453339449575389
5178.0,0.16691020131111145,0.11932664228879993,0.15052777258817607,0.12595819741720946
5180.0,0.160975843667984,0.12248991324612891,0.14525142299514293,0.12709500267098545
5182.0,0.12226810306310654,0.12795703406908646,0.15541235993898714,0.1290772514490347
5152.0,0.1114002913236618,0.13119022643988273,0.15939416123451142,0.12781477273698644
5154.0,0.12210208922624588,0.1320034297187228,0.15773474546579117,0.13360893960663836
5156.0,0.11740335077047348,0.1264475416358698,0.1547989660507804,0.1278121241187451
5158.0,0.10467321425676346,0.12182212292466442,0.15407489896808946,0.12000088194508014
5160.0,0.09673859179019928,0.12363030798038886,0.14657336267907997,0.11235866516484272
5162.0,0.06165545433759689,0.1283144687815236,0.15688632935953964,0.11931273679543185
5164.0,0.052441660314798355,0.1300061118543385,0.15751730471760814,0.12914316935739267
5166.0,0.07956930994987488,0.12973615994772236,0.15573985005467048,0.13361541500741592
5168.0,0.09796081483364105,0.12360137712541741,0.1515043559575754,0.12338599687084603
5170.0,0.12957258522510529,0.11883985719976159,0.1479473027735579,0.12509670472382367
5172.0,0.14061065018177032,0.1221450772326163,0.14384901162159613,0.12725195423985464
5174.0,0.13045288622379303,0.12705595561978597,0.15380611572338054,0.12698139913087647
5176.0,0.1292693167924881,0.12891371087254547,0.1564031086328663,0.124978379211802
5178.0,0.11952053010463715,0.1287895732091906,0.15714483428675283,0.12652180903093743
5180.0,0.1329459846019745,0.12369473174230389,0.1527295387852462,0.12081362255184908
5182.0,0.15971273183822632,0.12001367722692495,0.15128296126571136,0.12135079899593813
5184.0,0.15691766142845154,0.12068686995011933,0.14440975586932836,0.1145841674907349
5186.0,0.11443081498146057,0.12749842971292613,0.15478941691573994,0.12349110860804641
5188.0,0.11006248742341995,0.1299109118883741,0.15713037521514772,0.12963893825310607
5190.0,0.1276037096977234,0.13028849010756632,0.15611980567868178,0.13336633412686033
5192.0,0.15154437720775604,0.12536954097988798,0.15141586047733768,0.12261271561573474
5194.0,0.14054687321186066,0.12049630978974252,0.14869089309732217,0.12366131040024103
5196.0,0.14998045563697815,0.12188222498390684,0.14340931289146705,0.12745844837629033
5198.0,0.1073795035481453,0.1283003403694882,0.1548329798969195,0.13003100756762587
5200.0,0.1095346212387085,0.1304631315519712,0.15652744810393165,0.12785252075543083
5202.0,0.12487447261810303,0.1315234670424281,0.15861642181669636,0.13128564686536656
5204.0,0.11112385988235474,0.12726166443293235,0.15252691364671173,0.12179453309840388
5206.0,0.11604247987270355,0.12154060951474906,0.14922388077745333,0.11599324311310118
5208.0,0.08523821085691452,0.12169431357130761,0.14203012555207514,0.10665746301483398
5210.0,0.06645822525024414,0.12811182631557516,0.153187093502296,0.11514223196044716
5212.0,0.05744515359401703,0.12957596926560955,0.15363348795084242,0.12496009042876523
5214.0,0.07309349626302719,0.1311584457509959,0.1556175101523457,0.12950112821056028
5184.0,0.10767299681901932,0.12614877420237877,0.15014967463490955,0.11901736866167138
5186.0,0.1291714310646057,0.12057958148030452,0.148223702294384,0.121285839672617
5188.0,0.13949483633041382,0.12151308479551494,0.1419244605903172,0.12454060542606529
5190.0,0.15420587360858917,0.12803980354193784,0.15458458603724054,0.12589176834536556
5192.0,0.14685949683189392,0.13027934387662846,0.15680622356395474,0.12321007787882027
5194.0,0.14373114705085754,0.12977134866781526,0.15591247902946434,0.12255230287776686
5196.0,0.15409135818481445,0.12531644911100995,0.14999942230974708,0.11463409513411853
5198.0,0.16707585752010345,0.11897462647520932,0.14792127511628497,0.1162908605296765
5200.0,0.16266991198062897,0.12001093244449978,0.14197262705982977,0.11096192265792704
5202.0,0.13443125784397125,0.12661105829997954,0.15357767678739218,0.1210997985813302
5204.0,0.1114271730184555,0.1294103265510806,0.1560800126189835,0.12535060421815383
5206.0,0.14417356252670288,0.1288501998849208,0.15569380790673118,0.1273894982685354
5208.0,0.1474539190530777,0.1246800608289565,0.1491733321314409,0.1166933728715175
5210.0,0.15505003929138184,0.11929915198652785,0.1472996728000506,0.11881339502940479
5212.0,0.14716610312461853,0.11947783557591274,0.1420378878920608,0.12432425157731396
5214.0,0.13519838452339172,0.12569244258085963,0.15387512847935186,0.12638450923828676
5216.0,0.1233123391866684,0.12889889145311145,0.15649518282030495,0.1235902399822502
5218.0,0.11654120683670044,0.12904268369424907,0.15600700279921687,0.12479024322392786
5220.0,0.11189605295658112,0.12468023407661567,0.15055277591059865,0.11621684283135515
5222.0,0.11777257919311523,0.11972302157610742,0.14743165201855396,0.11194650510266149
5224.0,0.091945119202137,0.1206982957835734,0.14091454400364034,0.10431925645470902
5226.0,0.07857805490493774,0.12716304869989867,0.15190074058049002,0.11522770009528384
5228.0,0.05827459320425987,0.12948634855811766,0.15406226930384584,0.12191689451834864
5230.0,0.07247566431760788,0.13044293465473536,0.15483825838922172,0.12443197850201095
5232.0,0.08529723435640335,0.12533079703785785,0.14842192468649007,0.11633133902149599
5234.0,0.11545383930206299,0.120518757857523,0.1459010145487238,0.11900020028992074
5236.0,0.13799522817134857,0.12185368003568103,0.1401427439073692,0.12084661680425036
5238.0,0.1356930136680603,0.126574097905348,0.15112145542047298,0.1233446372351287
5240.0,0.12475138902664185,0.13142282903978725,0.15550250584475628,0.12078127212283944
5242.0,0.12926338613033295,0.1318916856633286,0.1566659687964945,0.12099488177120675
5244.0,0.11987949907779694,0.12736909292872925,0.15332077755870033,0.1155010899592737
5246.0,0.151932030916214,0.1223262057588982,0.15320979974291918,0.11651557698048699
5216.0,0.15782985091209412,0.12454423669692005,0.14691479929482565,0.1136022798000871
5218.0,0.1443527638912201,0.12908373124884295,0.15733613870379662,0.12389011809684236
5220.0,0.1147540882229805,0.1324769163280968,0.16113784204477766,0.12713966426953924
5222.0,0.0977814793586731,0.13216348715363127,0.1599571736467213,0.12678187200041427
5224.0,0.14201439917087555,0.12733769738123302,0.15277275453678296,0.11880748382231587
5226.0,0.14065837860107422,0.12310996220170747,0.15164355536037402,0.12133844887942237
5228.0,0.13063351809978485,0.12684644508526874,0.14634172409856083,0.12405038495697158
5230.0,0.13240332901477814,0.13106945260238853,0.15712403985274462,0.1259651498348611
5232.0,0.11391708254814148,0.13486980644604654,0.16136918858682206,0.12639795404168544
5234.0,0.07602231204509735,0.135437616875449,0.16173376331622558,0.12985692661758036
5236.0,0.07974217087030411,0.13036050659950368,0.156040273976366,0.12084063579540981
5238.0,0.08372920006513596,0.12441381557560004,0.15226134998111682,0.11546745798972818
5240.0,0.07992950081825256,0.12620618094128472,0.14664972980089291,0.11026513959978525
5242.0,0.08291970938444138,0.13187377290674834,0.1562793674806034,0.11855618922097134
5244.0,0.06496580690145493,0.13311974079707636,0.15974095350255316,0.12580673018358474
5246.0,0.06720568984746933,0.13137207666585943,0.1585719365609336,0.12764268841166457
5248.0,0.08175764977931976,0.1262761000716691,0.15066375300298088,0.11815083224218478
5250.0,0.09993979334831238,0.12167110697050793,0.14926991191044053,0.11961956877368957
5252.0,0.12079884856939316,0.12366255706024058,0.14542024973677567,0.12127801100164834
5254.0,0.12765148282051086,0.12902575416843337,0.15557969641372374,0.1235596185089276
5256.0,0.12063711136579514,0.13155983076116828,0.16029820474768297,0.12346742967189761
5258.0,0.11494653671979904,0.1303577637596884,0.15973536099810975,0.12721759574663005
5260.0,0.10246565192937851,0.12713610744754325,0.15637334973579708,0.11912896923545854
5262.0,0.10374289751052856,0.12252760747138329,0.154312945804706,0.11438898909565207
5264.0,0.09789282828569412,0.1240155764266329,0.14742103942519433,0.10701391913355197
5266.0,0.08982302248477936,0.13017766787335375,0.15583423228542992,0.1153038903632643
5268.0,0.0815894827246666,0.13289111322993089,0.15962097564491187,0.12140882654001817
5270.0,0.0958876758813858,0.13313247983002705,0.15695287762536997,0.12333678002748492
5272.0,0.12911786139011383,0.12681297245096837,0.15086403008079888,0.11712980166438867
5274.0,0.16014833748340607,0.12470602487222465,0.14980249296164924,0.11644259774744112
5276.0,0.17971132695674896,0.12550268299332076,0.14378975795931206,0.11843664707608292
5278.0,0.15304125845432281,0.131439761901303,0.15473093264444227,0.11894605686883448
5248.0,0.13757237792015076,0.13360816694856614,0.15842718532667627,0.11900794960207021
5250.0,0.09946422278881073,0.13458653764088838,0.1578538369096334,0.12548280419959365
5252.0,0.08482401818037033,0.1288030605518971,0.15338719448502983,0.11947613623453263
5254.0,0.09255165606737137,0.12328247216057978,0.15099951083797672,0.11539534535372412
5256.0,0.08065500110387802,0.12264891482304514,0.1434161331482066,0.10513345790846168
5258.0,0.07152901589870453,0.12930140569834528,0.1519028811034211,0.10817295858695296
5260.0,0.0629224181175232,0.12949130403245587,0.1512382642178783,0.1136689258774186
5262.0,0.06266877800226212,0.127733646842905,0.15352170161638035,0.11782172815048121
5264.0,0.07499679923057556,0.12208787740446837,0.1479189061886459,0.11161910503825774
5266.0,0.10366248339414597,0.11785922418982553,0.14546981904459214,0.10937784992297281
5268.0,0.12933968007564545,0.11863719382339305,0.1393885761224529,0.10920391683708218
5270.0,0.13478593528270721,0.12489676195444038,0.15025093690436508,0.11232589933512903
5272.0,0.11885588616132736,0.12797346704754514,0.15293611695206422,0.11181196898238509
5274.0,0.10743284225463867,0.12807476422736738,0.15552035496960231,0.11803505323464437
5276.0,0.10854583978652954,0.12228532122609037,0.1514257018922748,0.11311776910776543
5278.0,0.11321622133255005,0.1188991255064325,0.15012299269830268,0.11084407905955422
5280.0,0.0984693244099617,0.11963385499923364,0.14496693852092835,0.1007748804366211
5282.0,0.09312766045331955,0.12491072154128259,0.15133167598599376,0.10666988922528876
5284.0,0.07574401795864105,0.12818482292222455,0.15114232543616815,0.1098866999959772
5286.0,0.0916801393032074,0.1285339235864589,0.15388072614774703,0.11511841675913007
5288.0,0.08690880239009857,0.12016014014449604,0.1475744873515576,0.11086131311841152
5290.0,0.0986066535115242,0.11915988670898732,0.1469312854975427,0.11105751223407517
5292.0,0.1384449303150177,0.12183584421380361,0.14412340547475005,0.11090973122497277
5294.0,0.13602161407470703,0.12802767975019028,0.15258938451553739,0.11227821986580952
5296.0,0.1243429183959961,0.13391192623553985,0.15392297738399108,0.11419383005031718
5298.0,0.11069073528051376,0.1361172931472681,0.1617634716051407,0.12494337213008834
5300.0,0.08891212195158005,0.13054289802761143,0.1584043882757005,0.12209462401687186
5302.0,0.10241065919399261,0.12529481292229708,0.15809912681445829,0.12093201166232538
5304.0,0.09559555351734161,0.12329300721648076,0.151609523013989,0.1126884814735194
5306.0,0.09170369803905487,0.12891292518645778,0.158465500797262,0.11621941550567168
5308.0,0.05378122627735138,0.12995497951633653,0.15541072143905882,0.12009733062406434
5310.0,0.05574154853820801,0.13139835910993036,0.16010189506472675,0.12457688048059733
5280.0,0.06258327513933182,0.12356913467576187,0.14957001148093954,0.11848209320761062
5282.0,0.0892341136932373,0.11763639542787799,0.14809155733748397,0.1162660961225654
5284.0,0.12101559340953827,0.12036436565031483,0.14455623976185342,0.11656659410510226
5286.0,0.12764954566955566,0.12493579248243103,0.15173797496521194,0.11699021110242357
5288.0,0.13053135573863983,0.12640727177700842,0.1486954477686826,0.11542803144007535
5290.0,0.13168539106845856,0.12849928995180274,0.15566803245584798,0.11908078006818332
5292.0,0.11497627198696136,0.1196149170046506,0.14834224362383558,0.11488696621248726
5294.0,0.12324124574661255,0.11533101306853294,0.14883322248664158,0.11644912901224189
5296.0,0.11018980294466019,0.11764197979513592,0.14533430854637447,0.11128884049148345
5298.0,0.0712023451924324,0.12353620819235532,0.15422025724511204,0.11828646648043396
5300.0,0.07245511561632156,0.1254119454427975,0.15113652136081931,0.12012769418007968
5302.0,0.07276315242052078,0.12693185486712472,0.15616501974590535,0.12337973294486572
5304.0,0.07964933663606644,0.11999557422356188,0.14791735803770617,0.11642055045595065
5306.0,0.0967612937092781,0.11591642873216558,0.14710519915321474,0.1148820365358564
5308.0,0.10693389177322388,0.11720290500446427,0.1431140503149477,0.11414292379221337
5310.0,0.09329889714717865,0.12386899537050104,0.15270322990467336,0.11627072755951075
5312.0,0.11047367751598358,0.12509920846926625,0.14921067116352502,0.11555427272277487
5314.0,0.11729812622070312,0.12700374912997497,0.15569115531644073,0.12281010920977793
5316.0,0.09549378603696823,0.11949294694841274,0.1481193722632231,0.11780816373077857
5318.0,0.1214684545993805,0.11530222026074802,0.1476886207294792,0.11594776199225558
5320.0,0.09371301531791687,0.11750904157472263,0.1434582394842457,0.10547968873635544
5322.0,0.070611372590065,0.12421345890843084,0.1520785155257425,0.11218052302281724
5324.0,0.06643864512443542,0.12478266021540824,0.14904465577765796,0.11472891332011569
5326.0,0.08288931101560593,0.12677197771851734,0.15379460699189826,0.12027648432513739
5328.0,0.08002118766307831,0.11818573455092361,0.14444775214490901,0.11571151139981736
5330.0,0.1000603511929512,0.11483586712353952,0.14484738713541032,0.11479206207389629
5332.0,0.11008398979902267,0.11632461827710044,0.14161148949324037,0.11420327733865757
5334.0,0.12412343919277191,0.12222033190513049,0.14953940875448363,0.1169831090065872
5336.0,0.12946240603923798,0.1240769311774425,0.14741515378976727,0.11446147583691045
5338.0,0.11937014758586884,0.1269550209614042,0.1532681811712428,0.11913228552512813
5340.0,0.10222530364990234,0.11876866519598606,0.14480110948667946,0.11551678720725081
5342.0,0.13389641046524048,0.11464111713022856,0.14597104202642888,0.1156050635262516
5312.0,0.1339798867702484,0.11619729139797697,0.14325310716685105,0.11002184427612645
5314.0,0.09181488305330276,0.12210933791077995,0.15037118271801958,0.11758182517863695
5316.0,0.09535297006368637,0.12452440133972041,0.15047116477848574,0.12138188683997489
5318.0,0.09010446816682816,0.12802969371970666,0.15445105496829226,0.12426182406206533
5320.0,0.09363323450088501,0.11845369736561845,0.14626344891575982,0.11539645607341077
5322.0,0.12782849371433258,0.11634680412739766,0.14631447439683887,0.11473687178292899
5324.0,0.13082578778266907,0.11605969720906235,0.14288581650253288,0.11372100181828629
5326.0,0.1293354332447052,0.12216968061043501,0.14920098324867956,0.11785538243439549
5328.0,0.12151552736759186,0.12452012931813847,0.14868762576970523,0.11645595953150802
5330.0,0.12534472346305847,0.12756622034228904,0.15291063307491984,0.12113618850410761
5332.0,0.0878998339176178,0.1186202814717703,0.14494933691387904,0.11560432819700571
5334.0,0.11433994770050049,0.11598784963502089,0.14579254154788135,0.11404678766316509
5336.0,0.0864989310503006,0.11626085162304287,0.14207932434829187,0.1041216744112957
5338.0,0.07791636139154434,0.12240323861608332,0.14866449500235365,0.1094418590685336
5340.0,0.07715941220521927,0.12507744347492736,0.14789866016999198,0.11533663635063039
5342.0,0.07408834993839264,0.12788479279048817,0.15284877671321892,0.12077228522465301
5344.0,0.07522596418857574,0.11907816977659282,0.1449720291624802,0.11577904620501339
5346.0,0.1208745688199997,0.1163226965812366,0.14486630803788644,0.11460697663442053
5348.0,0.14127744734287262,0.11638199862042593,0.14176433433626484,0.11380001617059537
5350.0,0.13722194731235504,0.12368610204679233,0.1491258504503718,0.1165874664454086
5352.0,0.13088051974773407,0.12587208448681067,0.1489325684859665,0.11612439462034024
5354.0,0.12104836106300354,0.12800920708609412,0.15382634178443844,0.11989353964301631
5356.0,0.10176577419042587,0.11925387366931223,0.14645341602250517,0.11636542229951004
5358.0,0.14475290477275848,0.11669260976321129,0.14863242430760562,0.11637728223263243
5360.0,0.1497853845357895,0.11713068653968634,0.14500620994559715,0.10878001924217168
5362.0,0.1383872628211975,0.12411070236967804,0.15118514603816982,0.11650720460999221
5364.0,0.11906810104846954,0.1271180956459501,0.1517302762010693,0.11964047714631088
5366.0,0.08053641021251678,0.1289068507601368,0.1557867223993433,0.12191365286756288
5368.0,0.07785812020301819,0.11967393259929061,0.14700981919931666,0.11617150505885859
5370.0,0.08857709169387817,0.11792363574852843,0.14696819689550147,0.11406952545973814
5372.0,0.11021830141544342,0.11745741765076198,0.1445365525504175,0.11432102420262845
5374.0,0.12208450585603714,0.1246399161335113,0.15064072231013637,0.1155485125149935
5344.0,0.10445334017276764,0.1266322817022169,0.1500206133562774,0.11482195852491875
5346.0,0.10307251662015915,0.12857533723749368,0.15515299271626615,0.12184808387862517
5348.0,0.09071549773216248,0.11994284686680987,0.14595602888054957,0.11761407839632215
5350.0,0.0912604033946991,0.1181946646885529,0.14697293484560345,0.1151376152345304
5352.0,0.08719205856323242,0.1173752643782021,0.14367638447520192,0.10613069518732449
5354.0,0.08015729486942291,0.12347657919759922,0.14898576287765378,0.11020272605582206
5356.0,0.07330597937107086,0.12628370720922122,0.14936788560063946,0.11588202626779186
5358.0,0.06977936625480652,0.12819652048695046,0.15307834040622975,0.12015489451347854
5360.0,0.06738011538982391,0.1197376671406697,0.14402275624911995,0.1151752510060454
5362.0,0.08849173784255981,0.11758716736054825,0.14433984733785013,0.11375393726601683
5364.0,0.11295300722122192,0.11735236101433703,0.14268325771316534,0.11331561633387427
5366.0,0.1274825483560562,0.12351348006508642,0.1484246607702346,0.11731142524444332
5368.0,0.12659874558448792,0.12663574899147348,0.1489039402076407,0.11532597841931258
5370.0,0.11495397239923477,0.12764726705018117,0.1531980670325123,0.11868934236691296
5372.0,0.10471226274967194,0.11976904647011963,0.14650101705372345,0.11613397614642804
5374.0,0.15851536393165588,0.11785404351027381,0.14749372200009614,0.1161003842109158
5376.0,0.15141747891902924,0.11751355816850814,0.14601968691224074,0.11201771518569383
5378.0,0.14308196306228638,0.124312442529409,0.15212843295716147,0.12006102616590031
5380.0,0.13445839285850525,0.12833600991990604,0.1536923865163579,0.12376663853100466
5382.0,0.09483025223016739,0.1293283965871487,0.15600543964504618,0.12482245415992578
5384.0,0.08200687915086746,0.1217537172563139,0.14871760778506934,0.11735796707487473
5386.0,0.10897354781627655,0.11985842421481198,0.1484771487479651,0.11599232419494115
5388.0,0.12140782922506332,0.11833787784355825,0.14486865459499607,0.11488820208874154
5390.0,0.147823303937912,0.12449854902469798,0.14969717669460317,0.11778524332781624
5392.0,0.1273733526468277,0.12843187700957623,0.15067935088867987,0.11687613014020166
5394.0,0.12767116725444794,0.12945099305794655,0.15290474352544536,0.1228134883070254
5396.0,0.10004305094480515,0.12152524845422873,0.1467454914256137,0.11871438780704563
5398.0,0.10682619363069534,0.11945069266704539,0.14750828879731662,0.11527203900494679
5400.0,0.10108925402164459,0.11749227078086365,0.14401409009540436,0.10599001364033328
5402.0,0.08932042121887207,0.12330382700703023,0.1486564586839677,0.11099005755410803
5404.0,0.09533030539751053,0.12707824808600793,0.14926687777360856,0.11742863608064079
5406.0,0.06845195591449738,0.1276849343777727,0.15079703260187724,0.12056221210995234
5376.0,0.06926608085632324,0.12026012353252379,0.14505175046392382,0.1155049399994028
5378.0,0.09250868856906891,0.11710821856669958,0.14464260514257354,0.11427522617757102
5380.0,0.11717689782381058,0.1167067701418087,0.14184700604218384,0.11313159041885265
5382.0,0.12804752588272095,0.12266874138100224,0.14777458145986955,0.11658191876012691
5384.0,0.12370142340660095,0.12627467604733214,0.14798916401432696,0.11644332802132723
5386.0,0.11504004150629044,0.12791081524695885,0.1516133566732342,0.11980373041949127
5388.0,0.1177179291844368,0.1203102796291878,0.14652967630003155,0.11591284028075742
5390.0,0.16418026387691498,0.11773528193967943,0.14731507873671648,0.11470838709553631
5392.0,0.17164359986782074,0.11655312886116329,0.14421796496814535,0.10936780286263613
5394.0,0.15056337416172028,0.1225655713374494,0.14943754926778444,0.11646957679892757
5396.0,0.15199388563632965,0.12639665553764398,0.14925689016521979,0.12212468224552789
5398.0,0.11213512718677521,0.1280184076098397,0.15321284124993506,0.12364039916982189
5400.0,0.09119011461734772,0.12047915644109854,0.14669108523209323,0.11515005261838422
5402.0,0.12498371303081512,0.11824329530696959,0.145858421788986,0.11360548766263455
5404.0,0.16606707870960236,0.11670380237161636,0.1428076120628647,0.11427309022213583
5406.0,0.1437934935092926,0.12244311453649787,0.14776298387293071,0.11575578386108361
5408.0,0.14502614736557007,0.1256782151939285,0.14799373970013052,0.11521443822677177
5410.0,0.11291822046041489,0.12691096788584116,0.1526984301855439,0.12171951052792193
5412.0,0.0920778140425682,0.11939496340941523,0.1457860024019569,0.11730001256749095
5414.0,0.09105268120765686,0.11716397438293115,0.14737788964726709,0.11518203107712667
5416.0,0.0997714102268219,0.11626632468850495,0.14382739416507268,0.10555524117074443
5418.0,0.09175244718790054,0.12151894364992492,0.1477344260109329,0.1100781927429595
5420.0,0.09268061816692352,0.12542766337515546,0.14888599018971657,0.11696771675890488
5422.0,0.06636692583560944,0.12594975174144263,0.15120995915610425,0.12031787399019132
5424.0,0.08040089905261993,0.1191724143460644,0.14558068752875614,0.11569390276898743
5426.0,0.0960608422756195,0.11639852599753771,0.1452224731973711,0.1148508135773814
5428.0,0.12392110377550125,0.11573913835084601,0.14155857624096815,0.11333846451930735
5430.0,0.13087934255599976,0.12145269916509305,0.14771212281464652,0.11623785863849333
5432.0,0.12337476015090942,0.12578235957056824,0.14760254094899744,0.11557067651235933
5434.0,0.10576224327087402,0.1271196712422505,0.1518182302877604,0.11740541510084576
5436.0,0.09824187308549881,0.11851741438957757,0.14603700743163656,0.1146562577740894
5438.0,0.1544869840145111,0.11610195765506867,0.1470730379214287,0.11364118534151268
5408.0,0.14571666717529297,0.11449386527635262,0.14282783518792233,0.10689105911077922
5410.0,0.14531931281089783,0.1208410584361376,0.14943196023156988,0.11488142135755043
5412.0,0.11669609695672989,0.1246566560475348,0.1489752257240802,0.12033813968600147
5414.0,0.07870976626873016,0.1268825183581199,0.15246063826805703,0.12120651200508391
5416.0,0.07280992716550827,0.11849262474864775,0.14603735676649665,0.114018600483932
5418.0,0.09211546927690506,0.11573359326339062,0.14633490413487713,0.11364643538904731
5420.0,0.10917796939611435,0.1141087343065965,0.14161597378052926,0.11259763193407725
5422.0,0.11089496314525604,0.12024805329236153,0.14797377227083283,0.11278415479869541
5424.0,0.11668848991394043,0.12456906668288781,0.1484154683401653,0.11503580261381732
5426.0,0.11503130942583084,0.1263082049956823,0.1505037251855568,0.11911320943937359
5428.0,0.11267808824777603,0.11871391740727914,0.14533938948363498,0.11600362595957915
5430.0,0.10698766261339188,0.11615661401525129,0.14615999987084874,0.11282060409645883
5432.0,0.11395497620105743,0.1146464255818282,0.141454704233178,0.1043042620980582
5434.0,0.09647068381309509,0.12108544000252203,0.14758421306690825,0.10754602297710124
5436.0,0.08284489810466766,0.12481681426966196,0.14768486976041695,0.11561061869677874
5438.0,0.07168249040842056,0.1269858538631057,0.15049232837342066,0.1192710486472881
5440.0,0.07956290990114212,0.1191142207298146,0.14463426868113977,0.11337423350968295
5442.0,0.08663588762283325,0.11571973464253298,0.14362707702042551,0.11312953356427947
5444.0,0.11769833415746689,0.11467940284693298,0.13944293709426836,0.11173435901138493
5446.0,0.1163477674126625,0.12045405791836822,0.14694541776494488,0.11473293976754174
5448.0,0.12818582355976105,0.12466143228330036,0.14743177601330906,0.11494753438722335
5450.0,0.13932113349437714,0.1262869734782196,0.1511685990347094,0.11646112577566461
5452.0,0.14415624737739563,0.1182814105463609,0.14657096055620972,0.11648793506882099
5454.0,0.18877695500850677,0.11493190009592397,0.14727729737282347,0.11318898393811096
5456.0,0.19307322800159454,0.1149646501195908,0.14301781326807275,0.10904033239062788
5458.0,0.12646640837192535,0.12007996789196601,0.14997213974647694,0.11373258622409285
5460.0,0.13366827368736267,0.12416719115632353,0.14971252392467635,0.12238423586950081
5462.0,0.09365968406200409,0.12554220274916353,0.15248490725001443,0.12282792904585489
5464.0,0.1004357784986496,0.11942711673712923,0.14603819090946188,0.11371188806319553
5466.0,0.11835527420043945,0.11560903334624348,0.14606016268270686,0.11232759175335337
5468.0,0.10792504251003265,0.11405068753502828,0.14135343683470897,0.11046698553900013
5470.0,0.1268366128206253,0.1201836269791178,0.14726266325660278,0.11179289828890199
5440.0,0.17125317454338074,0.12421656204897036,0.14920615875755538,0.11519981137180992
5442.0,0.09531564265489578,0.12580634353454526,0.15157029437294092,0.11886305516307803
5444.0,0.11312124878168106,0.12001759763933215,0.14627227383505426,0.11624427573478506
5446.0,0.09259366244077682,0.11613122333278313,0.1468085636003627,0.11200221023746088
5448.0,0.12023110687732697,0.11517917997260894,0.14164291934080483,0.1023992257689156
5450.0,0.12060658633708954,0.12087917163616192,0.14826741711114502,0.10763446922937471
5452.0,0.07419754564762115,0.1251967738588087,0.15023239718876763,0.11553492899494833
5454.0,0.062065184116363525,0.12633780694271876,0.15119094494104354,0.11847921196917191
5456.0,0.0792989656329155,0.12054531097903766,0.14584124997027537,0.1126621861913988
5458.0,0.09437677264213562,0.11620733383696083,0.14575344047654823,0.11197107931839843
5460.0,0.14057742059230804,0.11577042046999385,0.14122725181309786,0.11010922509707594
5462.0,0.13858774304389954,0.12075344285516389,0.14786585342974926,0.11340041205331303
5464.0,0.14552107453346252,0.12513037598040194,0.14986311727550763,0.11520351224806648
5466.0,0.1307113766670227,0.12656673041251787,0.15150784109085416,0.115587244462078
5468.0,0.14174693822860718,0.12038017874203945,0.14611355682673868,0.11377145866447295
5470.0,0.19710782170295715,0.11600779934234265,0.14765147320081715,0.11248529930727441
5472.0,0.20600895583629608,0.11549837668754281,0.14330814787579874,0.10805896666927518
5474.0,0.16137632727622986,0.12017934199368097,0.1499585023051762,0.11394656843451449
5476.0,0.15165016055107117,0.12530691468571256,0.15229901219594683,0.12310765355261631
5478.0,0.12135698646306992,0.12671480562875065,0.15280777965668574,0.1229029471778731
5480.0,0.13317568600177765,0.12119064300364292,0.14690939256075522,0.1133512862905738
5482.0,0.15464895963668823,0.11598862164636153,0.14616898612602436,0.11124308594534545
5484.0,0.14008229970932007,0.11572735077744314,0.14189718631286283,0.10996743464810876
5486.0,0.12041613459587097,0.12036536603685287,0.14768269783554977,0.1136265522382805
5488.0,0.11963865160942078,0.12507088294179255,0.15019701697706933,0.11582954405899502
5490.0,0.11169847100973129,0.1271436286196753,0.15156846291040507,0.11936538497266724
5492.0,0.09772790223360062,0.1213313476931558,0.1464881459844676,0.11513344976269678
5494.0,0.10443093627691269,0.11652442863634667,0.1473990072058598,0.11091900206955935
5496.0,0.10623802989721298,0.11566190118746476,0.1422406995221994,0.10121746918616444
5498.0,0.09524862468242645,0.12076151030051778,0.14783570919030214,0.10659531774764425
5500.0,0.05937403440475464,0.12497521740868887,0.15076562350605596,0.11546474606712759
5502.0,0.06262945383787155,0.126014445591367,0.15134073999395378,0.11888113068191751
5472.0,0.07985125482082367,0.12071550444776992,0.1453044134639079,0.11307542938405978
5474.0,0.09491744637489319,0.11600642541466467,0.14515791208173978,0.11134675998271813
5476.0,0.138809472322464,0.11565367880608517,0.14037148232622873,0.10792420802164329
5478.0,0.13830889761447906,0.12018050492258309,0.14612973492401207,0.11165323580526763
5480.0,0.1311182826757431,0.12485526943617607,0.149266077929053,0.1144049953502251
5482.0,0.11201975494623184,0.12593080493207162,0.1508132198399471,0.11603379764330614
5484.0,0.10216531157493591,0.12019299481051106,0.14564866172379068,0.11258025895739655
5486.0,0.1427881270647049,0.11559419302060063,0.146732000508762,0.11044563565860592
5488.0,0.1478293240070343,0.11520399297104648,0.1414031423195417,0.10590922601993548
5490.0,0.12313836067914963,0.11946965038518279,0.1468177433700872,0.11163321445438358
5492.0,0.10239644348621368,0.12475992906763458,0.1504674520905032,0.12124437581898428
5494.0,0.1014140248298645,0.12587604406333414,0.15157101128166028,0.12186149090551929
5496.0,0.10795361548662186,0.12049424320260904,0.14599163568036452,0.11262891015723216
5498.0,0.12545965611934662,0.11615833734119052,0.14543493626508833,0.10973809144636598
5500.0,0.15109804272651672,0.11577304510541132,0.1405076636078724,0.10878982430670496
5502.0,0.11158594489097595,0.11913117040513112,0.14475009915463136,0.11257328656715943
5504.0,0.11651401221752167,0.12450241233144715,0.14981938929177196,0.11504167584385709
5506.0,0.10050597786903381,0.12568551599390146,0.150167135815357,0.11594262396623672
5508.0,0.10132285952568054,0.11952574793527321,0.14467209561693795,0.11184646973949496
5510.0,0.10090112686157227,0.1161125914265054,0.14558261844584566,0.10957889955716453
5512.0,0.10565853118896484,0.11651002297052107,0.14143787740036726,0.10140305944501388
5514.0,0.07035242766141891,0.1191615218104948,0.14596260914715167,0.10610577825931067
5516.0,0.04738482087850571,0.12451341836199203,0.14912952571023633,0.11540274189130777
5518.0,0.04624183848500252,0.1258670333422571,0.1497809830552105,0.11820939347634757
5520.0,0.06981026381254196,0.1203061470130835,0.14506193219417832,0.11308636772190866
5522.0,0.09136008471250534,0.11606231077559932,0.14465522928957608,0.11061948547936148
5524.0,0.13344930112361908,0.11632389798738774,0.1406058394640932,0.10875948530531195
5526.0,0.11190838366746902,0.11864299707586846,0.14547188387502208,0.1119599007301393
5528.0,0.1236753910779953,0.12452327275205236,0.1490899986092057,0.11417383341805296
5530.0,0.10832753032445908,0.1253764207005437,0.1502088904764616,0.11525473338195918
5532.0,0.10514009743928909,0.1200043543308281,0.1459901717096363,0.11256832701867676
5534.0,0.12513835728168488,0.11602096524486326,0.14703537834019814,0.11045581873471098
5504.0,0.1424563080072403,0.1159075040907727,0.14256560010324534,0.1061457267074082
5506.0,0.10166759043931961,0.1180225975868377,0.14711792904108556,0.11075914032544962
5508.0,0.07309874147176743,0.1241965419084366,0.1497031561178136,0.11818160163685888
5510.0,0.0659518912434578,0.12529912525474457,0.15108927827246774,0.11867984828403631
5512.0,0.10499200224876404,0.12035396729374331,0.1449938718938964,0.1116102803060806
5514.0,0.12705925107002258,0.11563495423943086,0.14556863192666714,0.10865962527466505
5516.0,0.1263543963432312,0.11534203545802538,0.14081658557944385,0.10774980281420256
5518.0,0.1260761171579361,0.11736361802839325,0.14552925273228673,0.11213925428406059
5520.0,0.12622393667697906,0.12462018314701008,0.1494521927785287,0.11352748941313698
5522.0,0.1188151091337204,0.12542600279684163,0.1505569328195412,0.11518648933663637
5524.0,0.11150585114955902,0.12029381618559257,0.144327837286758,0.11103610364731993
5526.0,0.10938078165054321,0.1158348309124796,0.14691160743814857,0.10963748074169272
5528.0,0.09505628049373627,0.11518388823212454,0.14091546362030366,0.10234396988297055
5530.0,0.06670279800891876,0.11735019451649285,0.14559194331487965,0.10507077617244936
5532.0,0.06959085911512375,0.12425996234521115,0.14997862833938083,0.11472402844349947
5534.0,0.06643068045377731,0.12593166010083381,0.150059899815395,0.11734538995444553
5536.0,0.08397381007671356,0.12011419058787029,0.1435623090008649,0.11171452236806535
5538.0,0.10516928881406784,0.11555087747272358,0.14605059703409679,0.11052187811232889
5540.0,0.14680646359920502,0.11425024438432457,0.13905710795704312,0.1078019876289707
5542.0,0.13872812688350677,0.1159632212178797,0.14307304245731733,0.11064713849252125
5544.0,0.14883582293987274,0.12289575810796488,0.14921227213031188,0.11361775191279849
5546.0,0.11300752311944962,0.12484544773106455,0.15004026427619094,0.11456553022246978
5548.0,0.09931910783052444,0.12010661188049268,0.14432961138239567,0.11077077977727638
5550.0,0.13042014837265015,0.115814498730776,0.14877153424812525,0.109134705888724
5552.0,0.140280619263649,0.11444219530910395,0.14126420320511918,0.10479218927380636
5554.0,0.12484357506036758,0.11604307513158901,0.1439936206198883,0.10905029268626665
5556.0,0.10938041657209396,0.1233047691704094,0.15071620810112057,0.11838678290300973
5558.0,0.08406369388103485,0.12478396512532078,0.15077605396490146,0.119185167259015
5560.0,0.0767950564622879,0.12132169741052544,0.14661672128703276,0.1107885131635924
5562.0,0.08701081573963165,0.11688328614914235,0.14956438051142665,0.10975016414667836
5564.0,0.11477766931056976,0.11601342517289602,0.14269165471156728,0.10917457785418691
5566.0,0.1330028623342514,0.11802059222940398,0.1458531961003341,0.11175979238359407
5536.0,0.13016042113304138,0.1261313460847634,0.15200039651664204,0.11422592612740683
5538.0,0.12659524381160736,0.12584921443326058,0.1508106509156956,0.11747444898962835
5540.0,0.09274421632289886,0.12236599005056424,0.1468728374696192,0.11343331922851868
5542.0,0.10983399301767349,0.11768773121558952,0.14978199880051635,0.10903783926657509
5544.0,0.09884662181138992,0.11690530282701066,0.1430692337284805,0.10336349911618183
5546.0,0.0954141840338707,0.11985081605720849,0.1484740047728805,0.10700634811367792
5548.0,0.07723616063594818,0.12725342472558812,0.1523379414375228,0.11585266218104798
5550.0,0.05678281560540199,0.12669487054151662,0.15108550706390103,0.11814862758200553
5552.0,0.07314726710319519,0.12291116959128195,0.1466468301522593,0.11293755786706755
5554.0,0.09158127754926682,0.11826107219264785,0.14842963945285012,0.11084146989358223
5556.0,0.12450588494539261,0.11744778770361704,0.14245942340904275,0.11022117577319589
5558.0,0.1433863788843155,0.12003888585111994,0.1481237083474568,0.11254434777999694
5560.0,0.1416834443807602,0.12734048061085,0.15165340424558021,0.114343063916637
5562.0,0.12890416383743286,0.1263672846632854,0.15098333843565395,0.11518813461006965
5564.0,0.1279362589120865,0.12287092371207936,0.14723240267721305,0.1127306833225369
5566.0,0.16472090780735016,0.11825818106981399,0.15019400084008605,0.10973428610574407
5568.0,0.1606932431459427,0.11736899890350627,0.143170759717592,0.1069692905544647
5570.0,0.14623668789863586,0.11900316207119349,0.14745819762558168,0.11165668010816131
5572.0,0.08819537609815598,0.12558587273798294,0.15166774662418578,0.11864806506497935
5574.0,0.06929649412631989,0.1251087003555446,0.1497225703813519,0.11874914101421158
5576.0,0.07504673302173615,0.12118441851064267,0.1457244228162479,0.11085764771565226
5578.0,0.0891636312007904,0.11757510335766165,0.14872522817498446,0.10870306910768911
5580.0,0.12229004502296448,0.1162724436947213,0.14153758675747244,0.10971729050156172
5582.0,0.1471395045518875,0.11912275808732488,0.14696234287863694,0.1129915481577794
5584.0,0.13362310826778412,0.12489282204523731,0.15015511840785442,0.11396614389504522
5586.0,0.10811544954776764,0.12481136133176475,0.1493274974413749,0.11543934097115258
5588.0,0.12149769067764282,0.12031024336525094,0.14622931354748286,0.11342404201688544
5590.0,0.12282778322696686,0.11706853314043776,0.15015885445951097,0.10983416444141522
5592.0,0.10953590273857117,0.11611553709802003,0.1423203582071938,0.10165723118727454
5594.0,0.09727402031421661,0.11993894061143702,0.14778442206479367,0.106345752997705
5596.0,0.07127910852432251,0.126324708406534,0.14991244581917013,0.11362415858619833
5598.0,0.05980289727449417,0.12484870889594007,0.1486630731376298,0.1155853091244464
5568.0,0.05328455939888954,0.11997842052422945,0.14397826643566336,0.1105835458066396
5570.0,0.08595108985900879,0.11624695879612884,0.14493018467714458,0.10880902886190964
5572.0,0.12659852206707,0.11626618600333329,0.13951156815176508,0.10849756728210079
5574.0,0.1462608426809311,0.11912613485266159,0.14519731288609436,0.11100359862246112
5576.0,0.13854791224002838,0.1255838625508497,0.14910915790951795,0.11286554219887526
5578.0,0.11762276291847229,0.12441420792606604,0.1486035517157987,0.11292409849031239
5580.0,0.14487811923027039,0.1202940201218604,0.1456541335802718,0.1126889579006908
5582.0,0.19430238008499146,0.11637609808454143,0.14799170894264543,0.10914161427498505
5584.0,0.1853877753019333,0.11552060004619685,0.14070498238519544,0.10647124767212529
5586.0,0.1686050295829773,0.11848035011564746,0.14721858442784366,0.11252614727393925
5588.0,0.12309160828590393,0.12652718789125458,0.15240066974073144,0.12034140021330622
5590.0,0.08826605975627899,0.12505235726832745,0.15027081631148473,0.11880330459565219
5592.0,0.07491318881511688,0.11957757179469733,0.14472133907560494,0.11121806729168564
5594.0,0.1055821031332016,0.11688797092495339,0.1472771863206117,0.10928115133539305
5596.0,0.1486658900976181,0.11554296495810182,0.14052748965670311,0.11064491566363856
5598.0,0.16340376436710358,0.11891610380490449,0.1464554986070593,0.1121719557750637
5600.0,0.13760673999786377,0.1271770879003595,0.15057901935083176,0.11374903849289901
5602.0,0.11805018782615662,0.1264204145107314,0.14949449043524293,0.11754534262461515
5604.0,0.1157853975892067,0.12118543624374077,0.14408624004395332,0.11453832722317635
5606.0,0.1313711553812027,0.11707426718934849,0.14823532331466904,0.11055716511205865
5608.0,0.1444638967514038,0.11467455027550512,0.141136584516813,0.102721706628193
5610.0,0.1276949793100357,0.1194264403920012,0.14652982120935257,0.10767997133940273
5612.0,0.0864376500248909,0.12653028356203702,0.14983332435256713,0.11449330901327139
5614.0,0.06948550790548325,0.1247277907138956,0.14699098668457983,0.11563097463378659
5616.0,0.06444651633501053,0.11886709535042811,0.1415134189565714,0.11047391357311463
5618.0,0.10273902863264084,0.11566101806572006,0.1460119286860363,0.10975621948625269
5620.0,0.11794766783714294,0.11387942699441171,0.1391837527522347,0.10897941717611825
5622.0,0.12615655362606049,0.11882690835261066,0.14477422293977057,0.1117688620997792
5624.0,0.14552836120128632,0.12643139668770684,0.14962664224050914,0.11325907691324368
5626.0,0.14034907519817352,0.12522682675743757,0.1480335764389505,0.11387514392894284
5628.0,0.16356176137924194,0.1194657233927131,0.1444601761068721,0.11294986501163949
5630.0,0.2137480229139328,0.11566460211426723,0.14912803047640763,0.11116704938983123
5600.0,0.20870408415794373,0.11411900339187198,0.14226099776201118,0.10756162440908784
5602.0,0.1700543463230133,0.11891641335433877,0.1486688043515888,0.11269023716057433
5604.0,0.09184815734624863,0.12742623973709707,0.15440014470305502,0.11856417268451339
5606.0,0.07357493042945862,0.1259240526422027,0.14964838137720934,0.11686415914377803
5608.0,0.07997863739728928,0.12028558871065326,0.14475965295847384,0.1103833815500974
5610.0,0.13519197702407837,0.11608948412118213,0.14727923510023624,0.10920758626550965
5612.0,0.12958014011383057,0.11436754012079636,0.13940391269260397,0.10997567666167686
5614.0,0.16723978519439697,0.11960183063339308,0.14781160422664955,0.11396796491775173
5616.0,0.09646443277597427,0.1271341102674959,0.15304972089083263,0.11540672320065823
5618.0,0.09618630260229111,0.12655127704496075,0.1489718796266432,0.11748451246075703
5620.0,0.12210473418235779,0.120680641835173,0.14609399977777301,0.11513707252180422
5622.0,0.10487058013677597,0.11634098584650551,0.14909337341064216,0.11133674846430196
5624.0,0.15839646756649017,0.11534283179434764,0.14079230852213198,0.10291816895721775
5626.0,0.15743303298950195,0.1200166900834927,0.14752541306516423,0.10948226528981177
5628.0,0.11014246195554733,0.12769702401096913,0.1514144657796712,0.11433021766881751
5630.0,0.05070619285106659,0.1257883312008191,0.14767269502754943,0.11483468539043691
5632.0,0.06046275421977043,0.11969363880758076,0.1436878721240257,0.10978278190796752
5634.0,0.10375100374221802,0.11605858015945215,0.1467410643800764,0.11016450788621489
5636.0,0.1115344986319542,0.11654824292337264,0.13987482455174358,0.10887707369039966
5638.0,0.13789036870002747,0.11982733053546823,0.14564345850004412,0.11336698438592484
5640.0,0.14855003356933594,0.12794583744362445,0.15080958114203333,0.11448149425780028
5642.0,0.14949049055576324,0.1257004154851358,0.14813752802178615,0.11275947775836803
5644.0,0.18698519468307495,0.12034203218101296,0.1452305596045602,0.11224501097002991
5646.0,0.23363155126571655,0.11590405739408846,0.14858464445238767,0.11240540250758731
5648.0,0.217948779463768,0.1154878824448155,0.14128708731277656,0.1102089923905241
5650.0,0.17232269048690796,0.11865694364848683,0.14771693311221565,0.11582167053539744
5652.0,0.12294900417327881,0.1273489205278039,0.15377373082470022,0.12229410054670291
5654.0,0.10750016570091248,0.12694516803874165,0.14948217398333272,0.12117313211084695
5656.0,0.08256369829177856,0.12031986349097706,0.14405536453683165,0.11102232207039532
5658.0,0.1082744151353836,0.11645329156019804,0.14698968885949604,0.11047374677720821
5660.0,0.13750509917736053,0.1148512168937171,0.14015894152846672,0.11244500822906432
5662.0,0.13723871111869812,0.11821880922379689,0.14444726866485813,0.1149654148386849
5632.0,0.11497822403907776,0.12588145505290863,0.14987256287095627,0.11639623060753426
5634.0,0.12047656625509262,0.12626671327286768,0.14768493051161471,0.11762953882754897
5636.0,0.15567825734615326,0.1197533256367818,0.14386161064663192,0.11510918621956868
5638.0,0.16165508329868317,0.11547889909183935,0.14580912107681224,0.11159653782264356
5640.0,0.19229450821876526,0.11372801615180918,0.13946436768508902,0.10472740595007347
5642.0,0.1118159294128418,0.11729823752530529,0.14320155682001354,0.10918058106289602
5644.0,0.05649372562766075,0.12523593844730227,0.1478262647593608,0.11287689458020957
5646.0,0.05833936482667923,0.1263874902168534,0.14691775660720877,0.11564104837192205
5648.0,0.06425439566373825,0.11909170562205317,0.14183893699906677,0.10975824780579022
5650.0,0.12162762880325317,0.11715986138198685,0.14476351842855206,0.11164840094380812
5652.0,0.13908593356609344,0.1153759400273497,0.1382547749818541,0.11162087161901281
5654.0,0.14863047003746033,0.11949055255542347,0.143816999568674,0.11460729153737793
5656.0,0.15891794860363007,0.12760206697348878,0.15007717210828794,0.1177489364578158
5658.0,0.17545302212238312,0.12935760300663285,0.15036123733025988,0.11827882800073057
5660.0,0.20703023672103882,0.12280033031191842,0.1466157992169005,0.11587406968186587
5662.0,0.24968518316745758,0.11901595535820836,0.1477026784366948,0.11386549748844549
5664.0,0.22947357594966888,0.1168881232071008,0.13992069615424862,0.11021272764897914
5666.0,0.16343380510807037,0.11914964902240689,0.1439796463508145,0.11447465847041864
5668.0,0.10011213272809982,0.1283207719990758,0.15080105850318506,0.11883008062997477
5670.0,0.08714915812015533,0.12789425924016803,0.14953071295101508,0.12088360990953628
5672.0,0.08599853515625,0.12067648166717494,0.14472939058401763,0.11108065649281426
5674.0,0.11372268199920654,0.12009565211380777,0.14668421883148558,0.11038815241000442
5676.0,0.17239148914813995,0.11826744054528561,0.1391735407739295,0.11296514949830354
5678.0,0.18059033155441284,0.12090836264495301,0.1425466535441848,0.11282454938564947
5680.0,0.17435133457183838,0.130288783849015,0.14872289790449875,0.11599866920458805
5682.0,0.14102961122989655,0.12930379383598556,0.14854438560062694,0.11702534054554638
5684.0,0.16984547674655914,0.12244861619280906,0.14449114456433163,0.11250329292725016
5686.0,0.1786736249923706,0.12079743445135409,0.1471843269556362,0.11186491746457258
5688.0,0.15062642097473145,0.11870024201097044,0.13999566755037954,0.10333361695437139
5690.0,0.1300613284111023,0.12031166964905231,0.1424131406321805,0.10893042198095125
5692.0,0.06982645392417908,0.12867498475412284,0.14685208794576998,0.11338195796800052
5694.0,0.07191233336925507,0.12900697659603055,0.14769624781889715,0.1181914997568466
5664.0,0.0737435519695282,0.12119115929676637,0.140554750863559,0.10990298605995158
5666.0,0.13016289472579956,0.11841235024389932,0.1415732391744593,0.10921629228034933
5668.0,0.1683829426765442,0.11733326654593301,0.1355923010894831,0.11071179307069241
5670.0,0.16855089366436005,0.11857134014269571,0.13916911504501972,0.11266189579285477
5672.0,0.17845088243484497,0.12827509929302058,0.14606141584119825,0.11382005938503036
5674.0,0.18587805330753326,0.12818558409781866,0.14786766123623238,0.11552632449303664
5676.0,0.2570333182811737,0.12175506924180998,0.14371076247144982,0.11186359659890016
5678.0,0.29703834652900696,0.1190164277573098,0.14566488115052276,0.11246497273949053
5680.0,0.2655840814113617,0.11751323135875813,0.1400968944373031,0.11199461924205018
5682.0,0.18718594312667847,0.11897568353445932,0.14334667943821078,0.11598883492161759
5684.0,0.14500345289707184,0.12819401900881128,0.14908413566330933,0.121044087984832
5686.0,0.11400974541902542,0.12926909281612314,0.14957957912804545,0.12305713744410873
5688.0,0.10494153946638107,0.12201903525953252,0.14371096339441317,0.11034318761048442
5690.0,0.11776307970285416,0.11862450654899628,0.14492841776643683,0.10980760950046507
5692.0,0.13588538765907288,0.11737474914602779,0.13876310524450908,0.11297587391784134
5694.0,0.15713414549827576,0.1188960488332214,0.14216910782204448,0.11508494541516669
5696.0,0.15369166433811188,0.12879578051582624,0.147982131216866,0.11787433944972574
5698.0,0.13437223434448242,0.12989949345115773,0.14875281069953555,0.1202849321989185
5700.0,0.14970111846923828,0.12235215419892324,0.14490382214520256,0.11495641132846218
5702.0,0.163563072681427,0.11965188432069257,0.14597464559955897,0.11335438512608033
5704.0,0.1182069331407547,0.11938978268182533,0.1419211601974042,0.10565676185041563
5706.0,0.16880446672439575,0.12067133034191002,0.14401831394124695,0.11231778412780744
5708.0,0.07364644855260849,0.13011724831148455,0.1491857595330161,0.11623424862004127
5710.0,0.07428202778100967,0.1311698622868539,0.1499371047190526,0.11956076184009799
5712.0,0.07950592041015625,0.12288355327028931,0.14341519309631962,0.11234014151532068
5714.0,0.13668319582939148,0.1198410818949809,0.14405890200854102,0.11209710770969084
5716.0,0.1743748039007187,0.12012967480907073,0.14180637038585805,0.11594628853770414
5718.0,0.1767822951078415,0.12297092463851103,0.14445445523824701,0.11602278550626931
5720.0,0.17540305852890015,0.13135532914151818,0.14927584149505788,0.11899007371207732
5722.0,0.1835930347442627,0.13334350003046963,0.15175703149037678,0.11996500107004106
5724.0,0.2606770098209381,0.12374833023620281,0.14631283430842876,0.1156158388981934
5726.0,0.2768360376358032,0.1206680047073676,0.14778665538973945,0.1139104488476637
5696.0,0.24482768774032593,0.11943828153694631,0.14403647761701618,0.11275735164662225
5698.0,0.18222251534461975,0.12213998273205996,0.14543088717258584,0.11490471118543506
5700.0,0.13055266439914703,0.13128126882028293,0.15024404732680602,0.11841969605509024
5702.0,0.12073462456464767,0.13057050825292824,0.1512757097929707,0.1215809809238733
5704.0,0.10274999588727951,0.12188512854084403,0.14470042824085017,0.11081682427416073
5706.0,0.1105327382683754,0.12008585149654927,0.1460736016922402,0.10961399159562694
5708.0,0.1562323272228241,0.1190233426527152,0.14296159563905597,0.11476998927968966
5710.0,0.15851663053035736,0.12153983358716407,0.14490762325367265,0.11475378670112009
5712.0,0.16631770133972168,0.13132695694181845,0.1494164978066773,0.11685434341601915
5714.0,0.1513666957616806,0.13103390064720652,0.15031070549276632,0.12010340639171767
5716.0,0.18936435878276825,0.12190569799975415,0.1446335299840059,0.1155330553199315
5718.0,0.16390396654605865,0.1204112533294872,0.1463799961195247,0.11274321683728546
5720.0,0.1686917543411255,0.11904060015499458,0.14234589208513546,0.10803912328215938
5722.0,0.10784785449504852,0.12125686183191275,0.1450166006761019,0.11039067768642076
5724.0,0.06412450969219208,0.13113857402533932,0.1491497921610193,0.11512834577352864
5726.0,0.06607448309659958,0.13134665494604247,0.14961753495861152,0.1196054139615097
5728.0,0.08490856736898422,0.1227276044270481,0.14404496845735262,0.11151230776159843
5730.0,0.1472252905368805,0.12058840453439199,0.14499501668757941,0.1112277374712014
5732.0,0.1805546134710312,0.11933424954030585,0.1399610729342591,0.11481837215430118
5734.0,0.19165544211864471,0.12122129521104594,0.14263650130610667,0.1139900436843182
5736.0,0.17059682309627533,0.13136194542271754,0.1468140506192332,0.11443136149072312
5738.0,0.18982452154159546,0.13155291162924795,0.14982863164029644,0.11677017126883618
5740.0,0.25721287727355957,0.12250816231295159,0.14559788425953718,0.11249265477437889
5742.0,0.2779269516468048,0.11947191342421895,0.14645653942888606,0.11419244998287291
5744.0,0.24577295780181885,0.11905202151374249,0.142214008387277,0.11280769034413077
5746.0,0.1850501000881195,0.12108564850958871,0.14471553836540876,0.11424399034799039
5748.0,0.15358226001262665,0.13119416358243097,0.1486404856541708,0.11895938791951553
5750.0,0.12978370487689972,0.13075964539293095,0.149347591996552,0.12186841273986859
5752.0,0.1560066044330597,0.12200014210841599,0.14425682139750362,0.11069798523487441
5754.0,0.19307200610637665,0.11918480826748662,0.14482115221664676,0.10932501784569192
5756.0,0.2143448442220688,0.11821865581519425,0.1398698273826449,0.11416051403082438
5758.0,0.18318164348602295,0.11984841521491402,0.14299831841750332,0.11447452398689707
5728.0,0.16997240483760834,0.13000038714117262,0.14645570614476566,0.11668570670677755
5730.0,0.1352325826883316,0.12982854714852657,0.14788054476350537,0.11891204541786479
5732.0,0.19003652036190033,0.12144187559412352,0.14411982637778942,0.11330140243547702
5734.0,0.16222456097602844,0.11928293204744483,0.14445163356606242,0.1121070181085735
5736.0,0.14249280095100403,0.1182493704491701,0.14000602561628872,0.10645204696741181
5738.0,0.10143843293190002,0.1206105978666213,0.14375672582013455,0.10993691264854423
5740.0,0.04866858944296837,0.1304074377536956,0.14770605827036684,0.11444131270866885
5742.0,0.06987393647432327,0.13008983265766091,0.1480273671372558,0.11909482401404638
5744.0,0.09960085898637772,0.12191553352546215,0.14376520617417843,0.11121313998746342
5746.0,0.15153880417346954,0.1193656505125809,0.14334964135695383,0.1119081236497253
5748.0,0.18650618195533752,0.11921488840888338,0.1385981600361611,0.114817842334765
5750.0,0.18271178007125854,0.12079589862679561,0.14244252264538237,0.11318371389902313
5752.0,0.15734003484249115,0.1303828925535477,0.1466282384406071,0.11526856148077273
5754.0,0.14342248439788818,0.1298675233083189,0.14750370022930612,0.11672372907207351
5756.0,0.20832690596580505,0.12209916559005327,0.14545398577727753,0.11400342554867059
5758.0,0.2589590847492218,0.11949623947477685,0.14700697534677232,0.11473729289567336
5760.0,0.258733332157135,0.11894580084632472,0.14164672839146533,0.11315803418006727
5762.0,0.19249944388866425,0.12089383281696563,0.144710203339633,0.11397348740816887
5764.0,0.11715647578239441,0.1303922167930905,0.14882661217846926,0.11986297034453647
5766.0,0.11929526925086975,0.13043412587811118,0.1485425889423062,0.12295104794246244
5768.0,0.11634120345115662,0.12263841240942601,0.14431798703500098,0.11158987530363916
5770.0,0.14900968968868256,0.120174526073465,0.14567447355398586,0.1097754617425542
5772.0,0.14958012104034424,0.11945967575134646,0.14035180680503945,0.11394277150105275
5774.0,0.17513351142406464,0.12113270095781116,0.14309952613802812,0.11465071440594031
5776.0,0.15665076673030853,0.13163870325238888,0.14793085472753045,0.11775381758248792
5778.0,0.1444745659828186,0.13215624496128509,0.14872159817651212,0.11913685410705561
5780.0,0.1550672948360443,0.12401080735194042,0.1454809461314196,0.11504845777385488
5782.0,0.1630536913871765,0.12094397591867248,0.14578333292827633,0.112436027036542
5784.0,0.11042708903551102,0.12050876212545045,0.1406646662896123,0.10684010868067219
5786.0,0.10286898910999298,0.12212755328111546,0.14378257836498462,0.10924569575340244
5788.0,0.0629308894276619,0.1317414021385093,0.14867104989623103,0.11525926803174748
5790.0,0.05523794889450073,0.13278013675262956,0.14851335741849991,0.11902078373704034
5760.0,0.08094208687543869,0.1237893607935248,0.14367385066521837,0.11165334126810428
5762.0,0.13691872358322144,0.12099740356046328,0.14402552985572162,0.11171639432073809
5764.0,0.16470691561698914,0.12106570915766697,0.13876615954355198,0.1143196956841619
5766.0,0.18091334402561188,0.1229445567724985,0.1413035090736446,0.11301968544497135
5768.0,0.16681545972824097,0.13180664977426731,0.1471329909087519,0.11475236807100626
5770.0,0.14842793345451355,0.13252958344436497,0.14743730591123833,0.11530895311720327
5772.0,0.1998641937971115,0.12380829757613852,0.14573008591353478,0.11375167003331489
5774.0,0.25516945123672485,0.1211844542665761,0.14665795473276264,0.11401408668969971
5776.0,0.24878157675266266,0.12097446312053918,0.1411649038753942,0.11356963842349584
5778.0,0.1877833753824234,0.12297801667017329,0.14364572313513158,0.11288558663375327
5780.0,0.13059554994106293,0.13172883093274398,0.14892853751923668,0.120332976733719
5782.0,0.11595463752746582,0.1327971097805697,0.14808243473128765,0.12312926793696764
5784.0,0.11231589317321777,0.12471685683477504,0.1443636305766087,0.11247925680290262
5786.0,0.13818058371543884,0.12244835343646604,0.14531635629165482,0.11129242790053513
5788.0,0.18189844489097595,0.12130735350217865,0.14018516893099353,0.113165676912186
5790.0,0.19648565351963043,0.12444958928881392,0.1451588381577982,0.11394501919905724
5792.0,0.22263936698436737,0.13449399684654634,0.1500834567091722,0.1164256293587592
5794.0,0.22399820387363434,0.1338651425340787,0.1513659024073051,0.11663797986414039
5796.0,0.2956761121749878,0.12480897902914871,0.14524742508748686,0.11392297046379131
5798.0,0.30409422516822815,0.12167434321643986,0.146513293847837,0.11526251961201614
5800.0,0.2714006304740906,0.11972870091131259,0.13856100680487957,0.11341098161139476
5802.0,0.1952502429485321,0.1227990400608181,0.144042372622257,0.11110234077654786
5804.0,0.14002183079719543,0.12924977010378969,0.14376533166559197,0.11400384803243459
5806.0,0.10582847893238068,0.1293776347299751,0.14513450242045803,0.11710964263795276
5808.0,0.1104162335395813,0.12121458770681044,0.13848941952980942,0.10606196275751584
5810.0,0.18731160461902618,0.11706818766270985,0.13856122778871122,0.10225719154439515
5812.0,0.232703298330307,0.11511600694567697,0.13062037976953708,0.10501004900429907
5814.0,0.202432319521904,0.1179330645165228,0.1359195743254959,0.10699380230730658
5816.0,0.19363301992416382,0.12607635129959438,0.13953958908815245,0.10864020712529596
5818.0,0.1859745979309082,0.12699737959186633,0.14029141657856462,0.10830528422820197
5820.0,0.23362861573696136,0.11863171399458353,0.13568487073276694,0.10561703292933501
5822.0,0.2723411023616791,0.11461481798025419,0.13833910831619123,0.10544868285607983
5792.0,0.25081154704093933,0.11374612249330966,0.12921311223020096,0.10418237388818818
5794.0,0.20372845232486725,0.1164433718895943,0.1350238790649147,0.10366613265398407
5796.0,0.1521875262260437,0.12443717308321295,0.13915594819313368,0.10951763591394723
5798.0,0.11377619951963425,0.12706218218439214,0.13959035633463115,0.11096600979306484
5800.0,0.1157507374882698,0.11903951620477128,0.13411244943782877,0.10061622769637343
5802.0,0.1653909981250763,0.11531920251895081,0.13793797493592094,0.09754151167958361
5804.0,0.18500766158103943,0.11359550357733336,0.12744053845273523,0.10273874064564117
5806.0,0.16965554654598236,0.11688805124478757,0.13398309868533131,0.1047860088234699
5808.0,0.14989978075027466,0.12486070505577228,0.13870445332728287,0.1070839340056494
5810.0,0.11468774080276489,0.1281256477497153,0.1403576721979258,0.11045699179997576
5812.0,0.12008597701787949,0.11930398803109772,0.13504194992186117,0.10649302681680145
5814.0,0.13040924072265625,0.11558161600727793,0.13805512891269386,0.10478077670658204
5816.0,0.1288592517375946,0.11419671744505301,0.12863958600283673,0.09995219650365844
