window,spectral_l1,dc_l1,non_dc_low_l1,low_band_l1,mid_band_l1,high_band_l1,prediction_mse
0,0.09126969846100455,0.8285926714903473,0.055796128909719495,0.16619563499266632,0.027712562337809284,0.08132199810359639,0.06926208734512329
1,0.09496958689217981,0.9177923205707327,0.05756206146714846,0.18045209848194624,0.029141824645897218,0.07777168121663147,0.07231846451759338
2,0.09111320489209694,0.8453978404226512,0.05702959107866499,0.16965362669923442,0.0313613761805776,0.07467318593343106,0.0981355831027031
3,0.09020271805182879,0.7996563685569436,0.05503112575728925,0.16140616044295417,0.033304901586541424,0.07768529536672056,0.11554243415594101
4,0.09475979061585264,0.8611323518761239,0.0549271631640546,0.1700993329800645,0.03397529180712632,0.08202412750480283,0.12898209691047668
5,0.0951391148908542,0.900236458815496,0.05148147024019024,0.17273218289380535,0.03335347371325931,0.08130761641866753,0.1185334101319313
6,0.0890819613629479,0.8123064846676978,0.0518476668679723,0.16048464083936168,0.03015509896731344,0.078165621417266,0.12963154911994934
7,0.0846568041372482,0.7902040470222536,0.04945944869786629,0.1552801056013502,0.02976616260501067,0.07089072669686677,0.13093718886375427
8,0.08307685897850937,0.7784737163799033,0.04909302860245809,0.1532902697135217,0.028173072201388212,0.06968093801535466,0.10455412417650223
9,0.08459356652678461,0.7932162382156172,0.045378581008585016,0.15221253203816104,0.02744989826751831,0.0754276814311882,0.07342055439949036
10,0.08895796918699343,0.8093247562249928,0.048483089601264566,0.15717475626179714,0.026781792333932304,0.08367243524296863,0.06516855955123901
11,0.08992321195797817,0.805694059270896,0.05072259962606059,0.15857566528960848,0.027343215257067708,0.08460981240609829,0.0624966025352478
12,0.08990303955862954,0.8152061961645223,0.053781824436633006,0.16255673468347429,0.02634004188456318,0.08194867928919838,0.05404207855463028
13,0.09391838801465369,0.9212662251306103,0.05689094043754792,0.18037312396512828,0.025800245328650624,0.07787386890824115,0.0647864043712616
14,0.09181757815633919,0.8671634067659142,0.05765550927641532,0.17329949463205802,0.028498786869330734,0.07592484361621761,0.08649026602506638
15,0.09148787219891678,0.8217211291551626,0.0554819858544543,0.16494472061169832,0.029340278244507127,0.08159227454784139,0.10103151202201843
16,0.0950152477210686,0.8766859912090493,0.053915286413320655,0.17145395852699616,0.029133813890390388,0.08577763036772541,0.12393166124820709
17,0.09397356184120477,0.8959738436075233,0.05025375863502138,0.17107091363109309,0.02962757277131502,0.08281611946120605,0.12386748939752579
18,0.08934195267111854,0.8343678169599533,0.05036470321226468,0.16236514803336305,0.028419642596352077,0.07875367804457527,0.1403304785490036
19,0.0849822828966271,0.8176100281896421,0.04788768946458538,0.15784802356816494,0.031200069111612532,0.06828419687091926,0.15563444793224335
20,0.08497022806951242,0.7931745524075529,0.049591098149182326,0.1558173059003781,0.031525859887478934,0.06974285712678419,0.10542621463537216
21,0.08717805615050643,0.8115772930567022,0.04524514774140396,0.1547211685007323,0.03206928787241322,0.07629800508739032,0.07741350680589676
22,0.09192620310723668,0.8334849713628583,0.04848551098702505,0.1606282910407155,0.02932710212734413,0.08658608952284869,0.07694696635007858
23,0.09171298340299085,0.8356283666325636,0.050216623799780334,0.1624183013473208,0.029713589531571778,0.08409529983919387,0.08099211752414703
24,0.09197964850698276,0.8425776737464219,0.05586088095158709,0.16824899420799205,0.026848473557346098,0.08223374909953168,0.0761203020811081
25,0.09566432679448952,0.9326062337727468,0.05871986652256165,0.18356077612973096,0.028322634852024815,0.07767891407580992,0.07970836758613586
26,0.09095715000407276,0.856852878052826,0.05752629442621607,0.17171580637287462,0.028132003538468512,0.07526532883877479,0.10099402070045471
27,0.08966361221166841,0.8006250640972993,0.05666148138117622,0.16294199319776523,0.02787165627501444,0.07961299029340592,0.12699997425079346
28,0.09326039157640778,0.8517727235674213,0.054620299296994024,0.1684992170499122,0.027050188766070682,0.08536034674613639,0.1449127048254013
29,0.09348596497146643,0.8891583929464124,0.04778109033901181,0.16797784785435477,0.027467849906279745,0.08607141813097749,0.1302690953016281
30,0.08786280685217761,0.8086178582084197,0.04794218375336748,0.1566101372469464,0.02552736848300875,0.08225240132977765,0.15119494497776031
31,0.08583672000644231,0.799046039426484,0.04745291764338191,0.15482336361239651,0.02989635385835354,0.07442122723081004,0.17438648641109467
32,0.08488153317405955,0.7844916815428076,0.04717300092216076,0.1525042410108246,0.03211439294739286,0.0718829115152235,0.13707426190376282
33,0.08706383219237507,0.7889728221125767,0.04309555217668067,0.14964944788180867,0.03456876598779262,0.0782346013931303,0.08991467952728271
34,0.09065970665309386,0.8009176506479485,0.04246034589796847,0.15081138943367992,0.03608042518464681,0.08578385550497225,0.08467826247215271
35,0.09058550147495249,0.7951187072493588,0.044850727140145465,0.1520318671557474,0.035777794011615835,0.08477667553467658,0.08860352635383606
36,0.09258427451964422,0.830187445085298,0.05032129088020882,0.16173074148093583,0.03426024196644801,0.08311464441256078,0.06235349923372269
37,0.09616873109348373,0.9343384280816522,0.051810522650442704,0.17788593771204408,0.03526844355806531,0.07795392689573455,0.07293637841939926
38,0.09264483432866925,0.8569083566717057,0.05218521051020283,0.1671456599618461,0.03648005095540927,0.07660079735124203,0.09434694796800613
39,0.09164757316306395,0.7861557216839268,0.05146805454358638,0.156423435563635,0.03554040667582578,0.08406246423889774,0.1281651109457016
40,0.09589366495148029,0.836869774086412,0.05191996206289836,0.16405564949482887,0.036243671001332335,0.08844567318242974,0.11899418383836746
41,0.09220421824412264,0.8287125233576136,0.04131370564151882,0.15379925102953235,0.03348176675678299,0.08969070960831134,0.14977507293224335
42,0.08727664810189507,0.7728524381071902,0.04280778345135422,0.1470998769736165,0.029469392148316398,0.08551267179852015,0.13357339799404144
43,0.08338110609133197,0.7794657251603443,0.04264322625366237,0.14790358324033123,0.029341048627182918,0.07420898886708804,0.16200442612171173
44,0.08029285852101499,0.7593392141578283,0.04093229509913845,0.1435618549646656,0.027788241575902907,0.07087402645979382,0.1082812249660492
45,0.07942156105593946,0.7106640040385968,0.03928276028140925,0.13519436653243605,0.027234746255439472,0.07628381921444244,0.09104806184768677
46,0.0835051091136069,0.7149578045533515,0.03783027940491308,0.13456278299754712,0.02918323157395914,0.08636128731235099,0.08519335091114044
47,0.0829547262438001,0.7098607430725111,0.039527162319866055,0.1352891024273868,0.02947519135113421,0.08395674011424444,0.09889517724514008
48,0.08481763725412672,0.7371140361081808,0.043681768978776715,0.14274352142583444,0.028449918118346566,0.0834542428476901,0.08004239201545715
49,0.08675008528168761,0.8157471898110275,0.043040713701361984,0.15342735314559988,0.0299472470243749,0.07810995937591295,0.08236873894929886
50,0.08255258745744896,0.7217886398897151,0.04186166811538523,0.1389940926545752,0.03275375185452475,0.07674025156252219,0.12375981360673904
51,0.0811704286671914,0.6738193692208083,0.03887068057046842,0.12957763609194556,0.032967279667294354,0.08099187754544146,0.12723059952259064
52,0.08399491904441893,0.6819494101023219,0.04079750347535466,0.13239063299349282,0.03398819292936769,0.08540455468964911,0.1573956310749054
53,0.08531718324568746,0.7411131786962986,0.037400275256068656,0.13793069003324437,0.03375550519082974,0.08439683310457569,0.1420876830816269
54,0.07968440664520056,0.6690343530735928,0.03696985735315649,0.1272647853132188,0.030629296001406753,0.08097479712400416,0.158737912774086
55,0.07651497479035675,0.684200249848637,0.03909951852695794,0.1312567658586264,0.027965308964702607,0.07109686520306822,0.15937751531600952
56,0.07382651531983396,0.6787090375279656,0.037650819269876734,0.129230564735318,0.025785185245070293,0.06738413589670364,0.11281290650367737
57,0.07597260534098199,0.6733796218135689,0.03487653583971879,0.12609126240741167,0.02462679025038043,0.0770463686121324,0.07977425307035446
58,0.07980385562494735,0.7002447586967041,0.03525314924807783,0.13025195059788158,0.02522109248802434,0.08342169026843752,0.08627143502235413
59,0.08129801002620721,0.7159285893386976,0.03611751277935485,0.13323338085926098,0.026092895134022832,0.0841590360779465,0.09650282561779022
60,0.0804341686952016,0.73138868278627,0.03704380978178981,0.13623593449671553,0.022861600134355564,0.08198362110961716,0.08912336826324463
61,0.08161685586912001,0.8041269718385697,0.037388102003815794,0.14692222626592352,0.023491825453550018,0.07533405838554073,0.07479948550462723
62,0.07802483377224327,0.7203539879079942,0.03635527396459365,0.134069375956508,0.025080167068698953,0.07531244272661289,0.10117072612047195
63,0.07592114102652231,0.6566597304980962,0.033347972236121515,0.12239250913068934,0.02421184986238555,0.08050432370399582,0.09088544547557831
64,0.07729003902851829,0.6619560057522724,0.03388707870265866,0.12361121113831776,0.023503157772526016,0.08382253453143698,0.10494886338710785
65,0.07974442603039757,0.7305410343967059,0.032737878803246835,0.1324240438880267,0.0232175928309371,0.08311073945450001,0.10031595826148987
66,0.07622096523001928,0.6758667559798593,0.03382267568077769,0.1255432585806465,0.021036362117514022,0.08135048627166258,0.1156332865357399
67,0.07432881088129967,0.6943060882793076,0.03639121060920144,0.13037905027635946,0.02098168477753575,0.07196358675141576,0.12585242092609406
68,0.07256854026918394,0.6797207183401732,0.035789413551148445,0.12777959994958055,0.02176430666748433,0.06871256745032406,0.08270858973264694
69,0.07464186499525167,0.6676483899442376,0.034422326052644836,0.12488319232287237,0.021416862614969327,0.07725258066633064,0.06670159846544266
70,0.07923276798439928,0.7034449958703788,0.034827183596448284,0.1303440139212955,0.023187704820228142,0.08354985805826484,0.05973045527935028
71,0.07930358715491681,0.7106665387490472,0.03513206608426341,0.1316369907506611,0.023512692651369405,0.08232889169924457,0.07166961580514908
72,0.08075334323417542,0.7395390990841231,0.037364148447731095,0.13767485568150137,0.021857541765011864,0.0824808461282833,0.05376821756362915
73,0.08198205683692414,0.8074199157842856,0.03869853071636053,0.14851587144034983,0.022386540729166467,0.07591104565321462,0.06513059884309769
74,0.07718737050276712,0.7041223711191956,0.03751933155527746,0.13274833720726578,0.02433172907079354,0.07482021088930768,0.09386061877012253
75,0.07451074420274827,0.636244700147505,0.0339134370960849,0.11996076038914492,0.023808593312831767,0.07910636206832816,0.10718850791454315
76,0.07736863861796689,0.6522478882735212,0.03458473062197149,0.12282232457219289,0.024304615913520677,0.0840276832744096,0.12039357423782349
77,0.08051570975244472,0.7171485928479404,0.03481756573983189,0.13229342675527597,0.023701206010761627,0.08492289814894012,0.11092662811279297
78,0.07750629363104436,0.6679941964055194,0.03441199934030026,0.1249237417781887,0.02347361529664436,0.08329462004489306,0.1286371797323227
79,0.07594421920167402,0.6900992427686179,0.0348996479529062,0.12849959006943643,0.02488320620853476,0.07463665606137876,0.14175747334957123
80,0.07356189012892295,0.6850543064899366,0.03230803276004299,0.12555750043574207,0.025927845023086545,0.06974552057806309,0.1108238622546196
81,0.07518691634532436,0.6582328227261394,0.03140493159515514,0.12095177318529574,0.027790767080196597,0.07661429721733623,0.07037333399057388
82,0.0798057076986294,0.6911980271547091,0.03295704071933542,0.12699146735296024,0.02857895971817611,0.08334157248398658,0.06361359357833862
83,0.0804559817017252,0.7166631299469867,0.03260432854521961,0.13032701445975775,0.027592423076560308,0.083074441835466,0.07319385558366776
84,0.0805583420516096,0.7374345674779312,0.034151117848920984,0.13462018208163673,0.026174455509989848,0.08084013274925311,0.06022551655769348
85,0.0820200936988235,0.8309468130475609,0.03412231350524887,0.1479543848684363,0.02612330486228742,0.07323727915738137,0.06443480402231216
86,0.07813546950286242,0.7395883551475391,0.03371905419013793,0.13455752575548097,0.027907432227480353,0.07271570289778051,0.08070425689220428
87,0.07680908015364207,0.6641566331436467,0.03061838760194961,0.12112385125076346,0.027891017964332996,0.0808369598593063,0.1185780018568039
88,0.07711153608047049,0.6677124955862297,0.03115930343865553,0.12209547374545185,0.026321669919277695,0.08219172351465548,0.08859109878540039
89,0.08030049386941891,0.735033247047748,0.031233123921709818,0.13177599865400097,0.026570316498411073,0.08227333238254145,0.12059143930673599
90,0.07742733607712818,0.6922880518285424,0.033063366776771776,0.12723832178416758,0.023762497123588435,0.08079945766781599,0.09399378299713135
91,0.07517813309828413,0.7001608698653561,0.03473065972555634,0.12979211831695633,0.02400739677624288,0.07216529031373203,0.12210774421691895
92,0.0719378755260252,0.6842361210906545,0.032553454484644605,0.12565097828550315,0.024372397999444944,0.06655870344723967,0.0922037661075592
93,0.07453395655192578,0.6664479695297907,0.031112505806063978,0.12187471490945352,0.025994987546831032,0.07558239086854691,0.05982806161046028
94,0.0793942159869996,0.7000488816731045,0.03368593129363134,0.12888063849069892,0.025817535348853456,0.08297319185464058,0.07192472368478775
95,0.08013046302443115,0.7260809058008029,0.03321094390568407,0.13219236703355822,0.025790316972064076,0.0821239248122662,0.07381464540958405
96,0.08073643070462766,0.7463058014566644,0.03512217682286842,0.1367198374848393,0.025041184618102917,0.08048429009765165,0.058435797691345215
97,0.0816189737333647,0.8137622208749572,0.03409361744544157,0.14547484650680095,0.025169625692292415,0.07513826459254619,0.061475154012441635
98,0.07751775692342916,0.71753281477367,0.03437538189040436,0.13196930087372802,0.028782891282501725,0.07251566340272914,0.09355971962213516
99,0.07426972156663757,0.6417580984383415,0.030610168926228115,0.11791701599938717,0.028231662064760802,0.07636164100212385,0.09630615264177322
100,0.07671873984859703,0.661964771777928,0.03174689974580023,0.1217780243218185,0.02760341987816282,0.08026777090865822,0.12263640761375427
101,0.08005453593631438,0.7269716887879425,0.03232325921191783,0.13155874915134994,0.02798851963325037,0.08054611363833927,0.11314814537763596
102,0.07741990993845232,0.6743116880462998,0.03507176240086677,0.12639175177878578,0.024999816932871486,0.0804371297080438,0.13739237189292908
103,0.0754336783648649,0.6863880013109857,0.035830317144585365,0.1287671291683568,0.0242385252622046,0.07356266787663726,0.15230870246887207
104,0.07274395736459853,0.6734653333683628,0.032948396772070655,0.12445081628582669,0.02494505216978493,0.06932449785398578,0.11423864960670471
105,0.07411863673590643,0.6459704075049083,0.0319881194664988,0.11969987490055731,0.02430702038227895,0.07782021765126097,0.07504908740520477
106,0.07969195614176708,0.6947055019253383,0.03345480077151486,0.12791918665063248,0.02514992201466255,0.08521740930772632,0.07509105652570724
107,0.07945584243505387,0.7169396729943008,0.032766047806657254,0.13050513711917774,0.023787533400357812,0.08349747999180451,0.07174737006425858
108,0.07982950305365648,0.7516330763005212,0.033434282995767804,0.1360341106107326,0.0222661194957253,0.08101843205440466,0.05416906997561455
109,0.08138013451478883,0.8481072601563998,0.032057411354825115,0.1486359611836215,0.02278722835920699,0.07380007906569436,0.06101728603243828
110,0.07769985264627327,0.7466993655748552,0.03199555995909572,0.13409610361848992,0.02551233833539272,0.07401720806760416,0.10224443674087524
111,0.07417767453426988,0.6640325988611714,0.028586434780678117,0.11936445822074858,0.023479552396889154,0.0790000956788091,0.09821612387895584
112,0.07631554442166398,0.6702280552910516,0.03049660196471424,0.12188680958276242,0.02330988628676082,0.08282063827374311,0.11405319720506668
113,0.0801762911299148,0.737413089660957,0.030605224376050566,0.13157777655960862,0.023578798113455417,0.08472279776833463,0.12184204906225204
114,0.07821023744047498,0.696565103808241,0.03364168594183981,0.1283450313513257,0.020921725173564942,0.08446974100202688,0.11661230027675629
115,0.07565977272323789,0.7046218610659811,0.03471372975166031,0.13041489136799186,0.02256318768171333,0.07420855582041216,0.12126527726650238
116,0.07194906168968516,0.6817841077075903,0.03337940109578338,0.12600864489747007,0.022152984434314533,0.06821849398132265,0.10114748030900955
117,0.0737575166944782,0.6510401350145225,0.032653907634829706,0.12099479726050011,0.02285568727228016,0.07696399694363233,0.08139928430318832
118,0.08006455464288491,0.701055756349191,0.03531910458455117,0.13042434055092827,0.024466423146542206,0.08464810703264683,0.08322136849164963
119,0.07992454611908503,0.72776908473685,0.03344463014005688,0.13263383793959876,0.024544532340619984,0.08226142783229243,0.08082261681556702
120,0.08002015080853737,0.7541006313892598,0.034165167709404316,0.13701309109224083,0.022830063074389423,0.0801926548276763,0.05607001110911369
121,0.08133120271335316,0.8154698432705592,0.03311474029797484,0.14487975500834402,0.02319676615777497,0.07659385144136704,0.061338551342487335
122,0.07653434826308413,0.7151154728867328,0.03169343529411231,0.12932515495020094,0.025554285749271093,0.07494994711144332,0.09248781204223633
123,0.07294112968928101,0.6356468479935318,0.028457905474074983,0.11519918297685451,0.023936319973273286,0.07884454156416099,0.1048605814576149
124,0.07576094066850862,0.6527131940605654,0.03057382126200167,0.11945087451893935,0.02460928909863937,0.08228994367301734,0.1179627925157547
125,0.07825135595907967,0.7208477800139566,0.02945661359087511,0.1282267802227439,0.02425656125731465,0.08176830509241789,0.10969078540802002
126,0.07664803019384613,0.6721959983262444,0.034027377027971956,0.12519432292772517,0.021710920023521738,0.08223999545073582,0.1223432719707489
127,0.07487604090138747,0.6713284181181858,0.03469532440413042,0.12564290922042406,0.0225928757840975,0.07620280059985919,0.15494289994239807
128,0.07269790053764522,0.6562194334706979,0.03307187396052733,0.12209295389055172,0.022683378537647698,0.07323993560384984,0.13000240921974182
129,0.07487732359777519,0.6487894964135175,0.03181674676696076,0.11995571100218314,0.02290603890078644,0.08090860872878336,0.07865487039089203
130,0.0802154322535599,0.685546788574983,0.03333973626381165,0.1265121723082647,0.024128627401107123,0.08878173895158939,0.09163808077573776
131,0.07977378131100679,0.7104186131930642,0.03261530001500972,0.1294443447547318,0.024078618824920812,0.08504530547307265,0.11495072394609451
132,0.07846812554555775,0.7452173768245856,0.03322464448724286,0.1349378919640061,0.021886918329680104,0.07856563624330842,0.07616132497787476
133,0.07996130029171263,0.841215645825846,0.030585281492830175,0.14638961925468955,0.02259686169809551,0.07203040496852278,0.06359948217868805
134,0.07659259623599601,0.7462352929384959,0.031231187270215992,0.13337463093711313,0.025207372234886005,0.07187038687348982,0.08898307383060455
135,0.0738665059733726,0.6628476221025023,0.029072551338976117,0.11961184716233698,0.024209835486485056,0.07728891910905536,0.0792682096362114
136,0.0758657816101311,0.6595011706306381,0.03026997110690925,0.12016014246744192,0.025042397227649987,0.08157867719465511,0.09500622749328613
137,0.07977423166163825,0.7228253152011981,0.03003362821984404,0.12900386921718035,0.026262074246579312,0.0835214365387155,0.10836520791053772
138,0.07694805620803849,0.6648169219901563,0.03236081202664978,0.12271168487857928,0.02498537114353713,0.082372230552754,0.09868335723876953
139,0.07499206910048394,0.6815438254093102,0.03339845972400379,0.12599065482190472,0.024729092565681936,0.07434841106219246,0.1082693561911583
140,0.07154307142091562,0.6782726350103361,0.031778495249161876,0.12413480092932962,0.024234887530206844,0.06691996900542355,0.08887454867362976
141,0.07329988641678202,0.6434228198292322,0.03126199356432071,0.11871354017359377,0.025301981985935394,0.0755611057565625,0.07117195427417755
142,0.07904260860620428,0.6829708858708556,0.03309441928611753,0.1259339145125087,0.026372330896675924,0.0840992089340252,0.07977943122386932
143,0.07833628193623941,0.7105308000159214,0.030440637515081952,0.12759637501520185,0.02687310868749281,0.08026397708480057,0.081646628677845
144,0.07865150371359274,0.7382922462394976,0.031472407711776444,0.13244667035859378,0.025043609574598443,0.07848764027083684,0.06456223130226135
145,0.08002246511193047,0.8032792811308911,0.031182475010570563,0.1414820187420449,0.024993539573195587,0.07439566553197333,0.07235867530107498
146,0.07613492126617401,0.718515098090178,0.03029101283084056,0.1286087392964602,0.027481724905971134,0.07279187730485112,0.09064566344022751
147,0.07312042114477174,0.6454997345422987,0.02679536165003339,0.11518170063464271,0.02646891604518059,0.0771368685532769,0.09416591376066208
148,0.07527086423977232,0.6592359266623116,0.027686312995363758,0.1179076863763563,0.026022246503380097,0.08105618538960452,0.10800282657146454
149,0.0762517600387785,0.709352448605931,0.02589388977599531,0.12353082675170042,0.02579711021113359,0.07903039526416113,0.0993950292468071
150,0.07433182658081737,0.6664076885765984,0.028876607642609884,0.11995247634746535,0.024095839554728736,0.07837024668282794,0.11996184289455414
151,0.07264277050813593,0.6629808885280517,0.02982937728924498,0.12027959318050309,0.024227518845743902,0.0733238958744077,0.1296761929988861
152,0.07048566260524215,0.6509217990346077,0.028021063363703125,0.1170068827452609,0.024879544711133444,0.06968494814007091,0.10748837143182755
153,0.07326327705223055,0.6431153762906809,0.02799603631243083,0.11587022773789513,0.02548694972478796,0.07778648161378632,0.07322930544614792
154,0.07766273308019525,0.6807753720328699,0.028324438636964818,0.12153171483637983,0.026180392842680904,0.08432442175135882,0.07903346419334412
155,0.07662545539701843,0.6867654478618845,0.028611566234528,0.12263354932415038,0.026698060819465,0.08005484346613717,0.08393006026744843
156,0.07668531699832216,0.7320729091509275,0.029191280262254524,0.12960294153206495,0.025088523932107563,0.07552958946423499,0.061827659606933594
157,0.0788960590055516,0.823705249441405,0.02921439748552836,0.14271309062208218,0.024890343571043392,0.07031115734628206,0.055807314813137054
158,0.07576222916297913,0.7315099304133309,0.027900106838258488,0.1284157959204117,0.028457264302961312,0.07108220250274122,0.08912496268749237
159,0.07237822414808541,0.650566799625369,0.02456112206142032,0.11399050457055586,0.02663736046469864,0.07599073450138719,0.08368310332298279
160,0.07380670732223152,0.6507788355662887,0.025685484954629207,0.11498453504200914,0.026377013232197776,0.07927709039620562,0.10577970743179321
161,0.07785275045515395,0.719991219001237,0.026350968625509508,0.12544243296489915,0.026929917251407927,0.08076925731240467,0.11345604807138443
162,0.07489939960861354,0.672275018800459,0.028998723281962152,0.1208953369274617,0.024688227296506184,0.07858773022771531,0.10498100519180298
163,0.07329851137601255,0.6880526984775723,0.030421989779206734,0.12436923387897326,0.024348758856425463,0.07144266264056062,0.10633500665426254
164,0.06921669499616803,0.6579795485220417,0.02838090448764684,0.11832356792113183,0.024007551166636575,0.06580618203766478,0.09537701308727264
165,0.07175486600190745,0.6420614028993763,0.02871380555834548,0.11633489089277847,0.025794214567486023,0.07296291422751403,0.08090413361787796
166,0.07744005822805428,0.6745923977411227,0.029978143931654228,0.12206589447586401,0.027758999770575814,0.08186337766151444,0.08553299307823181
167,0.07716348868561837,0.7090234505837217,0.028727573866183197,0.12591269911154582,0.02739555200307239,0.07805487416015956,0.08584515750408173
168,0.0767066038453836,0.7291680803840461,0.028951643008824385,0.12898256263385607,0.02508253046308781,0.07613620411497898,0.06485586613416672
169,0.07822255507198946,0.7951115126266238,0.029134380407954658,0.13855968501062169,0.02474851804867269,0.0722173487710884,0.06263113766908646
170,0.07452671296769903,0.7129019090115103,0.027248000839115907,0.12519855914945796,0.027933121054025258,0.07095824048312453,0.09037642180919647
171,0.07137706484662928,0.6341372975382442,0.024094797463001232,0.1112437260451788,0.02713339009204249,0.07520695170816187,0.09703932702541351
172,0.07318525349400333,0.6357625831519436,0.02517399601019921,0.1124009370304484,0.02710547449368882,0.07919133702488906,0.11853492259979248
173,0.07505086246915976,0.6951089585850093,0.024278076701384085,0.12011105982761627,0.02716916469020968,0.07751967533709164,0.10275372117757797
174,0.07294016332916296,0.6522285662966587,0.027458330223345293,0.11671122109096148,0.024200136806775234,0.07728801099467855,0.1281205415725708
175,0.07149699925628086,0.6515191207056188,0.029460311212841553,0.11832585542609544,0.02372498865819182,0.07232225938102102,0.14702770113945007
176,0.06969693732194204,0.647081861164023,0.027339288116808583,0.11587394140926781,0.024806907836566132,0.06857083454523591,0.11806104332208633
177,0.07346103954780966,0.643285462997627,0.027981593012996592,0.11588214586794379,0.026144375927792014,0.07774465218520774,0.09295563399791718
178,0.07786743152279758,0.6769832951890258,0.02838491246380281,0.12104182428169181,0.02747296285117329,0.0841849979464364,0.09996673464775085
179,0.07790707347103945,0.7096897905504649,0.028487639596077186,0.12580223258956114,0.027363602824464643,0.08022434605808595,0.11578075587749481
180,0.07634499791317005,0.7209187602381011,0.029210117125649,0.128025637570285,0.024579857103041447,0.07641893642205702,0.1008245199918747
181,0.0783356368854184,0.8055766747635082,0.028113621088312307,0.1391797716133403,0.02503414672146765,0.07173582289194366,0.08988354355096817
182,0.07427565072454624,0.7324496720539119,0.026757750051675203,0.12757088176628043,0.028219099713040048,0.06794180569809674,0.10655692964792252
183,0.07051112949378074,0.6485706916928848,0.02505134532935503,0.11412553766700215,0.026665349751568125,0.07071357961664806,0.09472047537565231
184,0.07413722285666358,0.6521522192351548,0.02711139698191108,0.11640294301808875,0.027316060998153154,0.07812323434161318,0.11345035582780838
185,0.0782346444347896,0.7132796967640305,0.02718691914802315,0.12520017309316706,0.029813580648809644,0.07950823767144176,0.09561056643724442
186,0.07544632006616041,0.6731222554629646,0.029467173340725156,0.12141789935818793,0.02723136542640459,0.07740927349542262,0.10252074897289276
187,0.07577957606162983,0.696318794070046,0.03196125006142344,0.1268694706340838,0.029029332455834934,0.0719823814658031,0.11492925882339478
188,0.07167378608214076,0.6720226411775287,0.031241952304291512,0.12278205071475397,0.027135817090002512,0.06592477739672517,0.0996188223361969
189,0.0743972446919887,0.6538481998455505,0.031745953744248885,0.120617703187292,0.02989017746465947,0.07289802733251141,0.06378737092018127
190,0.07893993553082174,0.6732232507316218,0.0322929959898736,0.12385446095298049,0.03189576664333739,0.08080337356298165,0.05998349189758301
191,0.0798066259790095,0.725974502896837,0.03061798300868959,0.12995462870699634,0.0316664957117924,0.078049737575836,0.055667225271463394
192,0.07921968812009404,0.7342745432921154,0.03210743549571749,0.13241702232377434,0.0292440949091639,0.07640066475143768,0.05254337936639786
193,0.0814237404278756,0.7975522464038729,0.031729732959700885,0.14113294916601116,0.030571752892117905,0.07367367187579499,0.054838232696056366
194,0.07607455498227257,0.7156604853777072,0.03080145404750088,0.12863845852324465,0.030458753834519257,0.06999496538820621,0.074968121945858
195,0.07305530358743609,0.6313135815360968,0.027062360780928454,0.11338396374595251,0.03156728776093658,0.0740697397969213,0.08304621279239655
196,0.07543798981548816,0.6437549135033835,0.028970561540176947,0.11679689753492073,0.02941389173126236,0.07952003138468222,0.10578905045986176
197,0.07807224966235156,0.6981520393066514,0.028996617218481013,0.1245902489453625,0.03125247375518425,0.07833630420848839,0.0887925997376442
198,0.0747789476354348,0.6504280230127871,0.03147924679586456,0.1199005005411392,0.02679547062609022,0.07728313122611999,0.09488246589899063
199,0.07341221040527098,0.6552294906424012,0.03296722449761386,0.12186183394686921,0.02782007720050649,0.07091190636054145,0.11091431975364685
200,0.07081854877295021,0.6429485656667271,0.0313892645758262,0.11875487901738348,0.026449829645375324,0.06769688904569912,0.08894091844558716
201,0.0743764278541844,0.635057956492562,0.032521208212858616,0.11859788653853053,0.02845023219841562,0.07586807270417921,0.057027947157621384
202,0.0792647378345313,0.6796353011223359,0.03244859779264355,0.12490384112545674,0.03081775546244545,0.08172163203054664,0.051356539130210876
203,0.0799119112251173,0.702885868007699,0.03187923136866511,0.12773732231709853,0.031104118254505302,0.0807714953689192,0.05488495156168938
204,0.07990445186293292,0.7376849300258868,0.03348503997244877,0.13408502426579705,0.0295719841045912,0.07653736029897579,0.04794881120324135
205,0.08190908858753923,0.8032867265889655,0.03469444744817404,0.14449334446828713,0.030130687390953544,0.07245396573889734,0.05302068218588829
206,0.07860144921879912,0.7316587288669497,0.03390230396337058,0.13358179323531047,0.03175691989843848,0.07148261135966727,0.0751032754778862
207,0.07578607689899718,0.6541140670529952,0.030139181198767694,0.11927845060651447,0.03218314028705423,0.07588281944036962,0.07577986270189285
208,0.07636724186847922,0.6570008740989673,0.02988761241163952,0.11947522122411493,0.029792258504283322,0.0794008703759694,0.09712643921375275
209,0.07955497117853326,0.7173005373906737,0.029955064347755394,0.128147274782458,0.03239718474261065,0.0782997686565314,0.09349625557661057
210,0.07661791600625283,0.6762450989243287,0.03164514966117588,0.12373085669876915,0.028580802917195326,0.07742656685322635,0.10248614847660065
211,0.07604831547716105,0.6987294387391769,0.03465442668610891,0.12952228555083292,0.029216842141092405,0.07023613083175823,0.1110435426235199
212,0.0717424857738755,0.6628600567464982,0.03266326283392335,0.12269137625000548,0.027664274166028874,0.06573064176412757,0.08618558943271637
213,0.07617905371614063,0.6568985456683356,0.035154259571467485,0.12397487187102008,0.03046731099709061,0.07435548770978986,0.056784119457006454
214,0.0807422380083216,0.6926533876129536,0.03345296618621249,0.12762445496146121,0.032542205091041304,0.08189532697694471,0.06788403540849686
215,0.08202923535551096,0.7381324678849948,0.03298360163063732,0.13371915395268838,0.03431221647186815,0.0785529481061682,0.07814344763755798
216,0.08232575212509007,0.7508016612671278,0.03484166338895938,0.1371216630858406,0.03512960928872536,0.07567595501625249,0.07215277850627899
217,0.08342297148030547,0.803905088670538,0.035573903080652884,0.14533550102206508,0.0347244600216293,0.07186070565760747,0.07082571089267731
218,0.07740220129137304,0.7099391420594101,0.03401351922987367,0.130574322491236,0.034176628785761574,0.06869897118390299,0.08243411779403687
219,0.0748803003043132,0.6384838923609699,0.030995772356314736,0.11777978949983692,0.03481385224036043,0.07240138931418863,0.09394349902868271
220,0.07765037086022784,0.6615179420198697,0.03137891943338414,0.12139877980288206,0.03311387583651582,0.07833994618115339,0.11607043445110321
221,0.0800900451544317,0.7185725813192567,0.03024103931149531,0.1285741167411755,0.03510135767141751,0.0770315840636683,0.10418783873319626
222,0.07592433805133708,0.6692887120637562,0.030480465613299913,0.12173878653479366,0.03202065476254642,0.07425241850600442,0.10803990066051483
223,0.07495933492943407,0.6914814782922141,0.03201465921999919,0.12622420480174418,0.03136250560610087,0.06824979944907927,0.11640114337205887
224,0.07118639571961287,0.6769530680736728,0.031242050504994973,0.12348648158623467,0.02806504796044477,0.06315499987559088,0.09120817482471466
225,0.0748913984949906,0.6562902580185962,0.03286139916291648,0.12192266471372788,0.03070992232843562,0.0723978321993311,0.056575141847133636
226,0.07998889283321162,0.6910698747812117,0.0323019231089974,0.1264116304907423,0.03205641655371072,0.08130991412743555,0.062098391354084015
227,0.08052888561718508,0.7176637607797481,0.03222374177713366,0.13014374449179286,0.03332183307822572,0.07842205507349269,0.05856242775917053
228,0.07973419222013998,0.7367948548618712,0.03363493812872703,0.1340863548048905,0.03280535085952334,0.07323878614902282,0.054227158427238464
229,0.08161225336017779,0.7981433300445627,0.034218527495828176,0.14335064214564738,0.0332940204802561,0.06986961694282337,0.060615137219429016
230,0.07848320711608822,0.7228851033766549,0.033950452892187406,0.13236968867568277,0.033294209668725254,0.0708729085178856,0.07942524552345276
231,0.07577329728708199,0.6492604652419683,0.030843157294841255,0.11918848700157368,0.0330498499175798,0.07516802273521618,0.08579876273870468
232,0.0784686180466272,0.6594906405761859,0.030241600833746985,0.12013432079695255,0.03262501419719017,0.08212428150834991,0.11300241947174072
233,0.08037706988056881,0.7176612697326152,0.030009224697387028,0.12824523113099107,0.034873363231449746,0.0783081721044285,0.10973639786243439
234,0.07758547302115532,0.6819879748237156,0.03061179801057398,0.1236655375553085,0.032842269173295434,0.07641571992064869,0.12615206837654114
235,0.07763562833716627,0.7183413615379298,0.03263300269384833,0.13059133967157427,0.033056118067221134,0.07030645240576125,0.12508460879325867
236,0.0728691097454599,0.6760329637258444,0.032375221054779614,0.12432632715064604,0.030303413025378177,0.06508902914599358,0.08920036256313324
237,0.07692235648185383,0.6636354835342244,0.034044304357958625,0.12398590138313945,0.032096979786169565,0.07496395930195263,0.06512422859668732
238,0.08132411504881296,0.6929820577399861,0.03484038644753489,0.12886062520359934,0.031645768452636155,0.08319822193502954,0.07039002329111099
239,0.08136878442546237,0.727941545460532,0.03306728971786789,0.13233504053824846,0.03190727691263295,0.08005212940050027,0.0823146402835846
240,0.08157552542786067,0.7587759957818484,0.03621362395904301,0.1394368199337295,0.03034415244963468,0.07577434409117317,0.06707365065813065
241,0.0829016828711895,0.8121491708117783,0.03610383758239159,0.1469674566151611,0.03146876712612479,0.07184793212214592,0.07050079107284546
242,0.07780239413370224,0.7102718614119596,0.0355593622770641,0.13194686215347776,0.03174552359635222,0.07072574633657992,0.08699622750282288
243,0.07307366730540982,0.6164783929728188,0.030232025630895592,0.11398150667974176,0.032134630343008015,0.07310096519497095,0.09204413741827011
244,0.07692772390979724,0.6503406415258592,0.030447092502430304,0.11900331379149158,0.030303249732530752,0.08090799766842285,0.11235836893320084
245,0.07856995627641894,0.7007506960995755,0.02982439151523683,0.12567100645585663,0.032098974207660405,0.07801864667957467,0.09718972444534302
246,0.07538141035947708,0.6422210577730645,0.03160873084815236,0.11883906326599693,0.02934099923835391,0.077641323797255,0.12843890488147736
247,0.0744953362264417,0.6694779059491136,0.032568825879944426,0.12355583731839716,0.029531841728172612,0.07091045545696613,0.1448940932750702
248,0.07207518848992388,0.6576378070082467,0.03180521992821439,0.12120987522536188,0.027051045786360688,0.06847846246203344,0.11757087707519531
249,0.07550727925852488,0.6327952287251656,0.03207226515864818,0.11788983138243637,0.030158499608969984,0.07810272834346288,0.08031971007585526
250,0.08054644221541439,0.6778793347278103,0.032607982871631504,0.12478960456537135,0.03035146500975659,0.08575428021415263,0.07608549296855927
251,0.08025581757434597,0.7115323642843838,0.03176009449065161,0.12887041874689908,0.03142868046474132,0.08044178651926608,0.08662845939397812
252,0.07952045393900654,0.7335347003623116,0.034090427650754956,0.13401103803812017,0.029908687564996754,0.07525148842954069,0.07293528318405151
253,0.08124114539221372,0.8096772811064308,0.03337303156680466,0.14427363864389411,0.030784619125392272,0.07023717428046217,0.07995203882455826
254,0.07950002046191434,0.747030968038578,0.03441233225582548,0.13621499451050442,0.031702672050705254,0.07169709802920599,0.08801913261413574
255,0.07529603686433678,0.653867080386124,0.029582798933109337,0.11876626771211142,0.03185641415580461,0.07526925474249962,0.08117126673460007
256,0.07635161676902845,0.6511769539698208,0.028897798893873363,0.11779482104758013,0.02889485119880116,0.08161348289924462,0.10108713805675507
257,0.07883361311797249,0.7254049598960883,0.02835545746919539,0.1279339578158944,0.030945007081574636,0.07777334178913892,0.09181059151887894
258,0.07794554884284503,0.7018890065728417,0.030417806874875792,0.12634226397458523,0.02955525241990855,0.07793993247264178,0.10044193267822266
259,0.0770216890099983,0.7382812793087281,0.03187738999455164,0.13279223132514825,0.028944450456051037,0.07029004821894595,0.09884792566299438
260,0.07220382788526006,0.6847992133112046,0.03202280990722242,0.12527658182207704,0.025891211007148685,0.06628870795889265,0.08819100260734558
261,0.07588841683401214,0.6645913752761847,0.03283246116097249,0.12308373460600282,0.028853450811770747,0.0757481090529815,0.056987401098012924
262,0.07979613848448143,0.6922266413086933,0.03187282912783596,0.12620908801081557,0.029522624452828525,0.08317413242663536,0.06556916236877441
263,0.08023093254642776,0.7394981872570732,0.03075084546576286,0.13200046572166432,0.03140912067340905,0.07765167640698716,0.06816378235816956
264,0.07986716275464034,0.7440159330089797,0.03388882707164132,0.13533555649126108,0.030874841323212793,0.07420059948759629,0.06381908804178238
265,0.08201648477738259,0.8113866582922876,0.03317450056939761,0.14434766595838192,0.03274295709449169,0.07059103796653773,0.06426484137773514
266,0.07777781159474707,0.711244412102556,0.03389564231181144,0.13065975228191778,0.032069778867856516,0.07150064212950191,0.08050599694252014
267,0.07383753400487937,0.6267097109804698,0.029310027109467215,0.114652839091039,0.03269996468420639,0.07411951521007856,0.08201281726360321
268,0.0755473263287688,0.6401606312751893,0.0286642297492673,0.11602085853868473,0.02967010221670329,0.08027555674314972,0.09900159388780594
269,0.07772470963479697,0.6907725932398461,0.028712686041310765,0.12329267278395865,0.031419910032846256,0.07836944153098738,0.07513780146837234
270,0.07585137613519265,0.6540680429263912,0.0311167764125653,0.120109814485969,0.029359792284701387,0.0778053784474432,0.10172361880540848
271,0.07430412718641416,0.6677709680000068,0.03200257253151382,0.12282662902701282,0.030204431521160122,0.07043417178298764,0.12025095522403717
272,0.07161672800751737,0.6513734111595502,0.0320773510623435,0.12054821679051589,0.026805478773855727,0.06801151840184758,0.10435622185468674
273,0.07572459667860904,0.6413165219553407,0.03277138584636451,0.11970640529050396,0.03097578201951479,0.07639572696990844,0.0644521415233612
274,0.08035667382478281,0.6841028071485875,0.032085616484701714,0.1252309294366854,0.031488879760391913,0.08385101997071008,0.06402023881673813
275,0.07984379861522535,0.7124091997966723,0.03227496017816691,0.12943699440938197,0.032622076904527966,0.07776875879219854,0.06614335626363754
276,0.07986154062594382,0.7311861568801112,0.033669990702018475,0.13331515729888888,0.03226719164472023,0.07473468139568755,0.054121874272823334
277,0.08208406818003676,0.815438268582682,0.03211693976762304,0.1440199867412029,0.0337719260619621,0.07016326379233172,0.05484146997332573
278,0.07977121253986905,0.7566334944344673,0.03284947943440603,0.13624719586298623,0.033819106793060195,0.07056281966059925,0.06054021045565605
279,0.07623235785516744,0.6609899911765407,0.028916801083475236,0.1192129710967703,0.03439832796363624,0.07522909742385472,0.0843769758939743
280,0.07764173213462677,0.650295646212197,0.02928135562141777,0.11799768284867196,0.03170050044039755,0.08252885299228781,0.11492323130369186
281,0.07919383333321033,0.7160177625235848,0.029266607024322693,0.12737391495278874,0.03253691424671453,0.07786106611676306,0.11308500170707703
282,0.0778949933246948,0.6946918118325898,0.03188097701781189,0.12656823913420873,0.03152688674253848,0.07587799650075688,0.12377038598060608
283,0.07816022942518669,0.7325781418626014,0.03320507231549408,0.1331155108222237,0.03338265216919994,0.0692547383017677,0.12393983453512192
284,0.07381198450440574,0.683516906682727,0.03287096529746928,0.12582038549536323,0.029775950972353193,0.0668361629778639,0.08930851519107819
285,0.07758002082304931,0.6664712655569636,0.03382741341996599,0.12420510658239423,0.03252880954861465,0.07620288064875283,0.059850845485925674
286,0.08116791874229475,0.6992745340281998,0.031086872443288338,0.12654225266970426,0.0332953574010167,0.08335386772942971,0.0637691393494606
287,0.08090739844008836,0.7461714748556396,0.03280949182460432,0.13471834654332365,0.03261799813889888,0.07607604411329827,0.0638551265001297
288,0.08104116856028144,0.748385771520867,0.033916174324127614,0.13598325963794752,0.03475141794515376,0.07347037065556036,0.06811593472957611
289,0.08286239115583632,0.8085334338739589,0.032809148026570784,0.14362690314762622,0.03673060458191283,0.0700587564152032,0.07022561132907867
290,0.07746554954655682,0.7095264405560376,0.032497090720001925,0.129215569268007,0.034324556204543485,0.06993265146454955,0.08527934551239014
291,0.0740536976710033,0.6274428780666921,0.029156543233104047,0.11462601963790232,0.03464468843646946,0.07303579903018373,0.0932670310139656
292,0.0766577255445701,0.6474451340546832,0.02853526231445554,0.11695095827734521,0.03206950019815652,0.08041584408150375,0.11544768512248993
293,0.07816018582553089,0.6802428558504965,0.0303236209655172,0.12316922594908565,0.03317617606402878,0.07813828425873481,0.09900131821632385
294,0.07699324029935212,0.6603411288034393,0.031369585627024237,0.12122266322365496,0.03267727153359882,0.07706896791062127,0.12683476507663727
295,0.07671894635279021,0.6891629857333509,0.032421618730586445,0.12624181401669565,0.03328449113879398,0.07139158545911967,0.1536320149898529
296,0.07238767386935295,0.6561120037831171,0.031580455656822874,0.12079924824629344,0.028782982933538242,0.06818165085836789,0.126320481300354
297,0.07644726568729485,0.6398770590214882,0.03223720548790461,0.11904289884984512,0.03244380454315711,0.07767911517118387,0.08128967136144638
298,0.08100418004819848,0.6874227706689221,0.030202268297814916,0.12409091149368735,0.03396648847947548,0.08446127015602833,0.07563334703445435
299,0.07991156207664474,0.7175685987711875,0.03201592398641317,0.1299520203842381,0.03296860185284863,0.07720125125332217,0.07949931174516678
300,0.08034431587411474,0.7304484130212541,0.034290587421611375,0.13374170536441748,0.034386206186228896,0.07383494604699994,0.061030980199575424
301,0.08237566886634189,0.8051369246506648,0.03337880454637793,0.14362996456127602,0.03565703882699276,0.06965696141770497,0.06495514512062073
302,0.0797285289490545,0.7469301671153381,0.03211654132574302,0.13423277358139946,0.034225746721580526,0.07185224934479237,0.08608949184417725
303,0.07618636571177374,0.6556886014815628,0.028237870784810434,0.11787368945577505,0.034714479137857086,0.07599785818794966,0.11363566666841507
304,0.0789015038376896,0.6549228544839875,0.02978296845416929,0.11908866645842904,0.03332725374778124,0.08361520537321239,0.1438627541065216
305,0.0801384003906859,0.7117314139008213,0.030339669927122,0.12768134763765046,0.03504411529314441,0.07799582100994074,0.13335531949996948
306,0.07975917942015447,0.6951149970263861,0.03253710230191092,0.1271910872625502,0.033994344297025116,0.07830049079079635,0.1503385752439499
307,0.07969487843705397,0.7245119221060351,0.03542236623691257,0.13386373136107294,0.032448043593463684,0.07363811261667894,0.14997953176498413
308,0.07466806014867912,0.674039094005662,0.034208015637195714,0.12561245540411944,0.029092652156778195,0.06997019629308213,0.10680244117975235
309,0.07825351713002596,0.6611912085529806,0.03515064080494391,0.12458500762609204,0.031959488465309736,0.07822073802759483,0.06661519408226013
310,0.08157115509685389,0.6933132804155098,0.03239620618174577,0.12681293107228347,0.03243991038256473,0.08497444024335603,0.06280221045017242
311,0.08132152791688127,0.7442339692439454,0.031834752038068924,0.13360606878176556,0.03234895838815775,0.07842355299774058,0.07548043876886368
312,0.08186978639615279,0.7479661175266271,0.035317383566557725,0.13712434556085334,0.032458777162849416,0.07675668020618026,0.08135148137807846
313,0.08402841006602456,0.8085827588893413,0.034947325750548375,0.14546667334180446,0.03451486382804847,0.07359428265794618,0.08519063144922256
314,0.07836544119719578,0.711851690192181,0.03260073745857089,0.12963658784908663,0.03321146710563853,0.0730129152069039,0.10535205155611038
315,0.07422148595556868,0.6220223873051756,0.028863907875650224,0.11360083350843957,0.03369265899838744,0.07522728043434024,0.11040634661912918
316,0.07682064525099051,0.64131092352575,0.029224171000354165,0.1166651356468393,0.031014243135433255,0.08203731800573542,0.1441642940044403
317,0.07820381429260449,0.6856361664020327,0.029526570734715405,0.12325651297290359,0.03131119134904372,0.0798137480229585,0.12587641179561615
318,0.07752324853934843,0.6606525626564974,0.0333384516363523,0.12295475321065874,0.02978065599969257,0.07954545042415076,0.16467612981796265
319,0.07767692054482624,0.6912867517259806,0.035209643878389596,0.12893494499947405,0.03008577420380534,0.07446840219540266,0.17894870042800903
320,0.0736608717469744,0.6522626535185163,0.03258900844137955,0.12111381488097052,0.028651836994123762,0.07152245191347209,0.16025152802467346
321,0.07707358164084542,0.6351561114410051,0.034365821668895374,0.12019300592205392,0.031071659300830865,0.07959576744230071,0.08841285109519958
322,0.08138872725066093,0.6831795852247142,0.03148639872120541,0.12458542536456381,0.03194131359990809,0.08685810334540464,0.09446293115615845
323,0.08126425136005766,0.7316924888154159,0.0316409183445253,0.13164828555465255,0.03138065365471809,0.08082636943195927,0.10225141793489456
324,0.0802621832473604,0.7228850321061192,0.03508664793746452,0.13334355996155806,0.03175114942070361,0.07626313322076214,0.08704187721014023
325,0.08359405809712549,0.8125619678985044,0.03555490575609325,0.1465559146335806,0.03344409047257899,0.0723836552992055,0.07645811140537262
326,0.08042140864087323,0.7494647697582015,0.03377379030321812,0.13601535879678717,0.032816070451123135,0.07343137317047989,0.1070026159286499
327,0.0771738275970766,0.6477954765590821,0.030388695137943362,0.11858966391239176,0.034001406600566594,0.0787108391931221,0.11892229318618774
328,0.07765203198029667,0.6449232164538254,0.028380164996907598,0.11645774377646731,0.03151869637951356,0.08406370280933259,0.14911313354969025
329,0.07899265917313597,0.6981158595782703,0.03025580315177485,0.1256643826412742,0.03287074889139428,0.07851157263503897,0.1450468897819519
330,0.07790152088771964,0.6844847002500813,0.0325944011079577,0.12572158669968964,0.030611603369525803,0.07743764113066548,0.1596492975950241
331,0.0787780208093698,0.7089522553989258,0.03621206588753664,0.1323178072463065,0.031026586584907034,0.0737132126234551,0.15868490934371948
332,0.07419847963129851,0.6607726940721972,0.035406745997486506,0.12474473857958804,0.029946909711084737,0.06869062673173223,0.12423538416624069
333,0.07858151274330286,0.6579193336062488,0.03696002957114752,0.12566850157616197,0.03238828377056684,0.07779947286569515,0.06774654984474182
334,0.08248259740004404,0.6933675940731046,0.03396492849091346,0.12816530928836933,0.03241188505228124,0.0863220978020519,0.08421102166175842
335,0.08128988836985923,0.7358029721057995,0.03185398677847608,0.13241812753952226,0.032493208188490226,0.07924977425510193,0.08939095586538315
336,0.08174256292366588,0.7553517360455748,0.034391860669412716,0.137386128580293,0.03179719730204584,0.0767566378930347,0.09169416129589081
337,0.08466583629662557,0.8213310395192323,0.03550359211091563,0.1477646560263894,0.03399172060201099,0.07379422026586994,0.09241510182619095
338,0.07909113933550539,0.7199723280460941,0.03497384233218011,0.13283076886273926,0.032799566064081076,0.07257409011167201,0.10623214393854141
339,0.07406800510756714,0.62127896258571,0.030105423988823144,0.11455878664552126,0.03279538309500236,0.07475211552285144,0.12957453727722168
340,0.07675557318842435,0.648677217143365,0.028539478190063906,0.11713058375482122,0.0306249005546469,0.08179177749738233,0.14694754779338837
341,0.07817896625168572,0.6894322494883387,0.028631881118537778,0.12303193374279507,0.03283552126719624,0.07860813405839331,0.13524335622787476
342,0.07745901389293604,0.6652193942006116,0.03223087235257363,0.1226578040451505,0.030024025525821212,0.07941568733097383,0.16052722930908203
343,0.07777218022453725,0.6867633802047708,0.03560125514749501,0.12862441586996298,0.0306520630321075,0.07450657657816576,0.18284262716770172
344,0.07280139159751457,0.6454840554402642,0.03286763590088613,0.12038426726365443,0.027987397914664758,0.07037861986213577,0.14924634993076324
345,0.07721049499287219,0.6449284294597046,0.034474023575497344,0.1216817958446698,0.03131434635465855,0.07845723680598618,0.09644381701946259
346,0.08043530066460552,0.6731703601167984,0.03110008451240585,0.12282440959874766,0.03122527746557241,0.08640360064638516,0.10823261737823486
347,0.08004431818273054,0.7147314184404421,0.03111237215123422,0.12877223590683534,0.03146421634558937,0.07991497928163738,0.11610528826713562
348,0.080324010385125,0.7275130940485823,0.03353312292292114,0.13267311879801558,0.03169755678585747,0.07706668742320483,0.11777035892009735
349,0.0834371745507823,0.8150879348364874,0.03465532692493587,0.14614569948372896,0.03332576739981244,0.07241469649155258,0.12496403604745865
350,0.07953944136483214,0.7539372281053539,0.03385419003445142,0.13672319547315176,0.032215156383316616,0.07091240587887852,0.11688268184661865
351,0.07532469383215364,0.6408769587343244,0.030834483227960282,0.11798340830029799,0.032310039143503465,0.0756361415250962,0.12995190918445587
352,0.07660668389368669,0.6412622018586709,0.028284679903395133,0.11585289732557737,0.029970734187508393,0.08307270313368836,0.1442796140909195
353,0.07725118523273732,0.6974770832089665,0.028966069726199334,0.12446764308088036,0.030986501386280618,0.07641838298126175,0.12527139484882355
354,0.07674366941706565,0.6911637097131617,0.030948323906316366,0.12526480759300854,0.029021986513546667,0.0760441460536947,0.13952575623989105
355,0.07872782341577768,0.7207765126186536,0.03540964274393566,0.1333191955831811,0.030069247608628138,0.07353662660055557,0.1493498533964157
356,0.07385470677586978,0.688255951365935,0.03288464469954575,0.1265091170804585,0.027824485948079698,0.06805854098367095,0.10278145968914032
357,0.07729526561071993,0.6738082718456426,0.033574380722932555,0.125036365169034,0.02996076399228789,0.07693949241332321,0.08315984904766083
358,0.08116192586772544,0.6959925726624301,0.03204439380473637,0.12689413364154975,0.030999317032107048,0.08503852679679527,0.07594246417284012
359,0.0800438657062896,0.7331672543936076,0.031385276260716494,0.13163984456541525,0.030431443712096797,0.07830825344947337,0.08767732232809067
360,0.08063627659055594,0.7347486841435326,0.03351037904330289,0.13368727977190714,0.0325787755107892,0.07626696225166955,0.09442955255508423
361,0.08251189912409948,0.7862047819914224,0.03512227934343508,0.142419779721719,0.03387367870723475,0.07265094646593905,0.10183355212211609
362,0.07719027533198271,0.6959247406069073,0.03394481023223769,0.12851337171433336,0.03311939525898701,0.07084458606129715,0.11378218233585358
363,0.07321049423107527,0.6048207571369029,0.03125530922567036,0.11319323035584641,0.03303499031363198,0.07337916604966338,0.13231775164604187
364,0.07608508210120773,0.6376258838228651,0.02876559717756384,0.11574563812689258,0.03160407576877024,0.08030297611961627,0.1600116640329361
365,0.0766299152823252,0.6811501068906356,0.029513706416996372,0.12260462077037339,0.03173782607480038,0.07568262603686723,0.14193671941757202
366,0.07662368316169385,0.6666256183536683,0.030873344235818737,0.1216950976812258,0.030733837008820573,0.0773398108408675,0.16293266415596008
367,0.0771327989398375,0.6849454698612694,0.03478271905976752,0.12766311203141065,0.030426171600594205,0.07378707390654893,0.178616464138031
368,0.07359218602012585,0.6658463280225533,0.03293969117826958,0.12335492501316726,0.02925866494950079,0.06884162033801154,0.14039865136146545
369,0.07646730627955059,0.6576731462200949,0.03353266040145233,0.1226955869469727,0.02975614740225604,0.076889824713189,0.06847571581602097
370,0.08025001179468229,0.6900745603790731,0.030929306673897747,0.12509291434606568,0.030329515052191953,0.08469290671190091,0.0859232172369957
371,0.07991278255477295,0.7335850269216357,0.031644662377368654,0.13192185731226397,0.02980995907791326,0.07824481268422051,0.10059475898742676
372,0.07947017475365564,0.728625295900743,0.03236876051212883,0.1318339798533594,0.03180684505231272,0.07535725878008989,0.10304632782936096
373,0.0835806414092626,0.8056106529817452,0.03465993171294535,0.14479574903705958,0.034014810171554104,0.07338752456793515,0.10762946307659149
374,0.07957544760158176,0.7412414564819512,0.03284625289466785,0.13404556769285117,0.03335838240998267,0.07235402456437026,0.11044241487979889
375,0.07559333332678124,0.6477409722722693,0.03025658128401655,0.11846863713948126,0.03213027755238196,0.0761076162932681,0.12877553701400757
376,0.07763383846671927,0.6605409581548198,0.029422892451900648,0.11958261612374625,0.030790537572209595,0.08191654629951661,0.13580161333084106
377,0.07863279825994657,0.7183765758374747,0.02942645826478399,0.12784790363231122,0.031703160224619574,0.07663301434003861,0.1405854970216751
378,0.07962554737432447,0.721299051331416,0.03246927705341358,0.13087353052169964,0.030852091017532262,0.07746033643256434,0.132040336728096
379,0.08009547774581484,0.7405795518705193,0.036032045285197746,0.13668168908310083,0.03192035741850848,0.07273577311208267,0.14347994327545166
380,0.07430497854415465,0.6969041760280417,0.03231025749358026,0.12725224585564618,0.030605867505974445,0.06621284180500722,0.10363853722810745
381,0.07731093111737458,0.6749900565366886,0.03313147746983467,0.12482556019367097,0.03026612232959097,0.07689983836492592,0.059005074203014374
382,0.08107180115926833,0.7024179304527474,0.031391446795218846,0.12725237303200862,0.03010714500803824,0.08525787490294691,0.07037896662950516
383,0.07995871629043659,0.7418880663173293,0.03117815412595715,0.13270814158186744,0.02991283767859776,0.07759311294579359,0.0755610242486
384,0.0805506049317422,0.7438532536836331,0.032132121273008955,0.13380656876024097,0.030528916697294867,0.07772061378694717,0.08125566691160202
385,0.08251747307305994,0.7868600898663711,0.03390689363931426,0.14147163595746523,0.03345533280919508,0.07386195328008706,0.10383426398038864
386,0.07767148215308789,0.7068649312497078,0.03423624957853877,0.1303260612458486,0.03229503797173539,0.07130311410560564,0.10852548480033875
387,0.0728151487479498,0.6060798178704221,0.03111210267955093,0.11325034770681823,0.030704761769031936,0.07428093826549302,0.12620261311531067
388,0.07594626541758104,0.6383321805217305,0.02865565171160579,0.11575229868448075,0.030378974963800053,0.08098736545610213,0.14074724912643433
389,0.07692739085349175,0.6713463711921204,0.02905022573040778,0.12080681793922388,0.030335817733366483,0.07930051863358573,0.13158440589904785
390,0.0781270880141791,0.6654706977955216,0.030236836794529542,0.12098453122324271,0.03030634430773974,0.08246997594938288,0.15066979825496674
391,0.07797119751200675,0.6944248907354973,0.032641608282290936,0.12718207720417757,0.030932871968142463,0.07607021263223857,0.17754550278186798
392,0.072359332498723,0.6384018559137622,0.03060604086714643,0.11743401444523438,0.029537897420002172,0.07038774148940627,0.15184032917022705
393,0.07516967144371099,0.634818958728237,0.03159563125681774,0.11777039232416335,0.02996994448251755,0.07744380176435947,0.07491930574178696
394,0.07996065826556772,0.6915649615423904,0.030050200557469108,0.12455230926960072,0.029717150039001383,0.08490603333528443,0.08286584168672562
395,0.07921241725272507,0.7291159133523726,0.028313910069975284,0.1284284819674606,0.029455028079521106,0.07968607615388494,0.10025545954704285
396,0.07917581774051116,0.7386245927530325,0.03069137431063393,0.1318246912309766,0.02997677646602897,0.07615721455152581,0.09351988136768341
397,0.083181642894706,0.8233605978098892,0.03312917067777987,0.1460193745537955,0.031583123472053554,0.07334733218782358,0.08383503556251526
398,0.08078331428891779,0.7695914347346146,0.03229892725532567,0.1376264283237955,0.03171833061334071,0.07397745022452973,0.0993785634636879
399,0.07544137601904431,0.6519062158285769,0.030714120006012285,0.11945584798066437,0.031162348985929327,0.07567286170660237,0.10711247473955154
400,0.07781725626354966,0.6610106969219778,0.02853525870415589,0.1188888927352733,0.029666772949549298,0.08401124725054177,0.14729586243629456
401,0.07914848546317907,0.7262088826706735,0.028720375993501895,0.12836159123309782,0.03145828772730342,0.07781594093339135,0.1240595206618309
402,0.07999260970020029,0.7264507216110284,0.03090666991440825,0.13027010587106827,0.029945280164057127,0.07979121389481607,0.14347606897354126
403,0.08065973111961505,0.7543050934400257,0.033340688711436174,0.13633560367266326,0.030603925657848235,0.07574217241474383,0.14287084341049194
404,0.07442056685907689,0.6904336010642633,0.03160251742854343,0.1257212436622177,0.029585432079172407,0.06876321758874508,0.10614849627017975
405,0.07749111720500056,0.6758089312394573,0.03291990356349892,0.124761193231493,0.030811907325813574,0.07697410932610829,0.06344429403543472
406,0.08168894085903824,0.6999574082666626,0.0319167542413613,0.1273511333878329,0.031620191857486456,0.08554467777270072,0.06647369265556335
407,0.08109040953970857,0.7451664006807581,0.030550260860350998,0.13263828083469487,0.031336793710030744,0.07952043600756366,0.07357683777809143
408,0.08156526069490426,0.7596177719478341,0.03177379161077465,0.13575150308749742,0.03185654128999247,0.07764742808068303,0.07771608233451843
409,0.08394130933003438,0.7982109895175278,0.03451229871930859,0.14361211169048274,0.03425634868685316,0.07520369782742564,0.09357616305351257
410,0.07938689072945562,0.7159002696697004,0.0344305197055707,0.13178334112901782,0.033163603788217214,0.07398537270342231,0.11281699687242508
411,0.07401031015897523,0.6171165958042037,0.03163600994283785,0.1152760936373187,0.03292349898929634,0.07385370938889374,0.12742240726947784
412,0.07675819748602501,0.6443040432959548,0.02845500767599386,0.11643344133598828,0.03211098997661891,0.08110866568803748,0.136753648519516
413,0.0779165337527946,0.6722678388762398,0.028807961896910456,0.12073080146538608,0.03136708643989555,0.08118481590306376,0.12877829372882843
414,0.0785596853063829,0.6625622275254546,0.031238700340460047,0.12142777565260214,0.030445080599987916,0.08315038537153666,0.16159594058990479
415,0.07790586664468355,0.6917040864770849,0.03223607036958424,0.12644578695637004,0.03140223425117534,0.07612411471627752,0.19581632316112518
416,0.07320991709921722,0.6400729164124308,0.02987592997099499,0.11704692803405724,0.029298928834520222,0.07327464726284207,0.1549074500799179
417,0.07568053858311567,0.6351504762930136,0.03053572036331161,0.1169092569246976,0.031399200517762,0.07835158084141594,0.09433384239673615
418,0.08015680236289828,0.6805601241361284,0.02978081035746874,0.12274928375442011,0.03146036016463172,0.08549776806879993,0.097625732421875
419,0.07987241816893248,0.7228343650749798,0.02876333196474722,0.12791633669478045,0.03087373624553315,0.08070783614178992,0.125029519200325
420,0.08001303435138572,0.748183299911305,0.03021777698921882,0.13278428026380257,0.030562126513683452,0.07710773853601047,0.10498697310686111
421,0.08334733144225435,0.8244033363782377,0.03249148672126784,0.1456217509579778,0.032863634945652184,0.07303044880052326,0.09930939227342606
422,0.07900827587590488,0.7440860392084613,0.03246456253637678,0.13412477348953172,0.031803716745281554,0.07208532970327684,0.13636748492717743
423,0.07555372485791617,0.6517988265242167,0.030290175918094634,0.11907712600468352,0.03260564454791131,0.07505031912574898,0.13613343238830566
424,0.07736598102246357,0.6748523590779405,0.02763573545570618,0.12009525311602536,0.03172299674060501,0.07991547918722325,0.11489111930131912
425,0.08008767871621748,0.739344746009959,0.02843904268981325,0.12999700030697695,0.03138587516885412,0.07903110042824593,0.11610176414251328
426,0.08068434463101475,0.7383431616745918,0.02963407514263919,0.13087823036148954,0.030709788339862105,0.08049243137160783,0.12178654968738556
427,0.08033937116812072,0.7574586538649267,0.031593985365030754,0.13528893800787303,0.030257848929045216,0.07607983214252853,0.15024927258491516
428,0.07427056815331347,0.6940957942511441,0.029952833505132975,0.1248303993259917,0.028566565234198153,0.07002171843144595,0.11100426316261292
429,0.07692373145220247,0.6752550330909752,0.030739139584282926,0.12281283865666755,0.03015942402317947,0.07768953164869066,0.06519362330436707
430,0.08091655450088345,0.7008524495327595,0.029851630006357505,0.12570888993870064,0.031066738591853642,0.08534184991319448,0.05917981639504433
431,0.08062030086077719,0.7439031828501816,0.02933387630500828,0.13141520581146163,0.030742411793648946,0.07981791196266555,0.0700913518667221
432,0.08080631105498723,0.7450286010219878,0.03081531058069382,0.1328457806437358,0.0317393621367439,0.07820535546829513,0.07946275919675827
433,0.08290702170693313,0.7898204451737443,0.03232366790608395,0.14053749323003542,0.034534761612700596,0.07480608670667209,0.11290770769119263
434,0.07937773200349257,0.7216347256356553,0.03235542995308598,0.13082390076488157,0.03300000108663874,0.0749428488895243,0.11682633310556412
435,0.07387091537805351,0.6224073430721,0.03021069064665319,0.11481021242171703,0.032395256785864406,0.0743402317330134,0.13102568686008453
436,0.07654147248509134,0.6469563564134928,0.027813846388631047,0.11626277639218273,0.03173602832668642,0.0809900952049907,0.13091528415679932
437,0.078311202633506,0.683341311955814,0.029342125090173893,0.1227705803566939,0.030871926764422766,0.08091861351116439,0.130964457988739
438,0.0794917784313388,0.6863757067411149,0.030225351449373272,0.12396111649105067,0.030358673887268966,0.08357257410515204,0.16356433928012848
439,0.07869233343958794,0.7157584619666115,0.03163819175729738,0.12936965893005653,0.0304009403846262,0.07660464255851944,0.18246565759181976
440,0.07393184801369794,0.6531779665468528,0.029271094764062717,0.11840064787588989,0.028978386776545233,0.07435592671678863,0.1351207196712494
441,0.07562360437135099,0.6340319561750811,0.03058395842978563,0.11679081525054213,0.030170670570777176,0.07937361192756084,0.09053611755371094
442,0.08000351304561881,0.6788313585570009,0.02911649408163254,0.12193290329239945,0.031562969571430115,0.08570077211960087,0.08529350161552429
443,0.08012884083374731,0.7284031132818538,0.028503716624988257,0.1284893447188262,0.030662691657817192,0.08109628046324212,0.09775634109973907
444,0.08111064322177217,0.7646583285850862,0.030598379250814434,0.13546408629856752,0.03194864652329999,0.07656812764073934,0.079396091401577
445,0.08356143046118555,0.8402877446303668,0.030554430019203882,0.1462306178207986,0.032860500060308086,0.07308920562229194,0.11140260100364685
446,0.07982200089630864,0.7559230680709179,0.03066836404332321,0.13427617890440818,0.03263947144334328,0.07345930841056625,0.12825250625610352
447,0.075451433890216,0.656811116319562,0.02967948776908511,0.11926972041915322,0.03256600035248965,0.07463518752290646,0.12411971390247345
448,0.0761614356869633,0.6643138192039572,0.027156240083876335,0.11817875138674502,0.030518195685494822,0.07933411945093923,0.10807986557483673
449,0.07979894248580116,0.7188250320730201,0.029041635090280484,0.127582120373529,0.03193498743908222,0.07986962249991836,0.12101816385984421
450,0.07964586159557245,0.7144570146641388,0.028843298245720943,0.12678811487692349,0.030750795633789733,0.08117957269095016,0.12656177580356598
451,0.08061600461903319,0.7551602382365661,0.03001145985990901,0.13360414248514574,0.031228025214240705,0.07746586596537818,0.14375053346157074
452,0.07532763351396489,0.6981657808417259,0.028435767181892297,0.12411148341901138,0.03058069560290083,0.07179533551923024,0.12570583820343018
453,0.07706580253944702,0.6605135858226272,0.02955966503045868,0.11969593942933991,0.03052113790673097,0.08049101431441733,0.08961717784404755
454,0.08128988455594649,0.6966073286004391,0.02941310324537273,0.1247265640103822,0.03135765943458176,0.08697348701450938,0.07468821108341217
455,0.08126195798088419,0.7477800679015552,0.029409191230443166,0.13203360218345916,0.030919152394096056,0.08088672419207069,0.06582647562026978
456,0.08131635024740948,0.7549014423280828,0.031187314935667,0.13457504742029783,0.03251667380637487,0.07741470710703743,0.07498782128095627
457,0.08285033343404491,0.7849646072362255,0.03283305345262951,0.14028041827885754,0.034708773767155025,0.07472287390336255,0.09285720437765121
458,0.07944567014602472,0.714339679031522,0.031615100712146994,0.12914718332920058,0.03428338174646352,0.0754738484603619,0.11098107695579529
459,0.07456402117393114,0.6316763320854115,0.029073056810204168,0.11515923899237665,0.03380233293325396,0.07470968279338383,0.11577397584915161
460,0.07731495253217367,0.6528995698927358,0.028026697845674412,0.11729425099525462,0.03147306559123149,0.08244471745030227,0.12039834260940552
461,0.07945497136459824,0.6812945787594693,0.02904172784613322,0.12222070654803836,0.03214366318522194,0.08343234773604243,0.11842601001262665
462,0.07859898716600472,0.6661282857948005,0.029951077618170733,0.12083353592911784,0.03096694144724388,0.08332179700219644,0.14655402302742004
463,0.07887183389397476,0.7172801212910749,0.03131436660949665,0.1293094744211507,0.03135138595294558,0.07631929038109633,0.16470016539096832
464,0.0744753191432313,0.6411451941533772,0.029023372536268244,0.11646934705299808,0.031203518325012652,0.0755933704381267,0.14917056262493134
465,0.07643659901736245,0.6340956042880779,0.030320313940017884,0.1165739268468836,0.03205658426495688,0.08014895007488629,0.09699328988790512
466,0.08041895828985153,0.6733586604135973,0.028931251777021067,0.1209923101536748,0.033111858456042816,0.08631098776358878,0.09734421968460083
467,0.0811085738975752,0.7215879073445088,0.030020580694763776,0.12881591307329882,0.03197349808298359,0.08235784345658469,0.11971306800842285
468,0.08101277201170497,0.7536787377458098,0.030613317420000234,0.13390837746654446,0.03249356916192815,0.0771834197322751,0.09108089655637741
469,0.08368083945510936,0.8266085937535406,0.03112740549925382,0.14476757524986622,0.03437058483002608,0.07337641843164501,0.09949649125337601
470,0.08047085041054008,0.7639034223923901,0.030604194874150392,0.13536122737675607,0.03369833275757832,0.07336772351144266,0.12236952036619186
471,0.07537188877278017,0.6603755855975331,0.028848222775464477,0.11906641746433143,0.03362105324218429,0.07367115725694426,0.10445158928632736
472,0.07681668228322189,0.6585008535887696,0.02739015580779411,0.11754882691936204,0.032739270120770665,0.07974379136874407,0.10547672212123871
473,0.08001479098521126,0.7251014359075314,0.02824134619152836,0.12779278757952878,0.03165216266374766,0.08052634374646409,0.11235711723566055
474,0.07980803178578987,0.7210261373512747,0.028827178421200864,0.12771274398264001,0.030983553313767905,0.08061282727656523,0.11361416429281235
475,0.08015217534014261,0.744365542828187,0.02968707613126895,0.13178399994511442,0.03138813468510934,0.07764286438394641,0.12190857529640198
476,0.07609599548419262,0.695478729254347,0.02941696846126735,0.12456864857456444,0.03002049162840314,0.07399848990393307,0.1132567971944809
477,0.07703182960720831,0.6572057473602619,0.029443522488752493,0.11912384032753955,0.030877613522453242,0.08058625930107916,0.07441829144954681
478,0.08140535712352258,0.6945378858808686,0.029280052503347292,0.1243168858429932,0.03293659766289336,0.08626793402203636,0.07227110862731934
479,0.08136818299798985,0.749134641173364,0.03063634300581854,0.13327895702975362,0.03065313003334184,0.08032192706426358,0.06245361641049385
480,0.08105188980948479,0.7484337954075837,0.03156477228534765,0.13397463273138138,0.03267608043680591,0.07707332295391929,0.06615760177373886
481,0.08237885897972096,0.7805909225795864,0.03341544774184219,0.14015480129009136,0.03365030979192401,0.07446238999746915,0.0899878591299057
482,0.07973677426472793,0.7184496428166143,0.03167845889979929,0.12978862803077287,0.03441810045443967,0.07559524180344085,0.10630147159099579
483,0.07516810266762464,0.6440259361987655,0.028471546481111745,0.11640788786934797,0.03403690282809783,0.07507309047570267,0.12013835459947586
484,0.07785144549493626,0.6562311269920691,0.027642633900308137,0.11744099005627398,0.03335608351814904,0.08214403573345454,0.11649048328399658
485,0.07939519901179799,0.6788874112592734,0.029462890739120912,0.12223782224199985,0.03271843117298569,0.08275007554433214,0.10887666046619415
486,0.07800616431869015,0.6596398598560751,0.03007480601884538,0.12001267085273534,0.032008044474441416,0.08149882596511826,0.12217120826244354
487,0.07810649814655077,0.7033367810117687,0.030817124946043023,0.12689136152686098,0.03212483855720457,0.07565369482945725,0.14026008546352386
488,0.07476488226381327,0.6456091667157262,0.031065385211315365,0.11885735399765977,0.029735086285900134,0.07558504097737156,0.13308373093605042
489,0.07608723866207635,0.6414778055998461,0.03052640901579126,0.11780517995637053,0.030525675622359947,0.07945040768932082,0.08285088837146759
490,0.07999761817853555,0.6789667210377368,0.02999444025477514,0.12270476608091252,0.03217234510959097,0.0844759776992822,0.08088527619838715
491,0.08019892452261818,0.7270218464435776,0.031043387031960124,0.13046888123361977,0.030003658720836737,0.08013356997705054,0.0986195057630539
492,0.08032034401660713,0.7430616554757117,0.03199665296643547,0.13357736761061778,0.03199629122164593,0.07600399456743882,0.11195657402276993
493,0.08246072342042786,0.8007767055952109,0.03367790631515973,0.14326344906945274,0.03315196141926545,0.07240350522854822,0.11786345392465591
494,0.08074421413389331,0.7542119156479846,0.032819758436746144,0.1358757808954945,0.03301637561209679,0.07426595192406421,0.1236661970615387
495,0.07494715566829632,0.6538248833216433,0.030206070104842577,0.11929447199295697,0.031807326727595585,0.07389060420733139,0.11986987292766571
496,0.07658387291174189,0.6593416451380372,0.02842900459610048,0.11855938181637717,0.031120709448491695,0.07963557065052997,0.1136646643280983
497,0.07908209564024511,0.7185254423781697,0.029581946110271828,0.12800244557711438,0.03136610929448092,0.07802827749802818,0.10778606683015823
498,0.07907108708747307,0.7180128294765348,0.031127506782168215,0.12925398145279202,0.03150606821154652,0.07678044603425471,0.11314062774181366
499,0.08075557682921132,0.7580405798748636,0.031975035596697836,0.13569868477929295,0.03214446032657591,0.07521508431269591,0.12800119817256927
500,0.07654292010691338,0.7011113620743523,0.03254675875008538,0.1280559877964092,0.03049354664666856,0.07176218765631871,0.09799148142337799
501,0.076756582289556,0.6621640434855245,0.0308251874659963,0.12101645261164318,0.031205288428240052,0.07788657788638116,0.0668143779039383
502,0.07979679092249002,0.6931430633381106,0.03062185966480964,0.12526774590385265,0.03158609904975913,0.08219406070243726,0.052811913192272186
503,0.08170512045564111,0.7487061492918068,0.03175302604826264,0.13417490079734037,0.03248814064828866,0.07885891998808764,0.05885293334722519
504,0.08091855372115195,0.7487896201046187,0.033536121817311186,0.13571519300121226,0.03242806347093862,0.07540067332003582,0.06452325731515884
505,0.08217702756702078,0.757941071625512,0.035639935034793825,0.1388258116906107,0.03467461986677733,0.07417394819659262,0.08463496714830399
506,0.07924720669061053,0.7088364217117797,0.03365201863972135,0.1301069333643011,0.03385259111721176,0.07446523447785518,0.10115855187177658
507,0.07366612384819349,0.6276179488041995,0.03039536820508015,0.11571287971924006,0.03226672591917676,0.0730996856489174,0.1184757798910141
508,0.07683807748662196,0.64737566360785,0.029578825613434,0.11783551675549342,0.03242214857989805,0.07982925591974284,0.1203860491514206
509,0.07906814542249864,0.6829545226432485,0.030857895600799806,0.1240145566068639,0.032636739221825854,0.08036751606176773,0.11690885573625565
510,0.07877830278365162,0.6756746320711049,0.032903071939548355,0.1247275805297707,0.03144481670380241,0.07998948507566546,0.12817616760730743
511,0.07965261680328242,0.709602838772551,0.03435382862179945,0.13081797292904968,0.032488694039291714,0.07615136261172795,0.1444631963968277
512,0.07755682694907008,0.6655124446520495,0.03574284628250663,0.1257099317638699,0.03098800988616832,0.0761705751661593,0.12631914019584656
513,0.07716349281927858,0.632943521459984,0.035751627148016524,0.12106475490686901,0.031117803106713093,0.07903986699113169,0.07784120738506317
514,0.08114664409205613,0.6868097957067629,0.03437731947440032,0.1275819589361664,0.031532549513808454,0.0839280763594264,0.08626280725002289
515,0.08247642859424968,0.7501281756872213,0.035343219790623374,0.13745535634728023,0.030816741318625218,0.07957209317651938,0.08810197561979294
516,0.08203867180833116,0.762782776056776,0.03717124332813743,0.14083003371794295,0.03154215414822326,0.07478068309001527,0.07657467573881149
517,0.08457263800547142,0.8181735069164411,0.03940184927224632,0.150654943221417,0.03295533284078201,0.07191576296062227,0.08840146660804749
518,0.08026249059005884,0.7454311482468479,0.036952236326852454,0.13816350945828035,0.031220322777735572,0.07251099591614783,0.12077116221189499
519,0.07531624935707658,0.652893971380622,0.03271542100205585,0.12131235677042244,0.03198585472721965,0.07298375067152374,0.10526866465806961
520,0.07751411693369263,0.6743677614238011,0.03230789253716209,0.12403073094953908,0.03138450784513486,0.07717548762231506,0.10507874190807343
521,0.07929652580103408,0.7255029816793399,0.03204777248669471,0.1311128023713583,0.029320014175919094,0.077686731473976,0.10281800478696823
522,0.07829851721041692,0.6990715927602003,0.032414894434552644,0.12765156562393085,0.030144042302286685,0.07724976539320619,0.09782099723815918
523,0.08131988714742082,0.7497434724331514,0.03389075304051089,0.13615542723945956,0.031675396211621666,0.07677771913571121,0.10642006248235703
524,0.07813009271217995,0.707621014254459,0.03437822722108647,0.130555768225854,0.031023795938562797,0.07347563631463021,0.09059831500053406
525,0.07644212834070777,0.6452270456275012,0.032680050886937165,0.12018676442130347,0.03026373113330792,0.0785716693266614,0.06965779513120651
526,0.07971294569038635,0.68418466908945,0.03355709306033867,0.12650388963592601,0.030118273239498665,0.08216620813256587,0.07206272333860397
527,0.08186774280258892,0.7504007007213072,0.035121722395651096,0.13730443358503056,0.030068718909030956,0.07868478427481576,0.061854660511016846
528,0.08129719223197486,0.7529880985858313,0.03756811659463413,0.13977097116480514,0.029668207670100206,0.07530799715738867,0.0597447007894516
529,0.08462985186963372,0.788091977343977,0.04112816268432155,0.14783727906427233,0.033282050751216666,0.07425267905293986,0.07464789599180222
530,0.08083635464147015,0.7232384663704784,0.037883139340170395,0.13579104320164298,0.03221323166932378,0.07529623475194702,0.09585278481245041
531,0.07490773431060194,0.636351985184093,0.03269700186788881,0.11893342805591799,0.032511850275484346,0.07348165081417826,0.10246627777814865
532,0.077601935525262,0.6524359379532383,0.033881196616360354,0.12224615966448578,0.03066796070360724,0.0796054673723891,0.10624683648347855
533,0.07877631855527202,0.6873564601290199,0.03380710585547738,0.1271712993231263,0.028662629076254723,0.08028018867753967,0.0999126210808754
534,0.0771079128319812,0.6659258276965461,0.03259391062407723,0.12306989877728705,0.029951968930760495,0.07815262604340671,0.11022746562957764
535,0.07844409272320679,0.6932076330257323,0.03416368036333615,0.1283128164579642,0.03157577038402058,0.075818741502082,0.12049365043640137
536,0.07625106175451327,0.6454241004762697,0.03392786804703086,0.12128447267977926,0.030265745083307514,0.07708397928221057,0.1111980527639389
537,0.0768469685007141,0.6315548819937965,0.03312228773424843,0.11861265834275529,0.03128805839680443,0.08016603622984902,0.07664713263511658
538,0.08049039600953019,0.6829889999718053,0.03439634910138537,0.12705244208287397,0.02974342109249239,0.08415220874776248,0.08014582842588425
539,0.08166610590285606,0.7374847885048488,0.03522223050680249,0.13554545307795193,0.02950226443919,0.08016503840535492,0.08607269823551178
540,0.0814436782734038,0.767911648010301,0.03740909458349389,0.1417666022158949,0.029333257794809907,0.07425773774249377,0.06744680553674698
541,0.08419538297764949,0.8138556617209813,0.03947119585239083,0.15009754811933232,0.03234273898543649,0.07190205197186343,0.07514895498752594
542,0.08196160433924236,0.7651420784974488,0.037101850245161404,0.1411075971383453,0.03202265248017697,0.07390544351670948,0.10419852286577225
543,0.07579232940501889,0.6723860248794309,0.031751435057077025,0.12327066217455616,0.031208401367038202,0.07325972526490687,0.09768892824649811
544,0.07636517265999238,0.6603374773185542,0.03116513030323667,0.12104689416256775,0.030059948879002565,0.07778573715360501,0.0900627002120018
545,0.0786554759045698,0.7153237180478369,0.032963865409804165,0.13044384435809456,0.028177422229132585,0.07750895047374318,0.11227930337190628
546,0.07834740842434726,0.7063117222335129,0.034118790615952396,0.1301463522756039,0.02893718120418085,0.0762572813721433,0.10178469866514206
547,0.08108507798859545,0.7455655353342046,0.03574138243990579,0.13714483285337706,0.029692408030737718,0.07700137869503706,0.10196229815483093
548,0.07761530039932935,0.7000398179994755,0.034521279912983045,0.12959535678248196,0.028918490214421326,0.07474245997586532,0.1126892939209938
549,0.07683628800227012,0.6524234289944864,0.033766950360035304,0.12214644730781402,0.028647441499998923,0.07935513929940648,0.058035992085933685
550,0.08024689107142834,0.6900441393660648,0.03400493045612108,0.1277248174432559,0.029337818004722713,0.08324914442944667,0.08315914124250412
551,0.0814524521067116,0.7575853340867297,0.036382578868351494,0.13941154389954838,0.028647419306179946,0.07694265048844467,0.058057308197021484
552,0.08082317574305785,0.7492939673444488,0.03897999539432335,0.14045341995862698,0.028926935649233924,0.07405592213653076,0.06990072876214981
553,0.0841373548285186,0.7810342555953325,0.04291029507236119,0.14835657514707137,0.03138622171504488,0.07410277852407443,0.07751354575157166
554,0.08048954765148343,0.723038514014852,0.03886225299144915,0.13660171885193526,0.030678453219643305,0.07497610547894817,0.09945792704820633
555,0.07421143518591199,0.6356646583588139,0.03368347441781989,0.11968078640939044,0.030210842864530178,0.0729262711465774,0.11103889346122742
556,0.07826085099291018,0.6623621918215168,0.0347039685347622,0.12436942900429858,0.03117771084038051,0.07911359286640879,0.1084107831120491
557,0.07839020594822639,0.693348489697819,0.03427457292773331,0.12842798960917415,0.028652877428070506,0.07812730770003351,0.1015966534614563
558,0.07683559227159696,0.6886384305796497,0.03269155414162256,0.12639825077562644,0.02858017721552786,0.07569175425463161,0.10684654116630554
559,0.08046543228310919,0.7325201766677857,0.03521368546504569,0.13482889849400856,0.029456573979216267,0.07753015036447855,0.12435490638017654
560,0.07736111991120583,0.6769552204857002,0.033878147823215556,0.12574630106071338,0.028504713552603873,0.07777344196916347,0.11721836030483246
561,0.07703460049247676,0.6360052445053919,0.03370640114520895,0.11974909305380652,0.028777063766678514,0.0818847641363867,0.08178610354661942
562,0.08025084361731212,0.6860493508354089,0.034095327807950784,0.12723161681187337,0.029039581445752145,0.08395252147218603,0.08770498633384705
563,0.08145221959324986,0.7463007593992192,0.03673350690070376,0.13810025725763456,0.0277839034190967,0.07884496328929727,0.10178348422050476
564,0.08151023604953914,0.7596548625753542,0.038372055764745665,0.14141245673768973,0.02945125869582625,0.07464739813190613,0.09971611946821213
565,0.08481379098224616,0.7934922660914622,0.041481257532631766,0.1489114016124647,0.03205169161530073,0.0748952186268822,0.10090942680835724
566,0.0810935062623667,0.7435645668520197,0.03810598713020732,0.13888578423332337,0.03108355024089154,0.07428397455657038,0.11161389201879501
567,0.07622402840577772,0.665577246815905,0.03281359776502289,0.12320840477229177,0.030899954993961604,0.074771263320417,0.09508949518203735
568,0.07801075351981307,0.6746138550089533,0.03365746493328333,0.1252226635155219,0.03050272076831641,0.0782698609311274,0.07967201620340347
569,0.08068657672663085,0.7380437117114534,0.035516523343128416,0.13587755025288914,0.028540867726326375,0.07802197026642127,0.09507428854703903
570,0.07852274570978125,0.7269202848237524,0.03375883287836396,0.13278189744199087,0.028501546900597217,0.07481453690213391,0.07982220500707626
571,0.08163975896816357,0.7634282594156578,0.035258166858499085,0.13928246579523604,0.029680632995055967,0.0766666257209443,0.10462114214897156
572,0.07766487203400468,0.707275273938961,0.03435965998364069,0.13049046197725786,0.029638017377781482,0.07346597865785345,0.08250769972801208
573,0.0775143277312536,0.6624314186746496,0.03302160130210365,0.12293728949818164,0.029031058819726847,0.08019209648277742,0.06005400791764259
574,0.08083318859070251,0.7015061852912768,0.03337741739476214,0.1288243842371214,0.030301428676707275,0.08305618232483183,0.055109940469264984
575,0.08086682638824279,0.7573199641450041,0.035893916561268675,0.13895478050180232,0.027893696711144608,0.07639135500633912,0.05205198749899864
576,0.08128453705944229,0.7606069703157773,0.03764345443717706,0.14092395670554853,0.030634576775753604,0.07341876011732693,0.052789609879255295
577,0.08509313066573491,0.7918280410717528,0.042150952590413605,0.1492476795163192,0.03208632182049229,0.07533885816106095,0.066294364631176
578,0.08076927125856077,0.7415269737934247,0.03708887322495468,0.13772288759187898,0.03151164744209386,0.0740352778063159,0.0944543331861496
579,0.07493167698375952,0.6451873825750227,0.03246324887063933,0.11999526797126554,0.03181983921037996,0.07322389292139886,0.10034584999084473
580,0.07815842925686362,0.6649662501297344,0.03319964937215491,0.12345202090895199,0.031149707477447802,0.07965916811827511,0.09277867525815964
581,0.07922143452151147,0.6954957887717903,0.034056387346895624,0.12854773040759485,0.02971536480117906,0.07937873662647937,0.08252745121717453
582,0.07644543960569748,0.6729091756579997,0.03217257530201648,0.12370637535287123,0.029549324516686824,0.07612622152980474,0.09776733070611954
583,0.0784598151739117,0.7014011832452929,0.0345314129125532,0.12979852296008745,0.029365545748429842,0.07649593160830458,0.1210009753704071
584,0.07576453766380147,0.6457665136874547,0.03355320952437247,0.12101225297624138,0.029203852578334098,0.0769133862152005,0.1078115701675415
585,0.07734980278716995,0.6389707138979984,0.0327321315195701,0.119337643287917,0.030834782118871806,0.08131108543377712,0.07816605269908905
586,0.08111604186573797,0.6912292781317976,0.03365547585223779,0.1275945904636035,0.03130280754379693,0.08403389187430405,0.0789809376001358
587,0.08083380806354042,0.7457456690606633,0.03643727610094177,0.13776704652375912,0.027710994051551054,0.07749968667133972,0.08947525918483734
588,0.08155536864124723,0.7646748966487886,0.039251987760518005,0.1428838318874138,0.030401519240589443,0.07265258152642703,0.07330703735351562
589,0.085063560310099,0.809093443501499,0.04164968211821752,0.15128450517297204,0.03153185056132259,0.07396047958526447,0.07046297192573547
590,0.08037410436607638,0.7632161351630727,0.03691202221341985,0.14066975263479883,0.030446219516700068,0.0713023113741485,0.09871120005846024
591,0.07554519816142079,0.6669479544024772,0.03244511402103235,0.12308837693266732,0.03143838549264121,0.07253837782176217,0.09894701838493347
592,0.07788677972489358,0.6826301806644641,0.033148012508162635,0.12593117938763426,0.030651026035897953,0.07717921449786665,0.08948380500078201
593,0.08014020141280821,0.7344666611668673,0.035185664619318324,0.13508294984039676,0.02975576617259598,0.07615167737385395,0.09226233512163162
594,0.0768938284655686,0.7005996989018451,0.032698463954055644,0.12811292608945415,0.03025111108110224,0.0728894957560768,0.08668288588523865
595,0.08121129876885019,0.7412333440705278,0.03607011323900933,0.13680771764351196,0.031178977703587747,0.07634271318562577,0.09052902460098267
596,0.07734266831048515,0.6891938743125711,0.03486847879034465,0.12834353529351986,0.030793574353678587,0.07344736691253555,0.08297716826200485
597,0.07881465116796263,0.6686267808332451,0.03638462708013212,0.12670493475914826,0.030960317683062653,0.0787831948249627,0.04344172030687332
598,0.08174305423877654,0.7094265701040676,0.03636778095053224,0.13251903654389444,0.03073245661178426,0.08194834264541664,0.046989452093839645
599,0.08206203158326832,0.7632875719685839,0.03782120984610249,0.14145926157788555,0.028788901895792546,0.07670344381451955,0.05003542825579643
600,0.08145461059476665,0.7682497188925159,0.04054194689555444,0.14450020003797753,0.029816918714472236,0.07147270022721476,0.0530342273414135
601,0.08484613426699267,0.7908737719141357,0.043722478471573234,0.15045837753479643,0.03192923203375451,0.07373771086174774,0.07182203233242035
602,0.08065186429451063,0.7391842635810131,0.03889458717711267,0.138935969520527,0.0301948612979799,0.07380314984371067,0.08749967068433762
603,0.07511698000406955,0.6461405752724226,0.035336689378288544,0.12259438736316484,0.03092900800766627,0.07223872406171404,0.09957363456487656
604,0.07841559200439284,0.677699717491957,0.034547460184997346,0.1264263540859916,0.030791265194805604,0.07807746114138278,0.0910709947347641
605,0.0795366198291738,0.697016220951554,0.03572649433934164,0.1301964552839434,0.030024816202279616,0.07853209197978278,0.08740225434303284
606,0.07549831875794481,0.6570000639539197,0.03373950783443269,0.12277673013721656,0.029794026847273624,0.07412096422291933,0.08530893921852112
607,0.07965958133599492,0.7051403029376891,0.03772590106895179,0.13307081562162856,0.030288954319278694,0.0761240499756922,0.09985026717185974
608,0.07629293497212403,0.6477512302871022,0.03598348402894167,0.12337887635153602,0.029853172571621445,0.07572752836557828,0.10356108844280243
609,0.07805961965584605,0.639300282596692,0.036463457264323984,0.12258300374037656,0.030911323057312833,0.08035641810559843,0.07260571420192719
610,0.08136886498999406,0.6871199881981007,0.03736720018661774,0.130189027045401,0.03139925663124546,0.082374630505418,0.0744989812374115
611,0.08250371671905755,0.7559437394390668,0.03945420553856855,0.14180985323863973,0.02880469244382963,0.07759749350524757,0.07958774268627167
612,0.08029185427877089,0.7560675547388188,0.04044413994586351,0.1426760563448571,0.029253141845854654,0.07036455084974713,0.06501711905002594
613,0.08427916046022339,0.8093456796107372,0.04226360951077507,0.15184676238219824,0.030536158586141452,0.0721826354183171,0.06740179657936096
614,0.0805263753633194,0.7666037024833223,0.03830824439116554,0.14235045269004507,0.030491334567233293,0.0702109683990098,0.09313692897558212
615,0.0769702970588785,0.687805111553796,0.035905987884985634,0.1290344341233871,0.03175286002968474,0.07097943452797803,0.08748482912778854
616,0.07866573957150992,0.6853059365733931,0.035980546361380365,0.12874131639166791,0.03080398957178776,0.07672864110362854,0.08443324267864227
617,0.080579504028293,0.7375534584204856,0.037182536239117304,0.1372355251221699,0.029012666498591168,0.07612646840963978,0.09979182481765747
618,0.07744569483656581,0.7027763631199422,0.03689783780216808,0.13202334141899294,0.028563767077381556,0.07246194086622827,0.08822538703680038
619,0.081074754317341,0.736566245016272,0.03962562000981049,0.13918856643930497,0.028999586070839096,0.07579094092631165,0.08472008258104324
620,0.07760816074257058,0.6953509963000575,0.038678285108153986,0.13248867242128304,0.027742318969318336,0.07322032457529287,0.07051579654216766
621,0.07801875316277068,0.657578827524492,0.037943246714650776,0.12646261540177095,0.028732745167257594,0.0787556306997194,0.055053893476724625
622,0.08127785749605855,0.6956689428751496,0.03771564373749866,0.1317089721857345,0.029275302231927654,0.08265286799870662,0.057697705924510956
623,0.08163353187138066,0.7523106541225104,0.03965160589167068,0.14146004135321918,0.02691296688472029,0.07716583043809976,0.060127224773168564
624,0.08042222788632082,0.7545613054472934,0.04120862147368331,0.1431161477556276,0.02811621041796265,0.07133281328549079,0.06146705895662308
625,0.08420309932516985,0.7912290107199342,0.044776797913839504,0.1514128283147102,0.029547150432396856,0.07321854174049844,0.06812401860952377
626,0.0811989320982064,0.7482946264736616,0.04058509181986967,0.14168645391326853,0.029435283504510325,0.07356554302951107,0.08256517350673676
627,0.07613302207911335,0.6635629815852593,0.03708068302169152,0.12657815424505836,0.030292611395641926,0.07210389078194895,0.09577412158250809
628,0.07803157183382077,0.6731139113322091,0.035531827083858,0.12661498197647958,0.029660955836230112,0.07784537695688612,0.09304846078157425
629,0.07950803150994604,0.7035490670225347,0.036904703969709574,0.13213961297725604,0.027563126244311932,0.07890718983347961,0.08105461299419403
630,0.0757962684761356,0.6632825140553262,0.03727269603290951,0.12670267003611194,0.027765640145957154,0.07327996690006246,0.08065139502286911
631,0.07898683775777424,0.6927427074702723,0.04098827459858707,0.1340960507231135,0.02807726895296076,0.07531214911731414,0.0921405553817749
632,0.07730041331305258,0.6534990964656663,0.04015158418807859,0.12777265737059113,0.028290524009607857,0.07602085290322046,0.09379250556230545
633,0.07820599431481214,0.6457889397226815,0.03960386558288994,0.12620173331714585,0.029955213851293263,0.07842915559334915,0.06497149169445038
634,0.08083802980645471,0.6880774272812968,0.039972481587966784,0.13255890240129964,0.029116870527900702,0.08083828065470017,0.06341559439897537
635,0.08172874068440866,0.7477840803326075,0.04154666426138807,0.14243772370013372,0.026686418868103058,0.07677041213491666,0.07418697327375412
636,0.07917087398091574,0.7436205912811864,0.04259523622295441,0.14274171551698753,0.027046166600514537,0.06915550659470397,0.07054518163204193
637,0.08272844646353765,0.7882595323560782,0.044571483868468896,0.15081263365241307,0.02790568881097396,0.07112469561926489,0.06967735290527344
638,0.0814319073369345,0.7601160929309585,0.042803728661936415,0.145276923557511,0.027833764105266365,0.0724658934716397,0.08499673753976822
639,0.07757205742988121,0.6907532067101596,0.04070061671086616,0.13356527242505095,0.029141342583776365,0.07095486979944943,0.08827202022075653
640,0.07724082948601162,0.6726826811289334,0.03746753933757829,0.12821255959348615,0.028594249333253035,0.07520632327563512,0.07014311105012894
641,0.07866824624540279,0.7280150947026529,0.037329675411621195,0.13599902102462572,0.027064881097913822,0.07365676281763557,0.07794540375471115
642,0.07657319464699265,0.7172848245508475,0.03757717859657803,0.1346782708757594,0.02603870272224475,0.0699489333809762,0.063797727227211
643,0.07991626943954472,0.7454941712684892,0.041591198385045804,0.14214876593982345,0.02695827878109175,0.07180107682794715,0.07320431619882584
644,0.07748257930826678,0.7069594549792912,0.040854724432028804,0.1360125430816377,0.026330064603168217,0.07102731137352847,0.06104515492916107
645,0.07799813207373453,0.6646723331192467,0.04063473995635287,0.12978296755105198,0.02869692407941144,0.07582495802611446,0.04997612163424492
646,0.07967253411933271,0.6904107860561577,0.039346380348130615,0.13235558116356305,0.028565627856134885,0.0782934109359292,0.058974381536245346
647,0.08080604642336064,0.7457704493865577,0.04180732926202176,0.1423734892798126,0.0278254805515088,0.0732925290618355,0.05725830793380737
648,0.07879600192312997,0.7412379433029842,0.04122397177053338,0.14122596770374066,0.029074381717467117,0.06767619954505066,0.05585907772183418
649,0.08220427463951573,0.7664902713396713,0.044440493537363075,0.14759046179483568,0.030542007434219483,0.07019584468324497,0.06449920684099197
650,0.07942468608630752,0.7116089189974207,0.04287773786615542,0.13841076374205047,0.02938996733898325,0.07159224704144118,0.08685862272977829
651,0.0745292717926784,0.6352482358769376,0.04059352464234134,0.1255441976758551,0.029539568964824847,0.06925720161927068,0.10456832498311996
652,0.0766428231824844,0.6615406890981657,0.03770410723212747,0.12682361892727578,0.029528100627042107,0.07396000914180392,0.10620975494384766
653,0.07855449994586924,0.7012510909542646,0.03868172949976045,0.13333449542183246,0.02785130571708259,0.07498729885458974,0.10301841050386429
654,0.07517270079226773,0.6693281923076819,0.0368613437533705,0.1272137506897007,0.028213010778204105,0.07072651089431953,0.09715097397565842
655,0.07928825216805063,0.70648910753572,0.040578638709311485,0.1357087056845127,0.03008830780336347,0.07297030666024755,0.1000174954533577
656,0.0780011421598194,0.680257848465759,0.038737382502864355,0.13038316335470643,0.030217458149568357,0.0739775971232629,0.08611765503883362
657,0.07854252630420798,0.646671136247869,0.040007468047963235,0.1266737063622355,0.03133579989666858,0.07773362936003086,0.06544002890586853
658,0.08068816839482326,0.6782384686101814,0.03993508555848633,0.1311212831372999,0.030686268331640097,0.08031085555044146,0.07147950679063797
659,0.08218968798363338,0.7499843214854193,0.04071539335242911,0.1420395259428563,0.028889404201518983,0.07645882807866343,0.08467748016119003
660,0.07985696891647075,0.757595003624546,0.04040028930979093,0.14285667706904165,0.03002456164205835,0.06833558064808204,0.06521105021238327
661,0.08343941602062217,0.8068321596705038,0.042163292966913846,0.1514017024959981,0.03078525333678037,0.07004480770302979,0.05655952915549278
662,0.08070762470086526,0.7558788509563679,0.04027770321726707,0.1425064386085672,0.029775442134882348,0.0711993222768611,0.09422941505908966
663,0.0769241138349909,0.6898370447942057,0.03849013753728467,0.13153969571684482,0.030045096289222566,0.07015462004091601,0.09663405269384384
664,0.07669067575930079,0.6761285690630553,0.03561072188941466,0.12711327148564905,0.02932927368615835,0.07401213131274573,0.08608041703701019
665,0.07862512033546741,0.7368405073693757,0.036280901459934504,0.13636084516128325,0.027484232925391473,0.07285463759669503,0.09473777562379837
666,0.07638343839792726,0.7056803899525116,0.03640247759240239,0.13201360792956085,0.027177964943167692,0.07076182933066247,0.07867864519357681
667,0.07919850651983217,0.7259606541672208,0.04000040802871805,0.13799472890564704,0.028093976969581092,0.07246827528871386,0.08102349191904068
668,0.07788185339660438,0.7094435603625943,0.03885382246026208,0.13465235644630955,0.02811899261581866,0.07175016641129987,0.06654322147369385
669,0.07780224071901093,0.6509314573990315,0.03916086231613084,0.1265566616136881,0.028982026183084965,0.07785981015510363,0.05026236176490784
670,0.07978819768816893,0.6854325428633921,0.037515674519247144,0.1300752271398393,0.028470279059614134,0.0806902257179428,0.055871158838272095
671,0.08064713493167609,0.7381473242336632,0.04117651368698507,0.1407437723365105,0.02782673134473915,0.07428043034101577,0.05770357698202133
672,0.07896811139936727,0.7391006852599098,0.043119195684472554,0.14254512276667788,0.026110025993729392,0.06958905118290364,0.050314903259277344
673,0.08220036182851329,0.7677015575143354,0.04483632869214486,0.1481027899524578,0.028394550993954864,0.07161582170030048,0.06326093524694443
674,0.07855270283858871,0.7074841704147083,0.04066242428707796,0.13592267373388228,0.02868653836759801,0.0719868722173237,0.08386199921369553
675,0.0740236329155231,0.6357397838790478,0.03772508805430468,0.12315575888641084,0.028683825412263626,0.07070535425634833,0.10142356157302856
676,0.0771311700293046,0.656442563615568,0.0364413006276702,0.1250129096259413,0.029788359424696827,0.07665960716127924,0.09242631494998932
677,0.07945567730921378,0.7054530005903203,0.038048209882860694,0.13339175141249776,0.028343512025093894,0.07698475709244519,0.08798330277204514
678,0.07522539482828562,0.664053788380577,0.0377832889156911,0.1272505031249605,0.025141880061360318,0.07352650048975475,0.08583302050828934
679,0.07823197928186786,0.6923273510334602,0.042270765969225334,0.1351359924069732,0.02621853857413336,0.07395272841666836,0.10361074656248093
680,0.07765675820101389,0.6778032267404956,0.040218187822347796,0.13130176481065464,0.026624456348884218,0.07537064153819172,0.09948166459798813
681,0.07954567126417614,0.6495451470680932,0.04227404727277848,0.129027061529252,0.028528953671206395,0.08088908267608327,0.06531339883804321
682,0.0822149161787696,0.6909664537211573,0.040682909487523226,0.13358055866375665,0.028520271565184805,0.08425279304129263,0.0733235627412796
683,0.08342943033810848,0.7506035144752885,0.04382256273124718,0.14479127012325307,0.02702471369304042,0.07909194759054153,0.08161554485559464
684,0.08065254321854325,0.7510911027454572,0.04515344588307705,0.1460016825777028,0.02539601245627137,0.07182151069626652,0.07962261140346527
685,0.08413737566387346,0.7929465792723478,0.04678720456530567,0.153381400952026,0.028131748126679103,0.07255377763178505,0.08661740273237228
686,0.08207257728023366,0.7476529600774637,0.0441005234946882,0.14460801443508473,0.028512483475756124,0.07421915184865685,0.07589483261108398
687,0.0786489549239706,0.6935665104756112,0.04139576000187156,0.13456301006954866,0.02850972667100405,0.07359598139293555,0.08316301554441452
688,0.0796655809898022,0.6797502088291535,0.038235984191567686,0.12988087342550853,0.03013742458434512,0.0790643369633341,0.09902147203683853
689,0.0812807137197916,0.719052290040979,0.03900315773893911,0.13615303378208768,0.027973660965060192,0.07991110482567254,0.10960381478071213
690,0.07642156556570998,0.6654920566933142,0.03847405566740379,0.12804805581396245,0.026181945804439926,0.07520805388960039,0.11389850825071335
691,0.07870254585019847,0.6955574254715264,0.039337306648476976,0.1330830379089126,0.026598318391822844,0.07671081432490229,0.1129937395453453
692,0.07830629282530814,0.6941586550915755,0.037569489421771025,0.13136794166031454,0.024052829313274935,0.07934913066770662,0.07149972021579742
693,0.07726283067810687,0.6557099240736115,0.034558169118214487,0.12329413411184262,0.023865017898737375,0.0837085263555364,0.043226514011621475
694,0.07907543038095045,0.6895869839298615,0.03343835326638931,0.12717387193259963,0.02424596379146293,0.08496507728905907,0.04898637905716896
695,0.08093598201860662,0.7417127962034409,0.03833889489290392,0.1388208807944092,0.02145380370973606,0.08233360161004111,0.058613330125808716
696,0.07864849853403744,0.7354992546627854,0.04170762023927386,0.1408207108712041,0.022411989708833728,0.07345475796106987,0.060437288135290146
697,0.08176851196087881,0.7765626481476573,0.04156041946847731,0.1465607378512173,0.024531175148778676,0.07515798401742026,0.07477433234453201
698,0.0786774763110721,0.7269244721324228,0.038461476827457104,0.13681333329959505,0.023470738601349534,0.07611449694212175,0.08925944566726685
699,0.07478693248934648,0.673956636824546,0.03381719198708728,0.12526568410672426,0.023434668074033743,0.07555125618753958,0.1034315899014473
700,0.07635582616861086,0.6691634733860834,0.032207343249364445,0.12320107612603859,0.024309669206117324,0.08090661979804342,0.10188780725002289
701,0.07849017216385022,0.7174006125469146,0.034730823195647124,0.13225507881725676,0.021019646867218415,0.08173258847667232,0.09247412532567978
702,0.07415034320543067,0.6652430975207351,0.035612564276131464,0.12555978331107484,0.02124543480234469,0.0754588779656922,0.09186920523643494
703,0.0776498224419064,0.6929873242738347,0.038984069395029526,0.1324131058062874,0.023608140485717917,0.07701842120973793,0.09639770537614822
704,0.07600146853480523,0.6736870754902569,0.0364324675077949,0.12746884007671805,0.02272802317711512,0.07758178312361037,0.08404030650854111
705,0.07627087411522276,0.6456549127098432,0.033590104405595324,0.12102793416334504,0.02328835872251334,0.08346814754173654,0.057960160076618195
706,0.07878720835897267,0.6927215216074762,0.03304111513225148,0.12728117320014073,0.023635495886754294,0.08461273753614168,0.058185771107673645
707,0.08015947894143455,0.7392305752535131,0.03858461897869144,0.13867689844652312,0.02051253116556458,0.08114781617836829,0.06440956145524979
708,0.07776557461036361,0.748496682694086,0.04013775099758737,0.14133188409708713,0.021950520220607544,0.07098322640051707,0.0535627119243145
709,0.08080671272641465,0.7969123456380741,0.039134786509881024,0.1473887235281943,0.02332439351111775,0.07284448258824228,0.05948132649064064
710,0.079929775230344,0.7543729157601552,0.03861368564645627,0.14086500423412754,0.023984079057807133,0.07556393400300318,0.08266178518533707
711,0.07728987690673363,0.6949246008210846,0.03540558724184126,0.12962258918173317,0.023196165272278888,0.07883075134625692,0.09499029815196991
712,0.07697385449480275,0.6901441787451648,0.032509553453648664,0.1264573570667224,0.023541146732084635,0.08042940903675139,0.0988108366727829
713,0.0769858231561238,0.7058838192211798,0.03497490842410255,0.13081903853797072,0.0217481908036045,0.07821468800546216,0.10410451143980026
714,0.07660959780877095,0.7136147979788257,0.03696098194387243,0.13362581280600858,0.02162120811190747,0.07483525067094356,0.08738166093826294
715,0.08188853243784927,0.7921000061577299,0.03872785820851018,0.1463524507726844,0.022465857214650078,0.07747744471516776,0.08615351468324661
716,0.08014300089939118,0.7820096128751349,0.03712156881883582,0.14353414654116428,0.022321806633063126,0.07526929344587675,0.07664331048727036
717,0.07960227166555249,0.7127308749659861,0.0344906465312235,0.13138210773618958,0.023506284452486318,0.08337890391517794,0.05776830017566681
718,0.07888528328716284,0.6952210649457304,0.03366099396520849,0.12816957553385447,0.02415219389103406,0.08365298079292031,0.06536024808883667
719,0.08123355331700739,0.7447334328683244,0.03837562795170755,0.13928388579693848,0.02442489407314724,0.0801470892354453,0.06724270433187485
720,0.07829166197355969,0.723212427515538,0.041962691202481674,0.13928408210434687,0.023648237837242386,0.07273629047839855,0.06315634399652481
721,0.080946451589676,0.7664084714499392,0.041971027390184934,0.1454620908272927,0.0247488300212863,0.0736681861291024,0.06943874806165695
722,0.07850691225672991,0.7088824442948316,0.03874344314398651,0.13447758616553582,0.02476597230529428,0.07655589504403096,0.08782874792814255
723,0.07461654989827742,0.6498135349930301,0.03515705689549705,0.12296512519514462,0.024042391703999546,0.07656393493351174,0.10453204065561295
724,0.07620480923608537,0.6578549865777867,0.03349511491539444,0.12268938229573621,0.024916315132904484,0.08040824014917418,0.1026761457324028
725,0.07946655746491692,0.7191418113623458,0.03491999465907961,0.1326659684738319,0.024195522958000832,0.08127922802566787,0.09459658712148666
726,0.07606829190117144,0.6781749373748243,0.03689814166502662,0.128509112480712,0.023290788531688002,0.07636288934237147,0.10153477638959885
727,0.07927282716351312,0.7083591994735408,0.04028597644115464,0.13572500830292408,0.023840821724755202,0.07838017342544173,0.10421611368656158
728,0.07734431769223844,0.6995435932025603,0.03756816119109161,0.13213608004987284,0.023080400251547145,0.07688245338991323,0.09125891327857971
729,0.07693013339848563,0.6481549062646064,0.03347549152770232,0.12128683649011719,0.02364019163581771,0.08474671723564242,0.06486063450574875
730,0.07825783795928336,0.6784848194792394,0.03347271754052552,0.1256173035317704,0.023343311868624022,0.08486851591268416,0.06363268196582794
731,0.080529010992348,0.7286763903968312,0.03778597069564836,0.13648460208153163,0.023177992037435723,0.08175001037486054,0.06818914413452148
732,0.07794442474328393,0.7268145636023351,0.040119447504258006,0.1382187498039833,0.022856983806393914,0.07340590113495074,0.05591462925076485
733,0.08155965197797606,0.7924247388478664,0.03909931154446109,0.14671722973066187,0.02424287395512076,0.07469895221437438,0.05843968316912651
734,0.07991900936020828,0.7494678061458812,0.038139813734337204,0.13975809836455777,0.024080062481275106,0.076418885000469,0.07632090896368027
735,0.0767923115579454,0.6757312183586915,0.03434456875834518,0.12597123298696608,0.024164105652810654,0.07981043547454517,0.08166860789060593
736,0.07626523949841747,0.6731637912189321,0.03231505604680131,0.12386487535710569,0.023939766929968884,0.08040034661945776,0.0901387557387352
737,0.0795777436011363,0.7487385414167201,0.0343627916048,0.13641647014936004,0.02222386972164834,0.08002849751599252,0.09904269129037857
738,0.077617859082926,0.7293614648717057,0.035522368190546764,0.13464223914499804,0.022104263049835007,0.07629592305756758,0.09784509986639023
739,0.08113827613191607,0.7614190389444095,0.038551662057249456,0.1418184301839866,0.022516931264746933,0.07933681809512735,0.09791969507932663
740,0.07853687030778661,0.7432583701298108,0.03663210628810076,0.13757871540834504,0.021783990877049606,0.07653402534669282,0.08149196207523346
741,0.07750315983466832,0.6739970674299277,0.033682305246523186,0.12515584270129526,0.02237359740884477,0.0840454294489654,0.05466030538082123
742,0.07780955479117445,0.6844993170662743,0.03225115017555629,0.12542945973137318,0.022034909738934672,0.08494495238921039,0.060532014816999435
743,0.07898667186811624,0.7243982839463026,0.03694614205980128,0.13515359090073004,0.021513600739690452,0.0801295549519517,0.06199706345796585
744,0.0773204320269016,0.7143497256145395,0.039649204318246936,0.13603499307486017,0.02177656091395937,0.07454607833376233,0.05561239644885063
745,0.08139750823272475,0.7706236699785055,0.039895664679106574,0.14428537972187785,0.024175921459584863,0.0764395091062132,0.06228990852832794
746,0.07721698769692908,0.6995508566792159,0.03668761869669392,0.13138236697991135,0.022908741106041915,0.07734199659134587,0.0843084380030632
747,0.0728441655243121,0.6395254723221473,0.03227245156636519,0.1190228831029055,0.0220859094257105,0.07685126172931925,0.10486457496881485
748,0.07571752544950486,0.6614209673172775,0.03180480065702166,0.1217499673227725,0.02304365915491801,0.08152877181815919,0.10154300928115845
749,0.07919369191886962,0.7213890664744234,0.03488929766923657,0.1329606932128347,0.02130702446709651,0.08279839980695164,0.09548954665660858
750,0.07625606281618973,0.6804450916781435,0.03600887811358223,0.128071194337091,0.021845452535737612,0.07852710673079673,0.11897312104701996
751,0.08173434093207405,0.7232437152448408,0.03917160225903083,0.13689618982843224,0.025572638459303743,0.0826092128114346,0.13008466362953186
752,0.08119224922504285,0.7302244111917202,0.037704344848041194,0.1366357828971382,0.025524565056814892,0.08138838090915891,0.130716010928154
753,0.0806231415813185,0.6623903223202695,0.03543212742184584,0.12499758383590638,0.026628674581236206,0.08904066323362615,0.07295357435941696
754,0.08214443002477777,0.7021110472421944,0.035447750805374295,0.1306853645820629,0.025773599907576904,0.08899558863970403,0.0629577711224556
755,0.08447512068867263,0.7602213489543953,0.038624000846088725,0.14170933629013252,0.02558834166696369,0.08592111368139056,0.06902648508548737
756,0.08109410897878427,0.7533675362271532,0.04059964882115285,0.14242363273629574,0.025400186914345774,0.07616295749734545,0.05641023814678192
757,0.0844629345097288,0.7988862615188053,0.03940034272761018,0.14789833112635234,0.027262780370368788,0.07900709734212323,0.05867812782526016
758,0.08206712112525327,0.7582215355609438,0.03778983238383483,0.14070864712342185,0.026418728674488932,0.07944812927127456,0.06822384893894196
759,0.07921741745834267,0.6891182290132112,0.03549268870066592,0.12886776588817242,0.025644074875007822,0.08265003734265963,0.09562399238348007
760,0.07913572004494697,0.6892475348698341,0.033090533777400406,0.12682724821917662,0.026469809618485458,0.08348830451564984,0.09841526299715042
761,0.08220240616452465,0.7641693820779696,0.035046728024297986,0.13920710717482251,0.024378872685352736,0.08291888457478944,0.10982482135295868
762,0.07971469941526946,0.7554549116789668,0.03519222689063565,0.13808689614611153,0.023395161815836292,0.07791862267528668,0.10478955507278442
763,0.08529774410976504,0.7982082070917409,0.03903404182555225,0.14748749400643632,0.025943557198193277,0.08281662649780293,0.10275200754404068
764,0.080838232349306,0.7553411815740156,0.03719254083690358,0.13978520379934817,0.0245512675353129,0.07851072654276309,0.08951013535261154
765,0.07992352939198187,0.6803613660622972,0.03496437214392534,0.12716394270369277,0.02449172910764338,0.08709099299303101,0.05609975755214691
766,0.07982616671534841,0.6852152496305508,0.03567248515706123,0.12846430865327402,0.024408588492026935,0.08575817346506978,0.05930674821138382
767,0.08169087519874808,0.7373068232962445,0.03786120246129326,0.13778200543771485,0.024542849245769834,0.08261565894850811,0.05890076607465744
768,0.079974353392421,0.7357345796532105,0.04100911193714004,0.14025560732515013,0.023651292609790597,0.07651093438608461,0.05714082345366478
769,0.08352935428099802,0.7703861284473377,0.04128464327414821,0.14544199829888954,0.026923668692356323,0.07888576565540441,0.06642968207597733
770,0.08028775039035417,0.7045928451314174,0.03747388851221784,0.13277659660067492,0.026984517398603518,0.08100033882410532,0.09154126048088074
771,0.07653582899305124,0.6440308152666456,0.03484008306202941,0.12186733051983174,0.02650941142830249,0.08064388052627344,0.11288610100746155
772,0.07900010200943317,0.6592325237503216,0.03496186231706199,0.12414338537895622,0.02801760716693587,0.0841094120482856,0.11484032869338989
773,0.08236180569859029,0.7247927648894887,0.03614126593734724,0.13452005150193888,0.02707387518835839,0.08510027981711321,0.11834646761417389
774,0.08049412863846435,0.7103116288063549,0.03662155289015288,0.13286299230675316,0.026979952985413957,0.08149627662513073,0.12442516535520554
775,0.08474542501503662,0.7463166392307949,0.040276777938066936,0.1411396152655995,0.027427376735636916,0.08555380079026884,0.1297258734703064
776,0.08360597984477856,0.7361593716402273,0.03964521341979713,0.13914723602271575,0.02604062125869891,0.08537706945190321,0.11878763139247894
777,0.08267063199528989,0.6628435752057245,0.03885543473646613,0.1279965976606459,0.024460672458540306,0.09394412663275926,0.07415148615837097
778,0.08341997989756875,0.6912072618998926,0.03894235948493711,0.13212305982993075,0.024839180731283737,0.09206298422725136,0.06488693505525589
779,0.08407261769766414,0.7497431669404546,0.04041370778248165,0.14174648766219206,0.022592913892175878,0.08740272230850443,0.0720522552728653
780,0.08196204011583569,0.7648257081145236,0.041181246102607434,0.14455902639002405,0.02295320624489212,0.07882240676299654,0.05248972401022911
781,0.08526415457877111,0.8035768413700517,0.042088911914851375,0.1508729018370229,0.0239665896867337,0.08149187000833355,0.06053029000759125
782,0.08433718275056597,0.7659823737815361,0.041500846714976856,0.1449982077244853,0.025098530944112723,0.08309260622903314,0.0812745913863182
783,0.08069083398303872,0.6778982131475173,0.0391207437479459,0.13037466794788466,0.024098255493309212,0.08673598544231181,0.09606469422578812
784,0.08064435241487926,0.6859507900712579,0.03647039115126121,0.12925330528268933,0.024715345856788768,0.08704939939387465,0.10868054628372192
785,0.08431619527779681,0.7677020580061806,0.038300597825548295,0.14250080642278146,0.02333634551236602,0.08676202907068714,0.12381315231323242
786,0.08107159415412253,0.7607531766726617,0.037732855438376296,0.14102147275755997,0.022400324583144258,0.07995281125072079,0.1197972223162651
787,0.08583223035449997,0.8143947841392138,0.0408166411880276,0.1513278044667685,0.023507130615548013,0.083058065277848,0.10970652103424072
788,0.08293061351766705,0.7710864933459787,0.03885727391391165,0.14346144811849265,0.023992060759108567,0.08153736690568328,0.10077935457229614
789,0.08041319678723584,0.6824738565852965,0.036851834737744234,0.12908355214453743,0.02313491599526078,0.08794513154257513,0.06950373202562332
790,0.0817963381483823,0.6892697724766257,0.036717738778759494,0.12993945787845468,0.024031990917015224,0.0902149122120152,0.08455806225538254
791,0.08199164512542235,0.724295757495797,0.03939069759507267,0.13723427758089043,0.022405169994830304,0.08579250746615588,0.0758129209280014
792,0.07947361037833155,0.7258431612672088,0.040395109227351976,0.13831625951876012,0.021327835729374873,0.07886384519829365,0.057133108377456665
793,0.08310956784760878,0.7625514986283619,0.042266759926580584,0.1451645797411208,0.02422675962594349,0.0803338896347429,0.063276506960392
794,0.08159926784406989,0.699687601448361,0.04096729940096964,0.1350701996934541,0.02634160605613069,0.08316265654030551,0.0834687128663063
795,0.077214741026076,0.6443514972812525,0.037989317107790854,0.12461248570399967,0.02366746106582857,0.08259558439810934,0.11360034346580505
796,0.07990920113829639,0.6702269935364074,0.03746740819585481,0.12786163467307662,0.02516607060946804,0.08585106100808848,0.1199626475572586
797,0.08273938796619769,0.7275556824471744,0.037877196560954375,0.13640269454470008,0.023780250033733435,0.08737324040091432,0.12366881221532822
798,0.07790370336884746,0.7025435077860896,0.03615290581864518,0.13135156324256578,0.021757122403297108,0.08026508432420044,0.13910825550556183
799,0.083065640404584,0.7477361398491665,0.040640930305872174,0.14165453166919995,0.023326629429777444,0.08407199515100079,0.13023263216018677
800,0.08311690927128229,0.747399762525218,0.039535179821812316,0.14065869163658457,0.02361795517693948,0.08482943453419281,0.13794416189193726
801,0.0815560446401701,0.6696214077226068,0.037170838418493106,0.1275209197476522,0.023728568286213843,0.09193582073083499,0.08997193723917007
802,0.08179535115298696,0.692226778831836,0.03643574380587993,0.13012017738101653,0.022969835024462402,0.09098345481592005,0.08242170512676239
803,0.08424858885661388,0.7485653025812851,0.040853149771464765,0.1419548858871534,0.022455640998871935,0.08782440833041599,0.08673026412725449
804,0.08027547818004767,0.7566034101172434,0.03936046490894158,0.14182374279584184,0.021317507194991914,0.07800897125315157,0.06298433244228363
805,0.08372565704794745,0.7962553302418843,0.04193848156140747,0.14969803137290416,0.021727486302151173,0.08024822891618202,0.05846003070473671
806,0.08398469681310189,0.7765582316546675,0.041996359273029686,0.14693376961326368,0.02353556385301857,0.08179724945303325,0.08157617598772049
807,0.08149217828066571,0.6959008807381981,0.039651364765412846,0.13340129561866787,0.023970292937122446,0.08640335028551416,0.10244683176279068
808,0.08030235056542441,0.6884900328595046,0.03795636911558803,0.13088974965043326,0.02394159437720059,0.08535403803073753,0.11882936954498291
809,0.08370632360331426,0.7581743218747168,0.04018482387712132,0.1427547521624921,0.02248821725292014,0.08560479167062848,0.14285555481910706
810,0.07891201015502966,0.7306084893990299,0.03848147386914503,0.13735676180198572,0.021679316032937334,0.07785145982077389,0.1406303197145462
811,0.08341329713566976,0.7775134352736798,0.04249494788842383,0.1474975889434604,0.020762803571946525,0.08215872367211081,0.13438193500041962
812,0.08256755387759002,0.7793738747499149,0.03905759395775437,0.14481706264234875,0.022180827103207932,0.08093761963601044,0.11471548676490784
813,0.07931626403738998,0.6858087638224782,0.035937679801684795,0.12877640609036958,0.02123922937867292,0.08685604506741024,0.08178573101758957
814,0.08099570571784663,0.7021442615869161,0.03551157572809688,0.13074481656507106,0.022244058183647462,0.08887292531894954,0.0956229716539383
815,0.08334979806246715,0.7484520455393234,0.04006568324677634,0.1412637350028545,0.02157245934925369,0.08673027461369,0.08767213672399521
816,0.07924831648339489,0.735661078713904,0.04010964414565213,0.13947413479825954,0.02156660450269191,0.07702222344100344,0.07583867758512497
817,0.08278859166566611,0.7732941671285787,0.04281889680817458,0.14717250685394662,0.02223211552137789,0.07943958250217292,0.0828782320022583
818,0.0810107949592564,0.7168822945577052,0.041015747391358694,0.13756811127226534,0.023215224185326795,0.08209426761256197,0.08699125796556473
819,0.07834232316575923,0.6772569325307055,0.0374001770657977,0.12880828498935595,0.022324460950123255,0.08320023600879359,0.11943256855010986
820,0.07929476387312202,0.6787414351866835,0.0373815727351467,0.1290044102282234,0.023170798914588692,0.08490729265112498,0.11871181428432465
821,0.08218287920308637,0.7357092558978735,0.038434992755358756,0.13804560177571804,0.02190437551467798,0.08604668767939104,0.12414877861738205
822,0.0768765297735683,0.6996518692403049,0.03644859238558381,0.13119191765054397,0.022116642911931574,0.07726546638514681,0.13513895869255066
823,0.08134371140974986,0.7496881343058952,0.039818595642288554,0.1412285297370895,0.021079255983411118,0.0816758938713741,0.12577588856220245
824,0.08246544778113923,0.7611088046651807,0.03869795508984345,0.14189950502917734,0.0229966249519642,0.08249586766463401,0.1334671974182129
825,0.08033343774867216,0.6896767667069386,0.03510739233339723,0.12861730295818882,0.022312465476679175,0.0888534064283389,0.09521772712469101
826,0.08161398965826458,0.7102737563607928,0.03495899734443616,0.13143253434677282,0.02325850431168857,0.08908381273407387,0.09261278063058853
827,0.08435837934411908,0.7573049245164427,0.040480435991820156,0.14288393435248053,0.021722893571540614,0.08795456876280898,0.10718867927789688
828,0.07979942403087194,0.7645107752536876,0.03842607205492258,0.1421524582261747,0.021588148307054276,0.07617538536832247,0.06311339139938354
829,0.08275503146736542,0.7849119451832344,0.04079845026231937,0.14710037810816434,0.022316513754300476,0.07933655615559818,0.06765243411064148
830,0.08338507840808765,0.7689622353150617,0.04047297421466622,0.14454286865757984,0.024609994591360262,0.08130021027941846,0.08184251189231873
831,0.07911551102861765,0.6949345461723953,0.03658477587323131,0.13063474305882614,0.022980775873982513,0.08315407626249097,0.08152235299348831
832,0.07854692819510314,0.6691490726033889,0.035961708555970716,0.12641704627703046,0.023638443032338807,0.08470549939083555,0.11689025163650513
833,0.0816177492116767,0.7473793742781802,0.03748643872706658,0.13889971523436853,0.022491925504662884,0.08323112468545842,0.12363386154174805
834,0.07846550658001634,0.7441032253509798,0.037036415332579516,0.13804595962092245,0.020843301068316947,0.0767520399919605,0.12408606708049774
835,0.08260009243651625,0.7861053573474115,0.040678081554104066,0.14716769238171942,0.020629416770177874,0.08032778369250959,0.1223691999912262
836,0.08183438118072871,0.7705679977005933,0.03757853787716938,0.14229131785194424,0.022667859267196167,0.08070526826775606,0.10729288309812546
837,0.0797997226353342,0.6906221860144632,0.03498535609029122,0.12864776036517292,0.022044947378084274,0.08759311797181905,0.08497172594070435
838,0.08004401167717892,0.6975633533102785,0.034773509406068874,0.129457772820956,0.023144378159637952,0.08659415000422237,0.06965304911136627
839,0.08237952912953796,0.7412663457035333,0.03947039665681597,0.13972696080634703,0.021809488747245982,0.08519931174683548,0.07214895635843277
840,0.07891726573385881,0.7368271436245024,0.03832391564521572,0.1381100910708281,0.022503228932670132,0.07648582576505072,0.06880955398082733
841,0.08239907475867211,0.7755236094825786,0.041462359081007184,0.1463282519955174,0.022362166163213404,0.07899333969745884,0.06926709413528442
842,0.08096393310111417,0.7212850746438286,0.04000103185655778,0.13732732368331074,0.02315586355850193,0.08222802719147787,0.08082122355699539
843,0.07761827527095083,0.6760103628479528,0.03574143608166799,0.1272084256197087,0.022527703770627527,0.0824311437785706,0.105499766767025
844,0.07821155658915138,0.6692421671938422,0.03549579700174157,0.12603099274347024,0.022925900777608258,0.08474449878922258,0.11444823443889618
845,0.08163184814259633,0.7324328229031223,0.03757276577237282,0.13683848821962272,0.022313802069131396,0.0852293283894801,0.11134222894906998
846,0.07736934858060718,0.7169903294198877,0.035569720532375136,0.13291552180201976,0.02137168656019542,0.07776440127973144,0.12756569683551788
847,0.08207600808433858,0.7677881828713753,0.03908925296611726,0.1431891000954398,0.021288224328108517,0.08179136336132634,0.13092006742954254
848,0.08302004220842144,0.7869715628198461,0.03719828198918723,0.14430875067928134,0.022918497894466674,0.08198127357112946,0.1447971910238266
849,0.08124254692864956,0.7034119656248595,0.03431508813429174,0.12990035634723,0.02413763665688149,0.08863376017518876,0.08844336867332458
850,0.08062386595474849,0.701036662105986,0.03448139358063132,0.12970357479853914,0.023232937325198814,0.08789618326728767,0.07986775040626526
851,0.08395568208568284,0.7620605399332825,0.03904882101672672,0.14233620943337755,0.022443648111858283,0.08669575038354647,0.09416551142930984
852,0.0799706375390182,0.765159922787841,0.03741183583826502,0.141375848259633,0.02214978418144109,0.07683432484636021,0.06865057349205017
853,0.08321109976332403,0.7947379035679718,0.04162567367262852,0.14921313508624903,0.022674650849571185,0.07842871165529844,0.08883363753557205
854,0.08176108287195327,0.7460776102067156,0.039981957921717534,0.14085276539100297,0.023051683306285018,0.08142658528774452,0.07927903532981873
855,0.07947259896911617,0.6959797993115848,0.03637065131020817,0.1306005295961191,0.024042031490664566,0.08323740621413372,0.12108540534973145
856,0.0783222503663525,0.6790691785317655,0.035604403524978505,0.12752794281166238,0.022632173530093707,0.08399608670843281,0.08514584600925446
857,0.08138808046730994,0.7362563170464429,0.036899979464313885,0.13680802769033232,0.02305241964341988,0.08393932986806918,0.10131913423538208
858,0.07849588432607622,0.7377957822712382,0.03557867891281787,0.13589540796402078,0.02217315620343168,0.07755368825018874,0.09506847709417343
859,0.08225985446129946,0.7927456035400205,0.03844824666733822,0.1462050119348643,0.02120591327012881,0.0797300402142046,0.07864051312208176
860,0.08131695177679771,0.7689887756783466,0.03645528047715913,0.14110292264875735,0.02262646082016088,0.08035840685089025,0.07892057299613953
861,0.07923955162227174,0.6820066811824774,0.033633403540762295,0.12625815748957875,0.022936335093956695,0.08736358595065377,0.048790041357278824
862,0.08109318320430149,0.704612137632807,0.03443150475419151,0.1301715951654223,0.023050028966711784,0.08893733269621179,0.07044350355863571
863,0.08313164816724294,0.7458093937456598,0.039423132466895376,0.1403354555067189,0.02189941080514014,0.08665652443704144,0.063309445977211
864,0.07903612074280093,0.735662477376162,0.037573875499234875,0.13730081862451018,0.022568122943657478,0.07746400817055585,0.06174011155962944
865,0.08263318708105687,0.7800616714335867,0.04114858035884459,0.14670759336952205,0.022710921748919668,0.07900006374426992,0.06267859041690826
866,0.08070846858064472,0.7287990003920564,0.03907899298287502,0.13761042261275805,0.02284148650792917,0.08155286811617166,0.06724006682634354
867,0.07831527888582057,0.6838787816258106,0.03504943891873143,0.12773934501974274,0.02312865251487306,0.08335751909321776,0.09641267359256744
868,0.07806144297078217,0.6715761337821868,0.0350920519602134,0.12601834936335246,0.02206350297420986,0.08509734737428395,0.10101565718650818
869,0.08218137314226448,0.73239790723755,0.03790016552051767,0.1371141286229509,0.022822800748893594,0.08605396294086343,0.10429836809635162
870,0.07802953847794468,0.7217623371839372,0.03543435865801803,0.13348121273314933,0.021808110529859655,0.07870307295921497,0.12177497893571854
871,0.08217149851643651,0.7686803608245925,0.03921292312527322,0.14342255708231882,0.02186993040028095,0.08134069437292563,0.1232447624206543
872,0.08237861810526427,0.7771664376406524,0.036323973428629204,0.14215861117320397,0.02183255301605837,0.08304893112387218,0.11272671073675156
873,0.0807150496618776,0.7015986253960753,0.03329890465818846,0.12877029333502943,0.02287911960700406,0.08927315024588411,0.0722704753279686
874,0.08092657782095453,0.697080871210793,0.03383928135279111,0.12858807990393425,0.02321318565605265,0.08972198164263644,0.0650484710931778
875,0.0842819794141823,0.7494599876239902,0.03879579812259945,0.14031925376565527,0.022358089693972755,0.0894327678618268,0.081263467669487
876,0.08127872871658508,0.7447964415439232,0.038091386804698424,0.13904925176744481,0.024738539177315746,0.08020218689394348,0.07259887456893921
877,0.08376980549366622,0.7966383286901524,0.04103794329494271,0.14898085549425838,0.023707566791317605,0.07926459560770316,0.0713021457195282
878,0.0823915722476072,0.7572050706918604,0.03896096516443268,0.1415672659540652,0.023398863549236974,0.08223146036553039,0.07685353606939316
879,0.07990101553469608,0.6983085946289914,0.035679869607152824,0.13034111603884405,0.022371679506491455,0.08610409661824565,0.10374660789966583
880,0.07986242532924813,0.6897321696991123,0.03559066618196458,0.1290394523987,0.02252972408874515,0.0869986402289179,0.0976010262966156
881,0.08275275654490877,0.7417687759844511,0.03849978235685916,0.13896678144651514,0.022397164831358538,0.08637662750535963,0.10464200377464294
882,0.08038035228814427,0.7456260264477531,0.03621428589777743,0.13755882026205965,0.022279744576949277,0.08118722455826394,0.09067393094301224
883,0.08497540641891183,0.812767775009561,0.039996327164565644,0.15039224828527928,0.022847574091527652,0.08209752307230148,0.08776608109474182
884,0.08286996276709326,0.7955862839098304,0.03741074226505845,0.1457215339285973,0.02239690147333869,0.08078876663281251,0.07856368273496628
885,0.08056473642576185,0.695529340973035,0.03392759346187793,0.12844212882061465,0.02402128766102633,0.08814753574940924,0.05972696468234062
886,0.08093279570310424,0.6858156782701617,0.03412866422674607,0.12722680909009115,0.024946150222918,0.08941384878465368,0.05174104496836662
887,0.08318856098312928,0.7312121903842062,0.038482713695760895,0.1374440675083959,0.022412661082779485,0.08889390518632703,0.06434139609336853
888,0.07991304896726417,0.7248929180792449,0.03758229862384601,0.1357695299746173,0.024646771835342716,0.07939662057626148,0.05662564933300018
889,0.08251008185969783,0.7639262569114575,0.04020042412544511,0.14358982880916119,0.024837411010893262,0.07952889027162138,0.06162158027291298
890,0.08068552835636734,0.7202253063179247,0.03877973224382663,0.13612909996869776,0.023826733261608366,0.08192384890349234,0.07712174952030182
891,0.07801631571009698,0.6769905735564662,0.03494910646767263,0.126669316051786,0.023145568142051282,0.08345684453315907,0.09757275879383087
892,0.07881637680358974,0.6705335735490401,0.035917426676394464,0.12657687622962954,0.023376077435587894,0.08553620175280652,0.09310679882764816
893,0.08219121656326446,0.7271639076971828,0.0364640716690742,0.13513547681594684,0.023650994100691065,0.08708768349691909,0.08862911909818649
894,0.0773401551706432,0.6877912267736045,0.03532962623706344,0.12853842631371218,0.023136086243524943,0.07997022823168634,0.11388355493545532
895,0.08130832229318473,0.7327155224651705,0.0386326291046994,0.13778732815619527,0.022684828842817372,0.08318474893212197,0.10606071352958679
896,0.08161493843828288,0.7565537172378481,0.03665352574932504,0.13949641024768547,0.023384447124974728,0.0819203305042002,0.09552272409200668
897,0.07997563439458624,0.6872458683576,0.032595196496279656,0.12611672104789687,0.02385853461817336,0.08870464587730073,0.07177390158176422
898,0.08124207117343109,0.6971634234951658,0.0335140125733272,0.128321071276447,0.024415020900154523,0.08977161507240916,0.06703117489814758
899,0.08345867203018581,0.7384467496570468,0.0374436155060236,0.1375869203847412,0.02346766387518128,0.08858858685557879,0.09041690826416016
900,0.07997961696805808,0.7429717855712819,0.03724115242511681,0.1380598143031404,0.023043624080955553,0.07897843807607575,0.06096339225769043
901,0.08155157344910496,0.7825616945399617,0.0375217370090177,0.14395601665629543,0.02372981960243928,0.07754172025864575,0.06856236606836319
902,0.08059109515757194,0.7563138406019585,0.03716398081360113,0.13989967506908077,0.023087514406540006,0.07901172089215465,0.08828571438789368
903,0.07848034932366936,0.6871960576842662,0.034085824507677026,0.1273872863900469,0.02467382255496146,0.0827674903132084,0.11041196435689926
904,0.078912280824333,0.6675044692053602,0.035664102211979666,0.1259270117824626,0.02469852342935492,0.08521142895657544,0.10132130235433578
905,0.08217467875707575,0.7337058003148604,0.03810033354478585,0.13747254308336793,0.024207074559482532,0.08451070114446411,0.0942678153514862
906,0.07880839277657309,0.7367777546017731,0.03515720415807671,0.13538871136431904,0.022364996922905354,0.07868858538425466,0.08303184807300568
907,0.08211833013215325,0.7970993657939642,0.03675575147281521,0.14537626780440793,0.022504898998486907,0.07892938691088842,0.07587568461894989
908,0.0793728047593046,0.7761856373711765,0.03618663483409588,0.1419007780536788,0.021523735830344715,0.07527876343956705,0.07644857466220856
909,0.07783480160050395,0.6899375333643996,0.03456614948804266,0.12819063289895077,0.021237581219677892,0.08329601704758575,0.058596476912498474
910,0.0772824665990109,0.6671794419140926,0.03473032418413402,0.12508019814555668,0.02112138742357645,0.08460039577428848,0.057977378368377686
911,0.08036882957880724,0.6999742414474821,0.03875868028520892,0.13321804616553365,0.02213015496380329,0.08508460535355009,0.05959567055106163
912,0.07616465223464186,0.6925740841471338,0.03769278178616379,0.13124725355201666,0.020839695752903228,0.07637671300346022,0.04231388494372368
913,0.07849204265398485,0.7424008927276029,0.03895337594377945,0.13944587834146852,0.021163734371900254,0.07531970617426068,0.04935261979699135
914,0.07681804457764599,0.7074432221279656,0.03784165691546351,0.13349902337439237,0.02002254987976665,0.0769182459911373,0.0586959645152092
915,0.07464692885434832,0.6659631876085781,0.03471020631625094,0.12488920364372626,0.02101149964936125,0.07761593896800628,0.08151478320360184
916,0.07515104911765999,0.6546540950815596,0.03481552871584261,0.12336389533951649,0.02182324023465448,0.07962664144616537,0.08491895347833633
917,0.07927294587873583,0.7206427513146857,0.03582632949801706,0.1336572469003983,0.02145243736965944,0.08227962743022305,0.08549856394529343
918,0.07495220990536683,0.6853892317783497,0.03570414111838082,0.1285162969269478,0.020337230990157516,0.07587174031229162,0.0882844626903534
919,0.07805034832791796,0.7295102471134762,0.0368440680081723,0.13579637930893002,0.01994760286719623,0.07836247349766398,0.08782148361206055
920,0.07754883238372813,0.7389952363745828,0.03619136787916451,0.1365919205213671,0.019563344251111413,0.07662343237933367,0.0798180028796196
921,0.07687832713591859,0.6826986752127513,0.034178498726280676,0.1268242382243479,0.02063794805970353,0.08238598662523111,0.052968088537454605
922,0.07647744936412414,0.6734917862152163,0.034369556785465834,0.12567273241828733,0.020060375787736347,0.08279651607107064,0.04548601806163788
923,0.08148741744288693,0.7256823040638203,0.039381079190970274,0.13742411131566315,0.021145046443341847,0.08534238492880969,0.06417341530323029
924,0.07752489583519367,0.7214303838887298,0.037678544575616035,0.13535737876320372,0.020165190151197974,0.07711121574668112,0.053483299911022186
925,0.07899523980456168,0.7631171871695258,0.03898955395689832,0.14243635870155938,0.020432048103348727,0.07472705350824999,0.056690506637096405
926,0.07917486514163673,0.7473961038657767,0.038954376452339824,0.14016033751140222,0.020098558538952233,0.07750434509544085,0.07137240469455719
927,0.07651483583000201,0.6998286287827221,0.03460294137513301,0.12963518243336003,0.02018916449725049,0.07931949496822131,0.07539179921150208
928,0.07596725378403714,0.6721219846623004,0.034507501212050005,0.12559528456208577,0.021600869080421668,0.08011331346890814,0.07984167337417603
929,0.07989900384455012,0.7504157384533855,0.03696711858612988,0.1388883499957378,0.021302117659737347,0.07955560137397208,0.10924575477838516
930,0.07731392174576154,0.759750509661204,0.035584534481235504,0.13903681664980244,0.01975901913780282,0.07366692848668963,0.08031582832336426
931,0.07951560637010925,0.7981195321368743,0.035973976921060524,0.14485191338046247,0.020141563309306477,0.07429862541425265,0.08673302829265594
932,0.07816859260537617,0.7750726008531482,0.036426071701637676,0.14194700443756775,0.01947831013339753,0.07371647941518983,0.07393622398376465
933,0.07670245424111659,0.6876060571158948,0.033923641744476866,0.1273068439403937,0.02077286619244687,0.08136200279683509,0.044628724455833435
934,0.07617383591678427,0.6682611863563286,0.03456486003960288,0.12509290665627798,0.02069036559728436,0.08191768554928969,0.03752511739730835
935,0.08039336444292924,0.7211283476420507,0.039426824499435346,0.13681275637695184,0.021666757152687077,0.0824121778796214,0.04338398575782776
936,0.07687419290862274,0.6997933223654902,0.03841077517727463,0.13289399620416256,0.02072007639681246,0.07699171697285939,0.03960603103041649
937,0.0790695960706142,0.7415197869197472,0.0385184833357095,0.138947240990572,0.021936595743834015,0.07666803205158376,0.04843159019947052
938,0.07689183278043349,0.7040156230896711,0.03777967074791664,0.13295623536816728,0.02144612410791519,0.07635047560461991,0.06365177780389786
939,0.07466024255049199,0.6640046384232304,0.03334348244387144,0.12343793329806559,0.022320149229345353,0.07777734480236836,0.08720650523900986
940,0.07666388080270728,0.6563451414438283,0.03494356448873454,0.12371521833946221,0.02407299855610243,0.08151098242382598,0.08434753119945526
941,0.08346947386652993,0.7425575422352824,0.037270909110860555,0.13802614241434938,0.027406143759367372,0.08478780273095517,0.08339157700538635
942,0.0814142117665993,0.7143803941562819,0.03823144535134921,0.13482415232348244,0.027749835140747952,0.08163684332694643,0.104760080575943
943,0.08500898988589939,0.7523173086120538,0.03897920286738087,0.1408846465451913,0.028437961058065026,0.08561744053337406,0.0982319787144661
944,0.08499485321612789,0.7637017851557341,0.0396288915772378,0.14306787637416588,0.028475134469016665,0.08363571185656696,0.08653048425912857
945,0.08314005778359858,0.6962650270232046,0.03549783032162807,0.129893144136139,0.027807131724558138,0.0906474175267861,0.061261631548404694
946,0.08161149664990622,0.6835110209660413,0.03596248340559358,0.1284694173428004,0.02550040206447604,0.08970802380587521,0.05642729997634888
947,0.0855887837815303,0.7299927723260039,0.03927024013964304,0.13794488759483745,0.025554516512663644,0.09230717680514487,0.07839176058769226
948,0.08196282233851936,0.7183845791967192,0.038316473095652316,0.13546905968151904,0.02539736089134962,0.08463964342966813,0.07019497454166412
949,0.08313203775550844,0.7453425732559091,0.03868559981754085,0.13963659602302206,0.026283505900172855,0.08343301464485268,0.06793151795864105
950,0.08249279918430813,0.7399424095063517,0.03903693533304269,0.13916628878637255,0.026273505976599644,0.08209537733924673,0.06657249480485916
951,0.08056917203101346,0.68619032292797,0.03618946568325359,0.12904673100392736,0.02579955430280061,0.08607472344190008,0.09480573236942291
952,0.07997987992017144,0.6625460211334794,0.03829972548425108,0.1274777677198551,0.026547964878107587,0.0851721537572541,0.08469128608703613
953,0.08465319298130065,0.7509418090562243,0.039508683840936636,0.1411419874431206,0.0281322045077018,0.08468136274160722,0.09120219200849533
954,0.08200560669847616,0.7349993742365303,0.03824212278237572,0.1377788729901121,0.028883004373234027,0.07968627572788158,0.08317727595567703
955,0.0828946811844893,0.7600750806465257,0.03816609880390375,0.14129595335284975,0.029471467176255865,0.0785388802943782,0.06565635651350021
956,0.08120672623892172,0.7560902886321548,0.03797150444252982,0.14055990218390482,0.028677991538603478,0.07523534014984001,0.06929720193147659
957,0.07973968141461109,0.6704031923094018,0.03451646500977145,0.1253574260525758,0.027903307489019723,0.08518098204128441,0.04091997817158699
958,0.0800766248972312,0.6690985293253302,0.03355727825836623,0.12434888555364679,0.02844865226551026,0.0865128728756234,0.0393349826335907
959,0.08395324948112276,0.7140814484929017,0.03760109337802315,0.13424114410872007,0.02979941530289071,0.08733594658792812,0.05203866958618164
960,0.08011913711348587,0.6898350011938498,0.03591687951203879,0.1293337540380118,0.02988413746844807,0.08101197199393378,0.05123524367809296
961,0.08257107543487474,0.7352063850695434,0.03860645926376402,0.13812073437887534,0.0288131354872611,0.08100332131303614,0.061995960772037506
962,0.08125860068691057,0.7102518660530139,0.03809387408081961,0.13411644436256168,0.028831647079982377,0.08088157187677801,0.06751123070716858
963,0.078919526116987,0.6685377294946672,0.036398612217943244,0.1267042004003324,0.027812066876980585,0.08182696295406537,0.08963815867900848
964,0.07918470161306178,0.6657804519165028,0.03709064108842,0.12690347120671755,0.02879340318407999,0.08152316434397205,0.08062811195850372
965,0.0838901339633036,0.7468831454654123,0.036569399001700115,0.13804279135365902,0.030474911141720646,0.08324487871562766,0.08188284933567047
966,0.08000168345520339,0.7014311455809543,0.03547440530638065,0.1306110824884626,0.029915258443933834,0.07954408118596243,0.09343792498111725
967,0.08138135160443256,0.7315983510605377,0.036215859629218514,0.1355562155479784,0.028438762839778562,0.0803031108229022,0.08602581918239594
968,0.08083729714435123,0.7389299325341523,0.03563067430739307,0.1361019969112158,0.028829334253718284,0.07798765237764854,0.07674065232276917
969,0.08069961125267187,0.6847869360268934,0.033985040222566265,0.12695673962318446,0.027970082505673226,0.08636296158209714,0.05181972682476044
970,0.0798952656514176,0.6762443365819722,0.03259048401016302,0.12454103437756434,0.028252884205119448,0.08601730178155009,0.048845019191503525
971,0.08485611141108117,0.7340777822656662,0.03709021196518133,0.13665986486525059,0.029615400083261325,0.08786344955052523,0.06253914535045624
972,0.08078190722947001,0.7038356568406543,0.03530014888800928,0.13080522145267287,0.03024380128600418,0.08123234998470012,0.048129502683877945
973,0.08273395814781308,0.7444540238677462,0.038063276641828715,0.1389762405312455,0.028994696272736147,0.08054381520300202,0.05687699466943741
974,0.08287449463605429,0.7318735639388367,0.0387124471676208,0.1377354638492231,0.028446934786815297,0.08249526144261571,0.07443465292453766
975,0.08077686045526188,0.6929025401628497,0.0357549213563756,0.12963315261444333,0.02810770704746565,0.08411311404779978,0.09813906252384186
976,0.07938828754157057,0.6745785361860237,0.03634463004722021,0.12752090235276356,0.028729915760054348,0.08159832489060337,0.09241779893636703
977,0.0834786530392165,0.7478504496955007,0.037794992488154606,0.1392314863749183,0.030095746525026897,0.08140496707039327,0.10102567076683044
978,0.08197030172934609,0.7473072909107055,0.03704200724809389,0.13850847634275268,0.030347717695450256,0.07766915997227418,0.08770069479942322
979,0.08263956774610572,0.773926309105881,0.03719886515840424,0.14244564286518663,0.02910849491263476,0.07714894074619698,0.06514822691679001
980,0.08203692132332006,0.753088364351999,0.03779882024339111,0.13998304083033508,0.02984143393210281,0.07700511822199699,0.06663519144058228
981,0.08187395360286089,0.6899877588483359,0.03525080567866977,0.1287846561314792,0.029100037624233837,0.08700426537161851,0.04727368801832199
982,0.08118928081024902,0.6688492065408358,0.03351781572605595,0.12427944298531021,0.029587475821075078,0.0886369682725977,0.042105820029973984
983,0.0844793745372599,0.7184464752480378,0.03782359692560786,0.13505543668595502,0.030384792376407548,0.08755807954789749,0.05285509675741196
984,0.08018172603079146,0.6868505927482104,0.03482017596291632,0.12796737836081548,0.030903957898034653,0.08148732735818268,0.046876292675733566
985,0.0826553275331222,0.7382797302997071,0.03864612716349287,0.1385937847543806,0.02923502749011513,0.08045194000215226,0.06052607297897339
986,0.08209259186674815,0.7045348147594541,0.03915751012614705,0.13421141078804807,0.030577543146384896,0.08156429294092858,0.06973539292812347
987,0.07916035867580402,0.6700470798242706,0.036218706913459506,0.12676561732928965,0.028418082507022824,0.08190524900168765,0.08072394877672195
988,0.08019425598745279,0.6706369650805857,0.03749599609769711,0.12794470595239546,0.030156685968142728,0.08219548603502425,0.07969118654727936
989,0.08401826921729004,0.753407383441344,0.03717363297768586,0.13949274018677987,0.030781999532672855,0.08205984309302643,0.08912788331508636
990,0.0804148686500393,0.7046806865826956,0.03588118779690027,0.13142397333772815,0.03148689730963799,0.0785938769711627,0.0907084196805954
991,0.08158992092183531,0.7382024190728218,0.035982343737880874,0.13629949735715816,0.029677146729616966,0.07914271895911884,0.08056705445051193
992,0.0814448527442566,0.750702638274296,0.034522853342694775,0.13683425119006637,0.030438135854725427,0.07761000638251281,0.07773082703351974
993,0.08115484310394944,0.6964323098357647,0.03276436598872637,0.12757407225258896,0.029478374371387193,0.08575492773988175,0.04895417019724846
994,0.08064604788351555,0.675902768063875,0.03290623821698019,0.12476288533796517,0.029905035103529137,0.08644220129336025,0.047324441373348236
995,0.08499567525403683,0.7365893252040611,0.03702249112047363,0.13696061027527182,0.030228735965006144,0.08744742898835807,0.06251908093690872
996,0.08067144962056004,0.701981508853049,0.03577444963643671,0.13094688666738133,0.03132084452828513,0.07986222166033195,0.05124079808592796
997,0.08275294365145541,0.7575621179388614,0.03874487009923074,0.1414330483620351,0.0290765049885272,0.07837473585976035,0.058373354375362396
998,0.08302341206525078,0.7325252692850104,0.038820509834643184,0.1379211897561242,0.02968387449498713,0.08165995195971722,0.06211384758353233
999,0.08087393957974673,0.7024683787707444,0.03546802458428791,0.13075378946806743,0.02834063876602964,0.08319570913946855,0.07815787941217422
1000,0.0793678269559082,0.6753461501007121,0.03472366781604859,0.12624116528528623,0.03019604735950215,0.08137896306455773,0.08927904814481735
1001,0.0831993069493717,0.7553130681755256,0.03529080802671498,0.1381511309051165,0.030463609971705687,0.08126019584355279,0.1048760861158371
1002,0.08113148306565507,0.7361852714813887,0.03531420840655245,0.13543864598867192,0.0314928115602014,0.07704655307528727,0.11374187469482422
1003,0.08223964232014128,0.7705171261627046,0.03515469209197098,0.14020646838779008,0.029342600130620018,0.0778035814267797,0.07529380917549133
1004,0.08212085694720145,0.7680524843051889,0.033732019759206804,0.1386349432657757,0.030609031011888062,0.07774387911184821,0.06451207399368286
1005,0.08075303844805082,0.695872412590704,0.03232475900190073,0.12711728094315833,0.029313647817802234,0.08519379306629926,0.03948386013507843
1006,0.08083752883495418,0.6770627920189523,0.03197212503234793,0.12412793460186282,0.030300798416353223,0.08717806290518496,0.03876345977187157
1007,0.08578921383666094,0.7540703992269242,0.03552571686114603,0.13817495719911435,0.030552055935217377,0.08828420155827735,0.05762346833944321
1008,0.08165653715346775,0.7118177589430512,0.03456938380855492,0.13131915168491154,0.03211320445441609,0.08155216555012468,0.052723728120326996
1009,0.08357801091083271,0.7567159027354946,0.037631029912049516,0.14035744031539882,0.030337971795052154,0.08048104440814538,0.06096949055790901
1010,0.08285348130643339,0.7264742495506191,0.03814127788554453,0.1364745595519838,0.030070147409811395,0.08212045500112103,0.06877671182155609
1011,0.0808852239569629,0.7102927510273023,0.034860933607108936,0.13135119323856512,0.02866787719962805,0.08241767924822896,0.08550264686346054
1012,0.08028335076765183,0.6924259248144943,0.03421855817568958,0.12824818198123308,0.030840292817379312,0.08157679916225669,0.0789107158780098
1013,0.0845051089927234,0.7710936585755731,0.03465765513556929,0.13986279848414127,0.03122682464407266,0.0826856294928022,0.08216731250286102
1014,0.08079247252578692,0.7282146495418241,0.0334886412384331,0.13273521385320325,0.03199959540021073,0.07803634134917681,0.09220803529024124
1015,0.08241163949949391,0.7537359750756396,0.03349168917655184,0.13638373001927867,0.030749500565817694,0.08039043186164894,0.07915553450584412
1016,0.08350149521642526,0.7869427511890021,0.03176915700585029,0.13965109903201484,0.03194330834094433,0.07948400539383021,0.08853748440742493
1017,0.08187977481346245,0.7156352164068216,0.03135418228810443,0.12910861573363544,0.03017849818102016,0.0857931560616981,0.04886963218450546
1018,0.08116726215551968,0.6929312871969527,0.03093730416367378,0.12550787316842793,0.0316316638096945,0.08571287607182201,0.04479428380727768
1019,0.08543860452406367,0.7543659119197468,0.034549377156529934,0.1373803106941323,0.031116453036551146,0.08752149417682702,0.06355814635753632
1020,0.08183636294537369,0.7237675770741058,0.03421677833779654,0.13272403530012641,0.032367634112464204,0.08059478736376084,0.05056971684098244
1021,0.08401104730138141,0.7772664538694469,0.0367309012548307,0.14252169448549015,0.03057195205974719,0.07957343935171621,0.05505921691656113
1022,0.08439202306388469,0.755421565589917,0.03790990501337124,0.14041157081002067,0.03131944125671644,0.0818134278672879,0.0729333907365799
1023,0.08143728662789672,0.7107450792095271,0.03508391118682546,0.13160693519006855,0.02960942726911852,0.08288822107492724,0.09267310798168182
1024,0.07999881700276085,0.691989131661793,0.033707462673860746,0.12774770110070824,0.03167152353512455,0.08050492520123867,0.10749560594558716
1025,0.08405228363893893,0.7628040252927357,0.03610609623890993,0.1399200861037422,0.031104259583834278,0.08149747753045265,0.11171606928110123
1026,0.08192344994744251,0.7551086796376443,0.034355939410420484,0.13732061658573816,0.03195444242514829,0.07717381072094126,0.1287362277507782
1027,0.08360772923251303,0.8014008435297908,0.03540681276708945,0.14483453144747532,0.02973009697028183,0.07717720552387333,0.0895920842885971
1028,0.08342954901467688,0.7953463189470502,0.03463218644785835,0.14330563394774293,0.030307689891591938,0.07751960143094343,0.07463802397251129
1029,0.08293861002418058,0.7210151418321538,0.03396968255532431,0.13211903388058568,0.030243937360681896,0.08601357773038751,0.046980421990156174
1030,0.08102635764371358,0.6825979769372932,0.03370401842968591,0.1264031553593441,0.029735529894334294,0.08620113392324374,0.045654796063899994
1031,0.08470544617581109,0.7412977818679024,0.036567462992791185,0.1372432228320928,0.029675869073524458,0.08688577156606542,0.066118523478508
1032,0.0810439305895572,0.7073519006653088,0.03724642517049553,0.13297577881261174,0.03011706933598825,0.08016456699125732,0.06213279068470001
1033,0.08401702833730187,0.7673845619033984,0.038775221554214374,0.1428622701755264,0.029347895007794257,0.0803629333921746,0.0656638815999031
1034,0.08225176081527798,0.7221337276909596,0.03892807962221815,0.1365288864891812,0.029428895484616246,0.08097928301494169,0.07373091578483582
1035,0.08124531226571007,0.7147905302521557,0.036029749420323026,0.132995575253442,0.029323847969963502,0.08139511341022289,0.09665834158658981
1036,0.07973114844087802,0.6870336458801054,0.03517360428108954,0.12829646736666322,0.02960042594011743,0.08110087656898145,0.10052747279405594
1037,0.0838400773031422,0.7550869050621798,0.03582836181414555,0.13857958227815045,0.029530105300225366,0.0834642359525622,0.09422419965267181
1038,0.08054206247801146,0.7255364110268918,0.034368755724224744,0.13310699219603433,0.030217381083901977,0.07858184519458727,0.1071440652012825
1039,0.0836069188724315,0.7686959872029173,0.03555645093003847,0.1402906703975926,0.02899130324114369,0.08179729996529238,0.09597787261009216
1040,0.08353244909223866,0.7900801659520477,0.03364246538385037,0.14170499403644995,0.030240466233883854,0.07926195726711419,0.09277141094207764
1041,0.08303586837481353,0.7176533731188347,0.03297843255861468,0.13078913835293185,0.03003391054630686,0.08762847024390334,0.05781859531998634
1042,0.08044378643477149,0.6808988709122349,0.03183979978278665,0.12456252422985067,0.029872023548048982,0.08609018338995937,0.05347257852554321
1043,0.08586279009158235,0.7616253560387176,0.03575517338812166,0.13945091376677826,0.029327580496543222,0.08844149027144518,0.07179917395114899
1044,0.0818962156948852,0.7375002378718511,0.03641744891918611,0.1365721330552811,0.029441811017619106,0.07995239209714661,0.06477386504411697
1045,0.08407741322034286,0.7861586072876685,0.03754575654807032,0.14449044951087003,0.028296317852142712,0.0800244649133067,0.06851808726787567
1046,0.0837162316471166,0.7597367939978585,0.038489443871185615,0.1415247796035675,0.02883150077640681,0.08115789169709317,0.07895352691411972
1047,0.08167364109369459,0.716256583523363,0.035555141153483516,0.13279820434918058,0.029908266422289116,0.08223435108262411,0.08669011294841766
1048,0.07878415850758248,0.6809865417535341,0.03475220908381312,0.12707139946520182,0.029672648579976386,0.07950539385632086,0.08958231657743454
1049,0.08350112551853077,0.7628266827226455,0.03729058286874986,0.1409385971335921,0.02881511118326388,0.08109360039871062,0.1034715548157692
1050,0.08173633993360702,0.7721618887277346,0.036296312606106336,0.14141996633776754,0.0292723046801528,0.07541919767673902,0.10104335099458694
1051,0.08336077054893565,0.8108995115667215,0.03602506070868416,0.1467214108312609,0.027404835123905395,0.0768816537988025,0.07493885606527328
1052,0.08201577885801768,0.7887426226284574,0.03459222671014508,0.14232799755561826,0.029578913155396284,0.0751248449874109,0.0832146555185318
1053,0.08156987114656537,0.7079987909110934,0.032586728792682776,0.12907416623816997,0.029029845448527956,0.0859761354271941,0.056685999035835266
1054,0.08038210826349751,0.6826362863655668,0.032962454152635996,0.1257730016116261,0.029015861793566872,0.0856105422450743,0.057539202272892
1055,0.08383704004488067,0.7293828128387626,0.03516154874629194,0.13433601504521633,0.02901803764320673,0.08761706402105167,0.07135453075170517
1056,0.08088338871650333,0.7093206449368322,0.03608951349327601,0.13226538941378405,0.029331617068344678,0.08103193829852154,0.06054236739873886
1057,0.0839852611260486,0.766090263244741,0.03739481522094524,0.14149416493863035,0.02946498214702268,0.08137021439668721,0.06646744161844254
1058,0.08190982659591421,0.7220409879599063,0.037685413422354104,0.13545049549914728,0.02979109302972802,0.0806656331759982,0.06758032739162445
1059,0.0807320629006666,0.697408114804688,0.03576747158949761,0.13028756347738196,0.03016245302190104,0.08161940853996053,0.09318769723176956
1060,0.08007240065352206,0.6882071397877743,0.0350197294027387,0.12833221660060093,0.03016307581475574,0.08151572093374856,0.09433013200759888
1061,0.08407377143929734,0.7554119191282883,0.036299096749151286,0.13902949994617084,0.028920026076286347,0.08424703618841765,0.10069897025823593
1062,0.07990073566880042,0.7285494543209594,0.03404747784122567,0.13326204590975904,0.028668959849969016,0.07803739304943907,0.10363195091485977
1063,0.08311335195670054,0.7793207178481455,0.035295498820558296,0.1415848158244993,0.02769723216297853,0.08043992589188334,0.08762984722852707
1064,0.08361654510755706,0.785850389004155,0.03436243527736077,0.14171785723833139,0.03077994495264174,0.07900992212868044,0.09450587630271912
1065,0.0831190148918154,0.7306136808388018,0.03279591836269755,0.13248417014499816,0.029175046866768733,0.08712547606719628,0.05746302381157875
1066,0.08054538132781434,0.6836728384311113,0.032569498582938484,0.12558426141839177,0.029669402116938633,0.08565284305807536,0.056857358664274216
1067,0.08626307737757034,0.7582911849881986,0.03516846855660977,0.13847171376112247,0.030085061059751294,0.08973628482005393,0.08773753046989441
1068,0.08225946865169126,0.7293794389804786,0.036078051954001995,0.13512110724349866,0.029799884303759544,0.0819076711883,0.07520576566457748
1069,0.08507514037540037,0.7858372006810697,0.03772728967419808,0.14460013410375114,0.02960631829006358,0.08152599018776316,0.07639244198799133
1070,0.08302010273119023,0.7432463292488973,0.03752509558623542,0.1383424146809014,0.030020879194397037,0.080987400369887,0.08202166855335236
1071,0.08139693773882078,0.7107923816807562,0.035516821102627036,0.13198475832807405,0.03075318979141939,0.0814458741772004,0.10033756494522095
1072,0.07923662982317485,0.681168801010509,0.03477834320232911,0.12711983717492623,0.03007915148675072,0.08035161693476352,0.09441119432449341
1073,0.08403202313404551,0.7555959491516533,0.037109734939582056,0.1397506226841637,0.029713905845393924,0.08280660115526224,0.10501246154308319
1074,0.08063411806441277,0.7429065767671015,0.03589121854752231,0.13689341257889073,0.02880529897622833,0.07675745206640594,0.09898006170988083
1075,0.0827737957329031,0.779052632864943,0.03634080550556135,0.14244249512833015,0.027623089641030447,0.078820551592293,0.0857015997171402
1076,0.08333026893511158,0.7698718417044956,0.035968695278351066,0.14081200191065743,0.03169592608656991,0.0782138025739829,0.08352209627628326
1077,0.08325558229308282,0.7056899676063626,0.03499031539697719,0.1308045514268894,0.030229453122262277,0.08804809732547006,0.052780766040086746
1078,0.08047049133976251,0.6664671861121885,0.034572119015400714,0.12484284288637038,0.02934845142431972,0.08637646866249307,0.042630791664123535
1079,0.0856375760012633,0.743815851365775,0.03700749505348033,0.13798011738380814,0.030041281038070747,0.08848461038433002,0.06008047237992287
1080,0.08188242233702749,0.7061606323259191,0.03758275067843403,0.13309387662807476,0.030088125030121,0.0823924099759043,0.056831203401088715
1081,0.08336267506482044,0.7554796575078622,0.03820453994960813,0.1406724138865016,0.02836566229818915,0.08133903976665185,0.057846587151288986
1082,0.08196077436973734,0.7183577555699274,0.03777743502968651,0.13500319510686376,0.029802823624781934,0.08118686312658766,0.06915520876646042
1083,0.0795142803974615,0.6914677193526838,0.03506187107557789,0.12883413511516445,0.029895112750454478,0.07977617921060254,0.08854300528764725
1084,0.07956952822702844,0.67775454756762,0.03498964563033032,0.12681320304994312,0.030272944792517208,0.08136582326217542,0.09388131648302078
1085,0.08427557642437926,0.7485880804966856,0.036689705946209884,0.138389473739135,0.03077208194213418,0.08374147394593244,0.09429297596216202
1086,0.08003581375642317,0.7219707318168178,0.03573095795304609,0.13376521136215636,0.029628522124772527,0.07712897102910096,0.09985004365444183
1087,0.08210501600022194,0.7599449737963694,0.03674434640365117,0.14005872174546805,0.027351112514044786,0.07930518902353659,0.0904892161488533
1088,0.08320457932122648,0.769474627084292,0.036820203866279606,0.14148512146885284,0.03068094019574333,0.0781672891768512,0.08943971246480942
1089,0.0829008193612685,0.6994925720467969,0.03569483376668126,0.13052308209241206,0.02983275871642165,0.08766589253575888,0.05150632560253143
1090,0.08136238850480516,0.6813919223387951,0.03546997083163884,0.12774453533266114,0.028811622223052575,0.08675993052696468,0.0446416400372982
1091,0.08666040983928715,0.7543733107003229,0.03842571670234344,0.14070394441634052,0.02927311668505408,0.08958619859431939,0.04688868671655655
1092,0.08383378400931615,0.733367105545687,0.03875400052278924,0.13798444409748892,0.030786249717955978,0.08286854893710513,0.04511144012212753
1093,0.08571954515414124,0.7819800923995297,0.03916472988779421,0.14528121024661353,0.029170899019929728,0.083083153565663,0.058902572840452194
1094,0.08525096229127634,0.7538562321802929,0.03979009203617908,0.14179954062819536,0.03080486772943834,0.08341128898808046,0.06981508433818817
1095,0.08247607899056061,0.7190011890715522,0.036890632722599744,0.13433499791530726,0.0307609263217844,0.08235028351658646,0.09008762985467911
1096,0.08102759588880223,0.7016107516724862,0.03583087257292593,0.1309422838728631,0.03063127597832476,0.08144902382441674,0.10146443545818329
1097,0.08700613608473172,0.7816537353515768,0.03956458046172245,0.14557731687455874,0.03192028300093817,0.08395647434195243,0.12570887804031372
1098,0.08289093324820022,0.7709113441916386,0.03827504861396656,0.14293737655363398,0.030371357441038284,0.07630492418721235,0.14675582945346832
1099,0.08612462228291588,0.80796998448284,0.03943064842653358,0.1492219821488631,0.031199696814061244,0.07897374218545991,0.1193930134177208
1100,0.086506944676149,0.7973956944648617,0.03880040588417994,0.1471711613957059,0.03368501258734962,0.07964494562423616,0.08885673433542252
1101,0.08420600693261032,0.7005954628180754,0.0376674961110073,0.13237149135487417,0.031795143782184586,0.08792071331975197,0.05860783904790878
1102,0.0837285961458245,0.6986510982977592,0.03773034004561362,0.13214759122449155,0.03197457095680004,0.08664674749238721,0.05145224183797836
1103,0.08782948051730194,0.7559764651693559,0.040283645838753566,0.14252547717169678,0.031492488098611805,0.08926535181106032,0.07494480162858963
1104,0.0831315763722751,0.7216649113649533,0.03913882831044204,0.1366425544610865,0.03193210722954343,0.08110900604445533,0.07641056925058365
1105,0.08556805295126334,0.7662243039588821,0.040325902259807145,0.14402567393110358,0.031249163457128065,0.08194666290127152,0.0765581727027893
1106,0.0833159401105432,0.7082626005341813,0.03959835465922513,0.13512181835564743,0.03297224648905011,0.08203652856488344,0.07761924713850021
1107,0.0802341007576663,0.6802304220295567,0.03855383106265453,0.13022191548649772,0.030792276529104396,0.07975635906993048,0.10038626939058304
1108,0.08176190064237114,0.6872676938900107,0.03613555469515214,0.12915443172298907,0.03244234435842858,0.0834480476952802,0.09694685786962509
1109,0.08657963126428639,0.7525998623059932,0.03821442464453113,0.14026948716759713,0.033349744224047136,0.0861771585090988,0.10149840265512466
1110,0.08397492486393608,0.7517005000728914,0.0383564180921433,0.1402627155179645,0.03246311763152841,0.07979593937001794,0.11745613068342209
1111,0.08689442804950892,0.7882053030226795,0.04105462430636589,0.14779043555155355,0.031815696013647185,0.0818043120165989,0.10788724571466446
1112,0.08837032187131225,0.7964130445030351,0.04130614415898199,0.1491785584938467,0.033779010060574155,0.08293051266099045,0.10551725327968597
1113,0.08603913855694804,0.7180680914563767,0.038024715499979565,0.13517376920803634,0.03276173412269771,0.08966406561721485,0.07350515574216843
1114,0.08538404636847224,0.7023256461805067,0.037491680524002174,0.13246796133207425,0.0325119107412036,0.09044873944918053,0.06383579224348068
1115,0.08977482062110984,0.774366680900996,0.038909874502603935,0.1439751325595171,0.032726007838898376,0.09226725885943851,0.07099305093288422
1116,0.08668834704296396,0.753439085811834,0.042131901789283055,0.14374721379250463,0.03350538158601303,0.08329693341194797,0.06109810620546341
1117,0.08797753253543295,0.760082778084542,0.04210803433868601,0.14467585487380832,0.03428721085575326,0.08534553195907423,0.075941301882267
1118,0.08788672849977651,0.7709459611664582,0.04267667106795484,0.1467151410820268,0.03384883217944298,0.08369502677059935,0.06375200301408768
1119,0.08443432842121144,0.7156689378490932,0.03915424306802557,0.13579919946532096,0.032970907775838776,0.0845205593223167,0.10380231589078903
1120,0.08327063149021284,0.6967316214982417,0.03757060396270076,0.1317364636106352,0.03489118325442561,0.08319504559115712,0.10980449616909027
1121,0.08727181289804112,0.7751933229836397,0.03930301483371529,0.1444302017122759,0.03455599571044458,0.08338456272473266,0.11822428554296494
1122,0.08557671190035786,0.789323679005379,0.03986612045710166,0.14693148596399844,0.03387001324350536,0.0771346459194183,0.12249565124511719
1123,0.08781809349355779,0.8138458028211727,0.042539530538548885,0.152726140864638,0.03217221941505254,0.07971369186255473,0.09713872522115707
1124,0.08814883321789098,0.8123929383192646,0.0411127837458795,0.1512956629706488,0.033273493191074206,0.08091127970769255,0.09339866042137146
1125,0.08582406765410192,0.7221594229215871,0.03778589384939112,0.13555354085970484,0.03354373385167438,0.0880560706763235,0.054508358240127563
1126,0.08506890015015987,0.701160578777726,0.03791987472718317,0.13266854673440356,0.0330887327514222,0.08890185586284208,0.06186575070023537
1127,0.08888507986373285,0.7560962059215446,0.03962451121561617,0.14197761045932022,0.03366739680814598,0.09074458826623238,0.0749758630990982
1128,0.08640381670232786,0.7358145098549375,0.04283824572145239,0.14183485488337882,0.03417986552828335,0.08359761557119719,0.08603005111217499
1129,0.08754735263373686,0.7484853198485462,0.04357525874616661,0.14427669604650653,0.03452854124321697,0.08430063711426825,0.08402883261442184
1130,0.08597959509217322,0.7250449945108313,0.04273476004160794,0.14020765068006844,0.03440478380241581,0.08365800633130269,0.0872410386800766
1131,0.0829558879926122,0.6972889988995611,0.038928301321568486,0.132979829546996,0.03422414929992863,0.08182521048862451,0.11180850863456726
1132,0.0840142950025428,0.6974503236525107,0.03846087148647833,0.13260222179591152,0.03542471986554507,0.08401573730321818,0.12150923907756805
1133,0.08833892237503772,0.7677540367846356,0.03977627478928231,0.1437730979314756,0.03588635279326559,0.08573001714720523,0.11385907977819443
1134,0.08610392718252821,0.7673615302753849,0.03998241709236217,0.14389371897565115,0.03461564095953572,0.08059010980866406,0.11657614260911942
1135,0.08760292527863299,0.7911054736412182,0.041883409725912556,0.14891513314238478,0.0329540146399957,0.08177254020665779,0.10564237833023071
1136,0.08809649668068051,0.78704923327206,0.040629933297344545,0.14726126186516103,0.0335584266909375,0.08404813838528516,0.10805565118789673
1137,0.08530648678825949,0.696569292215355,0.03788847738613874,0.13198573664745536,0.03309174092132428,0.09015004579503139,0.06577292829751968
1138,0.08427582212946988,0.6916691499483112,0.03720062714740849,0.1306961304046803,0.03217423329366218,0.0892469426199925,0.062218014150857925
1139,0.08845645750450037,0.7627909411737483,0.03871616710294196,0.14215542054162858,0.03256045083404123,0.09037887068366496,0.0781172439455986
1140,0.08728840930606295,0.7634096559380379,0.043016655310780104,0.14592994111467408,0.033231987897162606,0.083276437706316,0.07145769894123077
1141,0.08748679366230827,0.760828224805272,0.04279225348323962,0.14536882081495855,0.032026938578011546,0.08536739310249891,0.06566815078258514
1142,0.08743657664700809,0.7664625100396469,0.04351596452375431,0.14679404245459612,0.031788529349530796,0.08419083545066124,0.07182703167200089
1143,0.08543063334967316,0.7329337791630862,0.03873971203588955,0.1379102930540605,0.03185718791164472,0.0863876958666091,0.11722090095281601
1144,0.0840777590718038,0.7037432073895415,0.03794845655705359,0.13306199239026614,0.03458036118766722,0.08452677806676871,0.09247981011867523
1145,0.08711160949243642,0.7684098191287323,0.03857802406362056,0.14283970907292223,0.03435247637081265,0.0845137638409321,0.12862683832645416
1146,0.08603800353224286,0.7919843307987771,0.04058357900819101,0.14792654354970328,0.0328933193516046,0.07838712967502343,0.11476873606443405
1147,0.08733152978416094,0.8107447836278949,0.04046012852690791,0.15050079354133464,0.031888540005545064,0.08057104005292284,0.10958660393953323
1148,0.0877499430049118,0.796159174433384,0.04027348722613026,0.1482571568271665,0.033073270707016086,0.08264821917109774,0.0958305224776268
1149,0.08423331282155293,0.6958312802291469,0.03642093042918671,0.13062240897203817,0.03187938700334466,0.08945253878081057,0.04732422158122063
1150,0.08534734284883704,0.7046866589588885,0.03712126655251204,0.13248775118199438,0.03278512345666806,0.09009142752547222,0.0500326044857502
1151,0.08833587742439558,0.7637158104201582,0.0379828621707113,0.141658997634918,0.032853754599536746,0.09022500471193992,0.06555956602096558
1152,0.08634348565641747,0.7524078637443461,0.04110212508401812,0.14271723060692212,0.03245646395950121,0.08416760280952763,0.06125115230679512
1153,0.08698982966466753,0.7586190715410565,0.04206387239672064,0.14442890084591145,0.03131837023773056,0.08544316937964898,0.06667695194482803
1154,0.08559364033369068,0.7373417165227665,0.0428064410196232,0.1420257660915008,0.03144532905795181,0.08359530266187837,0.07431738078594208
1155,0.08268352364348851,0.7138832076017224,0.038132120908931935,0.13466799043647343,0.030919132175200092,0.08249095773437906,0.10385508835315704
1156,0.08457008615955706,0.7163403190329749,0.0390935004396119,0.13584304595294946,0.03233705753743164,0.08541014638469843,0.10954537242650986
1157,0.08872706155640324,0.7776547014982338,0.040328466962755126,0.14566078618210923,0.033424339225607926,0.08729993454835638,0.11336935311555862
1158,0.08881364928610155,0.7960802640714503,0.04018488092597979,0.14816993566104703,0.0332735007896151,0.0854745286424499,0.14043204486370087
1159,0.09267051922147784,0.8588451963319288,0.04095219268835928,0.15779405035172633,0.03377046351960904,0.08722497822164565,0.14668521285057068
1160,0.0932923479971465,0.8553104380789931,0.04148815435327841,0.15774848059980906,0.035564697712392776,0.08740492596897623,0.15009096264839172
1161,0.09142341870669995,0.7373692323820484,0.03973385427779468,0.13939605114983092,0.03700355932164728,0.09706474228088144,0.08950411528348923
1162,0.09197585301570985,0.7534276067839639,0.03970366113066522,0.14166422479542215,0.037943189616320934,0.09577710818292687,0.07685968279838562
1163,0.09477209222241863,0.8146682010227699,0.041901396643359255,0.1522966544118465,0.03653014266254799,0.09539980617155604,0.09126421064138412
1164,0.09239685055730673,0.80665463114584,0.042224279901590424,0.15142861579362607,0.037558890842750735,0.08872727072576386,0.07332775741815567
1165,0.09151366389927462,0.7984025212812819,0.04307674304883282,0.1509804256534684,0.035981504459500366,0.08807088687415751,0.06347600370645523
1166,0.09147430025519541,0.7996834635080035,0.04283738513583526,0.15095825347471642,0.0369015233397521,0.08717702098912739,0.07773739099502563
1167,0.08939338129236502,0.7585340845467134,0.03925051050644138,0.14200530679790882,0.03580500683494695,0.09024777412525498,0.10481946170330048
1168,0.08736604828407213,0.7161155862875881,0.0377094970649992,0.13462465266822618,0.03749465350408535,0.08965223988042575,0.12013266235589981
1169,0.09062998900815843,0.7859771362113253,0.03969283578572593,0.14630487870366868,0.035949124600164244,0.08976021688158191,0.17143960297107697
1170,0.08904731496591317,0.802252023247636,0.04144536447342989,0.15013203001260217,0.034422867940873,0.0833945804469704,0.1435490995645523
1171,0.09109114865267719,0.8473225947719775,0.04118194483569756,0.15634489482659467,0.03366238827884182,0.08424428607760531,0.14288567006587982
1172,0.08975852106765546,0.8073728983854458,0.04154861637433415,0.15095208523306436,0.03440794687523309,0.08464590484129221,0.09092491120100021
1173,0.08804959898420388,0.7069700295152241,0.036599395115399606,0.13236662860108883,0.0368724955965676,0.0940521635336113,0.05780129134654999
1174,0.09055686079707898,0.7326212821855848,0.037940152032934056,0.13718031348331275,0.03789264259559555,0.09584253062292239,0.061167024075984955
1175,0.09379681482933594,0.7982497246534288,0.04033997841728381,0.14861279930816168,0.03768573473552385,0.09493002349244899,0.07703781127929688
1176,0.09087033087060639,0.7843543016110126,0.03929745339967976,0.14573414600129872,0.03826345619857322,0.08889550796927964,0.07667713612318039
1177,0.09074206732287295,0.7878277592025631,0.041455198111342594,0.14807984969580268,0.03639509362690225,0.08812510973053381,0.08062636107206345
1178,0.0898096517422525,0.7740064844184072,0.04097595320965377,0.14569460052519,0.03598543841548261,0.08800650821810585,0.07577752321958542
1179,0.0880228997597873,0.7385539119231992,0.03777368383809064,0.13788514499310617,0.036660986321314946,0.08933510943929662,0.12004763633012772
1180,0.08951982708649714,0.7358946498058161,0.03811664984131067,0.13779922126481145,0.03866016732345536,0.09177755947313368,0.12827849388122559
1181,0.0921873228440409,0.7968610560638382,0.04019886433438135,0.1482934631528752,0.03599817617450169,0.0922599534096577,0.1262800544500351
1182,0.09041846826426995,0.8083765074601544,0.03891626743388454,0.1488391588662088,0.034852861907786366,0.08792026954949662,0.14473523199558258
1183,0.09314860030241566,0.865557948224507,0.03975548963775164,0.15772726943585955,0.033518522869628066,0.08881858256434137,0.1512303501367569
1184,0.09286092453810654,0.8705116119965661,0.03935766519898875,0.1580939433129284,0.03332296770606102,0.08787774533817726,0.16662758588790894
1185,0.09094209710172367,0.7603501009281648,0.036041160211298794,0.13951386602799393,0.035709334001925615,0.09677046700356054,0.10651236772537231
1186,0.09264404653825159,0.7627359322354799,0.037669727772844615,0.14125061412464965,0.03539761526941625,0.10020392726038421,0.08582346141338348
1187,0.09640438498493738,0.8233616032159128,0.04157247187346171,0.15325663349381186,0.03594045792524686,0.09956460371690143,0.12038025259971619
1188,0.09379176006862512,0.8199759658776458,0.0411977704404999,0.15245179836009218,0.03701611929767485,0.09214291223817295,0.09133052825927734
1189,0.09190102087987784,0.8003483925595983,0.042561088043596255,0.15081641726016798,0.035500840898802774,0.08970020653056467,0.08947927504777908
1190,0.09171668654966549,0.8052285177592738,0.041986122909463,0.15102075074515026,0.034754721091496556,0.0896673501545141,0.08255065977573395
1191,0.08994063342441606,0.7617883812306814,0.03878111566134514,0.14206786788553605,0.03637921244097727,0.09119554663144502,0.13018330931663513
1192,0.08983448997017773,0.7360469396695419,0.03945334717015398,0.13896671752720938,0.0372188779919001,0.09288245133876796,0.11933358758687973
1193,0.09191360798760831,0.7946867501378709,0.04225512252799477,0.14974535504369135,0.03558117837638417,0.09060170522335678,0.1498379111289978
1194,0.09096612671628913,0.8187465999120875,0.04052850948701845,0.1517025224048855,0.03499672945651219,0.08679500309107219,0.15761518478393555
1195,0.09049403965864979,0.8287306678010176,0.0407671805210823,0.15333339298964452,0.03291383622360796,0.08589228349969104,0.12249510735273361
1196,0.09059163425746602,0.8331661982093069,0.03968064679996599,0.153035725572729,0.03293849939329218,0.08639954736276304,0.11577603220939636
1197,0.08714354030364352,0.68872667508171,0.03715843581058716,0.130239612849319,0.03600092770367243,0.09418426285115214,0.06123983860015869
1198,0.09130464563240795,0.736511280816656,0.039327350449473886,0.13892505478764275,0.035231177225543545,0.09870107247758386,0.06826640665531158
1199,0.0940830875995875,0.793328371991926,0.04086199498096257,0.14835719169681447,0.03547016497674036,0.09787955380950518,0.08755446970462799
1200,0.0916657699820432,0.7881665977227943,0.041599475710958164,0.14825192171264903,0.03563516672984503,0.0911796650634365,0.08973433822393417
1201,0.09104089924380973,0.7903099370116489,0.04327893423769875,0.14999764891969164,0.03464317117687144,0.08880175533598408,0.08658526092767715
1202,0.09055426422404322,0.781684338529598,0.0417655556107871,0.1474682388849029,0.0344726796639055,0.0898259228859115,0.10257866233587265
1203,0.08819196806425564,0.7429152311875752,0.03900136913859718,0.1395604922884512,0.035358152938149874,0.08947409760342706,0.1220242902636528
1204,0.0897233530136637,0.7283442698280307,0.04040212817758681,0.13867957698479308,0.03595874998581226,0.0939306846882955,0.14520475268363953
1205,0.09158882946874125,0.7805765013893998,0.04182853675010493,0.14736396027000423,0.03505461613046814,0.09225302668862512,0.13656112551689148
1206,0.0902108416088915,0.8018278168031425,0.04068756438246942,0.14942188615685126,0.033041607763613805,0.08842425724404467,0.1472107321023941
1207,0.09247411892038905,0.8619906253463538,0.042506413582864076,0.159575586691934,0.032978856940089014,0.08581868885304977,0.1444137990474701
1208,0.09222720530918407,0.8709972616397355,0.039824121871209,0.15856314183814132,0.032987203749597564,0.08601826221098464,0.13869835436344147
1209,0.09042355594374722,0.7505250917203969,0.037295238124551496,0.13918521720967228,0.03595110141721928,0.09542050004677474,0.08726267516613007
1210,0.09168710594768563,0.7390843325566281,0.03964243474199833,0.139562705858374,0.03584782302065347,0.09865532858698646,0.09199659526348114
1211,0.09352714455426904,0.796038578040187,0.03978863723094542,0.14782434306083705,0.03619670570733704,0.09618122985208752,0.12848900258541107
1212,0.09244934449313774,0.8045718006740961,0.04262651640944165,0.1514758427329637,0.03544639972919985,0.09067873520173564,0.10285241156816483
1213,0.09042673646847094,0.7907707900482019,0.04217837911289913,0.14912015210365667,0.035373974174954824,0.08724116479451,0.08426842093467712
1214,0.09181709264039081,0.8009980928415903,0.04132458516422952,0.14984937197528111,0.03689237733064808,0.08909797411838666,0.12320127338171005
1215,0.08995755291199113,0.754193118111614,0.03918945659901656,0.14133283681510192,0.03786322497566858,0.0905867164410514,0.12373463809490204
1216,0.0900175119676145,0.7256009273170775,0.04001850443573843,0.137958850561644,0.03913582429065284,0.0925903174151801,0.11452552676200867
1217,0.09244198957655475,0.7902117219627866,0.042791721279360005,0.1495660070912781,0.037029374506571004,0.09094451243740759,0.1308043748140335
1218,0.09118864073264547,0.8006655200991007,0.04185579616024839,0.15025718529437015,0.03492478617873579,0.08873453697580733,0.12941835820674896
1219,0.0913532775601857,0.8382045230945014,0.04242040482195506,0.1561038502894617,0.03356800393526906,0.08525864084387122,0.1092478558421135
1220,0.09245499638174753,0.8571370044888446,0.042782085893731024,0.1591185028358901,0.03417565889545292,0.0851188485348805,0.11736598610877991
1221,0.08845793428303587,0.7115751401529529,0.03689624709957856,0.13327894610720348,0.03595242474279466,0.0951818697846003,0.06600376963615417
1222,0.09066159971970515,0.7156385642299316,0.040191278901001735,0.136683748233706,0.03691574877977878,0.09741983934238999,0.06308037042617798
1223,0.09191357203083629,0.7716367135108344,0.03840124679001575,0.14314917060727556,0.03597217206280088,0.09603114824848288,0.08435414731502533
1224,0.08955744157847854,0.7654217071367231,0.038758737631545526,0.1425677332751423,0.034929430777608475,0.09097294579465906,0.0844774916768074
1225,0.0892948838456396,0.7869708657854901,0.03792552953369067,0.14493200614109059,0.035269750702305945,0.08788439333753698,0.0787416398525238
1226,0.08920659237006073,0.7805853720695732,0.037943066729304496,0.14403482463505715,0.034141641199585314,0.08941372141235482,0.09803697466850281
1227,0.08858889623670503,0.7485517620553578,0.03717874000116613,0.13880345743747924,0.036325994292552996,0.09038119438716063,0.12399803102016449
1228,0.08980290991011651,0.7373665281410877,0.03964560579380783,0.13932002327199067,0.03782866683324753,0.09195289841073695,0.12789906561374664
1229,0.09146652649196003,0.79410786243948,0.04068354610548098,0.14831559129605226,0.036854818989736256,0.08950883885282512,0.12562455236911774
1230,0.09171607738568763,0.8284932682783468,0.03887698452912798,0.15167931077901642,0.03467560870444327,0.0891586582626138,0.14436358213424683
1231,0.09183108658700266,0.858355395938474,0.03993649564069358,0.15685348139751934,0.033408922118893396,0.08605588503739611,0.1322202980518341
1232,0.09195000979613784,0.8398628535829189,0.0404093945090531,0.15461703151960537,0.035797370292427,0.08624992535385072,0.12842877209186554
1233,0.09005525205299804,0.7113853968394378,0.03769871932531807,0.1339396732559066,0.03736314913645723,0.09776197355242625,0.08399075269699097
1234,0.09282915886828222,0.735558218069752,0.03961785920303487,0.13903791046970873,0.038880565873235344,0.09960152008770003,0.07450659573078156
1235,0.093901203806869,0.7894489257560348,0.038157269328772746,0.1454846488183816,0.03837882507354331,0.0973477708134555,0.10250509530305862
1236,0.09324751917142189,0.8005019377445212,0.038139128851919786,0.14704810155086284,0.03840951157911302,0.0941552662326813,0.09047555923461914
1237,0.08972098703346366,0.7915702580079749,0.037086091700370284,0.14486954403002805,0.03664294652342555,0.08790928510775319,0.07983621954917908
1238,0.09268613968931282,0.8200624602138622,0.03810980720202673,0.14981732906086037,0.035927483255025594,0.09236017336921,0.14059092104434967
1239,0.09063848664018025,0.7708387338058211,0.036815160792747485,0.14167567122318656,0.03703566058228237,0.09288342293071035,0.12710288166999817
1240,0.09125857655721878,0.7354952093013458,0.038201155013471946,0.13781459134031104,0.03786403116713537,0.09724229083833606,0.12485731393098831
1241,0.09351240725614957,0.8076874951319507,0.03892241964717557,0.1487460018592863,0.03862293224439696,0.09321130261368846,0.11714419722557068
1242,0.09266812276112203,0.8279756289397227,0.039080748841706064,0.15178001742713704,0.03501462407835575,0.0913920262757794,0.11858289688825607
1243,0.09183762083313424,0.8364950286727613,0.03770608430910733,0.15181879064677214,0.034840018581217054,0.08922699921662856,0.09860413521528244
1244,0.09110038443595965,0.818443097374342,0.03924834558630689,0.15056188155602618,0.03494469505427792,0.08820780266487298,0.10471464693546295
1245,0.08821804752195897,0.6899073562683887,0.03859195436355284,0.13163701177852938,0.03554305026691918,0.09631707639561968,0.07767054438591003
1246,0.09350629238471075,0.7407070784452849,0.041555506913905534,0.14143430284695974,0.036539640282334925,0.10141510381982176,0.07393772155046463
1247,0.0936308079083401,0.788051398838302,0.04070062161880851,0.14746501836445045,0.035409979106366736,0.09746909896097021,0.06894143670797348
1248,0.09275916624199225,0.7762444066444321,0.04140530443020199,0.14638231903223486,0.03649702571847401,0.09506828050860844,0.06786669045686722
1249,0.09075918178309367,0.7838767261921833,0.04061979173652012,0.14679935380161485,0.03401706456174292,0.09137338383556956,0.06768763810396194
1250,0.0932510249506515,0.8037881780955489,0.042323527283657826,0.15110419168535655,0.03602833514874732,0.09269935763445075,0.08928307145833969
1251,0.09154643444001714,0.7658289898677222,0.04132135639574062,0.14482244689173798,0.03597745106806359,0.0935527839952208,0.10217105597257614
1252,0.09249684767291882,0.7563829815521314,0.04117768701694522,0.14334987195054325,0.03716693118035174,0.09641412836099363,0.10148362070322037
1253,0.09389742748321273,0.804650130815632,0.042053705571907164,0.15099605203529645,0.037214902566168044,0.09353334030255357,0.09369102120399475
1254,0.09174325059178198,0.8370353653877972,0.039261498185363626,0.153229193499997,0.03304799082185605,0.089301402845779,0.1004474088549614
1255,0.09281508677645595,0.8758380895457707,0.03766836936118516,0.157406900816126,0.03198995113850306,0.08951924317495344,0.10194569826126099
1256,0.0930312019459444,0.86633273730027,0.03846591255835246,0.15673260180719786,0.03459128221116497,0.08842740683527964,0.10098700225353241
1257,0.09001547730173849,0.7419432818505165,0.037599552784308175,0.13822008550805223,0.035022017395266176,0.09595572253937729,0.07406099885702133
1258,0.09343812415838042,0.7618050818155632,0.040731006027219206,0.14374158828269692,0.03601906581589292,0.09966426909928006,0.07320837676525116
1259,0.09453174169400452,0.8186853384234964,0.04026279861257167,0.15146601858556089,0.035230338799443,0.09660297694663397,0.09812476485967636
1260,0.09343506312844042,0.8113985255206335,0.040595168216658435,0.15070993354579776,0.035958722161660454,0.09361134985918526,0.07517129927873611
1261,0.08981474082779926,0.7793684584996312,0.03837223122908412,0.14422883512487658,0.03616069762848428,0.08914969611725729,0.06516505777835846
1262,0.0925377300505573,0.8174203512829823,0.03885561319981389,0.1500791472116951,0.03813893969099598,0.08978793159917789,0.11017915606498718
1263,0.08900480653263501,0.7657575108176814,0.03884215471874888,0.14268720559002496,0.03598994835830714,0.0884207082599557,0.1121906116604805
1264,0.09002146746461252,0.7312989792725523,0.0404903805014624,0.13917732318304668,0.03952730635707152,0.09119248468008104,0.10319449007511139
1265,0.09147018472833154,0.7872459159050791,0.04086138226396643,0.14748774421269678,0.03806785716602976,0.08918185679652599,0.09719783067703247
1266,0.09057003348674939,0.813393947110436,0.04134540076648424,0.15163805024419164,0.03538936888350791,0.08541860035182372,0.09180966019630432
1267,0.08876053658403532,0.8111821305056526,0.03925380051234556,0.1495292762256751,0.03339920669828921,0.08402905304762834,0.07855727523565292
1268,0.08855530912570905,0.805110765566557,0.03993157241673019,0.1492428857238483,0.03446340578314539,0.08278409502708038,0.09219768643379211
1269,0.08551149643214949,0.6646403708983613,0.039959225532876175,0.12919938915651688,0.035544616257850985,0.09100561045083919,0.05439933389425278
1270,0.089978286896103,0.7116066569040052,0.042027006479571964,0.137681242254491,0.03606658328445978,0.09541094161770133,0.04775402694940567
1271,0.09239435297788295,0.7744565957297238,0.04199757457068446,0.14663457759340437,0.03741333798438478,0.09304254455861258,0.0560135617852211
1272,0.09052421558039611,0.7630985904714305,0.042180585184534415,0.14516887165409095,0.03483615915683448,0.09143719088652948,0.060344159603118896
1273,0.0906662030141025,0.7709660762060073,0.0423678467772755,0.1464533081242372,0.03603536612792917,0.08965446831813627,0.06347126513719559
1274,0.09207379520167235,0.7958990911766473,0.04275134396075255,0.15034387927730894,0.03663414980621934,0.08959716135651169,0.07604099810123444
1275,0.09002053057192268,0.7627412462355962,0.04207118604968716,0.1450240517905313,0.03648017767062379,0.08874025829427663,0.08554679155349731
1276,0.09088858482263816,0.7457555231549102,0.04120890139321965,0.14185841878774683,0.03822306999884282,0.09237230557398896,0.08530288189649582
1277,0.09261143324209402,0.7964728776467924,0.04315493988212767,0.1507717881342226,0.038693880193750425,0.0888989816287821,0.0800139456987381
1278,0.09042216447881767,0.8238378927021426,0.041659076748854926,0.1533989075993246,0.033817438369362636,0.08484664959414727,0.08312053978443146
1279,0.09087198452041173,0.8664018095639172,0.03854577410221524,0.15681092202531552,0.033720805100065594,0.08318269619642381,0.08115515112876892
1280,0.09201253998558312,0.8608001312942388,0.03928132268002476,0.15664115248205532,0.035804816829229334,0.08464426181297947,0.08427556604146957
1281,0.08851751323426442,0.7285859474400768,0.03901333232805441,0.13752370591548618,0.03636429916110214,0.09127115695221234,0.06508909910917282
1282,0.09099339298050634,0.7458771834602935,0.040957863096712836,0.14166062314865294,0.03672870030726293,0.09414117267246606,0.061868224292993546
1283,0.09373884773377511,0.802711703822282,0.04133153293758334,0.15010012877825457,0.0375887911310161,0.09355402634726974,0.0852089375257492
1284,0.0922040819925837,0.8078164716396344,0.04180286189426207,0.1512333775721724,0.03548638007105694,0.09018143754177949,0.07467525452375412
1285,0.08850528412258218,0.7698642254044505,0.03927536140654465,0.14364519912053123,0.03594096390541063,0.0862516386894019,0.06747846305370331
1286,0.09077128382154866,0.8121873764747974,0.03982966002445593,0.150166476660219,0.036277549583531424,0.08648250754597717,0.08394187688827515
1287,0.08815496112675524,0.7617543863038916,0.039627636448578474,0.1427886007136232,0.037317753847385324,0.08483308285769448,0.0930420532822609
1288,0.08820894932010787,0.7320960426244733,0.03776532048930116,0.1369554236514686,0.03874315560557613,0.08883835378038243,0.10426486283540726
1289,0.09070001505858892,0.7879360649599287,0.03985083268988812,0.14672015158560822,0.0394103802209182,0.08656082608040894,0.08819159865379333
1290,0.08907101879670934,0.806491997931898,0.040896760069937484,0.15026750833593186,0.03429500312352999,0.08345310416392163,0.08153960853815079
1291,0.08655134349920089,0.8159211345484396,0.0377161368001401,0.14888827933561144,0.034056622986219705,0.07793940509120018,0.07634653896093369
1292,0.08483150201284914,0.7798399426748116,0.038539083644124554,0.14443920636279414,0.03409930898880644,0.07706542960268464,0.06653111428022385
1293,0.0833906554983816,0.6775220398578384,0.03791134715841311,0.129284303258331,0.034776416523240525,0.08577117281167428,0.05230022221803665
1294,0.08608852998098306,0.6877068912004758,0.040147159088210274,0.13265569224710533,0.035978293597792574,0.08918871983341774,0.03614593669772148
1295,0.0886382899866036,0.7528542977622436,0.039316074491929025,0.14125010638768826,0.034254922152529246,0.0901883974904696,0.045884475111961365
1296,0.08895098664365515,0.7539895746411718,0.04079407874909229,0.1426791495908179,0.035315894977400716,0.08886954927286037,0.050296954810619354
1297,0.0875297497335779,0.7613958856937592,0.0400997636266603,0.143142066779103,0.03438724232634634,0.08536866630007106,0.057023823261260986
1298,0.08903911410452849,0.7982873391655984,0.039472969686807996,0.14787502246949233,0.03409013235415999,0.08563805331675756,0.0706356018781662
1299,0.08697155682582088,0.7707308194357997,0.038414964772761635,0.14303151543890993,0.03474423998674051,0.0836179952735633,0.08592375367879868
1300,0.08797520251377423,0.7501859959478208,0.03782614163035448,0.13959183510427822,0.03628813302994619,0.08803683479543276,0.07686810195446014
1301,0.0906016942591754,0.7993910058428725,0.04006614062289638,0.14854112136860725,0.03621901145118124,0.08748954299541742,0.06691406667232513
1302,0.08776787662324897,0.8123295488833975,0.03867263813815017,0.14919505395889981,0.0327868324010405,0.08212751014898689,0.0744890496134758
1303,0.08857138265910659,0.8458551370323444,0.0363499340445801,0.15199353447140357,0.033882383820802865,0.08092987380686249,0.07675880193710327
1304,0.08793022804006266,0.8185292530966919,0.03757857140514329,0.14914295450393594,0.03460253371920009,0.08103082491492827,0.0722118690609932
1305,0.08556631513071832,0.6998593524446616,0.0369192938931373,0.13162501654335504,0.03611442382509661,0.08853535628708016,0.055028706789016724
1306,0.09025374516916294,0.748578087117798,0.039476632244834525,0.14077684008382935,0.03686171747091744,0.09276406135479469,0.04269742593169212
1307,0.09323899648779833,0.7977090597375114,0.03970213855260333,0.14798884157901876,0.0369785681721536,0.09456075680916959,0.056746698915958405
1308,0.09226565598043952,0.795327019638927,0.04165348366305737,0.1493211316596102,0.037078855621721356,0.09063056507504355,0.05854278802871704
1309,0.08950218086847168,0.7855794259549564,0.03993731822706167,0.14645761933104667,0.03616396862095399,0.08633710793029659,0.062457721680402756
1310,0.09115251354806077,0.8235663704407039,0.03986125786453965,0.15181913108970596,0.03514491877029344,0.08707586862966767,0.08100974559783936
1311,0.08788115897331811,0.7727095647671685,0.03719993192395823,0.1422727366158454,0.036196847522917096,0.08551230105520759,0.08056460320949554
1312,0.08713796008707554,0.7312029482548363,0.03601787821441261,0.13533003107733027,0.036576232562191564,0.08921140955487614,0.08964106440544128
1313,0.08982231038727964,0.784612860444458,0.039446259060957056,0.14589863068717146,0.036861290080132274,0.08709642289362826,0.10567636042833328
1314,0.09019536965795104,0.8333766120547543,0.039732851291125776,0.15311053140021555,0.03482318172309239,0.08359526757647084,0.11282975226640701
1315,0.08659051133227377,0.8274738949594647,0.03691051333317062,0.14984813927978408,0.03439331011866436,0.0769126379401105,0.09179999679327011
1316,0.0855689833131173,0.8062922885833741,0.036167646805072555,0.1461854527734013,0.03477744076872107,0.07697217226171546,0.07536442577838898
1317,0.08285778059396337,0.673985360615611,0.0365750091774373,0.12763363081146212,0.03574614565151175,0.08490159222829716,0.04963582009077072
1318,0.08700048482222521,0.7007626059693047,0.03889119202152972,0.13344425115692615,0.03714299238925784,0.08998749515820831,0.049002449959516525
1319,0.0890001538250705,0.7543675782349911,0.039723756189542575,0.14181573076746382,0.03575247743616384,0.08937824084076972,0.057029321789741516
1320,0.08855328631062545,0.7474580489284404,0.04051475719898072,0.14150665601747495,0.03609888506822099,0.08811668890423603,0.06605556607246399
1321,0.08860769210073455,0.7665945886643738,0.03998524513582665,0.1437865799256191,0.03643977052868145,0.08597309662950703,0.0634295865893364
1322,0.08875586120776902,0.781130057162201,0.03946730026188308,0.1454191226762142,0.03520387846219053,0.08603349232526063,0.07478594034910202
1323,0.08698638201593595,0.750543475272305,0.038549137524135524,0.1402626143453026,0.03671158646577437,0.08436012483413152,0.08572649210691452
1324,0.08871351178950572,0.7430392966453871,0.037623570954983844,0.1383972460536129,0.038354539393581154,0.08930434515484596,0.0835212841629982
1325,0.09109843390002013,0.793354972920034,0.04029126134778042,0.14787179157238808,0.03819446383934809,0.08771271973978624,0.07932977378368378
1326,0.08886858361727991,0.81188725252044,0.0385796684470353,0.1490521804575217,0.03469456806232306,0.08361019999265562,0.0920228362083435
1327,0.08760530816697455,0.8161200082529332,0.036371312865837106,0.14776398363542226,0.03361433490666387,0.08220856873485467,0.08326690644025803
1328,0.08737107110884533,0.8011912959943545,0.037347089441953016,0.14646769037801038,0.03459813526785027,0.0818378481091966,0.0875513032078743
1329,0.08503905022512362,0.6866487247991028,0.03728395169953041,0.1300503478566122,0.035260603951304426,0.08921030528716291,0.06547674536705017
1330,0.08889180074040165,0.7161191057126806,0.03933932135358354,0.1360221476905974,0.035809035472054766,0.09410016676878391,0.05084275081753731
1331,0.09228210700577257,0.782833213447544,0.0399750449205703,0.1460976404244237,0.035379294760298656,0.09498347597924248,0.07236389815807343
1332,0.09021633989237633,0.7701350150564112,0.04048527602661358,0.1447209530308704,0.034644989565845476,0.09114973493190852,0.07343213260173798
1333,0.08886567308976522,0.775129016730898,0.038836057309208395,0.1440207657980212,0.0343002982009895,0.08834966999771995,0.06631803512573242
1334,0.09095801173600986,0.8148726970979855,0.039382645985716266,0.15016693900175473,0.03468549895757445,0.08838864905961406,0.07607698440551758
1335,0.08792414634393403,0.756794994867069,0.03884648997575782,0.14141056210308797,0.03551215592368418,0.08698402417239293,0.08356185257434845
1336,0.0875227230233905,0.7248410420690453,0.03640522099329894,0.13475319543269132,0.036574474750703696,0.09077577690385327,0.10138382762670517
1337,0.09013064166334246,0.7825948820133226,0.04001562365292189,0.14609837484726484,0.03630084572420922,0.08825994657415194,0.11284391582012177
1338,0.09073914172587612,0.8451491671600735,0.03997095290290598,0.15499641208250134,0.03360198843302562,0.08450903929507322,0.11955613642930984
1339,0.08674345945382998,0.8273563869685615,0.036878693701521685,0.14980407845395596,0.03235708377621336,0.07915349654663434,0.08753788471221924
1340,0.0862087691045298,0.807085239669689,0.0369333955429609,0.14695508756106493,0.03387706817500905,0.07884597876839225,0.08391430974006653
1341,0.08455409722639325,0.6934135640333426,0.038426090966102715,0.13199572997570844,0.03476436812232716,0.0866086815368003,0.061979662626981735
1342,0.0874368101740499,0.7044643593571049,0.039612672989291074,0.1345914853275502,0.03576170433071736,0.0913921870276531,0.062386129051446915
1343,0.08971567073789424,0.7426987809772245,0.04084050911822129,0.14110597652665033,0.03614426407264359,0.09162413400482698,0.058365073055028915
1344,0.08922832154730799,0.7488439510727959,0.04013550740403506,0.1413795707852866,0.03608817259038865,0.0900936088013811,0.0619860514998436
1345,0.08918463054576307,0.7642366647227254,0.03928065973714079,0.14284580330651003,0.03580562600863598,0.08893773335009571,0.06556573510169983
1346,0.09055185074248123,0.7864520426209722,0.04057616668498761,0.14712986324727112,0.03568215498121399,0.08905707359189888,0.0729464590549469
1347,0.08834749785403423,0.7584587657118016,0.040157956070667244,0.14277235744797215,0.03589256728466168,0.08662380995753954,0.08613987267017365
1348,0.08988302170725088,0.7446390488286776,0.03991130944435599,0.14058670078497335,0.03701571094299771,0.09177619943296525,0.09757410734891891
1349,0.09162737702718746,0.7921776964993668,0.04226938745403571,0.14939914588908304,0.03716284759791592,0.08873354252364143,0.1033652201294899
1350,0.0895351501806189,0.8140054074976972,0.03928897247116391,0.14996274890352582,0.0347439470605863,0.08460330402810387,0.11735807359218597
1351,0.09039522031296242,0.8401960702554341,0.037451601181654914,0.15212938247790905,0.03405836072525221,0.08567258055788055,0.10906925052404404
1352,0.09048312497664644,0.8268888799742008,0.03906493928779745,0.1516112165287122,0.035553704307820136,0.08505928795381187,0.116499163210392
1353,0.08804662889640141,0.7035389182652299,0.04022949896206566,0.13498798743394627,0.036460098864242105,0.09211115395418909,0.06936383247375488
1354,0.0917379214444569,0.7398054944862873,0.04158697603635824,0.1413324786720624,0.036894418761593065,0.09633074871780797,0.06270833313465118
1355,0.09477935097128257,0.7994759283106393,0.04284689295477238,0.15093675514846766,0.03727332712746208,0.09595939317958854,0.07389558106660843
1356,0.09287217940911598,0.7954731846376739,0.04048582962048239,0.14834116605150977,0.03714389625068859,0.09309906386064537,0.06939507275819778
1357,0.09100745542653076,0.7924473412159754,0.04004318799169657,0.14752949559516496,0.03497162911561695,0.09058201830102541,0.0736805722117424
1358,0.09272970793799469,0.8159947672392619,0.04058336792424715,0.15135642496924925,0.03530669254321962,0.09167646900607519,0.07977653294801712
1359,0.08966060940969643,0.7620409490319617,0.04070528190133428,0.14375323434856677,0.03485771650799568,0.09028209387717302,0.10642115771770477
1360,0.0898968576834494,0.742562437050277,0.03831824983150692,0.13892456229133124,0.03713673608046366,0.09316272255416533,0.1268533170223236
1361,0.09194795933423171,0.7898305192171655,0.04229062328335834,0.14908203698818795,0.038026347518674605,0.0891370517256325,0.14610344171524048
1362,0.09154397239612665,0.8343950409835221,0.0396087689828269,0.1531496649829262,0.03572694445729045,0.08647889082915867,0.14688757061958313
1363,0.08873616010515677,0.8320157590317676,0.03858501510629556,0.1519322642385059,0.03364806926306929,0.08164164847530284,0.10418715327978134
1364,0.08877171741791424,0.8016378011765033,0.0393877603657526,0.14828062333871703,0.034391913881918944,0.08428375283120772,0.09257257729768753
1365,0.08705738201167752,0.6895011706999055,0.04218856258093953,0.1346617923122204,0.0345961843938492,0.09130707091430232,0.0678204596042633
1366,0.08961039884208943,0.7039321017567393,0.042426091309127445,0.13692694994450058,0.036676897420670374,0.09452523037122136,0.07798157632350922
1367,0.09193155717268132,0.7552652649775524,0.04249495190873873,0.14431928234714067,0.03725175907427752,0.09393712098113272,0.09101764857769012
1368,0.09073971514378033,0.7684994570133385,0.0395661932210729,0.143699516619968,0.03528679803245909,0.09292119132452226,0.08962727338075638
1369,0.09134115183088323,0.7815108376111048,0.039748064592153874,0.14571417502343256,0.035710015087701184,0.0924420011876868,0.08893043547868729
1370,0.09207256033115886,0.791335127850883,0.03976261345475119,0.14713011551134145,0.035178147464023306,0.09367981080724266,0.09950494766235352
1371,0.09048847414303225,0.7695795750023087,0.041615290369019876,0.1456101881737754,0.03510022603245337,0.0907216914628885,0.11427298188209534
1372,0.09167571695531951,0.7579063489875302,0.0403418320889917,0.14285104878878288,0.038441198504555296,0.09347750524545775,0.12401038408279419
1373,0.09369201106499613,0.8167101857490966,0.04192875150551404,0.15261181354031156,0.039193289439835466,0.08982356532111069,0.12573474645614624
1374,0.09178279109142409,0.8444294935101796,0.038618324346540285,0.15373420565563162,0.03613341850006647,0.08626850436518041,0.14217813313007355
1375,0.09375643217316414,0.8738074821322874,0.03842457711504196,0.15776499211750555,0.036104294313400336,0.08819456284915872,0.13205331563949585
1376,0.09288329065999826,0.8282850045324863,0.039723450882229706,0.15237510140369495,0.03778080440264369,0.08904263173444893,0.13975419104099274
1377,0.09056608624266213,0.7071162287706694,0.0419225055303602,0.13695018027897582,0.036777966135657474,0.09704460905451674,0.08163467794656754
1378,0.09542129873094084,0.7593300893011456,0.043098755764866846,0.14541751769862096,0.03728848715313364,0.10254081726480202,0.07834222167730331
1379,0.09774877592427221,0.8267219457182143,0.042494845236197475,0.15452728816219988,0.03766519350721208,0.10064071233101311,0.08994018286466599
1380,0.09566234568766378,0.8363077704135844,0.04156454543059974,0.15509929185674043,0.036777878581809635,0.09517892650734411,0.07572077959775925
1381,0.0932567477720777,0.803874661059026,0.04014686235733078,0.14925083360043012,0.03715616436289396,0.09334993315530507,0.08161724358797073
1382,0.09504709073602155,0.8267212276714501,0.04140681968549125,0.15359459225491393,0.036346286370080506,0.09518123072718915,0.0878976434469223
1383,0.09385189439056146,0.7942526260418061,0.041894566571083924,0.14937428935261562,0.036948753678763956,0.09506004692158684,0.13967956602573395
1384,0.0948568737365883,0.7794746414765753,0.04155444674789174,0.14697161742341797,0.03852424818617157,0.098547520367227,0.15288816392421722
1385,0.0947868294062809,0.8206858277813434,0.040022742551512815,0.15154604044148862,0.03981660141418936,0.09322146924355423,0.18677781522274017
1386,0.09324841725121663,0.8424547808111043,0.039780009202317355,0.15444783371785833,0.03546097655171427,0.09026293845496972,0.20345844328403473
1387,0.09489479275910752,0.8662933328718998,0.039701207787240365,0.15778579708504883,0.03859120881017186,0.0891307999292276,0.15088309347629547
1388,0.09412632892765255,0.8335756129913328,0.040287775354135885,0.1536146093023069,0.03888589921490807,0.09040945959848143,0.14878302812576294
1389,0.09382395230244037,0.7320235617522397,0.04409589247180168,0.14237127379757855,0.03963121074779032,0.09876369485451325,0.08481478691101074
1390,0.09500736539216109,0.7193252916484625,0.04391170983463414,0.1403993643794668,0.039290221171516836,0.10404186747133237,0.08153915405273438
1391,0.09734177698784002,0.7914293310352918,0.04240978343668836,0.14941257595077453,0.03989121021560303,0.10204907382097969,0.10706526041030884
1392,0.09411588826210558,0.7905742312736996,0.04057451511846084,0.1477173317120664,0.038192906740322774,0.0961472340749498,0.10932952165603638
1393,0.0941612130120086,0.8059477064402448,0.03970359619504154,0.14916704051578486,0.03811446217897715,0.09507202092510686,0.11378400027751923
1394,0.0945590398731576,0.8114689056162253,0.04012776830942379,0.15031935935325258,0.03655395431807968,0.09652321018876767,0.11451303958892822
1395,0.093741464590561,0.7794950992229688,0.04157357529766398,0.1469909358584218,0.03752475000334797,0.09633780249499418,0.1324615329504013
1396,0.09477245207852766,0.7735254825206337,0.03915184362946047,0.14406236347105666,0.03863518280751161,0.10076389022220386,0.14906495809555054
1397,0.0952889809358934,0.8285101720099223,0.038459542951483815,0.15132391853126073,0.03978723531946605,0.09482243795432087,0.1456403136253357
1398,0.09184836490925434,0.8241439276341389,0.037415735367177856,0.14980547711960085,0.03626249796936847,0.08977352529760124,0.1551300436258316
1399,0.09534909081976069,0.878646084412224,0.036267078272780424,0.15660693629270092,0.03745284842060233,0.09240768813020152,0.141501322388649
1400,0.09494470511069625,0.8548781536285113,0.03982393508016821,0.1562602520156458,0.03754217897040996,0.0915208119416159,0.15130142867565155
1401,0.0926298103620876,0.7300594274773042,0.04132837105196505,0.13971852196987064,0.03781735204526109,0.09938808873250066,0.10501103103160858
1402,0.09484688898118133,0.7399408543121979,0.04143800902068855,0.14122412977661844,0.03701983561138359,0.1048654749837469,0.10761401802301407
1403,0.09813543156530807,0.8187802639260897,0.041274966858892266,0.15234715215420616,0.0379388926228141,0.10337214762470444,0.11875447630882263
1404,0.09514040218682887,0.8161626736856642,0.039991351284134447,0.15087296877006726,0.03767738905201988,0.09665454291945311,0.1075587272644043
1405,0.09383603827556448,0.8041316953988024,0.03918839034782307,0.14846600535510582,0.036665511911535456,0.09605902764949126,0.09940363466739655
1406,0.09558600168089731,0.8198404439774922,0.040442166570693244,0.1517847776288074,0.0360864544411491,0.09847417656125562,0.11075908690690994
1407,0.09405005155892802,0.7830422037080633,0.04089653401430388,0.14691734397055525,0.03764903088027366,0.09714206379257674,0.13857392966747284
1408,0.09481411680426886,0.7772910425452395,0.03998504373386675,0.14531447213549145,0.03797532768493374,0.10036024636886737,0.16558335721492767
1409,0.09506808394278994,0.8175457705893144,0.03930181703131167,0.1504795246824549,0.03952408194144045,0.0951840750467639,0.17908991873264313
1410,0.09486874551685366,0.853514619857112,0.039723712043027284,0.15597955601646793,0.036898865641739956,0.09212043122041567,0.19570845365524292
1411,0.09430480080479621,0.8622094954763132,0.03971353092945514,0.15721295443614913,0.03560685274244308,0.09062087093192137,0.15118855237960815
1412,0.09334636065816443,0.8332977754472373,0.04159359592679469,0.15469419300114362,0.03444135951367879,0.09120888335948256,0.14507107436656952
1413,0.09298811538783874,0.7201184332488293,0.04404074739526973,0.14062327394577823,0.0348546715994128,0.10217411496451438,0.09279315918684006
1414,0.09434968289984402,0.7248755270795835,0.042617142238132254,0.140082625786911,0.034663438905175634,0.10655882136899522,0.08935371786355972
1415,0.09740930870062871,0.7983434015241877,0.04388003174318975,0.15166051314047518,0.03500644257302597,0.10454201267741547,0.1081850454211235
1416,0.09504006227962307,0.8205720379017101,0.04242283986912764,0.15358701101663938,0.03431256818732981,0.09694803946549034,0.10554402321577072
1417,0.09437997675333286,0.8104432402514096,0.04248382248019387,0.15219231073322467,0.034850788929209044,0.09588222386703583,0.11559368669986725
1418,0.09459785220413836,0.8056097754352145,0.04167537640467416,0.15080886198046567,0.0344478022208503,0.09804451238522899,0.10623450577259064
1419,0.09362565289577053,0.7823786618566082,0.04141158289667852,0.14726402274809705,0.034810776650819754,0.09815509598931675,0.13258716464042664
1420,0.09446455245709934,0.7770809665242742,0.038935624240283774,0.1443849588522824,0.03498898323404111,0.10282531993149013,0.16022305190563202
1421,0.09494482221220357,0.8278011694194221,0.038840185468943696,0.1515488974618692,0.036089968094103766,0.09691425372208351,0.1668921858072281
1422,0.09242293994104468,0.8363834040955871,0.03860269602779716,0.15257136860891002,0.032699433435871846,0.09205113304868875,0.16852138936519623
1423,0.09593894874654035,0.8917151796456175,0.03876608013202939,0.1606159514911134,0.03404651626524213,0.0935024497661749,0.15231293439865112
1424,0.09548179621834273,0.8863396452724983,0.039903185184100805,0.1608226794824433,0.03310739313887633,0.09288612605678778,0.15796074271202087
1425,0.09317860054371147,0.7520709891951802,0.041969897654029864,0.14341291073133705,0.03423973135829354,0.1007950896667798,0.09746395796537399
1426,0.09445473089828914,0.7476911863023676,0.04033786126540041,0.14138833627068143,0.03384118257439463,0.10642468098085356,0.0981183722615242
1427,0.0994129075123002,0.8411691828016875,0.042371605684473734,0.15648554527264716,0.03582504273641518,0.10511373115089603,0.1219848245382309
1428,0.09640114721031642,0.8411367439413343,0.04200577109528006,0.15616733864471638,0.03538977019484031,0.09749068459375802,0.09472262114286423
1429,0.09383381865701011,0.810146204427785,0.04097181387182552,0.15085386966553402,0.03493618467497119,0.0954767037588358,0.0934935063123703
1430,0.09585146374044201,0.8219414021082636,0.04122477140497344,0.1527557186483006,0.034442375036483217,0.09979319331202971,0.12960313260555267
1431,0.09333531598133349,0.7923973652500466,0.03939928885770836,0.1469704426280424,0.03522323801080467,0.0972526483896759,0.11077780276536942
1432,0.09410600845040952,0.7762345646145238,0.037786270844308016,0.14327888424005314,0.03621556214160178,0.1017338826546782,0.14628025889396667
1433,0.09542918360270153,0.8368918249161246,0.03793815704880272,0.152074395315563,0.036404520602682115,0.09751120347896475,0.194225013256073
1434,0.09499324377276204,0.8686283160760574,0.04021521985497605,0.1585599478865591,0.0332301362323801,0.0934150967710238,0.1796424835920334
1435,0.09604563137284071,0.8979232055986976,0.04114819043981868,0.16354462117680144,0.03492591757470751,0.09046376486774166,0.17592105269432068
1436,0.09353118371027387,0.8445141528771193,0.041381857592784364,0.15611504263340364,0.03456989004122394,0.09036143911295402,0.12287911772727966
1437,0.09274983104725729,0.7179534939826671,0.04418100352802259,0.14043421645011464,0.03549148237025715,0.10112704891213223,0.08159586042165756
1438,0.09558564427198002,0.7457550940178341,0.043269372344366334,0.14362447544057602,0.035751776631548056,0.10590630118483652,0.06944038718938828
1439,0.10002779577809105,0.8398548791263731,0.04414533939246875,0.15781813078302648,0.03643807858958047,0.10510225518871923,0.09209907799959183
1440,0.0976081475684735,0.8457136785069541,0.041265710968616205,0.1561868491883788,0.037629150551287,0.09883340604109453,0.10272575914859772
1441,0.09727460277263048,0.8603342474328237,0.0416574382095476,0.15861126809858703,0.037642259173070056,0.09578332126203387,0.10094086825847626
1442,0.0957295553885757,0.8255189178198692,0.041737389732750485,0.15370617945948176,0.03617733621587923,0.09710820110264229,0.11324054002761841
1443,0.09706775648845078,0.8078987163430655,0.042184631799423604,0.151572358162801,0.03671819368287042,0.10218209747827714,0.15521778166294098
1444,0.0977036179941006,0.8081038955148511,0.040217026030566365,0.14991515024260704,0.03739263820033027,0.10479063459620645,0.15678194165229797
1445,0.09695399302047904,0.8268904189338486,0.04161701783043449,0.15379893227377936,0.03810969450381237,0.09870343237592456,0.14731253683567047
1446,0.09585647839809167,0.8338364511334897,0.04167659193611609,0.15484228610716944,0.0365132092194493,0.09616925718396069,0.1654721200466156
1447,0.0994186715276617,0.9298983758781287,0.0423994163289787,0.16918498197885726,0.035637068540237085,0.09418205249686212,0.13816049695014954
1448,0.09746492773478065,0.9171925806679473,0.04140531427780427,0.16651778090496755,0.03603759946727321,0.0907925934449361,0.13807739317417145
1449,0.09582592896144672,0.7993527959488226,0.0422744227627213,0.15042847607502147,0.03674534398138477,0.099744212094623,0.11229974776506424
1450,0.09556149136913335,0.7651504625464844,0.041542218582451364,0.1449148248630275,0.03643154819324957,0.10411602484087426,0.11124350875616074
1451,0.09905480408898294,0.8564241149926475,0.04339647863722843,0.15954328383085972,0.03709298035796525,0.10034398007948124,0.14739879965782166
1452,0.09775506598741292,0.8762512025121512,0.04387055777560566,0.16278207845225504,0.035764797767077215,0.09509791477346985,0.13971084356307983
1453,0.09607101099411414,0.864791130521251,0.04301739069588174,0.16041363924236304,0.035416039467904704,0.09284431136232957,0.13072222471237183
1454,0.09430627694893126,0.8270180963514133,0.04377340598254554,0.15566550460666953,0.03399540265107392,0.0933889677590355,0.112145334482193
1455,0.09447819755201481,0.7988018192728463,0.04288628411492116,0.15087421770891046,0.035673506613717945,0.09658578448574084,0.1353812962770462
1456,0.09366707690310702,0.7839750958073446,0.039377889081770055,0.145748918613995,0.036537267636418735,0.09808404851443225,0.1386626809835434
1457,0.09378482513983542,0.8216694860305718,0.040514501330333526,0.1521080705732247,0.03717029548872845,0.09228969883033838,0.14540326595306396
1458,0.09248096152280155,0.8193664859400346,0.04020504440348359,0.15151382176584802,0.03514353678064579,0.09099745545952222,0.14006632566452026
1459,0.09282091389191645,0.8573136985101777,0.04059420571009879,0.1572684189672529,0.03279743218011965,0.08894989344881925,0.11310598254203796
1460,0.09050321922740913,0.8224190746285098,0.041666701559687186,0.15320275485523327,0.03180981120155513,0.0869978575756852,0.1080610528588295
1461,0.09104575373088486,0.714227496533288,0.042746587185489106,0.1386724313780318,0.033960302292505164,0.09932218079821353,0.0928664430975914
1462,0.09234248703019553,0.7287058572969277,0.041660677078968346,0.13980998853867682,0.034734880565393124,0.1012150788669765,0.07232002913951874
1463,0.09721405897039737,0.8289321868138055,0.04341653779770954,0.15563305908572328,0.03627568682781209,0.09941850949424931,0.08144722133874893
1464,0.0963489983478636,0.8426959267948849,0.04507102273601387,0.1590174376015669,0.03616872462894823,0.09417185350492424,0.07578112930059433
1465,0.09467225873500563,0.8326250745126274,0.04378317879937995,0.15647487818698672,0.0344524123498171,0.09328733230156211,0.08496605604887009
1466,0.09416773853984459,0.8204855649356766,0.04407425460917567,0.1549901560843901,0.03402878145690683,0.0935697106359378,0.09038060903549194
1467,0.09261647426754947,0.7818006688360759,0.042572806268200925,0.14817678663504022,0.034427345854578684,0.09491668830734455,0.11093954741954803
1468,0.09379443880031647,0.778147574327252,0.039982118093457746,0.14543432612685692,0.035584133936419605,0.09954355414550335,0.1299285739660263
1469,0.09288611837214389,0.8126426742445133,0.040728498935098,0.15100195255072876,0.03504491282313614,0.09264581832126392,0.12028435617685318
1470,0.09196991613605904,0.8128080814803771,0.04043883932700767,0.15077730249177473,0.03354315728509386,0.09163686706940236,0.14643314480781555
1471,0.09518288717614866,0.8906874441756389,0.04024497753777362,0.16173675848604008,0.03271419029570455,0.09160835955038221,0.13767947256565094
1472,0.09312101988359393,0.8766156236791055,0.04111794503804476,0.160474756272482,0.03127744534653365,0.08829962826324457,0.13094568252563477
1473,0.09163307983852591,0.7345863725559885,0.041836962972135905,0.14080116434125767,0.034750280890532205,0.09838345497813011,0.08185462653636932
1474,0.09295336666692933,0.7401050216708427,0.04091683852069559,0.14080086468500233,0.03507327861573548,0.10173188294591007,0.07321441918611526
1475,0.09643074873230617,0.8189241484701593,0.042838904783674615,0.15370822531031525,0.035874831072221634,0.09929938467912215,0.09084372222423553
1476,0.09526097845491606,0.8336514397062713,0.04360466869366236,0.15646849312403507,0.036299832114227486,0.09329540616753942,0.08926000446081161
1477,0.09428952527534845,0.8367798060554745,0.04170881194086953,0.15529038252867025,0.03457386555971738,0.0931649774298691,0.09985000640153885
1478,0.09347721490165263,0.8304266648035531,0.042109192836871444,0.15472597454639736,0.033529653064797785,0.09233866681974896,0.08143658190965652
1479,0.09229827461508791,0.7873475360507778,0.042210337356238435,0.14865850859831545,0.03439283380056438,0.09365033059247191,0.08394774794578552
1480,0.09163098219593269,0.7552519206700381,0.03803713690355718,0.14049639172734016,0.03568957283456754,0.09782248204714564,0.11947570741176605
1481,0.09231318069379926,0.81350734921973,0.03933681050134016,0.14993260174682438,0.03463491792794865,0.09236466719252157,0.13836760818958282
1482,0.09208720840078972,0.8248700693043068,0.03967890770479007,0.1518490736475782,0.03427351546768799,0.09038255762631386,0.152011901140213
1483,0.09373740590079459,0.877890495044044,0.04038243080821849,0.16002643998476498,0.032577755619381775,0.08924919507355675,0.13017381727695465
1484,0.08933876686267221,0.8347971209236797,0.03966460041821761,0.1532549604904265,0.030503368884889057,0.08489307066894747,0.10110845416784286
1485,0.08982709189165393,0.7040687672018289,0.04219745883958925,0.13675050289133778,0.03457580062027315,0.09711398712938872,0.0570342093706131
1486,0.09172570257978499,0.7214364492908496,0.041009592230169874,0.1382134289531241,0.0350933750522553,0.10060222858970175,0.05463356897234917
1487,0.09650415388666721,0.8146848360953758,0.042688286779028035,0.15297350810993487,0.03662649542145422,0.09948642009836943,0.0768708735704422
1488,0.0952524208783967,0.825594663646452,0.04267667646646567,0.15452210320646367,0.0373748492005059,0.09403432405949252,0.06985452026128769
1489,0.09529575303146406,0.8465297704823845,0.04186011257802513,0.15681292085007645,0.036120311206606526,0.09324674278692857,0.07950866967439651
1490,0.09281914149137917,0.8131989651544049,0.0418659631651345,0.15205639202074456,0.03427212842081451,0.09221518371492853,0.08263389021158218
1491,0.09307454766821609,0.7747327880429007,0.04252910304021972,0.14712962946917413,0.035916761617422265,0.09578941388682238,0.11206797510385513
1492,0.09360209961665321,0.7631257999004519,0.04004257121459581,0.14334017531257523,0.03688769253097723,0.09970638958268797,0.12742018699645996
1493,0.09372126548082486,0.8108491432752685,0.0412522210389886,0.15119463850131432,0.03657472172685483,0.09343528987262036,0.11286032199859619
1494,0.09457746947420556,0.8390389431777711,0.041983893207839205,0.1558489003464009,0.03530484249163978,0.09282851607077972,0.140029177069664
1495,0.0987524132588637,0.9241391899599851,0.04253193902023685,0.1684758320116295,0.03517519126545331,0.09337449109442772,0.14622080326080322
1496,0.0960607161433439,0.8916302351543811,0.042327639782605224,0.16365658197857316,0.03495682978885904,0.09038023409769254,0.15419748425483704
1497,0.09449177712281856,0.7335414701249918,0.04307940728380277,0.1417168448325441,0.039270828717989606,0.1014881727310341,0.09801989793777466
1498,0.09823570175142676,0.7579872628080835,0.043282790805182735,0.14538342966274,0.04093937306345864,0.10711572743099976,0.07026327401399612
1499,0.1015429496858693,0.8450577821359444,0.04402246899475495,0.158456085157782,0.041574868872099636,0.10421602685999415,0.08933530747890472
1500,0.09994454072260518,0.8729934239329378,0.04362643406938329,0.16210743262131966,0.041343233843216205,0.09682815383069535,0.0821596011519432
1501,0.09745762777398626,0.8619449737692915,0.04122011664016134,0.15846652480146564,0.038892496089994046,0.09531933309843493,0.08520423620939255
1502,0.09750252648392053,0.850909470618981,0.04297882415738641,0.1583974879376142,0.03854671852071103,0.0958057671797469,0.08593229204416275
1503,0.09846118058312804,0.8119832627727513,0.04375071609123795,0.1534982227600256,0.040398947759334565,0.10110822239916198,0.12588757276535034
1504,0.09631177503452668,0.7801056292064974,0.039701734746448294,0.14547371966931247,0.04068390390057188,0.10196946072129952,0.13620679080486298
1505,0.09578432523816378,0.8262175048959784,0.041756455856042075,0.1538223200046044,0.03904289463414001,0.09464983159604903,0.16860102117061615
1506,0.09698527959203855,0.8602238950191166,0.04340897818023195,0.16009682344292978,0.037620653964063375,0.093706726146987,0.16136136651039124
1507,0.09642825272361435,0.8928699107851957,0.041903424499927976,0.16347006539782338,0.0358756271943354,0.09075021397180053,0.1342751681804657
1508,0.0935055319684313,0.8535606508159088,0.04197122086318023,0.1579125679992843,0.03428258855557014,0.08896945092768839,0.12807075679302216
1509,0.0926046174540586,0.6955913282402226,0.044733740323562865,0.13771339574022853,0.03824738637407931,0.10069701364864177,0.08571366965770721
1510,0.09598949976810847,0.7400249821361653,0.04406656269415282,0.14348919404301178,0.03818070085489355,0.10500996632663116,0.08326733857393265
1511,0.0989109947206476,0.8162087289729398,0.04485787431018009,0.15505085354771722,0.039000989801083415,0.1022098725515804,0.09609688073396683
1512,0.09895416353748426,0.8457646694604837,0.04488487899225271,0.15929627763057144,0.03900233179132379,0.09861266648392339,0.09867957979440689
1513,0.09813690956526445,0.8540207305197773,0.04590811051492999,0.1613527705156225,0.036916968128209215,0.0963904799911245,0.1005592942237854
1514,0.09776316847480858,0.8351418121812264,0.044816504963374304,0.15772012028021032,0.03779330212197567,0.09777446870381079,0.09030637890100479
1515,0.09737324806591685,0.7831836161035929,0.04597312726792465,0.15128891138730585,0.0399105343616344,0.10047691715094863,0.1170935407280922
1516,0.09823288893556961,0.777559433927905,0.041249831081858986,0.1464369172027227,0.040701157305089046,0.10639462937848117,0.15233559906482697
1517,0.09608920512769002,0.8157451477623108,0.04283782998527914,0.15325316109628365,0.03871871186577791,0.09626992525934368,0.14666834473609924
1518,0.09685943680270284,0.845369344949888,0.04251184816341803,0.15720577627577087,0.03703698944959758,0.09640103119773544,0.16360314190387726
1519,0.09930848241285198,0.920566772552131,0.04183818660531267,0.16737084174057243,0.0351249816309165,0.09591448118529014,0.1675957292318344
1520,0.09670051930151309,0.8860977137370656,0.041795763533010566,0.1624103278478756,0.033831282477066585,0.09421501904483665,0.16050107777118683
1521,0.0957823868830308,0.742958921852099,0.044196218858014585,0.14401946214288378,0.03663450989419194,0.10532933839589348,0.11283648014068604
1522,0.09718706982188098,0.738363905950127,0.043488754768839906,0.1427566335090238,0.03626113456224066,0.11062389494781633,0.09282588958740234
1523,0.10047871996921978,0.8241494400666879,0.044084283023283606,0.1555221626009128,0.03697543767180045,0.1078810796767303,0.12802499532699585
1524,0.09878043067484187,0.8537587298368319,0.043068188543444574,0.15888112301392845,0.03624508901328422,0.10091074883200404,0.10940119624137878
1525,0.09569142805352605,0.8486689786040891,0.04139450621620241,0.15671943084304335,0.03505135597236298,0.09535198868371608,0.09448003023862839
1526,0.09788031046065594,0.8545272192538115,0.04378628593564591,0.15960641926681238,0.036272282160965286,0.09777699001749836,0.10171380639076233
1527,0.09824448154098592,0.8013471418859588,0.04531243205643496,0.15331739060350977,0.037871096060888544,0.10288239840636271,0.1106754019856453
1528,0.09757950699874557,0.7770682298971284,0.04201528301179047,0.14702284685255304,0.03815215461133849,0.10631551796564526,0.13104313611984253
1529,0.09717799693509187,0.8303548644444978,0.04337299997546479,0.15579898061389805,0.036772972711971726,0.09873903241136651,0.16238711774349213
1530,0.097486319266079,0.8576183794501213,0.04207086580266365,0.15857765346658617,0.03546399275800519,0.09830093753519976,0.16715626418590546
1531,0.09645572187788885,0.9012424099615085,0.040548703263953184,0.16350494707788968,0.035081464765115804,0.09149012480156458,0.1378142535686493
1532,0.09398687349989081,0.8665710169790836,0.04161760519448642,0.159468092592286,0.03428189314846634,0.08893266460154142,0.13104981184005737
1533,0.09259828269939466,0.70608487022923,0.04373885298907606,0.13835971259481236,0.03777133689873135,0.10053060911648456,0.08461521565914154
1534,0.09565927186360566,0.7356153179792189,0.041477968471021164,0.14064044697219227,0.03783238442232568,0.1068992701547124,0.08330945670604706
1535,0.0995843424513568,0.8239770476596342,0.042182468604899236,0.1538674084698614,0.03900208830021298,0.10509613206741614,0.0980149433016777
1536,0.09825771202973442,0.8449726516938894,0.04167365884085215,0.15643065781985746,0.03718807050515349,0.1007923207973851,0.09311217069625854
1537,0.09713408833064782,0.8541284520157669,0.042852346391441566,0.15874893290920236,0.03709175986855394,0.09575813672874475,0.10820028185844421
1538,0.09791446842644823,0.8406201756158387,0.04359162899585739,0.15745284994156902,0.037333303029018015,0.09882690432346898,0.11316017806529999
1539,0.0980652233353318,0.8056146504584287,0.044801763984446706,0.15348931919501557,0.038533860697433045,0.1016590817662699,0.12550871074199677
1540,0.09817524816226014,0.783121625023441,0.0416147006485584,0.14754426127354162,0.038930520855373726,0.10681649808341447,0.1401178240776062
1541,0.09715470132025886,0.823815853963277,0.04386491019214389,0.15528647358802009,0.038188347006900866,0.09788496061015606,0.1308709979057312
1542,0.09749641448800168,0.8606308360266405,0.04038751167123803,0.1575651294362955,0.03794840693616593,0.09704079551610088,0.14255857467651367
1543,0.1001886798740895,0.9387471180846634,0.03953621824916451,0.16799491822566434,0.03711678713155321,0.09604612746618074,0.15094049274921417
1544,0.09815564423797146,0.9009649695753046,0.03952756867909156,0.16259005452140768,0.037783226657429454,0.09460140062293906,0.16158241033554077
1545,0.09647501538167749,0.755349907647938,0.04132606696535757,0.1433294727771548,0.04137203941048105,0.10369246913543177,0.1263798028230667
1546,0.09952147551640657,0.7705404349389087,0.0405970727758734,0.14487469594202132,0.04250673970450125,0.10972530147941084,0.10209408402442932
1547,0.10373486053599225,0.8508253503141016,0.0426312671554725,0.15808756474956237,0.04440187790847629,0.10809260414819485,0.13549478352069855
1548,0.10071424538387888,0.8728337683771497,0.04145529907874704,0.1602236518356617,0.04029440692746955,0.10151087338792703,0.12081677466630936
1549,0.09791662079901954,0.8636048509642508,0.041028791345952276,0.15853965700570916,0.039712729540668415,0.09579986896922334,0.1004510149359703
1550,0.09981342254758413,0.8529081190756617,0.04234131702008346,0.15813657445659463,0.04221093930849725,0.09918283746140094,0.11465742439031601
1551,0.09937756467145556,0.8069402064088729,0.04319471457052998,0.15230121340457894,0.041875042685100505,0.10338407876803327,0.15646760165691376
1552,0.09894553352296183,0.7970823485223528,0.040045164485036,0.14819333363322412,0.04380563870812791,0.10410111638946201,0.15238861739635468
1553,0.09776903725127313,0.8391472735127451,0.04215278747340335,0.15600914262188076,0.04048829930539904,0.09692959075463133,0.1568562388420105
1554,0.097049080468675,0.8604070612470327,0.039096429640601726,0.15642651987009187,0.03870730952398491,0.09614287056903904,0.12215490639209747
1555,0.0968302597741998,0.902378405480465,0.03917252161970176,0.16248764788552508,0.03783925262370197,0.09099717643347581,0.11367832124233246
1556,0.09472570378396931,0.8597101728127201,0.040464183100818715,0.1574993244882332,0.037202023449227836,0.0901320059606372,0.10857141762971878
1557,0.09235315650205393,0.7200030708297811,0.04158611318078193,0.13850282141635326,0.03844423402673728,0.0991425068679441,0.09175946563482285
1558,0.09640562394128699,0.7381710235639969,0.04195794041413454,0.1414169522926863,0.040860475714636905,0.10562271633213141,0.07468084990978241
1559,0.10105298340608954,0.829013782445121,0.04252257626242878,0.1548784628599562,0.042500149230740004,0.10518941878738704,0.09085633605718613
1560,0.1005186045178979,0.8573494730871267,0.04126675366533686,0.15784999929702112,0.04059483926437753,0.10278692868299544,0.09238378703594208
1561,0.09852429696139463,0.8455655434792034,0.04279214955014332,0.15747406296858046,0.03992032740638557,0.0982217250657399,0.11340830475091934
1562,0.09972462878146478,0.853731387974086,0.04140131663194225,0.1574484696808199,0.04169256993398782,0.09999431948607135,0.11021026968955994
1563,0.09928030475705603,0.8228695009030276,0.0418389377845618,0.15341473251577117,0.04135663310534627,0.10259589316342631,0.12257907539606094
1564,0.10053336110777365,0.812784159958424,0.04049314506130786,0.15082043290375305,0.043124765194548775,0.10676469471036347,0.14397035539150238
1565,0.09770728412209877,0.8364499545474398,0.04254468388371313,0.1559597225499598,0.039475835855126144,0.0976889177313214,0.1396252065896988
1566,0.09749516203194988,0.8558488562203985,0.04045080783567785,0.15693624331920938,0.038028729885512515,0.09751734403373055,0.156117245554924
1567,0.09995407245635182,0.9215855163265422,0.040712065873256036,0.1665511302237255,0.03878630554607448,0.09520344295639255,0.15089237689971924
1568,0.09764501840818562,0.9037148387541598,0.039638537900116726,0.16307800945069428,0.03792448566960317,0.09264661739225016,0.15109916031360626
1569,0.09466476155835957,0.751570730058496,0.041036192147537696,0.14254112613481743,0.039190403513699325,0.10131300584303664,0.10009364038705826
1570,0.09858915208269906,0.7588496925189662,0.040652623116251306,0.1432522044594963,0.04087881799950562,0.11000552357579575,0.09635704010725021
1571,0.10113915171519466,0.8350290082750145,0.041236865406597996,0.1546357429592289,0.041234748981630105,0.10674598676853361,0.12742303311824799
1572,0.10044443016162852,0.8653040736415812,0.04091880060454258,0.15868812532411952,0.039054725667838235,0.1031971883265154,0.12139059603214264
1573,0.09834248433624597,0.8578562956328663,0.041447531214792506,0.15807735470308876,0.03823926930026455,0.09866478592174234,0.1095011830329895
1574,0.09921565776644027,0.8564319552171784,0.04035406612394727,0.15693662170869457,0.04060101255003169,0.09999762888132527,0.11361756175756454
1575,0.09856593707241976,0.8222558337253887,0.04124145154254027,0.15281493471151864,0.04004527577502014,0.10230364277343289,0.14503426849842072
1576,0.10008531812214892,0.8144553418579077,0.04057891693637469,0.15113269192516515,0.04309951285817542,0.10528144565048664,0.14414431154727936
1577,0.09806482744572859,0.8417869324742043,0.04239113294984719,0.1565905328818982,0.04011109592384859,0.0975643502707252,0.1463118940591812
1578,0.09808707943611247,0.8618270973165834,0.04072967324374464,0.15802930525415018,0.03917694102645559,0.09718400295377928,0.14925935864448547
1579,0.09770750474064273,0.8885015952506243,0.04072774812265919,0.1618382977123685,0.03951750291306481,0.09250931248951336,0.1158754974603653
1580,0.0943425830478775,0.851825713952817,0.039945691428392875,0.15592855178902493,0.037967318884638605,0.08978321654220754,0.10207199305295944
1581,0.09295233340830465,0.7028770314176273,0.04201632983467533,0.13642500148938275,0.04083969206353607,0.10051231001403382,0.07545706629753113
1582,0.09786304529593542,0.7382395175449938,0.041241798574256854,0.14081290128436214,0.0435204655544084,0.1078316785798982,0.060100194066762924
1583,0.10162297274924637,0.8271386392381193,0.04218161173946533,0.15431832995355874,0.04342597441829331,0.10643690873505694,0.08340143412351608
1584,0.10063998000543153,0.8588069679073888,0.04211182327998169,0.15878255822675413,0.04013132845235323,0.1027102941707178,0.07818610966205597
1585,0.09867753095342725,0.8545008094594321,0.042618661572876554,0.15860182555667018,0.03935351483973455,0.09815228727507075,0.09014818072319031
1586,0.1000754438083864,0.8611877268285801,0.041085253074163615,0.15824274932479457,0.04181019157559635,0.10016114718522054,0.10164615511894226
1587,0.09901900262806924,0.8183570056244649,0.041266966020131225,0.1522798288207503,0.041440564466372544,0.10279691310095791,0.11230305582284927
1588,0.10080911166364072,0.809869094881597,0.04075721965250065,0.15063034468522865,0.04384126433804664,0.1070623991796461,0.12815864384174347
1589,0.09840495433724215,0.8341823717380905,0.04242013931864091,0.15552902966427656,0.04077737374153721,0.09884552144732886,0.11738182604312897
1590,0.09736918678083373,0.8376344881130516,0.04167112418068042,0.15538017617101915,0.03838481439297863,0.09822089690379465,0.13475897908210754
1591,0.1005089109508797,0.9274964888664134,0.04162220336152569,0.16817567271936681,0.039816354548830916,0.0944064812552462,0.13260287046432495
1592,0.09847679857705384,0.9053528752240569,0.04080214536158811,0.16430939248479795,0.03777245919935398,0.0939895758632651,0.13287301361560822
1593,0.09587916403750553,0.7572457026370046,0.04153901588790825,0.14378282828063632,0.040320586366363265,0.1025772132870156,0.10618837922811508
1594,0.09891341937370113,0.7518029076544827,0.04079846353316461,0.14237052697906719,0.04257454296833637,0.11018496707369996,0.08853714913129807
1595,0.10226570963397635,0.8334704590101429,0.04236182234006591,0.15537734186436264,0.04366420788928239,0.1070693454589956,0.12699593603610992
1596,0.10067173745193153,0.851709495005629,0.04264983224455346,0.15822978406756422,0.039946976258315434,0.103442612707667,0.09957681596279144
1597,0.09710444348650439,0.8467612624626933,0.039533134526167996,0.1548514385171002,0.039323953563064264,0.0971337515177432,0.08285125344991684
1598,0.09951479072660963,0.8701841497609606,0.040198025716594595,0.15876747200864688,0.041461753071221456,0.09846510255329172,0.11659090220928192
1599,0.09786175546384866,0.8055131805898768,0.039940511879634905,0.14930803598109804,0.04164136968806921,0.10203909756506249,0.13299506902694702
1600,0.09966197132473703,0.7952809989192229,0.041819745644931385,0.14945706754125876,0.044425968098251646,0.10442276495845523,0.13990142941474915
1601,0.09918620691644264,0.8516687429188362,0.04282837478899768,0.15837699880754605,0.041103720175751125,0.09821643990983228,0.12111067026853561
1602,0.09944735502416985,0.8752582281003352,0.042554051773323366,0.1615117912486108,0.03945743734455084,0.09763215129745066,0.12433745712041855
1603,0.09785618853409578,0.9004809270866734,0.04095552881606165,0.16374487142614905,0.03743253815226604,0.09307428508765016,0.09332140535116196
1604,0.09489377260416858,0.8596762568523496,0.04071457096880878,0.15770909752360035,0.037355927596217316,0.0902759776816231,0.09561607986688614
1605,0.09213317046298122,0.7017245566231533,0.043165602616018095,0.13724545318846595,0.03783204567899382,0.10017340726417108,0.07092257589101791
1606,0.09783452050367099,0.7445889559040407,0.04278116899165938,0.14303942426485672,0.04035467772894446,0.10857509214051918,0.05679961293935776
1607,0.10176491198631808,0.8425369789556323,0.04341297864336616,0.15757355011654697,0.04064380627289984,0.10641332112160871,0.07193959504365921
1608,0.10023044749964266,0.8432549284452651,0.0435839222122816,0.15782263738842212,0.038950707307243704,0.10345705401530969,0.07317176461219788
1609,0.09925990723056323,0.8501688517595949,0.044285657513945524,0.15941182812046686,0.039013056356752444,0.09934297096648195,0.0816207230091095
1610,0.09941578987967863,0.8537979920016231,0.04241506306996213,0.15832691006019942,0.040503543354719715,0.09941677543106198,0.09536241739988327
1611,0.09835053584945051,0.810228151504577,0.04221842790744651,0.15193410270703658,0.040086128034147475,0.10244627168745284,0.0994056984782219
1612,0.10032657889859169,0.812141898795441,0.0413818475934515,0.15149042633659285,0.04195809946340353,0.10663063189613028,0.11504391580820084
1613,0.09864343689088027,0.8435182064042168,0.04278710875342726,0.15717726556068293,0.038480009908238196,0.10006933541461482,0.10320677608251572
1614,0.09810669201197708,0.8465749464694124,0.04288274321379896,0.15769591510745803,0.03779890069071649,0.09873543920953426,0.11895805597305298
1615,0.09981790581454492,0.9210583841069633,0.04316689734449917,0.16857996688199406,0.037904916865348075,0.09382496771107418,0.11477186530828476
1616,0.0993690582366782,0.9108316289111865,0.042003619954453425,0.16612190694827245,0.03804380705278881,0.0946199103999365,0.11510594934225082
1617,0.09634047063874712,0.7701150713537549,0.04390769298350622,0.14765160417925602,0.03761402690493675,0.10282886705788591,0.09510966390371323
1618,0.09970253870137637,0.7593990722753126,0.04304956505011204,0.14538520893942639,0.04158403373077048,0.11058389409236274,0.083811454474926
1619,0.10304604312318172,0.8634553496922857,0.043737976162548674,0.16084045809536823,0.039217711111846305,0.108325720532437,0.11467406898736954
1620,0.1020282192548298,0.8758567156979828,0.04537152597110585,0.16401226736065974,0.03797944964694032,0.10383485056913186,0.0973878800868988
1621,0.0985797744068594,0.8665820492609009,0.0434296462700745,0.1610228466973354,0.03603767632273928,0.09866642197629799,0.08254377543926239
1622,0.09789992948371397,0.8624133316575446,0.04265607138241384,0.15976425142171827,0.037363823610183804,0.09673774042729912,0.10417293757200241
1623,0.0959070018077238,0.8080272885342343,0.042285291130513054,0.15167700504533038,0.036111492861779775,0.09942931930251908,0.13254554569721222
1624,0.09791615056984963,0.8059948187964294,0.04302056874329211,0.15201689017945458,0.03869912270293297,0.10239290279499738,0.12848307192325592
1625,0.0974812841707728,0.8496813450277887,0.042916521319827615,0.15816863899239347,0.03671902960290553,0.09754682144873854,0.10883374512195587
1626,0.09794537367120894,0.868989105203007,0.0430427327685022,0.16103507168771716,0.03561193809183211,0.09728364403871897,0.11260123550891876
1627,0.09585322020632941,0.8867286288648718,0.043091820590667095,0.16361136462983916,0.0348465959786058,0.08994564003501658,0.08136101067066193
1628,0.09373107364982092,0.853149144720707,0.043458766229489354,0.1591288202996633,0.03342967776913583,0.08927176672680831,0.098384790122509
1629,0.09106062514748371,0.7132305784848654,0.0438439408705924,0.1394706033869171,0.03417324204487322,0.09847835440276373,0.07725700736045837
1630,0.09662904252931061,0.7386181778263486,0.04247396380878895,0.1419231372398689,0.03843995390481849,0.10791216220400274,0.061657700687646866
1631,0.09917348258584138,0.8321261087561433,0.04372693172066464,0.1563553855828759,0.03767700303477777,0.10294873707061683,0.06315349787473679
1632,0.09806045870990493,0.8346955778438436,0.0437123597022502,0.1567099622939064,0.035931509800149065,0.10110497336994004,0.0654127299785614
1633,0.0975070938139694,0.8558169626090151,0.04536818385290884,0.16114658081806685,0.03373232326996521,0.09762546691138776,0.07435473054647446
1634,0.09771646015644393,0.8601644164573724,0.04355231119122537,0.16021118337210352,0.03594699559687908,0.09708185883236106,0.08420970290899277
1635,0.09690106688004646,0.825353802009322,0.043156474056694726,0.15489894947849864,0.03652753043031977,0.09897976399991168,0.09629704058170319
1636,0.0968283380597888,0.800036662925369,0.041812293701632995,0.1501300607335953,0.0372494265700476,0.10232087827373171,0.10728871822357178
1637,0.0960470542660228,0.8498252440991474,0.04265331257810112,0.15796358850967915,0.0347203027207219,0.09553099440496177,0.09592942893505096
1638,0.09583916365179085,0.8597097482080027,0.04225657790575688,0.15903560223464913,0.03382169242586793,0.09480756721447237,0.09982214868068695
1639,0.0970619394286727,0.9089826417792073,0.04319942120478324,0.16688273842970094,0.03293776518946937,0.09207739276207592,0.09959454834461212
1640,0.09637512336163714,0.8754677169712353,0.04462750315926822,0.16331896227526352,0.03265510452110278,0.09355428079768165,0.0988413542509079
1641,0.09331496838529545,0.7338613791771496,0.043784516180911115,0.14236692518037372,0.033694786763871054,0.10256216510834826,0.08145563304424286
1642,0.09802025056447393,0.7409620627766231,0.044201402778984156,0.14373863992150399,0.03693879613785396,0.1114629325003651,0.07253867387771606
1643,0.10123287351817009,0.8396273026689847,0.045652562052600376,0.15907752499779812,0.03516666539765442,0.10842673557894675,0.10201071947813034
1644,0.10147415862797673,0.8543714419542239,0.04658302696094014,0.1619813719599807,0.03682822067758218,0.10509554266906855,0.07618721574544907
1645,0.10020004653274434,0.8581526632509794,0.04784403728366182,0.16360241242185003,0.03532297638745917,0.10149041275690135,0.06931035965681076
1646,0.10210985058280198,0.8766686136352116,0.04827917173857604,0.16662052058095256,0.03702074439689999,0.10261598224708447,0.10434021800756454
1647,0.09926479295382445,0.8316226755414762,0.045749806992623765,0.15801735964245983,0.03591988779223456,0.10328308911765971,0.1130298599600792
1648,0.10064951514103426,0.8048684805697919,0.04779416749758009,0.15594764079361031,0.03958165924152833,0.10569802910709789,0.12100730836391449
1649,0.1025093948966985,0.8627017392632005,0.048933650331996946,0.16518623446502603,0.03760693707194112,0.10445681087107461,0.11002791672945023
1650,0.10298639410296015,0.8886564743828909,0.04965931950675573,0.16951605591763216,0.03767863897739913,0.10191722574998803,0.11397092044353485
1651,0.10207460360905651,0.9194642185334553,0.05257721463670525,0.17641821519338383,0.03675208708536966,0.09418114543099615,0.09396861493587494
1652,0.09924909098911051,0.8520984613147626,0.05420254214274143,0.16818767345303018,0.04034051904623389,0.09047283178319784,0.08881689608097076
1653,0.09524287622004945,0.709273138419996,0.05464248578211086,0.14816115044466588,0.04267020500360335,0.09494047358790045,0.0691455528140068
1654,0.09922126671781725,0.7186113382204911,0.05371859928879871,0.14870327627904048,0.04367503750164632,0.10452745891589646,0.05088771507143974
1655,0.10360585076437068,0.8136594433023523,0.056415622927936664,0.1645933115528532,0.04480859698925995,0.10168941962767036,0.06358618289232254
1656,0.10471973916504976,0.8627730290886815,0.05545396908210972,0.17078526336876282,0.04298791225343564,0.10092775403446316,0.057386744767427444
1657,0.1017332080370009,0.8618337414196573,0.05423076527681495,0.1696026190115067,0.040308437298507416,0.09609414783049006,0.05669102817773819
1658,0.10438744920901065,0.8751167634564065,0.060139678230029005,0.17656497611951152,0.04177243319744062,0.09602025217244617,0.07322241365909576
1659,0.10112070121140074,0.8409058713959447,0.0552275165587938,0.16746728153552964,0.04185816745349418,0.09492216046595621,0.09372038394212723
1660,0.10361319295837923,0.8436117470366113,0.054323491618269375,0.16707895667803255,0.04335054005258889,0.10081047099624918,0.1098010465502739
1661,0.10126547594534144,0.8801258312005559,0.054126289504035564,0.1721262240321099,0.03866585485008049,0.09403698982777238,0.103786900639534
1662,0.09890974623868462,0.8677151542947383,0.05064135429395078,0.16736618286549185,0.0382024701460281,0.09212923077130272,0.08858799189329147
1663,0.10018685057759846,0.933359032569532,0.05103993528888612,0.17708552061469265,0.035615714226162394,0.08940025860264755,0.07171947509050369
1664,0.0984127126312682,0.8691939357240872,0.049862711476508115,0.16691002922616224,0.038572790218829874,0.09083749272161942,0.06754172593355179
1665,0.09801239024927363,0.8049124309330669,0.05066552143310049,0.1584150799330957,0.03939765084191093,0.0964479337573717,0.061404649168252945
1666,0.10326547756060785,0.8114522069166367,0.051932474056387345,0.16043529303642295,0.0419984454230374,0.1068505421396437,0.058208074420690536
1667,0.10813283275719635,0.914252648933647,0.05424374338109785,0.17710215846003344,0.04233363234587039,0.10535897312712406,0.07794439792633057
1668,0.1049046038234017,0.8909503363396993,0.053133729945510945,0.17282181657325216,0.04200846418522646,0.10051116485068586,0.06029977649450302
1669,0.10227779689718003,0.8997506835537467,0.052809520306138426,0.17380111505579673,0.040648796513286775,0.09362026884429708,0.06547552347183228
1670,0.10232063989807626,0.8746927005996344,0.05661235420541158,0.173480975118872,0.04215771530481124,0.09269790559898691,0.07196328043937683
1671,0.09850708418573664,0.8258707608591012,0.051074392264206105,0.1617595877777625,0.0401008278753795,0.09426661781427653,0.08120963722467422
1672,0.09680244078684354,0.7821599489858013,0.04754175646218178,0.15248721253698458,0.040407227769823355,0.09742407689536278,0.09071269631385803
1673,0.09789756622953644,0.850360367436211,0.04862694201525691,0.16316028850396466,0.037436381827974416,0.09369622059077853,0.10625253617763519
1674,0.09819217086331271,0.8714241150576578,0.04847226719429726,0.16603681688906305,0.03714971131574081,0.09224025769490657,0.11665528267621994
1675,0.09753567197993265,0.8866621649153806,0.05119759458034658,0.17054967605678004,0.0369493289180979,0.0866614685917966,0.0897337943315506
1676,0.09362338074627218,0.8126560649921346,0.05066825345686277,0.15952365510475877,0.037667428327537764,0.08492209904898902,0.07189849019050598
1677,0.09151121106201397,0.6949004510113481,0.05120228679915314,0.14315916740089527,0.03910004671667354,0.09217901806766568,0.05977943539619446
1678,0.09641189704258046,0.7187999110856826,0.05253171170793682,0.14771288304761482,0.039542084593295924,0.10128462018129941,0.05315704643726349
1679,0.10026786723307012,0.8036526814067756,0.053384558911273416,0.16056571926777372,0.04220002197424654,0.09831661130417506,0.0685361996293068
1680,0.09964921693919802,0.8068872011836922,0.053609999055852293,0.161221027931258,0.04055679623514026,0.09747975043719609,0.06965606659650803
1681,0.10045365776835209,0.8501169971555,0.05354490231194336,0.1673409158610229,0.040084089157998236,0.09475067947132473,0.06994766741991043
1682,0.10145535313266031,0.8540355797488439,0.05648428837452108,0.1704201871422815,0.0415977227281633,0.09348654997817668,0.0721699446439743
1683,0.09839413768084858,0.8058993292076895,0.052672342804489874,0.16027619800494697,0.03919238744759734,0.09604886635135733,0.08819660544395447
1684,0.09843215527772285,0.7911903432147516,0.04984392951031669,0.15575056003952165,0.040443187132766394,0.09901889823798579,0.1037118136882782
1685,0.09803093008664207,0.8459860433173253,0.05007061287496059,0.16377281722386985,0.03831376689406734,0.09275929663507068,0.08874331414699554
1686,0.09849520722865725,0.8535609000736211,0.04878181989185144,0.16375025991781852,0.03904346891674691,0.09341730714856267,0.09531453996896744
1687,0.10119592095180506,0.9221041723300539,0.050603534204519136,0.17510362536530982,0.03769805741726711,0.09208731018270905,0.08165521919727325
1688,0.09829722871501613,0.8706073512398373,0.04949163668283149,0.1667938816195466,0.03931494847891924,0.08997215263013678,0.0850391685962677
1689,0.09525233632353225,0.7373360941882594,0.05049352317150193,0.14861389045961013,0.03965072971200862,0.09721238223954728,0.07705579698085785
1690,0.10209377680585273,0.7830283293405518,0.05226373516924765,0.1566586771937197,0.04196853243780897,0.10695907778850738,0.05924602597951889
1691,0.10740945534887487,0.8886907737580507,0.054402472021015134,0.17358651512630593,0.04404283707521596,0.10495031903307425,0.09231498092412949
1692,0.1061636057850886,0.9099447544340542,0.054400443915381645,0.17662105970376343,0.04201759995864846,0.10064108870438329,0.09638833999633789
1693,0.10272640592768584,0.888853106874863,0.05393579966304757,0.1732097006933069,0.042402529950067845,0.09383691448818317,0.08776956051588058
1694,0.10240852177918323,0.8709526037234454,0.05755472136664402,0.17375441884618706,0.042007154672471854,0.09283205806392733,0.08912378549575806
1695,0.10034433773032449,0.8447780587564304,0.05253295801735818,0.16571082955151137,0.039597682229034,0.09630198095041514,0.1013847291469574
1696,0.0993079745659767,0.8096974380466239,0.05012515383761366,0.15863548015318654,0.042755324305647276,0.09687997615495633,0.10351764410734177
1697,0.09960736554964718,0.847758219214968,0.05108618064591558,0.1648964718700659,0.03959643899265523,0.09498895825664874,0.11794998496770859
1698,0.09949543942665097,0.8684649362687962,0.048218295041183606,0.16539638664512826,0.04058232938601082,0.09338108189604347,0.11400005966424942
1699,0.09765980340631643,0.8864895528346404,0.050500726586791535,0.16992770176505564,0.03817833466482444,0.08647167749122507,0.09472750872373581
1700,0.09131838767125017,0.7878232029463103,0.048949751538992003,0.15450310174003748,0.03841575136465784,0.0823215696293296,0.07721376419067383
1701,0.08964564876768247,0.6602444947432696,0.050433511648282116,0.1375493663761375,0.04043037544106914,0.09079326002107102,0.05321859195828438
1702,0.09654386858837176,0.7205278673740867,0.05039636334510855,0.1461294353492483,0.04219241348444035,0.10071402088854478,0.040591049939394
1703,0.10160548939736538,0.8226717007444064,0.050984390159924876,0.16122543452913654,0.04457809770693878,0.09933700513618894,0.04772523045539856
1704,0.10028955904337006,0.8377625191361416,0.05059970349329677,0.16305153429941746,0.043458891247183815,0.09509966501599151,0.04967609420418739
1705,0.09988959692265102,0.846635053442343,0.05223782366306679,0.16572314220296339,0.043775709563837355,0.09138489624133969,0.0644252672791481
1706,0.10097453435900022,0.8485568230088688,0.05512580213919136,0.16847309083485956,0.0445173407667102,0.091313341835877,0.07124314457178116
1707,0.10028131288827152,0.8303915928478097,0.05039467402452907,0.1618228052849977,0.043667110763478956,0.0959699339003296,0.08942321687936783
1708,0.09995163393285096,0.8005228998344565,0.048597461499752546,0.15601538126185308,0.045096160944807,0.09889439388451254,0.10224331170320511
1709,0.09933230895542094,0.8511313605007687,0.04872476887131688,0.1633542819612386,0.041340628384954316,0.09405580307448883,0.09367410838603973
1710,0.09506674623012609,0.7903458973715304,0.04775341072453037,0.1538380516741018,0.04009952723981564,0.09173817058316902,0.09523530304431915
1711,0.09813159686372544,0.8797933564777722,0.0498492882920196,0.16841272660426995,0.03923526276844804,0.08816990067411673,0.08089320361614227
1712,0.09661575223152857,0.8397839251000017,0.04946304046765678,0.1623660239865632,0.040193910831123815,0.08845337567122746,0.08433610945940018
1713,0.09603289575883199,0.7600056001341345,0.05030915126995389,0.15169435825055114,0.04162956679479174,0.09493202892211297,0.07166417688131332
1714,0.09921765817373869,0.7576671639817102,0.04991362752230752,0.1510212755879365,0.04467448698124072,0.10161476772975132,0.05841163918375969
1715,0.10445636838467061,0.859454329087613,0.05139956110267688,0.16683595652909636,0.045648935809543226,0.10133073226153452,0.0814042016863823
1716,0.10189586585891525,0.856692861784154,0.050171656211522,0.16538897129332655,0.044700535752971705,0.09638531244650594,0.08154335618019104
1717,0.10100283373845954,0.8676128629276915,0.051560557530011646,0.1681394583011088,0.04501323434143445,0.09124918671853843,0.07677368819713593
1718,0.10202309525164312,0.8621948299833353,0.05716600687214196,0.1721701244594553,0.04509476849369721,0.09045673060801017,0.08920927345752716
1719,0.10161472542072357,0.8506179909589111,0.05163444133968207,0.16577494842814336,0.04435089733551695,0.09558037986378702,0.0914887934923172
1720,0.09937144620288527,0.8122450800106221,0.049943541317356586,0.15884376113068024,0.04550377738866256,0.09446738085350956,0.09886251389980316
1721,0.10054113297701338,0.8727593835282617,0.04827666294255848,0.1660599087405161,0.0435072949313998,0.09311681247386039,0.10334889590740204
1722,0.09856122597819611,0.864635890244219,0.04764865708524758,0.16436111896510067,0.042423765481430245,0.09010659754932479,0.11044707894325256
1723,0.09722138546324857,0.8707779682075981,0.049248077672743716,0.16660949060629435,0.04127656373745085,0.08545851247315657,0.09243800491094589
1724,0.09141037033698889,0.776943365425506,0.04865281701092151,0.1526943239272907,0.040056907854502624,0.08272119061765026,0.07189596444368362
1725,0.09102080738048465,0.6696395142957408,0.05015355581874346,0.13865154988688594,0.042047645451644,0.09219542437511914,0.050333648920059204
1726,0.09595890737710268,0.7153457368309665,0.049989999883836844,0.1450408194477125,0.04444697815886722,0.09808517238127513,0.038588061928749084
1727,0.10138655979973143,0.8212582196268448,0.05042456835572745,0.16054366139445847,0.045400552917797724,0.09861185192603728,0.05839638411998749
1728,0.09963171592520018,0.8231819153384489,0.049378160893438626,0.15992155438558298,0.04416267567236524,0.09541351749359582,0.061034590005874634
1729,0.10077318596501096,0.8549451965028853,0.05144935299901143,0.16623447349956486,0.04608404191058335,0.09134756041990044,0.06923790276050568
1730,0.10171844793881771,0.8562069184693555,0.05625534076158923,0.1705341375769844,0.04605827155884734,0.09020737383789593,0.0760444924235344
1731,0.10045107235264443,0.8274644369865405,0.051585378735365485,0.16242524419981905,0.04483442985010715,0.09488823417608674,0.08662576228380203
1732,0.09963527430597327,0.8041829983802805,0.04814965246064334,0.15615441616344863,0.04715940231035744,0.09609741317684614,0.09995360672473907
1733,0.0992545710985722,0.851842095690074,0.0469955932872028,0.16197366505904157,0.04393710143461625,0.09277814983912297,0.0982765182852745
1734,0.09602835475994659,0.8076127990822146,0.04607410382144788,0.1548653460015574,0.04311569994773195,0.09084456038422498,0.09415457397699356
1735,0.09863817669594535,0.8659978760621082,0.04844347670575682,0.1652369623280927,0.04279013855462981,0.08923127264146753,0.0728665217757225
1736,0.09710033283490192,0.8320992227169082,0.048770959212262543,0.16067499685578332,0.042598738262115056,0.08916139706781917,0.07535627484321594
1737,0.09821054962934857,0.7759616141334458,0.0518552039325676,0.15529897681840735,0.0428528235629242,0.09669618614704346,0.06640192866325378
1738,0.09973404823510808,0.7650773893674538,0.050479979014600405,0.15256532335072234,0.04426160287418511,0.1020450721997532,0.0586264431476593
1739,0.10529950194892464,0.8676636479532965,0.052144516162520006,0.1686472492754881,0.04441962904531296,0.10314011182884184,0.08514886349439621
1740,0.10332184868160445,0.8935114740771766,0.04938338522545196,0.16997311220426978,0.042264099854691255,0.09842752332282131,0.07832325994968414
1741,0.10262810225186302,0.8957022764032928,0.051263755377168325,0.17189782980947182,0.042883015582836796,0.09429404147435325,0.07410003989934921
1742,0.10105045495618027,0.8570128229118148,0.05597977813617085,0.1704130702469771,0.04244472481591605,0.09163818044946424,0.08755911141633987
1743,0.1008335444733249,0.8468085484521928,0.05200410714307976,0.16554759875866734,0.04051212381435946,0.09698999005024506,0.0977201834321022
1744,0.09962968077221745,0.8097869086885692,0.04961979339666334,0.15821509558122132,0.042688768167646364,0.09819074134333883,0.10464579612016678
1745,0.09917829869247435,0.8522105819945989,0.04944673909552991,0.16412728808111118,0.039964470029580444,0.09416003305744931,0.11898168176412582
1746,0.09750575639665739,0.8265711580093009,0.04903726687070766,0.1601135370333638,0.04035129072909887,0.09273410579865293,0.13253849744796753
1747,0.0973523189492914,0.8613179109084919,0.050977417408742086,0.16674034505156346,0.03764787701363126,0.08887918280350598,0.10705893486738205
1748,0.09264264173353039,0.7866851560557613,0.04995333843888611,0.1552007409555826,0.03795316563359664,0.08575759650167673,0.08972819894552231
1749,0.09315345060094629,0.683575016511758,0.052534091273232296,0.14268279487873597,0.03906253000078634,0.09714482988302028,0.05860476195812225
1750,0.09643496874552254,0.732645587529803,0.049588498397133474,0.14716808255894342,0.03974017171451512,0.10165144156091073,0.04232730716466904
1751,0.10174155240738637,0.8315685765434506,0.05067186747312857,0.1622285401974603,0.04209901205672582,0.10100266089789967,0.059844374656677246
1752,0.09980386280560061,0.8403274754251566,0.04909616654165372,0.16212921066786845,0.04170009729646938,0.0961099782466061,0.0647653266787529
1753,0.10103053525429845,0.8625606668221127,0.05188096961890412,0.1676923549336482,0.04301953810413366,0.09346106554126157,0.0695628821849823
1754,0.10096434506156121,0.8485161020634884,0.05651777270676004,0.16966039118629267,0.04240602253591504,0.09209383691236156,0.07741634547710419
1755,0.09951572955001317,0.8083914339053835,0.05360277052879837,0.1614297224397391,0.040680476543642145,0.09682183215207761,0.09254162758588791
1756,0.0984995807215964,0.7857646545057122,0.04887878116982849,0.15414819164638333,0.042644109075940524,0.09868058385235673,0.10281816124916077
1757,0.09868401897434055,0.8421448359507454,0.0477268405807952,0.16121512563364523,0.04075016294572679,0.094661424672486,0.09378854930400848
1758,0.09477293769073501,0.7792582703563715,0.04678368042103743,0.15142290755465662,0.040337317771980095,0.09283538148871423,0.09937886893749237
1759,0.09758711754555958,0.8540095485146486,0.04961672626103645,0.16452998658298107,0.03865094170682054,0.09058126099671249,0.08014051616191864
1760,0.09557062669269602,0.8117682580304777,0.049345847959113065,0.15826333511216514,0.03966076312833101,0.08963563744447989,0.07555046677589417
1761,0.0968646124701677,0.7492915250124019,0.05181894501331149,0.15145788501318158,0.03978495629264711,0.09904019815036105,0.06857847422361374
1762,0.09896803828923484,0.7491795315293345,0.04955300199651822,0.14949964907263483,0.04144448034654576,0.10508599205361277,0.061652615666389465
1763,0.10296275434466283,0.8329694353250229,0.05081432678867113,0.16255077086529277,0.04298476015844849,0.10330398480204916,0.08858992904424667
1764,0.10027279641847224,0.8418942907644125,0.04769911854294032,0.16115557171743639,0.04311350917189573,0.09701474437263309,0.08450225740671158
1765,0.10203907242171278,0.8741705259647757,0.05011469353108753,0.1678369553073287,0.04440021100239463,0.09489992863870225,0.08082661032676697
1766,0.10156216299914732,0.8494571845782463,0.05549891335274793,0.1689215235278191,0.04364494544062827,0.09330028790026368,0.09266861528158188
1767,0.10113611721507022,0.8340070646049047,0.05239770648441346,0.1640561862159122,0.04182955821588375,0.09797429596362169,0.09402118623256683
1768,0.0991854815562026,0.8024146852547243,0.048847263270396214,0.15649975212530023,0.04294791693121302,0.0982433638551081,0.09560224413871765
1769,0.09960180235237978,0.8521710783094096,0.049199833540662354,0.16391001136476913,0.04125030160663695,0.09438968261906411,0.09882159531116486
1770,0.09708208085034857,0.8274279428548978,0.04747731834908694,0.15889883613563136,0.040502139969274764,0.09249986824666576,0.1114984005689621
1771,0.09748451391127354,0.856834447502171,0.04948495699365799,0.16482059849487413,0.039348096623316654,0.08943480502758529,0.09010174125432968
1772,0.09316927058658107,0.785627394966467,0.048608700200087784,0.15389708516671335,0.040287547009995775,0.08630394095847745,0.07768294215202332
1773,0.09358163467116648,0.6797186443864449,0.051344753749271776,0.14111245241172507,0.04039249416520131,0.09853266709089721,0.04758327826857567
1774,0.09795941515598437,0.733411315168271,0.049904152731318874,0.14754803307945488,0.041424760284080965,0.10403719748586315,0.03700554370880127
1775,0.10258701210412292,0.8270632159354707,0.05143715601318499,0.1622408788592258,0.04319801290319308,0.10235525299422146,0.0529094897210598
1776,0.09849212650733895,0.823917385808379,0.048677649060686314,0.15942618288178528,0.041234236902737045,0.09527548058372508,0.05645272880792618
1777,0.10067851934593607,0.8681830664050891,0.05104089537772558,0.1677754912387775,0.042636556769743615,0.0927553861938682,0.0662870928645134
1778,0.10058182369821847,0.8475329434396801,0.05505347387793023,0.16826482667246595,0.04276999384941732,0.091944547213453,0.07819673418998718
1779,0.09911881574945047,0.8029892565360364,0.05243780077414382,0.15965943731155702,0.041853518145742265,0.09625290728585187,0.0938686653971672
1780,0.09837000803595887,0.7779288307608868,0.04881337215618031,0.15297272338542411,0.043192804401539324,0.09887268528529392,0.10936221480369568
1781,0.09865342798333267,0.8397636321448176,0.04802970644892621,0.16113455297691068,0.04155594724484423,0.0939427392601293,0.10134577006101608
1782,0.0951747346812481,0.796132402973417,0.046709456271502164,0.1537698772289186,0.04047168398223894,0.09176915431366944,0.10079262405633926
1783,0.09744620913192495,0.8625679320987304,0.04914296165768169,0.16534652886354578,0.039707519776710845,0.08855478255256904,0.07905016839504242
1784,0.09482644618288537,0.8137519301792671,0.04755114599293884,0.15700840087670004,0.04092375193274941,0.08758209329466654,0.07128050178289413
1785,0.09670252632392881,0.740922433230488,0.05158931261851163,0.15006547270593681,0.040894144973148805,0.09884228192160428,0.054383642971515656
1786,0.09931310467466857,0.7545604826291932,0.04944880787567533,0.15017904712617788,0.041490865706880875,0.1053998641264122,0.051247648894786835
1787,0.10353084828789268,0.8442861984851042,0.050381521110959115,0.16379647502155129,0.04339247650012727,0.10341950021023613,0.06539981067180634
1788,0.0996632039474628,0.8547003355485003,0.04719662635365816,0.1625542990957785,0.04198349360302726,0.09510324224406766,0.0703696757555008
1789,0.1005145767546226,0.8857525098368517,0.04996070098354354,0.16935953081973043,0.04239639615007024,0.0911286499766366,0.07025080919265747
1790,0.10057165345587772,0.8550667677251995,0.05474816869349375,0.16907939712659456,0.04328050355237873,0.09075713390956205,0.09364909678697586
1791,0.09915650895420097,0.831915056589968,0.051596199927689795,0.16307032230801524,0.041500894061175,0.09368058530101117,0.10093136131763458
1792,0.09756937552528977,0.7891716702201622,0.04778252193300361,0.15369525740259768,0.04355539449088784,0.095721462287747,0.10876329988241196
1793,0.09795201409952044,0.8435662727776347,0.04805840768603647,0.16170238841340767,0.04187754217896049,0.09123559950535907,0.10048991441726685
1794,0.09685222342105769,0.8467585113157733,0.04646188005369036,0.16078997023398792,0.041346290010888916,0.08947438669364143,0.09680356830358505
1795,0.09573730205400732,0.8640042645380728,0.0485248608560476,0.1650219185249083,0.03913572827392004,0.0846396396995453,0.0807637944817543
1796,0.09066633685448368,0.778028063152421,0.04750555581404564,0.15186591400524213,0.03899242464001447,0.0823313800352306,0.07520948350429535
1797,0.09150763667544637,0.6621596311367489,0.051550809629538064,0.13878064127342532,0.040604566887564274,0.09468394371661158,0.050536900758743286
1798,0.09646927721566428,0.7198462105010773,0.0502234714684451,0.14588386275882112,0.04158932984990886,0.10125146881043803,0.04457283020019531
1799,0.10236066302258912,0.8303448020245698,0.05057386442858288,0.16196971265658103,0.044350417989810584,0.10096170899652741,0.055863335728645325
1800,0.09906488808378015,0.8404681696196964,0.04771661523808788,0.16096683729260342,0.043376001103251294,0.09362845863402253,0.058689821511507034
1801,0.10032372528920706,0.8749089369560995,0.05068174889993939,0.16842849005081945,0.044065876299055166,0.08995767398917909,0.0695963129401207
1802,0.10108081658313935,0.8575913638536675,0.05550553454380273,0.170089224445212,0.045472067934783325,0.08935611477113728,0.08227133750915527
1803,0.10011669476587694,0.8351340724127418,0.053268658662338174,0.1649637177695387,0.043264151231662544,0.09312152523011054,0.09810170531272888
1804,0.09852846692510658,0.7889810940760587,0.04881835782898031,0.15455589157856292,0.04537690080537022,0.09601209070810157,0.10709153115749359
1805,0.09876786636137327,0.836394424896749,0.050079817719365566,0.16241047588756322,0.04324780660780346,0.09166063531033067,0.09364347159862518
1806,0.09481040073221535,0.7897616068621234,0.04756923190570134,0.15359671404233305,0.04215298422525606,0.08944761602945175,0.08821944892406464
1807,0.09626664203059633,0.8668719731438563,0.04927057828229161,0.16607077754822946,0.03979843432894407,0.0845977051916131,0.07759401947259903
1808,0.09458548998020498,0.8224316988104493,0.04875200933798185,0.15927767926262007,0.04004018861945824,0.08570696304874514,0.07473711669445038
1809,0.09595430684159921,0.7392693998073608,0.05219416923030116,0.15034777359845256,0.041578365450057615,0.09593897214695142,0.07087291777133942
1810,0.09777888009434642,0.7545970639258353,0.05026559988401125,0.1508843804614147,0.04172883801704419,0.10035535409080111,0.0696793720126152
1811,0.103248879173744,0.8475162562766008,0.05244279699831313,0.1660247197523542,0.043375921165143334,0.10070885692498563,0.09000127017498016
1812,0.10009134147326203,0.8616796324550335,0.048446222116066716,0.16462242359306198,0.043356428313169416,0.0932696936335181,0.08591167628765106
1813,0.09989966831627123,0.8873601549409895,0.04900880965654947,0.16877328755432666,0.044794774545427,0.08785203353246149,0.0794297307729721
1814,0.09858356372683041,0.849451336761179,0.05300314833655278,0.16678146096864224,0.04362112394795848,0.08700253844675802,0.09817415475845337
1815,0.09720441991270624,0.8203030421277139,0.04969458021316936,0.15978150334381858,0.04209766758221843,0.0906678801996598,0.1096411645412445
1816,0.09655971609394247,0.7703817195462929,0.050521113363330594,0.15335834281803948,0.044718966264903806,0.09222157381076643,0.12146075814962387
1817,0.09862046543998373,0.8391416093850098,0.051748243269620596,0.1642330098575333,0.042696763734282536,0.09014272806711635,0.11039048433303833
1818,0.09739816754242585,0.8427376389468307,0.048241614370656556,0.16174104645296714,0.043740894843753174,0.08804826210704073,0.11013401299715042
1819,0.09683956275320926,0.8653307475204184,0.05130054824974778,0.16759057671698643,0.04317750363106271,0.08188672726678249,0.08915798366069794
1820,0.09231280717994426,0.7814492466664548,0.050061512647590393,0.15454547465028526,0.041181835815425984,0.0825988230873494,0.08354528248310089
1821,0.09269980848789845,0.6580841380977982,0.052763646355371265,0.1392380023185751,0.043093225252079245,0.09538464921739821,0.06597661972045898
1822,0.09536196837035886,0.6991788563594483,0.0510002771113369,0.14359721700392422,0.0415933808036752,0.10020363993683738,0.04758236184716225
1823,0.0993668985322139,0.7910322365609515,0.050065081558339976,0.1559175322729988,0.043151086736455256,0.09907392933031593,0.04520654305815697
1824,0.09744742619475737,0.8101448844212709,0.04773418940797868,0.15665000298130613,0.04362404027085675,0.09274063418994025,0.05070057511329651
1825,0.09900329713799558,0.8638258260511287,0.05012634664649048,0.16636912941858162,0.04353288335266776,0.08859480595464463,0.057465650141239166
1826,0.09879151837210925,0.8457877972835495,0.05505559031757101,0.16801733416985368,0.042830933087046094,0.08718444167351318,0.07573293894529343
1827,0.09889897983168416,0.836197789863674,0.05291529277128654,0.16481279235591334,0.04142683124424924,0.09151252388698919,0.09419714659452438
1828,0.09856813382841895,0.7928766296321395,0.049684358215959144,0.1558546827039849,0.04471430961243885,0.09556449975128134,0.10903635621070862
1829,0.09765424985710816,0.8308355803806076,0.04894776488611829,0.1606460242424739,0.04179927735256507,0.09140954821138833,0.09473083168268204
1830,0.09224136405957624,0.7580531007707922,0.046857580046622965,0.14845694015007574,0.04039894084890182,0.08841485528972931,0.09053857624530792
1831,0.09555038854870093,0.858495046975472,0.04796405884493237,0.163754200006438,0.04017583210652918,0.0843247904100813,0.07717689126729965
1832,0.09347130351601779,0.8198590244441422,0.047038311354917726,0.15744127036766406,0.03904592878034913,0.08511978541453738,0.07013830542564392
1833,0.09596197745956543,0.744869161537469,0.05089653649006177,0.15003548292540567,0.04193001873513558,0.09592562406083135,0.06654393672943115
1834,0.09709083308380176,0.7355459057053204,0.04985144921978608,0.14780780014629097,0.041520470931628216,0.10133755378727557,0.060438383370637894
1835,0.10260314193919137,0.8535980553949202,0.04974616706567044,0.16458215111270613,0.04209728333390973,0.10131413519198741,0.08151143789291382
1836,0.09870451448364892,0.8499483183298442,0.046996924095726665,0.16170426612917202,0.042984751222874214,0.09233452464699404,0.07619397342205048
1837,0.09792171206689981,0.8768313845743659,0.04763161602646476,0.16608872581902207,0.04243260366456503,0.08682854488583576,0.0791507363319397
1838,0.0979238981312755,0.8547867923386934,0.0527309763795468,0.16731037865942486,0.042438489478812666,0.08576046024004974,0.08077430725097656
1839,0.09697744553557626,0.823487642806179,0.04956672919263925,0.1601268597088592,0.041596786104162516,0.09017978513644069,0.08519382774829865
1840,0.09510742521601095,0.7575696577566553,0.048109193492512914,0.14946068838739038,0.04369358395415494,0.092535431045178,0.09356504678726196
1841,0.09743170700162886,0.848390746902868,0.04814253776374164,0.16246371049790254,0.040402855943235116,0.09042894861848393,0.11423424631357193
1842,0.09421517331739059,0.8298648379280193,0.045643355860180805,0.1576749961555863,0.040750146006044305,0.08546972723139731,0.12200003862380981
1843,0.09325972926661595,0.850630785198838,0.04810517061846401,0.16275168698708886,0.03887315956520722,0.08004251474993483,0.10064052790403366
1844,0.08962614574965812,0.7790987613165421,0.04573678878269535,0.15050278485895913,0.03864616367462912,0.08096657084467007,0.08212883025407791
1845,0.09013769798946292,0.6677546181878199,0.04921522741518528,0.13757799752556166,0.04040518088298335,0.09214338836354613,0.06630849093198776
1846,0.09343179899694132,0.6929804702998381,0.04917311431503609,0.1411455937414364,0.04111120530363876,0.09746274807714786,0.05039583519101143
1847,0.09702715457476412,0.7801126713440449,0.049326510331901996,0.15372453333363673,0.04149741231992494,0.09600547263373485,0.055803727358579636
1848,0.09605501977670007,0.8012783103818077,0.047465399914037754,0.1551529585522906,0.04261883903058666,0.0911009815009076,0.06215313449501991
1849,0.09788538495939904,0.8593389273667629,0.04881650271865801,0.16460542052553015,0.04314782594680653,0.08740071797505275,0.06844443827867508
1850,0.09775359623785028,0.8393686654043586,0.05306757910497326,0.16539630571917116,0.04279315685140236,0.08665660990483644,0.07967506349086761
1851,0.09776357914281669,0.8323566348896672,0.05042895723612423,0.16213291118663034,0.04137543552525804,0.09078003926984356,0.09903127700090408
1852,0.09701783179961825,0.7875635121384535,0.04718369670585174,0.15295224176765196,0.043859270035103606,0.09458896462153904,0.1162087619304657
1853,0.09607551745819604,0.8234484081804334,0.046727108539250405,0.15768729420227653,0.04091802043042964,0.0904280227064212,0.0959075316786766
1854,0.09195290304395196,0.7764706086270825,0.04557077533430607,0.1499850372332741,0.03957339645246216,0.08700685389584861,0.10359679907560349
1855,0.09613209027484547,0.8936267806978394,0.0470108238696619,0.16795596055940157,0.03826073011566944,0.08392364391513796,0.08316904306411743
1856,0.09438369981305694,0.845496093875476,0.04697572862692893,0.1610500665195785,0.03834914354314622,0.08508086568102241,0.07823635637760162
1857,0.0965494758084804,0.7429494092362896,0.05130334674800576,0.15010992710347487,0.04065143456908428,0.09859486700983186,0.07203156501054764
1858,0.09957552951478393,0.7659747279312887,0.05012123220291797,0.15238601730697093,0.04130847677101303,0.1043500238474198,0.06772444397211075
1859,0.10513771332138312,0.8622027586333736,0.05141153461781226,0.16723885233432104,0.042759357781080476,0.1053802777828273,0.08256891369819641
1860,0.09973277920838325,0.8294687310736323,0.04769050713250613,0.159373110552667,0.042519252245909016,0.09760932537429991,0.07823639363050461
1861,0.09910181547384912,0.8840794173822257,0.048430320879751444,0.16780876323724778,0.04183506972035343,0.089091638715184,0.08607284724712372
1862,0.09876780914304875,0.8660425829157251,0.05072163940949772,0.16719605991038736,0.04171349342829927,0.08881561597203327,0.0923183262348175
1863,0.0978085181060103,0.8134356406105665,0.049219336324810924,0.15839309407991883,0.04141317386020205,0.09414294034392254,0.11359598487615585
1864,0.09722777198881451,0.7734421558730291,0.04663017494030047,0.15046045793069027,0.04466276890101555,0.09664354949149725,0.1267377734184265
1865,0.1001814021149783,0.8447366527075381,0.04702659792742216,0.16098517718172442,0.04389033699964547,0.09623278090749166,0.1353205144405365
1866,0.09773406519163425,0.8484171665746328,0.04762574313321549,0.16202451791056083,0.043940289635415485,0.08854947267426491,0.1495802253484726
1867,0.09573333527071459,0.8660698525638897,0.04916683009179804,0.16586726187352546,0.04349526675410799,0.08007445944528588,0.11348824203014374
1868,0.08992693712008998,0.7579370076563043,0.04749638882939314,0.14898790580466617,0.04252745106314312,0.07972313982091433,0.09437709301710129
1869,0.09047680166015419,0.6429551586770217,0.05186437453381674,0.13630591512570317,0.04436933479719289,0.09072036088289,0.06856635957956314
1870,0.09388435737051695,0.678225508744523,0.05027641141569683,0.13998342531981486,0.04497629218055931,0.09634222995609422,0.055336352437734604
1871,0.09772201728089414,0.7701773484536258,0.049924434671289014,0.15281770806876568,0.0457345582059842,0.09500231453205273,0.06941782683134079
1872,0.09681443830258232,0.7864939436184567,0.048359224810583266,0.15380704178313662,0.04566686210220676,0.09170003943242594,0.08423610031604767
1873,0.09905486345524285,0.8625212336398536,0.05023031824763435,0.16627187758937995,0.04578106516850417,0.08685454958876924,0.09405051916837692
1874,0.09901320281541771,0.8469681267023159,0.05311352601421304,0.16652132611251344,0.045575048910442846,0.08670197959731196,0.10355012118816376
1875,0.09900911871975206,0.8226071852236674,0.051929601711895874,0.16202639935643465,0.04524897295817398,0.09090912570403556,0.11884622275829315
1876,0.09850119480524709,0.7969928536566866,0.04793404004271454,0.1549424419875677,0.04725589469037874,0.09395474112122634,0.13372646272182465
1877,0.09663309620052701,0.8248458948030248,0.0471584520628621,0.15825665816859966,0.04368170027752034,0.08904495091109423,0.11562418192625046
1878,0.09255848231852686,0.7729751099532572,0.045519369830245494,0.14944161841924716,0.04207857086637366,0.08695566075103058,0.11849149316549301
1879,0.09431750919895747,0.8637620835277917,0.04734236301252389,0.16397375165756217,0.04162246814460797,0.07947645797023414,0.09765360504388809
1880,0.092385136512558,0.8170967217216509,0.04608950115774687,0.15623338980973317,0.040958709237488934,0.08151603874321522,0.10193362087011337
1881,0.09616003440562414,0.7717230950382109,0.05143540016267928,0.15433364228775523,0.043186752845541736,0.09160974887383155,0.10202021896839142
1882,0.09668707917440642,0.7619341704278746,0.04819911140722769,0.15016126269589153,0.04386992267136568,0.0961121805332676,0.09357603639364243
1883,0.10054498215512178,0.8436435904752195,0.04912318529493905,0.1626261003206934,0.04469675406236118,0.09509120334141212,0.11893507838249207
1884,0.0980771130869471,0.8385677648394589,0.04747844851056759,0.1604912079861235,0.04470955443250798,0.09016139387280195,0.09755214303731918
1885,0.09714811873938149,0.8792342003170547,0.047114525418078645,0.16598876468936094,0.04454495035761301,0.08294032586719688,0.08923252671957016
1886,0.09558634118035964,0.850854445535961,0.04881781620631002,0.16339447753911726,0.043850734685249436,0.08152287754966807,0.09964846819639206
1887,0.0945769773043486,0.7870877056299688,0.0485752788377461,0.1540770540937779,0.04457195717227295,0.08626880272916411,0.10928937792778015
1888,0.09292786449457587,0.7579480213557719,0.045156826092014136,0.1469841397011224,0.04449934265495527,0.08800358029851568,0.12961675226688385
1889,0.09658519363455181,0.8373605402302264,0.04792857816295485,0.1607045727439936,0.04097661072845303,0.08913824695662662,0.16044601798057556
1890,0.09533674223666623,0.8343861950671254,0.04925658563372496,0.16141795840992504,0.04177016590364618,0.08438643237645732,0.1837843805551529
1891,0.09180022337447036,0.853195331354009,0.048580913494197527,0.16352583033131346,0.04144873869122094,0.0730978663850759,0.13472364842891693
1892,0.0865654258397658,0.7554386963065123,0.045871886809213565,0.1472385738802562,0.03975503360906433,0.07443551450620046,0.12153360247612
1893,0.08742378306341937,0.659377497400803,0.049131120535245994,0.1363091743731827,0.03973204672699191,0.08637933496175046,0.10740203410387039
1894,0.08922165079821485,0.6639714512862336,0.04887761957244605,0.13674816696013,0.041608490346416414,0.08929746455186272,0.09037265181541443
1895,0.09338062488061571,0.7517238733706766,0.04975138068336469,0.15003316535298067,0.04278549630806731,0.08808038946827625,0.09269962459802628
1896,0.09329119334569497,0.760048804420504,0.04856878871492779,0.15020879095858156,0.04403352276891,0.08658875718910602,0.09350433200597763
1897,0.09462175830106355,0.8384190131341869,0.04803986752329472,0.16095117403913647,0.042989355009145205,0.08176187241067828,0.1031588613986969
1898,0.09467448172518439,0.8378760408480374,0.04998544607380129,0.16254124532726358,0.042270829590858,0.08114425919090071,0.1064240038394928
1899,0.0936957394348981,0.7978763480785145,0.04790405192363275,0.15504295137433013,0.04111638437825023,0.08602386466246197,0.13356150686740875
1900,0.09147578541596814,0.7548351698335707,0.0441993014517838,0.14571871122061048,0.042951819979398675,0.08647169509390433,0.1718742400407791
1901,0.09521027538147253,0.8324597860554658,0.04764909145104065,0.15976490496595855,0.04119065949604011,0.08599213839480066,0.14762838184833527
1902,0.09556821454301566,0.820296501721723,0.05087654248873624,0.1607936795220201,0.040558415180987226,0.0866295071281617,0.14775599539279938
1903,0.09473269968890151,0.8559398107424884,0.05177102383293334,0.16665227910572694,0.039175925914793845,0.08041524475152345,0.1201651468873024
1904,0.09238962005423654,0.7921843852089476,0.050368711583595606,0.15634237924436015,0.039921791688688354,0.08234030558273298,0.13446786999702454
1905,0.09320854566294325,0.673051096088061,0.05402879396698898,0.14246055141285643,0.04249523034334002,0.09448719153642204,0.1247439831495285
1906,0.09628553379435732,0.7064049862654945,0.05443650217315666,0.14757485704349066,0.04350087071250746,0.09759395614798426,0.10248781740665436
1907,0.10089710150046628,0.7991712473129777,0.05332197963866452,0.1598718750207093,0.04445212683046936,0.09868352750650099,0.11829299479722977
1908,0.09870556982224339,0.8041707498872823,0.04894992694810172,0.15683861593941323,0.04541633271664638,0.09446723693711713,0.10844321548938751
1909,0.09811529389300629,0.8767934050423656,0.047338139935351596,0.1658317492363536,0.04260525751236199,0.08743467730064122,0.0974644273519516
1910,0.09823143540624044,0.8533424174156818,0.04917560051425814,0.1640565743573187,0.04303475332932536,0.08893153564134765,0.11532856523990631
1911,0.09838336071727513,0.8006421350480802,0.04884646767089857,0.1562458487247817,0.04336778451905722,0.09589231288414758,0.13399864733219147
1912,0.09642573795346064,0.7685298883413876,0.04636207989360353,0.1495289096718584,0.04242331784646754,0.09721258029348162,0.16921453177928925
1913,0.09975574162782594,0.8475459956966431,0.04827772722194105,0.16245890843261276,0.041954949725909726,0.09546616358781412,0.1914273500442505
1914,0.09918062201369728,0.8667653546964313,0.0491304767731608,0.16593545933362802,0.04164893237010794,0.09111036779689857,0.1870364546775818
1915,0.09530185686805889,0.891455809085828,0.04856584976175576,0.1689787010937661,0.04136381900965485,0.07803040129666863,0.139045849442482
1916,0.08991876071146242,0.7868122447738801,0.048418457171254224,0.15390328397162936,0.04162794739394791,0.07618676451164152,0.1353262960910797
1917,0.08942885071985499,0.6664170609042145,0.052660523552892524,0.14034002888879565,0.042302751540197914,0.08611690660423182,0.11938313394784927
1918,0.09119081889152612,0.6892090877722248,0.04927084888240512,0.1406905972952365,0.043674969298234126,0.08945488118241007,0.11108970642089844
1919,0.09514992854158494,0.7793834532066857,0.050026068102693166,0.15421998026040637,0.042893537512631044,0.0891879754379509,0.10464434325695038
1920,0.09724628268939071,0.8058442049829782,0.049008127391166334,0.15712756704713945,0.04557838598484581,0.09005956849283732,0.10359694808721542
1921,0.09672896000111898,0.8677624421617075,0.04710686488587887,0.16434337592528298,0.04472875190088107,0.08306652815518363,0.12238424271345139
1922,0.09657880587491631,0.8505773503976803,0.04984240565019612,0.1642331120426939,0.043917207836003835,0.08346018626215934,0.13053014874458313
1923,0.09744858005219582,0.819581754761703,0.050523862519518146,0.16038927569697314,0.044270779362815836,0.08890604696622319,0.15783391892910004
1924,0.09649581995508388,0.7968728246417943,0.0477254556191626,0.15474650833668144,0.04410695878769812,0.09136672114264859,0.19667017459869385
1925,0.09628644592197659,0.8470443708588267,0.04783539077191589,0.16200810221290315,0.04231895246642788,0.08600155344102096,0.1835639625787735
1926,0.09362722295350911,0.8108536449989157,0.047041451624785624,0.15615747924966134,0.04048739959796453,0.08541059413047747,0.17290417850017548
1927,0.09153265994002197,0.8454074428420422,0.04501848943658555,0.1593597684945079,0.04020262139023943,0.07709772368590653,0.13792075216770172
1928,0.08997672696922851,0.7893598133226382,0.04612377559628497,0.15230035241433543,0.04074836816639937,0.07851836865723547,0.14470399916172028
1929,0.0924619197728413,0.7020548280875529,0.05153177242807202,0.1444636375222836,0.042350160514813204,0.09080820609285384,0.12877367436885834
1930,0.09447556713600996,0.7206835677941326,0.048483677191838215,0.14451223299216595,0.044202468528089366,0.09468244579380394,0.12454825639724731
1931,0.09871147367573925,0.8186199513812016,0.050616967870412775,0.16033167980052543,0.043131222621109674,0.09342651298935217,0.14922687411308289
1932,0.09778404127749929,0.821606161835913,0.04849848019922907,0.15894243471875533,0.04492090959003647,0.09052568724293023,0.12033946067094803
1933,0.09667497446354907,0.8812076953606462,0.04702820308626384,0.16619670198260414,0.04404834252245523,0.08189176583283296,0.09674818068742752
1934,0.09640243217987451,0.8530972594464112,0.05054472329370032,0.16519508560123047,0.04346551882241895,0.08252865962396169,0.11695800721645355
1935,0.09705683631823213,0.8034560489437865,0.0516703696545035,0.15906832383868677,0.04352873250823386,0.08963387557158284,0.14402920007705688
1936,0.09666562041608971,0.7849174514832968,0.050049657839196016,0.1550307712169247,0.04394071295302029,0.09173040749554486,0.1776452511548996
1937,0.09886865146695743,0.8562017100385765,0.04887016880188905,0.16420324612141582,0.042972604705934656,0.09060992206020124,0.20623765885829926
1938,0.09604057095204017,0.8388760810638021,0.047462425510764544,0.16052151916119844,0.04044083929404356,0.08826950646977373,0.22392302751541138
1939,0.08974281075702382,0.806819666314125,0.04791807249523816,0.15633258589793628,0.041436139642806444,0.07374509473366564,0.2179163098335266
1940,0.08655877083819674,0.7268927905850688,0.04791821407423683,0.14491458214721284,0.04089506959024598,0.07545317453476458,0.1896737515926361
1941,0.08885526478637053,0.6606817461330159,0.05065639583989633,0.1378028744531991,0.04254514566000567,0.08654746056346474,0.15256808698177338
1942,0.09142733367828713,0.6940258988197489,0.04907022319445605,0.1412067482837836,0.04338697986460841,0.08990565548544659,0.15439042448997498
1943,0.09453120444983662,0.7535489894889522,0.05144757837316636,0.15174777996113578,0.04246747445758236,0.09002246462067237,0.1301841139793396
1944,0.09535903379157626,0.7737280925030177,0.048732745186006454,0.15230350908843662,0.04457877589665921,0.08996534356487584,0.11698198318481445
1945,0.09684349627978474,0.8666138567592688,0.0492619589015828,0.1660265157383951,0.044376145505333454,0.08221728618114554,0.1377328336238861
1946,0.09762536162198082,0.8443216426059494,0.05188635693676221,0.1650913977466461,0.04589041665633674,0.0838606568578373,0.1466086357831955
1947,0.09727853383637183,0.8009105749219114,0.052136694065170096,0.15910439133041884,0.04452457624961807,0.08934062141749022,0.15267431735992432
1948,0.09645048408025064,0.778284796971717,0.050795319968484964,0.15472238811180383,0.04450495424864255,0.09091490665529867,0.18842913210391998
1949,0.09649319492669509,0.8430593319303239,0.049936677265035125,0.16323991364579069,0.042202870799948125,0.08559384965839001,0.18159590661525726
1950,0.09468754729536305,0.8351863189087125,0.04829719593245846,0.16070992778620904,0.04078175582274338,0.08408553190441506,0.18465293943881989
1951,0.09112784918654306,0.833073968886861,0.046352484271091364,0.15874126778762987,0.040238524487403685,0.07649426702233907,0.14278794825077057
1952,0.08632388425954343,0.7554858548148521,0.0453722859871028,0.14681708153392417,0.03950626549729631,0.07435775306142654,0.13429822027683258
1953,0.0886309859093599,0.6656761242040853,0.04881019242355853,0.13693389696363378,0.04211380894045315,0.08706846858466366,0.11739888042211533
1954,0.09042756108143105,0.6772209785391554,0.04683517694293258,0.1368902914566787,0.04392212505997441,0.09046492852186389,0.1008184626698494
1955,0.0956886604840277,0.775539953681853,0.05012492599290772,0.1537556442341856,0.043579466205943794,0.09047559469596292,0.13849963247776031
1956,0.09731096247049975,0.8106756725482613,0.04845493995933114,0.157343616043464,0.046136999030634555,0.08955960860403808,0.14525476098060608
1957,0.09579594139954534,0.869036111312477,0.04793198853581149,0.16523257750390657,0.04307277132204478,0.08117165862604224,0.14228473603725433
1958,0.09636207895514018,0.8520716900257121,0.04929394338920947,0.16397647862299558,0.04410575725270687,0.08292376073539587,0.1380424052476883
1959,0.0970236319007609,0.8213694671610784,0.04762973316239697,0.1581639808764943,0.045029346187243365,0.08902082654632198,0.15287627279758453
1960,0.0964325282851043,0.797116995336723,0.04715268431800613,0.1542904430349657,0.04604468893524816,0.08989621231009973,0.16658057272434235
1961,0.09735827082226954,0.8653867163657032,0.04689221233529994,0.16381999862535754,0.04293766514236034,0.08682228896448806,0.17562107741832733
1962,0.095542676871674,0.8562320423475516,0.047365347987088136,0.1629177328957257,0.042838591994836604,0.08270557711786143,0.17415450513362885
1963,0.09170096415325414,0.8768668612768367,0.04512840535018615,0.16394818476827908,0.04126680105529198,0.07261453882582422,0.12842310965061188
1964,0.08605670070487469,0.7627779139521338,0.045380731895291994,0.14786604361769798,0.039956033730591534,0.07231160925865202,0.12658223509788513
1965,0.088388100877367,0.6543200445085438,0.04858925047920626,0.1351222210548259,0.043955939986912336,0.08637388650123828,0.10127251595258713
1966,0.0905570693604705,0.6781825051243606,0.046283896289906055,0.13655512612339954,0.04557007449117596,0.0896723902035403,0.08682914823293686
1967,0.09573741099445889,0.7760113240443158,0.04954543163418428,0.15332627340706023,0.04557342584362434,0.08924064339041297,0.10616397112607956
1968,0.0976026924948896,0.8119935002312657,0.04830290283271843,0.15740155960393948,0.04790067094897193,0.08876795262714891,0.09334886074066162
1969,0.09669366775065927,0.8792818296608433,0.04737041579990955,0.16621490349432863,0.044790448871781664,0.08127790299396645,0.10909071564674377
1970,0.09693032618871501,0.8544197381506298,0.047483931642038485,0.16276047542898012,0.04684000049438608,0.08315798058602089,0.11080306023359299
1971,0.09726453788900966,0.808419461522878,0.04728329925395633,0.1560170367209451,0.04894564024280471,0.08813513685149542,0.13640472292900085
1972,0.09738845156975282,0.7895748455320628,0.04773224004902874,0.1537097551180336,0.05102512553192702,0.08867522124810469,0.15606334805488586
1973,0.09836820320418713,0.8622843383282195,0.04825778081560541,0.16454728903169316,0.047093586756477616,0.08532679249686516,0.15044726431369781
1974,0.0977549199234302,0.8551329728164461,0.047641641647884515,0.16299754610053616,0.046784622860703784,0.08526663194834809,0.15781331062316895
1975,0.09599053072373699,0.862199795600757,0.04583699520586737,0.16246025240513734,0.047045870309256284,0.08065610211518233,0.1298949420452118
1976,0.09147410028979902,0.7766664688466005,0.04662481788279715,0.15091648230619764,0.04445232390886711,0.08060607035876567,0.1283717155456543
1977,0.09159679346287848,0.6825365740060305,0.04709188723887652,0.13786969963418422,0.044986431209810086,0.09189206753442077,0.10418962687253952
1978,0.09465668253318366,0.7251012127622622,0.047548626654933805,0.14434185324169505,0.04489155080017858,0.09472664842961565,0.08553066849708557
1979,0.09806177659997495,0.8009596236197903,0.04987649769180028,0.1571740871100846,0.043373865737115394,0.09419042690863111,0.12015776336193085
1980,0.0987760078280811,0.8243000023337039,0.04944895368044614,0.16014196063091157,0.044548009463151066,0.09253029769491827,0.11856015771627426
1981,0.09755717388302676,0.8896308920421087,0.047473934943768205,0.16778207167210257,0.04158498860575382,0.0850860504351993,0.10981262475252151
1982,0.09819644884655242,0.8669122632564163,0.045905021007832704,0.16319176990048748,0.04310161749683493,0.08953352035536202,0.11723727732896805
1983,0.09832405049658303,0.8209883712230241,0.043907803332013697,0.1549193130307295,0.044904525925854206,0.0955452797785926,0.1413852721452713
1984,0.0985168974514477,0.8080229146497823,0.04476711575706146,0.15380365845602156,0.04660189952712196,0.09556660475623059,0.1387910395860672
1985,0.09971080630730801,0.8632706988448778,0.04647251122208251,0.16315796659676754,0.04396585273251987,0.09297137543197054,0.15642064809799194
1986,0.09818873172286188,0.8791077884967247,0.04595106055688558,0.16497345026257687,0.042873328279995536,0.08815308101311926,0.15604811906814575
1987,0.09544325494710826,0.8908303468768384,0.04521609436604657,0.16601813043901684,0.04435320704613431,0.07839403080504045,0.10109944641590118
1988,0.08999179447731936,0.7969509730550091,0.04549161376994926,0.1528429508106721,0.04208503549998115,0.0769154467908067,0.11160462349653244
1989,0.09046355819841442,0.6913708143423929,0.04697171237434988,0.13902872694121318,0.04287853375885647,0.0896059319330787,0.0986756756901741
1990,0.09302976085495325,0.7132603770130088,0.04689464332964294,0.14208974814155234,0.04433853984340535,0.09270709036428341,0.07980118691921234
1991,0.09608479419999733,0.7850409229101665,0.05060618361514155,0.1555254320858594,0.04215803149549504,0.09126015341630753,0.08620787411928177
1992,0.0976709061909376,0.8160625756168383,0.050277336957767406,0.15967522819477756,0.04368966465641538,0.09065071078028465,0.08636049181222916
1993,0.09697767280972035,0.8819525596897058,0.04904328929242727,0.16803032792060993,0.04188064210074816,0.08301650145804262,0.10461109131574631
1994,0.09821005427126116,0.8629925179379281,0.04879571946564815,0.16510954781883097,0.04315430967095695,0.0878467739424037,0.11877390742301941
1995,0.09880559291622083,0.829844726929492,0.04798294276617684,0.15967748336093615,0.04513944026729498,0.09250057234490508,0.1417074203491211
1996,0.09942462179887347,0.8345634595831195,0.04875693772328817,0.16101501227469264,0.0464893377654068,0.0918514036618151,0.14407414197921753
1997,0.09943868619665301,0.8739770456732674,0.049913762802462236,0.167637088926863,0.04326467319075552,0.08891734518787957,0.124881312251091
1998,0.09548288816570012,0.8224925390884106,0.04933490073088508,0.1597859919248173,0.041248356593601786,0.08667288750205865,0.13022257387638092
1999,0.09432287843803344,0.8739179687095207,0.0469043022963875,0.16504911178397794,0.04292749628355313,0.07740838364550229,0.09940613061189651
2000,0.09239194628038043,0.8158996279833808,0.04548147089088528,0.15554120761838464,0.04259254669504312,0.08071081724679693,0.1081882193684578
2001,0.09454883892049405,0.7803782065988805,0.04603865919594282,0.1509443088249339,0.04331174715327696,0.09003525805042414,0.10429631918668747
2002,0.09530993727805231,0.7907807845284672,0.04424101199953782,0.15088955093224204,0.043319528291593856,0.09216938319378745,0.08028165996074677
2003,0.09927453448780749,0.8680439275541201,0.04683951374881301,0.164154430006714,0.04302984648743613,0.09171872790908919,0.10246329009532928
2004,0.09858685655961152,0.8684674940604417,0.046864877824524365,0.16423668014394113,0.04320230931693466,0.08960473976066535,0.08093874901533127
2005,0.09582855997984803,0.8970779863799114,0.045074816099516725,0.16678955471100168,0.04234810217882899,0.08053309016598025,0.07466752082109451
2006,0.09701673986072068,0.8497891928193906,0.04853966275167829,0.16300388133278004,0.04413265727377507,0.08555156333624617,0.09951597452163696
2007,0.09518195095537427,0.7989870901711831,0.044416610254293755,0.15221239309956366,0.04519479509456633,0.08901907545741551,0.12642985582351685
2008,0.09338156044479198,0.7915578508546736,0.04132842617970719,0.14850405827613097,0.0445111375495793,0.08791099487568146,0.1379406601190567
2009,0.09536988532698087,0.8555277190240294,0.04223690013645515,0.15842130283468006,0.04073695027587615,0.0880037131774607,0.17281803488731384
2010,0.09508982126799906,0.8736093258908427,0.04535863580843045,0.1636801629630608,0.03918500992417593,0.08398998221066525,0.18665868043899536
2011,0.0918949484175988,0.8733140887168221,0.042168729606171795,0.16090378090769328,0.04185807872632313,0.07529448096863237,0.12225553393363953
2012,0.08783003709792565,0.7969896430712962,0.0416335529000631,0.14954156578166783,0.039857332497885416,0.07580856602468648,0.12306826561689377
2013,0.08780996488323142,0.6881256475823343,0.043087608667769256,0.13523589994127855,0.04130965821585941,0.0870000400413907,0.09999868273735046
2014,0.08829550280634557,0.6994959832873167,0.04299715065097933,0.1367826981704561,0.04138569342507052,0.08691529007136453,0.08830913156270981
2015,0.09285043619896909,0.7875237886645947,0.04620342045382029,0.15210633019821662,0.040851510235813945,0.0865005891673882,0.09207887202501297
2016,0.09513227951004666,0.811166817074997,0.04769521408505837,0.15676258594076392,0.042006349770249286,0.08769094990549177,0.0855756625533104
2017,0.09434435459728832,0.8657125687776965,0.045763062281053125,0.1628987060662879,0.04190247328940572,0.08024594320631102,0.10801079124212265
2018,0.09601467698202432,0.8394124715931939,0.047874430028354904,0.16095129310904618,0.0437128772201516,0.0849592126625188,0.11050130426883698
2019,0.09558243300982626,0.809407475655123,0.045081396100301895,0.1542708360367049,0.04397437815854866,0.0893871283561753,0.13285306096076965
2020,0.0943749124558098,0.8117539400989182,0.04353044799751427,0.15327666115485772,0.04379891296171299,0.0870898819014776,0.1412053406238556
2021,0.09499751519233048,0.863352059430518,0.04405275503981677,0.16109551280991696,0.040012846636834284,0.08527335226300145,0.14119690656661987
2022,0.0933763535330196,0.8459621895281034,0.044395246036583264,0.15890480939251472,0.03784793545107464,0.08462632047766314,0.15204495191574097
2023,0.09034204382209782,0.8410306550896793,0.0417024212191737,0.15589216891496022,0.040114337268994715,0.07693492759980843,0.11645429581403732
2024,0.08721367977751339,0.7850189454962434,0.04152744569687469,0.1477405170967845,0.039445303888146134,0.07605002602634753,0.12395233660936356
2025,0.09083784545966345,0.7273219280534897,0.04348828507638371,0.14117880550168457,0.04262436416908654,0.08897630155214978,0.11945481598377228
2026,0.09201027626034673,0.7525383072498191,0.04219283847890476,0.14367076258903538,0.042108977560195875,0.09047098708537617,0.09305613487958908
2027,0.09573574008042508,0.8344593889000191,0.044696773004359036,0.1575200038465962,0.041110519927085136,0.08947157691919783,0.13292749226093292
2028,0.09737547434718707,0.8570899658931965,0.046517389397146613,0.16231347175372515,0.04235376271609127,0.08869872429367504,0.13757756352424622
2029,0.09494795769695247,0.8981522990893256,0.04412559344314678,0.16612940853545805,0.04186722018324534,0.07910983353775378,0.12112356722354889
2030,0.09484464521777078,0.842565649466086,0.04644209189721075,0.1601740286927644,0.042632954778169085,0.08336666381180285,0.15545901656150818
2031,0.0958707788560696,0.8350571476746373,0.04449867039465232,0.1574355957203645,0.044556555970292365,0.08690150912486666,0.14404961466789246
2032,0.09469007568604532,0.8278717827994678,0.04365972359061249,0.1556900177633061,0.04437163111302776,0.08534376536983247,0.1361246258020401
2033,0.09674971027512988,0.8813954296230767,0.0440173128078312,0.16364275806715198,0.04204399928056753,0.08608579057735255,0.15156637132167816
2034,0.09598102861860584,0.8813594571456822,0.04608790868742951,0.165412415610037,0.04106614767147527,0.08327908582984275,0.14656485617160797
2035,0.09271494103222032,0.869336028953443,0.044490117612876336,0.16232524780438587,0.04384930800116606,0.07456335150874797,0.09723024070262909
2036,0.0879566775006364,0.7917961984714719,0.043613158308290684,0.1504964497601737,0.04314568530677624,0.07244399494316892,0.10504865646362305
2037,0.088399952944404,0.6888994332746092,0.043593414622870495,0.13577998871597605,0.04579299519115893,0.08422350967836789,0.08888556808233261
2038,0.08900325792852377,0.7179753385449772,0.04071924179038134,0.1374701127553236,0.04673770994698719,0.08357711443891847,0.07476269453763962
2039,0.09297407775775657,0.7911003324961279,0.04402168662160921,0.15074720746082618,0.04666399126562953,0.0829439149481818,0.07946336269378662
2040,0.09466870141513564,0.8197850376622027,0.0437670801662515,0.1546267883799588,0.04719639756685474,0.08374364118816122,0.0707406997680664
2041,0.09446017537411254,0.8774519610184437,0.044285601633822315,0.1633093672601968,0.045239221417026965,0.07728546718623867,0.0809660404920578
2042,0.09617487267706704,0.8527003606756652,0.04617137353023613,0.16138980026529742,0.04669697232486065,0.08240497384554607,0.08995169401168823
2043,0.09668741103605577,0.823081126986896,0.04514480739678559,0.1562785673382299,0.04816435177221055,0.08700282612751795,0.11570446938276291
2044,0.09459253255060435,0.8233209527204433,0.04265271922188308,0.15417675257882024,0.04653246858309788,0.0845088959974836,0.12823264300823212
2045,0.09578309847753384,0.8796263968613155,0.04230363885102359,0.16192117570963674,0.04390316077782229,0.08330722638669145,0.131895050406456
2046,0.09470540875244225,0.8617788233480015,0.04271607299879183,0.15972503733439322,0.043509878472319685,0.08260932273834239,0.1285339742898941
2047,0.09221506327049904,0.8523266886742884,0.04265953807209218,0.15832627387240591,0.0443190023336711,0.07627680731355496,0.09535767138004303
2048,0.0891174949201446,0.7983428762072577,0.042362266553711725,0.1503594965042183,0.04304217312703795,0.07584665010304847,0.10323118418455124
2049,0.09300496428094879,0.7590877544606802,0.04384867415603219,0.14602568562812476,0.045331760256666645,0.08832588662341667,0.08534345030784607
2050,0.09369747745288848,0.7893032493680543,0.03977379174258295,0.14684942854622168,0.045929755764070324,0.08898627672393779,0.08015121519565582
2051,0.09828573462660391,0.878113104738058,0.04402686114105437,0.16318203879776919,0.04602497881879164,0.08722962980867005,0.11821898072957993
2052,0.09859926736912553,0.8857206700129665,0.04371131411149776,0.1639983649545647,0.048214582258189996,0.0854616564539348,0.09659753739833832
2053,0.096277133337122,0.9232735733291778,0.04349533759824178,0.1691779427026612,0.0452195689769597,0.0771642939574172,0.08350396156311035
2054,0.09525455404894806,0.8430811725335126,0.04526137705494171,0.1592356335518804,0.046438064113004184,0.08198553817783318,0.09889843314886093
2055,0.09685410798370313,0.833869721041697,0.04459146859679874,0.15734550466035563,0.047782879941978225,0.08686146042814148,0.1234433576464653
2056,0.09468143751607518,0.8289350888700426,0.04211374093426281,0.15451679063937424,0.046236707166273906,0.08471464258926467,0.13321517407894135
2057,0.0954162539303779,0.8816762526463914,0.04241702791814681,0.16231120287932457,0.043157246547865444,0.08260980505974796,0.14685338735580444
2058,0.09426335148111777,0.8873885442351199,0.04351273661625876,0.16406642341895322,0.04191689820040594,0.07898881015613461,0.13554394245147705
2059,0.0905615234901169,0.860589375353747,0.04332466275312566,0.16007676455321443,0.04194523701163584,0.0722749382285775,0.08197831362485886
2060,0.08652784563042369,0.7783376195672214,0.04313235932712939,0.1481616822185711,0.04191986903794787,0.07163021813421104,0.07281000912189484
2061,0.08723007927293577,0.6681771348168362,0.04438897912645864,0.13350157279651254,0.04332743218193154,0.0851573386444348,0.05663612484931946
2062,0.08791073956343819,0.708173833022194,0.04095875220792357,0.13627519232424792,0.04411598582446787,0.08391225291932869,0.04844771698117256
2063,0.09283602141634044,0.8054220310745185,0.04422621838304199,0.1529684773389672,0.043883745511236305,0.08305336390100812,0.06970159709453583
2064,0.09426286046854787,0.8253660817881097,0.04445968909245337,0.1560177451918328,0.044527689259617045,0.08374561114348807,0.05606038495898247
2065,0.09431639404108118,0.8702145732647067,0.04469647065528165,0.1626276281709138,0.04371099167399062,0.07882379124868188,0.07900070399045944
2066,0.09581256893404407,0.8462859632401489,0.04609301599584029,0.16040629417359867,0.04608223850189488,0.08280709847756434,0.08211574703454971
2067,0.09688169134589705,0.8277208510478131,0.045919378310269154,0.15760530298706116,0.04714986551707486,0.08726387876009788,0.10850069671869278
2068,0.0949894933167173,0.8197628373337484,0.04369389776505778,0.15456088913201357,0.04622268275375758,0.08553548122092285,0.12098673731088638
2069,0.09479075954733344,0.8679203981549515,0.04344619030841699,0.16122822000077905,0.04248065570511323,0.08242932251251123,0.12950685620307922
2070,0.0935638941500609,0.8484416256466303,0.043493475172243425,0.15848606809715585,0.040869814164607686,0.0828643119336244,0.11804172396659851
2071,0.08960852771825774,0.8182399931391598,0.04207359748588532,0.15295451115063882,0.04116257920238461,0.07657099716631327,0.0779806524515152
2072,0.08735859500568428,0.7621997834297438,0.043335064157784486,0.14603002405377868,0.04215379523699995,0.07557529438620048,0.08305463194847107
2073,0.08972112470738218,0.7006976528744608,0.044863052726093956,0.13855370989014637,0.04343435855978095,0.08749353305161459,0.07019034028053284
2074,0.08955306250375374,0.7266484574463574,0.0408676837075571,0.13883636567024288,0.04426068983551911,0.08606099831778107,0.058184683322906494
2075,0.09348074814999748,0.8088497398587063,0.0445389983631982,0.15372624714827077,0.043864083174083766,0.0841805183804328,0.08793746680021286
2076,0.09475289291082317,0.8244017524169873,0.04455985757187986,0.15596584254975238,0.04454480576646276,0.08512363822807548,0.07797557860612869
2077,0.09459171105018373,0.8683482433069624,0.04442385923388601,0.1621273426728969,0.04437606561126412,0.07943672313936433,0.07737686485052109
2078,0.09576588178084805,0.8342699201989581,0.04629460368790545,0.15886250604662727,0.046131389912733314,0.08398651593289166,0.08366643637418747
2079,0.09762043331889773,0.8363779118804815,0.045889463685204156,0.15881638485595806,0.047430183190008406,0.08799044458674807,0.11179140955209732
2080,0.09513318467447827,0.8284977965369423,0.04349718561473529,0.15564013003219346,0.045703676967238094,0.0854404267303126,0.12135136127471924
2081,0.09585646409904493,0.8837235921464035,0.04330880494372424,0.1633680602583927,0.043406776400002824,0.0826772941962775,0.14965246617794037
2082,0.0942544619013116,0.868735293531901,0.04279844732038576,0.1607894253506022,0.04109241685165422,0.08255315830163251,0.14906658232212067
2083,0.09021159531096225,0.8357694880500249,0.041544188231790236,0.15500494534868087,0.042204901390164015,0.0755232712086569,0.0850520059466362
2084,0.08615010727470543,0.7526645554557407,0.04276422090252136,0.14417855441012414,0.041581086646372216,0.07437310908100563,0.06798634678125381
2085,0.08830547711793633,0.6757079759941942,0.043182569623240165,0.1335433419619479,0.04304106231007937,0.08832870833630108,0.05219367519021034
2086,0.08893332747713914,0.7195148551269663,0.04023264226199053,0.13727295838555847,0.04314755296704463,0.08669870312860492,0.047821737825870514
2087,0.09358014227172533,0.8104427753047396,0.04528265666908088,0.15459124504560354,0.04311835691048667,0.08434948953566573,0.06671532988548279
2088,0.09478393618879427,0.817589181523374,0.04525588451951673,0.15558921266292494,0.0438339465317417,0.08616056022385091,0.060964297503232956
2089,0.09487278273997236,0.8733640942870656,0.04550769602386512,0.1637728957757509,0.04304035686540662,0.07993855647391115,0.07297372072935104
2090,0.09649870246360209,0.8397037729252101,0.0489374980135712,0.16190410871523392,0.04536152235585051,0.0840140045877069,0.07921580970287323
2091,0.0972062933265583,0.8184040343040304,0.04773335397724815,0.15782916545250275,0.04514321138415529,0.0897164769159595,0.11467324197292328
2092,0.09511291066032936,0.814668092524923,0.04519179894151235,0.15511698373914246,0.04387508585292348,0.08744244342284804,0.12008662521839142
2093,0.09597499381871875,0.8742448788137005,0.044542736220841955,0.16307161373410747,0.04100639969102898,0.08536297125448221,0.13198812305927277
2094,0.09608802694238613,0.874645088539024,0.044478289700545966,0.1630735466774714,0.041327123304315413,0.08539148785749838,0.1336437165737152
2095,0.09244299216029109,0.8475784561028825,0.04174993656600137,0.15686829649984155,0.04250774236059575,0.07976419443791785,0.08753210306167603
2096,0.08904634962266122,0.7860452777132995,0.04105475332022294,0.14748197109066244,0.0422433185674651,0.07886783301145679,0.08783058822154999
2097,0.09102277470724734,0.7180414015406775,0.042518729225986464,0.13902196812808518,0.0438399046704675,0.09030849174619661,0.0800081267952919
2098,0.09092901175166408,0.7390761208587808,0.04085998539042415,0.14060514760018936,0.04452056849080071,0.08806978073745989,0.0712246373295784
2099,0.09556555740044562,0.8288425332582514,0.045122083773834,0.15708214798589365,0.04352825432045414,0.08727118083317115,0.10312723368406296
2100,0.09734397992975899,0.8471475074808158,0.044121146847809774,0.15883919836681065,0.046482819247544445,0.08803917939427655,0.09577707201242447
2101,0.09657184033622408,0.8761919946655199,0.04351336651347831,0.16246745624948425,0.04719072391883106,0.08212165327734035,0.09051036089658737
2102,0.09725333826051191,0.8411716010307746,0.04570375481158818,0.15934201855718624,0.04901045858036214,0.08513826272105292,0.10692424327135086
2103,0.09902077217849468,0.8578128421037217,0.04394339898121665,0.16021046228443164,0.047948419480393446,0.09016810194663846,0.11766504496335983
2104,0.09612076792763445,0.8452533150019642,0.042065865779267964,0.15680692995393883,0.046448991614885964,0.08648318042827306,0.12033882737159729
2105,0.09748761974076672,0.8961579747380235,0.04353325452251272,0.16533678598187138,0.04399070854270165,0.08492939657810704,0.12633588910102844
2106,0.09586879199690818,0.8887116444718626,0.04128112218785265,0.16234262537128266,0.0437724116987216,0.0832885205552438,0.13798412680625916
2107,0.09159763807988783,0.8623772299430448,0.039693957265789094,0.1572201390768256,0.04300090999020746,0.0767000867860376,0.0825572982430458
2108,0.08547098859164419,0.763356613900201,0.03916164135660707,0.14261806600569193,0.04208290472819221,0.07343186923487291,0.0717584639787674
2109,0.08743745146672331,0.6756658298484299,0.04141079342160953,0.13201865576829813,0.04318090504224137,0.08715337582426702,0.05603431165218353
2110,0.0895391991510685,0.7297490252313579,0.04005997010994075,0.1385869779844289,0.04416316190537777,0.08632642526185755,0.05173641815781593
2111,0.09407661698526985,0.8183377683091493,0.04343613578417577,0.15413636900202912,0.04447957022914693,0.0849217498822131,0.06623993813991547
2112,0.09533672828981009,0.8225511570438142,0.04226994452764793,0.15373868917281455,0.04682476620669126,0.08668297933991014,0.05599050968885422
2113,0.09539494449316109,0.8741431338694967,0.04188693755649242,0.1607806798869216,0.04633982483704286,0.0811056557227241,0.07117056846618652
2114,0.09657527244045155,0.8489668351553421,0.04290153425479578,0.15805372009773097,0.04913383105750014,0.08429289195041453,0.08182446658611298
2115,0.09754346494826928,0.8265543748978135,0.04280216708237792,0.15476676819886873,0.04907326267499989,0.08988450159310543,0.11757559329271317
2116,0.09510233640265962,0.8144245260278755,0.04207208646666891,0.15240814926112703,0.04811007822801632,0.08607797605431357,0.135265052318573
2117,0.09688600405336713,0.8765416954644228,0.04197407485082175,0.16119802065276476,0.04652678978660269,0.08467730201231309,0.12834478914737701
2118,0.09636037615491037,0.87823763175527,0.041702278612490755,0.1612073290614592,0.0453405937845922,0.08426160193570853,0.12367060035467148
2119,0.0930879696621142,0.8662385544681342,0.04011952294419735,0.15813652744761691,0.04499942265983548,0.07824796022679323,0.08327409625053406
2120,0.08910145900706533,0.7994956653499796,0.03943334822138394,0.14801367923975478,0.04333396113369108,0.07759982694266451,0.08354319632053375
2121,0.0918639893091111,0.7305361089877401,0.042027979143067155,0.14038628340659184,0.04514371879232987,0.09028721867599902,0.07233557850122452
2122,0.09414198556954584,0.7726748297477366,0.04002779323908374,0.14469165559746272,0.04784459756113058,0.09042123880248187,0.06680738180875778
2123,0.09820668968028791,0.8496447992484033,0.04506490119406457,0.1600048866303987,0.04724385762382266,0.08872574539834813,0.07790280878543854
2124,0.09849281705203831,0.8605598399784828,0.04347879327337125,0.1602046570883872,0.047707372547565484,0.08893222096164682,0.07494089007377625
2125,0.09669055032109383,0.8950652247144877,0.04170157894284066,0.16361067119593312,0.04661861123684864,0.081948391254324,0.06721001863479614
2126,0.09645006863317224,0.8515449775378433,0.04231061240570763,0.1579155217102984,0.049017026352979394,0.08417170918585556,0.08622177690267563
2127,0.09893831282677054,0.8641569558854127,0.04067985774703708,0.15831944319537647,0.04869728016368981,0.09094072733443602,0.10616257041692734
2128,0.09534290416115156,0.8438660828538791,0.03845829305119283,0.1535165487372909,0.04598332295456724,0.08763059871279091,0.11404401808977127
2129,0.09705174998043274,0.8994782634915895,0.03976622571148624,0.16258223110864384,0.044612688331518505,0.08559675793604798,0.1277237832546234
2130,0.09672671322186194,0.904203978813622,0.040858364442876806,0.16419345221012613,0.04316645051983719,0.0845585464714024,0.13119256496429443
2131,0.09315720225582493,0.8762741621312313,0.03987349573061512,0.15935930521641742,0.04479292969670012,0.07754910065454071,0.08085834234952927
2132,0.08639102875232346,0.7837843634400107,0.0389617873167151,0.14536501247718592,0.042847294029133454,0.0728895608758601,0.06587262451648712
2133,0.0887693216777039,0.6947756000372065,0.04068669726367921,0.1341279690884688,0.04496982523704871,0.08740506457885791,0.05574319511651993
2134,0.09099944350932067,0.7388284558152824,0.03932857113716637,0.13925712609118296,0.046833555106085036,0.0874191236030224,0.053390175104141235
2135,0.0950566558497587,0.8234990231981494,0.04406192556863318,0.15541008237284976,0.0451307430461544,0.08593258134520772,0.0546778179705143
2136,0.0963844155384972,0.8349161035068245,0.04261546063098562,0.15580126675610548,0.04724085477207617,0.08739528639370839,0.050809022039175034
2137,0.09587255220118424,0.8736008537194133,0.04231202381899892,0.16106757094762955,0.04734344151665764,0.08128988264700536,0.059393610805273056
2138,0.09673626340865783,0.859597982024207,0.0432321697778511,0.15985585724161622,0.048570828491808084,0.08365137435706274,0.0708542987704277
2139,0.09677245029539959,0.8355758417983088,0.03981284400473344,0.15349327226095852,0.04812127950176134,0.08971150551996901,0.10257801413536072
2140,0.09536700362124316,0.8377945773952801,0.03856831162291705,0.15274349244754035,0.046363329984875856,0.08804079033005452,0.10833588242530823
2141,0.09641689170733138,0.8841839770296063,0.04053080436429918,0.16105268617362878,0.04456520683988009,0.08523079580834106,0.10627488046884537
2142,0.09474779855250125,0.8669562794386475,0.042129257194366034,0.15996168894354912,0.041792377083987794,0.08402163824528361,0.10599005222320557
2143,0.09330722106905665,0.851826772661331,0.04028097657828167,0.1562160903044316,0.04484289977320353,0.08066824162197503,0.0696386769413948
2144,0.08991337921035175,0.7996982131632284,0.040033957378612935,0.14855742249070086,0.044716994452086246,0.07814667800352865,0.0701843798160553
2145,0.09422221742113703,0.7762022114511209,0.04118400726267488,0.1461866078610243,0.04712155470034708,0.08996645566692688,0.06522084772586823
2146,0.09428326594819735,0.7914232045245941,0.038356419169653024,0.14593738850607316,0.04716390524283933,0.09031534932724425,0.05670870095491409
2147,0.09855956676455424,0.8709577790129219,0.043259887618235564,0.1615024435317622,0.04680924598466588,0.08876608027564961,0.08147727698087692
2148,0.09958573701206296,0.8856107343603785,0.04249120746648005,0.1629368541656084,0.0476272848071075,0.08961715518204663,0.07200340926647186
2149,0.09816776202395751,0.9056807384942474,0.041831287177227276,0.16523835165108727,0.04669231115910149,0.08452201560696793,0.07341911643743515
2150,0.09665241800615652,0.8467761244150053,0.04287512913382311,0.15771812845970626,0.048861878800681206,0.08503664316409137,0.09512890130281448
2151,0.09771328717173143,0.8444191678993707,0.03907431294116736,0.15412357793519643,0.04943602122853536,0.09059689045399613,0.12180637568235397
2152,0.09597629418981764,0.8472572984341435,0.03831694676824981,0.15387985414909178,0.04550106630737225,0.08947650362259248,0.13011620938777924
2153,0.09602868428867613,0.8789150800953075,0.03954304942175984,0.15945333951798094,0.04279546316285162,0.08711117944813088,0.1468571573495865
2154,0.09348376414453635,0.8427929323879977,0.040038172715876556,0.15471742409760814,0.041119878417658504,0.08572271169661663,0.15244632959365845
2155,0.09218519844735623,0.8401557533878643,0.037626131196994546,0.1522732200814045,0.0425885176318167,0.08300527523116104,0.0939347892999649
2156,0.08786325541250405,0.7853776430478963,0.036870635938693316,0.14380020838286517,0.04135804973860158,0.0796104765281027,0.0791158676147461
2157,0.090845204881961,0.7496140827837281,0.037557821319381034,0.13928014438571631,0.041686204732066696,0.09147875794733257,0.05035949870944023
2158,0.09208103718781632,0.7865336036449436,0.03611840980715291,0.14332058035540873,0.04344990575245368,0.08979867692211527,0.05095713585615158
2159,0.09669521700756328,0.8755222136003723,0.04027208316303299,0.15959353036836715,0.04348058633347252,0.08822199465668931,0.06381546705961227
2160,0.09822386664711863,0.8789889617383171,0.041593563150291356,0.16122147723429503,0.04593863241223621,0.08885053733886134,0.05822456628084183
2161,0.09647460363385299,0.8978266955941141,0.038899262484075665,0.1616031814997954,0.04664889015898747,0.08308459729166068,0.05047670006752014
2162,0.09542104743112935,0.8379852688765421,0.04058963835544424,0.15450329985845826,0.04970635161467122,0.08372443539661736,0.06859645247459412
2163,0.09696966646075676,0.8290043606034554,0.0383299977183007,0.15128347813046567,0.04946367771273489,0.09101282140428062,0.10037657618522644
2164,0.09568152891767732,0.8354557823479869,0.03828234362727684,0.15216426344452114,0.04708146618147118,0.08878419110086937,0.11577025055885315
2165,0.09599999359255408,0.8692462502364199,0.04018178217903756,0.1586195633300922,0.044385138280518203,0.08637086847023964,0.10946076363325119
2166,0.09120625757545499,0.8161696116671521,0.03873469367464429,0.1497968248164311,0.040741571254025256,0.0840961117708519,0.11409121751785278
2167,0.09124935171879532,0.8450964513904151,0.038451617108236386,0.15368659343426191,0.04182615320920605,0.07986206391365264,0.07136806100606918
2168,0.08805535224217009,0.8119168861486847,0.036307115974630065,0.14710851171378073,0.04170029629006513,0.07694451166260262,0.06721274554729462
2169,0.09132718494768238,0.7711148753538788,0.03723419905739541,0.14207429567117877,0.0435247190669285,0.08875062071028272,0.06760161370038986
2170,0.09090565576962535,0.7619183776005092,0.03760155028486516,0.14107538275852863,0.04317243808458925,0.08877371012874162,0.06612759828567505
2171,0.09591916140088466,0.8447852332064208,0.042730048101622814,0.1573093602594511,0.044790592989874374,0.08694023475927305,0.07968507707118988
2172,0.09607097056175981,0.8502770609429329,0.04264087899105259,0.15801747641274977,0.044822164687040436,0.08671048308252302,0.08001306653022766
2173,0.09382670295292472,0.8827274154014971,0.03853162573056627,0.15913102425498496,0.04352736673534901,0.08069734100400079,0.06864816695451736
2174,0.09247029704352448,0.8392552569532221,0.0366801377778407,0.15133372623146663,0.04639378864399901,0.08128174135365987,0.08017255365848541
2175,0.09341466905951724,0.8104489959687178,0.03524690491143543,0.1459900607767615,0.04599453009110759,0.08890382290428697,0.10784517228603363
2176,0.09289245509921013,0.8041744306584968,0.03694047680503942,0.1465453273555333,0.0441623408954258,0.08858504180323866,0.10915669053792953
2177,0.09527072102881644,0.8724245951599456,0.03969840823596112,0.15865929208224464,0.042609850259032064,0.08588398328062806,0.11627792567014694
2178,0.09459345398591133,0.8884438600182658,0.039237466485969624,0.16055266556201195,0.04165616879817395,0.08319926839609353,0.12802214920520782
2179,0.08972903924889929,0.8541827834222389,0.03758180098889178,0.15423908419365565,0.04082180188364633,0.0760765826168338,0.07166268676519394
2180,0.08437688683408996,0.7957674886002313,0.034434764449555295,0.14319658218536616,0.040041738025183723,0.07170290860951624,0.06186049431562424
2181,0.08537935897842783,0.719105906545176,0.034906475777995584,0.1326492516018785,0.040842139271927654,0.08298827017609611,0.05937281250953674
2182,0.08610420507176607,0.7196600199644392,0.035866970315598615,0.1335516916940044,0.04137761897154351,0.08372341711500225,0.060012295842170715
2183,0.09156304782071426,0.8030486474704537,0.03897704970885272,0.14813013510336717,0.04405777443026505,0.08363396066503603,0.07012268900871277
2184,0.09161876379533952,0.8029632560854887,0.04025527657453536,0.14921355936181444,0.043025677343805004,0.0837422683197667,0.06990723311901093
2185,0.09176491657325067,0.8570579213883368,0.037688581023694,0.15474134393292868,0.04289489953637942,0.07942180754079473,0.07108699530363083
2186,0.09200018906692659,0.837035074200948,0.036968506861068194,0.1512637307667653,0.044960640491614585,0.08130419508296567,0.08437684923410416
2187,0.09192598918800537,0.8111572590221141,0.03431324924982057,0.1452909649315768,0.04481884248064783,0.08645038878131825,0.11297377943992615
2188,0.09306691259052795,0.8285827132079351,0.03708590686689781,0.1501568792013317,0.04345096653418435,0.08652714460537524,0.12101534754037857
2189,0.094960937412475,0.8958097689125966,0.03765289970058867,0.16024673815944693,0.04179317266912978,0.08435765590930161,0.11757700890302658
2190,0.09214371908217184,0.8629288896475404,0.036678985904277185,0.15471468643902905,0.03927190785911509,0.08365695746509641,0.11276858299970627
2191,0.08905949985665723,0.8351488212960185,0.03649276564314911,0.15058648787927328,0.04142785234194172,0.07690107691224427,0.07348036766052246
2192,0.08624778183793422,0.8005101697043102,0.037352628546949845,0.14637513442657274,0.04019246260725097,0.07393475264972331,0.0685737133026123
2193,0.08966320371692223,0.8089507805156979,0.037402633801710654,0.14762379761799455,0.04076748553319839,0.0817314374642423,0.06617523729801178
2194,0.08927163494214808,0.7984615252868285,0.03730198998517037,0.14603906645683581,0.04020213600508609,0.08253594393672559,0.07199031859636307
2195,0.09431578622499423,0.8644899977941262,0.04293003558676698,0.16029574447353262,0.04161366554409412,0.08269767835331077,0.09580568224191666
2196,0.09415087325016777,0.858090805900114,0.04202185265899857,0.15860313169344362,0.042320056903882984,0.08310711141530061,0.08499914407730103
2197,0.09197688950553555,0.9049600828051525,0.03866158769921476,0.1624185155714916,0.0411850135744569,0.07478335813751785,0.07249777764081955
2198,0.09038135510190128,0.8276577414938786,0.038618905501568115,0.15133873921475535,0.043909678703361744,0.07770636085187607,0.08978480845689774
2199,0.09118330850010635,0.8298053828958374,0.03717563135080782,0.15040845300009772,0.04323292028260356,0.08131789675292882,0.12401904910802841
2200,0.09053008429129435,0.8199878567501075,0.038586395748192504,0.15021517589132324,0.04240663930781822,0.0804136435018107,0.13267002999782562
2201,0.09444200018913226,0.9062701317331436,0.04095699768359604,0.16457315969067426,0.041540135294879356,0.07936636740775432,0.14462965726852417
2202,0.09324658133517999,0.9084476250826028,0.04034998170148038,0.16436393075592642,0.040668971437256736,0.07702430925270973,0.15235160291194916
2203,0.08815143893430934,0.8536789095562738,0.03882326946218765,0.1552312180470571,0.04177365263309453,0.07003719522421796,0.09032055735588074
2204,0.08304480579699342,0.7782177610849705,0.036559060881975865,0.14251030376811796,0.04071667225319003,0.06804961192308738,0.07460734993219376
2205,0.08248827674963662,0.6901456164155058,0.03611178827779097,0.1295451922974645,0.04296747545428738,0.0758941767787178,0.06617437303066254
2206,0.08565178644103931,0.7236417781127422,0.03742945759737213,0.13545978909956785,0.045066458724364114,0.07758194586691763,0.06137559562921524
2207,0.09018368552314589,0.8154252081192761,0.04009194328564707,0.15085383826187979,0.04533914119637412,0.07633627816267904,0.06443426758050919
2208,0.09218022675337764,0.8211508629194946,0.04139992792937169,0.15279291864224637,0.047189089692438624,0.07851136627893911,0.07079339027404785
2209,0.0904737437355889,0.8644012743764335,0.03920790452949011,0.15709267165048205,0.04436706324334087,0.07252552724077443,0.07887961715459824
2210,0.09146826325149954,0.8483471969008414,0.037019215755251945,0.15292321306176468,0.04847361996376366,0.07531549504428636,0.09520716220140457
2211,0.09039011706052173,0.8136105386663972,0.03449116335539095,0.1457939312569633,0.04772335751264905,0.07924519424302397,0.12619127333164215
2212,0.08976113270578726,0.8087002816424728,0.03642025604873428,0.14674597399069694,0.04580773613391621,0.07835861858187848,0.1372472643852234
2213,0.09407298636638459,0.8888048757049329,0.0404296607442902,0.161626120024382,0.044216282003833755,0.07858861073286878,0.1337786465883255
2214,0.09232093998906557,0.8933292800556166,0.04046351675804916,0.16230148294341595,0.041363048528771304,0.0756761199317665,0.12211218476295471
2215,0.08893303818482362,0.8454006052688394,0.04111615593656439,0.15601393441260367,0.04204419136708011,0.07126499495104159,0.08102419227361679
2216,0.08473527049010693,0.7869106174540662,0.03961212755889373,0.14636905468677552,0.04119975732734686,0.06889928333543696,0.08307018131017685
2217,0.08456835954972175,0.732017231450049,0.03675768256681086,0.1360804752644163,0.041009448649428695,0.07760930533712038,0.07772672176361084
2218,0.08644230553330574,0.7399620317828831,0.03877755207686342,0.13894676346343768,0.04350073229023393,0.07807478143212815,0.07258638739585876
2219,0.09072872047224846,0.826012040057165,0.04122596586499295,0.1533382621781604,0.04394515400680122,0.07688099213684187,0.08884525299072266
2220,0.0935110014979076,0.8357862195983987,0.044118857749511166,0.1572141951564951,0.046866333226760655,0.0785847917838971,0.10488837212324142
2221,0.09221434322610395,0.878968517385545,0.042289253157532326,0.1618148623329627,0.044377635113573656,0.07317100860606651,0.1039419174194336
2222,0.09288432982688805,0.8442274313367315,0.03961319365730993,0.15455808475437013,0.04961718204640909,0.07677854857326036,0.12199076265096664
2223,0.09308409169707822,0.8335023155796675,0.03738061419668876,0.1511122858228286,0.04948363057299313,0.0804598253206211,0.1320400834083557
2224,0.09160538537591786,0.8293120854544844,0.038826360090563096,0.15175289228540897,0.04717090626348723,0.07785648605348994,0.13688623905181885
2225,0.09577434142385507,0.9039650426204718,0.0428063441104927,0.16582901532620403,0.0471049091705852,0.07706225498091085,0.14217635989189148
2226,0.09457859650517099,0.9145357401480272,0.04439076934868094,0.16869719374858758,0.04282595617746866,0.07500838420392103,0.16362088918685913
2227,0.09004654011773182,0.8481192120747595,0.04501189320402163,0.15974151018555563,0.04347023145458669,0.06981771138863799,0.10507091879844666
2228,0.08525709732981397,0.7846125461893451,0.043008585836083135,0.14895200874369197,0.039976327204997227,0.0691447237018854,0.09197795391082764
2229,0.08524059654516337,0.7206865485793741,0.04116897035198421,0.13824291009875417,0.03988898613147548,0.07854623129774832,0.0702507495880127
2230,0.08795165324885078,0.7481459081743506,0.04120754882507367,0.1421987430178275,0.04234879426962984,0.08038795130781445,0.05890968441963196
2231,0.09330722750800692,0.832059660995667,0.045422780387840665,0.15779947761753016,0.043615272697848165,0.08035696912106301,0.07181291282176971
2232,0.09494628962305547,0.8450704432230491,0.04868328055603036,0.16245287522274734,0.044277280742310854,0.08021340999397664,0.07852476090192795
2233,0.09377473414195082,0.8767841751547565,0.04727780448724772,0.16577871458260612,0.04398759668409778,0.07433499653199889,0.09357185661792755
2234,0.09469667080285603,0.8666992497220812,0.04550569830582901,0.16281906279386504,0.04747586116828254,0.07640778624097491,0.11010707169771194
2235,0.09270590016289652,0.8217901383033985,0.04282365335060471,0.15410457977243244,0.04608944489076083,0.07977145386767133,0.13277901709079742
2236,0.09217128769234088,0.8209575808100975,0.04324938452562515,0.15435055542340687,0.045034825114489356,0.07900883318327821,0.14374740421772003
2237,0.09800793529805185,0.901202488134931,0.04666143673229883,0.16873872978981774,0.045401878514298256,0.08214878980354111,0.15119317173957825
2238,0.09795016693196264,0.9114659462669767,0.04994237026786801,0.17301716683916926,0.04347189887568211,0.07993502656240231,0.14758186042308807
2239,0.09492906829913031,0.8587474799753347,0.051093989833961274,0.1664730598541575,0.045083497635847396,0.0759429500188541,0.09471990913152695
2240,0.08987536534547791,0.8024781480182379,0.047711872738962526,0.15553562635028756,0.043699003314336606,0.07282695374351812,0.0835186094045639
2241,0.09000659906995293,0.7484719727135618,0.04528590472648789,0.14574105729606984,0.04519344625952493,0.08045045683122509,0.06757897138595581
2242,0.0916527543721429,0.7723048342482901,0.04460520119963594,0.14856229163515794,0.04715191842063482,0.08079514072457426,0.06368250399827957
2243,0.09527266180685187,0.8531275208620068,0.05064527991559073,0.165285600050793,0.04605753474543151,0.07707457702214617,0.08487991243600845
2244,0.09779183424228273,0.8623418123200418,0.05353885828478194,0.16908213743267617,0.04547842251199023,0.08118705421469438,0.10393344610929489
2245,0.09695097741761623,0.8853226006190376,0.053256320686409814,0.17212293210535662,0.04433541877400669,0.07721413087900172,0.09429594874382019
2246,0.09743378492926412,0.8696689882186053,0.053313130205550376,0.16993539563598678,0.04657466398067657,0.07849660639089588,0.11319678276777267
2247,0.09624201217006724,0.8398585982328973,0.048066428773282315,0.16117959583894162,0.04598971774131066,0.08339238408496415,0.1254551112651825
2248,0.09361458947243055,0.8549326681705675,0.04441328106167201,0.16020176493437138,0.043243067462649436,0.07942589270179079,0.126643568277359
2249,0.09626726239460483,0.9227133067599449,0.04731609017103239,0.17237283539801987,0.04171478088907783,0.0774083073339528,0.16050998866558075
2250,0.09623218936356003,0.9216164892430889,0.05224959633117532,0.17644486674716298,0.04061026780362155,0.0747152780178536,0.20048516988754272
2251,0.09328482642491637,0.8641445532134397,0.05293334019740048,0.16882065634254897,0.041304559050196546,0.07267370919986765,0.13645900785923004
2252,0.08797536696715257,0.7956247113045148,0.048375160428974405,0.15512509626833731,0.042275425901757056,0.06920680226083695,0.11508917808532715
2253,0.08946432964093637,0.7591535871859193,0.04703499015397961,0.14876621830139958,0.04228047002337842,0.07886105422839429,0.07815275341272354
2254,0.09154074999858229,0.7903504096874834,0.046039094611974196,0.15236928247990408,0.0442166477099175,0.07972437358000738,0.06531776487827301
2255,0.09672365015841908,0.8734144029379287,0.05143386770102112,0.1688596584491508,0.04484620742093405,0.07899740529932826,0.08130965381860733
2256,0.09745591125835959,0.8730632173089294,0.05387536833186062,0.17090220390001334,0.04635360926370334,0.07790491944223678,0.10694599151611328
2257,0.09660148866708028,0.8900050953567702,0.05597998348397043,0.17512642803722756,0.04397903302302362,0.07393681540675102,0.09568075835704803
2258,0.09710530074073538,0.86642466281311,0.056338244995225883,0.17206487611206647,0.047194722382445424,0.07518742835432439,0.103101447224617
2259,0.09568473978799487,0.8377034457209791,0.050147537981603485,0.1626555248015143,0.047605074461848085,0.07915501006154385,0.11454412341117859
2260,0.09312852909167665,0.8427945179222098,0.04383935456582175,0.15797580647387718,0.04585107596166809,0.07775493287100867,0.12118217349052429
2261,0.095905249005141,0.9099706913684951,0.0470679973594725,0.17033981078933286,0.04289205230776515,0.07716155455417698,0.1341899335384369
2262,0.09632679475362672,0.9180911170056821,0.05111252353844766,0.17496660831948116,0.04204357905125047,0.07501477162308327,0.14310286939144135
2263,0.091557817402211,0.8448288571740499,0.05042012275171414,0.16390708481204783,0.04120162190442204,0.07231387947916909,0.09071753174066544
2264,0.08570727920627333,0.7608528203673193,0.04707424058383051,0.14904260912432893,0.040728575405317616,0.06964523135381093,0.0746736079454422
2265,0.08840749459720422,0.754150292281744,0.047286335262541036,0.14826690055099861,0.0416329422709057,0.07695824767314535,0.061994899064302444
2266,0.08934315497396945,0.7527765047782738,0.046354423361028574,0.1472718635634922,0.04392843981814452,0.07839341071948389,0.05798966810107231
2267,0.09336025051497203,0.8224539638099622,0.05184264681132169,0.16192997781112745,0.044183582552860104,0.076391323597684,0.08859395235776901
2268,0.0949647329509276,0.8243018123770344,0.054438484949638814,0.16441896029640962,0.04453901260332284,0.07831478932778504,0.11613429337739944
2269,0.0951032996680222,0.8559986321966631,0.056452381980747056,0.17067327486873504,0.04323206805969828,0.07436689902468185,0.12086644768714905
2270,0.09730208547707875,0.8635043511645896,0.05636975830513552,0.17167470014220038,0.046426618408580346,0.07674208133003346,0.13178081810474396
2271,0.09585139552174567,0.8428995330597675,0.049918827485493755,0.1632017854246757,0.04709714052037127,0.07957977748288445,0.12310370802879333
2272,0.0939440393948592,0.850109740575175,0.04470869738600584,0.15976598927017283,0.04618147688548999,0.07814207544965782,0.10795577615499496
2273,0.09690249979653441,0.9206947099008951,0.04778149681633929,0.17248338439984728,0.04431109167395124,0.07678670787589591,0.12479959428310394
2274,0.0977749364643785,0.9395918759304406,0.051608751191486925,0.17846348329705172,0.0440270716489626,0.07420183969927831,0.14762601256370544
2275,0.09309512066703994,0.8747501658449166,0.051362139679245265,0.16898900056005545,0.04276334620636913,0.0707282784137383,0.10282348841428757
2276,0.08646331554622834,0.7893439047877457,0.045946191497289346,0.1521458648244974,0.04203791589020559,0.06786330962676282,0.08344069123268127
2277,0.08717075990370797,0.7301397770442835,0.04603555588267055,0.14376473033432952,0.04165538149641692,0.0774769918832938,0.06005813926458359
2278,0.09129045925357948,0.776362253262495,0.04685191588105551,0.1510676783641183,0.045374372364950566,0.07916196855940835,0.05635698884725571
2279,0.09519116641970372,0.8571025596303421,0.05063933677858906,0.1658483686145538,0.04437547426496525,0.07782984513460606,0.06839437037706375
2280,0.0974776848769896,0.870685620698259,0.053818135336258434,0.17051349038797278,0.046311396773221214,0.07834185714567665,0.08876053243875504
2281,0.0968322509148447,0.8907620490730106,0.05603206577314127,0.17527920624455118,0.04357175209511889,0.0747941014686116,0.09489665925502777
2282,0.09713601726993494,0.8653226641481678,0.055193303647273394,0.17092606943311545,0.04665489549803036,0.07674070317756852,0.09451352804899216
2283,0.09587149955758165,0.8414690844248465,0.04800072178427606,0.16135334501864326,0.04706133783649697,0.0812837762851018,0.11781524866819382
2284,0.09441824907020623,0.8529457916277718,0.042248314841030914,0.15806224009627962,0.046867672404437254,0.08033651150493984,0.1278032809495926
2285,0.09650230637593994,0.919347881715411,0.04503189138429242,0.16993417571730937,0.04347942964096633,0.07864443784534361,0.13503748178482056
2286,0.09595608987400746,0.8968261208569959,0.04954043034979453,0.17058124327939472,0.0429933158291385,0.07700150793355398,0.13358700275421143
2287,0.09164555856550644,0.8381260190335179,0.048795215914787256,0.1615567592174631,0.04109791274782326,0.07470244808551717,0.09109298139810562
2288,0.08693426199646263,0.7685597487525664,0.046467624157394284,0.14962364195670458,0.04217496918956735,0.0712454357372843,0.06865810602903366
2289,0.09049030035220913,0.7842890225839367,0.0473066265584648,0.15258982599067508,0.042778278720272574,0.0779012343464959,0.06345967948436737
2290,0.09116375247443063,0.7706031345986254,0.04621856706313252,0.1497020767110601,0.045585874326280064,0.0798233621470116,0.0640220195055008
2291,0.09478878197124453,0.8425253990844495,0.05081983935955697,0.16392063360597017,0.04480957116260013,0.07803022124842347,0.09666864573955536
2292,0.09690858601688009,0.8377067373335848,0.055106943237240615,0.16690691382243264,0.04672305094328788,0.07957239237641478,0.12891510128974915
2293,0.09636254922154257,0.8836824700753378,0.0557737566298539,0.17404642997920877,0.04348099296378142,0.07466051528412562,0.1206485703587532
2294,0.0974454966564272,0.8766926231696779,0.05433978814589114,0.17181876457786066,0.04674012134643303,0.07673609062141783,0.12877607345581055
2295,0.09558517721721828,0.8455529102122943,0.0483135409707189,0.1622048794338011,0.04690177033222969,0.07989091880207339,0.12744496762752533
2296,0.09329118671114144,0.8406245575277363,0.043271420151499485,0.15717901120524758,0.044937426339536436,0.07969888060395289,0.11189933121204376
2297,0.09616805081007497,0.9194774785635937,0.04655223891049115,0.1712558445752201,0.041814698800453284,0.07802541427399196,0.11938662827014923
2298,0.09731925615166949,0.9426515073886035,0.04925481989393534,0.17688291810745935,0.042411911838221725,0.07574497821462017,0.1477205902338028
2299,0.09213208376294034,0.8701033601694992,0.0473953297602752,0.16492504839016434,0.04089308256629544,0.0732723657611836,0.09716074913740158
2300,0.0873762692085641,0.7850964875447547,0.04696994844229132,0.15241659688550038,0.04173731980071963,0.0704000632231088,0.06896287202835083
2301,0.09045569779253426,0.765365051117491,0.04689087459825092,0.14953004267242806,0.03939426830548314,0.08344439682379692,0.055194538086652756
2302,0.09388260619085403,0.8067425029501242,0.04701366824559349,0.1555463589176693,0.0417396971102616,0.08555186800040906,0.06289423257112503
2303,0.09731670559626161,0.8819985813582794,0.05095375446346941,0.16967444401987083,0.041471689895895524,0.08286807321342388,0.07737849652767181
2304,0.09996893385168572,0.8914635245898024,0.05554515495878393,0.17496206490607227,0.044268089076916185,0.08308818335702083,0.08779731392860413
2305,0.09801434624690315,0.8972892779008381,0.05538905747007645,0.17566051753161385,0.041039378348832305,0.07992704328359332,0.09154467284679413
2306,0.09800571167325588,0.8729727619853072,0.054296817942082846,0.17125052423397205,0.044668467476470845,0.0805865893548161,0.1000964343547821
2307,0.09631066698583748,0.8437577883682325,0.04849752792549553,0.16210613656017223,0.04421871738489173,0.08432008700912208,0.1160602942109108
2308,0.09481690777286639,0.8571616179656562,0.04387525810104059,0.16005902379598563,0.042490122995611945,0.08351599293273465,0.11894980072975159
2309,0.09611023629037514,0.9240122438276508,0.04460593207672193,0.17023540518399752,0.03991094002399154,0.08042509774154122,0.13017034530639648
2310,0.09678062392346488,0.909360152379274,0.05063782685168374,0.17331244478419666,0.039985875805132874,0.0795106852738651,0.11377739161252975
2311,0.09200352627262531,0.8412985077893947,0.04817116566325352,0.16147507168127367,0.03896822867029846,0.07762180944209399,0.07088553160429001
2312,0.08696286450291989,0.7490112577467061,0.04708153821130582,0.14735721243064873,0.04040039568703425,0.0748599702800571,0.053807441145181656
2313,0.0907697926754455,0.7737315776980982,0.04541597500429893,0.1494610611034131,0.040039941244439374,0.08380355280310421,0.05480932071805
2314,0.09194239922745749,0.7707918253831837,0.04563991929118049,0.14923304873289522,0.04195194014536807,0.08555473260702773,0.06274373084306717
2315,0.09502931962594681,0.8355936781121984,0.05022684454792139,0.16242210648567523,0.04108664043862813,0.08326047541258828,0.09514238685369492
2316,0.09768525273444811,0.8427358397504994,0.05498456870862408,0.16752046457174913,0.043029926689302264,0.0844028526663124,0.10107317566871643
2317,0.09721825488841279,0.8789310525719036,0.05421018796373031,0.17202745433632652,0.041092716242341024,0.08087005168680106,0.10550732910633087
2318,0.09851104956385427,0.8678185471969242,0.05335991765806902,0.16971115044933405,0.045282599813903264,0.08278585482026662,0.10966092348098755
2319,0.09682356902765568,0.8435787175940568,0.04845067801741354,0.162040397956934,0.04498086801894473,0.0851212070971592,0.10915116220712662
2320,0.09528333112091043,0.8516124727250641,0.044085217758073,0.15944625418192887,0.04316252924142878,0.08474647508706576,0.09927842766046524
2321,0.09871453315719075,0.9343615488746574,0.04656802100138358,0.1733956678404227,0.041313348080373034,0.08359457725157826,0.10766616463661194
2322,0.09859918791803611,0.9283533891227225,0.05061598342925457,0.17600704138546425,0.041141880387760954,0.08114246022302724,0.11081836372613907
2323,0.09212662312425014,0.8475594667737678,0.047203978628250015,0.16154047693475257,0.039432594495492364,0.07749677609022365,0.07275404036045074
2324,0.08775183034437228,0.7765273917917679,0.04728759956329174,0.1514647127387883,0.04065165270183557,0.07321571368647789,0.06342453509569168
2325,0.09024519817853385,0.7492405566861422,0.045965972131891186,0.1464337699253556,0.04117464351233578,0.08401693323298812,0.053488027304410934
2326,0.09326769335038389,0.7882237811522411,0.045477075855045644,0.15158374804035932,0.0429745255519885,0.08624766732025134,0.05984184890985489
2327,0.09680822483451196,0.8699739262237591,0.05017334044626256,0.1672877098430478,0.04136874059299527,0.08364822416337027,0.07073617726564407
2328,0.10003091727648811,0.8838902687864048,0.05541004764333746,0.17376436494948996,0.044601379136909126,0.08401499643474315,0.07485993951559067
2329,0.09815343029249127,0.8916582974463845,0.054852214048433566,0.17439594024814084,0.041424164881116395,0.08107934131625089,0.0741649642586708
2330,0.09820084747207068,0.8633239099181869,0.05292612929498199,0.16869724081258267,0.04547959443709209,0.08264759970472899,0.08405419439077377
2331,0.09745052785780603,0.8370018848642111,0.04956286423306746,0.16205415289465938,0.04487151336271648,0.08692899363376269,0.1146417111158371
2332,0.09672002607719637,0.8584827168231135,0.044548106350856785,0.1608244792754649,0.04422840335793547,0.08655879940806471,0.11910643428564072
2333,0.09914713526226987,0.9264168245998122,0.04686419956739771,0.17251457457202837,0.041664814291251476,0.08524765671587231,0.13430465757846832
2334,0.09854868113751883,0.9101276137727835,0.050508134296569966,0.1733109170788862,0.04144732851718268,0.08309540823161654,0.11960022896528244
2335,0.09211373838984036,0.8315305942837165,0.04638085756205679,0.158545105665151,0.0399940915331289,0.07959098302356608,0.07909924536943436
2336,0.08755294135603041,0.7571168208241673,0.04645433291069245,0.14797754546976027,0.04084428723230582,0.0755514851147758,0.05733637511730194
2337,0.09175527006096731,0.7809831963619681,0.0448297432743173,0.14999452228683885,0.04213687560808702,0.08421201950959997,0.05665750801563263
2338,0.09329400398031734,0.7805221505259475,0.04482437310466203,0.14992405559341712,0.044720251600863015,0.0862447421508776,0.06010120362043381
2339,0.09650332317505095,0.8448555874139962,0.0496978601162224,0.1632918211587615,0.0433195197236722,0.08459921545926061,0.08190887421369553
2340,0.09925543450006585,0.8467543724892386,0.05560020665817849,0.16862223034832993,0.046125285984275406,0.08504836808415145,0.09924977272748947
2341,0.09830761244104279,0.8880062372091144,0.055530484310814095,0.17445559186771414,0.04298154820964691,0.08008843664517676,0.1100587397813797
2342,0.09918372395480651,0.8750723462040639,0.05318421399412512,0.17059680430983068,0.047414871863313245,0.08199502422421696,0.10839597880840302
2343,0.09792723459128161,0.8422362235967933,0.049491833524594325,0.16274103210633703,0.04793231287783283,0.0849607182648758,0.1062920019030571
2344,0.09620466366181978,0.84057227110713,0.04685201781654855,0.16024062542948878,0.045731838355552834,0.08433691925809293,0.10920798778533936
2345,0.09887700609487081,0.9076277786990945,0.048741179631277685,0.17143926521239436,0.043201196927574306,0.08410136238842217,0.12651734054088593
2346,0.10145800170631812,0.9458650394149104,0.05355802968593345,0.18103045964721584,0.04370520382210904,0.08236579915671555,0.12606199085712433
2347,0.09287527710752048,0.8626917063023793,0.0502128012750064,0.16628121627891682,0.04119216801255871,0.07386780079064026,0.08978713303804398
2348,0.08829746825098196,0.8215808989965119,0.04745548313640616,0.1580448282592784,0.0408112284952093,0.06881898803002363,0.0769479051232338
2349,0.08852710864588255,0.7632367267933677,0.045194848386275584,0.14777225958728873,0.04140857141609709,0.07791632164821438,0.06923055648803711
2350,0.09051039356070124,0.775698799581021,0.045945691742832716,0.15019613571971677,0.04338613982038343,0.07951909119434075,0.06611240655183792
2351,0.09518617278375475,0.8473901949887546,0.05012783578045877,0.164022458524501,0.044700986888361556,0.07912896041907083,0.07624354213476181
2352,0.09874805718708872,0.8701407428841801,0.05509507704655426,0.1715301721662151,0.04597673030117811,0.08123861760552493,0.08753733336925507
2353,0.0960380235610604,0.8799568422795294,0.05390860038228862,0.17191549208189447,0.04147117920701832,0.07739122741511745,0.08910660445690155
2354,0.09694536023687302,0.8749565267079835,0.05269336221132916,0.17015952856799407,0.04642435937730566,0.07708883869926357,0.0944090485572815
2355,0.09615278591136557,0.8321985227709651,0.04868115818263256,0.16061221026668007,0.047293332289518646,0.0825028115195815,0.12068819999694824
2356,0.09698967924006481,0.862720474944933,0.04563092688018705,0.16235800517515075,0.048191082578941745,0.08249116612534732,0.1316903978586197
2357,0.09899767142164478,0.9121136962578316,0.048881724339441636,0.1722005774706402,0.04559568622963648,0.0816718656717811,0.14260706305503845
2358,0.09725935344394515,0.8751634952160842,0.05385803497160944,0.17118738643510584,0.042020052494725686,0.08090671290724652,0.12681996822357178
2359,0.08899805802704784,0.7900706555415427,0.04906474009329531,0.15492272801447346,0.039019385350593995,0.07504531037994755,0.09261219948530197
2360,0.08650461046703134,0.7546256549044812,0.0484607897428031,0.14934148476589998,0.03917612161356443,0.07293477320230485,0.07054496556520462
2361,0.09218747596068194,0.835178510046743,0.04804920766490806,0.16049625086231306,0.036623474574513384,0.0810357991346522,0.07540962845087051
2362,0.09361971486213264,0.8273260940025382,0.04760806859304153,0.15899635793725533,0.039950215160727866,0.08337596441012946,0.08050351589918137
2363,0.09832048682981577,0.9054490515776035,0.05292019185247824,0.1747100289560676,0.040509964084127985,0.08206384487182228,0.10730943083763123
2364,0.0988127067951098,0.9021505093029722,0.05842326221589033,0.17895572608547347,0.04164916426013578,0.07870566463414383,0.11271567642688751
2365,0.09659965608353174,0.9313089287301559,0.05354314679931748,0.17893825850372297,0.03843378884268443,0.07544851280160578,0.10696727782487869
2366,0.09438112716049395,0.8704250201248935,0.051944810695941875,0.16887055490007782,0.04310156113349378,0.07407249816198316,0.10441987216472626
2367,0.09327320856752287,0.8456674701613252,0.05015588010502142,0.16380039297020768,0.040080101831859415,0.07810589060887918,0.11649896949529648
2368,0.09197242347543604,0.838288512761689,0.048715491623297136,0.16151163750021028,0.03740714437279708,0.07887023041856765,0.11018553376197815
2369,0.0954523637429971,0.8872882824964083,0.050704542165992995,0.17021650507033806,0.03701317356107086,0.08116803149075923,0.13668206334114075
2370,0.0929704773814734,0.8670833750461466,0.05256748640395844,0.16892689906712818,0.033469010991762735,0.07857239149752235,0.13862580060958862
2371,0.08895421609184974,0.8317078088310842,0.049315905030234704,0.16108617700178465,0.03438883344276492,0.07358346011360596,0.09322860091924667
2372,0.08475402828586855,0.8021165903483742,0.04553404490293985,0.15361726568085907,0.03610867949075024,0.06706337576098038,0.08059176057577133
2373,0.08633758312923837,0.7825533918637269,0.043405460072646444,0.1489980217570865,0.03539585768893778,0.07608370909013426,0.08230318129062653
2374,0.0873538067502161,0.7680267127213911,0.04654661507332763,0.14961520045162244,0.0361465745746148,0.07768141541513669,0.07144082337617874
2375,0.09231956071896041,0.8179254759050179,0.05322964301791553,0.16247190485893018,0.03639481036294213,0.07987041615800292,0.06922227144241333
2376,0.09455581253272895,0.8425160507457893,0.057158946673599186,0.16935281868391203,0.03796979777834079,0.07862119506053335,0.08122889697551727
2377,0.09381434578033207,0.8650335126055638,0.05397883919742249,0.1698437925414427,0.037903230799361,0.07621080547270997,0.08877909183502197
2378,0.09388274380133374,0.8665476847510492,0.053487328815639786,0.16963880823498398,0.04116741495580373,0.07372210016172853,0.08994733542203903
2379,0.09251750425473078,0.8326591852367882,0.050466379538924265,0.16220820892433338,0.03898592543309878,0.0783782691377565,0.11326158791780472
2380,0.09172368029639594,0.8444662022301314,0.04643017494586619,0.16043532170076122,0.03861340567781256,0.07807248435883679,0.1157432273030281
2381,0.09641533840520636,0.9003080349785512,0.05053954895860433,0.17193504696145387,0.03905239895310745,0.08052816543907632,0.1247301921248436
2382,0.0940915352183931,0.8949367142044222,0.05224006434848023,0.17262530004218624,0.03558418376127971,0.07656842352254836,0.12354227900505066
2383,0.08922064107222623,0.8181293657433661,0.046924968791871184,0.1570970254992276,0.03569420039350903,0.07666444029247757,0.09146110713481903
2384,0.08459579440470616,0.757700352663667,0.04782192665988257,0.1492331303747089,0.035607807728466404,0.07090261377266358,0.06784112006425858
2385,0.0896625287062261,0.7869507878301424,0.045584189068582054,0.1514937031773764,0.03557615954554459,0.08288582405956593,0.06106143444776535
2386,0.08872948733707044,0.7768229755451979,0.04651114838683146,0.15084140940945523,0.035892265438624275,0.08061412468487408,0.059067580848932266
2387,0.09520001255100442,0.854442761293154,0.05176564912497022,0.16643380800613933,0.03705695362627393,0.08374561808690059,0.08208367228507996
2388,0.09563703680550197,0.8451249299416338,0.05626341488543827,0.16895791703632337,0.038964054717123366,0.08107012593086453,0.10298898071050644
2389,0.09436570304302759,0.8706226005750287,0.05301206199397757,0.16981356750555632,0.03683539030089195,0.07868784528768362,0.11232262849807739
2390,0.09394692497988487,0.8635675538454308,0.05212270244034161,0.16804339549821148,0.03978569523677267,0.07650358930157222,0.11993551254272461
2391,0.09248269259859353,0.8415918554029349,0.05066202322163708,0.16365199924753676,0.03635567200556106,0.07932069229967156,0.1374358981847763
2392,0.09262571248262962,0.8461394778814897,0.04837528575138439,0.16234159891282798,0.03789226510436248,0.07951607831218982,0.13641919195652008
2393,0.09617708467177642,0.8700455598351523,0.05211099355220209,0.16895878873548068,0.040064480484343905,0.08159162228003863,0.1699986457824707
2394,0.09521637977228971,0.8783267396141671,0.05465112440564699,0.1723190694354356,0.037783527509801254,0.07800527204671444,0.16634629666805267
2395,0.09080573970368147,0.8344998014713285,0.05043600847969846,0.16244512176421705,0.03843352818882368,0.0739469654762134,0.11391320079565048
2396,0.08683574426736264,0.7977874799532156,0.05128712930579832,0.15793003654114363,0.039000224535984236,0.06648431829276036,0.08766061812639236
2397,0.08962894807684353,0.7904454101400926,0.048128109248837425,0.15417343794758814,0.04293207986507981,0.07401227912523527,0.07106862962245941
2398,0.08878015393603098,0.785785493294646,0.04783104181059979,0.15325310630832067,0.04040552262426803,0.07469412300807005,0.056679874658584595
2399,0.09432758980005396,0.8165235874849331,0.05367963090486843,0.1626573389877348,0.044345282563439184,0.07827357809287114,0.06430967897176743
2400,0.09336923892999752,0.8276288989661154,0.05792577976049485,0.16788336821844063,0.0427256275578346,0.07248253575325231,0.08862970769405365
2401,0.09241693505481154,0.8499870245538557,0.05714195884009313,0.17040553965634492,0.04059318632954933,0.06952268616307422,0.10028760135173798
2402,0.09435271475003297,0.8655629562397467,0.05947137994935628,0.17462731941941206,0.04448037865859665,0.06775072974433302,0.0995786115527153
2403,0.09109286116326017,0.8309959594943986,0.05321885322153865,0.16432986840337582,0.04168984049730611,0.07023812291086881,0.11489913612604141
2404,0.0917867506210866,0.8419422018136495,0.05236755016465581,0.16516392897165494,0.0421505251625297,0.07101341684057658,0.12525810301303864
2405,0.0947040488128974,0.8866902429421508,0.05203097793761221,0.17126801579540343,0.04208480457664018,0.0737524164099297,0.15973681211471558
2406,0.09221742337061317,0.876367781655325,0.05242773291661734,0.17013345416500414,0.039090179318395944,0.0705272349712111,0.15866684913635254
2407,0.08713483029512702,0.7992343313645143,0.04858448617749269,0.15582017834706718,0.03943112776963135,0.06877589045948809,0.10872489213943481
2408,0.08380149150313385,0.7572138529908304,0.04939903221604295,0.15051543518386973,0.039015675684537184,0.06461437962376201,0.07523941248655319
2409,0.09122327649410517,0.8547550569791238,0.04847742266715185,0.16365994185457639,0.04042683388344765,0.07228808158801814,0.059553563594818115
2410,0.0898693216034258,0.8290951725666839,0.049868272243913575,0.16118640086145217,0.039079023039150576,0.07190838849639353,0.06021469086408615
2411,0.09672108032284227,0.9060965545790436,0.05616947101036623,0.17758762580589155,0.04076598608421768,0.07492356048397064,0.08636416494846344
2412,0.09505738328697283,0.8936049061399072,0.060078061324403464,0.17915332486947544,0.04029076554918324,0.069394224922849,0.10237421840429306
2413,0.09393173635443718,0.9093434638163442,0.058286281421552455,0.17986587890652267,0.038669793156122435,0.06709356191988775,0.07647805660963058
2414,0.09187995217595869,0.8476598270212713,0.05757138560444854,0.17044116294970893,0.04177990672629249,0.06697643251738514,0.10250169038772583
2415,0.08887772954405983,0.8146547705707388,0.05014704442099031,0.15936243387095436,0.04027181075322078,0.06973379220001125,0.09991807490587234
2416,0.08609455752570093,0.7926910055391763,0.04847430217718072,0.15479097408603723,0.03824801980788673,0.06785091353849412,0.10335647314786911
2417,0.08763150008164006,0.8259206080439703,0.048423226221359396,0.15949428076744665,0.03955472857385127,0.06681874205087446,0.15741227567195892
2418,0.08713047811015813,0.8007566876863481,0.05089426680964034,0.15801746979202716,0.0396357696036349,0.06666223033173055,0.12345030158758163
2419,0.08591193399421643,0.8136916349186519,0.048641457307728585,0.15793433982357477,0.03814813977218724,0.06468564883780337,0.10384637862443924
2420,0.0812772338220312,0.7732037191633763,0.048366893248548905,0.1519150112363814,0.03769958663509349,0.057599619873045266,0.07984450459480286
2421,0.08533275048002752,0.7910525728387493,0.045371858372855955,0.15189767472512644,0.040522050850640534,0.06629780394127954,0.0693640485405922
2422,0.08412733183618247,0.7687340692411928,0.04699998820465212,0.15010485692415793,0.03782371368093381,0.06691266327004651,0.05686487630009651
2423,0.0892903685892322,0.7921253315874975,0.05257490805636114,0.1582249685608092,0.041222325951002704,0.07103213092255314,0.08220930397510529
2424,0.0908712054026343,0.8236508628988821,0.05572999101977061,0.16543297271678653,0.04229913322849926,0.06813022215511924,0.08640345931053162
2425,0.09298643853277397,0.867842086863963,0.05542244565565301,0.17148239439969729,0.042777476652805034,0.06823531879418884,0.10643205046653748
2426,0.09149566588047221,0.8522625961778822,0.056410662644080366,0.17010379600605205,0.044745870177024805,0.06361962326110636,0.09658493846654892
2427,0.08950700356894356,0.8274208148035648,0.04878356842796921,0.16001746076734,0.043527972098401244,0.0680420060570712,0.10390114039182663
2428,0.08901182638682438,0.8281204093726979,0.04761865925449282,0.1591189092713793,0.04099224873163888,0.06968525931112615,0.09466123580932617
2429,0.091052196482143,0.8713735699372958,0.04909655515411015,0.16656470012313665,0.04025319852502312,0.06942787900875343,0.12415172904729843
2430,0.0889282683637406,0.8562611739022818,0.049396221643999864,0.164662643395183,0.03899656947131095,0.06635092674210444,0.11851201951503754
2431,0.08602494069744095,0.7958996220622077,0.0479484294662304,0.15479859983708427,0.039342598948777195,0.06669503798033383,0.09813399612903595
2432,0.08033285402525,0.7293768875897589,0.04750065077534273,0.14491154174883075,0.039714234422441076,0.059367794419574675,0.0671720877289772
2433,0.08732226397551503,0.7844340869162898,0.04671526286753005,0.15210366630306718,0.041856466540969264,0.07042110969413444,0.056405890733003616
2434,0.08497130961846544,0.7589788945406107,0.04681254926115421,0.14855059858679084,0.039458604185353297,0.06916304902515386,0.04762766510248184
2435,0.09125711523163277,0.8244415201468849,0.052721760759574014,0.162967440672047,0.0407842472197282,0.07267433998168678,0.06478672474622726
2436,0.09028158804636968,0.7848121258811918,0.05692859155743901,0.16091195360368943,0.04287977897623753,0.06995660112008058,0.08184792101383209
2437,0.09105857032687482,0.8196745789795397,0.0550379470853131,0.1642717516416312,0.04214628368160095,0.06979528749107766,0.08999698609113693
2438,0.09076954116192532,0.8201642719759814,0.05591722471302842,0.16509537432202168,0.04476007625335431,0.06599271894184058,0.09788279235363007
2439,0.0878445628038677,0.7843341242885205,0.047978321530813446,0.1531720076390573,0.043134962803839216,0.06980394857310171,0.10639461129903793
2440,0.0855458219367387,0.7780125296727822,0.04689766413171972,0.15134264492330005,0.04042655644684317,0.06745295912715604,0.10847091674804688
2441,0.08528104161959366,0.7979373653096414,0.04812019394665338,0.15523693271279454,0.03882694009445513,0.06471697574753907,0.14231693744659424
2442,0.08658945697069105,0.8232235491018076,0.049497086869943814,0.16002943861735291,0.03855028105240739,0.06436375195836014,0.16591289639472961
2443,0.08562188269214274,0.8195037248836492,0.048451193286113546,0.15860155494290434,0.03921659677822305,0.06236929464740606,0.13402821123600006
2444,0.08139169947548676,0.791987249839498,0.046384633227681236,0.15289929274365505,0.038223855062959056,0.056594419226801224,0.10296401381492615
2445,0.08249789975666033,0.766208616258917,0.044181288044784,0.14732804921823156,0.03984504534162758,0.06309276659093915,0.08757738023996353
2446,0.08296885794247034,0.7658236175649578,0.04601450673038494,0.14884437970675246,0.037936898352581114,0.06473074103987658,0.06796640902757645
2447,0.08475316111077497,0.7539715886013794,0.05074125868415356,0.1512027343866144,0.038966740233665594,0.06667290276188614,0.06937946379184723
2448,0.08536983311388067,0.7530596626280972,0.05415742423737401,0.15400060115033445,0.03942827765900877,0.06551677210499651,0.09804537147283554
2449,0.08796328651578869,0.791462243687384,0.05389727714959095,0.15926370094070424,0.04046237454485928,0.06713872186855081,0.11718246340751648
2450,0.08757438237845948,0.8267798941187429,0.05280371243065207,0.1633717383860936,0.04190886677106208,0.06120902202825233,0.11135993897914886
2451,0.08421553934741957,0.7852750264726183,0.047570151992794414,0.15295656263276922,0.04131164947958699,0.06160804760709213,0.10542404651641846
2452,0.0844425808436466,0.7874490305621967,0.04804868847773075,0.1536773087755116,0.03821996276343453,0.0643069847234503,0.09352895617485046
2453,0.08550302267353432,0.8222688905932865,0.04786469903702977,0.1584938692593522,0.03746334944604986,0.06367074598499259,0.10079307109117508
2454,0.08484984661542593,0.821582810312131,0.04848633809176653,0.1589286912661043,0.03661082545136296,0.06224000106463744,0.10776858031749725
2455,0.08492414928244667,0.8044252420324168,0.04660893321661399,0.1548684059045858,0.036200317923690065,0.06635627717698694,0.09237828850746155
2456,0.07929427453150563,0.7443972500519693,0.04542016611702626,0.14527403525058952,0.035107159628106364,0.06022570944278159,0.07551108300685883
2457,0.08343861959324482,0.7590611826669065,0.044355891371210064,0.14645664727059526,0.03738896742537808,0.0685912910224466,0.06258010864257812
2458,0.08202598856990832,0.744756880112456,0.04687042723125645,0.14656849192857066,0.03567877075851893,0.0661051137160445,0.05019929260015488
2459,0.0873596394556847,0.7909948357594057,0.05116642613176836,0.15685619893571653,0.038914630616665544,0.06893953264479859,0.07615558803081512
2460,0.08585282278573239,0.7452762294792923,0.05429481698277867,0.1530064473394235,0.038933424741570785,0.06814787458989412,0.11590263247489929
2461,0.08830884713908521,0.783750266457635,0.051186552631790616,0.1558385117497684,0.038743748225617415,0.07258985215402175,0.13818679749965668
2462,0.08760034638737785,0.8006939815158446,0.052027878591857646,0.1589801790095701,0.040358464585620264,0.06647963941949753,0.10711044818162918
2463,0.08510194381452253,0.775563378293656,0.04661784658684507,0.15075292254496092,0.038567256154814884,0.06837518912763313,0.10218992084264755
2464,0.08236564279079434,0.7593952519105577,0.0458636906394582,0.14779677082104387,0.03425585118406249,0.06720947342021638,0.10997019708156586
2465,0.0815853609431877,0.7779458746588992,0.04646280039040899,0.15096038242876472,0.0340512048744454,0.062474603703457324,0.12253668159246445
2466,0.0852268475946517,0.8400569756592272,0.04790049614336978,0.161065707502778,0.034694868305998036,0.06308332705261314,0.1336623579263687
2467,0.0861900804479779,0.8559060203715201,0.04645342938920921,0.16208951381525363,0.03545302154554508,0.06417300279124032,0.1334613710641861
2468,0.08137430778250675,0.7968136183100338,0.04504635055807913,0.15244167452264407,0.03558705899903377,0.059254204570425434,0.09981423616409302
2469,0.08374858273792728,0.7761505298229272,0.04444046294186536,0.14897047249630277,0.03834379195245742,0.06640862113663483,0.07553325593471527
2470,0.08223544282787808,0.7501354024638867,0.04689174870905071,0.14735512781688437,0.037589965682641835,0.06432051096457929,0.054600343108177185
2471,0.08626750983932807,0.7726392478889959,0.05257869676810865,0.15544448978537825,0.03998706343688339,0.06623304298867327,0.06641145050525665
2472,0.08756403207877267,0.8054739720180182,0.05464846869276687,0.16190925488208846,0.039101106449862796,0.06491702205116745,0.08496370911598206
2473,0.08982413685877862,0.8494175323046311,0.05223092789922079,0.16611472852856513,0.03940913993228799,0.06718299145839472,0.10160673409700394
2474,0.087171110917739,0.8257462512695981,0.051620994350553256,0.16221031676755965,0.041117193593436054,0.06180898345791104,0.09635171294212341
2475,0.08570570882230716,0.8051661380431381,0.04695733766813379,0.15527288057884872,0.04062676759967131,0.06427850710513971,0.09032038599252701
2476,0.08497037766998289,0.8062506465046639,0.04771734529184252,0.1560792454651027,0.03663008775522707,0.06504787202466439,0.09005016833543777
2477,0.08731347559576695,0.8492290487559652,0.04941537678244675,0.16367447277866365,0.03711885591203422,0.06441789528399841,0.1030309870839119
2478,0.08646765199611568,0.836672434369226,0.052231873945418984,0.16429481114882,0.03609058191610821,0.06244882405750596,0.10783595591783524
2479,0.08482767287790566,0.7922585235853212,0.050076879913200034,0.15610282900921738,0.03631738611920889,0.06490841217686763,0.092166468501091
2480,0.07970410662212925,0.7335822923645583,0.050510256406550436,0.14809197582912298,0.035382868369157584,0.05864580453735993,0.07884444296360016
2481,0.08619495012362154,0.7839154245467632,0.0504738542039099,0.15525122139574613,0.03834064706600685,0.06764322793592542,0.07102911919355392
2482,0.08291893376579564,0.7712188285858599,0.05034094969575379,0.1533235038229118,0.03634731004999344,0.06206510571714591,0.06298226118087769
2483,0.08857490312430669,0.833052025988263,0.05402725350555457,0.16531650671737008,0.039217988993689494,0.06461329984466627,0.086207315325737
2484,0.08709446334031348,0.7932695083665265,0.05604903111247494,0.16136624214876805,0.03869339581510915,0.06445759096746953,0.10826227813959122
2485,0.08874117549951847,0.8226407097189103,0.053541729062565546,0.16341301201347194,0.037967161401511074,0.06783058088556569,0.10727071762084961
2486,0.08560725245378857,0.7845937933914882,0.05419518443955723,0.15853784286126166,0.03991054562074565,0.06177760432616217,0.10124687850475311
2487,0.08365137915708147,0.7569105725771903,0.04936741346738227,0.15044500762592627,0.039175238769833455,0.0641235770856843,0.13729973137378693
2488,0.08245627887845018,0.7710067848458498,0.04783910144526667,0.1511487705024928,0.03638223180307391,0.06266513989836713,0.13823898136615753
2489,0.08619435975782874,0.842386650392944,0.049711233124130505,0.16295057844824676,0.03571378899114005,0.0632031678245656,0.14437083899974823
2490,0.08636786453475333,0.8555319911248227,0.049975832261111915,0.1650552835273563,0.03556506104127265,0.061968825973021315,0.18552380800247192
2491,0.0877818444258448,0.8806724345990906,0.04905042412526469,0.1678535684786684,0.03601559060220897,0.0630145579753055,0.1382238268852234
2492,0.08181461070828719,0.7983736122743709,0.048716104069082534,0.15581003381269515,0.03463637447793565,0.058349572193487804,0.11219453811645508
2493,0.08412383498466497,0.7861940876988666,0.04742580796492051,0.1529641336411985,0.037719853251363664,0.06449205767683677,0.12005658447742462
2494,0.08272458557613914,0.7629606734730953,0.04906878165217998,0.15105333762659642,0.03768438682061508,0.062347101443072525,0.10097743570804596
2495,0.08673994336937603,0.7727430666151499,0.055552006587229474,0.1580078723055038,0.039412182275041195,0.06579229650780717,0.09558891505002975
2496,0.0881352127126827,0.8102089112294086,0.05665466081826892,0.16430526801986028,0.03800914597854606,0.06534672271127187,0.11443249881267548
2497,0.09219737502514068,0.874339830570084,0.05576002698446166,0.17269999892526483,0.03874496946982991,0.06852843397342895,0.13521519303321838
2498,0.08908260376277045,0.8423202169527846,0.05523687951514251,0.16767735629194852,0.039037090620759184,0.0641020192989995,0.11767461150884628
2499,0.08652241495464728,0.8020428182294337,0.0500643649746386,0.1574898582967522,0.03943784167379221,0.0656249036510537,0.12899821996688843
2500,0.08559744444431247,0.8042776318441243,0.049797582925173105,0.15758044705645186,0.036287662058458625,0.06575837674631262,0.11899422854185104
2501,0.0901099944164038,0.8747732406106893,0.05183923315168215,0.1694012342172546,0.03591906479012604,0.06814722301365242,0.1322946548461914
2502,0.09159880826976244,0.8740838041306787,0.054179881088585735,0.17130901295174186,0.036346660013313006,0.07019800889742367,0.14310631155967712
2503,0.09009994611388712,0.832714510000477,0.05209341233401547,0.16361071200065286,0.03798771480176858,0.07137622836107087,0.12403891235589981
2504,0.08437756862247192,0.7602223585417134,0.051488394600208175,0.15273610373470894,0.03790403206226228,0.06522819488944798,0.10139386355876923
2505,0.08696520245352297,0.7676568692999879,0.05145728060064444,0.15377150755769353,0.039362737682280935,0.07016184216221052,0.08013643324375153
2506,0.08365910993166745,0.7556968478811166,0.052247529874766406,0.15274028958995928,0.037485187443129835,0.06361525990813251,0.0789341926574707
2507,0.09042364157052057,0.8143025554586437,0.05658987495109774,0.16483454359503288,0.04061820207533846,0.06889386185735667,0.11913079768419266
2508,0.08896132913138173,0.7978401004640742,0.05588459388750683,0.16187823768415935,0.03803644822540777,0.06971830494042855,0.14128492772579193
2509,0.09244541936334424,0.8411672541163256,0.052746518393513964,0.16537805206820133,0.039349774298782676,0.07508805517808564,0.14009246230125427
2510,0.08895124990692552,0.810682214664399,0.05232895509644869,0.1606651350347273,0.03959780698126551,0.06938586298005146,0.13592949509620667
2511,0.0862416961930864,0.7594339801494374,0.04965742016419503,0.15105407159065823,0.03969774981424888,0.0702568208016939,0.15134593844413757
2512,0.08575598675732568,0.7875879143064475,0.04967478508962864,0.15509094640631707,0.03732809288653448,0.06746230420140056,0.17101994156837463
2513,0.08935285149480697,0.8564504249802305,0.050403997978846704,0.16555348755047294,0.037710873113339684,0.06786402602988313,0.187443345785141
2514,0.09127807900118184,0.893117572099846,0.050963224709400866,0.1712709886223216,0.03608329974121942,0.06957971493515169,0.22893978655338287
2515,0.09399230972211704,0.9280974763290855,0.05015771211592717,0.17557767843209263,0.038021198498811325,0.07157983442128088,0.2539239227771759
2516,0.0877264485580374,0.8740252463614794,0.049259187078829376,0.16708290983349366,0.036105722534878794,0.06345768021227696,0.216465562582016
2517,0.0873638522668333,0.8213933410196719,0.050097778906560954,0.16028285920843394,0.0378564800033609,0.06687867192347106,0.17220553755760193
2518,0.08444719695906126,0.7809185359041022,0.05195900247535141,0.15609607867945868,0.03721289352679665,0.06308444095694507,0.13183540105819702
2519,0.08693546188240163,0.7743403592740095,0.05677663227263785,0.15928573612997665,0.039607117964127796,0.06504127284426306,0.10539086908102036
2520,0.08627831965171806,0.8035421073907093,0.055145605536420284,0.16205939151560442,0.035160642894227996,0.0646978489336213,0.11951401084661484
2521,0.0938577058275823,0.9014936951539387,0.0535493924363881,0.17468429282460965,0.039105191211367296,0.07104289249437148,0.14813807606697083
2522,0.09054869920359208,0.8751892662408173,0.051704967155487024,0.1693455813105342,0.03937870684059386,0.0663751706776412,0.1384097933769226
2523,0.0876554956262333,0.8153016140727156,0.049714977615200405,0.15908449710913117,0.040921866710719366,0.06604704462977237,0.15130718052387238
2524,0.08661176934295466,0.8124537360981675,0.04947974295624324,0.15847602769080385,0.03921101593819944,0.06520620251774743,0.1454118937253952
2525,0.09153112045568043,0.8960469054270372,0.05107727810646926,0.1717872248665504,0.03805423402910969,0.06809930471941858,0.15607883036136627
2526,0.09091092666368898,0.8898515846773146,0.05098238490248549,0.17082084201317535,0.03552448630776336,0.06945288604432329,0.16137780249118805
2527,0.08976349847773539,0.8294253417783799,0.05026484787918164,0.1615734898647814,0.03841892142986595,0.07185626093095587,0.14190366864204407
2528,0.08405008059693421,0.7415404042866484,0.05089142270257104,0.1495555629288678,0.03787167161961456,0.06713889141164703,0.12592288851737976
2529,0.08816962212304158,0.796798821501075,0.05052748834251627,0.1571376787937389,0.04033258154322718,0.069679983043519,0.10722462832927704
2530,0.08650437009936848,0.8003527536394198,0.05341310492044813,0.16011876902315839,0.03788064841644829,0.06463752751360746,0.10717792063951492
2531,0.09012709860425479,0.8318773246326843,0.05613477178927328,0.16695513648118915,0.04002243123186189,0.06674414941278103,0.13046997785568237
2532,0.08925057431386249,0.8394890543391216,0.05420386638053456,0.16638746466033272,0.03707231922165283,0.06741176846638451,0.1506754606962204
2533,0.09569342514143898,0.9175476719068303,0.05248727117423885,0.1760673284217519,0.04038413070712388,0.07376189240119091,0.15030783414840698
2534,0.09084351461528008,0.8535405160294761,0.05415706168185248,0.16835469801722727,0.03912965981658857,0.06827085208743135,0.13646012544631958
2535,0.08757814061217713,0.7833771836197233,0.05308759478977718,0.1574146789083409,0.04101099208720277,0.06721742456238634,0.16112712025642395
2536,0.08591362086725975,0.7882452642598821,0.05074755709698245,0.1561043724059681,0.038543546676791496,0.06594552818754965,0.17377766966819763
2537,0.09152765623227327,0.896617720205892,0.04969281173213496,0.1706820843712431,0.039097517989686734,0.06814390257293788,0.177180677652359
2538,0.09272177299535106,0.9244943664964691,0.04858421555256579,0.17371423711598055,0.03771535493647804,0.06998398269131413,0.20888401567935944
2539,0.09358930816830907,0.9221987390831392,0.048668713952510635,0.17345871754260042,0.0392148197880653,0.07128125229851748,0.2067696452140808
2540,0.08773731971431892,0.8303413293689594,0.050731368239117426,0.16210421982909487,0.03752764097105429,0.06659975101424653,0.16963957250118256
2541,0.08756895216295618,0.7905971808499985,0.051972914197659814,0.15749066657656535,0.039058677870484816,0.06883394205696064,0.12979798018932343
2542,0.08451643185565787,0.7641395816729788,0.05435970997261521,0.15575683450123856,0.03761173800212125,0.06322268666261927,0.09881914407014847
2543,0.08775328808869655,0.7874419445254681,0.05633464146753255,0.1607785419043805,0.03981908323348049,0.06579862024828718,0.10597460716962814
2544,0.08783928149588516,0.8245295430841292,0.05370786842140296,0.16382525051607813,0.03745026047618981,0.06544195199544978,0.1154583990573883
2545,0.09603383332325327,0.9239995941253918,0.05317141867258799,0.17757544373727427,0.04033931916795048,0.07341762409687483,0.15054091811180115
2546,0.0919552166928992,0.881633028912173,0.05290731203370939,0.17129670015920415,0.037906189625126416,0.06982431734418354,0.1392957866191864
2547,0.08801432781248762,0.8025425872636323,0.050666134743562796,0.15807705653214413,0.03966601792964756,0.06901421133027322,0.15274681150913239
2548,0.08657341131176584,0.8092618123322515,0.04977207052591948,0.1582706050696812,0.03789387899711649,0.0664329575489081,0.15716156363487244
2549,0.09178258008088673,0.9068117355418789,0.05057354497569405,0.17289328648514907,0.03663182133555974,0.0690676258793183,0.1799534410238266
2550,0.09349397704679249,0.9276812899653474,0.049841270872515976,0.17524698788577758,0.03622059163720543,0.07207430479606923,0.17313875257968903
2551,0.0909964037789067,0.8473884033785464,0.05011033485234739,0.16400720178466152,0.03692290856438015,0.074426263836582,0.15447553992271423
2552,0.08509862082782035,0.7573396423818737,0.05181920042496787,0.15260783499024014,0.03593281023331222,0.06904814270589765,0.13584178686141968
2553,0.08784317043732197,0.808390999229966,0.04931671084845577,0.15775589490295722,0.03837997925172173,0.06994982881729131,0.12361574172973633
2554,0.08621449420112041,0.8169445539390312,0.05471923813581427,0.16360856896484527,0.036274614070118456,0.06219207389748787,0.1206151470541954
2555,0.09038783473248917,0.8579356867800694,0.05797098915026583,0.17225166024023775,0.03669655424754704,0.0657368578375335,0.15692351758480072
2556,0.0898835475103509,0.8873445855485907,0.05562240986532487,0.17443986353436283,0.035091384852230935,0.06383991331519545,0.13560174405574799
2557,0.09676206981792546,0.972473273924741,0.05247432936631147,0.1839027500175157,0.037976352646165314,0.07195147716857414,0.14561569690704346
2558,0.09171514780087783,0.8884809835935477,0.05223550544597964,0.17169914518134652,0.037930601988859225,0.06879062767848404,0.13485120236873627
2559,0.08615142171650671,0.7821642134485236,0.050342058469552975,0.15488808060940593,0.03815309602423515,0.06800538016595756,0.16543129086494446
2560,0.08262412297362248,0.7684094215409678,0.04836922291647125,0.1512321084342565,0.03330668510724725,0.06574489382864607,0.15286527574062347
2561,0.08879438724815834,0.8771951642658935,0.04932787794010881,0.16759463312950662,0.032203273002344025,0.06936139706706615,0.193648561835289
2562,0.09087385451651167,0.9106588052359177,0.04947526287584585,0.172501483212999,0.03330840382287969,0.06981944876401329,0.19291642308235168
2563,0.09050649797811926,0.8935258313822942,0.048362606010489716,0.1691002096350332,0.03402869054778764,0.07115508177985969,0.17198704183101654
2564,0.08528533066950549,0.807727141527343,0.04947777883776655,0.15779911636484892,0.033383940913671015,0.06724948422243515,0.15356040000915527
2565,0.08644890121779844,0.7986360065021314,0.048843398327521964,0.1559566280667519,0.0375090580310942,0.06845200301333039,0.12962296605110168
2566,0.08279830654175163,0.7573717785808496,0.05127090121695138,0.1521424551260797,0.035402756100674136,0.06359328316640736,0.1236339882016182
2567,0.08653476912201007,0.7769224211018628,0.05479165557829027,0.15795319351022918,0.036289914558021545,0.0680078955258083,0.12302420288324356
2568,0.0872826173923718,0.825493652880958,0.05401775442939094,0.16422859706532908,0.035198175977366124,0.06552877141666409,0.1280045062303543
2569,0.09514251481359048,0.9291667485228725,0.05298766486082431,0.17815610538397403,0.03756204655852007,0.07288853278769149,0.15364407002925873
2570,0.0926252938407866,0.8807298648139774,0.05366585058280126,0.17181785261582644,0.03878445874988645,0.07044253561716443,0.14482149481773376
2571,0.08726310948949284,0.7899433208483683,0.04949562293362499,0.15527386549287403,0.03918762642495118,0.06981974566800826,0.1501161903142929
2572,0.08540836190410589,0.7892897911589842,0.049522534490300814,0.1552035711572556,0.035261485677956055,0.06821607050548101,0.14988049864768982
2573,0.09302085736198523,0.9094311944040612,0.05163647003685545,0.17417857351788488,0.03422542992070251,0.07345385473669543,0.18039944767951965
2574,0.09523108321346721,0.940807048642379,0.050088170450134396,0.17733372447759793,0.03421277423792544,0.0767822924609519,0.18579454720020294
2575,0.09276248691186005,0.8786972844679216,0.050360956450650564,0.16869471759597499,0.03627043640663909,0.07575232925532785,0.14984068274497986
2576,0.08715619131225358,0.7846628320605498,0.05186552266660463,0.15655085258002535,0.0354584940390775,0.07167134781698234,0.13972938060760498
2577,0.08739045793601076,0.7997306146764261,0.049065189095423234,0.1563031070355665,0.03761404062619521,0.0706462551199881,0.1195642501115799
2578,0.08406298243841225,0.773703442251511,0.05166898571388414,0.15481676521925938,0.035589338142718065,0.06456786126390339,0.11755936592817307
2579,0.08912366997380645,0.8003642538294238,0.05639010099270236,0.16267212282651972,0.036391549758939726,0.07090937891569075,0.1417287290096283
2580,0.08948625406382095,0.8398667616977977,0.056409268205546904,0.16833176727586846,0.03447811544144419,0.06862855129785901,0.13245192170143127
2581,0.09653677262710261,0.9159786085229348,0.053977175533024814,0.17712023738872626,0.03801832539375466,0.07722988228986138,0.14223267138004303
2582,0.09340977892758277,0.8750089863430996,0.054195071771435344,0.17145420242453024,0.03787250235021189,0.0737160253729533,0.12474265694618225
2583,0.08678899964148164,0.7677458471052058,0.051590379717220025,0.1538983036297894,0.037798131217210526,0.07093536852294957,0.15811912715435028
2584,0.08629381446125371,0.7814652461862165,0.04957352023516199,0.15412948108531263,0.036342622095066286,0.0706448994856162,0.15512946248054504
2585,0.09349988548994181,0.8950584109866766,0.050789619488385535,0.17139944684528421,0.034958527809306965,0.07656145727457268,0.18426214158535004
2586,0.09578040031953045,0.949765712905039,0.05004478931716371,0.1785763498297173,0.03576546716911956,0.07584701100472649,0.19523689150810242
2587,0.09639853720504518,0.939896735725639,0.05114203312985701,0.17810699064354013,0.03687770093948041,0.0769843721787313,0.1734294295310974
2588,0.09101192185525978,0.8341330625805865,0.052212810967611066,0.163915704055179,0.03624591697374162,0.07514136670165883,0.17792676389217377
2589,0.0903299389904208,0.8206680168625549,0.05045565353490004,0.16048599115313644,0.03837553818345524,0.07440349405413949,0.12715700268745422
2590,0.08599305127719607,0.7818086347918861,0.05196292059678542,0.1562265940532284,0.03520494860676257,0.0689782911847971,0.1124010980129242
2591,0.08946646990487148,0.7900695756770764,0.05603637620597505,0.16089826184470382,0.035624132652713754,0.07407569705315623,0.12464544177055359
2592,0.09152824382588709,0.8384838557198341,0.058750887332167594,0.1701413113875485,0.034387020006029986,0.07274038055180831,0.1286105066537857
2593,0.0998215048238602,0.9541102825876242,0.05626134248458196,0.18452547678501657,0.035755411953622085,0.08176336061930672,0.15880993008613586
2594,0.0964098906400447,0.903440441347679,0.057094102962346495,0.17800072273167972,0.035630824315108924,0.07819959559418287,0.14575298130512238
2595,0.0895764314320195,0.790329095760673,0.05299233322883681,0.15832615644767056,0.03825291198126862,0.07432850156273185,0.14588235318660736
2596,0.08749114351543194,0.788392766755329,0.05200608102184875,0.1572041789837745,0.03396824093392341,0.07332477723945216,0.14165836572647095
2597,0.09571258069592962,0.9216989767058686,0.054302632288220666,0.17821639577645607,0.0327984425399195,0.0785716133869778,0.1720121055841446
2598,0.09860239677659254,0.9539501824331394,0.05498524274435617,0.1834088055570395,0.03527808764545904,0.07980555958344326,0.17735715210437775
2599,0.09604244651506134,0.8802136459630945,0.05566890437142799,0.17346101031309463,0.03590130533502233,0.0809247017243164,0.15461252629756927
2600,0.09169075682514363,0.7867113615490271,0.05877546616873502,0.16276630836591963,0.037783533191472256,0.07666846990642708,0.16325512528419495
2601,0.09126111580511226,0.8270941159073453,0.05575957378883373,0.1659502226629068,0.03821026153824836,0.072327644788048,0.12930816411972046
2602,0.09021725154062889,0.8294272871457469,0.05657861631940434,0.1669855692945961,0.03743998690986384,0.06922508005782697,0.1454988420009613
2603,0.09319438993715083,0.8341966414938324,0.059985535500749275,0.17058712207118973,0.038256075627977615,0.07354677434039335,0.18515147268772125
2604,0.09534345636541387,0.8915535891981563,0.060754238567894726,0.17943986008650353,0.03793128409307205,0.07199475384775958,0.1716134399175644
2605,0.10279040711746618,0.9908219784752905,0.058608792425373014,0.19178210471821838,0.03741682606844475,0.08212455513470175,0.180288165807724
2606,0.09824393244433445,0.9166155843775721,0.06030034950076745,0.18263109734031097,0.03838300562715202,0.0767834741253896,0.14651727676391602
2607,0.09108020843206131,0.8044557365228826,0.05751045130798579,0.1642169206243996,0.03928722087407961,0.07240444937699932,0.13168509304523468
2608,0.08840417289517025,0.7662571504349671,0.05608434236202924,0.15753760065816322,0.03618754530391631,0.0736019727448986,0.141053706407547
2609,0.09831430887271111,0.9082670366636837,0.059418927177235924,0.18068294281815703,0.0356485304263322,0.08107431031102746,0.1730213612318039
2610,0.09956451245007707,0.9499709698427963,0.0597306809167483,0.18690786504904086,0.03575367177222834,0.07897356451910137,0.16426314413547516
2611,0.09745158098789947,0.913243273430405,0.057948264585477194,0.1801332658490383,0.03392641482684622,0.08068962712532457,0.12983860075473785
2612,0.09234685214663398,0.8043365543729546,0.05944108640765241,0.16585472468840987,0.03505164909998334,0.07816076633839941,0.12724056839942932
2613,0.09106073610690099,0.817074050370515,0.05516731739985605,0.16401113639566448,0.03644416402770819,0.07501863642352666,0.11127116531133652
2614,0.08724220773224634,0.7729025494426283,0.057187228720517534,0.1594322745379619,0.03387366774209826,0.07077337176862473,0.09006090462207794
2615,0.09002148000684825,0.7778857390726263,0.06111230509907317,0.16350850995243787,0.033955466800919286,0.07477809035964514,0.0940074473619461
2616,0.09278663306686653,0.8411999146233401,0.06294175030837384,0.17412148806765473,0.03271559188917448,0.0741807959716574,0.0991949811577797
2617,0.10073697645790723,0.9465089569436307,0.060426875459553664,0.18701002995727897,0.03435640048247034,0.08333105862446427,0.1178484857082367
2618,0.0965260329705178,0.8828165903075521,0.059269272584794114,0.17691888940233097,0.03575839749223835,0.0793539646361758,0.12371031939983368
2619,0.09003556608579824,0.7815644330820313,0.05581076680472907,0.1594898619872008,0.038408677422276716,0.0744365847526523,0.12243634462356567
2620,0.08773959428296067,0.7812291590843,0.05404339554671275,0.15792707605208234,0.034843729737774595,0.07260942921201702,0.13025535643100739
2621,0.09705137054201879,0.9088816188964586,0.05724432180843994,0.17890679282101402,0.03362560757089339,0.08092541864763265,0.1562650501728058
2622,0.10173389096970013,0.9612668424483466,0.06020690303365151,0.1889297515214651,0.03420414242566583,0.08452604296293584,0.14798995852470398
2623,0.09788779324350559,0.8960124523739472,0.05722443149082921,0.1770512916169889,0.03380346955962161,0.08469351539010617,0.12140451371669769
2624,0.09327349315409145,0.7988189358777655,0.05985592324257874,0.16542206790474825,0.03476608558681608,0.08133747186863269,0.13075338304042816
2625,0.09324793440669073,0.849604336978282,0.05648589950818466,0.16978853343248426,0.03627071545638731,0.07612997684063688,0.11177901178598404
2626,0.08997986410987675,0.836191445022384,0.057249885203316954,0.16852725089175508,0.03219509385216004,0.07181257465123538,0.12307142466306686
2627,0.09125117622939927,0.8245274066493826,0.0593576171903325,0.16866758711305394,0.031480356818552324,0.0758112836906925,0.145178884267807
2628,0.09305372149533211,0.8854035354882593,0.059242294828061676,0.1772653292080899,0.029851197588194094,0.07467077316541484,0.14878366887569427
2629,0.10170469526387435,0.9778918348875982,0.05988872525266178,0.19103202662908128,0.032096578977817376,0.08445038206961814,0.1458536684513092
2630,0.0965984357872684,0.9013172439146035,0.057874613364746565,0.17836641772901185,0.03342142110732639,0.08033133943319212,0.13526301085948944
2631,0.08988101495418534,0.8099384393635181,0.05534249851635175,0.16314191863737554,0.03502832296283677,0.07377382972382396,0.13226814568042755
2632,0.08606405526840176,0.7656753061709087,0.05469907150371619,0.15626710502760083,0.03052816890614177,0.07323028729608008,0.13436034321784973
2633,0.09459906828736528,0.8912416297936031,0.05533725253301264,0.17475216357023984,0.029231973428953395,0.08166131791596043,0.1594182848930359
2634,0.09827243186035557,0.950819465984247,0.05753468667485839,0.18514679800477105,0.02963046883130663,0.08231907913440985,0.14147156476974487
2635,0.09672874790799732,0.9324225605002605,0.054932013650982735,0.18028780605802242,0.03011485509427207,0.08190172823873498,0.10670334845781326
2636,0.0913651090906316,0.8065507140782793,0.0565419923135037,0.16368609542275733,0.03286600794267297,0.07927095955448538,0.1125323474407196
2637,0.0914393536993055,0.8334457505202941,0.05440574451766811,0.1656971739466147,0.03448290108959907,0.07630065701640318,0.10394293069839478
2638,0.08832229268932656,0.804975298769483,0.05612464540881904,0.1631033101746282,0.031164253579514356,0.07290218661077333,0.08863382041454315
2639,0.08963136939488031,0.7896708682094582,0.057072755949969134,0.16172962912989616,0.03116999324603229,0.07769909625698343,0.08256423473358154
2640,0.09256972488167574,0.8586706092515897,0.058871394187539,0.1731284249109748,0.030925578814635785,0.07601949016469903,0.071693554520607
2641,0.10209449429349687,0.9775923936093864,0.059119415053190516,0.19032984056121846,0.032499052870102886,0.08578457755471018,0.10428883880376816
2642,0.09727897898976705,0.9043287133743987,0.05736915167764245,0.17836337477717906,0.03453335914591754,0.08123255003914989,0.10811099410057068
2643,0.09106967592057164,0.8080399559753604,0.05651252286905493,0.1638735847413843,0.03528601050411031,0.07617696294176424,0.12996704876422882
2644,0.08769697820052376,0.7776810718751827,0.05511821594535634,0.15834148107818868,0.03200061988852594,0.07461735170556506,0.13902711868286133
2645,0.0967144859124371,0.9059900345248872,0.056345608800340174,0.17772338390384687,0.029826526000977103,0.08435866509248106,0.1506916880607605
2646,0.10166032068185062,0.9681817503503904,0.05825402882151021,0.18824370332563597,0.030987809381075416,0.08773830825671672,0.13649354875087738
2647,0.10059213078748169,0.9377745528131358,0.055917468196036886,0.1818970517127653,0.03270583502464333,0.08885083377034211,0.1067303940653801
2648,0.09402499157156828,0.8097413427609433,0.055795715026139336,0.16350223327396846,0.03615027652970235,0.08387278074360077,0.11627132445573807
2649,0.09384132246550893,0.8467648608299618,0.055695661705996914,0.1687055472951348,0.03485957810770198,0.07994415205266737,0.10070256143808365
2650,0.08945506492725099,0.8140504020098842,0.056730508171044046,0.1649190644337355,0.03130421202392898,0.07430606164948377,0.09462222456932068
2651,0.0918590726970559,0.8130571605884969,0.058972233342104254,0.16669865152016033,0.032190349802871124,0.07858457375925121,0.09474832564592361
2652,0.09473754783770344,0.8608742070173108,0.05952647364392588,0.17400472126869512,0.03270837461534504,0.0796542976551493,0.08208611607551575
2653,0.10344470931629926,0.9490222983739027,0.06039979370774393,0.1873458658029095,0.03479157283369782,0.0901026918127916,0.08387061208486557
2654,0.09907828938587758,0.8779511902657993,0.05969222398894769,0.1765863620284979,0.03652843540074394,0.08598984806057672,0.08696059882640839
2655,0.0933282968210518,0.7885538002215919,0.057341842287682764,0.1618006934210984,0.03744918091580079,0.08230917621310566,0.10311631113290787
2656,0.09055755974067346,0.7753670795490234,0.05544239365034855,0.15828877735015925,0.0343604951131669,0.08046517588144163,0.12339877337217331
2657,0.09964144397632708,0.8922363280602277,0.05809248299427346,0.17725588943226692,0.03311760406605575,0.08993716412386717,0.15322981774806976
2658,0.10337616534976624,0.9631738528767523,0.060251214106523364,0.18924016250227035,0.0330252980106112,0.0898021767630858,0.15578694641590118
2659,0.10421684944883179,0.9652549186359893,0.057749929094186636,0.1873934990287299,0.03341420811608442,0.09338959223257488,0.14096735417842865
2660,0.09904770559103349,0.8345258396003304,0.06124603698798355,0.1717145802183188,0.03462964550735383,0.09182999286537849,0.12656782567501068
2661,0.10000653927039799,0.8778354959048423,0.06082491463335602,0.17754071195785406,0.036222540721704576,0.08797513689898072,0.09163734316825867
2662,0.09556227763666372,0.8513092307417428,0.06072229629208901,0.17366328692775385,0.03419251322921083,0.08092243836348112,0.08172747492790222
2663,0.09634814025810332,0.814422881343959,0.06326277833532923,0.1705713644794192,0.03406557710495132,0.08590006182345997,0.07748286426067352
2664,0.09749613313032679,0.8583013261819571,0.06578918072593654,0.17900520150536806,0.03034944279687721,0.08492905234393403,0.0833728164434433
2665,0.10743377317327901,0.9722401503643179,0.06542224406539549,0.1949676592509558,0.034671650407648316,0.09450848027523868,0.1186971664428711
2666,0.10219091296826291,0.8932221583608806,0.0663648557197369,0.18448732752561456,0.03368040061358923,0.0901282485409197,0.11670844256877899
2667,0.09536394397094289,0.8027625209644429,0.06297221149884163,0.16865654142249895,0.03484345588613408,0.0841883482750391,0.12655213475227356
2668,0.09154914770604393,0.7750993892802673,0.06016602348166183,0.1622993614528912,0.030377799439317225,0.0831676404109384,0.12437105178833008
2669,0.10124177322491855,0.8879117933397482,0.0629825113174064,0.18082955160631237,0.03103004046077309,0.0930377333098262,0.14149926602840424
2670,0.10570949058644664,0.9756354276188719,0.062002945226221885,0.19252187128231477,0.031519848238159044,0.09466459453231374,0.13563570380210876
2671,0.10602521589363878,0.9675476868836358,0.0592750687861169,0.18902829994290532,0.03346821457854359,0.09688489350123884,0.12466714531183243
2672,0.09851949123752422,0.8210176274550887,0.06286267243587168,0.17117052315290268,0.03414891181864035,0.09127409530309144,0.14095228910446167
2673,0.09935363997671252,0.8737675247191263,0.06306579384922696,0.17888032683064115,0.0355958204107531,0.08555588109973947,0.10328840464353561
2674,0.09589938675356967,0.8441150864107878,0.06311717428512192,0.1746883045887885,0.03273539800241801,0.08222757380501092,0.10110384970903397
2675,0.09922472292068774,0.8373293484652687,0.06994791357558923,0.17957383284554343,0.03295766239767591,0.08690292969407432,0.09733463823795319
2676,0.1004545444184912,0.8772444714555505,0.06982647667391338,0.1851719044998615,0.031596052911632276,0.08657803441579368,0.08084763586521149
2677,0.11002961661161695,0.9624213135476454,0.06855347100500975,0.19624887708252917,0.03650390893262063,0.09892275791869054,0.0965985357761383
2678,0.10416986418153101,0.8939582134818869,0.06973967059837541,0.18748517672459133,0.034688338487410354,0.09206530068870883,0.1157170981168747
2679,0.09940733087648884,0.8072190360023352,0.06894780944515999,0.1744151275247565,0.03480396846519061,0.0903034509191406,0.11767657846212387
2680,0.09709169939581663,0.8094257499381339,0.0667136277918492,0.1728153595270327,0.03187139387285841,0.08790126411359098,0.12963710725307465
2681,0.10613661784295339,0.9403398710712886,0.06851295072967452,0.19305965363561936,0.033716658458228,0.09344642598600536,0.14816498756408691
2682,0.1089535118241096,1.0013317940958542,0.06918500199842294,0.2023488294409131,0.03385418897647705,0.09294451640108503,0.13636204600334167
2683,0.11098091948110687,1.0149745620686117,0.06608522404775116,0.20164084376501692,0.035845229841155554,0.09739721416764298,0.10115911811590195
2684,0.10320073079466617,0.8612644502845048,0.06616236429332298,0.17974837657777756,0.03380857395388665,0.09693967797012576,0.11260157823562622
2685,0.10622650730796251,0.9168733316299758,0.06825443350472894,0.18948570466547845,0.036538984198588746,0.09435129234083815,0.10841147601604462
2686,0.10151654020663048,0.8691677592051308,0.07009543872681039,0.18424862736657044,0.032646859274589914,0.08938693475721848,0.11233920603990555
2687,0.10384475692236532,0.8571595227209132,0.0762501440303976,0.18780862670047127,0.034234014005863955,0.09128577091846132,0.11007512360811234
2688,0.10343845098427949,0.8727115042849639,0.07606983044838077,0.1898757838536069,0.03286844228398084,0.08955454233637933,0.10994977504014969
2689,0.11638050646743077,1.0035401653163367,0.07769538812282223,0.20995892772189576,0.03656139553631194,0.10434110993450288,0.14385338127613068
2690,0.10993980370000962,0.9317566705308862,0.07761871356702825,0.19963842170472224,0.03515138534922712,0.09689337900282075,0.15122950077056885
2691,0.10149254978565136,0.8149782580226611,0.0730564909426143,0.17904531481119243,0.03617065414813049,0.09079053907113374,0.14594675600528717
2692,0.09827728495349004,0.811881703604264,0.0682149116494645,0.1744530247858644,0.03180431634508546,0.08978736013251648,0.13184162974357605
2693,0.1074680323057478,0.9227512107690273,0.07050452351467167,0.1922540502652939,0.03171643817200463,0.09956291145817023,0.14988429844379425
2694,0.11301316317558144,1.0120111704181216,0.07107808330692593,0.20549709575138245,0.03286641572686673,0.10221812618938089,0.16406048834323883
2695,0.11627217452000477,1.050467755732892,0.06748100952921135,0.20790768755830857,0.03474132047517099,0.10743059790071852,0.1828988641500473
2696,0.10677699770227234,0.8652827703824668,0.06857080235937689,0.18238679779124692,0.035374916353023624,0.10309524380501224,0.23996742069721222
2697,0.10806885090214914,0.9167846118042668,0.06970482942201812,0.19071622690519652,0.03593336264339676,0.09887094912589096,0.1781468242406845
2698,0.10467187778681747,0.8963869866518099,0.07230313818244215,0.19002940224949474,0.0327824445585521,0.09288729795670708,0.15393775701522827
2699,0.10624365703322573,0.8824358418556163,0.07900643104292433,0.19378206115902322,0.03533923515299243,0.09168892256835712,0.14088837802410126
2700,0.1067585311959037,0.910451898112877,0.07761588114973803,0.196592455001615,0.035010258422068945,0.09093358654301167,0.12083873152732849
2701,0.12018110929430481,1.0492066220396195,0.07922200060947672,0.21779123224235428,0.039130589865207434,0.10569145621522177,0.15417136251926422
2702,0.11460963155910217,0.9879068334929848,0.08187829952344054,0.21131094723337543,0.038719475957607975,0.09639986649542047,0.16706369817256927
2703,0.10669851791955706,0.8708216533817366,0.07811192581269612,0.1913561726082733,0.03837246763995493,0.0924083640615822,0.12755714356899261
2704,0.10314000016491441,0.8189263438113725,0.07102049562621271,0.1778641882240927,0.03646737853236059,0.09609487954161801,0.1518435776233673
2705,0.11233724273145612,0.9594850612535009,0.07357807577825552,0.20013621656043343,0.035184529264978164,0.10302176491426918,0.20746031403541565
2706,0.11442910677887061,1.002528549213761,0.0740452822472094,0.20668574895671674,0.03550463067237145,0.10276346146644201,0.22406239807605743
2707,0.11844649338993861,1.0481088998769477,0.07039380822986603,0.21006739275087766,0.037030482660826196,0.10951721583709027,0.21447454392910004
2708,0.10965969822194244,0.8865378942871649,0.06894790169047839,0.1857464720614336,0.03834016900223404,0.10548835917963248,0.20002681016921997
2709,0.11156879635789471,0.9425678487281643,0.06947690565589366,0.19420418323764663,0.0384925545425895,0.10320454442650384,0.14167006313800812
2710,0.10838694640418507,0.9297982264274403,0.07289407929844256,0.19530895745972796,0.034849763460604484,0.0966752218062181,0.10398418456315994
2711,0.1100994865612487,0.9186760793506195,0.0787511662938266,0.19874043958765414,0.03410594538542645,0.09903300119198837,0.1123163178563118
2712,0.10801406569581105,0.9242142991976252,0.0766500228040492,0.19773063371741717,0.032338973862289636,0.09572777403123692,0.11836665123701096
2713,0.12156432460342344,1.0618123054327027,0.07960384898243346,0.21991934276104333,0.03630630440894519,0.11010445138567446,0.16498088836669922
2714,0.11609401786440975,0.9796496360288922,0.08192026131806557,0.21016731484818366,0.036557585525469526,0.10337426130018035,0.17910818755626678
2715,0.10591570027382965,0.8599583173183238,0.07547555252447309,0.1875445189235947,0.03489941360109257,0.09662973479393024,0.1588590294122696
2716,0.1004290485657387,0.8092501343379006,0.0679701193418292,0.17386726434126798,0.0319959236046665,0.09604959410308875,0.13433247804641724
2717,0.10994757214855398,0.935530116464466,0.06952906010050135,0.19324349672392488,0.031833537110687135,0.10541341880323796,0.16340921819210052
2718,0.11522905537909298,1.0201498203417823,0.0708600077737604,0.20647283814062067,0.03459925570491746,0.10594182017765978,0.18700262904167175
2719,0.11961196623805574,1.0565801838555506,0.06631725365369674,0.20778338653967587,0.039512094404045635,0.11254936132889698,0.22261285781860352
2720,0.11032411373815804,0.8779928473072809,0.0655037057636438,0.18157358312702052,0.04167080673501826,0.10805247165065068,0.2797956168651581
2721,0.11202137873485181,0.9696689582868614,0.06379780026015315,0.1932079656925401,0.04149913080224765,0.10269008208790321,0.2048579603433609
2722,0.10980782016724708,0.9559381729739744,0.06826204048371572,0.19507291655375264,0.03924972930259978,0.09693919033562107,0.16140559315681458
2723,0.10897619018345904,0.9270972128664313,0.07427396510295699,0.1961058576405962,0.03803493345277248,0.09481133079781479,0.1613095998764038
2724,0.10987875948610433,0.9520264233263166,0.07288215946881345,0.19847419716274248,0.03765441082395117,0.09555405659842998,0.15783339738845825
2725,0.12426214359179126,1.0942566619160812,0.07743025914050385,0.22269117382272924,0.042872412474906106,0.10935275686699508,0.20471347868442535
2726,0.11953006379190102,1.051485353592518,0.08012176544049186,0.21888799231935274,0.042190670561093935,0.10026384540733699,0.24450211226940155
2727,0.1100777316024592,0.9157266888600135,0.07392495950403555,0.1941823494120324,0.0423287760838253,0.09576652709788729,0.1956123411655426
2728,0.10273935790589261,0.7899325179823168,0.06708952800318531,0.17035281228591836,0.03926713357708812,0.09911578161107401,0.1879846304655075
2729,0.11109150215954285,0.9200960650121617,0.06900629528035605,0.1905905480991854,0.03801144682605561,0.10547488537915695,0.2725185453891754
2730,0.11577460139880014,0.9867429879987639,0.06976853956036792,0.20076488933728162,0.04025842127075987,0.10748475706466402,0.3176155984401703
2731,0.12123675147375762,1.040486551104755,0.06664214070788176,0.20576277076457794,0.04127909647762198,0.11723943271590859,0.34283262491226196
2732,0.11221828608490685,0.8770093322606953,0.06352321239733046,0.179735515234954,0.04317910007894473,0.11354999833383238,0.3085292875766754
2733,0.11237728546876263,0.9624764610286898,0.059517306208844274,0.18851147118310793,0.04204306302948963,0.1073023176030744,0.14478495717048645
2734,0.1105513247342475,0.9478426352580449,0.06369884686157153,0.190005102346782,0.03933216177019927,0.10334603691682201,0.09965234994888306
2735,0.10945434621874178,0.9107542120242524,0.06556774859189941,0.18630867193937842,0.04011512182395253,0.1028786325586253,0.11205189675092697
2736,0.11002855752729673,0.956036883486206,0.06362921186334773,0.1911160220951846,0.039092504613359814,0.10114607233008963,0.10632912814617157
2737,0.1219791791246636,1.0805660307654963,0.06725296778827787,0.21201197678502334,0.04252004756614925,0.11272722128554888,0.14490780234336853
2738,0.11789626266427754,1.0016878784167798,0.06963692788753593,0.20278706367742788,0.043623534540027674,0.10860544888648963,0.18049658834934235
2739,0.10958974714991351,0.9253195342019416,0.06461031053431358,0.18756877105826048,0.0427635567051449,0.09983101786928247,0.15006214380264282
2740,0.10092333101394647,0.8100437468561297,0.058947865594936526,0.1662472772036784,0.03770423682303653,0.09908158551497723,0.13568511605262756
2741,0.10982508480916818,0.9336650833243505,0.06053611145331541,0.18526882172060613,0.03788126062200977,0.10676266117542352,0.1685788333415985
2742,0.11594733066977653,1.0440328466477975,0.05919157746152429,0.19988318734527757,0.038783109402413654,0.11002214968765561,0.18763750791549683
2743,0.11810441408445384,1.0327817406973647,0.05720805692525138,0.19657572603555323,0.04000438942312912,0.11777953770590094,0.20883692800998688
2744,0.10866907523498875,0.8715011566531471,0.05779073973020852,0.17403508500491402,0.03886793763974443,0.11254981208214293,0.2511429190635681
2745,0.11177683377057873,1.0208227911231884,0.05529973459660823,0.19323159981469112,0.038979346067218354,0.10420171522242067,0.17383937537670135
2746,0.11083303316608822,1.009717059988062,0.05981631057094822,0.1955164176305359,0.03871163688483261,0.09984129350579513,0.15324413776397705
2747,0.10767456981201334,0.9602184775775221,0.06003620803633427,0.1886336751136468,0.03889931597351687,0.09701369978176846,0.17437033355236053
2748,0.10752380822390784,0.9847265636872209,0.05732746244206604,0.18981304833423102,0.038157521352153,0.09621622414016054,0.16236989200115204
2749,0.11954132489251791,1.09804230622614,0.06037099427529593,0.2086097531254165,0.0410384290738957,0.11029648403002615,0.15564192831516266
2750,0.11547694727986496,1.0364535424994266,0.06096101067383199,0.20031708664891693,0.03996852474847628,0.10731169504690961,0.13946008682250977
2751,0.10810111517723997,0.9383395626725316,0.05683181311084127,0.1827614916196542,0.03943688003602692,0.10285449153868897,0.15290863811969757
2752,0.09983729380360766,0.7916272515500913,0.05200923102860209,0.15766894824595767,0.03457912119809305,0.10633549719637667,0.18226902186870575
2753,0.10616583470638939,0.908571360080542,0.056048928173375895,0.17783784701725677,0.032542409997960396,0.10787332055425575,0.25823360681533813
2754,0.1089855966083379,0.9916645760875233,0.054701935460939634,0.1885537412647373,0.03233769825212157,0.10643038109567765,0.28300049901008606
2755,0.11436183995367823,1.0339152386737727,0.05572767563568779,0.19546875606969993,0.03537839021909226,0.11250380686992195,0.2675301432609558
2756,0.10611305077902376,0.8686291575186389,0.05683781504543911,0.17280800682732478,0.036512606164192433,0.10865535327473776,0.2262311726808548
2757,0.10982761260430272,0.9959139264986385,0.05442358101193026,0.18892220179574573,0.03600863984046381,0.10521144823014911,0.14044632017612457
2758,0.10673712616604822,0.9750878311403537,0.05595545297098952,0.18726007842375586,0.03129294818604914,0.1022931986730532,0.11202001571655273
2759,0.10432599882791557,0.921403828621691,0.05675476773926439,0.18027606215103958,0.03109961142021677,0.10194278240191848,0.11971716582775116
2760,0.10551929920452316,0.9680595099339264,0.05767889704040854,0.18773327031091108,0.031676072905279844,0.0981948974982716,0.10152751207351685
2761,0.11553235298188878,1.0695159651662696,0.060056883282642776,0.20426532355173238,0.03585357269280013,0.10760993648622824,0.09934921562671661
2762,0.11159275926734798,1.0066083901482925,0.06180994084233505,0.19678114788604326,0.03439436137613363,0.10460151738080216,0.09756913781166077
2763,0.10353434898024444,0.9182312887073699,0.056842018924598246,0.17989762889356564,0.03440651695955127,0.09720333207419493,0.11231894791126251
2764,0.09710717079478103,0.8044243762282586,0.05068753815963931,0.15836422931229924,0.03179488014092942,0.10065549891407274,0.12403283268213272
2765,0.10518432119719855,0.9205121489002662,0.054969171576687875,0.17861816833719907,0.031763098792585584,0.1051732745537344,0.1736477017402649
2766,0.10794103584737358,0.9961455321807539,0.052771125610778104,0.1875388979779175,0.03215847515538263,0.10460264708863971,0.1654268205165863
2767,0.11494718892788969,1.0586226355911115,0.05541386005231467,0.1987293994149999,0.03627968787983182,0.1104718181687189,0.14305458962917328
2768,0.10651594693001613,0.8974690485779179,0.056509448285336196,0.17664653404141925,0.03663310055102941,0.10629917378915174,0.13308404386043549
2769,0.10924669168829598,0.9958304124438502,0.05505980987068565,0.18945561023828056,0.036724784626891896,0.10252055663578803,0.10085360705852509
2770,0.1063720242075295,0.9721745568305732,0.05587833242098261,0.1867777930509241,0.033569893167913055,0.09971884112922359,0.10676316171884537
2771,0.10459840433199333,0.9215292815912778,0.05769872344816273,0.1811030888971792,0.033864421783263564,0.09954904006759428,0.13243597745895386
2772,0.10368300625731001,0.9152781171800617,0.05798131826659786,0.18045228953994982,0.03364415888697442,0.09779387483404378,0.140228733420372
2773,0.11443822624510816,1.0362314683147793,0.06058214028489939,0.19996061571773938,0.03841666536754589,0.10612500122442291,0.129347026348114
2774,0.11084788130530863,0.9799973769727715,0.06305851760571589,0.19404978322958097,0.03592331476029346,0.10360521284845867,0.10469178855419159
2775,0.10361399637748615,0.9200980997937427,0.05773253258245665,0.18092761361264037,0.034878476638187925,0.09610816106861211,0.11974961310625076
2776,0.09846557248574853,0.8052824305701032,0.05105745366414193,0.15880387893642212,0.03367490745298618,0.10236138624507622,0.164713516831398
2777,0.10724537822432315,0.9291596911248328,0.05490010573755696,0.1797943322214535,0.03406622399026781,0.10779680343163253,0.2504758834838867
2778,0.11064665376518791,1.0087219238472287,0.054507982704584894,0.19082426001067684,0.03588707624503245,0.10590587863052106,0.27451568841934204
2779,0.11786196528966549,1.0672201023044903,0.05686664825169515,0.20120285597352303,0.04014964590520072,0.1129369654026968,0.22869595885276794
2780,0.1082295719477612,0.8954134464261458,0.055971346975387824,0.17589164689692469,0.042005426810027224,0.10697138336276041,0.16743990778923035
2781,0.11025213268690841,0.9997040594804685,0.05347161085256905,0.18864767494226894,0.040766635956483215,0.10245584285258996,0.11125652492046356
2782,0.10786168103439137,0.9833190298031036,0.05402041435881747,0.18677735942228693,0.038500780922289424,0.09950125004307193,0.08508211374282837
2783,0.10566289745262267,0.9388295816348826,0.055229490000832875,0.1814580745199828,0.03696079146873156,0.09945646025458718,0.0962861180305481
2784,0.10646843363536741,0.9615729710181828,0.057156049329911696,0.18635846671395043,0.036612169955982946,0.09768888541106868,0.09145636111497879
2785,0.11773419802607267,1.078808968250327,0.060015303563127946,0.2055572556612992,0.040533890547661225,0.10843929163885949,0.1016705185174942
2786,0.11455729572739863,1.0151249665988469,0.06211315841519066,0.1982577024414273,0.0408427445316825,0.10581967214887525,0.09328729659318924
2787,0.10569043736734879,0.9484697001139537,0.055931578868876446,0.18343702476103035,0.03774381316666042,0.09711546957347975,0.112511545419693
2788,0.0992112491663005,0.8199474164888892,0.051172881701907987,0.1609978152429053,0.03560904366628108,0.10079993366178824,0.1307835429906845
2789,0.10717284490441002,0.9477955303072638,0.05389697256538659,0.1815967665285119,0.034281157247662966,0.10583214018297449,0.18492038547992706
2790,0.11073703784862911,1.0176385104880286,0.052397443294313034,0.19028902432198672,0.03637464317546518,0.10619614502345961,0.177141010761261
2791,0.117414759430801,1.074121471980757,0.05513937807930943,0.20070824863665906,0.039331494937434056,0.11285581280737128,0.14765329658985138
2792,0.10933715253131636,0.9161602309681629,0.05600378878947649,0.17888328052928884,0.04097662355605836,0.10829975338644118,0.13201802968978882
2793,0.11168216545508143,1.0217711489691539,0.05552946317130863,0.19356398971385794,0.03923139099411053,0.10342999688200155,0.1114104837179184
2794,0.1085416635011935,1.0010353708010813,0.0539546522204191,0.18925189773194231,0.03790221871841875,0.09972972273421624,0.10341518372297287
2795,0.10667330076662712,0.9470408981760049,0.05675072103010146,0.18393503205094483,0.036659214514120984,0.10033161136379203,0.11721304804086685
2796,0.10691771260440791,0.9476828604331466,0.05754594004533168,0.18470835724359094,0.037685934916359694,0.09942870402216492,0.09128851443529129
2797,0.11843643128560749,1.0637680922210333,0.06227227329477164,0.20534310456995186,0.04135051099754117,0.10984327241386424,0.08994974195957184
2798,0.11509359121677369,1.0147282711866765,0.06294353507137303,0.19891278308784496,0.04369631034488529,0.10422441909248872,0.08544601500034332
2799,0.10976135626963845,0.9661602618326883,0.05715678611281002,0.18701442550136402,0.04234242043049579,0.10115648955112838,0.10822729766368866
2800,0.10411518032981949,0.8380121392485569,0.053276774921257784,0.16538182696801476,0.0407454684891466,0.10595536238198738,0.18312634527683258
2801,0.11502566050652999,0.9749820956303316,0.05720179736508704,0.18831326854583624,0.043402349614277705,0.11356940050285777,0.28033626079559326
2802,0.11805379268015352,1.0673920731115218,0.0541572385946674,0.19890507209707517,0.042174253970129395,0.11370351956161813,0.30006110668182373
2803,0.12191501153839378,1.0736460375096821,0.0557326717336444,0.20114886684450695,0.044298975346565024,0.12049941981339488,0.28404900431632996
2804,0.1134451411705442,0.9260947156705107,0.05788471157642674,0.18191471216129587,0.04587724513376965,0.11265617558581421,0.22134919464588165
2805,0.11589655751031187,1.0532743709320962,0.05547074621777378,0.19801412117696268,0.04447471525321307,0.10653780127695384,0.12068914622068405
2806,0.11288549154807374,1.037596168059737,0.05592929287320226,0.19616741789985007,0.040587560735913596,0.10327449545090958,0.0989280417561531
2807,0.11111599680574025,0.9863559279751379,0.05652082895757483,0.18935441453151242,0.03938805675586562,0.10541932883932992,0.1192835196852684
2808,0.11083189379036873,0.988462500586462,0.059534992706530974,0.192238922403664,0.04015893057893955,0.1014395865637359,0.1187519058585167
2809,0.12123952215516466,1.0887922556511425,0.06209724642541328,0.2087679620290889,0.04289026738257169,0.1132077351914998,0.12851880490779877
2810,0.11826767977126003,1.0476970616969246,0.06502330382590539,0.205405269236051,0.04362117687265115,0.10733797902585074,0.1112826019525528
2811,0.10985225795089665,0.9833264529532473,0.0587863363270951,0.19086349584511683,0.04196411061990019,0.09836955370807585,0.10507895052433014
2812,0.1012051275236177,0.8311075519437439,0.05176151305954796,0.16309666147157592,0.03728370621746306,0.10298127896203953,0.11989525705575943
2813,0.11068822098143084,0.9670156163018316,0.053800530762978714,0.18425982869710053,0.03787497056586407,0.11002465834384074,0.17307913303375244
2814,0.11291411831208496,1.0419333612312554,0.05212692397536726,0.19352784358335123,0.038325437289341395,0.10764220459462757,0.17837269604206085
2815,0.11996574093291706,1.0960299638675,0.05420147224890095,0.20303411390870083,0.04206017644293077,0.1154482835078443,0.17013995349407196
2816,0.11082898434988264,0.9361189647221051,0.05490776979821196,0.18079508335876815,0.044053194832707136,0.1080374635446364,0.15886524319648743
2817,0.11308209389162373,1.0472950721608472,0.05320337960365728,0.19521647854039867,0.04284075608835346,0.10267567790180715,0.11515524238348007
2818,0.11066449630737672,1.0286963913116136,0.05330224230923588,0.19264426359528986,0.03947559146271011,0.10122249166953601,0.11418944597244263
2819,0.11042136426693289,0.9851780798374016,0.05657763240976682,0.18923483918514322,0.03981291889941856,0.10324196341007394,0.15752024948596954
2820,0.10898026810803002,0.9427874758094366,0.059841733472681465,0.18597683952078933,0.03971799522322434,0.1022127568960706,0.17840687930583954
2821,0.12070635185362483,1.0616519554579908,0.0634516784844003,0.20605171805205608,0.043665017706701933,0.11344032380855501,0.17247888445854187
2822,0.11832647197702649,1.0240842842553073,0.06575387351456467,0.20265821790609934,0.04478133205010877,0.10888819172514075,0.1325046420097351
2823,0.11010705572700054,0.9723416139975438,0.058662906410967,0.18918843606619223,0.04312011591405287,0.099524420266537,0.11402426660060883
2824,0.10330271665548074,0.8254538704800256,0.05328363100643554,0.16359366521694843,0.03844525367714468,0.10729841677024059,0.15100717544555664
2825,0.11200541006392721,0.9555097986452232,0.05573655213630705,0.1842755873518665,0.039823364212257774,0.11192829505719107,0.24048708379268646
2826,0.1129259006710232,1.0202846848818923,0.054170786856785565,0.19218705800322938,0.03932887569517585,0.10796978485920924,0.271083801984787
2827,0.12057670267687284,1.08927521728178,0.05582914905803419,0.20346430166142643,0.04235259842415834,0.11649614478651367,0.22736413776874542
2828,0.11036669874100036,0.9264290303287277,0.05447767928372787,0.17904215800444212,0.04573648487188041,0.10682710902096876,0.15895317494869232
2829,0.1124739538261311,1.0424501528882035,0.05185023899913705,0.1933645124118608,0.04349708829050853,0.10204947240728737,0.09734448790550232
2830,0.1109388414253894,1.0349908424067644,0.051589922541028364,0.1920757682361335,0.039452167431359944,0.10249487021076413,0.0795232355594635
2831,0.10954902844436817,0.9758472567978246,0.054203705476812504,0.18586706995124277,0.039713285088999226,0.10387701756180073,0.09303009510040283
2832,0.10913100593279994,0.9887626169315878,0.05725036656057314,0.1903235451850038,0.03877078999337905,0.09965272303411482,0.0890229195356369
2833,0.11983449380826948,1.0915335283745278,0.060214495453992774,0.20754578587121206,0.04226083664139244,0.11096406327421213,0.09290926903486252
2834,0.1170804177968462,1.0457931991431981,0.06262912036342137,0.20308113161767521,0.04362919088400359,0.10609961675235807,0.08623125404119492
2835,0.10855517023158087,0.9959857392831922,0.056556352049029375,0.19076055022533836,0.040584261472524266,0.09610000790121759,0.09272155165672302
2836,0.10085314851570226,0.8454619523752349,0.050415621178140635,0.16399366849201122,0.03650121826037236,0.10191313250984549,0.11189570277929306
2837,0.1105101871416096,0.9806540973604791,0.0529307040179778,0.18546261735262085,0.037079531047318856,0.10917863478947915,0.1562725454568863
2838,0.11227585579848452,1.0426206269898346,0.05122146458951204,0.1928499163609867,0.03790661989936915,0.10684663421802106,0.14556588232517242
2839,0.11912905197177169,1.0973398237442007,0.05324718377587962,0.20240327519992554,0.04056241481687216,0.1150099141576742,0.12348814308643341
2840,0.10944712170745542,0.9354409457918804,0.05231030626264197,0.17847182619539032,0.04333546571664929,0.10689820427246777,0.09820979088544846
2841,0.11202024308300818,1.0545026461206615,0.05015083899706838,0.1936296685861531,0.041989910481458156,0.10188853679411261,0.07860900461673737
2842,0.11064465366046065,1.0349736023890577,0.05060384402052879,0.19122809521603293,0.0387660367834879,0.10302793206668609,0.08994000405073166
2843,0.10996450096503084,0.9896533288029234,0.053676109321505044,0.1873871406759934,0.0392885927444478,0.10406111091094875,0.13354526460170746
2844,0.10783552957574322,0.949230337002183,0.05701106822553318,0.1844709637650546,0.03915683474276329,0.1008733826389532,0.15192951261997223
2845,0.11828387967668813,1.0655469573831369,0.06033951033893862,0.2039405742023955,0.04145031940992079,0.11056363720011557,0.14732114970684052
2846,0.11572026153442973,1.028902853489143,0.06259333502401046,0.20063755194760077,0.04223594940506931,0.10571640553609543,0.11465606093406677
2847,0.1086582759329207,0.9881453464477494,0.057100828723324136,0.190107188398242,0.04000937622968602,0.0974582647660949,0.10653159767389297
2848,0.10219367534047201,0.8333558866409464,0.050080089800952736,0.1619766322066661,0.03701275757233585,0.10691689112967132,0.1419173628091812
2849,0.11053233190000133,0.9551399186905096,0.05241049329701347,0.18137183978179866,0.037254100922172344,0.11266621460902909,0.21136507391929626
2850,0.11142843117084258,1.0158927788816756,0.05158271238152368,0.1893412933101168,0.0377039511533118,0.10776359681431713,0.22622449696063995
2851,0.11793070834133125,1.0831590174129313,0.05413863839610556,0.20114154968422351,0.04038605308395642,0.11297279551650355,0.1849031299352646
2852,0.10756996936423197,0.9278542871572354,0.05213942515052176,0.17724154829433797,0.04166434742182558,0.1042747569999948,0.1147710531949997
2853,0.10955055296218164,1.0324279573458515,0.048734777367986565,0.18926237450768157,0.03997913862737999,0.10067769665282064,0.07348206639289856
2854,0.10994038264372209,1.036713200751822,0.05004749243745812,0.19099973648236726,0.037516197854083604,0.10238460972584122,0.06594938784837723
2855,0.10853824185161481,0.9764938666429999,0.05228388492887672,0.18431388231660858,0.03757894139999239,0.10432394433991492,0.07998672127723694
2856,0.10864085178893991,0.9852392413383873,0.05524335367493399,0.18809990905542734,0.03789561835902224,0.10101625593194136,0.07671357691287994
2857,0.1191521645655038,1.0943107015842588,0.05833018637699187,0.20632740283517284,0.04264087541264303,0.10982120908829651,0.08289778977632523
2858,0.11642240058822911,1.0559130716823242,0.0603111530124657,0.2025399985367312,0.04240371493452282,0.10583585233028281,0.08139686286449432
2859,0.10875989966793131,1.0177508497853582,0.05522483165015591,0.1927285485266134,0.038424584343294946,0.09683073282564136,0.09812764078378677
2860,0.10187556698945127,0.864968092032397,0.04903770571355324,0.16559918947338806,0.03562455394782258,0.10408703372743164,0.12195593863725662
2861,0.11040100467448925,0.976810214792071,0.05128680132699636,0.183504431822007,0.036727235946970006,0.11090005355699054,0.1538260281085968
2862,0.11270626582453248,1.058185826110634,0.04957592283896184,0.19366305187777214,0.037004980063131465,0.1081077030691737,0.13751891255378723
2863,0.11847063092603415,1.0898385194381546,0.05282755394057276,0.20097197758308447,0.04007223934382751,0.1148805452355459,0.11349920928478241
2864,0.10906010614740357,0.9339383890057842,0.05286779206565872,0.17873502019996237,0.04249481914800855,0.1063391824758853,0.08941864222288132
2865,0.11271694636532952,1.0664679129277745,0.05016079982158952,0.19534753026533025,0.04112268171319207,0.10306016702344914,0.0740661770105362
2866,0.11164250802378257,1.0547946910233406,0.05049055708251171,0.19396257621691584,0.03781206619122154,0.10421408495828191,0.08512265235185623
2867,0.10955451583641151,0.9978257446022555,0.05126832324559621,0.18649081201083326,0.03762508131898266,0.10517351188654274,0.1151140108704567
2868,0.10836295170310835,0.9665299829962928,0.05555732427426288,0.18569627552026713,0.03798932357756635,0.10227321797294361,0.12878304719924927
2869,0.11843829081641011,1.0781017410693965,0.05953317053520022,0.20504296632579969,0.04232536110973967,0.10925801323903084,0.12260467559099197
2870,0.11596649545498079,1.0377696205868272,0.06173344977358335,0.2011671884611896,0.04421063499757819,0.10420226697477536,0.09631075710058212
2871,0.1084325263329836,1.0003183039866252,0.05524627819479857,0.19025656759363094,0.04078620697738752,0.09602701966606371,0.09166892617940903
2872,0.10074610198010209,0.832800054418594,0.04988781871900241,0.16173242381894407,0.03517569682721726,0.10475717487988959,0.12038862705230713
2873,0.10749805301271124,0.9446790218475345,0.0519524958683234,0.17948485672249642,0.034428127290336195,0.10844578477372739,0.1532358080148697
2874,0.10722887155193951,0.9871830603256337,0.051706086679526225,0.18534565434325587,0.03520532264013292,0.10189729190736845,0.13948820531368256
2875,0.11264190024966213,1.0414760682488706,0.05481640197032423,0.19576778286725943,0.03800014357251813,0.10521829005176545,0.10223390907049179
2876,0.10583070337065074,0.9100240398367845,0.05599714556144033,0.17800098760077518,0.03732089049763866,0.10262779093317743,0.08452673256397247
2877,0.10948539936550551,1.0226180054750247,0.0524176395984876,0.1910176918665643,0.03509215601103318,0.10323873136224235,0.07716677337884903
2878,0.10922216541947007,1.0278456989612357,0.05234397503405649,0.19170136416651065,0.03399030085330535,0.10288074801120367,0.0688798725605011
2879,0.10810829931145248,0.9650930013260859,0.05512500451196811,0.1851204326282707,0.03433447591490465,0.10527477813121591,0.07259014248847961
2880,0.10887553040419294,0.9832595706850269,0.057286251602802006,0.18956815432883412,0.03480059899253335,0.10308504945533403,0.07855743914842606
2881,0.11869334267596904,1.1031914381200436,0.06151099386575104,0.21032248590207855,0.03664556267694229,0.11030964985227161,0.08569285273551941
2882,0.11624164310366208,1.070369270844127,0.06378199842446697,0.2075801801987041,0.03792299619793294,0.10484923918801328,0.08483807742595673
2883,0.1097657101699383,1.0306845594719438,0.057300969648709295,0.19635576819488562,0.03554010783444783,0.09894681144166352,0.10269372165203094
2884,0.10289293719415905,0.877697603667576,0.05247383464948302,0.17036294450921058,0.03182544650129634,0.10604073514974385,0.12309145927429199
2885,0.1103185685278461,0.9761117805979499,0.05353033231443788,0.1853276820692253,0.03251015933237977,0.11276795222517239,0.14510491490364075
2886,0.11319916193264162,1.0604417337681211,0.05164940201428405,0.1957625922648322,0.03460327508795453,0.10972756138107607,0.13003522157669067
2887,0.11791375617304233,1.0812568141353633,0.05390598718611426,0.200670391036007,0.03765648588926701,0.11572681216625166,0.11268477141857147
2888,0.10845038540028183,0.9232600995641262,0.05534842991331107,0.17933581129199894,0.03808991180997666,0.10799105213654638,0.08925867825746536
2889,0.11300613515196378,1.0577442400051422,0.05079202940385594,0.1946423452040397,0.03522434208678033,0.10963352028843285,0.07939869910478592
2890,0.11308484043116361,1.0649232133199886,0.05124780982975977,0.1960585817569353,0.03533185236522691,0.10851668132880801,0.10293052345514297
2891,0.11132368005315253,1.00989627817214,0.05294961208777954,0.18965627867125961,0.036424475172017176,0.10831946053330233,0.14228716492652893
2892,0.11045670576262324,0.9978942586385375,0.05681294861086536,0.19125313575767564,0.03622022692890896,0.10471674849645243,0.14401127398014069
2893,0.1197557621761368,1.1011717274568111,0.06116507316005871,0.20973745234530905,0.03921214701233285,0.11149744654643953,0.13817670941352844
2894,0.11711522366983272,1.0665734714087698,0.06334116244535358,0.2066600637258416,0.03815260494299425,0.1078557800068086,0.10330830514431
2895,0.11094258720668874,1.0250935995679504,0.055638264672657665,0.19413188394341377,0.035715210344897566,0.1039759073161216,0.10354649275541306
2896,0.10528752771867156,0.8639074694073284,0.051647158577382696,0.1676843458388035,0.0327996635139523,0.11411719304268542,0.16084760427474976
2897,0.11063349771629304,0.9736411126430307,0.05126691902239438,0.18303466096819956,0.032408867695804026,0.11572903113880273,0.22954033315181732
2898,0.11239698934711319,1.0446762898826596,0.05028313671051469,0.19233930144939254,0.033213714398439835,0.11173283183770795,0.2277885228395462
2899,0.1157394048151482,1.0824774138542443,0.0516980392017597,0.1989522355806861,0.034572981870405105,0.1139487979719528,0.17478083074092865
2900,0.10559831820128869,0.918160359240772,0.05271523444505094,0.1763502522730111,0.03466553937373435,0.10575655736264161,0.11751127243041992
2901,0.10961462586814169,1.0488869911402652,0.04744329463148093,0.19050667984702155,0.0323494570338468,0.10644110136662988,0.0859534963965416
2902,0.11039780839652655,1.0587906550220754,0.04942074195312468,0.1936164438201176,0.03041203280131569,0.10756905604669384,0.08525712043046951
2903,0.10801929723175321,0.9946240298911453,0.050242433058779255,0.1851540897491173,0.031472072220322826,0.10750517566406126,0.08640791475772858
2904,0.10724420436264644,0.9872643938126603,0.0533906428968316,0.18680117874194999,0.03198346365862865,0.10348499989677142,0.07568304985761642
2905,0.11679899507309231,1.0960493262252449,0.05744612334179236,0.20581800946799986,0.03595584621906669,0.10964511272482064,0.08596640825271606
2906,0.11417607273343643,1.0664564346073577,0.059666643545974736,0.20349375655474372,0.034411773473582326,0.10581686124216486,0.08840920031070709
2907,0.10781716347113064,1.0403673515361302,0.05290353809206,0.1939697971554986,0.03156106041841451,0.09915769916843527,0.09890995919704437
2908,0.10339574283077795,0.8972612636192985,0.04742598442476179,0.1688310243096956,0.029722378410200596,0.1106040654047302,0.12693654000759125
2909,0.11064705639379104,0.9964715036893348,0.04929495342222779,0.18460588917467163,0.03187005404536592,0.11486295476539243,0.15149979293346405
2910,0.11355505556888738,1.089901864975376,0.04920306586150586,0.197874322877773,0.03276187019620365,0.11046973387471071,0.13001133501529694
2911,0.11473677444281401,1.0831566037853633,0.05001605400151224,0.19760756111349095,0.03262642667192489,0.1140713904054997,0.10736402124166489
2912,0.1066049774736776,0.9332701843398178,0.0519405341049592,0.17784476985279613,0.033369314604688956,0.108351364152314,0.08688362687826157
2913,0.11176391031471794,1.0780134387723794,0.04813534355435,0.1952607857283542,0.03045259306871154,0.10985154691804186,0.06598401069641113
2914,0.11282637394299443,1.0790447870065942,0.05026562250872513,0.19723407457984932,0.030245438497829433,0.11122795440026578,0.07537651062011719
2915,0.10962156243402048,1.0169117275432726,0.05164705351860103,0.18954200695069698,0.029739189763586128,0.10958824956855863,0.09196420758962631
2916,0.108168505931877,1.0038312059202616,0.0543921439982732,0.19002629570141435,0.030214503146992557,0.10475269232030565,0.07854291796684265
2917,0.11488456594686128,1.0969624863245298,0.057687635463614266,0.2061554713008879,0.03208156886709174,0.10747514620688635,0.08108637481927872
2918,0.11187137374212797,1.0763951686611566,0.058801105199054904,0.2041716856936409,0.030168770217429246,0.10259837886866555,0.06659874320030212
2919,0.10609512261691743,1.038315930979306,0.0515898768185332,0.19255074169864356,0.028353318712905085,0.09847053433641789,0.09052690863609314
2920,0.10138201490942121,0.8674392405595415,0.047858627128980306,0.16494157190477474,0.028395485808830234,0.10963061550150396,0.10975794494152069
2921,0.10984703846136222,1.0095952813931066,0.047298243830046605,0.18476924919619803,0.030761430477048983,0.11349001105465499,0.15390704572200775
2922,0.10674938721397495,1.0354448670444059,0.048055930923662483,0.18911149322662582,0.030568670662022523,0.1013406714358638,0.0998024269938469
2923,0.11101369816176022,1.0727396831318479,0.049468225321578456,0.19564986215161698,0.030567751845201236,0.1073472576976247,0.11505649238824844
2924,0.10370985693253926,0.9295745841698265,0.04975583381806261,0.17544422672545745,0.03265361256341842,0.10311649718671655,0.06853000819683075
2925,0.10875489096913062,1.05541983965012,0.04716832447803415,0.19120425521690357,0.03149176570958646,0.10421693185443043,0.08708687126636505
2926,0.11192137405897261,1.0592705891266827,0.05180945631019181,0.19573247528397625,0.032941986114083464,0.10769362493887241,0.05574842914938927
2927,0.10957498512471445,1.0039434199082773,0.05273249049491858,0.1886197661253984,0.032197536481531584,0.10811606931190104,0.08137047290802002
2928,0.10993388290273556,1.0115061851171836,0.05412093317532283,0.19089025488130293,0.032718357805094314,0.10666064188192516,0.08408565074205399
2929,0.11816480145478976,1.1285633943578677,0.05778533952991979,0.21075363307676948,0.033398577175469464,0.11132002002996272,0.1284288763999939
2930,0.11656490330529787,1.1096172143112804,0.059631292085663735,0.20962928097503752,0.032706119331342154,0.1085100088214869,0.12382650375366211
2931,0.11167835475274203,1.0963398941307867,0.05244359514887328,0.2015716378605752,0.030771309856906397,0.10381539631724426,0.11990796029567719
2932,0.10772092450527793,0.9505835344299121,0.049368656311694785,0.17811363890001153,0.028986598354849714,0.11501983479151073,0.1228938028216362
2933,0.11124023945987348,1.0137485669937365,0.04868517611709542,0.18655137481375844,0.03026997286018889,0.11619197929994815,0.13879607617855072
2934,0.11395806496343558,1.1092350731110212,0.04797059968014077,0.19957981017026655,0.031130461196548404,0.11151319120348481,0.12684296071529388
2935,0.11431882330382198,1.1033474522250666,0.049706844145944507,0.20022693101439054,0.030906962471466858,0.11213460728538525,0.12093916535377502
2936,0.10589346145679059,0.9479108779862351,0.05057975106053686,0.17876991204992235,0.034502120649530635,0.10459399039415282,0.11325044184923172
2937,0.11134193851100836,1.0962025459517477,0.04770986606535884,0.19749453462055724,0.033543841810902496,0.10403175152774571,0.08947786688804626
2938,0.1138037767459103,1.0906070191601989,0.05210336544305672,0.20046103025979134,0.03311960228196782,0.10857733257721408,0.09746193885803223
2939,0.11082452874626313,1.0253503540066116,0.05357356851810687,0.1923988235878933,0.035870014059813056,0.10503222111048055,0.11892205476760864
2940,0.10921018243050237,0.9919672525020691,0.05405119983963458,0.1880392073628395,0.03645865782407535,0.103892369645331,0.10336869210004807
2941,0.11460594965685654,1.080662411103159,0.05577473585748482,0.20218726089258116,0.037814649990799185,0.10516468953339764,0.10152754187583923
2942,0.11334505367114672,1.0809620512044502,0.05812536155112672,0.2042448886444586,0.03803743061827649,0.09970186824076027,0.08327139914035797
2943,0.1083584956094791,1.0394047109636755,0.052985262437360986,0.19390232651254877,0.03593163973303977,0.09688114246117754,0.08510530740022659
2944,0.10368472652253113,0.8931857647812054,0.04829438830420769,0.1689931563723502,0.03175374805762518,0.10947945656073216,0.12010688334703445
2945,0.1107386923342575,1.036643526825534,0.04765436044281094,0.18893852706891426,0.031669728573977284,0.11149918023167803,0.15588706731796265
2946,0.1117967170036034,1.096584429710905,0.04879345631275838,0.1984778810839222,0.03481870845563608,0.10330645591279589,0.12471844255924225
2947,0.11496853815459947,1.0957386789667176,0.05111591610272607,0.2003477393690106,0.03567699956629717,0.10964183335675423,0.10995318740606308
2948,0.10678499810705726,0.9540536342249265,0.05026549344626099,0.17937808498607036,0.03453456219821458,0.10648517850815814,0.08450662344694138
2949,0.1121112862255209,1.0803153644453176,0.04922689329443678,0.1965252463159912,0.032363075729114545,0.1080287553307149,0.06001085415482521
2950,0.11557537755059903,1.0718161840748825,0.05565988406855967,0.20082506978374864,0.03353082568907487,0.11277087972542675,0.0572541207075119
2951,0.11307981962041697,1.027672836711121,0.055035194725674086,0.19398342929502363,0.0343980945897557,0.11113567055696473,0.07902564853429794
2952,0.11330798189325247,1.0355953654868872,0.05443625853795114,0.194601845244942,0.036282875186972006,0.10957281982851955,0.10305945575237274
2953,0.1219384384860816,1.1529952675501656,0.06001285830775421,0.21615320248524153,0.038105274049190396,0.11285453886909644,0.15290388464927673
2954,0.12078753253714164,1.1449260542015431,0.06423297289206016,0.21861769879341483,0.03933965900721144,0.10645302640159154,0.14253591001033783
2955,0.11515582134278211,1.1215143950899904,0.057671468836167694,0.20964902972957095,0.03729367449518015,0.10060364249599363,0.13261869549751282
2956,0.10982308859226843,0.9771279195574274,0.05198988368737373,0.18415246024023854,0.033672741563304416,0.11141644205063811,0.1360735446214676
2957,0.11534131713762798,1.0595670175148155,0.051218732875091454,0.19526848782362347,0.03448039633858189,0.11615834848654727,0.1472412794828415
2958,0.11962085247681088,1.1727420106322528,0.05125901190214451,0.21147086886358854,0.036313656885166065,0.11214588428106961,0.1360420137643814
2959,0.11977411827756375,1.146498055581275,0.05395840631324591,0.2100354990658215,0.03573109378939402,0.11433305651498676,0.14553822576999664
2960,0.10987488633135065,0.971974642141566,0.05356148351349821,0.18476336331750792,0.03561215834314823,0.10932735595814017,0.14934340119361877
2961,0.1153069920471565,1.1304390234852406,0.05242617796951393,0.20642801304318917,0.03417937753104101,0.10656276137722895,0.12318660318851471
2962,0.11745535159706914,1.1219689765455731,0.05740050839740777,0.20948171813285996,0.034019722546533286,0.10993845629747102,0.14207780361175537
2963,0.11255659735774887,1.0610739322753475,0.057115619754000056,0.20053823582847824,0.03201444106300588,0.1060470504537608,0.19465278089046478
2964,0.11115438805269456,1.0366177476243847,0.05693339047714293,0.19688829864103466,0.0335690697440407,0.10402436980796914,0.19044454395771027
2965,0.11768771115520033,1.1328286193180621,0.05957440992170632,0.2128964398354714,0.035530588557330066,0.10626755583309955,0.167552188038826
2966,0.1184226362647828,1.1378258391503144,0.06348778890061187,0.21696465322199796,0.0359999905795641,0.10431818640178589,0.13235242664813995
2967,0.11234046487224125,1.1047124500956926,0.0580318318457577,0.20755763445289127,0.03358583724818413,0.09793574066022248,0.10224701464176178
2968,0.10638693243985226,0.9377205002676875,0.05014376217694314,0.17694043904704948,0.03113496306260041,0.11049808736365001,0.11104830354452133
2969,0.11083349081521851,1.0534668527143387,0.04806261244830562,0.1916917896291675,0.031372892378069665,0.10961050298551836,0.13181155920028687
2970,0.1111078160061306,1.111656385963725,0.05069393137418066,0.20225999631554412,0.03241417666187007,0.1002065926616217,0.12129007279872894
2971,0.1130372214809377,1.0963295975863971,0.05211246188308768,0.2012863384121319,0.03361892931610767,0.10531024981036911,0.09260863810777664
2972,0.10623371129338312,0.953883511554192,0.05240233565426763,0.1811853607828283,0.03463861542727574,0.10329672687296262,0.062118422240018845
2973,0.11265698047141735,1.0979607381606178,0.051042775247428014,0.20060248423502652,0.03428571334589981,0.10427952341308716,0.05438263341784477
2974,0.11649777054360619,1.106874959352921,0.057139281528996756,0.2071015212181288,0.03393752946640677,0.1094596996459484,0.04655040055513382
2975,0.11292448688826089,1.0463438899185757,0.05786501696559854,0.1990762845303096,0.033616746389537704,0.10693593688785102,0.06377169489860535
2976,0.1142132341200728,1.0671030197951017,0.058146702379465794,0.20228331915312808,0.0346433424330619,0.10677556494228399,0.08979949355125427
2977,0.12238732476248693,1.1866093471100347,0.06323004112851575,0.2237127991258756,0.03503757442657683,0.11015856623844311,0.13779856264591217
2978,0.120516593352187,1.172344732540603,0.06657709050008422,0.2245438965058726,0.035147844507509074,0.10419035833180526,0.1426735669374466
2979,0.11464208726913133,1.1539414512873998,0.057927132374760264,0.21450060650513736,0.03213300700421898,0.09946132816942434,0.13316288590431213
2980,0.10943146777999614,1.0131362397285213,0.049897728377999016,0.18750322999950222,0.03208473705102715,0.10879706522577623,0.1331545114517212
2981,0.1146274072916718,1.0738714639619835,0.04968051055631584,0.19599350389998269,0.03440043800131222,0.11363067088846442,0.13005155324935913
2982,0.11793552159026674,1.1826864032820943,0.050672852588114846,0.21238907411582617,0.03490250589197164,0.10794255186641047,0.11046287417411804
2983,0.11840089649945722,1.1469416190904314,0.05154146559307738,0.20802720180698508,0.03461874650533521,0.11328726060022709,0.10238219797611237
2984,0.10924600968162636,0.9625157314647136,0.054715228389765565,0.1844010145433296,0.035047167137360315,0.10840936765386881,0.10616007447242737
2985,0.11491574197883962,1.1296316704806615,0.05284146644979446,0.20666863845420402,0.03329955293146033,0.10604612297935263,0.08806371688842773
2986,0.1165788753650519,1.1163118135637287,0.05696230368006369,0.20829794794915868,0.03236725090363469,0.11000985825769852,0.08770541101694107
2987,0.11200205156796522,1.0475878536432077,0.05832614325846456,0.1996492447419993,0.032508238264171756,0.10486784418150472,0.11734640598297119
2988,0.11051945431290826,1.0056451108441773,0.060187481267665065,0.19525285692145258,0.034386294813136535,0.10299424159273227,0.11950714141130447
2989,0.11664168177891537,1.1014502193904234,0.06315210455245875,0.211480406672168,0.034793308628019166,0.10527512400435353,0.11949841678142548
2990,0.11573287939523076,1.1073886234585215,0.0649670620458182,0.21388442796191867,0.034570921751608245,0.1008669873375485,0.11558099091053009
2991,0.1107511888908896,1.0841273706224868,0.05964070013215097,0.2059959387736275,0.032506184761254865,0.09587641135692426,0.0970667228102684
2992,0.10616740630837723,0.9528520290133129,0.05097659251263733,0.17981594058416242,0.030595915051027305,0.10784999366724639,0.10574690997600555
2993,0.11009562828722258,1.0540076142347141,0.0501608916828255,0.19356756633309533,0.029950141657327567,0.10718498329824211,0.14688529074192047
2994,0.10953169277358481,1.0997070445920878,0.05105200032282651,0.20085986378986384,0.03216169154180575,0.09731829421214731,0.13373763859272003
2995,0.11172934692657481,1.0770469334869697,0.052296009429141865,0.19868899858026015,0.03228193020784249,0.10515614135849095,0.10422777384519577
2996,0.10644307104128954,0.9443283899361629,0.05467918604885069,0.18177192946132384,0.034292096553279215,0.10366242260076859,0.09406566619873047
2997,0.11179908980197553,1.0966920279582086,0.05448651533602205,0.20337301713919156,0.031137958237924805,0.10225039350045591,0.0751161277294159
2998,0.11609031333770123,1.1060748431123293,0.05901479748470597,0.2085948040029379,0.03395728072035257,0.10701528754579924,0.052227091044187546
2999,0.1132737036583667,1.0329231413631759,0.06020269357486974,0.19916275754462776,0.03493309395560081,0.10666881499780846,0.06542569398880005
3000,0.11299664092339266,1.0311846068500357,0.06197907951503734,0.20043701199146563,0.03508862224025956,0.10465583258657024,0.07904042303562164
3001,0.12097302210003141,1.1515280190550954,0.06516236750685821,0.22035746058517777,0.03636348526947154,0.10804498315226822,0.1396273523569107
3002,0.1208728536271189,1.1565834893719598,0.06972506349346548,0.22499055290467898,0.03649655598958863,0.1035991271920928,0.14337317645549774
3003,0.11628376008007192,1.1390327019197684,0.06230815901508322,0.2161259508586097,0.03472873077150099,0.10028249379385097,0.151656374335289
3004,0.11164506796734815,1.0234395308509612,0.05356490126529989,0.1921184197775372,0.033020081716532916,0.11002774810289606,0.14064064621925354
3005,0.11451693644326486,1.0557007435771557,0.05173855904340483,0.19516172826251207,0.032944977853428016,0.11532820736753079,0.13941381871700287
3006,0.11596016450020134,1.144396109149472,0.05255358506942079,0.20853108850942811,0.03287238748222247,0.10766241088285941,0.12355361878871918
3007,0.11392737057605272,1.097182325099269,0.05287322364840378,0.20206023814138455,0.03326855171929821,0.1073875779560476,0.11122896522283554
3008,0.10605833194004065,0.9450052028175008,0.05393893393380867,0.18123411520290755,0.035179725045879844,0.10229830261742283,0.10961092263460159
3009,0.1124276084983944,1.1227964244304696,0.05428226543072323,0.20692714528782988,0.03303140499267172,0.09921219187514572,0.08417036384344101
3010,0.11504126012201678,1.126201538637347,0.0560127967042133,0.20889690269466094,0.033257885146453774,0.10447802597457076,0.10075771063566208
3011,0.11125502632713825,1.0447630588642731,0.0585214386766566,0.19941309870345894,0.033871401841108685,0.1018273844231335,0.12437514960765839
3012,0.11082516666419816,1.024284369243992,0.06328261429123952,0.20056857928448985,0.0352340626472774,0.09844189663624858,0.11001164466142654
3013,0.1162120127080959,1.10209754965424,0.06758996479295426,0.21537676263028077,0.03767621858050458,0.09816167638782655,0.09388729184865952
3014,0.11478283271253392,1.1190640337425255,0.0662089543252564,0.21661682281343772,0.03691027861129607,0.09381657621282619,0.07816426455974579
3015,0.11015698055644817,1.097361871361235,0.05947155176137445,0.20774159741849735,0.03431637858122455,0.0911309675304757,0.08338236808776855
3016,0.10505211553822615,0.9614387962887456,0.05071933944091483,0.18082211899060494,0.03200702820855034,0.10266781393086102,0.10434447973966599
3017,0.11077919201712293,1.0717807831314219,0.05171929619315174,0.1974423657557618,0.031102333719132964,0.10466616600655514,0.14795349538326263
3018,0.11203451452655983,1.1319982964352726,0.05362311519949179,0.20767671251888903,0.03292096849863394,0.09757194405770694,0.1498890072107315
3019,0.11351901776989286,1.088229595331057,0.05514410636342911,0.2027277476445188,0.03451629878389917,0.10458875824233965,0.12541939318180084
3020,0.10541532430421328,0.9449325718629363,0.05496288149168555,0.18210140868757851,0.0341094759057685,0.10070761781740784,0.09567910432815552
3021,0.11309702558455371,1.1150991166589335,0.056072384311029795,0.20736191750358746,0.0321750137789739,0.10142200548528152,0.08481322973966599
3022,0.11657699908029834,1.1247502364489923,0.06068223280873567,0.2126919476144866,0.03366902841239201,0.10502089344730164,0.08445589989423752
3023,0.1132366166870749,1.0432200690173612,0.062254366889376155,0.20239232433623117,0.033744529249515924,0.10478094900192723,0.09047731757164001
3024,0.11376650544548546,1.0212729932385516,0.06645872161165496,0.20286076041549733,0.035693272413666745,0.10412311124956641,0.09118983894586563
3025,0.12341662036104188,1.164147897560098,0.07200626139650008,0.228026495134157,0.03907970100948676,0.10567778436717688,0.15178227424621582
3026,0.12250601477562899,1.182359085383572,0.07369106926830886,0.23207221442763215,0.04028670694532694,0.09857748443164048,0.1464676409959793
3027,0.11682959493185291,1.17082490269325,0.06300343841720259,0.2212636475994951,0.035907264497718146,0.09625683797753393,0.15751788020133972
3028,0.11137264216335824,1.0371296959584524,0.05510713084566407,0.19539606871891954,0.03484111067260304,0.10481723398165287,0.1614399403333664
3029,0.11565504244438193,1.0845394422852,0.05395537297367464,0.20118166858960684,0.035679318213550894,0.11079800326928729,0.16265353560447693
3030,0.11701932705693735,1.1815387455455106,0.05398810710515337,0.21506676973949015,0.03575045265451869,0.10233807981181997,0.14845308661460876
3031,0.11479225580938547,1.1156497346928655,0.05598710351855398,0.20736747940059855,0.03614577622505114,0.10260460480336658,0.13211561739444733
3032,0.10549522486154511,0.9549616117408946,0.05366799267566543,0.18242422397069818,0.036598830777680155,0.09846669546441802,0.135048046708107
3033,0.11257429460457216,1.1437778962105618,0.05322687824280997,0.20901988080963166,0.03409306148677636,0.09685548565321636,0.10320489853620529
3034,0.11521143892623438,1.1360936499336638,0.05657561534284994,0.2107924774272519,0.03518486422869153,0.10160128309819401,0.11215207725763321
3035,0.11087826751654886,1.0521353593923153,0.06004794227836776,0.20177471615178888,0.03447107806296359,0.09820016573260099,0.1368386596441269
3036,0.11033251901931279,1.0189132019382208,0.06553813748632048,0.20173457526516336,0.0375979985906924,0.09399842517923641,0.12385374307632446
3037,0.11443294874563219,1.0963813935613782,0.0687921545215431,0.21559061724151954,0.036535370810650794,0.09408036950483946,0.10312782227993011
3038,0.1154629956865974,1.1199413506893663,0.07070586762848911,0.2205966509229001,0.03735984070904134,0.09181130796019404,0.09631195664405823
3039,0.10890097575485931,1.0773599707586472,0.06082494998037752,0.20604423866298743,0.03335273403954583,0.09000533221114648,0.10523641109466553
3040,0.10531636644545507,0.9882956694993785,0.04988186097824778,0.18394097648126648,0.030570470337508395,0.10192249175857343,0.11337956041097641
3041,0.10962573069550942,1.0873141612667934,0.05159521250032998,0.19955506232411047,0.030298623393258395,0.10034878440995314,0.15049941837787628
3042,0.10933631920259815,1.1120685167276494,0.054005001551377746,0.2051569322908451,0.03472145341870937,0.09078129031128472,0.1495058685541153
3043,0.11093444837311535,1.065246854985988,0.05812891006985583,0.20200290220073183,0.035209540511345436,0.09750884565299961,0.11444253474473953
3044,0.10600278321150686,0.9574081838211093,0.05872959216021504,0.18711224811177132,0.037057989750503846,0.09535869570215304,0.08594779670238495
3045,0.11352899548086291,1.120266189068447,0.057485823130077086,0.20931158969270136,0.03652660634128887,0.09709631604263155,0.07824336737394333
3046,0.11520775691089424,1.1085622998967342,0.05956221236714274,0.20941936772851294,0.037141944359717675,0.10108018342775732,0.08173798769712448
3047,0.11244263648336593,1.0393700765357345,0.06175945320106091,0.2014181136774429,0.03722441036822701,0.1004050417892951,0.08483308553695679
3048,0.11212666771368006,1.0117629249170874,0.0670327962975932,0.2019942432432352,0.03941245081078212,0.09711747891535498,0.08365064859390259
3049,0.11815446183414614,1.1234517566897386,0.07097234795818012,0.2213265492055456,0.03867460073818282,0.09742376384313955,0.11735638976097107
3050,0.11961206470560262,1.1602722867206012,0.07390888776577222,0.22910365904503352,0.03901561540832653,0.09432881279371719,0.11172714829444885
3051,0.1142285932428245,1.1474453333440002,0.06260680126397249,0.2175837344182622,0.035963567084412694,0.09227474260292684,0.12407512217760086
3052,0.10863054195782623,1.0126441221034785,0.05331665670103882,0.19036343747281595,0.03391791611506625,0.10248780599462526,0.13625968992710114
3053,0.11265128613837927,1.0716897281316924,0.05362417359805429,0.19906210996000256,0.034294184849051085,0.10560427892262104,0.1412237584590912
3054,0.11570737751841445,1.1572667499035239,0.056872057210658945,0.21407129902392535,0.03766139657429938,0.09792917952719313,0.12733905017375946
3055,0.11352869273472228,1.0822832434932796,0.058241968127743134,0.2045335788942484,0.03663994010998557,0.10117707589178158,0.10883844643831253
3056,0.10500706153697176,0.9376657219031597,0.05806830152167109,0.18372507586188375,0.03490675564926541,0.09746656665441676,0.09745137393474579
3057,0.11375790298441277,1.1369744125629122,0.05856647973031573,0.21262475584925805,0.03479833016114335,0.09633903294803386,0.08041328191757202
3058,0.11391717382653575,1.122296752143058,0.059644097526896554,0.21145161961491965,0.033042081823505695,0.09934023926435118,0.09176559001207352
3059,0.10877615170812492,1.0405523913886099,0.06098110326086124,0.20091985870768245,0.03269183869901197,0.09472418196648587,0.12669390439987183
3060,0.10758372459569694,1.0021064127696633,0.06551797355704121,0.19931632201598723,0.034443863547723795,0.09131508026991945,0.13730552792549133
3061,0.11314871069940959,1.0843563035592452,0.06806223417401734,0.21324710122904986,0.03538691571037974,0.0936041896013755,0.13023249804973602
3062,0.11321489825835251,1.114435464213053,0.07027719075971571,0.21944265839590676,0.03492745766422637,0.08876711865785292,0.12358523905277252
3063,0.10697935248122746,1.0901737098094815,0.05865392155453092,0.20601389130523812,0.031938510041926736,0.08598486814460621,0.07614917308092117
3064,0.10345781927687908,0.9892795397157239,0.048097948702230074,0.1825524617041578,0.030374537306158238,0.09819787887739095,0.09666051715612411
3065,0.10877825215206052,1.1044499136867487,0.05133065183632484,0.2017762606720997,0.03122020525411009,0.09526828573273285,0.11729580163955688
3066,0.10725019586687674,1.113891075330527,0.0567540012553386,0.2077735832660798,0.032582257168899086,0.08462667825330453,0.1128024160861969
3067,0.10712709919599592,1.0503043034763144,0.059265061632435445,0.20084209618156107,0.032775181250145204,0.09018440503624581,0.10949823260307312
3068,0.10177846344546869,0.9458581374300916,0.05909052593374899,0.18577161329036937,0.03333354760393871,0.08817375869251934,0.08223600685596466
3069,0.11003962746633772,1.1040541886321538,0.05886055006219119,0.20817392700075724,0.03304157183711798,0.09154541404928782,0.055282242596149445
3070,0.11375143228230349,1.1146325261783303,0.06165300907637191,0.2120786543766517,0.033726087406340026,0.09773728971621684,0.058573514223098755
3071,0.11067837720607134,1.04578729779546,0.06334998133530678,0.20369816940104296,0.034041957393701604,0.09634292637129471,0.06996173411607742
3072,0.11069449503271357,1.0207537312817068,0.06792519197068277,0.20404355472940047,0.036805168040111295,0.09366722891663953,0.07686600834131241
3073,0.11716050404325565,1.1285160532223752,0.07008225937110257,0.22128708706414152,0.037961410519098945,0.09534895073361763,0.1294940859079361
3074,0.11654941755352878,1.1501668149748117,0.07143688700198475,0.2255411624266743,0.03720718177020886,0.09060609709993139,0.12037529796361923
3075,0.11197097205853983,1.1433612567725409,0.059475840489596865,0.21431661424430315,0.035552983322108524,0.0892842752903743,0.13207171857357025
3076,0.10685147360716876,0.991878492972196,0.05309074646628595,0.18720328168141592,0.034606784101979135,0.09975774485924344,0.1377226561307907
3077,0.11109353527303636,1.0708571692036843,0.05400001800263956,0.1992653253170745,0.03429351015321935,0.1011432409643429,0.1337718665599823
3078,0.11215344389676285,1.138567453370272,0.057541058801984395,0.21197340088316835,0.03421016090355978,0.0930113541527107,0.1040971651673317
3079,0.11114064793077323,1.0732168761955982,0.05738886449523898,0.20250715188100463,0.034776987028816146,0.09801316026353325,0.08456240594387054
3080,0.10251365545141304,0.927300599952898,0.0577163660984549,0.1819426852205182,0.036073941880904056,0.09114800377764139,0.08965588361024857
3081,0.1100635435015246,1.104691188898964,0.05790714436559682,0.20744772215607782,0.033508585538143794,0.0918379753967487,0.07277459651231766
3082,0.11157951947346202,1.1078480028739166,0.058402084513082264,0.20832292999320146,0.03446915275604567,0.09440060614642933,0.09523525089025497
3083,0.10805836383289447,1.0348040535183847,0.06240784732490847,0.20132159106683362,0.03374223200087677,0.09147965535621316,0.11181692779064178
3084,0.10675208788920303,0.9906195220919802,0.06517807611972601,0.19738399697290518,0.03649242737988623,0.0889263703866158,0.11605324596166611
3085,0.11096475036236764,1.0503305106203604,0.06944883246081991,0.20957478648361144,0.03689259586762161,0.08949410393918208,0.1257028877735138
3086,0.10945628965850526,1.0724728635624043,0.06811423341203064,0.21159403771922689,0.03625644987795213,0.08413561991335783,0.1303957849740982
3087,0.10419362938462867,1.0629372082859014,0.05685966627666899,0.20058502942084505,0.03319630500457295,0.08197381318548808,0.0969095230102539
3088,0.10206801571583898,0.9730201762047932,0.05058982561100076,0.18236558998154254,0.031879537010937334,0.09322255710013733,0.1028219684958458
3089,0.1059569359587089,1.082125740875434,0.053147196806820424,0.20014413167376524,0.03054756871612152,0.08952633604529864,0.11389287561178207
3090,0.10503706495227555,1.084330075549245,0.0560310539695912,0.20293091419525605,0.033965566736985434,0.08156750780304646,0.10928208380937576
3091,0.10558947437923193,1.0327654269539333,0.05868151767322568,0.1978363618561839,0.03471868906905717,0.0868853849833019,0.0850016251206398
3092,0.099233214897283,0.9272762098747929,0.055546704583960306,0.18007949105407925,0.0359464034400777,0.08386868328514091,0.07629544287919998
3093,0.1068613351798751,1.0768984379917907,0.0558426385171187,0.20170775272778615,0.03475682798466094,0.08696216362126533,0.0721435546875
3094,0.10957485796589404,1.088188972215797,0.057703246801373266,0.20491549328914807,0.037121376067794296,0.0895485987188841,0.07936207950115204
3095,0.10682921893197829,1.0140643838405725,0.06374002716104893,0.199500649543838,0.035412928098187316,0.08823097162616816,0.06292213499546051
3096,0.10590723151056732,0.9851107201911009,0.06478114745220974,0.19625680070062276,0.03739403343343306,0.08680040678676128,0.062212225049734116
3097,0.11221857249111761,1.0916037635960678,0.06882670580271123,0.21493771405890505,0.038023943925622736,0.08725962361411159,0.09176372736692429
3098,0.11220751485060894,1.1173768143920155,0.06831875052450859,0.2181841882198667,0.038820363216753626,0.08369168333213181,0.0924719050526619
3099,0.10689451577259179,1.107198611286791,0.05623072044506131,0.2063689905653084,0.034938290315740396,0.0828160476037097,0.09791843593120575
3100,0.10213928561781295,0.9681909509025234,0.048598890660386494,0.17996918498069178,0.03378470438866763,0.09384838225079614,0.11338222771883011
3101,0.10679647544300482,1.0557407470837008,0.051614212122318266,0.19506085997394434,0.03281968504785619,0.09429483057418778,0.12728817760944366
3102,0.10663290249364285,1.0999335955487548,0.05406753919408855,0.20347697581618376,0.0342073763145053,0.08526667374316493,0.10551820695400238
3103,0.1054464268662331,1.0449309802117606,0.05477132201228479,0.196222701755067,0.03266473419906358,0.08970116742227673,0.08934100717306137
3104,0.0970783664300487,0.9063200127981952,0.05232998708347795,0.1743285621855804,0.033859688453209746,0.08480078837369255,0.08146442472934723
3105,0.1057018149797408,1.0722091428267138,0.05199640247102466,0.19774107966469454,0.03345747862320827,0.08838125269237221,0.06534337252378464
3106,0.10855672805470182,1.0744502680199783,0.054299878453077176,0.20003564839120594,0.03661027590406866,0.09146581839206477,0.07311129570007324
3107,0.10648610878285476,1.0154328350077226,0.061553788850244574,0.1978222240155986,0.03527667949926144,0.08887525857734808,0.09779435396194458
3108,0.10358008902067928,0.9715646893798916,0.060794221449407215,0.19090428829661926,0.03656876950389456,0.0858063192314184,0.11188337206840515
3109,0.10901780051440997,1.0488382349992507,0.0669590155720651,0.2072274754902345,0.03698263918826672,0.08611510107093892,0.13546989858150482
3110,0.10814981266967481,1.0575245446286154,0.06657926521529511,0.2081428765600552,0.036965401414075214,0.08294224161424169,0.10679962486028671
3111,0.10230781164645712,1.036882338468446,0.055495149133966255,0.19569331903889195,0.03235965964264674,0.08180012568141075,0.08716001361608505
3112,0.10157473073802312,0.9617131804593545,0.04840644572670705,0.17887883640279953,0.033764602235710706,0.09326750072086709,0.09056572616100311
3113,0.10574209716938072,1.0742157329649062,0.05204303901082269,0.19806770957569178,0.03164372623191793,0.0897932608841385,0.10506553202867508
3114,0.10375219106768195,1.0730266608002292,0.05374844937551775,0.19935962243619082,0.03344842997913427,0.08161147957271586,0.0928788110613823
3115,0.10292828234914014,1.013682987582686,0.05789594986065096,0.19443695524951313,0.03265649468332803,0.0843460077688994,0.06236119568347931
3116,0.0973692609009674,0.9168252869975103,0.05478150463975944,0.17793061640515243,0.03468140749829308,0.08172994656214551,0.06373923271894455
3117,0.10552264212887374,1.058185995696011,0.05426301782343721,0.1976805860909477,0.03478615249692602,0.08677886959001327,0.0491633303463459
3118,0.1093727925802309,1.0710848552777648,0.05754399629673664,0.20233554757974068,0.037290534340658356,0.09110235791528584,0.0457005612552166
3119,0.10711030586554958,1.0167540911802462,0.06143581580254389,0.19790985514221565,0.03697690951033005,0.08902742205928388,0.04900221526622772
3120,0.1051978584276927,0.9938334573831922,0.06138662556184921,0.19459331582204106,0.03778158607353343,0.08596607151752728,0.04804377257823944
3121,0.1109792507929736,1.0929562904217502,0.06611817710174689,0.21280933614746167,0.03829888591506584,0.08547324537596583,0.07318171113729477
3122,0.10985071590819583,1.0970749638940065,0.0650157344917032,0.2124527672634608,0.0372564065119407,0.08359394169406219,0.08538459986448288
3123,0.10480631156052454,1.077784078571423,0.05577027973330093,0.20177225099588983,0.034374176595994455,0.08158923264854379,0.1003175899386406
3124,0.10141535048035476,0.958172487654464,0.0481651443415021,0.17816619338621092,0.03458662092046932,0.09273350130263033,0.10661211609840393
3125,0.10637116180811977,1.0509922692242077,0.051105537427412695,0.19394649911266912,0.03448638646452012,0.09264192009228876,0.11696390807628632
3126,0.10653933118681697,1.085819780534405,0.05354562539916715,0.20101336184705826,0.036190201764483974,0.08543004260364719,0.09988357871770859
3127,0.10564481593681774,1.0279141725739322,0.05576346270654361,0.19464213554474194,0.03520481301982744,0.08940716383225053,0.08403047174215317
3128,0.0973641481156054,0.8952733939757214,0.052776756915838524,0.17313341935296464,0.03557081505078633,0.08513520221463278,0.08082615584135056
3129,0.10528391792471391,1.0538267887967512,0.052980878852556916,0.19595886598744183,0.03409802576759924,0.08823099400730236,0.062244120985269547
3130,0.10786616221406628,1.0547834972862433,0.05526831436411773,0.1980561976387071,0.037325798732701795,0.09067269926369949,0.06551413983106613
3131,0.10526799444934633,1.0083865464838357,0.059830158234378615,0.19533821369858678,0.03598369720036947,0.08708031269911568,0.07261518388986588
3132,0.10294302874396025,0.9753193972380877,0.06036161011939444,0.1910698654220649,0.03790137714061882,0.08274349180354242,0.0741678923368454
3133,0.10866293233266386,1.0650050053136684,0.06455780717181762,0.20747883547779633,0.0377647664983928,0.0842349121856601,0.09638137370347977
3134,0.10706538356124139,1.0710710337148668,0.06324427519897842,0.20721952641553393,0.0365114075850994,0.08116523754285962,0.09378685802221298
3135,0.10310395627587803,1.0510416058626704,0.05604319862058101,0.19818582822659375,0.0342691891971244,0.0801377395129112,0.0820980966091156
3136,0.10138243032728922,0.9582381498051783,0.04743804289228104,0.1775523438798378,0.03528441776225296,0.09256951696321593,0.08486063033342361
3137,0.10565821423380442,1.0684018484182167,0.050965428170753134,0.19631348820610506,0.03558309894315011,0.08765057538736387,0.10272987931966782
3138,0.10464561770204274,1.0744428212226969,0.0535518600277069,0.19939342591270545,0.037102870133192425,0.0808411896404569,0.0811813473701477
3139,0.10381505810487174,1.008849714435645,0.05573424347121467,0.1918935964661333,0.03565924477628772,0.08638267370127888,0.07706393301486969
3140,0.09693185165819247,0.9079712098897622,0.05468990100930251,0.17658723084936817,0.033747498321355575,0.08251970403564601,0.08191030472517014
3141,0.10513470606346367,1.040773754604206,0.0557699594935423,0.19648478736649425,0.03181741685997201,0.08935601297636712,0.06185248866677284
3142,0.10956948055396455,1.0598957403005778,0.05844381377676078,0.2015083747087346,0.03471095327180678,0.0946241595404288,0.05050203576683998
3143,0.10771996075643556,1.0223563793022399,0.06228418653169344,0.1994373569274858,0.03341492663828073,0.09248414396015209,0.05553845688700676
3144,0.10593391033284244,0.988196264535529,0.0623852612159173,0.19464397597586183,0.035359058024615544,0.09006559866489894,0.06082315742969513
3145,0.1122844502053819,1.1056864497428638,0.06418495431192088,0.21297088223062705,0.036461143741767746,0.09052921533895479,0.11292955279350281
3146,0.11034861978943368,1.1012997672370148,0.06479331545043894,0.21286566570566406,0.03664696434569977,0.0851351531259993,0.1420709788799286
3147,0.1059082528682651,1.0683974907246718,0.05706515020342284,0.20154119884931557,0.033842239108290026,0.08528718717482411,0.14910028874874115
3148,0.10270288396199398,0.9586770354833583,0.0512289917269472,0.1808644265492916,0.03189689238529546,0.09626677682771974,0.1269775778055191
3149,0.10636647452164921,1.0295379065901975,0.05216745425543423,0.19179180458897185,0.03055551388901973,0.09795390126629268,0.11966235190629959
3150,0.10571710540383396,1.0661660105938002,0.05262234782402342,0.19741429964827725,0.031002316450557916,0.09085750077406263,0.09013528376817703
3151,0.103725784842681,0.998814597814552,0.054009243283466936,0.18898143678790766,0.031427975086417814,0.09238767292733793,0.10159248858690262
3152,0.09582529301092539,0.8875770974373818,0.053905582078136144,0.17300151284374263,0.03227563405382226,0.08390205224467556,0.13186325132846832
3153,0.10317586437852899,1.0265272030748513,0.054984678242977696,0.19377646750467395,0.030390142785949398,0.08758784303665934,0.09969500452280045
3154,0.10658647359070995,1.0327941386739061,0.059014569663605076,0.19812593666507666,0.03306647048611079,0.09081944611716336,0.07902529090642929
3155,0.10523326965070166,1.00120570145625,0.06110040106337944,0.19540115826236099,0.031625243439366235,0.09074339005041827,0.07926202565431595
3156,0.10373797817953595,0.976970943539418,0.06274855279214175,0.19335175147032407,0.03284509713225208,0.08735719746646972,0.08104033023118973
3157,0.10927674758298651,1.0678517755601555,0.06600736798910899,0.20912799764211565,0.03446765832828767,0.08736485687911,0.10734181106090546
3158,0.10447890751270604,1.037111149495894,0.06136675714965153,0.20075881319911476,0.033558386555363175,0.08228944587477346,0.1091359481215477
3159,0.09916098612391527,1.000426966397601,0.05541695976175284,0.19041838928115973,0.030762235527527708,0.07915966513316547,0.09994261711835861
3160,0.09952501525058154,0.9699226297235586,0.04943109510376623,0.18092988576373661,0.029082220310513256,0.08993319912413059,0.09160501509904861
3161,0.1030099371788928,1.0623917293511158,0.051369270473817646,0.19580105031343167,0.02870574218804327,0.08683388380316465,0.09396196901798248
3162,0.10119776252745244,1.0505277843297613,0.052763274386391196,0.19530106152115836,0.029401277979509095,0.08167929988741021,0.08441133052110672
3163,0.10235704810403835,1.0012808851770432,0.056765970038303394,0.1916966722009805,0.03171844152127396,0.08599365777913281,0.07824190706014633
3164,0.09671477529775487,0.9100184959481588,0.05646721511280691,0.17840311237500003,0.03434860529137811,0.07980787911074501,0.07466952502727509
3165,0.10294558100615735,1.0178796229999494,0.05635685290873221,0.19371724863604897,0.032393320924609205,0.08525359940135682,0.08061537891626358
3166,0.10681519748608347,1.0335436556426396,0.06067971112753012,0.19966027462968858,0.03519161452967998,0.088246390072282,0.06894207745790482
3167,0.10557349636574989,0.9911195715627891,0.06432840184299415,0.1967271403743934,0.034120162662519764,0.08833572484851318,0.060298897325992584
3168,0.10344106964444771,0.9473428690975361,0.06467330676251136,0.19076895852465775,0.035990644140340144,0.08604828919035806,0.04490787163376808
3169,0.10978449430864733,1.0412801126573745,0.06739870977435254,0.20652462447192713,0.037486084233934694,0.08839798923115108,0.0823550745844841
3170,0.10615834561994456,1.0251147522994586,0.06367307964527992,0.20102189002444829,0.03685489621761594,0.08379326249304136,0.08559703826904297
3171,0.10186470299921052,1.003478774319848,0.05841895468780708,0.1934275003495272,0.032833628994190255,0.08214944507207612,0.08551304787397385
3172,0.10092536750385186,0.9421051782658436,0.05224125128517985,0.17936466942527465,0.031929704182052716,0.09266218372918121,0.09364622086286545
3173,0.10508434389891756,1.0300367237013064,0.05356253752093914,0.19305884983242017,0.03105809022478782,0.09287962317196632,0.1029425784945488
3174,0.10454011964957344,1.0413392571281448,0.0536613596786572,0.19475820217144116,0.033584362669837046,0.0876855848002085,0.08609229326248169
3175,0.10259173225020414,0.966654909732851,0.055833501303498484,0.18595084536483458,0.034006034530971556,0.08966499377923107,0.09054534137248993
3176,0.09585824444766872,0.8757346237681056,0.05535349093017503,0.17255079562130796,0.03464693303998874,0.08231215965245434,0.09604202210903168
3177,0.10368025897784322,1.0079051070231981,0.05628851748733007,0.19223374456388267,0.03328775266667268,0.08778940211233298,0.09173312783241272
3178,0.10490046404568663,1.0046610342970022,0.058683704943554904,0.19382332342261882,0.03426225413081916,0.08890139576638002,0.08608366549015045
3179,0.10413599751894131,0.9818941767557308,0.0627105223776595,0.19402247300309824,0.03364757407292535,0.08716270198556794,0.10082485526800156
3180,0.10272779369689272,0.9195842654853128,0.06468498782508869,0.18681345606226354,0.03749588065979311,0.08623076303465542,0.08467788249254227
3181,0.10813383739739017,1.0214447805306301,0.0668703541927662,0.20323812938388958,0.03723715499386248,0.0869521790122899,0.09117298573255539
3182,0.10396769166606212,1.012488439197239,0.06151163285994873,0.19736546233670452,0.035678753303743836,0.08199746339627859,0.08883057534694672
3183,0.09815425321658842,0.9753192337189612,0.05578836831672782,0.18714992051704687,0.032923207813181275,0.07736020905666849,0.07789973169565201
3184,0.09969847843367977,0.9544091087261677,0.05060220637345716,0.1797174781381301,0.03270671176088978,0.088299649530977,0.06497592478990555
3185,0.10394576993355872,1.0470153748437545,0.05283268806143703,0.19485878617319669,0.03209917106503709,0.08726265473383193,0.08081182092428207
3186,0.1024714109512574,1.028821549807958,0.054561123592790396,0.19374118448067149,0.033930657711267395,0.08258351819801138,0.08839673548936844
3187,0.10137412583306499,0.9771028534757193,0.05688587328440664,0.18834544188316565,0.03463291697505429,0.08367278203998625,0.08390087634325027
3188,0.09603457452646685,0.8949028135783202,0.05732115698910059,0.1769756793589891,0.034089214427392614,0.07941329788469986,0.06726321578025818
3189,0.102056474896216,1.007395172071996,0.056250871994585366,0.19212862914850115,0.03435223947464034,0.08248454591934515,0.07389302551746368
3190,0.10442303162873556,1.014409952821603,0.05932585001118199,0.19576643612695643,0.0356706961466892,0.08465584623958286,0.07168468087911606
3191,0.10280493191436207,0.9731800329419186,0.0626749546746075,0.1927471087127948,0.03392756376332541,0.08437322434789052,0.07220692932605743
3192,0.1019402416045808,0.9231657493014167,0.06525316693121526,0.18781210726981543,0.0367104782114825,0.08387840211646148,0.052201464772224426
3193,0.10873402085621052,1.0160800046610883,0.06763444617506593,0.20312666881592628,0.03803670345463945,0.08800060661783392,0.10190348327159882
3194,0.1049120869310888,1.0039777845706916,0.06280414955324297,0.19725752598430707,0.03791806372704764,0.08272959806305882,0.111534982919693
3195,0.0999662148903495,0.977652202862638,0.056565624104027816,0.18814942106954355,0.03486953023823007,0.07976550855415918,0.10453728586435318
3196,0.09783964449358037,0.9229104958774845,0.04952832288400764,0.17429720474021862,0.03334957597570538,0.08736808923091252,0.09888341277837753
3197,0.10086133954378376,0.983942065246004,0.051158433726090656,0.1844132382289354,0.03227620610196348,0.08776541995586885,0.09226148575544357
3198,0.10148267155861919,0.9948967564740141,0.052820749947283634,0.18740303659395943,0.034008126278035636,0.0853425792732071,0.07877001166343689
3199,0.10102340683837228,0.9287709146992009,0.054946390861585315,0.17977846569553038,0.03613138879233037,0.08889324612864563,0.07185845077037811
3200,0.09575396395244623,0.8588990309843592,0.05438941851794293,0.1693193631560024,0.03737459068041122,0.08246619126236521,0.07447446882724762
3201,0.10231432231822932,0.97149544381658,0.05349576391280888,0.18463857532763336,0.036739329024387465,0.08765872006711248,0.07595454156398773
3202,0.10482860849253055,0.9777571710876669,0.05720669225249119,0.18871390351465914,0.03819217424468581,0.0897358553150322,0.08055838197469711
3203,0.10392596019435296,0.9447422689567246,0.059591927001698665,0.18604197585241664,0.036993535599824566,0.09064031801375957,0.08493904769420624
3204,0.10213181685023094,0.9215647573449224,0.0602448590176165,0.18329055877866024,0.03712439441702864,0.08799941229190733,0.0829235166311264
3205,0.10723644569351597,0.9987355760252906,0.06321384636369114,0.19685980774391962,0.037806776897466095,0.08956696409595638,0.1247977763414383
3206,0.10166896334419562,0.9639338528564101,0.05801911018812905,0.1874355019978835,0.0359710627741198,0.0841089050210351,0.12311145663261414
3207,0.09680971901090749,0.9336609715775173,0.05458457697739372,0.18016691906312565,0.03295650641553556,0.079743729986167,0.10782444477081299
3208,0.09733731509905176,0.9254059668825194,0.048955121066560185,0.17416238475455437,0.032469332612445466,0.08687486382626752,0.10461773723363876
3209,0.10053466232290477,0.9890143705215007,0.05147069014641283,0.18540550162856823,0.032729360352836225,0.08560231715425919,0.11748107522726059
3210,0.09955553299358934,0.9764621543378675,0.05285849388150579,0.1848018739467003,0.03346243135034215,0.08279644859745851,0.10740523040294647
3211,0.0985137104602872,0.9238064371578985,0.0530590949413838,0.17745157240088588,0.03560918887717749,0.08448453764748438,0.09447168558835983
3212,0.09393357921231252,0.8629477056314772,0.05377919258836691,0.16937469445166836,0.03534500182733852,0.07918760858972841,0.08458799868822098
3213,0.1001790277991402,0.9774524204520444,0.05297600050168368,0.18504406049459238,0.03626070551682974,0.08185065618764124,0.09401606023311615
3214,0.10165382382590313,0.9732243133372729,0.05637846348958001,0.18735644203925042,0.03823470445436846,0.08215576233931708,0.10078834742307663
3215,0.10032634788289489,0.9285019069127256,0.057940247318524436,0.1823061986891246,0.039000781944826445,0.08225384862325372,0.08044718950986862
3216,0.0990414506700513,0.8889441878672495,0.06162586201842659,0.17981419428254417,0.03978099408239259,0.08021819952332136,0.055608704686164856
3217,0.10491192214027983,0.9554761263833922,0.06388069647446326,0.19125147217573882,0.04217119837169287,0.08426294915676677,0.08262139558792114
3218,0.10002201844548554,0.9205712488609994,0.05802364857970976,0.1812447343341797,0.039561768054245786,0.08185486113521291,0.08869660645723343
3219,0.09470106465969992,0.8921873535197087,0.053903887940023744,0.17365866873712157,0.034648740735624,0.07815894452552241,0.08344238251447678
3220,0.0959872915581907,0.8891048968513842,0.048917325770088706,0.16894412163884517,0.034930977934594494,0.0855743396582647,0.09900567680597305
3221,0.09777129547989283,0.9429926919698666,0.04972948492596436,0.17733851450366464,0.03344510269261654,0.08443539752295917,0.10244159400463104
3222,0.09781281369254416,0.946808279109852,0.050673143487045526,0.1786924485760179,0.03534059757338736,0.08170632227376687,0.08730682730674744
3223,0.09641351129712387,0.8894886049484148,0.048599911258922025,0.16872686750027813,0.036408998371269936,0.08564327342948605,0.08105063438415527
3224,0.09340823020918693,0.8219824367211515,0.05219131577149332,0.16216147590715876,0.035374113955015114,0.08402899194586189,0.0787992849946022
3225,0.09950795051978645,0.9411886358449162,0.05081520743774843,0.17801141149591523,0.03550767973092805,0.08681765910592484,0.07819298654794693
3226,0.10016025554951842,0.9328549789049458,0.05501853911847241,0.18042374480225434,0.03668070849152582,0.08547430612911802,0.09321052581071854
3227,0.09941555285052299,0.9001974521541454,0.05648759854858006,0.17701757763508943,0.03665189872629161,0.08643197852272985,0.10543118417263031
3228,0.09820181624968184,0.8542438102987586,0.06050952888497171,0.17390014051551267,0.03901961993827048,0.08375020428956478,0.11131980270147324
3229,0.10239022999891575,0.9166867939999944,0.062056134695967345,0.18414622888225693,0.040106435164246154,0.08535205145632814,0.11536841094493866
3230,0.09965390186378453,0.9036511303550114,0.061247644275905254,0.18159099943006327,0.037657249257828526,0.08220601252350211,0.11970799416303635
3231,0.0953063005297572,0.88124848910721,0.05825247007193365,0.17582332993411595,0.03728091332271983,0.07562611360710102,0.09833037108182907
3232,0.09672670995857184,0.8860512802816274,0.05452638483298492,0.17331565561136245,0.03653112659261532,0.08238251795759204,0.08861872553825378
3233,0.09898844492693039,0.9344028585939308,0.0549825564650222,0.18061402819772346,0.03537205945997191,0.08323039684857515,0.10214700549840927
3234,0.09779765181810875,0.9178434609457456,0.0564495376111001,0.17950581237319232,0.03788647915546892,0.07872528741222051,0.09252249449491501
3235,0.0968225162051132,0.8865201472389156,0.05545231219198463,0.1741762886272605,0.038191931769136066,0.08043972671721429,0.09971371293067932
3236,0.09273273930979796,0.836530284614798,0.05454406624884184,0.16625638315826416,0.03603642819470255,0.07800882316809858,0.08525555580854416
3237,0.09785259027388328,0.9415531162701134,0.05405649520844611,0.18084172678868432,0.035643229562177706,0.07967028644617477,0.058089807629585266
3238,0.09971276002472304,0.9507083369701471,0.05882603959257549,0.1862377963608,0.03470301972620816,0.08088687599185618,0.051612138748168945
3239,0.09884719398380894,0.9166474558984155,0.0609382291409179,0.183182404391989,0.034527419817663316,0.0813336872720288,0.05235656723380089
3240,0.0989437916847865,0.8998619559425294,0.061393537952147366,0.18117474052220192,0.03931874180161348,0.07916363009982436,0.05561278015375137
3241,0.1045147754991382,0.9637633551555231,0.06486983804773733,0.19328319763456386,0.0404813483045517,0.08287165492590393,0.07063622027635574
3242,0.10100771416300036,0.9278707654708649,0.06405916775167853,0.1874608245687051,0.03697856899486074,0.08138674458013084,0.07253513485193253
3243,0.09482143972020061,0.8882394159711477,0.05641609672557387,0.17524799947494157,0.03452889784578626,0.07720417407491482,0.07207345962524414
3244,0.09446768560152469,0.8752672375031869,0.052930195651673895,0.17040691591617577,0.03341510987563139,0.0814418628363616,0.07827543467283249
3245,0.09602456621213505,0.916738456971214,0.05270934516144394,0.1761420754199825,0.032546005694840556,0.08146548610790119,0.079982690513134
3246,0.09568832786961017,0.9060462269206202,0.054988596367391916,0.17656825787499594,0.03407356876285584,0.07883130333330762,0.06580353528261185
3247,0.09610248662201179,0.8636267805238973,0.056897635074091533,0.17214465585263522,0.036937948759367685,0.08133455917502984,0.05973275750875473
3248,0.0913270148212321,0.8123932726419915,0.05743937634439892,0.16528993295834074,0.036805302623817295,0.07431595962400003,0.0620245598256588
3249,0.09733220314116502,0.9146784374913005,0.05794925848628129,0.18033914120128403,0.036814567765610824,0.07765406329217077,0.06639657914638519
3250,0.09917432248009807,0.9281409931247728,0.06243444525248428,0.18610680923423978,0.037872639449579575,0.07674736922192774,0.06808342039585114
3251,0.10004039190635972,0.883106645021002,0.0686839491809431,0.1850300485866658,0.03793940381297784,0.08001280689280099,0.05989633500576019
3252,0.10003585998255048,0.8606765478068986,0.06820524439651042,0.18141543059799445,0.042869198717150385,0.07884956430126211,0.05278287082910538
3253,0.10574682382162726,0.9425505750980756,0.0712914382490095,0.19575702922744753,0.04281998497361733,0.08204887808354322,0.05489302799105644
3254,0.10218518411416215,0.9246004324446512,0.07076784423425346,0.19274392826431028,0.03963556929728835,0.07767719594754716,0.0629536584019661
3255,0.09762571722441099,0.9020744258851427,0.06461902073740552,0.18425550718708225,0.038963241986332275,0.07315431684039253,0.05728117749094963
3256,0.09528093068790972,0.8824780773825672,0.057474510504526156,0.1753321629156749,0.038619926338919516,0.07481448129398166,0.07428726553916931
3257,0.09717722041294365,0.9098623024073894,0.05789322226315887,0.1796030908551918,0.038419748067234805,0.07646737207847176,0.09472489356994629
3258,0.09825676720692035,0.9005478900673358,0.05867244699558568,0.17894036743440717,0.042539732769010796,0.07641102214104031,0.08852332085371017
3259,0.0985686514728962,0.8419455221098249,0.0586197644750334,0.17052344413714643,0.046587221304733493,0.0810919592888196,0.0872245579957962
3260,0.09496502539118597,0.7971024760828741,0.057793380622458174,0.16340896568823185,0.04712710208682691,0.076934760522585,0.07802733033895493
3261,0.10070411978131394,0.9217277347900561,0.056124125053561215,0.17978178358734623,0.045854796246904896,0.07950432204364362,0.054154228419065475
3262,0.10173054656480375,0.9281211077767156,0.058828658819867936,0.1830132943851319,0.047656861881604624,0.07792261631981588,0.05805973708629608
3263,0.10207987380948308,0.8954158630978003,0.06309202003388235,0.18199542618587067,0.04704757228490495,0.08030702931414982,0.0549345463514328
3264,0.10114068319636192,0.8783521986310727,0.06488847652690839,0.18109757968464615,0.04565017931361274,0.07973258966651878,0.056254029273986816
3265,0.10661627417407078,0.9655921725377756,0.06475575353095124,0.19344667053192616,0.04659078308708027,0.08316198206206404,0.0751480683684349
3266,0.10308030389963264,0.9561644816417993,0.06278273182876959,0.19040869608777383,0.04194644241624385,0.08016008953297427,0.07322849333286285
3267,0.0968269406918815,0.9128475305858796,0.0572723643277642,0.17949738807892354,0.0419361641151819,0.07251972873283184,0.08038006722927094
3268,0.09392484496824892,0.8724781768655047,0.051013454848354144,0.16836555799366135,0.0423418601100097,0.07392433282197236,0.0840303897857666
3269,0.09699268497657677,0.8959147539539076,0.05284323080647754,0.17328201982753896,0.04297190616804566,0.07750769843944957,0.09461358934640884
3270,0.09801860376065065,0.9025714135541134,0.052242696084357505,0.17371822715146548,0.04317779677408482,0.07976713940693278,0.07845208793878555
3271,0.09602423149281152,0.8359953486144576,0.052009479588519904,0.16400746087793958,0.04468145190640397,0.08146383791893103,0.0757661759853363
3272,0.09344323785772524,0.8082880642120132,0.05358586530497109,0.16140046514883424,0.04173400567819106,0.0792262421350973,0.0783589780330658
3273,0.09786420864601322,0.9027720233569032,0.053744285987214556,0.17503396275431296,0.043342910621861415,0.07804680957238379,0.05355585739016533
3274,0.09852660327752769,0.8938723354475391,0.05740747983730326,0.17690245921019412,0.04362578084318099,0.07798594896649794,0.05807233974337578
3275,0.10064876553791575,0.8605777776965897,0.0630324248509217,0.17696747525744572,0.046154865935462364,0.08155205668547373,0.051211874932050705
3276,0.10117694470973379,0.8499141393996172,0.0650717375625176,0.17719208068210326,0.04570390910758143,0.08320260688579381,0.04608386009931564
3277,0.10526120696280108,0.9201278372205857,0.0663292132099652,0.1883004452114824,0.046460168936425884,0.08405278176828326,0.06081219017505646
3278,0.10070327461197688,0.8999404119958647,0.06507914177813681,0.1843450375235265,0.040309071599451914,0.08036165970033032,0.06018279865384102
3279,0.09768316659790885,0.8798871457995613,0.062330820768158914,0.1791245814869307,0.041500579240229554,0.07558169250798412,0.07702582329511642
3280,0.09414985953859842,0.8565102490022451,0.05423092134887356,0.1688422538707838,0.03865345041166836,0.07735337248400002,0.08276703208684921
3281,0.09775192836204023,0.9187677254716662,0.05326794322626375,0.1769107692613212,0.04007044287573281,0.07895924237568831,0.10983022302389145
3282,0.09817750823212874,0.9121845966288196,0.0546720622986116,0.17717385291721272,0.04032365525673605,0.07967782798614884,0.09539616852998734
3283,0.09813788049624952,0.8573958482490255,0.05716068492265145,0.17147999396927632,0.04300915855292168,0.08220116290776294,0.09859590232372284
3284,0.0955310626997509,0.8140726460401206,0.05890059027877709,0.1667823125303976,0.040567762629825754,0.08127910665911953,0.10000792145729065
3285,0.09883969628060187,0.8845473244439055,0.05706849439637688,0.17527975583173813,0.04085043437705862,0.082695248338958,0.06602863222360611
3286,0.09975654004087153,0.8801653096507418,0.06188693261234598,0.1787838436178311,0.039475717382064235,0.08335336923748832,0.06449610739946365
3287,0.10230303977819193,0.8680714523375794,0.06737679426742264,0.1817617454203022,0.0395257983581348,0.08770675858389543,0.06874243915081024
3288,0.1023999051690183,0.8675199523139957,0.06848792432176368,0.18263535689208252,0.03996319950047032,0.08682600237131652,0.0709005668759346
3289,0.10758448605653817,0.957957310133349,0.06880253331507195,0.19582464428911148,0.0410510574971737,0.0885910975924804,0.10248157382011414
3290,0.10315561826648462,0.9364265696031995,0.06829952953474668,0.1923176781159542,0.03534200832703257,0.0844757245952192,0.11909271776676178
3291,0.09962431742875194,0.9109427379135795,0.062433902459099216,0.1836494503811678,0.03923344975056422,0.07894433531380236,0.11584418267011642
3292,0.09542658159799929,0.862557269120797,0.05421212864000626,0.1696900058515478,0.03545539340967261,0.08292087504093024,0.10965052247047424
3293,0.09802305293223766,0.8863956387577676,0.054044060650793896,0.17295142895179014,0.03466538054574571,0.08789868725330968,0.12055683135986328
3294,0.09966563873973994,0.8991006224368185,0.055279752407249395,0.1758255909829021,0.03635797906435963,0.08841988274293086,0.11681811511516571
3295,0.09994055695107025,0.8413851608184066,0.057880945605909694,0.16981011920769498,0.04003759792197982,0.09121977912697771,0.10729464888572693
3296,0.09663469647887836,0.8084101010814442,0.05887152567609588,0.1659484650197171,0.03835858909890262,0.08697674296312322,0.106099434196949
3297,0.09917131015271095,0.8685881340264212,0.05629272696004426,0.1723349279695267,0.039417068656356025,0.0874381058723077,0.08910463005304337
3298,0.10000851730481664,0.8451004596745344,0.06029969544827211,0.17241409033773816,0.03950768483835643,0.08959186930916296,0.0922679528594017
3299,0.10089386022034748,0.8412749483170656,0.06409110658145868,0.17511736968654537,0.03681233528076896,0.0920196237595555,0.10066816210746765
3300,0.10220496136341133,0.858678580578967,0.06532458086887077,0.17866086654174168,0.03761866168907687,0.0918190565474149,0.09449683874845505
3301,0.10606779007220078,0.9261856097071866,0.06734156725149945,0.19003357331659762,0.04006900435907786,0.09034666723233616,0.07386791706085205
3302,0.10052684407355682,0.9045003280867372,0.06505158475170521,0.18497283379956692,0.03553999975273735,0.08350009184401502,0.07939910143613815
3303,0.09831714214255184,0.8808565055266181,0.06093852322025998,0.17806966354973972,0.03858673286669829,0.0807977940276343,0.07617642730474472
3304,0.09550182545874107,0.8599654312908998,0.0539480494113679,0.16909338967987247,0.036677313278532755,0.08258065492293334,0.07927842438220978
3305,0.09715056789559098,0.9066308947039392,0.05252925917553455,0.17454377853673522,0.034561142862097396,0.0841972554888967,0.10055308043956757
3306,0.0982747907725623,0.8869150243301334,0.055440244281371086,0.17422235571690856,0.03576310267271447,0.08651839853362615,0.10470554232597351
3307,0.09846873559608009,0.8427805361144763,0.05916632634584817,0.1711112134556522,0.03973934021355056,0.0862947884286678,0.10850872844457626
3308,0.09500321446107685,0.8115368090270484,0.06098513152469268,0.1682067997393149,0.035837298420869294,0.08272025387780015,0.12129148095846176
3309,0.09613552699528985,0.8661060308670105,0.05732404485942497,0.17286432857479436,0.03561145074781558,0.08195639232976346,0.10407671332359314
3310,0.09812649500062275,0.853458578525423,0.06298300751050753,0.1759080890840669,0.03774985526056018,0.08289715995016389,0.09771472215652466
3311,0.09939641297272125,0.8254941180043751,0.06570194076417875,0.17424368036992105,0.0363158573809761,0.08910054014294844,0.07156521826982498
3312,0.1006773090200729,0.8293034841821462,0.06649086628459754,0.17546409741281876,0.037721811404808424,0.09032492958977667,0.05143413320183754
3313,0.10465205142770806,0.8977615392428652,0.06710413709192747,0.18576948025634715,0.03939222350106369,0.09077665063846267,0.07418264448642731
3314,0.1007429677710276,0.8704301137482033,0.06747406181288958,0.1821820692322201,0.03677618318137356,0.08545469050843144,0.10496785491704941
3315,0.09771812647353685,0.8507404871524835,0.06315848957418041,0.17567020351393797,0.03880508267014425,0.08105897239115435,0.11075389385223389
3316,0.0959432116284166,0.8251708824841666,0.05422975371538256,0.16436420068235172,0.03904432390177364,0.08586137296703596,0.10818284004926682
3317,0.09915715759910593,0.8541180090131373,0.05530464521932457,0.16942084004701208,0.03867982438742264,0.09059410201741092,0.11691147834062576
3318,0.10073866998077746,0.8414315769423333,0.05695267449450205,0.16902108912990652,0.041378888131139914,0.0929313623437224,0.116505466401577
3319,0.10180113921830217,0.799840817985033,0.06289301814858227,0.16817127526807527,0.045440571344856684,0.09304276706401556,0.1129402443766594
3320,0.09926968134005452,0.7901196315926737,0.06462186179343919,0.168264400336187,0.04313133394707667,0.08802035618729429,0.1146954596042633
3321,0.10199293758989168,0.8423689987932099,0.0628939586976178,0.17424753585413097,0.0465098639219868,0.0873178535680991,0.08526958525180817
3322,0.10427477276149721,0.8396534536912661,0.06628774025592715,0.17676855646097558,0.0490541142095509,0.08916078825740667,0.09622826427221298
3323,0.1061425716357454,0.8406112617128088,0.0682756479199222,0.1786093070331917,0.05010920494530542,0.09176337401711487,0.08532856404781342
3324,0.10872458402116915,0.8828607668944269,0.07056568205363227,0.18660783703088862,0.049784014657526625,0.09214973583085179,0.08116449415683746
3325,0.11241902092311715,0.9390687439491227,0.0717492720634635,0.1956520537614148,0.05060598778508789,0.09367652118538229,0.09473928064107895
3326,0.10724996626754466,0.9295346113199066,0.07177502755410035,0.1943121109492155,0.04327567327173448,0.08704809604241653,0.09385308623313904
3327,0.10369096185134552,0.8539286362386899,0.0690650653419809,0.18118843261293932,0.04595570452852047,0.08639902509242287,0.10247750580310822
3328,0.09991880983680743,0.836367510265481,0.05879194271947872,0.1698741666546219,0.04470898089059978,0.08701647294915144,0.1083168089389801
3329,0.1019548179971829,0.8737334535316615,0.0569623034550511,0.1736438963231383,0.04351999572702236,0.09035734394836237,0.1462724655866623
3330,0.09979483832135014,0.833930028717601,0.05767173296295693,0.1685657752136204,0.044064223457822065,0.08838455654620075,0.14785176515579224
3331,0.10207930159003249,0.7814041655065336,0.06134104693665143,0.16420720673234887,0.05020406914981764,0.09310821297569365,0.1750914454460144
3332,0.09893616528919685,0.7913173111932953,0.060655448888839204,0.16503571493233293,0.044188003605428246,0.08900370082475031,0.13864955306053162
3333,0.10152095987219298,0.8270928808914356,0.061666109191046224,0.17101279086253043,0.04391365508474575,0.09112199944466408,0.09266733378171921
3334,0.10423125952122665,0.8474496752916596,0.06501253625127558,0.1767892703999019,0.046795594599867325,0.09099920680857526,0.08649399131536484
3335,0.10551590908822876,0.8342323917093692,0.0649051850921674,0.17480907175176766,0.04737185758768332,0.09576043682060942,0.07945238798856735
3336,0.10734095557765298,0.8663469203345784,0.06816713832070358,0.18219282146554283,0.0469751383798201,0.09466566297385309,0.08060075342655182
3337,0.11155778195050976,0.9161835006726933,0.07079271027235444,0.19156282318668857,0.04968773416246199,0.09568966268339514,0.11281254142522812
3338,0.10663213698579047,0.8917392581744147,0.06972352288311719,0.1871543422104454,0.04345520843380824,0.09145501989720187,0.13154108822345734
3339,0.10199334985528577,0.8304422035608596,0.06359097563741252,0.17314115105504785,0.044869982003774296,0.08972197067556649,0.14462733268737793
3340,0.09801275101897994,0.7926338798104104,0.054539104558519354,0.15998121530878953,0.04452923281603961,0.09058842319296936,0.15522120893001556
3341,0.10046069022275873,0.8377362377625983,0.054175486697280596,0.16611273684946884,0.04373841202958347,0.09264714284341576,0.15789355337619781
3342,0.09888513710227805,0.8033018365530858,0.055726317691113726,0.16252282038568117,0.04327547949876054,0.09186061463237816,0.165452241897583
3343,0.10227218048906202,0.7695569398085903,0.06358992281493415,0.16444235381402786,0.04896202331553807,0.09451966635655032,0.17646855115890503
3344,0.10048385179511121,0.7896292943074716,0.06456169285553805,0.16814277877724287,0.04375370789590961,0.09092116659754743,0.16439026594161987
3345,0.10265392174749734,0.8283182456654407,0.06637763087820558,0.1752262901335249,0.04156537984549314,0.09260557357397695,0.12574157118797302
3346,0.10265759970502643,0.8149217816452092,0.06978101479881922,0.17622969577687495,0.041453565103311996,0.09183554591865907,0.13156366348266602
3347,0.10641173710188855,0.8489229998980394,0.07084209479261795,0.18199650980767815,0.040378277907902306,0.09805433777906063,0.10394739359617233
3348,0.10879444991800437,0.8912428916590553,0.0724285286736125,0.18940200910010432,0.04134890882603313,0.0972776840891417,0.10084100067615509
3349,0.11203391728009615,0.925231626047036,0.07542766670277673,0.19682823232338517,0.04250088561765495,0.09868029432185435,0.11482524871826172
3350,0.10752729729498543,0.8996664000620427,0.07583311278233958,0.19352358239372575,0.040448000367115586,0.09097493264547377,0.10509570688009262
3351,0.10524312977208904,0.8354331764212171,0.0724658221077119,0.18146115843821264,0.04328440800089325,0.09276623623902719,0.11743198335170746
3352,0.10158471317014484,0.8076874637438483,0.06428372080028076,0.17048425550650467,0.04215451676160945,0.09329903548329839,0.15269143879413605
3353,0.10323889856988683,0.8485279232820302,0.061054132703308374,0.17355038850026863,0.04078024623705939,0.0963676656720267,0.21616457402706146
3354,0.10153667157578461,0.8186960943880947,0.061422415686215426,0.1696043697864839,0.04102851381361323,0.09492207368332267,0.22045060992240906
3355,0.10117490485320042,0.7539092766238074,0.06538351725704712,0.16374434002372715,0.044388110793798084,0.09611509388096658,0.23023414611816406
3356,0.10052129044945955,0.7876522906312793,0.065797394605468,0.16891952260915533,0.04125168955678747,0.09253373809081386,0.2212270200252533
3357,0.10410343852294894,0.8048451528918596,0.06545655990502108,0.17108350176028372,0.04326341325990894,0.09873090529544098,0.13289864361286163
3358,0.10523127689296695,0.8233765966322845,0.06866180951490392,0.17647820767452968,0.042744475419766746,0.0975661637481497,0.1079707145690918
3359,0.10823437737171963,0.8337428397933295,0.06982215111299696,0.17895367806733017,0.04255913588670963,0.10382082556244418,0.09605859965085983
3360,0.10877077124771241,0.8559790926897914,0.07183019063757677,0.1838514623593217,0.043171872732167535,0.10047420272615606,0.09467814862728119
3361,0.1128814066937633,0.9131712082613409,0.07364655591036266,0.19357864910335953,0.0456065253483609,0.10113684076259366,0.1306760162115097
3362,0.10534067791943034,0.8771884358168185,0.07154695536724777,0.18663859543147218,0.04016780027766424,0.0912312680329391,0.1526382714509964
3363,0.10261243048186945,0.8068775487413982,0.06800866284734719,0.17356136083221158,0.04115645996332148,0.09430609062904957,0.16852892935276031
3364,0.10101355838472906,0.7717930671076481,0.06212267978691797,0.16350416368987938,0.04092186702933385,0.09891450867869328,0.1729026734828949
3365,0.10383108218471593,0.822932315791895,0.06080877062661233,0.16968356279308128,0.0408941002442973,0.10128002085026253,0.20797647535800934
3366,0.09894616310329357,0.7679443557755317,0.06045240570938328,0.16152268429026156,0.040605583900796625,0.09523971386688133,0.22131043672561646
3367,0.10420516981389681,0.7665635538241802,0.0695000574380419,0.16908055692177593,0.04445387829835434,0.0997215861706022,0.239888995885849
3368,0.10228114616804886,0.796405135541317,0.07107731313325671,0.17469557347726533,0.04085305304388225,0.09266810375613027,0.20159368216991425
3369,0.10525965231349473,0.8137397301391442,0.0740060314125439,0.17968227408777254,0.04224131338426924,0.09528090482407395,0.1415599137544632
3370,0.10422088453787244,0.8017976662445406,0.07499335491191862,0.17882254224515035,0.04254975193879153,0.09290667506820009,0.13870371878147125
3371,0.10914074197926524,0.8498636236438184,0.07704185534954554,0.18744496510587022,0.042750180199827716,0.09871628830049375,0.12154942750930786
3372,0.11084873787380416,0.8901644240488266,0.07655051826915218,0.1927810762376771,0.04171105157599621,0.09965341731599725,0.11867015063762665
3373,0.11357819230293704,0.9323106362833502,0.07847136452085213,0.20044840334406613,0.04437233545743117,0.09812188238176675,0.1304313987493515
3374,0.10919223950956226,0.9095579551383894,0.07881389311755035,0.1974916162633845,0.038468993363179695,0.09381312522805259,0.12460461258888245
3375,0.10501851987419371,0.8258324776824051,0.07558165361262749,0.18276034276545286,0.039971518988140296,0.09391055061963871,0.1454109102487564
3376,0.10663993891595634,0.8043801442463123,0.07182249120430968,0.17647358449602435,0.042915397663632775,0.1012944726291799,0.17912657558918
3377,0.10778577554025577,0.8569216417483144,0.07148339254117475,0.18368885671362328,0.03896828113694455,0.10158588711645657,0.2536294758319855
3378,0.10271089467642777,0.7803971053810299,0.07073124805832381,0.1721120848187104,0.03971886397802029,0.09710288016303695,0.27073806524276733
3379,0.10681487790118975,0.7628552493168004,0.07211973289060598,0.1707962352372052,0.04762363219297155,0.10262353022686718,0.2837270498275757
3380,0.10570930072259377,0.8257950876834588,0.06814963626617337,0.176384700754357,0.04398529541604274,0.09787683033803307,0.21852903068065643
3381,0.10564946009359208,0.7887024425227317,0.06932018836559699,0.17208908181661625,0.04201973391239649,0.10319080149449207,0.12174549698829651
3382,0.10574558327761316,0.8003994406579519,0.0689951413013435,0.17348146978085902,0.04386363543637817,0.10062338694835371,0.10013730078935623
3383,0.10942951504230619,0.8396235796788705,0.07115133589134894,0.18093308500385202,0.045354561591789126,0.10292947559515603,0.09109988808631897
3384,0.10972374846534662,0.868643569511059,0.07059387820619306,0.18460097696403105,0.04399146215968016,0.10172192404645586,0.09913264960050583
3385,0.11448206925002663,0.9055689158299323,0.07469610124596959,0.1933922176151071,0.048142579050541666,0.10348274335513055,0.12895651161670685
3386,0.10827241379498803,0.8726661637736676,0.07134389657811992,0.18581850617748388,0.04315129235298364,0.09740056422205803,0.15057244896888733
3387,0.10475281196627474,0.7951435075420497,0.07047057226222231,0.17399527730219763,0.04459408498524716,0.0968045409057413,0.19333194196224213
3388,0.10468241584244348,0.7726739301502697,0.0677289361187262,0.16843536383751814,0.04320025794592782,0.10269547450620434,0.21414248645305634
3389,0.10553211695830823,0.8065381657359896,0.06456560123565948,0.17056168187856377,0.04332689278020215,0.10306081880892749,0.24611857533454895
3390,0.10163845186529046,0.741742530537377,0.06658798880876649,0.1630386376271394,0.044430340430515115,0.097970386829101,0.2561357319355011
3391,0.10733184866177072,0.7577959431714845,0.07042669975823612,0.16862230596012875,0.05026617931438494,0.10363515920467004,0.2648945450782776
3392,0.10653750884294294,0.8064387303048197,0.07150202950759217,0.176492986764339,0.04601857002144422,0.09828053713053277,0.23198607563972473
3393,0.10818863724058264,0.7992601400331565,0.07472474239457165,0.1782297992000838,0.04578061628106412,0.10150963886559786,0.1555464118719101
3394,0.10761723444658305,0.7768113252278599,0.0757035129709576,0.1758617718648008,0.048261720648004,0.09983933877939918,0.14170216023921967
3395,0.11172822865155138,0.8414275634794584,0.07701413917332438,0.18621605693134352,0.048321080796570555,0.10203263327984144,0.13549181818962097
3396,0.11116517927164966,0.8624990914206615,0.07708637394180032,0.18928819072449476,0.04794941627043938,0.09812133687646918,0.14273490011692047
3397,0.11552880394053028,0.9034389395128122,0.07828513814620398,0.19616425262714804,0.049030638514096045,0.10315868108786971,0.18142680823802948
3398,0.1119407852905512,0.8892667811204584,0.07710318212125072,0.19312655340685184,0.045720022816774224,0.09884640535334294,0.16763180494308472
3399,0.10762395913756383,0.8111757219650333,0.07609823673215622,0.18110930605113865,0.04636585769213557,0.09692511935293556,0.14776471257209778
3400,0.10852294148400517,0.7952387552169997,0.07306190742131748,0.1762300285349864,0.046191170337269306,0.1038195400677905,0.16374561190605164
3401,0.1089462657665908,0.8334077514738595,0.07140678670389093,0.180264067385315,0.045911704970442516,0.1016984300468369,0.209894597530365
3402,0.10260443226072127,0.7475631537416798,0.07016007607382908,0.1669319443120935,0.046325200968629764,0.09556218659635063,0.23039527237415314
3403,0.10775014438770425,0.7507760843090041,0.0722542770371316,0.16918596379025624,0.051716643354613755,0.10302311581442541,0.22915609180927277
3404,0.10677803691829216,0.8233677060682927,0.07102126333930046,0.17849932658629933,0.04530449280181418,0.0978112595607041,0.1772836595773697
3405,0.10661558383753166,0.7756342265270522,0.0723954740895517,0.17285815300919463,0.04329001313247841,0.10406321017924813,0.09979076683521271
3406,0.10676143807661392,0.7761560399180032,0.07057439934355715,0.171371776568478,0.045381558572419815,0.10393478646240267,0.07867039740085602
3407,0.10970669883357483,0.8290095170801914,0.07184359738942564,0.1800101573452493,0.045090124693127474,0.1047306750087511,0.07232114672660828
3408,0.10931243660180501,0.8565017618225945,0.07448685276764282,0.18620326834692164,0.0434366856351785,0.09967424092062616,0.08823484927415848
3409,0.11327978858881989,0.8721476069324506,0.07423515659851539,0.18822264950336326,0.04669202221266005,0.10596908086773434,0.1364118754863739
3410,0.10860826499906867,0.8632676092713203,0.0727496698799009,0.18568080407867507,0.04216000860622323,0.09931201764815278,0.1607963740825653
3411,0.10420889250576039,0.7725685960741482,0.07037065200212685,0.1706846440124156,0.041513153829635344,0.10090138127904652,0.17662441730499268
3412,0.10514953089085516,0.7572501645956458,0.0698552055529816,0.1680544854162193,0.04084225591371017,0.10637656128616332,0.19376306235790253
3413,0.10553605157449532,0.7792971028822597,0.06808821426412498,0.16968948406671563,0.04131571095632923,0.10559459618469791,0.23743616044521332
3414,0.10057849705523392,0.7188708730614481,0.07124272180417283,0.16376102912664073,0.04139311132859775,0.09708099400355964,0.23885323107242584
3415,0.10796341770077465,0.7775252106782503,0.0710191336632283,0.17194857323680288,0.04612519432930443,0.10608485205678636,0.251399964094162
3416,0.10632624949534542,0.8189504013294671,0.06905164320992717,0.1761800372270043,0.041717587257243484,0.10173676468848306,0.1954594850540161
3417,0.1095478355938131,0.7981385591141192,0.07280910927457136,0.1764276021087925,0.04250504832157177,0.10969047875641734,0.10787664353847504
3418,0.10896429826787153,0.7852799809750011,0.07290149613011825,0.17466985110795868,0.041899972249405795,0.11015322479895284,0.09326427429914474
3419,0.11142236809099713,0.847214004238837,0.07384822811214717,0.18432905327310284,0.04078255118537999,0.10943885834906959,0.09748193621635437
3420,0.10945316657041607,0.8647321525548164,0.07392903720970306,0.18690091083043353,0.040500440822871284,0.10202002537200247,0.09803470969200134
3421,0.11576453736694546,0.9320169076149787,0.07436125906248163,0.19688349456998117,0.0442138798889198,0.10739227510756162,0.10493278503417969
3422,0.1104068530370138,0.9069641703263176,0.07129136340428226,0.19067319296457302,0.03788411723262464,0.10363119942923997,0.09990403056144714
3423,0.10940117985287885,0.8124462300376196,0.07258934224581721,0.1782831833589318,0.0394805153326672,0.11031000824026771,0.14279736578464508
3424,0.10998674643284262,0.8062655119501048,0.06839551597619574,0.1738055154010399,0.040600183848516234,0.11485856584695564,0.10863867402076721
3425,0.10813709177831989,0.8214956207008041,0.06826541920920343,0.1758697337080035,0.03761509785674477,0.11057777477122493,0.16025294363498688
3426,0.1024442535638287,0.7661267361986724,0.0680499252754442,0.1677751839787625,0.03913695297281995,0.10067357746789429,0.14515919983386993
3427,0.10747710535997677,0.8101139842158258,0.06840627330015969,0.17436451771668343,0.04226391790037092,0.10601215857501356,0.16896291077136993
3428,0.10446455513873681,0.8419324673025328,0.06829491549038674,0.17881456574926474,0.037910320902434125,0.09764325081128973,0.16011393070220947
3429,0.1079267720519641,0.7990289058246388,0.07199433135299747,0.1758564134203748,0.03788924899361323,0.10977116853066177,0.1323823481798172
3430,0.10891588124859668,0.7721290235995613,0.07478313321689828,0.17440397470013583,0.04060736944470394,0.11138374730690603,0.11393874138593674
3431,0.11243656492191322,0.8291594326427092,0.07818215604124833,0.1854646241271713,0.04088090216738778,0.11114821802752213,0.07400249689817429
3432,0.1107499620154757,0.8476123305366716,0.0788156891940331,0.18864378081441005,0.04031613453525409,0.10422246961160203,0.07598122954368591
3433,0.11632660342896624,0.8786756720106029,0.0789085328519462,0.19316098130318288,0.045421853798844676,0.11113817871538309,0.1218051016330719
3434,0.11044670178045882,0.8675968883834702,0.0766153656753898,0.18961272606225843,0.03749444331772182,0.10500965668877904,0.15384581685066223
3435,0.10727337719818428,0.7795501095948741,0.07461965814421077,0.1753240083514484,0.03976804938373997,0.10679623677671696,0.16791580617427826
3436,0.11075499983801791,0.7885728799457483,0.0719717512496101,0.1743433410633441,0.0417661691806376,0.11548042809106528,0.18142452836036682
3437,0.10873823050272806,0.7855867638774778,0.06904966639889751,0.17141210889583755,0.04067016507771392,0.11345814415564462,0.20846989750862122
3438,0.10351403452273301,0.7315475944123954,0.07010327424094796,0.16459531997972615,0.042097374812531355,0.10380748699429049,0.22317859530448914
3439,0.11062155356040165,0.798958023472262,0.07008108623793187,0.1742063629856933,0.04761716731571713,0.11011368327737045,0.23082637786865234
3440,0.10702796962203034,0.8087460933288382,0.06867199446544925,0.17439686573164767,0.04199167676031658,0.10498694178011471,0.1873624324798584
3441,0.10866454148347363,0.7847408813461463,0.07112760496666153,0.17307235873515933,0.04156268703997453,0.11102182402631033,0.11795418709516525
3442,0.10878128153473349,0.7734239080911015,0.07010008305583595,0.170574915203731,0.04122166388616506,0.11382651751685799,0.10707533359527588
3443,0.11304492014031751,0.8431329033166273,0.07235357199209379,0.1824649050384557,0.042141774237580094,0.11434268601934192,0.11648830026388168
3444,0.11027168528071814,0.8775899196769401,0.07181750258081754,0.18692784788026362,0.04073506667121094,0.10404208428943464,0.12063600867986679
3445,0.11374546815556394,0.9288538791379484,0.06953991559270127,0.1922990532420223,0.04168654842073551,0.10806263597288777,0.1356542408466339
3446,0.11290951738537727,0.9263587337380383,0.07143922816103679,0.19357058610060845,0.0407225147455675,0.10549470956938355,0.14793448150157928
3447,0.10831938616861712,0.8213689744727805,0.07129116789577485,0.1784451402639185,0.03930211715126665,0.1073494617254101,0.1363353133201599
3448,0.10927971145000742,0.7895057710005686,0.07109699747892996,0.1737268222677355,0.03968318959151118,0.11378544611067953,0.12536662817001343
3449,0.10844367930077631,0.799841868872552,0.06955782609529175,0.17388411792061467,0.04028465593317903,0.11082244095506535,0.1340613216161728
3450,0.10271425001462237,0.7442265223030413,0.06920315398662975,0.1656350637461171,0.04042596207215226,0.10216078994922576,0.13063515722751617
3451,0.10810655887268186,0.813311663042814,0.06885906536003743,0.17520943645757692,0.04328278917173365,0.10611233947422843,0.14726075530052185
3452,0.10494608350620759,0.8268296051789203,0.068872585404794,0.17715215965824063,0.04146052940702486,0.09731562670996356,0.14530208706855774
3453,0.10603564379054765,0.7810423006465612,0.07258877982314484,0.17379642565506145,0.04009226902935521,0.1044454125751415,0.12379176169633865
3454,0.10644075531233034,0.7488181310441018,0.07106444356505123,0.1678863989192013,0.04028339309966576,0.11056350909239973,0.12464132905006409
3455,0.11140391812635973,0.8193396309574761,0.07345366717935665,0.18000880486194518,0.04086602431085977,0.11309529932128497,0.08747614175081253
3456,0.10779849996175309,0.8407539812176573,0.07168795638535336,0.1815545313613968,0.03976547673899562,0.10279086780697763,0.06892561167478561
3457,0.1122458629946573,0.8824525443589898,0.07236168944943837,0.18808895443651713,0.042521678814229684,0.10689181914090409,0.09553378075361252
3458,0.10982120229434016,0.8692997808247952,0.07174745178102225,0.18568349878727552,0.041353176704339877,0.10335121525427196,0.11240670084953308
3459,0.10757195376221862,0.7957518659307987,0.07273854643343146,0.1760261635044839,0.04177420914476164,0.10524754677801137,0.12244313210248947
3460,0.10907192554582856,0.7958432422991994,0.0700250611877298,0.1737133727750826,0.04116379779331309,0.11193027100368227,0.13071735203266144
3461,0.1060520441752374,0.7817737263242426,0.06557974210909476,0.16789316842554447,0.038285903505508846,0.1112364335422312,0.16088064014911652
3462,0.10089674798081714,0.7325932688156287,0.06637811874926357,0.16155171161588713,0.039550052678587674,0.10150201318958166,0.16983160376548767
3463,0.10649810890354859,0.8244332194626263,0.0674150500530975,0.1755605028258873,0.0415947585334159,0.10285894579536826,0.16708515584468842
3464,0.10319453145732836,0.8259124222697061,0.06752215071054181,0.17586361807613674,0.03930464542156047,0.09551273094716797,0.12199754267930984
3465,0.10492583740948497,0.7828014743998504,0.06856850209664454,0.17060178385424538,0.04034407691871299,0.1039684246997451,0.07585036009550095
3466,0.1066254204436551,0.7672731649361433,0.06788591712713198,0.16779838109984785,0.042424954744475094,0.10927448735626893,0.06919001787900925
3467,0.11020599108051693,0.8328809119678666,0.06846428436404557,0.17766665973602006,0.0420021625981386,0.11085625592903281,0.05920204892754555
3468,0.10684493169961305,0.859835065275983,0.06707118212984797,0.1803231654364387,0.041877903898225384,0.09939762650610483,0.07795589417219162
3469,0.11154166777693084,0.9150040658660963,0.06757762837102384,0.188638548013177,0.0434246340990533,0.10368430203835827,0.11331438273191452
3470,0.11092723635970997,0.9116464179201407,0.0695958877107769,0.18988882059782888,0.04086635849511728,0.10313911828287453,0.1247931569814682
3471,0.10636646906469847,0.8076199525593759,0.06851789311126867,0.1741039016038554,0.0423114940015331,0.10314431877320585,0.11769703775644302
3472,0.10787253291343629,0.7833706558446287,0.06623883963055617,0.16868624194685222,0.04334282081916958,0.1111240355916807,0.1298220008611679
3473,0.10473990012898686,0.7933067851770143,0.0641101685555057,0.16828111378714977,0.04055397884224477,0.10530401930399359,0.1282508671283722
3474,0.09984238951573783,0.7446919434313171,0.06315032106531297,0.16051340997474212,0.04165911721712967,0.09766560987539122,0.12644347548484802
3475,0.10407613135077823,0.8094989747991608,0.06410067942262425,0.1705861501907009,0.04193600250317474,0.10025247760749896,0.1331382542848587
3476,0.10217627321556065,0.8175044947851937,0.06601186846966452,0.17336795794331156,0.04051500222549541,0.09383716119508567,0.11538983881473541
3477,0.1040956650765399,0.7715570853300124,0.06832965488864289,0.1687907163802671,0.04122588676570171,0.10249855120776205,0.06169784814119339
3478,0.10444525255912106,0.7539892509622841,0.06489125563808863,0.16333382639868793,0.041914371797298185,0.10763227111609502,0.05025948956608772
3479,0.109658338997057,0.8293493244073893,0.06739134898990543,0.17624248833526027,0.042486915216488404,0.11017220413412673,0.041893359273672104
3480,0.10512548121704923,0.8354664444777689,0.06570691134580345,0.1756725589360842,0.042061564183628365,0.09857771561713691,0.0621459037065506
3481,0.11140557501076395,0.88914491129459,0.06779733707361774,0.1851327048194709,0.04405585845430377,0.10582533841504804,0.09738916903734207
3482,0.10957423072919446,0.8726398922819073,0.06904311258989883,0.18384265254590001,0.042902585686632924,0.10292705105181843,0.11549372971057892
3483,0.10510646873674835,0.7827441417128921,0.06681101608862157,0.16908717689208877,0.04325349106049344,0.1032447045675485,0.11234833300113678
3484,0.10726091775200713,0.7677984660013168,0.06663768595080961,0.16680351167231064,0.044006261009030156,0.11050897272184639,0.11012731492519379
3485,0.10463481200164125,0.7571427482791173,0.06427994322254425,0.16326034394491185,0.042615477661018863,0.10760438909932407,0.1236976832151413
3486,0.10232841138725254,0.7511211023159686,0.0648584537338004,0.16289597495982447,0.044733168769748845,0.09972763055156787,0.1335398405790329
3487,0.1091842547968766,0.8262905427115823,0.06733448001536924,0.17575677468625686,0.04680487510274389,0.10551525712603495,0.14666292071342468
3488,0.1063492340382389,0.8180635364792992,0.06706455042059906,0.17435011985755625,0.04776921912621734,0.0981059719943551,0.12965279817581177
3489,0.1076110194135805,0.7591616347082867,0.06512012561745707,0.16426891263043272,0.04694966637969657,0.11111404675348319,0.08217877894639969
3490,0.10953553304241832,0.763246251507752,0.06491183125245463,0.16467389128892568,0.04719290920953816,0.11583926543049451,0.06412820518016815
3491,0.1148345470491582,0.844508418466333,0.06766769668236054,0.17864494265149947,0.04573812382163673,0.1194598212211909,0.0636545941233635
3492,0.11134834215101003,0.8789841225751793,0.06787702058374186,0.1837494637253758,0.04483115332224209,0.10619990099861196,0.08321371674537659
3493,0.11779610256665732,0.9338709388321252,0.07024779893657004,0.1936225332073636,0.048722070295311296,0.11188775399346709,0.0981355533003807
3494,0.11417140923305563,0.9284706842066577,0.0686304572688149,0.19146477540279244,0.04592832963962482,0.10625240847878785,0.12254151701927185
3495,0.11045106634859758,0.8380000609896464,0.06620618524916845,0.17646245321209383,0.04678197637027671,0.10840155657406908,0.08970581740140915
3496,0.10975604755348128,0.7900235062235443,0.06437594138601871,0.16803987921995095,0.043590875425992145,0.11665222045687329,0.1061846911907196
3497,0.1064357958161501,0.7903968159653079,0.06007204658147217,0.1644041564934487,0.04105040876424416,0.11292569389393156,0.11662040650844574
3498,0.10213663119409717,0.7507645554469943,0.061366119230618604,0.15985161011867227,0.04275460883785893,0.10359529419680244,0.10706502199172974
3499,0.10654851486129946,0.8261195033799504,0.06439088661376051,0.17320926043750193,0.04368772039207304,0.10322355764269542,0.13600477576255798
3500,0.10294821540796639,0.8199939338615805,0.06582520791954226,0.17356359733983345,0.04397313810921177,0.09276294885399303,0.09945474565029144
3501,0.1028580893081983,0.7600104971292353,0.06190074141087088,0.16163070651349437,0.044163960123320814,0.10278941229033209,0.06235871464014053
3502,0.1066299843357566,0.7648745271353411,0.062214396163867834,0.1625944148740783,0.0462430259880723,0.11049969616894888,0.04591061919927597
3503,0.11250137573954384,0.8327549188618197,0.06799079606002882,0.1772428136031418,0.04554878495575369,0.11443613454471198,0.03931507095694542
3504,0.10946714508418663,0.8690270162494809,0.0659667489705352,0.18068964429609885,0.04729608431233369,0.1015471364491347,0.05642198026180267
3505,0.11577984251667531,0.9219300957422798,0.06980392736329474,0.19153623713172116,0.0496375951765041,0.10736746365116001,0.07740906625986099
3506,0.11224015246622741,0.896502524739075,0.06850858998070991,0.18679343780333355,0.047967156362576736,0.10324489938695389,0.08690940588712692
3507,0.10946010648115459,0.8126074955389726,0.06700720982352054,0.17352153635429943,0.04891769156930233,0.1063809683900236,0.09407021105289459
3508,0.1105043607701902,0.7917338435489654,0.06449226362305222,0.1683839178981827,0.048033647869974445,0.11452162207088556,0.09949912875890732
3509,0.1078269655584061,0.7792079107294616,0.060095020028733646,0.16282543298598054,0.04590793040702278,0.11388246231673887,0.12373588234186172
3510,0.10492941404022077,0.7634176406275146,0.060057724467152386,0.16053771249006127,0.04762781867842282,0.10641104883818348,0.13348042964935303
3511,0.11020923824108947,0.84063726353624,0.06573833090349618,0.17643817842245957,0.04745662718769615,0.10716745025410976,0.1501854807138443
3512,0.10732236513657716,0.839750061854131,0.06634078686162197,0.17682782614626613,0.04432022985908286,0.10163195512090678,0.12425103038549423
3513,0.10675900704180763,0.7733633575610351,0.06507941380885424,0.16626283434488004,0.045080891296842486,0.10866150942846373,0.07494864612817764
3514,0.11007218800273436,0.7590348103268955,0.06665127353126145,0.16556320735920918,0.046409183243265414,0.11722267523035423,0.06192941963672638
3515,0.11656236178427055,0.846409269642581,0.07061204848676957,0.1814402229375998,0.047736915815646486,0.12001649849765351,0.06243618577718735
3516,0.11346579545371771,0.9008740508084584,0.07039380087861401,0.18903383658287748,0.04682557789663317,0.10565394982815188,0.07165168225765228
3517,0.11801700312810595,0.9651459704555782,0.07172992883770547,0.19936079192597297,0.04757114055839092,0.10848131767847298,0.07972487807273865
3518,0.11460167360591043,0.9641614947787671,0.06992569806722328,0.19767366902601527,0.04432827493265742,0.1034029014524151,0.08320412784814835
3519,0.11126051067129251,0.8479021748644083,0.06978257376251329,0.1809425167770697,0.04503374625641354,0.10823717419175657,0.09845764189958572
3520,0.11084701746700974,0.7931144418830383,0.06757024212297091,0.17121941351726624,0.04513587351992504,0.11551842187673439,0.09272417426109314
3521,0.10888497377578105,0.7994072136736814,0.06125874820642524,0.16670852898746186,0.04598923772417872,0.11332313201071238,0.10242068022489548
3522,0.10502194513952258,0.7755833452026567,0.06264063432724042,0.16448959302372845,0.046165295374576525,0.10448732178517017,0.08986584842205048
3523,0.10893139963212112,0.8430373625138865,0.06680949583933718,0.1776991910785585,0.04675326737640436,0.10316544784024054,0.11631100624799728
3524,0.10415651608880855,0.8436628055564005,0.06404786233021452,0.1754214256482411,0.046297869459029424,0.0924260360253618,0.09206120669841766
3525,0.10219532698494099,0.7537504748848146,0.06354691673559625,0.1621474250426274,0.04417256821387239,0.10050715510915037,0.06493453681468964
3526,0.10689806018519388,0.7655282132017737,0.06632049676806133,0.16620731340144881,0.04286006597616692,0.11103570855386935,0.05632662773132324
3527,0.11346384896517338,0.8403584107535963,0.06773437823226126,0.1781092400210234,0.04523291360805375,0.11660120022878426,0.04443937540054321
3528,0.10912333677589019,0.880111662207717,0.0656666519366907,0.18201593911826588,0.04288646888385312,0.1032995691318439,0.05089873448014259
3529,0.11635990232072846,0.9436971832424983,0.0707519928318777,0.19545844860482348,0.047751982231076205,0.10718060440059102,0.07740192115306854
3530,0.11143248410637127,0.9104310749520811,0.06823960600394995,0.18855267299654013,0.04457487630182096,0.10245272565645504,0.10011282563209534
3531,0.10911925875118386,0.8214328643194091,0.06826976787766031,0.1758644959407673,0.04456211064209167,0.10720468080575399,0.10913801193237305
3532,0.10921102835211186,0.7909026712269945,0.0673112050728551,0.17068141452344646,0.042198516416209704,0.1140603883961085,0.10139261186122894
3533,0.10627266388738453,0.7727774755374118,0.05955999290180201,0.16144820470688911,0.044800202592124735,0.1117824693036703,0.12132380157709122
3534,0.10728042188815684,0.7969370436771126,0.0644499121707466,0.1690909309573703,0.04575867496636921,0.10702775500915922,0.11682676523923874
3535,0.11215836035561079,0.8563734083992913,0.06741050691730126,0.18011949284329984,0.0509249249152555,0.10627162543919375,0.13061930239200592
3536,0.10736625130418266,0.8473905194371993,0.06350616886632586,0.17548964751930776,0.04809654753728028,0.09961927041198779,0.11178205162286758
3537,0.10661652854947222,0.7647612345561705,0.06536863997458843,0.16528186777195727,0.047631052414495834,0.1068966483479021,0.06848835200071335
3538,0.11174656292234228,0.7751324556445804,0.06486377123746782,0.16633072615276961,0.04902251238538465,0.11886896431555623,0.05717936158180237
3539,0.11821358165961876,0.8525150800342345,0.06763747021567432,0.1797628430468972,0.04996195420703063,0.12407815196676475,0.06985055655241013
3540,0.11415931883148875,0.9132143059612199,0.06466160974384816,0.185883423489187,0.04784515555668247,0.10942562012145829,0.07426407188177109
3541,0.12034542142173149,0.9879020487265618,0.06945363717348728,0.2006605531096408,0.05215442898216993,0.10973679957942725,0.08860401809215546
3542,0.11582166625899294,0.9804364793408945,0.06687592197064925,0.19738457302354143,0.04638522539901787,0.10521100859249122,0.0828780084848404
3543,0.11127930844308676,0.8372520965975581,0.06681271888245476,0.17687548712746953,0.04867836683803661,0.10865847599867073,0.10995153337717056
3544,0.11133823459771604,0.7939912610649387,0.06655988029314429,0.17047864897482917,0.046004346589962976,0.11675752402452601,0.11956608295440674
3545,0.11037223174556167,0.8022875172398589,0.0633668706484641,0.16892696301866333,0.04502414019851645,0.11631642198526224,0.1380690038204193
3546,0.10942937625651596,0.7932393287769668,0.06607185175390995,0.1699529199000609,0.045929969127734595,0.11203325680609784,0.11266874521970749
3547,0.10928918069947419,0.8406210445552549,0.06609524544800323,0.1767417881776106,0.047057057091879524,0.10472125731275012,0.1268235445022583
3548,0.10067649766483716,0.8069061525408836,0.0594091759930279,0.16619445835700727,0.0454055982853248,0.09171031901626167,0.08883998543024063
3549,0.10024797002582227,0.7383672795914262,0.06317913083916352,0.15963458066091532,0.0457169168024746,0.09599935729054507,0.044306691735982895
3550,0.10720827051276113,0.7688437848596534,0.06201645267567087,0.16299178584481125,0.04604844145466937,0.1119125450230476,0.04224763065576553
3551,0.11394530000065352,0.852242574401429,0.06464660341623933,0.17716031355698073,0.0469929832895849,0.11721544026105223,0.05259888619184494
3552,0.11182019305396103,0.892308136306432,0.06317671059452389,0.18162405712479646,0.04619332377128441,0.10816532261432205,0.06080001965165138
3553,0.11733538609253454,0.9659670643310908,0.06641997018694654,0.1949266979218243,0.049931610581902076,0.10842129181370938,0.07682351768016815
3554,0.11173003727292752,0.921362778715974,0.06518903423451063,0.18749956916043398,0.04721709515014181,0.10188052122879684,0.09964238852262497
3555,0.11115466342357197,0.8490371936823744,0.0651728733523222,0.17715349054232968,0.04986222723917699,0.10703657135600461,0.10786183923482895
3556,0.11199989006641385,0.8182241851015063,0.06665406377981589,0.1740212239686288,0.04797990845561921,0.11374870681142106,0.10125085711479187
3557,0.10912168779763229,0.8126612484238948,0.06267332205589136,0.16981445439417756,0.04586169833360826,0.11136800780667619,0.12234240770339966
3558,0.10845997299294236,0.7972159344548859,0.06529079072140977,0.16985152554047778,0.04726795069164189,0.10828538402748672,0.11810752749443054
3559,0.10906523555512093,0.8476262916296405,0.06485916971120477,0.1766830442709813,0.04605867147393043,0.10503039649978477,0.12492795288562775
3560,0.10237353842165514,0.8230449511601152,0.058748581214727,0.16793377692121103,0.04536770324140734,0.09488843551726053,0.09621899574995041
3561,0.1027067938529926,0.746585553434914,0.06337810788989162,0.16097917153918054,0.0454322830747097,0.10183366030857569,0.0626850351691246
3562,0.10705184058502759,0.7701294537799678,0.06067169584511461,0.1620228041215222,0.04351581450120951,0.11454627031393565,0.045499105006456375
3563,0.11501267538929766,0.8533855241369048,0.06368303346181314,0.17649767498682628,0.0451844901928122,0.12231296278838488,0.04829439893364906
3564,0.11163805429059748,0.9033779626038239,0.06222587098472545,0.18239045550173952,0.04483226222472915,0.10818477128848299,0.06442463397979736
3565,0.11596990942058544,0.9824259785828912,0.06452830184871053,0.19565654138216493,0.045864153662712966,0.10758664274234175,0.0924086645245552
3566,0.11049185707988544,0.9322202268797245,0.06265554351396095,0.18687906970907003,0.043649527483184465,0.10214008442646232,0.0912044569849968
3567,0.11021980261006767,0.851086339606729,0.06198071681524923,0.17471009149974634,0.04638331894604975,0.10964772303761454,0.10321703553199768
3568,0.10981675944801518,0.8209273644048161,0.06227929020576489,0.17065758651991508,0.044056442172759995,0.11412131337595108,0.09304115176200867
3569,0.10769472585613213,0.8283475457635903,0.06002783984629865,0.1697877978344832,0.04288170929013106,0.11007467737032586,0.10395495593547821
3570,0.10559038824932204,0.7793101269219933,0.062450577511867666,0.1648590845704571,0.04416291662230711,0.10747931664196696,0.07166363298892975
3571,0.10503672836688117,0.8342892280251286,0.061498474894123266,0.1718971539128383,0.04214093187540535,0.10156767794421004,0.10443171858787537
3572,0.09919139637061257,0.8001275532930625,0.05772089176434764,0.16377898626844978,0.04312821135562018,0.09173254209812334,0.05389519780874252
3573,0.10003497615867074,0.7397338995862894,0.06038553551258283,0.15743530180882662,0.041932212954508295,0.10064960901842647,0.06221121922135353
3574,0.1051026521652187,0.747341761261826,0.05937381340000567,0.15765494880883718,0.042165412055048104,0.11418947769845184,0.05148550495505333
3575,0.11327873366948235,0.8528244213734376,0.0625249822488489,0.17542490212379014,0.04408636988444962,0.11944415458386662,0.059556007385253906
3576,0.11157205834882787,0.900007953273128,0.06321579971992884,0.18275753594181446,0.0431474898548655,0.10915626288718172,0.058039575815200806
3577,0.11550857884807235,0.9772070164654437,0.06563599734456359,0.1958604286475465,0.04364622748926226,0.10808026771249132,0.06690451502799988
3578,0.1104899397409163,0.9269323800160749,0.06295509818499702,0.1863804241608653,0.043043355954048304,0.1031015266869704,0.0947287306189537
3579,0.10856198993918512,0.8404848377361597,0.06062421038197316,0.17203287143257123,0.045735600868334725,0.10799805906946636,0.10742384940385818
3580,0.11037217082213045,0.8190881610446983,0.06259022609977864,0.1706613596633386,0.04432508537789486,0.11541033034977953,0.1141694039106369
3581,0.10889970218161381,0.8058089926406014,0.06281411857274229,0.1689562434395793,0.04442653417275937,0.11276425058864162,0.129379004240036
3582,0.10914373116604485,0.8134638982305722,0.06530944106554082,0.17218864923197388,0.044608542448192616,0.11044771798647765,0.12224797904491425
3583,0.10895003490589525,0.8553014673309188,0.06261713313317463,0.17585775230428094,0.045692223612153415,0.1057563670643319,0.13225680589675903
3584,0.10298500603632504,0.8243690897312079,0.058014798138917474,0.16749398265210183,0.04526348114873768,0.09704598577415928,0.09787654876708984
3585,0.10193538260035197,0.7437609097164095,0.05862692397683448,0.15650320765391662,0.045093515383047504,0.10392516949362432,0.062060244381427765
3586,0.10811742637944464,0.7682276171604585,0.05914272729680148,0.16044056870589538,0.04625483315282164,0.11646444591709536,0.05802306905388832
3587,0.11616169134331583,0.8653843850528162,0.05718959812411408,0.1726459962567858,0.04906249730874451,0.12544971932427948,0.06034276261925697
3588,0.11229211905957515,0.9276875026400193,0.05774773187898031,0.18202484198770016,0.04554790604789448,0.10967717288268639,0.05961109325289726
3589,0.11492786640712467,1.000297223002436,0.0603074233179294,0.19459168041571603,0.046746744013765315,0.10488051124379665,0.07851220667362213
3590,0.11096419928447704,0.9724437877246038,0.0585445640624975,0.18910159601422696,0.044735117825750334,0.10054442342233177,0.08453328162431717
3591,0.10901754941991217,0.853845215466192,0.056157749779264486,0.17011310202025412,0.04784932797434711,0.1090811346594824,0.10751175135374069
3592,0.10840234362149385,0.8264328240935934,0.057142735620937433,0.16704131968845973,0.043891984796787305,0.11353980353451698,0.13144022226333618
3593,0.10669384943688566,0.8338126805005355,0.05494644720078686,0.1662130519578938,0.042960661915878266,0.11038108631188505,0.13184522092342377
3594,0.10578819430179034,0.8169577033267583,0.05837286798732278,0.16674213017867073,0.04474714835837674,0.10586441561000695,0.11895305663347244
3595,0.103968588523911,0.8368320686517929,0.0563951238695821,0.16788611598132652,0.04480904771645787,0.09980535020519392,0.11583024263381958
3596,0.09904209076475522,0.8117001548659372,0.05668932560776202,0.16454801550178705,0.04516876346482546,0.0888635680072909,0.08222346007823944
3597,0.09978962100435332,0.7260505528160732,0.05678303976938209,0.152392684490338,0.045283309655872385,0.10145496288403759,0.05923382565379143
3598,0.10801006024593876,0.7788765426368921,0.05799694292358317,0.1609797428826273,0.044298474541561085,0.11740922543016676,0.06153252720832825
3599,0.11432326167187155,0.8622755663501416,0.0574407118824562,0.17241711966355414,0.0448293796550508,0.12429828269386749,0.07831751555204391
3600,0.1107313797299033,0.8838137255160745,0.06123815475272443,0.1787489505760602,0.04580083016098776,0.10803023611231713,0.07250465452671051
3601,0.11650787171321837,0.9760214353857093,0.06543916517007725,0.19552234662945328,0.048106752296262156,0.10722118565134958,0.07537481188774109
3602,0.11068527572755725,0.9170421047802042,0.06168331683038125,0.18387742939464166,0.0453054741685026,0.10384946763303124,0.10096997767686844
3603,0.10839959838992795,0.8311177104378804,0.05766417267264806,0.1681575352105384,0.04789651484220775,0.10905160177614895,0.10927804559469223
3604,0.1094398374266322,0.8112889896187663,0.05856611760594482,0.1660979564649193,0.04565818581461213,0.11567292842864856,0.11366451531648636
3605,0.10749324620179648,0.7850501275945476,0.057347648448073406,0.16130514546899827,0.04532968118289284,0.11480095373453562,0.12015528976917267
3606,0.10908540577038472,0.8033241420767825,0.06057565310722026,0.16668258010287199,0.04940297577304146,0.11091000447713373,0.13251790404319763
3607,0.10899397300537589,0.844076825734369,0.05943027419154436,0.17152263869766213,0.0489779153285334,0.1067954409918626,0.1829090118408203
3608,0.10707326745785144,0.8422984118947666,0.05911467621439851,0.1709980670258797,0.04941575271670061,0.10158939323433369,0.16412438452243805
3609,0.10702398563799567,0.7518091375461459,0.05963881643913277,0.15852029088299177,0.051742027294253354,0.11033643209939864,0.09174637496471405
3610,0.11352405684143677,0.7750248015934689,0.059963257153586885,0.16211490635928433,0.05036562693973523,0.12627068967730903,0.06949304789304733
3611,0.11974978457782685,0.873975376320607,0.05950157464901487,0.17585497488781374,0.050843217400423725,0.13095098933681604,0.0729084461927414
3612,0.11441367431213,0.9226324893278692,0.056878125350866914,0.18055732020472437,0.05001646704102566,0.11288554051832622,0.07252573221921921
3613,0.11948994557132978,1.0258208916933995,0.06076627377970421,0.19863121919594642,0.052377061098640536,0.10896510506339332,0.08761953562498093
3614,0.1143180388715357,0.9635598686278573,0.0585401120214778,0.187828648679532,0.04954959533554572,0.10666864338353016,0.0877843126654625
3615,0.11309384934772936,0.8670040157889147,0.05542878665895199,0.17136810510608955,0.05095888497831604,0.1164719693824008,0.09986764937639236
3616,0.11360555315984676,0.8397031683623732,0.058878974730580035,0.1704252881065505,0.04714826667527066,0.12203841075548506,0.14129240810871124
3617,0.1099174173144125,0.8237185678430617,0.05587600328515629,0.16556779822199993,0.04689486860566964,0.1163680641404235,0.1575203835964203
3618,0.10864234773664858,0.8327497222098506,0.056003766860322095,0.16696747476739757,0.04925822843582721,0.1095689659729619,0.14867031574249268
3619,0.10752202472467326,0.8634510851191084,0.05569863594073846,0.1710918429662199,0.04856618227994462,0.10348479590245749,0.15748180449008942
3620,0.10406320900625862,0.8517461412621588,0.05715380176165739,0.17066699311887185,0.05050798163796867,0.09264572185497577,0.11541429162025452
3621,0.10129283203803148,0.7241927640456178,0.057036661621259366,0.15234467625331055,0.04814939510326444,0.10312297566758344,0.0672672837972641
3622,0.11201596223655118,0.7863355699499222,0.059283868829261094,0.16314839756078411,0.04837333579595858,0.12296237946336593,0.06670588999986649
3623,0.1190100219630979,0.874313055071926,0.058525954385757896,0.1750669687694962,0.05024611133537378,0.130128615306758,0.08124177157878876
3624,0.11215923072220618,0.9075381039200723,0.0575857763811581,0.17900753745814582,0.04754471673385039,0.11020466206807032,0.06624201685190201
3625,0.1195669907859625,0.9942596019042755,0.06318413942101081,0.19619491977576292,0.04990765503868339,0.11346947169875637,0.08007688820362091
3626,0.11405364017125032,0.934168289632745,0.060694190431557465,0.1854762046031557,0.04940001716428972,0.10813081642442365,0.10852929949760437
3627,0.11209483002453581,0.839283602075692,0.056724036973761806,0.16851826055975186,0.04969444847630739,0.11732466216092169,0.11582965403795242
3628,0.11320264304734193,0.8274118363732677,0.05936187283618127,0.1690832961986222,0.045806898027845606,0.123278348432031,0.13686880469322205
3629,0.10963580891039366,0.7931467906019891,0.056486416664087324,0.16172361294093043,0.04676984145063138,0.11906670191096597,0.1414104402065277
3630,0.10968336365314674,0.8206863672555504,0.05860546381247886,0.16747416430434622,0.04668179720649478,0.11424278372416767,0.16858819127082825
3631,0.11074680680788179,0.8692547556993167,0.05816914992141888,0.17403852217540425,0.045117574146514974,0.11279213443999556,0.24023093283176422
3632,0.10886220255914517,0.8716780481882972,0.0563771575369546,0.17284871334428925,0.04538231627178224,0.10841890612358668,0.22462891042232513
3633,0.10636228990367291,0.7594468165317974,0.057978299885941824,0.1581880879782069,0.042578716232619655,0.11682534355062724,0.12518826127052307
3634,0.11446501258698487,0.7753402018155966,0.059801889379704466,0.16202164829911767,0.04138260389991249,0.136800063940057,0.10974258929491043
3635,0.11998504242528804,0.8708082032489167,0.05723594113958571,0.1734605500123473,0.043589986159140275,0.1400396475194905,0.0953473150730133
3636,0.114517656398231,0.9272915767626151,0.05728211160694213,0.18156917805775258,0.04412332375280207,0.11744261601089995,0.08426393568515778
3637,0.11940365275570096,1.0323036138819155,0.06110100205399741,0.19984423231512857,0.04440111136918607,0.11464536935440228,0.10943073779344559
3638,0.11537195516283415,0.9797243359973686,0.0590432426329097,0.19056911311354668,0.042308340986894226,0.11350510435990814,0.09173903614282608
3639,0.11466435354678772,0.8756076356951858,0.05572005607273913,0.17284685316166007,0.04553903442595416,0.1242393206145038,0.1010260134935379
3640,0.1159399957024402,0.8648845546594194,0.05852603178843659,0.1737201064842913,0.04332606931802906,0.1289195843546802,0.14185863733291626
3641,0.11148721614656708,0.8448783331275515,0.05627837769914565,0.1689355141889179,0.041516295722237986,0.12244451073079805,0.12467902153730392
3642,0.11010013719936786,0.8537527934809833,0.0570026298409114,0.1708240817894931,0.041548120323054674,0.1169497004497823,0.1477712094783783
3643,0.10702055017098142,0.8813473774085417,0.056559991948147155,0.17438676129963213,0.04016795118517218,0.10657113954599513,0.16743825376033783
3644,0.10222728451540436,0.8524072705952581,0.054153385895142646,0.16818965513801626,0.04152646712905382,0.0976234254336756,0.1416923850774765
3645,0.10104396986095665,0.7358467344602329,0.05479359607400492,0.15208690155775179,0.039994816502659236,0.10979941381477118,0.11064335703849792
3646,0.11002717431875614,0.7615356967194654,0.05836062224993375,0.15881420431700968,0.04033169596187754,0.12832206663255305,0.07938393950462341
3647,0.11722571526688377,0.868269824227933,0.05497744408808084,0.17116206982234541,0.04309959961054468,0.13489175623015148,0.09466196596622467
3648,0.11321879042434381,0.9153396248782681,0.05648893014061418,0.17918188653170758,0.0430058272373917,0.11693742411898361,0.08125685900449753
3649,0.11978284466152637,1.0077614759161242,0.06312039235612853,0.19806911857898507,0.04469247458000856,0.11698642880507815,0.10002365708351135
3650,0.1139905800619129,0.9436635278436996,0.06013268049193887,0.18635137297076182,0.04198955726511162,0.1136757812138712,0.12271077185869217
3651,0.11260261199663817,0.8409393786932011,0.056425975993454024,0.168499319236275,0.04385756805698804,0.12384490660914976,0.14776311814785004
3652,0.11503386159433208,0.8424366762058435,0.05856360576839548,0.17054547297374523,0.04319416384724199,0.12932093716604942,0.15793409943580627
3653,0.11012085305469822,0.8047367431697303,0.056059075607255086,0.16301302811618013,0.04281015744422234,0.12273705853506797,0.17068511247634888
3654,0.11119739769959497,0.8241903245916751,0.05770444523097013,0.16720242799678514,0.04577741227173503,0.11943548343893101,0.18388859927654266
3655,0.1113438714550754,0.8641620204164722,0.059187625132419604,0.17418396731585567,0.04645272360623039,0.11313854194463199,0.22162242233753204
3656,0.10581553950320628,0.8374058786056736,0.0516900908965069,0.16393520342638787,0.04622322327724334,0.10710411026813996,0.1753600537776947
3657,0.10351432093299485,0.7248373079308557,0.05257062967204366,0.14860872656615962,0.04496339682836583,0.11528877459552606,0.11026094108819962
3658,0.11290457568669057,0.7729020385020999,0.05384508823144483,0.15656750969868125,0.04528683412179908,0.13386503229547875,0.11255694925785065
3659,0.11737398704810684,0.862762952097994,0.052184872628886575,0.16798174112447337,0.0464887467519265,0.13511678749044392,0.10748236626386642
3660,0.11359821570909184,0.9281148831549436,0.05527977204926659,0.17997050220722047,0.044417177530826746,0.11605587342921127,0.09609026461839676
3661,0.11743161890000309,1.0301685725868808,0.055869843270878385,0.1950553760303073,0.04472516982577109,0.11312897435093987,0.10265645384788513
3662,0.113338283573473,0.9708860128885697,0.05465587831379796,0.18554589753876535,0.04370669486079726,0.1110842614774335,0.10953213274478912
3663,0.11135349129730593,0.8584779713052714,0.05188025705169702,0.1671085019450648,0.046075767175308036,0.11968586558726504,0.12482061982154846
3664,0.1123267678500266,0.8355679106570871,0.05336787186867098,0.16511073455273045,0.042081793682497495,0.1276051493817487,0.15277020633220673
3665,0.1097475969099048,0.808419882787584,0.05330531612420177,0.1611788256475421,0.04310339143225945,0.12305895155741184,0.190797358751297
3666,0.10981638757835598,0.8479431526320282,0.05297505253733701,0.16654192397943576,0.043496247131641734,0.1182116661182861,0.1635715365409851
3667,0.10718953367043599,0.8499340992688476,0.05707636806096475,0.17034175823351946,0.042630997841962164,0.10842005602765256,0.20398785173892975
3668,0.10074136108944165,0.8310754468205743,0.05008264825533797,0.16165304805037176,0.043951579696577,0.09713469371738437,0.11356260627508163
3669,0.09840586419552642,0.7017487803862762,0.05087786253473626,0.14385942222781337,0.04171375344661504,0.10823959782257278,0.07658033072948456
3670,0.11074172220512345,0.7659084397425742,0.05261411182180598,0.15451330152477288,0.042019405596237194,0.13257361733320566,0.0838889628648758
3671,0.11600871270257179,0.8667229583059748,0.05116239175737836,0.16767104412146355,0.04467244151152226,0.1332234100032098,0.07819683849811554
3672,0.11385840827603454,0.9286919545936083,0.05560543127650406,0.1803320774646618,0.04504413413197428,0.1159064376120384,0.08325494825839996
3673,0.11762667950118134,1.0032732776279607,0.058032341878252784,0.19306676127106817,0.04542487404070049,0.11479318773045105,0.0983157828450203
3674,0.112533575313835,0.922332090227169,0.05615502672952655,0.1798946072291898,0.0437205946118548,0.11380403050213221,0.13224773108959198
3675,0.10938765663619156,0.8060949566163463,0.05369955943424771,0.16118461617454752,0.04557782346953655,0.11989892106095326,0.15049275755882263
3676,0.11035258353089254,0.8013329686814328,0.05298443398272503,0.15989136751111183,0.04389980551501756,0.12515232831209128,0.17843741178512573
3677,0.10749984134892344,0.7824656853973825,0.053639156907509915,0.15775723240606315,0.04321282570528695,0.11977576286210816,0.1857406347990036
3678,0.10936215901322387,0.834872296997716,0.054829470243202984,0.166264159779562,0.043217169595445894,0.1174497740832337,0.21673248708248138
3679,0.11036688346981303,0.8766973556605346,0.05990305176059376,0.1765879523177282,0.04095521312471856,0.1131586597798449,0.2799946069717407
3680,0.10892986372974606,0.861797534262896,0.05369025905647004,0.1691341555145309,0.04452205744344615,0.11260793891857179,0.24217671155929565
3681,0.10614753937154253,0.7487856883089263,0.05208196505359156,0.15161106837578228,0.045177638181661935,0.11971561503397832,0.13746343553066254
3682,0.11353538940711232,0.7520495988819147,0.051005658725776025,0.15115479303379584,0.04472960452179648,0.14082347300841558,0.11571764200925827
3683,0.11834844866570103,0.8541307085605765,0.04764199953396262,0.1628546722520503,0.046135638816877815,0.14259171164536577,0.11736220866441727
3684,0.11382387447514115,0.9002745664352716,0.050807434542830134,0.1721598819560361,0.046408592605147306,0.1217682395656027,0.1195264533162117
3685,0.11734394270300616,1.0068578913299853,0.053451679088587424,0.18965256655164425,0.04400658933769178,0.11824408103009787,0.13808059692382812
3686,0.11371822422364307,0.9706325100845468,0.05089441195602621,0.1822855688315292,0.04199245213189901,0.11648184827201881,0.15305112302303314
3687,0.11206494718185347,0.8691316888274356,0.04803316355990767,0.16533295288384028,0.04496086851603476,0.1241715110252064,0.08833763003349304
3688,0.11222321665028483,0.8496282019309462,0.05009846722255657,0.1643170007523265,0.04344985785841409,0.12681784450388522,0.10253799706697464
3689,0.11014041858405697,0.8224101250028516,0.048485650869505514,0.15904629003141207,0.04058512465061485,0.12820866325938315,0.16669419407844543
3690,0.11155019513972052,0.865186979745902,0.04983503469981138,0.16631388399211008,0.04355870683028782,0.12312451966463331,0.1682690978050232
3691,0.10828794037923312,0.8588430835535568,0.05272942924189777,0.1678885227149919,0.04081098894943764,0.11517976333651524,0.2344065010547638
3692,0.10294952569793918,0.8436440584720324,0.0493038280668891,0.16278100383905242,0.041446432017030264,0.10441218929526033,0.20287387073040009
3693,0.10065327554669627,0.7190606971857001,0.04684679269149047,0.14287735047637756,0.04076908237726735,0.11610587900647545,0.1583058089017868
3694,0.11225931511411186,0.776800488345138,0.04886103524333515,0.15285238568644985,0.04108017624349248,0.13902212487510807,0.16834953427314758
3695,0.11519458484760317,0.8771930702387896,0.04608515479115177,0.1648148569979572,0.04208974795477627,0.13574357899726697,0.09856301546096802
3696,0.1130708391021598,0.916891708871463,0.050496362717948294,0.17426712645416467,0.04328798358781432,0.12058408624420783,0.10745910555124283
3697,0.11667724043838329,1.0010176538662814,0.0538305060428651,0.18914295573192458,0.04190112557112428,0.11869884006538631,0.1263255923986435
3698,0.11232236527943483,0.9579781114466168,0.051162989178188824,0.18070800664510708,0.04093774273852049,0.11494647380777165,0.17402371764183044
3699,0.11008310227997198,0.8261442988351017,0.04793515764562428,0.1591078921012639,0.04425214690276064,0.12478849714140147,0.1884138435125351
3700,0.11345155943637832,0.8235363512998719,0.052152828075398026,0.16235047425032287,0.044570724004924525,0.13093573997669894,0.20142260193824768
3701,0.10842665694993697,0.7985804969181457,0.049448663274641626,0.15646749665228504,0.04250836427520409,0.12406942830077362,0.2166883945465088
3702,0.11129303866884822,0.8527399395458337,0.0497004717167386,0.1644203956923236,0.04617530753663794,0.12178461601399124,0.24751409888267517
3703,0.11310817760830433,0.918149994682439,0.05366902668370325,0.1771663078263798,0.04287665931233443,0.11850989217646202,0.31580784916877747
3704,0.10769912639499252,0.863096372338396,0.051463208623392244,0.16741080343982132,0.042049089073254185,0.11289519163728831,0.2938876748085022
3705,0.1056439853393794,0.7494642721238984,0.05034168787764317,0.15021634276996534,0.04084675235884581,0.12334075144558357,0.17145933210849762
3706,0.11561388041029157,0.7928229230225038,0.050059441342080575,0.1561685101535696,0.040823353773432935,0.14557029019217457,0.14374172687530518
3707,0.11690194213352743,0.8545584676818034,0.04843303410750297,0.16359381033240306,0.04102094507627772,0.14244242988460482,0.13264553248882294
3708,0.11234962621674806,0.9343117194428578,0.04828494223655965,0.1748601961231737,0.04178423473745939,0.11939759509300328,0.10953883826732635
3709,0.11547449472146248,1.0217705623136135,0.049370337312575306,0.18828465516986648,0.0414310825278701,0.1165535899985023,0.1036272943019867
3710,0.11189468933820707,0.9712522026103704,0.049928557599492385,0.18154622117247493,0.041371760728804725,0.11265716151644967,0.13487087190151215
3711,0.11070650484393255,0.8332257508236949,0.04777889739288491,0.15998559074014349,0.044150176760129,0.12582409175807607,0.16989730298519135
3712,0.11381795111615758,0.8402263129937088,0.05063088708490868,0.16343023364330866,0.0426007931310611,0.13272221714185983,0.18761347234249115
3713,0.10994663583959165,0.8137956662422845,0.050427346140439616,0.15947996329784603,0.04108697864160849,0.12685717436185434,0.2255948930978775
3714,0.11049449321716392,0.8581362059936358,0.049518819650643586,0.16503558912821387,0.041780350781188004,0.12289590892647415,0.22192902863025665
3715,0.1074068393408321,0.8570639822589967,0.05121315864378243,0.16633470487452737,0.04021792218390201,0.11463525951116259,0.25722581148147583
3716,0.10094329241815955,0.8149678637617443,0.05119456189859294,0.16030503359332887,0.03810230125026813,0.10398763616179144,0.18410317599773407
3717,0.09925239077461466,0.6929809928458589,0.05025868565123786,0.14207615810761226,0.038306900128027684,0.11510889867400537,0.101859912276268
3718,0.111223346045804,0.7707159756584048,0.04826896897286387,0.1514756842136554,0.03808541040777379,0.13999824383221046,0.09546644240617752
3719,0.11618092579821053,0.8715916501504746,0.04784838314593557,0.16552599271801258,0.03919313763071963,0.14036830688993823,0.09913317859172821
3720,0.11340718727649052,0.9157991378226045,0.05036299953499875,0.17399673357608528,0.042625044339194104,0.12232570933447948,0.10434677451848984
3721,0.11567622694438341,0.9928233851549049,0.0510592293075112,0.18559696585713886,0.040432226260350604,0.12033408099425111,0.13306845724582672
3722,0.11291303975865356,0.936184167551473,0.05190706533132881,0.17823236564849226,0.041668892614663944,0.1180972583560356,0.17778520286083221
3723,0.11030167910013798,0.8208142566550731,0.04794186526818469,0.15835220689488305,0.0431995899124186,0.12697179531899047,0.1877772957086563
3724,0.1128983071333221,0.8215284595969135,0.04936389867285712,0.159673121662008,0.04219706082084685,0.13383393494413784,0.20787706971168518
3725,0.1082352924214041,0.7877373340917997,0.048760630775021074,0.1543287312488466,0.041067101725842346,0.12667570030600844,0.21421943604946136
3726,0.11015788707626252,0.8400361683298019,0.049712675248126614,0.16261603140265166,0.042904573126822325,0.12310366049643218,0.2462710440158844
3727,0.11121327839830021,0.9175127100100717,0.050409553737794634,0.17428143320526276,0.03954698993191192,0.11873664535029775,0.3200846016407013
3728,0.10825069391025353,0.8904037171979863,0.04894091008475412,0.16914988252950156,0.03844443961829489,0.11604437637387538,0.32578742504119873
3729,0.10517558965580011,0.7553138068608327,0.04943449646382666,0.15027439794911324,0.040094578709351535,0.12266001697729362,0.21096830070018768
3730,0.1135460870436407,0.7825243266375355,0.049836773143242884,0.15450642364242756,0.039732879764964646,0.14229234888854378,0.18114176392555237
3731,0.11598549641649193,0.8410322115309874,0.05019897999202531,0.16317515592616275,0.040128469227074214,0.14106944313627048,0.15324001014232635
3732,0.1127912391680652,0.9154151531749458,0.05119568819266888,0.1746556117615656,0.042406790994919175,0.12024630530025514,0.1435156911611557
3733,0.11531137093449711,1.0131933133466149,0.05038842876987004,0.18793198370940503,0.04057071204446675,0.11716641128522925,0.1398753970861435
3734,0.11431560432762512,0.9741578608155376,0.05419272914972375,0.18561631938769715,0.04112031117858309,0.11597336015547387,0.16626128554344177
3735,0.11342003879807033,0.8715995174029085,0.050981672915177766,0.1682127935562822,0.04249949409182457,0.12753185500260006,0.17863403260707855
3736,0.11370490944259498,0.8613059129593563,0.04939108396178334,0.16537891667572233,0.04166376692535175,0.13152615281619637,0.21102145314216614
3737,0.10981829867060376,0.8000437935657482,0.05145533824013851,0.15839654614379703,0.042574976299724634,0.12615023920607887,0.24323050677776337
3738,0.10904989402027922,0.8141211144475764,0.049352487355686904,0.15860514836881398,0.04364168470536206,0.12292122961586381,0.3050960600376129
3739,0.11086511775608265,0.9115563634060284,0.04887431546203095,0.1721146080254592,0.040995283078847596,0.11840791911295886,0.35555580258369446
3740,0.10757283351517916,0.882814499323903,0.05227355391724856,0.1709222604039135,0.037603798477486246,0.11336499064551789,0.2597450911998749
3741,0.10369718816115943,0.7297647676419217,0.052259981363521175,0.14904637940329266,0.03608671122455058,0.12317581314382561,0.1495617777109146
3742,0.11463542201757951,0.8066416561179744,0.04938258188681322,0.15756244963412197,0.03801523803033815,0.14411693384194108,0.14395010471343994
3743,0.11833130516850403,0.8745268150946401,0.051591434435875404,0.16915363167284178,0.03765733177110738,0.14445149619993053,0.1149798259139061
3744,0.11207722721128045,0.9070297543925835,0.050317146421030544,0.17270466184553812,0.042045288993812546,0.12030616784658944,0.10890086740255356
3745,0.11553739129191438,1.004590182060414,0.052658807328921975,0.18864900371913512,0.038455179636699914,0.11901166561640886,0.13514870405197144
3746,0.11404578972986762,0.950273119781386,0.05468291183532501,0.18262437011333374,0.04065869114015576,0.11825324316033264,0.17204096913337708
3747,0.11132366168894979,0.8492459545744071,0.05005830624237081,0.1642279702898046,0.03933806288986024,0.1280197906124052,0.17516666650772095
3748,0.11288268745932749,0.8441838209297571,0.05028386016958963,0.163698140278185,0.040097337864695035,0.13210634713813063,0.19954904913902283
3749,0.10846019220060626,0.8070433685951469,0.05132905564920515,0.15928824321291116,0.038316605618210306,0.12536128582443593,0.2075970619916916
3750,0.11011870183555116,0.8800263817343228,0.048702469453681195,0.16746302835091573,0.04128982863671463,0.12016768018358914,0.2623000741004944
3751,0.11220696536037854,0.9597044660476761,0.04748301217007156,0.17780036272401506,0.04099945151710589,0.1171193172800601,0.31539857387542725
3752,0.10980994334823722,0.918047346215812,0.05061820903470072,0.1745366572034309,0.040128498068269125,0.11414533334491488,0.3152260482311249
3753,0.10477757454623432,0.7589052762429627,0.04742689795018825,0.14906666627772744,0.03968037616229519,0.12298466786712456,0.19849759340286255
3754,0.11480353193709095,0.8057269947765111,0.046446251054105075,0.1549149287287345,0.03946678477424914,0.14562571351188947,0.18654364347457886
3755,0.11799436634099796,0.8560840524957195,0.04993138463359827,0.16509605147104417,0.03894074847687158,0.14595230748331808,0.16484326124191284
3756,0.1131098470284056,0.91662790992182,0.04966060270715187,0.1735130751663902,0.043539836944760345,0.12113078123085869,0.1305791288614273
3757,0.11500999653600753,1.0180648249085773,0.04818513160979896,0.18673937350962438,0.040017037705614676,0.11786563066068649,0.1330481320619583
3758,0.1131368934522574,0.9809213927582823,0.05188247727443043,0.1846023223435521,0.040101908931860795,0.11451025462772155,0.1664648950099945
3759,0.1105671406713225,0.8691385547093593,0.0475001119973707,0.16487703238479764,0.04006361415527922,0.12473657112356965,0.12903054058551788
3760,0.11490058346664833,0.862410726905783,0.047993971243443456,0.16433922205234913,0.04198271487696224,0.13544490972013543,0.2314244955778122
3761,0.11081097772201347,0.8301425638718753,0.04971345560653023,0.16120332821586528,0.039641442268326076,0.12899101456186962,0.18197870254516602
3762,0.11068393256446277,0.8667784810225828,0.046428116156598705,0.16362102542316784,0.04449737981758726,0.12227720996661184,0.21557626128196716
3763,0.1098450286524884,0.9127621368722412,0.04650349121018521,0.17025472630476463,0.04106394248536016,0.11716999360298389,0.27874457836151123
3764,0.10199513610053179,0.8177554680022012,0.05011772509147538,0.15978025979300764,0.0398031224023407,0.10585116485553261,0.13350026309490204
3765,0.10022154695410052,0.7100679924714612,0.0462317380173412,0.14106548865364407,0.038643160426095786,0.11836418617900402,0.13318638503551483
3766,0.11014920989537567,0.763232345672126,0.04698960131282478,0.14930999336415351,0.03953477223504691,0.13767115731298274,0.08770772814750671
3767,0.11713104213899066,0.876103774010303,0.05153069792595599,0.16932685165229128,0.03791819061332615,0.14077095389980904,0.09148211777210236
3768,0.1121508117440178,0.9079965550241889,0.048521471070392785,0.1713036259209351,0.0434853805055604,0.12047435167286535,0.09299013018608093
3769,0.11590445539656778,0.996443783019682,0.050634387640422725,0.1857500155517455,0.04011243075802329,0.12110761181951368,0.1380409151315689
3770,0.11345073147201895,0.9475702520320571,0.05291105110655422,0.18071950838162604,0.040526014314689614,0.11839967918877584,0.17649202048778534
3771,0.1117704142725025,0.8540451227406718,0.04926829165352076,0.16423641038025658,0.03960795377261469,0.12900482061561955,0.18297211825847626
3772,0.11455750874139027,0.8484814005175872,0.048039298914510475,0.16238817057209287,0.04173101900167852,0.1364288581617733,0.179298534989357
3773,0.11108025810243341,0.8165516810003227,0.05034551850116135,0.15980354171532726,0.04028380376861047,0.1303942824832464,0.19062137603759766
3774,0.1125198566095662,0.8873220998318989,0.04686357279349041,0.16692907665612022,0.044330632148262224,0.12457736047247248,0.24993331730365753
3775,0.11376569345797762,0.967568433923739,0.04784991857571188,0.1792382779111443,0.04158536266476971,0.1196349715055137,0.33561694622039795
3776,0.11073659395856121,0.9306793085713183,0.049640028257127856,0.17550278258772647,0.03996775021012398,0.11598891718792421,0.3508607745170593
3777,0.10512452777940356,0.7812935117348851,0.0452572755637993,0.15040530930252585,0.03838297075253722,0.12390270634517964,0.23991934955120087
3778,0.11566774408497281,0.820531039128383,0.045035108897527994,0.15582024178765014,0.03949953292092714,0.1471814933636701,0.20497731864452362
3779,0.11811407670760624,0.846642561409388,0.0474409781845715,0.16161263293097386,0.04031525067016818,0.14812681279491785,0.18265575170516968
3780,0.11352922650769477,0.9135498068736791,0.04648897682361164,0.170354809687907,0.04339131493950327,0.12517751384717668,0.14831013977527618
3781,0.11632013311300038,1.0177337504955553,0.048968478098089775,0.1873635170120134,0.04022898242788352,0.12073692905084125,0.14420470595359802
3782,0.1144010408562295,0.988758944240185,0.050337987961896036,0.18439812457308016,0.04306807577058772,0.11556993705392174,0.16698426008224487
3783,0.11239642797522703,0.8817176791789224,0.04721133270291165,0.16642652505662747,0.039642382516275124,0.1287798828055846,0.14750683307647705
3784,0.1144737045510509,0.8854289310123977,0.04744756158745236,0.167159185791016,0.04061534959107854,0.13299996905605727,0.15793560445308685
3785,0.1132988879342992,0.8581103883354975,0.04761639153056587,0.16340124821698465,0.042149899587208814,0.13171468749065351,0.16540557146072388
3786,0.11349723685617516,0.887447490622235,0.045872251117574446,0.16609728533252596,0.043092246264147316,0.12907656120739258,0.1693231165409088
3787,0.11187343965316683,0.9320381946766534,0.048967479076920443,0.17512043844831085,0.041684557507469765,0.11794758758490073,0.20151089131832123
3788,0.10678771301351918,0.8831280279475333,0.0495883220455943,0.16866542288872846,0.04134981439183062,0.10990287816668859,0.1769004762172699
3789,0.10336434045902944,0.7517088191800085,0.04791667772952481,0.14845841222245104,0.038946611664328876,0.1202725403613985,0.14520780742168427
3790,0.11463285333083904,0.810866631754089,0.04643424300319121,0.15563886996760518,0.040435107736041566,0.1436756161691165,0.1552824079990387
3791,0.11887803056159521,0.8994909852369783,0.04764516307274305,0.1693374233819195,0.04025885985337869,0.1435178362135009,0.09330982714891434
3792,0.1131147469881132,0.923344779703882,0.04655437222386186,0.1718101447210076,0.043889681671753396,0.12232820612364542,0.0855187326669693
3793,0.11666325999560646,1.011721788910288,0.04907305659519231,0.18659430406877744,0.04126417265217638,0.1214477978570832,0.12095076590776443
3794,0.11503527531986495,0.9680352919827434,0.050364063515116304,0.18145995329620587,0.04350761295001361,0.11950038666418658,0.20261980593204498
3795,0.11353423867449627,0.8751511848752569,0.04739715895933816,0.16564773409018368,0.03971855234764363,0.13252365572176583,0.1983499974012375
3796,0.11518140032598384,0.8622594843678559,0.04596402230124963,0.16257765973933624,0.04247812177621568,0.13732504207034757,0.18629436194896698
3797,0.11239783392449816,0.8317739831414919,0.04743594531091274,0.15948423642956694,0.04391772379597793,0.1311173280950182,0.19656690955162048
3798,0.11451672829575323,0.9137748726712384,0.046303958919014156,0.1702283751693319,0.044651329091502934,0.12690126158509085,0.22069016098976135
3799,0.11551643427085292,0.9868866130890267,0.0490534274188392,0.1830295968002946,0.04229062963239632,0.120514996116241,0.30948275327682495
3800,0.11309066714639822,0.9434758339680769,0.04783561474782549,0.17578421749357573,0.04271160036320733,0.11981549402790997,0.2993412911891937
3801,0.10963036496843981,0.8063311762536634,0.04864370091405054,0.15688476881970953,0.040542390726411796,0.12873473906035332,0.21429507434368134
3802,0.11713199529469807,0.8160436286561715,0.045313829674529814,0.1554180866719072,0.04141365044159347,0.14988521708610658,0.17543905973434448
3803,0.11958650408439309,0.8485629644404848,0.04724735605330155,0.16172101439432776,0.040667799044126395,0.1517726744734336,0.16062557697296143
3804,0.1170060145317763,0.9249505318091759,0.04923341379285978,0.17433585922376205,0.04469601235696501,0.13011365232924865,0.12376301735639572
3805,0.12013172366051843,1.0077035095802247,0.053541895676127715,0.18985069766242726,0.040221919772411185,0.12904869981094197,0.13406743109226227
3806,0.1144418561717472,0.9713457539654351,0.05092985979903242,0.18241784467994712,0.04076504682280746,0.11943007440739453,0.17834971845149994
3807,0.11396609576003236,0.8759817643134574,0.05044577834703109,0.16837949062794913,0.04315218218810143,0.12831654962604472,0.16202816367149353
3808,0.11796234569049244,0.8941004289727071,0.04885164317078997,0.169601469713921,0.04610532181268168,0.13565300806307687,0.13768033683300018
3809,0.12157699835551092,0.9207287540798164,0.05331552669606435,0.17723170203660032,0.0467370631921641,0.1383640759024861,0.14165407419204712
3810,0.11960776115472478,0.9305884292055546,0.05151265682368584,0.17709491002109568,0.04560149188070738,0.13406199151141546,0.14866632223129272
3811,0.1193039088715414,0.9638975517115314,0.05562483504441335,0.18537808028257308,0.04690211453919458,0.1248405789276922,0.19371460378170013
3812,0.11620623758732472,0.9101306120822166,0.06087110460118025,0.18219389138418546,0.04632674662920888,0.11961159510342292,0.17128022015094757
3813,0.11236827519743552,0.7816290651660505,0.0610428257306497,0.16398371707856413,0.04751375391403687,0.12395246967442179,0.15458402037620544
3814,0.12571141940031996,0.8203768251140715,0.06036563379662937,0.16893866112769254,0.05408231643633483,0.150563047982356,0.1395348608493805
3815,0.12758249188212412,0.8743246503519582,0.060672998156828896,0.17690894847041877,0.05121630780145468,0.15124225343795206,0.09203394502401352
3816,0.12182655274348168,0.923633595374702,0.05859567925940409,0.18217252441873236,0.05135231417830042,0.13068878627217093,0.0984288901090622
3817,0.1251302903590057,1.0301952635953313,0.06322628689215297,0.20136471213546417,0.049894135467441335,0.12425680683472337,0.11344723403453827
3818,0.12202361705505033,0.9914925654471638,0.06692601258957866,0.19900694871209085,0.04982873653261073,0.11783372231227454,0.19038428366184235
3819,0.12277038698013215,0.8920027411360915,0.06531207667722012,0.18341074302848748,0.05016815627606082,0.1332370273038836,0.1901712268590927
3820,0.12265190084657619,0.8717217807270812,0.058217094242654886,0.1744320494547158,0.05008633345846782,0.1408391422790488,0.1761135458946228
3821,0.11903438590652532,0.8492778528278849,0.05925272322172711,0.1721134560226068,0.05093274852217972,0.1321791322662564,0.18691276013851166
3822,0.11882074574814347,0.9273412698189434,0.056110672274062724,0.18057218620904567,0.04778091771575288,0.1269480848731958,0.19834916293621063
3823,0.11817568057449913,0.9905280020522362,0.05540994134654287,0.18899823573307048,0.04811945688592763,0.11750514053824923,0.2493242621421814
3824,0.11743877170623997,0.9545004766123464,0.06029120848794194,0.18803538964857114,0.04823885770078822,0.11621665576147047,0.21311447024345398
3825,0.11582199153815077,0.810598581140773,0.06202306504401187,0.1689624244864063,0.04878689927945144,0.12797981843478903,0.1401568353176117
3826,0.12620596733702455,0.8761722112233276,0.05881723312936837,0.17558222999993398,0.050075478809983996,0.14961591496813922,0.11608101427555084
3827,0.1273149536865227,0.8505338836549119,0.06134964813877061,0.17409025321250507,0.04906265131922548,0.1548573311726732,0.13826526701450348
3828,0.11988612003653977,0.9143145149006314,0.057972500119678076,0.1803070736598143,0.049265513666626064,0.12881081618984913,0.09368281811475754
3829,0.12121665353596964,1.0241644761162516,0.05882281646778348,0.19672876784613605,0.04704587539123147,0.12004298439121991,0.10731098055839539
3830,0.11935316765899477,0.9865569187278366,0.06323817413534871,0.19514085193427552,0.05011363178690827,0.11362353780619976,0.1271878033876419
3831,0.1193498025628479,0.8881804980667818,0.062312065986400565,0.18029327056931216,0.0478572423171594,0.12858025827216912,0.12732625007629395
3832,0.12279551709410344,0.923905490319569,0.05633836257114433,0.18027652367806213,0.049699721063307035,0.13645845786008642,0.14273332059383392
3833,0.12188473702620407,0.9181696913450068,0.0583442853295432,0.18117648618889517,0.04865893562617337,0.13407703273387622,0.16704773902893066
3834,0.11995004664746946,0.9465752617807637,0.05658747487740832,0.1837285872921734,0.045441244223388196,0.12933902570442463,0.15103669464588165
3835,0.11733069211926607,0.9427226691721052,0.06136276227014936,0.18727132039900019,0.0472651749229955,0.11743996992123548,0.1764329969882965
3836,0.11189534480566721,0.8842417758005344,0.061727496450861265,0.17922953635795744,0.04703717525604466,0.10972882555333302,0.14128847420215607
3837,0.11055162652091334,0.7549826716597496,0.06229667090741844,0.16125181387203716,0.046843074989214854,0.12193394517891615,0.14005036652088165
3838,0.12274428701801554,0.8286280420619965,0.06012822712437756,0.1699139149726088,0.04790782422947659,0.14695276749771802,0.1513180136680603
3839,0.12624596448749584,0.8862889948576507,0.061501888240208163,0.1793286177569857,0.047438793369642886,0.14875491760481355,0.09916485100984573
3840,0.12011270948038531,0.9271565571362184,0.058892253294182496,0.18293001098590186,0.048484736239724456,0.12782204724863652,0.09957753121852875
3841,0.12268526115775509,1.0122342865033946,0.06153990307889956,0.19735338642525596,0.04767524538337468,0.12298441535127475,0.11307796090841293
3842,0.11982897455213527,0.9615212036290206,0.06547034135125084,0.1934776073909322,0.05094647529850337,0.11565860766511589,0.16328711807727814
3843,0.11993525680299727,0.8660441746529198,0.06425096906728033,0.17879285557951455,0.04950655471359625,0.13005997220177062,0.16426445543766022
3844,0.12119935617734755,0.866729363120811,0.05669097204797202,0.1724107422012347,0.049835358302539316,0.13883289154690345,0.1562337726354599
3845,0.11935871942716493,0.8699325488972824,0.05977952469734138,0.17551567101161872,0.04965684066980338,0.13121053070345928,0.16252712905406952
3846,0.1189373373012439,0.9557714587917343,0.05472715243663826,0.18344776763022339,0.047936978064615623,0.12461602509543653,0.19020384550094604
3847,0.11970415926226846,1.0057636756646595,0.056659042518585556,0.19224541868231043,0.048592485315663674,0.11845327197301089,0.2653656005859375
3848,0.11826477705675259,0.9703475254255384,0.059931777925005765,0.18999117042508187,0.04784984919495127,0.11711724473854063,0.245377779006958
3849,0.11726671498380697,0.8153085549374461,0.06323602028831882,0.1706749538096227,0.04712203701286593,0.1319110992357916,0.16734716296195984
3850,0.12836665657402482,0.8801857266776726,0.06183145050573189,0.17873920424458056,0.04891746148013406,0.15380872306944296,0.16799262166023254
3851,0.12947295287907748,0.8682102836770654,0.06205208720270966,0.1772175438419033,0.04928651252677901,0.15785957109486598,0.14776389300823212
3852,0.12229269590279788,0.9283300367296116,0.05931403132395194,0.1834591749533319,0.04917642943013868,0.13274875989715745,0.11819563806056976
3853,0.12421138365959833,1.050870141421825,0.05925245620608976,0.2009121255226234,0.04777315586730354,0.1239816838477093,0.14371436834335327
3854,0.12123817433738461,0.9932681329824975,0.0656158320650206,0.1981375893389459,0.049153836328807925,0.11702498196852312,0.14729662239551544
3855,0.1218760593507421,0.9020142410303913,0.0647710719305817,0.18437723894484018,0.04701824629603527,0.1326881136287747,0.15126469731330872
3856,0.12447145483974112,0.9321060481569501,0.058528495849483754,0.18332528903626466,0.048182220965786116,0.13972742955749365,0.16310641169548035
3857,0.12402849769370962,0.9269529556882999,0.05920832204381823,0.18317184113588705,0.04962171799460103,0.1373840044185244,0.15295906364917755
3858,0.12142037434123386,0.944993690227314,0.05522518178885094,0.1823349687086314,0.04910604010859952,0.13139514672331598,0.1491328924894333
3859,0.11975489383020982,0.9765126272839211,0.05767829098199382,0.1889403390251263,0.04950223276841962,0.12068870771372436,0.17454466223716736
3860,0.11326829214679282,0.9007112285998479,0.06100797614220684,0.18096558363615559,0.04622627986300919,0.11269492284191113,0.15484923124313354
3861,0.11067019933614043,0.771996134649185,0.06074571437835952,0.1623529172741917,0.045762070077894346,0.12224243424131084,0.1445409059524536
3862,0.12380930748754179,0.8389192273852711,0.06027526616427311,0.17151011776727282,0.047965227652722826,0.14843466834824376,0.16397914290428162
3863,0.12684212146091564,0.8772026347194516,0.05994466292417128,0.17669580175206848,0.04692154033996497,0.1531506596869888,0.12311390787363052
3864,0.12080505186509197,0.9205084804568663,0.057219516231303565,0.1805465111206697,0.048549702489585914,0.13175470572002929,0.11017463356256485
3865,0.12397303945081709,1.0188061660872747,0.060639063313959796,0.19752007799586194,0.047239844241307165,0.12676092653222407,0.12422062456607819
3866,0.12135554419958665,0.9806821005899309,0.06595701459893087,0.19663202688335946,0.05001592001731338,0.11791079301077453,0.1797400265932083
3867,0.12236309247150313,0.8955561815000966,0.06571805992893763,0.18426636301053176,0.047801328481063776,0.13343927424148755,0.173473060131073
3868,0.12273693109373437,0.8685039824850657,0.05946828347093531,0.17504481190152535,0.04815408678722683,0.14222752415511136,0.1576889455318451
3869,0.12011341293635268,0.8739391265516,0.05934005656777771,0.17571135227975235,0.049621842833028895,0.1331453398512863,0.13513270020484924
3870,0.12005620301656766,0.9674103656664714,0.05454688746243297,0.1849559557772956,0.047537149515593846,0.12672309116428285,0.15617932379245758
3871,0.12030134373829582,1.0281064016134196,0.05513833182714269,0.1941337703680394,0.04730492860297064,0.1195698336806797,0.25887420773506165
3872,0.11777630090228865,0.9807569814068896,0.05887085155944041,0.19056887010907603,0.046213718221625955,0.11670006269192956,0.2395351529121399
3873,0.116164181458424,0.8304719086435248,0.06139830929322406,0.17126596634326702,0.04747669367906902,0.12805167149112195,0.1830967664718628
3874,0.12756393478040182,0.8892478405666941,0.0600154308944957,0.17847720370480977,0.04894155773867225,0.15180940438305815,0.18133141100406647
3875,0.12822046115196423,0.857562035531732,0.060734552005101465,0.17456704965176298,0.048949237042446324,0.1570295173104685,0.1637498140335083
3876,0.12090800943299053,0.9164761972265469,0.05812227118867067,0.180744260622653,0.04953579531489078,0.1310019769953732,0.10608908534049988
3877,0.12216379685409083,1.0356206037769347,0.05938880305113766,0.19885048886910867,0.04592082425777191,0.12177554236272929,0.11960972100496292
3878,0.12015858567614655,0.9835402978670972,0.06447591539187954,0.19577082717405347,0.049056434519333114,0.1162122566276898,0.1507406085729599
3879,0.12038344542716019,0.9030882958037003,0.06533229420372905,0.18501172300372495,0.045675352364550344,0.12920328397744968,0.1470566689968109
3880,0.12330733527834586,0.9151857974013166,0.05855472857274877,0.1809305955482585,0.048750680202186834,0.13812405573381153,0.14270898699760437
3881,0.12248545440865528,0.9230634088290958,0.05738834196929543,0.18105620866355263,0.049826598292042154,0.1348125435376566,0.15121570229530334
3882,0.12246682145691735,0.9666354124204604,0.056728644285355234,0.18671532544751313,0.047658331743592984,0.1317068089643049,0.14268137514591217
3883,0.11828907593746268,0.9640977013856679,0.058662232646172575,0.1880101567518148,0.048314324942801856,0.11851103734523286,0.1647515594959259
3884,0.11271063896089392,0.9083000981896825,0.061235053950444075,0.182244345984621,0.045756409045761545,0.11045359649087355,0.1434602588415146
3885,0.10986909862472101,0.7674878218831029,0.06224433095353273,0.16299340108632845,0.0454422967795834,0.11975878558530983,0.13616812229156494
3886,0.12257828980709333,0.8360287418161876,0.06079236755461113,0.17154042102055067,0.04680200294377291,0.14604067600072354,0.1492861807346344
3887,0.1264538560154821,0.8737117651895394,0.060454588193549576,0.1766341849072624,0.04807193450231946,0.15113024955919163,0.10088282823562622
3888,0.12078993004541282,0.91672174176749,0.05855456880386409,0.1811498792272392,0.04937549697391319,0.13046260344887695,0.07782150059938431
3889,0.1231550910390561,1.0151118105018175,0.06043425362590734,0.19681676175103738,0.0476769407103353,0.12474451070370317,0.1008777990937233
3890,0.12082193299659987,0.9776295732440166,0.06537546319356378,0.195697478915057,0.04946204386295009,0.1177457333098934,0.16077743470668793
3891,0.12129225013767485,0.8915403408876423,0.06648494607262341,0.18435000247476893,0.04762429388473786,0.13057617856403742,0.14945045113563538
3892,0.12374685644495553,0.8804505162882681,0.060543657507946325,0.17767320876227805,0.049227420779186445,0.14176580437484626,0.15119197964668274
3893,0.12017138986264544,0.8899778948038833,0.05847269051802615,0.17725914827314865,0.050011666106019655,0.13160935954050273,0.1323263794183731
3894,0.11950628043880895,0.9549523849283209,0.054588467585166396,0.18321188434847419,0.047716105218546315,0.12658028033558172,0.16659018397331238
3895,0.11838771520849554,0.9996330293070719,0.05480669772755975,0.1897818879532043,0.04723621366159879,0.11817537791041,0.23172777891159058
3896,0.11712357076851854,0.9757946502129284,0.05824250982593824,0.18932138702407972,0.04626997369056648,0.11594737898811061,0.25711554288864136
3897,0.11439926425854406,0.8252661468627647,0.05928643461255403,0.16871210779115556,0.04600124954373893,0.1267237890429635,0.20904459059238434
3898,0.1256036705866119,0.8783132952147369,0.05838515963139675,0.1755177504290168,0.04801910195903186,0.14981534827364015,0.17214469611644745
3899,0.13111846620800882,0.8995379150803509,0.06218358561560892,0.18180563268200062,0.05075795233721141,0.15708264518021375,0.1857861876487732
3900,0.12328953862518946,0.9040124794611752,0.059700248858680395,0.18031628180189394,0.05080837406982741,0.13681215733151483,0.16155631840229034
3901,0.12433873526421489,1.0249048838941808,0.05969917269109339,0.197585702862963,0.04741319575403613,0.1275574856867167,0.149272620677948
3902,0.12444442281387666,1.044854801888211,0.0658992634914838,0.20575005469101623,0.04844351117019644,0.11980279260959972,0.17209415137767792
3903,0.12508460707629013,0.9822461601785234,0.06440926278768688,0.19552881955780638,0.047335865480336296,0.13147607005142306,0.1790577918291092
3904,0.12832789733646283,0.9730487790437565,0.06058406393891658,0.19093616609675085,0.050747755796781535,0.141428286018432,0.17239205539226532
3905,0.12861202830721338,0.9761290340816935,0.06346715799767648,0.1938474260096789,0.05163919403100059,0.1388822853092422,0.15857045352458954
3906,0.12493457460538497,1.0032465463363154,0.05961463011649749,0.19441918957647147,0.047031031362966824,0.13230113684280012,0.15154477953910828
3907,0.11981781361452061,1.0085689921097494,0.05887460592591979,0.1945452325236097,0.04591661415728375,0.11909487159414991,0.1683380901813507
3908,0.112582983030963,0.9017905764891165,0.061777660466515394,0.18177950561260126,0.045399692011104054,0.11082140541440605,0.12471310794353485
3909,0.10875738387954331,0.7586843673577458,0.06218421309370403,0.1616842351314243,0.04421115148043531,0.118924342383367,0.1089138314127922
3910,0.12352907249020455,0.8535863113653656,0.06142996859887676,0.17459516042266085,0.04868221371573956,0.14433724697696215,0.08844003081321716
3911,0.13196395139226322,0.9256363696338827,0.06438982509263465,0.18742504574138436,0.05029579975203556,0.15489512652198142,0.0897660180926323
3912,0.1234203887815267,0.929806963477585,0.06087447649039687,0.185007688917138,0.05047336993086953,0.13336014265719176,0.07863880693912506
3913,0.12411828884615578,1.0231586447020917,0.06106425297831789,0.19850630893885704,0.0476403146446599,0.125946998691351,0.1113564744591713
3914,0.12270934954458802,1.0129469566233604,0.06683345417110362,0.20199252594999745,0.048558385234394076,0.11821866396127449,0.17881731688976288
3915,0.12317885624895411,0.9244733290808613,0.06606191893361207,0.18869212038321917,0.04758604999646114,0.13199845560240359,0.16287335753440857
3916,0.12608407886663295,0.9200398080698566,0.060838805188654164,0.18358180560025453,0.04993300786286809,0.1424057551030083,0.15088440477848053
3917,0.12386403431355365,0.9250068039127473,0.059453970653454785,0.18310437540478228,0.050444138714070226,0.1362711445082766,0.1448555290699005
3918,0.12218893399265683,0.9938266058932728,0.055657996954665855,0.18968208394589545,0.04684216257300784,0.12906085277576593,0.16494901478290558
3919,0.11948358377220797,1.0335878345760312,0.054744855673735306,0.1945795669454918,0.04632174800253971,0.11779120479404434,0.21258912980556488
3920,0.11829484188080187,0.9934761990181028,0.05971724739326769,0.1931113833396727,0.04576719381446907,0.11629206016233112,0.22128482162952423
3921,0.11443918834661543,0.8331624191799434,0.06041427454749395,0.1708068666378439,0.0450158749386143,0.12586286907379157,0.16348811984062195
3922,0.12882240244547208,0.9265286008501636,0.059258127580859764,0.1831539094764746,0.05055702131850879,0.14976454227943772,0.14337460696697235
3923,0.1334398644014959,0.9165822913254797,0.0633901909161812,0.18527477668893816,0.05251357525083065,0.15889481915681614,0.14799953997135162
3924,0.12383038049586109,0.9042453803569566,0.06117157143916768,0.18161068699885183,0.05108744731579037,0.13692267883830606,0.13826359808444977
3925,0.12398806957036092,1.0332945960313733,0.05930707907869746,0.19844815292907975,0.047482027847247144,0.12577828313920644,0.12244872003793716
3926,0.1228789517119094,1.026949788783865,0.0652699248798055,0.20265276258038542,0.04867515534036305,0.11800518902709593,0.1539047658443451
3927,0.1224975359600642,0.9448791966191463,0.06534244996724059,0.1909905566317985,0.04689534469475846,0.12871806022943916,0.15395782887935638
3928,0.12481825677443634,0.9581003092642852,0.05976970066486776,0.18810264475049884,0.04986901617340456,0.13502500282128443,0.13264200091362
3929,0.12767381003897776,0.9793717165918217,0.06185549272486777,0.1929292389915755,0.05216035583832084,0.1366495821310295,0.12874601781368256
3930,0.12652591901926302,1.0151866864824577,0.058971509457893735,0.19557367760426003,0.048391163449401364,0.13447704138101957,0.12810447812080383
3931,0.12002419723485738,1.0028410985347214,0.059745270872299035,0.1944732462526451,0.04713381956471326,0.11866035980566922,0.13899637758731842
3932,0.1142405889941601,0.9231187291523191,0.06328299325646493,0.1861166698130155,0.045947815584894816,0.11110519501076876,0.12693153321743011
3933,0.11060069098247126,0.785302668953634,0.06214501140705555,0.1654532481994239,0.045717938373147374,0.11937711195079609,0.104792520403862
3934,0.1255518463109241,0.8795443795084213,0.06296232480946783,0.17961690405217548,0.049252671414533704,0.14500669882167072,0.09862391650676727
3935,0.13365587297111797,0.9347885155078339,0.06633683007155196,0.1904013565624494,0.05165251135348591,0.155756516244131,0.0961417481303215
3936,0.1247711326057608,0.9424499651403069,0.06325804008979051,0.18885688652557855,0.0502929620688144,0.1338644971457484,0.08946225047111511
3937,0.12412393505044682,1.0459475189975507,0.06040132005413092,0.20119363418890518,0.04656941361795319,0.12454815455772769,0.11141590774059296
3938,0.12158045003375527,1.011772822387545,0.06639362272258305,0.20144779410329192,0.048179681015334395,0.11592219686402894,0.16248157620429993
3939,0.12270371318194807,0.9447971140461531,0.06532436130020959,0.19096332597820154,0.04713536406406173,0.1290988574633768,0.17070232331752777
3940,0.12430057202724894,0.9353106832468874,0.059311358666310765,0.18445411932067884,0.04842312248072008,0.1380589864987105,0.1435171663761139
3941,0.12159247241551281,0.9156612219893583,0.056789329626499685,0.1794853142497652,0.051505572928978616,0.1322622728612594,0.1303991675376892
3942,0.11996555085379636,0.9492838014511238,0.05622446147457492,0.18380436718551046,0.04609201826143946,0.1287459275818588,0.16791357100009918
3943,0.11744071123546398,0.9893045117174193,0.056253758634977315,0.18954672336104045,0.045064701643872954,0.11767695901822675,0.19062551856040955
3944,0.11693404782028462,0.9536867572655605,0.05986765318501746,0.18755609662509506,0.047056438561209765,0.11628266321776597,0.15559183061122894
3945,0.1154992090279817,0.8343372555979872,0.062431667955910354,0.17270389476192133,0.04471587255868172,0.127380528421422,0.11366483569145203
3946,0.1262939292521815,0.8724857995427249,0.06267453619745446,0.17836185953249312,0.04704486831806764,0.15007741857425852,0.1062350943684578
3947,0.1303369821359319,0.8787839302903803,0.06428164719040909,0.18063911620469073,0.04849198614811872,0.15793698631510442,0.0990474671125412
3948,0.12244371289923821,0.9000789826720862,0.06254331083035226,0.18219126395059998,0.04710498144615475,0.13608599575074468,0.0886872187256813
3949,0.12333279121110129,1.0075767814153465,0.06312400327962674,0.19804582872758672,0.045601925160913936,0.12597339117809048,0.08213814347982407
3950,0.1208176633202795,0.9936903911238744,0.0662076611646898,0.19870519401600187,0.0457880111426105,0.11831701961698285,0.11361882090568542
3951,0.12387047431870744,0.9125017292422277,0.06786893602542837,0.1885307636278283,0.04597816244018664,0.13544849406693243,0.1388648897409439
3952,0.1263755187507164,0.9297912870850875,0.06375166136652484,0.18747160789774805,0.04918478196319879,0.14045833543614158,0.1727488934993744
3953,0.12531200439254916,0.9371308677200948,0.0620096858893674,0.18702699757947133,0.05028330566894345,0.13696149673714725,0.1770690530538559
3954,0.12048282274464706,0.9399911353887906,0.06063767830098702,0.18625960074210182,0.0459724557101649,0.12812471315204602,0.16736063361167908
3955,0.11836965668858211,0.9699000952878756,0.062410227971954446,0.1920516375885146,0.047416132150015465,0.11598225737238699,0.1592857986688614
3956,0.1092149910838414,0.8472340110360176,0.06044978580526147,0.17284753226679803,0.04546288364543051,0.10931961155736389,0.10674156993627548
3957,0.10853028267861496,0.7431882702305836,0.062425632477078885,0.1596774378704367,0.04489035253056595,0.11946146076531386,0.07418312877416611
3958,0.12258142586331079,0.8352676571811333,0.06143936751092513,0.17198626603524056,0.04728277042634602,0.14523851422021644,0.08945943415164948
3959,0.1295627717015478,0.9016368209189057,0.06489528587905026,0.1844297908847439,0.04838679499477051,0.15258310953468135,0.09861692041158676
3960,0.12226016881997959,0.9199212536876977,0.0636971355632215,0.18601486672386097,0.048255310098832015,0.13122905953508748,0.09710398316383362
3961,0.12476039118316952,1.0185327962766912,0.0643011166530786,0.20061992802788042,0.048127428597120304,0.12543713870684053,0.10741949081420898
3962,0.12009867380726372,0.9805785432317854,0.06784252171060424,0.19823338192791584,0.0463519134596596,0.11625921950584668,0.13767291605472565
3963,0.12176500260310266,0.9118049531847371,0.06851083579523246,0.1889814239937331,0.044937564050140565,0.13017464262014283,0.14805267751216888
3964,0.12442598179809963,0.90425822318411,0.06533255128952688,0.18517907584589585,0.04670414051670769,0.13927363562749587,0.15524546802043915
3965,0.12402091767380999,0.9239543332036708,0.06294145919421125,0.18594329833841974,0.0494342908074849,0.13510213310031097,0.1681930273771286
3966,0.12167874705879851,0.964775833160512,0.061747116832854186,0.19075121916537677,0.04612865297917322,0.12734666628521468,0.18821021914482117
3967,0.120659927919427,1.005207696837922,0.06259380851290626,0.19725293541647995,0.0487090937178485,0.11659802628588688,0.23238906264305115
3968,0.11585595147346485,0.9308471344409514,0.06023835109087819,0.18461103442660295,0.04821943234120502,0.11487720813019642,0.20401442050933838
3969,0.11358790044182226,0.7869208004885727,0.06206148482833124,0.1656128156369372,0.048454758102444546,0.12505759919305223,0.12862248718738556
3970,0.12521829174118085,0.8593968072677796,0.06006694146708277,0.17425692229575374,0.04956296765714616,0.14850789857945995,0.10284122079610825
3971,0.13020136036332952,0.8570548250604784,0.062482334717029554,0.1759926904803794,0.053212098890390344,0.15749955029973264,0.09605464339256287
3972,0.1216853320136301,0.8995138059090892,0.06161405289988959,0.18131401761548954,0.05014457078759836,0.13210839818478085,0.0824904590845108
3973,0.1243643332799696,1.0423361850746473,0.06086145636323668,0.20107213189343823,0.04902050287317049,0.1231708610991338,0.09759628027677536
3974,0.12184495803744158,1.0182201977577436,0.06456350008736182,0.20080017118313068,0.0504474102726592,0.11523200082914822,0.14964067935943604
3975,0.12329344526138776,0.9173995890770387,0.06537486243665769,0.1870926805281407,0.04912460108423831,0.1323668530579847,0.21105751395225525
3976,0.12646203546155207,0.9389283703497261,0.06327924371865873,0.18837197609452547,0.049814115417269815,0.13935776744644734,0.19324488937854767
3977,0.12796820837951087,0.9688355383255232,0.05967047797711424,0.18955120088402982,0.05252240450841016,0.14009816832526995,0.1919049769639969
3978,0.12568468664859997,0.9885488181641571,0.060387875203770376,0.19298229562668273,0.0495275500582781,0.1334367733093092,0.18775972723960876
3979,0.1203077986684709,0.9663909649648714,0.06282267561318693,0.19190385980628472,0.050226166858316,0.11898267300676936,0.19002880156040192
3980,0.110431005289656,0.8586122588824243,0.06324035382170189,0.1768649116875194,0.04725170531554635,0.10758322466887155,0.1570812463760376
3981,0.11076987594828172,0.7676713429183468,0.0649024840085624,0.16529803528138873,0.047601103403765097,0.11833041250826519,0.10845424979925156
3982,0.12310970069220938,0.8273311820941508,0.06443742178834459,0.17342224468917405,0.04927076693891015,0.14369529172900208,0.09052879363298416
3983,0.12856005963094524,0.8665008291701017,0.06596055841630673,0.18032345423827745,0.051132822375783524,0.15101592194779603,0.11807088553905487
3984,0.12172709117109641,0.898450248067492,0.06510976724445162,0.1841584073620288,0.048977758719280125,0.13075535539936978,0.12408697605133057
3985,0.12642231260425768,1.0442300280066517,0.06499893775313613,0.20488909350363835,0.049557877442093466,0.12502026008419329,0.1397128850221634
3986,0.12295075160497056,1.0111252568860962,0.06476770914191016,0.19996164453393675,0.05023342147095133,0.11919388415939199,0.16674403846263885
3987,0.12399867279479108,0.9314818833799016,0.06665077427220682,0.1901980755733061,0.049316977643255044,0.13142067862118445,0.1888432502746582
3988,0.12594219860238515,0.9214796806747004,0.06386883200824801,0.18638466753202693,0.04905691659696855,0.14032966004368808,0.18077553808689117
3989,0.12493575112604495,0.9299870055250701,0.06020961420023684,0.18446352724664158,0.05168762309541191,0.13694105904732684,0.18880777060985565
3990,0.12278177990896565,0.965359322836743,0.06056964549722543,0.18982531368858507,0.04863337399967431,0.12899854302242855,0.20513242483139038
3991,0.12055985584474094,1.0139013327775426,0.06070559616217595,0.1968764156786569,0.048278096266145286,0.11702940562133562,0.2785382568836212
3992,0.11788623039417269,0.961548708130856,0.062016076420106314,0.19052073809307052,0.047565486316152816,0.11586168722590448,0.26136207580566406
3993,0.11557774992950685,0.8179717109819724,0.06309304987833682,0.17093285860742763,0.04804488002569758,0.12623329100215927,0.17725268006324768
3994,0.12780585161359284,0.883352216487411,0.06370559319913556,0.18079796795460348,0.04876282788468493,0.15060039557800298,0.16168390214443207
3995,0.13044117107738956,0.8549104574736263,0.06522635583770311,0.1780383703571207,0.0523120062666103,0.1571566409170566,0.16832107305526733
3996,0.12197570929804179,0.8850721402406703,0.06343156042144454,0.18080878610990533,0.04954599365684477,0.13387276827370853,0.14226064085960388
3997,0.12494213974624063,1.0307721789902788,0.06482999178464914,0.20282173281402477,0.0495975359941314,0.12272402409502509,0.1268317848443985
3998,0.12422148119987057,1.0311733876064175,0.06620677362892521,0.20405914705428127,0.05108355872306036,0.11835920574447013,0.15023139119148254
3999,0.12539119434571813,0.9301593146802826,0.06683845929461647,0.19017001006399736,0.05131258865508065,0.13352851057153167,0.1690957248210907
4000,0.126271057869524,0.9266932904524796,0.06195187851499779,0.18548636593463805,0.05130419719535571,0.1400536664024465,0.18322359025478363
4001,0.1261952807522916,0.9434104886467145,0.058755468660926034,0.1851347572303244,0.052599607504294134,0.1390194529260107,0.2079489380121231
4002,0.12180184008004559,0.917080593390268,0.06041944463814516,0.18279960874559129,0.0499137652522844,0.13133085797198418,0.19602860510349274
4003,0.11828466852337521,0.9403492173745092,0.0628959184357069,0.18824638971267865,0.048844836265752055,0.11782801570815499,0.21603363752365112
4004,0.11092528072810987,0.8134372286157199,0.06624799947881134,0.17298931792694114,0.047649091711596515,0.11198591356858173,0.16503384709358215
4005,0.11531367656423716,0.7996816536631298,0.06864815797347877,0.17308151450057177,0.04994065714024231,0.1219682103659398,0.14303936064243317
4006,0.1304254002561192,0.9021762413086847,0.06770276568641452,0.18691326220388166,0.05091325987781988,0.15057164388283895,0.17131225764751434
4007,0.13391152762615768,0.9295621902982657,0.06957239078068952,0.19242807642605755,0.05319775095502847,0.1533341020134833,0.17420753836631775
4008,0.12716467099386197,0.9543658419982379,0.06659163168464043,0.1934165188722972,0.05167184550665828,0.13525052640153434,0.12387316673994064
4009,0.1312507517378754,1.0960941576402272,0.0681054406925427,0.21496097168506909,0.05197682852953881,0.12736899209137545,0.14718882739543915
4010,0.12968838895250448,1.0894517612794368,0.07158986940869377,0.2169987111045142,0.05171086482183128,0.12152219068383505,0.23430325090885162
4011,0.12730227571013145,0.9494340042674523,0.071923539933631,0.1972821776956055,0.05106794968347374,0.13277489674616716,0.23387214541435242
4012,0.1292670536186187,0.9443904546218145,0.06542992160968242,0.190995712039987,0.0520879092320577,0.1427862288381623,0.21953988075256348
4013,0.12813661131318269,0.9713563052553826,0.061342550596354385,0.19134451554764415,0.05336291772155104,0.13825667700070665,0.22267168760299683
4014,0.123741305428614,0.9383937301424221,0.0620294311345157,0.18722433099278804,0.04976874280869224,0.13291965035239328,0.24033769965171814
4015,0.12172150849839737,0.9874387350231681,0.06281318949232172,0.19490255313958546,0.05055155415653639,0.1199618044864861,0.27650654315948486
4016,0.11908315017373977,0.9405062174090428,0.06707724155478405,0.19185280953396391,0.0480851077819247,0.11753298532638184,0.269905149936676
4017,0.11766653865650632,0.8274516388259503,0.06726266593105208,0.17586109063032326,0.04985669765912425,0.1260799165521258,0.17411237955093384
4018,0.12702935163658433,0.8709528668194177,0.06677506039988047,0.1816576041741001,0.04807968337573808,0.1483105903944985,0.14024212956428528
4019,0.13051201832487677,0.8700930746729797,0.06723550655828515,0.18192944486038437,0.05129613399167037,0.15483566889786327,0.13466590642929077
4020,0.1242774405362823,0.907745716781947,0.06679379082727845,0.18692978024937396,0.04935815422628332,0.13501101880857613,0.12745490670204163
4021,0.12805556120130554,1.055357617474613,0.06572627553988551,0.20710218153056087,0.05110439536098122,0.1262220385234909,0.15077334642410278
4022,0.1276104792628074,1.0680643460359367,0.06848107936348345,0.2112786888881196,0.05036712033667917,0.12198873490102147,0.16988344490528107
4023,0.12888124085338223,0.9828496127074845,0.07006410518323922,0.20046203482956,0.04913181444192596,0.13602879423425096,0.17273935675621033
4024,0.12933540813400599,0.9678575120043176,0.06450851544128132,0.1935583720931436,0.0504778874486328,0.14214064526946202,0.2030041366815567
4025,0.12610850185921232,0.9562673118285951,0.05898424215416864,0.18716753782194387,0.052941961698508684,0.13670256803243797,0.21402522921562195
4026,0.12270821992772839,0.9101815138387126,0.061627005174252646,0.18284907784060406,0.05299173995117146,0.13108688923344952,0.23954759538173676
4027,0.12303725086538281,0.9745756791765396,0.06569383957869307,0.19553410237838542,0.05436218267470424,0.11969319045834925,0.2506062686443329
4028,0.11487937078964848,0.8678117977722597,0.06705592762825911,0.18144962336311637,0.05232412652764116,0.11136623851712049,0.2062826007604599
4029,0.11594555494490773,0.8101026139797012,0.06617342538286643,0.17244902375384283,0.05365592652380007,0.12100844460555867,0.13605590164661407
4030,0.13027866024749143,0.9228371577220984,0.06535392028202741,0.187851525630609,0.05175597023392474,0.14860975679913443,0.16634497046470642
4031,0.13562305778000344,0.9851407781566511,0.06618576650119877,0.1974650538805491,0.054347495418660456,0.15262742825820105,0.13468335568904877
4032,0.12776371386517094,0.9822457679252419,0.06368187303802388,0.1949052865933407,0.0524558231303585,0.13490924212098332,0.10157467424869537
4033,0.13098445986302742,1.0787666154754034,0.06477219755312756,0.20962854297059552,0.05380259474100757,0.12970501912567267,0.12205128371715546
4034,0.12993539415553435,1.0555939449676777,0.06867317850064043,0.2096618594245029,0.05576452808434059,0.12507424485748142,0.1746249794960022
4035,0.12873116747477334,0.9265149845089791,0.07120855385413387,0.19339518680482604,0.05329279003901464,0.1381587308172661,0.18463706970214844
4036,0.1308046761522292,0.9205937549418779,0.06847062424996678,0.1902025000630969,0.054324835076055455,0.14575144117187194,0.19609203934669495
4037,0.12805347711849396,0.9347926521494101,0.0602657157330433,0.1851981352210957,0.05599808202580791,0.14110037198481773,0.21302902698516846
4038,0.12361972336025548,0.9139519201256061,0.05949601014570375,0.18156114014283262,0.05275768996862403,0.13492526289317794,0.2690282464027405
4039,0.12398345776179608,1.006557266248893,0.06275463223831645,0.19758357995411316,0.05186306674371071,0.12268869298434334,0.3841152787208557
4040,0.12093048421204076,0.9613755836654558,0.06525544405478258,0.19327260685630737,0.050233254190223446,0.11949120316739767,0.3625892400741577
4041,0.11950354917483703,0.8483098942985303,0.06524682893076122,0.17711298112615678,0.05238063203849809,0.1278278487117288,0.24247011542320251
4042,0.12967313316032508,0.8848857004346715,0.06660674273626421,0.18350373669317957,0.05018117786342786,0.15212681595386246,0.17682628333568573
4043,0.13343554968131605,0.8998945907928343,0.06464676346388996,0.18396788165373915,0.05366016528776007,0.15902322054980733,0.18290282785892487
4044,0.12828260066154054,0.9213825908874202,0.06546081795801816,0.18773535694793272,0.05241357355727224,0.14264683762718208,0.1445101946592331
4045,0.1292846889141285,1.0381514161263081,0.06523309743637563,0.20422142867779453,0.053057451213236684,0.13041387460920106,0.1574157178401947
4046,0.12981897631064554,1.0518781381008466,0.06646604518853519,0.2072392013188654,0.056792519920558344,0.12597442876977943,0.20649264752864838
4047,0.1325544831930867,0.9937922701096263,0.0688894906509232,0.20101845914502364,0.055890670317306455,0.13972934050144947,0.22006212174892426
4048,0.13289845724332122,0.9686719742817915,0.06750596827887846,0.19624396913643746,0.05434197264741839,0.1462080583582595,0.25500285625457764
4049,0.13115459912477057,0.9678631848597548,0.06200276575443552,0.19141139705519544,0.05667236492603852,0.14360185585953933,0.2677261233329773
4050,0.12805556353889347,0.9244564031320557,0.0643347545396764,0.18720927576715912,0.05622660977515416,0.1391463998824329,0.27349889278411865
4051,0.1278433714218098,1.0207107619435078,0.06703330914874643,0.20327294526228382,0.05519395994621336,0.12541072935254194,0.30506226420402527
4052,0.1191320131525572,0.898718208815639,0.06518798206021717,0.18426372873956318,0.05290994898678452,0.1200860681589781,0.22874857485294342
4053,0.11882533823332896,0.825125614889848,0.06526369734646405,0.17381539985266176,0.05313795234486933,0.12818549696881498,0.1821868121623993
4054,0.13191147037816028,0.9198752180813248,0.06722946720196883,0.1890360030418768,0.04984504460337804,0.1537356268503428,0.19356916844844818
4055,0.138103945177572,0.9807424702824835,0.06619167667215829,0.19684179004506186,0.05428979381378605,0.16004571336183104,0.15666455030441284
4056,0.13055704567409943,0.9598733503899237,0.06720446209517947,0.19472858899442863,0.051342530103989516,0.14371964639265752,0.1317366510629654
4057,0.13136166123482268,1.0681832284149737,0.06621641950192676,0.20935453506093346,0.0494709201569188,0.13477229508014163,0.1642419695854187
4058,0.1317053305139656,1.0487421979437124,0.07214916880459485,0.21166245868161163,0.05128649658239252,0.13210932305740172,0.24467289447784424
4059,0.1317338365846306,0.9477721748197363,0.07313950810642801,0.1980870319226149,0.050520159457230894,0.1447367581503691,0.2574116289615631
4060,0.13207595262934133,0.9308218687604105,0.07134006310574802,0.19412317819927122,0.04822222512202512,0.15115664182455435,0.23409414291381836
4061,0.13154312478943778,0.9621041756321002,0.06439002135763369,0.19263490053970037,0.051214250084768806,0.14837558637454337,0.24990327656269073
4062,0.12670656925964144,0.9357564930169753,0.06229353300433051,0.18707395586327977,0.04814819576005785,0.14262368279359358,0.31909751892089844
4063,0.12463101525849601,1.0012022178708322,0.06413085267121138,0.1979981905568715,0.05023970474462477,0.12552713357205475,0.4401315152645111
4064,0.12036632284965064,0.9596581625668194,0.06367194308875938,0.19166997444276795,0.04508816341951448,0.12384401720704213,0.4233516454696655
4065,0.11771960936966895,0.8233865980996486,0.06431730886076452,0.17275577875203368,0.04661547879420951,0.13177907541362682,0.27787598967552185
4066,0.13042351382799533,0.8859096978249424,0.06580783501874433,0.18296524399105835,0.04542808078751115,0.15882050384573881,0.22076071798801422
4067,0.1347608549005629,0.9075494722697723,0.06399700671864984,0.18450450179738165,0.04873696879678639,0.16650606420665093,0.2087358832359314
4068,0.12847660825743093,0.9338285645404075,0.06599865142831289,0.18997435330146928,0.04734823522091271,0.14565340775085078,0.15282104909420013
4069,0.12941974375941057,1.05964100122252,0.06275588229502747,0.20516804214181208,0.048888748890247066,0.1336046031853273,0.1660679578781128
4070,0.12905105363674763,1.05913708008282,0.06520336276518328,0.20719389381055991,0.048669091449275274,0.13101028539870016,0.2496485561132431
4071,0.13239728783616014,1.0034245117095317,0.06722584638420274,0.20096851285924974,0.04898584924881856,0.14538247470488064,0.25571709871292114
4072,0.13337144883812585,1.0209281177722374,0.06635596689442919,0.20272341701983038,0.04764567255128426,0.14769853093012086,0.178879514336586
4073,0.13486458215370992,1.0298815834030144,0.061341491125968234,0.19970436145126053,0.05171185045591771,0.1508884155039213,0.2060205340385437
4074,0.13082094941926514,0.9865294566264857,0.06383907502695714,0.19565198668403264,0.048987920473704503,0.14569769213995912,0.22493644058704376
4075,0.12780558372313794,1.0427947107897495,0.06670985219553954,0.20615054628042667,0.05196664449049542,0.12561281331407248,0.2528628706932068
4076,0.11898020626868933,0.9473051213322071,0.06466358680750069,0.19075523459674448,0.0455989359114643,0.12038566804421295,0.3155079782009125
4077,0.11762451075199522,0.816774159658567,0.06642662786156571,0.17361913240399446,0.04829471631263712,0.1292927869409342,0.182352215051651
4078,0.13262939994856401,0.9176578775933457,0.06741853977369526,0.1888813023193596,0.04685724530730294,0.1584596206852213,0.20154188573360443
4079,0.1378475929285591,0.987164079228378,0.06575250756209883,0.197382732085853,0.04954525852360291,0.16301888877026366,0.1233193576335907
4080,0.13018328291636563,0.9615349236381154,0.06634222268630134,0.19422689425084622,0.04874779556389186,0.14540117443210973,0.11878945678472519
4081,0.13135498453019634,1.0738195575649017,0.06411420571099134,0.2083578274044071,0.04974990638146759,0.13538194039539952,0.15181632339954376
4082,0.13075595496621067,1.0670623949852986,0.06781136323977194,0.21056151063199002,0.049783517415473724,0.13177697661554855,0.2480516880750656
4083,0.13323479202405053,0.9994750005337429,0.06840999754698286,0.20141928368794856,0.05016913392880402,0.14625581265148038,0.24763444066047668
4084,0.13432957092113942,0.9717755469494674,0.06902994680229389,0.1979936039661758,0.04757702519048762,0.1545320195210529,0.2280878871679306
4085,0.13329744056820428,0.9852814836640715,0.06360406640849642,0.19527226887357857,0.050551038049127785,0.1514725680051937,0.2682651877403259
4086,0.12850474442404664,0.9497228097646806,0.0635540134352452,0.19014955576802167,0.04814772066746986,0.1448779302850732,0.3379039466381073
4087,0.1259359337031237,1.0285545255928437,0.0642229679074283,0.20198461900534478,0.04931069387937522,0.12644041890946012,0.41867315769195557
4088,0.12142586994041006,0.9840168434435872,0.061872366852689244,0.19360729207996036,0.046607648647068345,0.12373306919997755,0.37976470589637756
4089,0.12004827476824848,0.8393233298960797,0.06270281153948173,0.17364859987613862,0.050040059448444814,0.13440517870367277,0.2523234188556671
4090,0.1320710328828729,0.8910400382004866,0.06573756268286178,0.18363791632823676,0.046948824126882824,0.16143194252967083,0.21831917762756348
4091,0.1365140978348707,0.9043106966762005,0.06494846604388098,0.1848573561342123,0.05059761402273618,0.1693906701585645,0.21423491835594177
4092,0.12890028322685065,0.9065460969606121,0.06466314829283959,0.18493214095966423,0.04893210330417497,0.14984456514298,0.1888585388660431
4093,0.13090684102477432,1.0553997001110944,0.06523836661118948,0.2066899856826045,0.04883271376446704,0.13641145080194178,0.25742536783218384
4094,0.13128327073405877,1.0982858276271132,0.06707177981422978,0.2143880723589274,0.05011277902949786,0.12959074955378946,0.3540188670158386
4095,0.13262896662062676,1.0445752328573317,0.06685328150034088,0.20652784597991097,0.05002696412561235,0.14024419936439064,0.29722049832344055
4096,0.13594889524002476,1.0368233076432505,0.0677450312336562,0.20618478500645537,0.049938268312064014,0.1497517902563637,0.2077455371618271
4097,0.13817156041902745,1.0622665698851086,0.06284910681513838,0.2056230301108484,0.05240308340370027,0.1541989418270954,0.21505106985569
4098,0.13403922984341235,1.0081810470720962,0.06442814110851997,0.19924998481760228,0.052084439876238196,0.14869026046227357,0.25338003039360046
4099,0.13081238228974745,1.0716038409678559,0.06764093626046226,0.21106420836151848,0.053469610985552786,0.12826695936811816,0.32602137327194214
4100,0.12134368446073579,0.972981009643665,0.06437497914440492,0.19417584064429924,0.04813805623645181,0.12167047249636621,0.29401764273643494
4101,0.1201685899879628,0.8458363747706631,0.06563315263119265,0.17709075579397413,0.05204595653403082,0.12996899917989335,0.17204365134239197
4102,0.13432521703256955,0.9438106806557462,0.06831305426208062,0.19338414374689,0.049888352349262526,0.15653091275543285,0.10545594245195389
4103,0.14370149062740808,1.0497045949637807,0.06932244624891097,0.2093770389224638,0.053689237855404144,0.16499610704473777,0.10114223510026932
4104,0.13379493671008405,1.0017239984406274,0.06540409260643047,0.19916407915417286,0.05040550201972686,0.14956269242556888,0.12023255228996277
4105,0.13425152069877383,1.091986568988152,0.06652013963586108,0.2130153438290455,0.051313729836087583,0.1379037424646366,0.17804846167564392
4106,0.13288767475177743,1.0889282188401728,0.06826017407884176,0.2140698947590319,0.051361657955766755,0.13318849694193907,0.2580043375492096
4107,0.13841066844971478,1.0423902854547573,0.07054832756763826,0.20938289298008386,0.05382614084345716,0.15032143364111722,0.2717461884021759
4108,0.13847460524406624,0.9911997558869996,0.07143594548185411,0.202830775539732,0.052667187174694194,0.15724444704605925,0.195876345038414
4109,0.13809867278958068,0.995314043273842,0.06498436500128127,0.19788860475450423,0.056393893191331604,0.1572741644687405,0.2338980734348297
4110,0.13472134832566451,0.9956807709549265,0.06551759102578247,0.19839804530137448,0.05250605626734673,0.1509426190229463,0.2819669544696808
4111,0.13167822250920072,1.0772025141569952,0.06663223442738962,0.21099941724590468,0.052725952963016444,0.131355412967496,0.4008251428604126
4112,0.1255794510423655,1.0295168692923578,0.06305783204745509,0.20112340879672688,0.04688943911605127,0.1283322484428242,0.3691939115524292
4113,0.12352466113954103,0.8977274821026237,0.06437785019325122,0.18342779760887584,0.04951788544655612,0.13586534546023482,0.28553301095962524
4114,0.13552585394807723,0.9580554403846874,0.06766890407829244,0.1948669806934917,0.04959452907354094,0.1587922773110588,0.17700456082820892
4115,0.14149856103829672,0.9710421091118365,0.06951453771358516,0.1983041907704782,0.053387791169779486,0.16889055865759048,0.21853633224964142
4116,0.1324535858528476,0.9529807499385126,0.06559218620761169,0.19236198102631177,0.051798280578489085,0.15060713219113026,0.19143909215927124
4117,0.13298969311046757,1.072212099343129,0.06750498343095163,0.21103457141840556,0.050474967398813665,0.136900809588719,0.2613735496997833
4118,0.13284216625323314,1.1153596340258518,0.06795748129427738,0.2175863602559309,0.05300451877879316,0.12854893804100762,0.37510427832603455
4119,0.134316371152142,1.0752506401167699,0.06687141412534604,0.21092558926697805,0.05287302535056456,0.13854623287804074,0.2725491225719452
4120,0.13615941457173877,1.0589782853338343,0.06907565323681684,0.21049031496496218,0.052277529156619554,0.14451652646589763,0.17815035581588745
4121,0.13877911851796768,1.0788464221848089,0.06476747323882937,0.20963589451682643,0.05355633936884558,0.15134937127444809,0.15187643468379974
4122,0.13537630410462576,1.0411506365913787,0.06603514955431801,0.20533736198818384,0.05101032035153515,0.14798061424046666,0.1861189752817154
4123,0.1326442476585329,1.079272964273574,0.0716547097527147,0.215600174684266,0.0527671957278962,0.12995023195032357,0.239061176776886
4124,0.12245172130864496,0.986891931459429,0.06782849635107002,0.1991232727951213,0.04605070704033127,0.12221500124275265,0.23725305497646332
4125,0.12049686880809697,0.8697796608769568,0.06748408177782032,0.18209773593483977,0.04911085717462855,0.1290588702514819,0.19557522237300873
4126,0.13338139350518574,0.9411701300966866,0.06829409492907856,0.192990671381594,0.04725597673325473,0.15658301503876818,0.16694706678390503
4127,0.14180278890889816,1.0374714227990238,0.07057748977819904,0.2087051944954597,0.05149831761662395,0.16227959640139678,0.1262158751487732
4128,0.13283439244434428,1.0027024136700993,0.0661349441355401,0.1999302969261914,0.05161903358918642,0.1451889150209912,0.11395323276519775
4129,0.13533487227362967,1.098107159388972,0.0671013948743892,0.2143879326621867,0.05313535962790071,0.1380880179986551,0.1543986201286316
4130,0.1333000994192578,1.1007534794073974,0.0695052243229657,0.2168264036207417,0.05234513661224944,0.13105017569909178,0.24997863173484802
4131,0.13552635332034116,1.0322146681615436,0.07063609739313775,0.2080044646457672,0.05182957841765022,0.14534268395044797,0.22978322207927704
4132,0.13664002949045082,0.9957975890522348,0.07355881726378133,0.20530721323356044,0.05069337243588017,0.15175956863797918,0.17440903186798096
4133,0.1362226316629127,0.9976769433300744,0.06758573567847291,0.20045590820013026,0.053265117119591664,0.15260633991825323,0.17030011117458344
4134,0.13469924955611107,1.0115302213615602,0.06785749692186012,0.20266788612753156,0.05169525888198546,0.147855184395978,0.2125822752714157
4135,0.1321292483834502,1.0571173364266837,0.06991019873096704,0.21093978983035516,0.05399527908593663,0.1315372477527327,0.29948416352272034
4136,0.12598979020776813,1.0251928601635443,0.06577383925689768,0.20283369938641863,0.049668265407485764,0.12553270387669602,0.32587307691574097
4137,0.12394075143567847,0.8945051882934438,0.06769692110339152,0.18581238784482754,0.05115738217872993,0.13348851767750303,0.22445257008075714
4138,0.13366380950198592,0.9459946871290347,0.0689311914577007,0.19422597655360554,0.049488113174071216,0.15432564761874415,0.14596103131771088
4139,0.1404316883716314,0.969110465590671,0.06914438415649607,0.1977109672185211,0.05517185452493632,0.1649146739964611,0.14947298169136047
4140,0.13062731058368796,0.9279495051080322,0.0646596469826147,0.1879867695719601,0.05173110966071922,0.14947195977654748,0.1822304129600525
4141,0.1333133823683936,1.0750531980440605,0.06857352875888524,0.21235633865676742,0.05117913636016184,0.1360182608732693,0.24234454333782196
4142,0.13216144199063617,1.1156813177604459,0.06982025173696456,0.2192289754546048,0.049550364104556655,0.12826204335998326,0.3352176547050476
4143,0.1344069981362147,1.0843896023789505,0.06891980607084196,0.21398691982914322,0.05079489518550585,0.13793515673677254,0.27166029810905457
4144,0.13486719966600327,1.0573884773105946,0.07033987245721288,0.21134681600769603,0.04975019760012329,0.14242491217466713,0.18664029240608215
4145,0.13852853263130027,1.0799526435075981,0.06695224267555004,0.2116665856515569,0.053171803382800926,0.14921987433101264,0.11342273652553558
4146,0.13668922359960559,1.0552457952301535,0.0684859815689924,0.20945166923487255,0.05260036125001836,0.14659983822463582,0.14435270428657532
4147,0.13244981551985352,1.0592688166264512,0.07391325824391191,0.2146783380128461,0.05376872840423293,0.12934580956465305,0.17508411407470703
4148,0.12205003223982526,0.9669124243310326,0.06856098194564841,0.19689690228641757,0.04827084288149007,0.12111581163760025,0.2012585699558258
4149,0.12071488434106593,0.8686880132462846,0.06943919693732876,0.1836175992671796,0.05004918105678791,0.12750749915445975,0.20415912568569183
4150,0.13036474968479192,0.9240927925398531,0.06810371435287328,0.19038786837958468,0.04905372657181882,0.14899166605069974,0.10145818442106247
4151,0.14188151772950205,1.0628070532109917,0.06961769806391023,0.21150189165635044,0.05310806177249946,0.15864046450588695,0.09215349704027176
4152,0.13226174600482105,1.0117399743127442,0.06537119495849197,0.20056673486624232,0.050350380999002894,0.1441673251311683,0.08615326881408691
4153,0.13451253970892585,1.0990633746806557,0.06906369547855777,0.21620650679314318,0.051136991808152114,0.13598392292341274,0.11776836961507797
4154,0.13118331257547755,1.0796743615520563,0.07109932400268905,0.21518147222402725,0.049992714360325305,0.12872669632125486,0.23197056353092194
4155,0.13434813416929872,1.023679419563464,0.07229931283792405,0.20821075665585834,0.051358524060731534,0.14233424833855535,0.2423599362373352
4156,0.13461993925987595,0.9940709687077254,0.07259564381973183,0.20423497594658807,0.049575346900488856,0.14812080047346654,0.18445339798927307
4157,0.135843343680677,1.0116309036054654,0.0695929400962222,0.20416979202611404,0.053085953267957744,0.14847041798954885,0.15487927198410034
4158,0.13267308395849942,0.9975929454760579,0.06949393834866631,0.20207951079543657,0.050364555054039535,0.14396242326758185,0.16326618194580078
4159,0.13112139982308177,1.0324498485704212,0.07181962575230168,0.20905251472631875,0.052306168103068464,0.131895002037761,0.26639634370803833
4160,0.1232598808291124,0.9961905527243216,0.06653985437387533,0.19934709699536765,0.04707722498388052,0.12334339054821701,0.27712228894233704
4161,0.12201902903524947,0.8821978539715345,0.06844450009036876,0.18469497921624958,0.048466919795689366,0.1315356682114895,0.18970319628715515
4162,0.13249503961394196,0.9321765228282374,0.06698440105846866,0.19058327559700702,0.04966589991445112,0.1541433303658145,0.15956276655197144
4163,0.1387417334426303,0.9818973958207636,0.06768303382757192,0.19828508554088503,0.053607360662072036,0.16113387653964586,0.11802873015403748
4164,0.13013117940141003,0.9674473625976665,0.06286301739422205,0.19208935242328556,0.0497044576828342,0.14629115951102278,0.10398619621992111
4165,0.1323266707626448,1.0840446779874917,0.06502740309615596,0.21060129950920392,0.04997557622532826,0.1358935783295575,0.13290522992610931
4166,0.12984879607694125,1.0821075635433361,0.06741485195149954,0.2123709536074762,0.04979499125072985,0.12768898746065815,0.22823452949523926
4167,0.13205724942225808,1.0284550596868676,0.06796266805158112,0.205175866856622,0.051574647582719506,0.1385007357767859,0.2631148397922516
4168,0.1339164459701433,1.0231197724928314,0.06991842439343661,0.206090045550493,0.05044724421841501,0.14380009787009956,0.23135271668434143
4169,0.13748464149218786,1.0514905543057025,0.06770329825135091,0.20824433483054397,0.05219999335679112,0.1501939769395984,0.1855737715959549
4170,0.13478166632506594,1.0091008166862616,0.06834199766014132,0.2027361146638728,0.05152305113536524,0.14817281231959809,0.16815423965454102
4171,0.13155992173854658,1.013723738978507,0.07577199030826137,0.20976509726115358,0.05357398780598826,0.13136808534725397,0.1699274182319641
4172,0.12005032806076948,0.9489994292070171,0.06855241216771314,0.1943305574590423,0.04757254764597533,0.11847318520022573,0.19056804478168488
4173,0.11823186729451293,0.8436256838485403,0.07074862659780418,0.18115963477648078,0.04793680240514815,0.12467825252598523,0.15347832441329956
4174,0.13237778740614092,0.948349397761111,0.0695109029669307,0.1950592593660993,0.047949061372409084,0.1514066347206927,0.16143502295017242
4175,0.14265520774826979,1.0731090444027043,0.07125237687035178,0.21437475794640212,0.0537185445238033,0.15772018164631213,0.10213248431682587
4176,0.13350076862550075,1.0155773478615262,0.06498600040822479,0.200784764330125,0.050283372715061385,0.147442493805589,0.09281732887029648
4177,0.13699029484297223,1.1130177417605855,0.06972126056891809,0.21876361502487057,0.05199505837495474,0.13980947159332657,0.12325684726238251
4178,0.1332250677927305,1.0993078028955785,0.07121893622157553,0.21808877431786164,0.05084519254012428,0.13105171542927121,0.23055920004844666
4179,0.13585337685727594,1.0310234907946305,0.07386253203853453,0.210599811860834,0.05261104468617607,0.14328728687887504,0.24748237431049347
4180,0.13625308893945373,0.9857029777399025,0.07382048803200131,0.20408941513313003,0.05291374727132114,0.149818227479603,0.19508370757102966
4181,0.13554127176817066,0.9824814492459569,0.0686358933412576,0.19918525847050036,0.05325563047834531,0.1518527195322294,0.16062848269939423
4182,0.13254001709819965,0.9839385809772909,0.0674367156520446,0.19836555355565125,0.04947029907358556,0.14762867596946683,0.1733005791902542
4183,0.1329056401722436,1.045944263288716,0.07148847942385832,0.2106964485474094,0.05230938271227248,0.13536040812144817,0.28080400824546814
4184,0.12757799177813142,1.0305023680050542,0.06692847786680073,0.2045818907436941,0.04963376060696657,0.1284007824580333,0.32231685519218445
4185,0.12528797785954235,0.9120225018292556,0.07086758713498607,0.19103257494845316,0.05108865741937082,0.13268586079189554,0.26519161462783813
4186,0.1333766574668844,0.935424975387402,0.06888703567929409,0.19267816992330955,0.05079028007101597,0.15375091428889726,0.22143463790416718
4187,0.14007549743414957,0.9675985457742262,0.06897682136881654,0.1973513534267322,0.05442839250339646,0.16490034025504868,0.20328812301158905
4188,0.130780923969091,0.948927302042738,0.06565716755058726,0.19183861533518023,0.05076285069611608,0.14737125813761595,0.12899936735630035
4189,0.13207425399557177,1.0651826588972173,0.0660087105847365,0.20874784605794802,0.05062089404994071,0.13625655089341973,0.17807304859161377
4190,0.13161545847807235,1.1104687229759962,0.06959169543833893,0.21828841365800425,0.05319814296110892,0.12439177377297495,0.31509122252464294
4191,0.13177473628827932,1.0530860703932494,0.06964601350428744,0.21013745020271055,0.051649060904295434,0.13331732757413783,0.2833324074745178
4192,0.13300963665792895,1.0277711209869003,0.0696005442144703,0.2064820551819603,0.051803375056909115,0.13977674935029388,0.22432412207126617
4193,0.13564771968772715,1.0388121087788673,0.0650732013975945,0.20417875959491918,0.05405256043681815,0.14707882411347953,0.17857730388641357
4194,0.13147348157102623,0.9964521288880703,0.06600845155238273,0.19892897688605235,0.04974893696401488,0.14395889970151332,0.1552889496088028
4195,0.13020445560365512,1.0389407148916783,0.07190647212258526,0.21005422108959854,0.05180987329874522,0.12893117032025075,0.17853228747844696
4196,0.12253173053949805,0.9736976117301133,0.06848250570376253,0.19779894942181264,0.04829926968550746,0.1216263172647146,0.21317510306835175
4197,0.11969797488492194,0.8375711007951843,0.07150179865214977,0.180940270386869,0.048124379498244364,0.12873786228406112,0.21571888029575348
4198,0.13235520346211302,0.929149460518586,0.06873078024281255,0.19164773456792306,0.04587436931209838,0.15614496862579208,0.20986534655094147
4199,0.14324375361110311,1.0533241245124225,0.07345623918646611,0.21343736566160273,0.05172722002796575,0.16190130995216118,0.11895175278186798
4200,0.13315499212645657,1.0145332890205592,0.06782431253791793,0.20306845203543808,0.048086892498118074,0.14641530188089394,0.09092740714550018
4201,0.13616773033511845,1.0957653881827423,0.07043988020330812,0.2169149527717987,0.04954953121673372,0.1413048349316099,0.10944296419620514
4202,0.13255296929143656,1.0883762923844287,0.07150283675132497,0.21677047327033977,0.04774913282918251,0.13306601021436848,0.25995954871177673
4203,0.13177501773453537,0.9877169759707785,0.07259534509467723,0.203327006648406,0.04841946473866942,0.1421031363062813,0.2710915207862854
4204,0.13423418659527273,0.965428475470087,0.07620612753971369,0.20323789152976704,0.048377382535537757,0.1489806483298583,0.23199063539505005
4205,0.13476363649184536,0.985501373146716,0.06959839222479475,0.20044167521364065,0.05201731478089252,0.1496983841073582,0.17864082753658295
4206,0.13076562868576502,0.9758733932479613,0.0680689389798259,0.1977552895895595,0.04743784653554641,0.14506148477638608,0.19106854498386383
4207,0.13039778158127577,1.0429962826085726,0.06902038992012331,0.20815980316133037,0.04805017089400603,0.13441017205008904,0.270143985748291
4208,0.12494891521624413,1.030270401974033,0.0664953740785013,0.20417752092072014,0.045524941750121735,0.12511986200768477,0.31550413370132446
4209,0.12298866960092267,0.8914796433619171,0.06889885763234634,0.18641039845085647,0.047834736433193456,0.1332543483789937,0.2373717725276947
4210,0.13153974193911774,0.9200326498923843,0.06849702325729033,0.19014496991944663,0.047209378341889575,0.15404923560390454,0.2034938782453537
4211,0.1390009331252404,0.9726501447178982,0.06915593044084994,0.19822653248042826,0.05205452989477542,0.16325663651610772,0.14792770147323608
4212,0.1289388702439317,0.9526870283775826,0.06589772658051028,0.19258191255152063,0.047288844093440766,0.14469498110647094,0.10380157828330994
4213,0.1324872688417443,1.0812625509009148,0.06770891702026116,0.21250229328892595,0.048252560096262234,0.1361794926027572,0.13104569911956787
4214,0.13053989072257358,1.0988358310780826,0.07089061227958869,0.21773992925080213,0.04745260588799335,0.12694123124063134,0.21330294013023376
4215,0.13041820164768417,1.0359123601402138,0.06998750789621505,0.20797677250250063,0.0477203698699465,0.13491505495524025,0.22714969515800476
4216,0.13111906692655317,1.0016733135352363,0.07187283306498062,0.20470147313216,0.04547251842550926,0.14167519143506063,0.2019987553358078
4217,0.13480783194212798,1.0156362000390429,0.06913915361335306,0.2043530173884516,0.05000960058787144,0.14815424711156927,0.18717847764492035
4218,0.13165687906789747,0.9779418304537496,0.06828512384082351,0.19823608192838438,0.04768205849255648,0.14687804456839482,0.1733962446451187
4219,0.12868919403159743,1.016050127496377,0.07250030819339028,0.2072931395223884,0.04876224808970132,0.12984681942631449,0.19050298631191254
4220,0.121862693634312,0.9713648122631658,0.07024649871598504,0.19897768636558233,0.0453618344007812,0.12132532682378998,0.20409609377384186
4221,0.1193498277782313,0.8309845182391473,0.07200426874877164,0.1804300186759682,0.04751543508765939,0.12875975434696194,0.21003656089305878
4222,0.1325013813182023,0.9212177798587553,0.07087598364272892,0.19235338310216127,0.04773119298246927,0.15430479455100451,0.2295435518026352
4223,0.1425550121702016,1.0433826484432216,0.07302384865261356,0.21164653433698608,0.05277010517163617,0.16066172389800987,0.14650118350982666
4224,0.13390677157932498,1.0055104729899687,0.07003840868165002,0.20367727501140984,0.04910572843216986,0.14705849383001152,0.10716652870178223
4225,0.1378271045275374,1.1172212989369483,0.0729821374921805,0.2221591605557188,0.049365756354372826,0.1414402351543977,0.11716456711292267
4226,0.13370588747560486,1.0926597346374103,0.07423596537155647,0.21972507526667842,0.05012326786269734,0.13157389031970948,0.22369007766246796
4227,0.13435795594045122,1.0101557315723044,0.07582843836882336,0.20930376596932065,0.04981012066488892,0.14275972803130746,0.24581214785575867
4228,0.1341889275159494,0.9697853963146412,0.07710520510854883,0.20463094670941917,0.04820626786995257,0.14778698791191064,0.21384534239768982
4229,0.1341686503625366,0.9873316409483981,0.07121369355880725,0.2020876860430345,0.051127556620123395,0.1474004511667125,0.19126653671264648
4230,0.13061631768992665,0.9659557809530102,0.06964495752249868,0.19768936086971461,0.04764713309235302,0.14452544143048918,0.21630355715751648
4231,0.12945812151743555,1.0369991258964766,0.06900599555406167,0.20729072846012095,0.04895257910341945,0.13179694005484985,0.2879931330680847
4232,0.1248858817216635,1.015528348443981,0.06756353294746688,0.20298707801839747,0.046433452710741285,0.1251932103465782,0.28680339455604553
4233,0.1211349946522379,0.8620321509533257,0.06944325013625513,0.18267023596726523,0.046687714455255436,0.13243302867394868,0.198282852768898
4234,0.1333850953026137,0.9459662374154494,0.06911886937598499,0.19438277909590848,0.04782255772525486,0.15487934236366968,0.18972378969192505
4235,0.14145371301317403,1.002046479391253,0.06990864979909871,0.20307119688369216,0.05256160809929365,0.16531900642611602,0.1619197130203247
4236,0.13046614607681314,0.9509422666288263,0.06810884698907416,0.1942279069376102,0.04897732608645889,0.14597732281517573,0.10843958705663681
4237,0.13443075322915884,1.111916329795288,0.06713445704481365,0.21638901029488142,0.049225795859819454,0.13727161599482351,0.10608286410570145
4238,0.13264696822759722,1.1049723394569249,0.07010258439756416,0.21794112083461567,0.05081968377620976,0.1296134585914201,0.17282210290431976
4239,0.1326754982542633,1.0368308012021945,0.07123827020260319,0.20918006034540193,0.050134525471031546,0.1379573576098448,0.1877974569797516
4240,0.13408742066801208,1.0058022347005542,0.07440874862771175,0.20746496092383213,0.048189984097702136,0.14504232994319072,0.19499406218528748
4241,0.13701563392965196,1.018859812251107,0.06910662925721672,0.20478565539920104,0.05248833215842103,0.15167825419362363,0.20479409396648407
4242,0.13394160474430078,0.992227742055094,0.06795574425060906,0.1999946010798212,0.050199690511812736,0.14941940790414746,0.22258099913597107
4243,0.13118688721427904,1.0345084438724124,0.07322022221976619,0.21054711102728704,0.05174611856491586,0.13125736394608978,0.23630619049072266
4244,0.12333699280713123,0.9672570161509856,0.07131697450642631,0.1993084090270776,0.04852319403534644,0.1223240775399898,0.21525460481643677
4245,0.12053646514698592,0.8359564922999052,0.07112213495908364,0.18038418600777245,0.04798759992462569,0.13164996646336286,0.20983284711837769
4246,0.13356896052553577,0.9215108181838998,0.071204168081717,0.19267654666774311,0.04630546674613719,0.15820537970807802,0.21955713629722595
4247,0.14472132980289876,1.0464675153836631,0.0748911181197064,0.21368774630027162,0.05278400003685355,0.164820878912987,0.15288937091827393
4248,0.13496409009893698,1.0127689780201137,0.07218067429078655,0.20655043196640469,0.0482276410086165,0.1482204339189332,0.12789438664913177
4249,0.13924084105833467,1.1307580717949055,0.07401453680660963,0.22497789894779477,0.050002049116523124,0.1423048583541422,0.13255156576633453
4250,0.13424120279127744,1.0915082373725022,0.07465788369684878,0.21992221993622782,0.049956112188137815,0.13301976706719304,0.21107217669487
4251,0.13444261526126705,0.9907432324824178,0.07559753148065797,0.20633263162376653,0.05149792043695018,0.14411545891535732,0.19663143157958984
4252,0.1350021781002209,0.9561379886824152,0.07801437315194143,0.2034606039420091,0.04869163007581277,0.1506227850100133,0.20781224966049194
4253,0.1352257268337359,0.9862777895411492,0.06981309670625764,0.20073662425409927,0.05139080205186654,0.15125925077505362,0.21027147769927979
4254,0.13175829355711735,0.9697057777728262,0.06824403618215646,0.19702428498082356,0.04974954331717788,0.1464082075213215,0.25133806467056274
4255,0.1307028028535414,1.046695964144909,0.06926664450280483,0.20889940445167685,0.04972217711183101,0.13313882397916946,0.3177628815174103
4256,0.12718067050921375,1.031660078104681,0.06826943951909113,0.20589667360274683,0.04839102819124709,0.12724510483059312,0.30947718024253845
4257,0.12488849618095264,0.8904722448690987,0.07060210087380472,0.18772640715884675,0.0504541765945434,0.1350353537134034,0.2086891531944275
4258,0.1345182167195675,0.9343324683071457,0.069922235043373,0.19340941122391195,0.04882236472811917,0.1579722920207833,0.19843097031116486
4259,0.14228533649279795,0.9801565359337175,0.07079686289292707,0.20070538761304,0.053905446681201154,0.16850019534773336,0.19179747998714447
4260,0.1328434412935486,0.9538876967727072,0.06858249134392395,0.19505466354803586,0.0507301091451318,0.15025778745073698,0.14527276158332825
4261,0.13406341616642156,1.092284596567475,0.06671789203815481,0.21322742125662913,0.05103789238306281,0.13744224502292887,0.13681253790855408
4262,0.13309697544548327,1.0998159233723277,0.07122384819200413,0.21816557321776467,0.051805702473542665,0.1297918162451851,0.17119400203227997
4263,0.13282200550125275,1.026723479482368,0.0705305739636976,0.2071295604663648,0.0513628177267716,0.13907968420945077,0.1522408276796341
4264,0.13271637550459417,0.9812489603169933,0.07286006356795349,0.20262990596067348,0.04953649330481497,0.14432443328033157,0.1774037778377533
4265,0.13547343564846476,1.0006515518997667,0.06569973177334752,0.19926427750569314,0.05112478991162588,0.15346151404312394,0.21774941682815552
4266,0.13089132971603426,0.9581086534847141,0.06597857247033133,0.1934257269009574,0.049930973614796245,0.1470140437678098,0.23023423552513123
4267,0.12838390884246076,1.0122656523029199,0.07002017931442728,0.2046266754556405,0.04928494399077361,0.13088308230115475,0.26693296432495117
4268,0.12060082313496089,0.9288526583806072,0.0708304899044235,0.19340508540102117,0.04402885217097844,0.12389756824564274,0.2539282739162445
4269,0.1201011526698493,0.8192167650245208,0.07212034640879854,0.17884840621104456,0.04609000331053844,0.13345706151070047,0.18471474945545197
4270,0.13420185989588795,0.9258734156722976,0.0737640727000113,0.19549397883890934,0.04549051521291804,0.15819368241834292,0.12092535942792892
4271,0.14493948376171553,1.0474323927229132,0.07577704201617429,0.2145849492599941,0.0499057033439112,0.16715425931630057,0.12077510356903076
4272,0.13478534639366244,1.0136133713612412,0.07019963120293364,0.2049730226541204,0.04653816964309682,0.15058740932250658,0.1188461035490036
4273,0.1383920192443702,1.129727957113374,0.0718068708542612,0.22293845460556305,0.047474625755665203,0.14396660760594335,0.1332748979330063
4274,0.13464566698907657,1.0967984027361333,0.07619996761689142,0.22199974406249737,0.04646849681274174,0.13536587345412632,0.2190142124891281
4275,0.13252935885632902,0.9624040700645116,0.07631777672845784,0.20290153291932267,0.04661211813445421,0.14613129218285,0.187510147690773
4276,0.1340623990985104,0.9387934931849014,0.07895965999237993,0.20179306473416872,0.04567943773591817,0.1521331578595776,0.20012550055980682
4277,0.1353314291291812,0.971777206588553,0.06999793437290344,0.19882354468942484,0.04976257306897638,0.15464857706664722,0.20584769546985626
4278,0.13125904899794083,0.9628731704510869,0.06568615205462898,0.19385572611126584,0.04782473984089688,0.14949197703619488,0.26728618144989014
4279,0.13179491185062525,1.055501980555999,0.06702728191829273,0.20823795315225077,0.04827417518182268,0.13798789529690522,0.34446313977241516
4280,0.12826702748826663,1.0365032029176344,0.0684752589423679,0.20676496522454885,0.04589669012454336,0.13165537716227754,0.30435293912887573
4281,0.12697136343775609,0.9208201409746543,0.0695056522030704,0.1911220077418681,0.047790442504228085,0.14012285548849512,0.22464556992053986
4282,0.13668291005714703,0.9402764761290638,0.0717070510190986,0.19578839746337934,0.04746472586403442,0.16303151974566732,0.19083532691001892
4283,0.14135570044202647,0.9847233292295073,0.0687707863434975,0.19962114961292748,0.051635846441086826,0.16887830466831033,0.1768292784690857
4284,0.13245000333155815,0.9675816948445419,0.06660867519181739,0.195319106570778,0.04926465212849164,0.15022672029992395,0.16235345602035522
4285,0.13466782588550993,1.093809422137638,0.06695820152700432,0.2136512330428091,0.050492508425899404,0.13921074740003234,0.19147996604442596
4286,0.13330182556512662,1.0883271136251387,0.07500451808237678,0.2197648888741999,0.05004006501377151,0.1305006856521233,0.23983129858970642
4287,0.13330000998723898,1.0111879961955765,0.07354464581608737,0.20749369587030012,0.050395101995054974,0.14092232933272153,0.20207737386226654
4288,0.1335683055938859,0.9766063790420945,0.07644087937946226,0.2050359507598383,0.046041370664437795,0.1476201841369446,0.219550222158432
4289,0.13557363272274195,1.0077126880661922,0.06733882157132949,0.20167794535630987,0.05134564424397138,0.15143184908729426,0.21894210577011108
4290,0.13149682157813336,0.9747556521063945,0.06902670091825165,0.19841655108798634,0.0505073053388883,0.14380788496635147,0.1862470805644989
4291,0.12704487942344247,1.0072695190201864,0.07018296762016439,0.20405247496302464,0.04888845188488822,0.12805010742254308,0.22427695989608765
4292,0.11825955057558075,0.8771717527258764,0.0708242646591845,0.1860167629544262,0.04820182657548565,0.12027249824417424,0.16729140281677246
4293,0.11974473861216714,0.7971085702893801,0.0726169420001849,0.17611574604149846,0.047837121894520364,0.1333392717394431,0.1676080822944641
4294,0.13483680148527155,0.9240887938504203,0.072475710229638,0.19413472217546404,0.047563632984493155,0.15931514331953425,0.15044763684272766
4295,0.14468041185635133,1.04324069275693,0.07348191438854834,0.2120188827268886,0.05363166959160553,0.16542689932628377,0.13296522200107574
4296,0.13371467089890474,1.0168937565126246,0.06742026457208923,0.2030593348493086,0.050360262279704124,0.1459731974841018,0.11577807366847992
4297,0.13802783573093616,1.140040761469052,0.06753402335603519,0.22074927165789474,0.051722526944100025,0.1411637244833291,0.13530926406383514
4298,0.13326732679537132,1.0793774077077016,0.07213809557083152,0.21602942587609866,0.05140172724776594,0.13248288970388955,0.22250589728355408
4299,0.12964435412941278,0.9369023244239374,0.07220246732449327,0.19573101833869957,0.04987284325030721,0.14161859496550416,0.21816958487033844
4300,0.13128145037562794,0.9156284880735832,0.0771878197977461,0.1969650581228657,0.046880256110783926,0.14765933857853344,0.19778241217136383
4301,0.13444569283047691,0.9670038227680875,0.0688773794796343,0.1971811570922705,0.053066493742323084,0.15075896080354217,0.20796021819114685
4302,0.12945283100150556,0.9649034341963143,0.06763292634206723,0.19581442746410252,0.04957650896428757,0.14127821587929895,0.2654629349708557
4303,0.13069108516275996,1.0574476212032249,0.06587374499271993,0.20752715587993492,0.049845168280460324,0.134199700557244,0.37304219603538513
4304,0.12902302933905846,1.0381684787367984,0.06547524156790376,0.20443141830631723,0.049796453131704554,0.1323639431741417,0.34222882986068726
4305,0.12700932377916677,0.9144500709080061,0.06798598495951948,0.18890942580930328,0.04940294851756346,0.14075231285670026,0.2702387869358063
4306,0.13670864888069775,0.9374652308550051,0.06890265576669193,0.19298302363645095,0.05000198769828567,0.1633368995040243,0.20860522985458374
4307,0.143048677539277,0.9990724520678534,0.06972026885975534,0.2024848664609122,0.05402754184812968,0.1689355059626001,0.20215320587158203
4308,0.13398235069165046,0.9805983750641787,0.0677212771661876,0.19813229115161493,0.05108416133322591,0.15038706847780303,0.18304067850112915
4309,0.13580239678830008,1.098742539707502,0.06921016532418421,0.21628621880751536,0.05034630919868477,0.14015312916240022,0.19573663175106049
4310,0.13389367872751468,1.0846769470423547,0.07192738761609314,0.21660589610555908,0.051627482912103805,0.1335034098602103,0.31067442893981934
4311,0.1358582805492408,1.026328787804763,0.07535629359650159,0.2112095070548247,0.05079100305260987,0.14435982516640694,0.25149229168891907
4312,0.13626494257654445,0.9511921699953492,0.07785873710477723,0.20262065608914465,0.05130112897848598,0.15254703015132046,0.2804851233959198
4313,0.14043457724438446,1.0015492525831493,0.07530678411826701,0.20762713675610733,0.056355289783369227,0.15521046420001527,0.32376107573509216
4314,0.13697267747292316,0.9986473539088299,0.07390808234056988,0.20601369256460703,0.05583156805387184,0.14756026000936961,0.3963772654533386
4315,0.1382125771426743,1.093103229425693,0.07292235603795434,0.21866248080763132,0.054861457447631996,0.14075114116899887,0.3823055624961853
4316,0.13356092237364622,1.0594780784821365,0.06686761888184632,0.2086691131104592,0.05282287987610557,0.1384870426642829,0.3121887445449829
4317,0.1297408165005047,0.908133166528307,0.06346739991748092,0.1841339380047418,0.05168060493149992,0.1504495203071764,0.23539285361766815
4318,0.13658874725653924,0.9379485232983994,0.06293527989888832,0.18793717181310418,0.046232412646221646,0.17072066855357282,0.18338461220264435
4319,0.13862626024261773,0.9921652943535659,0.05684358757959257,0.19046097426158878,0.04652952821034242,0.17385552600425902,0.1526733934879303
4320,0.1294994954417893,0.9842712913068827,0.05738538657271966,0.18979765867760007,0.042259237085169446,0.15307382867249716,0.14412441849708557
4321,0.13098485126499967,1.0919720416123768,0.05925963611576615,0.20678997975813912,0.0440301313825005,0.1407407437306894,0.1817033737897873
4322,0.12732764205916458,1.0656628038714477,0.060098406138988536,0.2037504629579113,0.04117885983255604,0.1358378582210437,0.2873350977897644
4323,0.12543682900949404,0.9737713181855377,0.05917705246306396,0.18983337613770307,0.03774588066939887,0.14581943006989445,0.2519403100013733
4324,0.12698872200651007,0.9140050340694097,0.06311412633389672,0.18466997029611285,0.03609509812562857,0.15604955064887893,0.23664170503616333
4325,0.13024867030954027,0.9942000485907897,0.05903985968521108,0.19263417238600802,0.036298963795271595,0.1578673491926161,0.2201053500175476
4326,0.12556211926050606,0.9906506953065901,0.05722864618143997,0.19057465319931857,0.037106656113146355,0.14607468231798487,0.265775591135025
4327,0.1273713815191936,1.078823070650666,0.060816592540473,0.20624608941335776,0.03967428852972083,0.1350909684775887,0.3088025748729706
4328,0.12262861043397141,1.0412286306719483,0.05744333568815444,0.19798409211441073,0.0376658679205618,0.1310349636628204,0.3114441931247711
4329,0.11656962742532265,0.9001659949486751,0.05481451880661389,0.17557901539833692,0.03750047685249853,0.1341219197001563,0.21131600439548492
4330,0.12578483979771823,0.9281200332862145,0.05473647176153342,0.179505551979345,0.03728965942480538,0.15621249946509358,0.15613016486167908
4331,0.1301325674345608,0.9867651501310268,0.04943340287696182,0.1833379381989711,0.03969829470110279,0.16270785665747753,0.15714947879314423
4332,0.12461912720258454,1.0187542810555272,0.05235333556161276,0.19041061348931482,0.036776925481578356,0.14391350320757595,0.14368337392807007
4333,0.12555347645308385,1.1074000416553762,0.053054615900027476,0.2036753910079344,0.040423379389046055,0.13168563614862266,0.18218234181404114
4334,0.12122783295859013,1.0831253193174823,0.0539828103651979,0.20100316878695285,0.03788433429967127,0.12434997543532675,0.25651219487190247
4335,0.12004581728226495,0.9924379937511663,0.051260985660649655,0.18571484395929488,0.03902748593451298,0.1334764588691467,0.16884009540081024
4336,0.12037149388992611,0.9378443110186571,0.05601065446632619,0.18198689111665914,0.03648279498366265,0.13986063285951525,0.17161808907985687
4337,0.12609263876339957,0.9875777123553449,0.05448938472303235,0.18778771724193416,0.04043688461289024,0.14705822997637746,0.15820883214473724
4338,0.1217081728379306,0.9407022342537591,0.053008924585443096,0.17982225453805967,0.04010341107992743,0.14226251788857047,0.1662270873785019
4339,0.12215646230971101,1.0287668170234225,0.058129210152254675,0.19679172541956438,0.0397290000327128,0.12897463658096275,0.1772584766149521
4340,0.11474353426526704,0.9245137558294523,0.057220978599085,0.18111994677485174,0.03719240490467311,0.12452141150990007,0.1963346153497696
4341,0.1120323011003162,0.7997232857769854,0.05469778319110438,0.16112999784623025,0.038562054398549615,0.13335828231168717,0.16772840917110443
4342,0.12492475525972191,0.9019615620063555,0.05359708121774995,0.1747920070446936,0.03698258213156662,0.15824031143500752,0.12464012950658798
4343,0.1318978090917856,1.0389479851236358,0.051031496369010665,0.1921624233339571,0.039894019641736216,0.15966958739867884,0.08393491804599762
4344,0.12629562614460513,1.0391731414683103,0.05435254377019483,0.19504120058421132,0.03738219012642582,0.1439425050258566,0.10081162303686142
4345,0.12861645833751856,1.1355132556757033,0.05681239437331124,0.21091251741651013,0.03954799204929189,0.13454231464559924,0.12777253985404968
4346,0.12459025120778566,1.0859914873716559,0.058440781073870775,0.20523373911641146,0.03890548761191654,0.12900136743412355,0.2387104481458664
4347,0.12198983850321432,0.9493953317680824,0.053990250073367496,0.18190526174404106,0.0409918013543807,0.14043712567272035,0.21679756045341492
4348,0.12270665240565104,0.907566878832177,0.06025553653120019,0.18130001400276832,0.03900489080104263,0.1446765024122058,0.1789444535970688
4349,0.12774071840827672,0.977641609540348,0.05662820634839257,0.18820154966152908,0.04405481666307647,0.14806265508873118,0.14923137426376343
4350,0.12585590108482317,0.9635703404642346,0.05579337258492789,0.185475796567686,0.0446302918448897,0.14476090062226,0.19051529467105865
4351,0.12946071685583435,1.084504998822873,0.05934788313682082,0.20579889966339968,0.045446827540880204,0.13617696004979962,0.239182248711586
4352,0.12511613505070715,1.040699989646811,0.05953527376207535,0.19970166174560902,0.043237927572551835,0.13149723073605393,0.2470318078994751
4353,0.1192969471749956,0.9068253008049276,0.05744730589794338,0.17878701945608397,0.04215685701312114,0.1347407128206834,0.1956360787153244
4354,0.12653158654758698,0.9465046080627957,0.05577095347306912,0.18301861841445863,0.03797415322519931,0.15459318782116344,0.1441630721092224
4355,0.1298457949266686,0.9933645194221961,0.048493729004241426,0.18347527049252063,0.038913240934971186,0.16248598854928323,0.1350194364786148
4356,0.12506261351636996,0.9881215991323089,0.05263619115082652,0.18627696371960975,0.039759109008335354,0.1461406235330655,0.14112888276576996
4357,0.12475866501374942,1.0930220262656374,0.054986420331632486,0.20327722117934746,0.03878050148166639,0.1312858214594238,0.1560361236333847
4358,0.1192786773699399,1.0689815920797092,0.05532026540462857,0.20012902635821153,0.03567511879058579,0.12168773576213707,0.1867661327123642
4359,0.11747171250769468,0.9969444953368154,0.04895680122429269,0.18438361466893877,0.03496297084067442,0.13111894707524885,0.1830703169107437
4360,0.11650756875274287,0.9255276809177397,0.053428344844395716,0.17801396428344488,0.03209542749778078,0.13655009626147044,0.15919622778892517
4361,0.12381020606665931,0.9769852112268053,0.05380339571372362,0.18568651221559243,0.03602961326315725,0.14647645688940714,0.1532565951347351
4362,0.11993089019579438,0.9110487026625518,0.054347267878973045,0.17673318713377004,0.03693931082943209,0.14284651232063272,0.15180809795856476
4363,0.1199524562257077,1.0042497054365676,0.05628574572138494,0.1917091685378396,0.039859509029948996,0.12724666174888116,0.1748349517583847
4364,0.11014923489427518,0.8846374545253194,0.05655283897908905,0.1748506411999791,0.03492104604253525,0.1193601696220567,0.176245778799057
4365,0.10921935613088785,0.7917591083437845,0.055113618496775436,0.16034868847491962,0.03688739725021232,0.12777165435045118,0.15439297258853912
4366,0.12073970183941712,0.8921062957163294,0.052430676795663954,0.17238433664147326,0.034642904600083936,0.15088534397203446,0.09974353015422821
4367,0.12922861710280428,1.0310413725347505,0.04731688836179262,0.187848957529358,0.03769688779807788,0.15802608237120536,0.09403001517057419
4368,0.12345630618427722,1.03666005592437,0.05045107067636032,0.19133806856893315,0.03555796398921898,0.14097081351837926,0.10002729296684265
4369,0.12842776188989471,1.1317697741403447,0.05589556603290635,0.20959188147682614,0.04123746689010902,0.1337006653761422,0.11325082182884216
4370,0.12171316778387854,1.0727348324391124,0.05707452576986779,0.20216885529404557,0.03743481799371974,0.12505799727887132,0.21783746778964996
4371,0.11773574666833757,0.9304463137361962,0.052827967454781015,0.1782020169235546,0.03588861412174655,0.13644400117328978,0.19075965881347656
4372,0.11768220410705656,0.9084991260566982,0.05667186203101312,0.17836147117753956,0.03405293507872026,0.13776345582017813,0.16638308763504028
4373,0.12293593764954518,0.9619630867748453,0.05449799267058871,0.18413586325691103,0.037551620921991984,0.1440972798797091,0.15721501410007477
4374,0.12041584972660244,0.9267440621259668,0.05340703142926876,0.17816946438593992,0.039623823279124615,0.14057446004122526,0.17497222125530243
4375,0.12363810777702446,1.0534447692229985,0.054907433575006014,0.19755562438186208,0.040810505899529156,0.13143443239059993,0.24780277907848358
4376,0.11812388656438712,0.9890566565493069,0.05562785397925957,0.1889748257749806,0.03675457259193955,0.12732746448100946,0.2437564581632614
4377,0.11442693544026977,0.8508079145121002,0.05530485640139754,0.1689481504172122,0.03799492601495622,0.13359888058259445,0.15779273211956024
4378,0.12430278950478399,0.9363760845389921,0.05127220704463289,0.17771561811525566,0.036009710822163074,0.15482300831791457,0.14844559133052826
4379,0.13066956690419168,1.0103744878704866,0.049971197976552494,0.18717166796140022,0.03844191697990513,0.16192942216288486,0.13743126392364502
4380,0.12489119528735942,1.0145630952355762,0.05067986290096416,0.18837746752019444,0.039479418748273175,0.14407601155532923,0.13553841412067413
4381,0.12389337464428801,1.1059030438185165,0.051013485513968594,0.2017119938431897,0.040792423681538396,0.12851541493765495,0.12701262533664703
4382,0.11850778523820803,1.0687887656895543,0.05415374889395599,0.1991016084361843,0.037049936286432446,0.11926380777278243,0.19881314039230347
4383,0.11577085632212811,0.9560838808443295,0.0486028152787881,0.17824296750243687,0.036349093917152984,0.13060180114371117,0.1921970546245575
4384,0.11381380479572192,0.8863307262325926,0.049405827144473204,0.16896652701420453,0.03399632058814787,0.13539547153617693,0.17873360216617584
4385,0.1223227148671623,0.9581537917094839,0.051059189827940867,0.18064413295387557,0.03823942894100148,0.1448643492266789,0.17851008474826813
4386,0.11884025713929391,0.915697606812935,0.05007880760471637,0.17373863606303333,0.039454497947750015,0.14026671487362283,0.15024714171886444
4387,0.11827604034315196,0.9742404076210648,0.05250306285359487,0.18417982639180483,0.04157184601482898,0.12772639758786328,0.16318565607070923
4388,0.10899869375658514,0.8646930989683241,0.05303451483796278,0.16898574114230014,0.0381059752293222,0.1185411560054396,0.16028575599193573
4389,0.10805712990568535,0.773124433049804,0.05237311175090283,0.15533758622217445,0.038258660970204215,0.1277603909473034,0.16333913803100586
4390,0.11882580875153011,0.8770539381580758,0.04962906218389823,0.16783261589449502,0.03335866652374738,0.15072860195074567,0.12458852678537369
4391,0.12722001268431402,1.012582923902899,0.04691730076569156,0.18486953264243544,0.03490922048105707,0.15754862589880758,0.09758756309747696
4392,0.12206843756650108,1.0244301219749579,0.047637351410387184,0.18717917577675441,0.03510325894570832,0.14119107292572308,0.09906933456659317
4393,0.12700629194240387,1.1249268729599078,0.052737868424035106,0.20590772621487405,0.04149090888699788,0.13279349712747274,0.09747268259525299
4394,0.12057320946632624,1.0535943330351922,0.056314669120647955,0.19878319253701143,0.038685037795551276,0.12379162449140485,0.18495285511016846
4395,0.11608046573656146,0.9210917032182451,0.05162396514786074,0.1758336420150585,0.035668809805843846,0.13415663543225448,0.20697107911109924
4396,0.1152191575277783,0.8803597252297933,0.05197628393159274,0.17031677554562138,0.03346402045760846,0.13854448669856417,0.18599075078964233
4397,0.12170866177356593,0.9590534525051644,0.05145919767317519,0.18111551979203075,0.03835140048252245,0.1426652646370722,0.1547885537147522
4398,0.11915431476864023,0.9462087524876848,0.049952301026858215,0.17798893694983345,0.03878398198392763,0.13799806154671962,0.17443837225437164
4399,0.12252026442688653,1.0389179441374319,0.05113434419085571,0.1922462870403666,0.042894465949982606,0.1311825683073824,0.2295381724834442
4400,0.11694394467730308,0.9784873532551501,0.05130550529991113,0.18376005500780243,0.039312393823925165,0.12640745513482185,0.22466355562210083
4401,0.11234582082044961,0.851076540249543,0.05094603994136363,0.1652503971282464,0.03806825886590992,0.13104718326134962,0.1911897212266922
4402,0.1214583799350796,0.9150734507742212,0.04855922965566927,0.17234697552974815,0.03443184361112355,0.1530790780732062,0.1258850395679474
4403,0.12911314254582326,1.005084412095791,0.04902006722256532,0.18560068791874043,0.038514524185595096,0.15896033140972038,0.12918494641780853
4404,0.12304018727653565,1.0038689107287042,0.04873133392225759,0.1851795591803214,0.03820672160588878,0.1428975193225391,0.1452745795249939
4405,0.12374079911916472,1.101165831262603,0.05100725433391804,0.20102990818087305,0.04238164192288104,0.1273020912369181,0.12662892043590546
4406,0.11735572029327807,1.0433105855198561,0.053354455143343256,0.19477675948284512,0.03926714243855389,0.11793981662529056,0.19186362624168396
4407,0.11450876946376543,0.9398826706273125,0.047822363829032564,0.17525955051450112,0.034868986312661325,0.13103664630158776,0.18463395535945892
4408,0.11171223737474613,0.8578149897510673,0.04794650610595571,0.16364200376954305,0.03324719808058384,0.1349306011616908,0.23004809021949768
4409,0.11942097511922327,0.9439205638469557,0.04847626252060633,0.1763968769957991,0.03657959516724175,0.14205326843520322,0.21145819127559662
4410,0.11648608492011427,0.9105745508199088,0.048661503072254676,0.17179193846477672,0.03922257677216861,0.13569903269798703,0.1678299754858017
4411,0.11504562048311297,0.9415178341898025,0.053054310599959124,0.17997767111279386,0.041937683567888774,0.12219952098296333,0.15583351254463196
4412,0.1049787559564148,0.8229918178846753,0.05305117730334077,0.16304269738638857,0.0381822612778021,0.11261974004897386,0.13950635492801666
4413,0.10304071063342497,0.7446347699134049,0.05047900970459804,0.14964411830585614,0.03756588857958533,0.11955319821715737,0.12399913370609283
4414,0.11532552383457162,0.8584621449948653,0.04922024767456331,0.16482623300603502,0.034140205986537005,0.1430495564265714,0.11256365478038788
4415,0.1243130962903769,1.0014408587096977,0.04661558029903675,0.18301919150055973,0.03771969632552154,0.14871448795071535,0.10434608161449432
4416,0.11941637545390743,1.0098729935250947,0.046690322359561054,0.18428784681178015,0.036664742364572435,0.13506151696893692,0.10996811836957932
4417,0.12320961439434021,1.1010635791412338,0.05079751661024504,0.20083552554324344,0.04048377578283058,0.12767205092412084,0.11755570769309998
4418,0.11517158034112773,1.0141608340511834,0.05112802849733411,0.18870414357645543,0.03889326784521595,0.11757411094413885,0.19990091025829315
4419,0.11133412515578152,0.8817928421709849,0.04860051297847864,0.1676279885774081,0.035104407196610274,0.12877799787613312,0.2004934549331665
4420,0.11116895048522113,0.8385645898512746,0.05011357869079656,0.1627494374280077,0.03452433605921324,0.1331000620330398,0.19991829991340637
4421,0.11645121350283368,0.9188428068801247,0.04671663499960279,0.17130608812539164,0.03822820447949012,0.13689833110352106,0.16946986317634583
4422,0.11460789925980999,0.8987986385848175,0.04715625784308958,0.16881945509190782,0.04019940082456023,0.13228022403756792,0.1775481104850769
4423,0.11727714879453442,0.9756541846608341,0.05113023390117974,0.18320508400970179,0.041643510772376664,0.125769638750651,0.2418029010295868
4424,0.11309124780515263,0.9267729496386758,0.051896432595442486,0.17687879217304725,0.03908083901917309,0.12203625417097692,0.2391761839389801
4425,0.11024089709085795,0.823898767979399,0.050763842467352514,0.16121168896907342,0.03806879926167398,0.1287920397979554,0.21705473959445953
4426,0.11964815332666388,0.8877766881106404,0.04983420222556132,0.16954027163771546,0.034660889782178274,0.15035640540591866,0.16907089948654175
4427,0.12608537767981706,0.9741057882359876,0.04794016772609074,0.1802495420846474,0.03917223057858784,0.15474073753916603,0.15500648319721222
4428,0.12101237465655457,0.9930279884394093,0.04765357939421252,0.1827070664006692,0.038693464206125676,0.13905856602457956,0.16185256838798523
4429,0.12144196108852157,1.0798281431529986,0.0511106471850326,0.19807028946617058,0.03953275467719476,0.12606272936798962,0.15158261358737946
4430,0.11377729099219151,1.00443137296907,0.051989474555377474,0.18805260290019069,0.03666933668474678,0.11625585309170641,0.18777307868003845
4431,0.11337397236760773,0.9099284746637706,0.04927195520321781,0.17222288655472534,0.034580203855870406,0.13082571990164998,0.20026038587093353
4432,0.11113663492714122,0.8483524321865408,0.05043824124601597,0.1644259828089481,0.03254583374102291,0.13327540656841377,0.20882795751094818
4433,0.11679043445307241,0.9118871585594551,0.0478376879373609,0.17127332659766006,0.03755491715042659,0.1384489814663733,0.18155474960803986
4434,0.11404568433622925,0.878718965244339,0.048255486241631416,0.16689312609916107,0.040145602994769214,0.1324667439674414,0.16300569474697113
4435,0.11288100647237397,0.9036430043696284,0.053158595341014046,0.1746563680593875,0.04100282869993351,0.12172097063462249,0.16583222150802612
4436,0.10443136198539746,0.816980805229862,0.05456162907373655,0.16347865423889735,0.035745344020338306,0.11286524698301184,0.12282411754131317
4437,0.1048321881455942,0.7535433128196676,0.05305809188255816,0.15312740915928807,0.0366373297906613,0.1222443708191783,0.1362188309431076
4438,0.115744585669898,0.8659180392359275,0.04961796701448585,0.16623226304612038,0.032796762892182196,0.14414721289620475,0.11330415308475494
4439,0.12360355910644714,1.0043821438963065,0.046314199440783375,0.18318104864871523,0.03619818500823207,0.14795295809290074,0.10770376771688461
4440,0.11705162803407204,0.9866834734690455,0.04549399391787379,0.17994963385375545,0.0356035001769578,0.13328298481682402,0.10312443971633911
4441,0.12161176579603662,1.0954967328495289,0.05084161022988259,0.2000780563184035,0.03779499855797107,0.1262934329222729,0.1403108835220337
4442,0.11403281688176549,1.0027613933529325,0.05131976857117324,0.18724000068285312,0.03593269015022825,0.11831414194590892,0.22218868136405945
4443,0.11097954511684562,0.8662017817004442,0.050698407925357285,0.16719888989322684,0.034554274166958276,0.12865973051866353,0.21311239898204803
4444,0.1089860353346718,0.817536258353603,0.05117767100927025,0.1606574692013178,0.03283875059727195,0.13040240484658144,0.20201556384563446
4445,0.11638920415380309,0.9101393606476577,0.049417269239611615,0.1723775680121896,0.03689740664762408,0.13695470859562153,0.18337272107601166
4446,0.11477328275659787,0.8963403958017472,0.049698321720696326,0.1706471894465607,0.0403638173104977,0.13099189666821803,0.20196527242660522
4447,0.11607805138526724,0.9564922330510657,0.055174641784236624,0.18393429767949795,0.041385722991454744,0.12205962322240133,0.2715016305446625
4448,0.11047618973089059,0.8833808811887831,0.05530523027351969,0.17360175183284304,0.037395239106976584,0.11918715468760696,0.23184241354465485
4449,0.10803674990794004,0.7832532310484237,0.053716989853577195,0.15793645288141242,0.03556615644280212,0.1277862790881474,0.19302977621555328
4450,0.11643461925374861,0.8568100583977928,0.05126625361744238,0.16634394001463532,0.030997204103491587,0.14752170184444763,0.17119449377059937
4451,0.1236402325553937,1.0044591046838645,0.04852764658144604,0.1850892834532201,0.031169582820196867,0.1507841315380928,0.14186881482601166
4452,0.11867267454006193,1.0204110453727626,0.04833503624347252,0.18720303754765683,0.030707346269889132,0.13567826914481762,0.13270609080791473
4453,0.12032870407688921,1.1069942756466684,0.05381550720141989,0.20426961697931256,0.031542871041148786,0.12456800919354169,0.16236139833927155
4454,0.11403743374458944,1.045444162558562,0.05231508320440361,0.19419066596928336,0.029806132293018536,0.11760574431810679,0.18315571546554565
4455,0.11110835081512023,0.9083489912418453,0.05106048778874942,0.17353027399633456,0.029157929001175354,0.12819578711875945,0.19590716063976288
4456,0.1098454272949735,0.8590466121091092,0.05047672497135853,0.16598670884818004,0.028529647502464124,0.13187311325436346,0.2384496033191681
4457,0.11599211331520493,0.9184032282271605,0.04823413986978581,0.172544009635125,0.029413405185339494,0.14226557364890713,0.21888987720012665
4458,0.1145036252636773,0.9016688656032318,0.04854773353284423,0.170422180971471,0.03242428196966394,0.13739431440161948,0.18671450018882751
4459,0.11285229890419222,0.9311137389695314,0.05533237102865061,0.180443995020205,0.031342831339720705,0.1250303489215936,0.21228355169296265
4460,0.10512262262690007,0.8299179491794324,0.05563457616319412,0.16624648659408534,0.03139842877417271,0.11614791127674946,0.15509389340877533
4461,0.10375150365021592,0.7540727756961441,0.05450590466194594,0.1544440290954028,0.030682240088078357,0.12333114950254773,0.13303905725479126
4462,0.11519477619247614,0.8655827847857269,0.05262587027679675,0.16876257234950107,0.028229430394200623,0.14441763212857045,0.13289190828800201
4463,0.1228864324848476,1.0142542506274426,0.048076166493468596,0.1861016070840363,0.029976142409633113,0.14886965852637013,0.12949584424495697
4464,0.1173218253800638,1.0098022470004804,0.046639034359196085,0.18423377902223675,0.0298656174908469,0.13529804784622732,0.1190672516822815
4465,0.12016565632854827,1.0893766851808362,0.05190770284000582,0.20011755746012444,0.031243888662185613,0.12801428954648647,0.147219717502594
4466,0.11327197090463792,1.0055322114150544,0.050768219331576596,0.18716307534350202,0.030301696182328055,0.12121624490265301,0.20428314805030823
4467,0.11137502682634202,0.8886752697317258,0.050423681961738076,0.17017390878602207,0.029264321527670806,0.1317728722479593,0.20951539278030396
4468,0.1108536280456649,0.8470044188691143,0.05096881762741865,0.16468818923337514,0.028999334989630258,0.13537089343044878,0.19638502597808838
4469,0.11529139897665477,0.9281754966944198,0.04821914434971334,0.17392719468467138,0.029804585528255243,0.1387860394994898,0.173405259847641
4470,0.11402531801223814,0.9153096811975896,0.047978232907903345,0.17188272552071568,0.033366257606927775,0.13397676429696692,0.2026580274105072
4471,0.11635958939383727,0.9883162706248277,0.05332876189553698,0.18689840599972138,0.03239209310693146,0.1281096841147313,0.2673550546169281
4472,0.11445425426043053,0.9527091113332187,0.055946718725464084,0.18405563195514332,0.03146177361338197,0.12617146934372436,0.264335036277771
4473,0.1101474786548955,0.8364628709217243,0.05307376695542854,0.1649864960934708,0.031225495195711255,0.13122007392292828,0.26467615365982056
4474,0.1185450436611011,0.8853578963470643,0.05155516048120563,0.17066983703347116,0.02798147461190811,0.15217897237832118,0.2388763278722763
4475,0.1226673693634901,0.9528589261592956,0.048294967333612764,0.17751839002299602,0.03181445281080826,0.15416902827001905,0.18407711386680603
4476,0.11755710639732665,0.9794788817442917,0.04809073549868567,0.18114618496234366,0.030837839972170687,0.1377960207749483,0.13735149800777435
4477,0.11624847341154246,1.0665418261041983,0.04963790420210775,0.19490989304526352,0.028913113214693604,0.12383817140427925,0.12683652341365814
4478,0.10977719600526231,0.9957737166998715,0.050006511451751355,0.1851161122014828,0.028203205605570787,0.11523288593329951,0.1838531494140625
4479,0.11092430023539325,0.9243562409806403,0.04833421813134833,0.1734802213955329,0.028028363813374892,0.1287218135895371,0.19263865053653717
4480,0.10848124590915434,0.839613584704993,0.04704061542622521,0.16026532532319201,0.02760674634935539,0.13393536353669547,0.20047612488269806
4481,0.11619322008261088,0.9125503690661357,0.04772824460654884,0.1712742623864898,0.03182081789576087,0.1418231599802105,0.1734115034341812
4482,0.11506158066349426,0.9139128366926077,0.047727198140579685,0.17146800364801226,0.03291511838391067,0.13758411504667664,0.18307721614837646
4483,0.11470077512458147,0.9758743517260277,0.05214101645115368,0.18410292149042137,0.03120412284899852,0.12703346779560656,0.19575482606887817
4484,0.10538486964902587,0.8751588990188948,0.0509732176610894,0.16871402928363302,0.0322203215510072,0.11399083455451096,0.20165927708148956
4485,0.10261881091774848,0.780084696801215,0.048005304743615834,0.15258807503755856,0.031077875924028102,0.12149402293242,0.22824381291866302
4486,0.11192711104277925,0.8556945110642744,0.04576465633491433,0.16146892129625148,0.02762766981034916,0.1423400381493673,0.17172425985336304
4487,0.11886874752326947,1.001521633741969,0.04451906371208044,0.18123371657349313,0.03034254363143458,0.14175982800967926,0.12892907857894897
4488,0.11589306954597003,1.0287841384952099,0.0447523185625703,0.18532829283866165,0.029800054253697188,0.13046863754560356,0.11379015445709229
4489,0.11651459349246075,1.1047069817616582,0.048357568579174885,0.1992646276052439,0.028462578339610363,0.1211538269025196,0.15005148947238922
4490,0.10987670132941539,1.0269395296603,0.0452534433955285,0.18549431286192444,0.028031941373057263,0.11532545620028338,0.23318418860435486
4491,0.10919824413620818,0.9180613199461669,0.04470554197523537,0.16947065311393988,0.02753183743962243,0.1279179921402055,0.21003024280071259
4492,0.10839404042577838,0.8609097440846206,0.04306921139421571,0.15990357320713072,0.027213413679274472,0.1343562476452861,0.20870351791381836
4493,0.11033531648621081,0.9266706811736436,0.041058672310092505,0.1675746735763141,0.029175230971554007,0.13126595385769513,0.18187102675437927
4494,0.10881900029207087,0.9107289475312957,0.04213851702206742,0.16622286423767146,0.03044932650027494,0.1271640839074918,0.2186296582221985
4495,0.11206365830621907,1.009012490146262,0.047833076873470215,0.18514442162672623,0.027242986187965206,0.12233607850424742,0.28220364451408386
4496,0.11029530092189876,0.9777167028765479,0.04775644347205179,0.1806079091012655,0.028810734402704565,0.12007076446924776,0.308362752199173
4497,0.10607686041801116,0.8373111731228448,0.04584519089093176,0.15891175978120506,0.028671770772413785,0.12757577691511424,0.22724905610084534
4498,0.11525591089521292,0.883224279115298,0.04552563617084801,0.165196870877198,0.028016206549341775,0.14789231221361324,0.18280449509620667
4499,0.1203349352462451,0.9821882871946175,0.044510055620624926,0.1784640887026238,0.030703131442751743,0.14789975429997038,0.17709432542324066
4500,0.11660334794452248,1.0329878405392874,0.043803357526727336,0.1851154265285216,0.03053684545461086,0.13196346886219593,0.13173401355743408
4501,0.11354558459146492,1.0980843283677344,0.045399644296077145,0.19578317059202818,0.026453340191715698,0.11779341069075268,0.16840294003486633
4502,0.10911631680248873,1.057234989893351,0.04377708670220338,0.1885567871580817,0.027091986448535187,0.1113771943010543,0.23710374534130096
4503,0.10961984213714292,0.9690425969536818,0.04385234407331965,0.1760223801990857,0.02801569479014974,0.12292125026156205,0.17697858810424805
4504,0.10644822054166662,0.8836779863281832,0.04090388927510348,0.16130018885411485,0.02849958039649143,0.12665780839530266,0.18630650639533997
4505,0.11158522000756585,0.9271325883172934,0.04037252493230026,0.16705253398729925,0.029657054885143568,0.13473846475741855,0.1572439819574356
4506,0.1092542730526903,0.8981667681152097,0.04079445274781219,0.16327621208601184,0.030046009491313856,0.13129230701473832,0.17269232869148254
4507,0.1100312902600304,0.9856729607715959,0.04368211688095294,0.17825223743675908,0.02907468089659663,0.12117499467339735,0.2032850831747055
4508,0.10343317719773566,0.8903284551935977,0.0458413440473513,0.16648235992538649,0.027729789758814686,0.114505606320097,0.21611523628234863
4509,0.10151258296217357,0.78760276754512,0.04593276767969289,0.15188562480332532,0.028705047329323965,0.12114276502990914,0.2139345109462738
4510,0.11155530048322708,0.8428636024292602,0.04501057939292819,0.15898958268383276,0.028242727287755055,0.14294880510373514,0.16013438999652863
4511,0.11878421999392023,0.9955977148813293,0.04388545666538087,0.17984435069623064,0.03114694371959909,0.14203922236942962,0.11668051034212112
4512,0.11550971673397675,1.0315028590460726,0.04294529936260776,0.184167807888817,0.029766665652690674,0.13045905666961688,0.11294321715831757
4513,0.11696871696509303,1.109822288251452,0.04740022479277186,0.199174805286869,0.02962939729962793,0.121460294390821,0.14441756904125214
4514,0.10822420105536677,1.0092849557865986,0.04385105493566599,0.18177018362865635,0.027114062286276285,0.11484283772669263,0.2197524905204773
4515,0.11012175207096084,0.9257370375367882,0.045677903946054164,0.17140063731615898,0.028644373022591263,0.12779543414873581,0.20626749098300934
4516,0.10730709693488052,0.8617904314145477,0.04337434618746152,0.16029092979133094,0.027939567700167905,0.13039283126585996,0.18953335285186768
4517,0.10972297533548771,0.9171677847169231,0.04243581490011936,0.1673975248739485,0.029777232419781148,0.1292102695405778,0.15498478710651398
4518,0.10720923248221047,0.903207009653229,0.040997183677759855,0.16417001595996972,0.029459067748349537,0.12539994108129937,0.20430301129817963
4519,0.11204765890609712,1.0285809215389388,0.04546710520327499,0.18591193610836984,0.028022962049202398,0.12093802610389137,0.2838084101676941
4520,0.11100610809582169,1.0105475570322455,0.04560475456644955,0.18345372634727755,0.02730356483169739,0.12085416748190657,0.27192503213882446
4521,0.10788102111136338,0.8701094604457632,0.0454059036306508,0.16322069746138115,0.02888197527809482,0.12858296940920783,0.22813011705875397
4522,0.11624152516654798,0.8893405555206648,0.04442076113118071,0.16512358890110704,0.02874298920583936,0.15003093836442885,0.17334486544132233
4523,0.12005844334939758,0.9773472443853949,0.04354566221303627,0.17694588823765894,0.032106660398084894,0.1472397391545675,0.15144342184066772
4524,0.11793373202040143,1.0516119443174627,0.04406841322705323,0.18800320338282603,0.03078093059170375,0.13288164582839043,0.13201484084129333
4525,0.11438972549420746,1.1051545892057506,0.04548021753397661,0.19686227062994435,0.028240265924450978,0.11760702562397468,0.13146398961544037
4526,0.10884244149740799,1.0588297436983916,0.04121443724642448,0.18658805245384835,0.027271791485782095,0.11218935067069535,0.19126996397972107
4527,0.10983873840147453,0.9820312715262944,0.041939531184669955,0.17623835123347348,0.02831228974455279,0.12307471974828195,0.1717926412820816
4528,0.10773590898242907,0.8809027153591553,0.04238307241668998,0.16217159283704222,0.028827477367906827,0.12914956327234958,0.17946559190750122
4529,0.11158576130233623,0.9238731918481664,0.039678097500763516,0.16599168240753537,0.029580860538508426,0.13573486850363628,0.169475719332695
4530,0.10929272785489698,0.8944519063987281,0.04050945010859505,0.16250122957861407,0.029380014342843035,0.1326589131696918,0.20044942200183868
4531,0.110284311195643,0.988364542333037,0.04466826883777782,0.17948202219424342,0.02830695565160724,0.12146650017289895,0.21747983992099762
4532,0.1029532655538556,0.8792447224375922,0.04589079929646147,0.16494135974519444,0.027136195748998355,0.11505361921568423,0.2039654403924942
4533,0.10073019692516617,0.780711069048968,0.04502151853145072,0.1501200257482389,0.028863083509597313,0.1203978209436003,0.20642739534378052
4534,0.11070700377326399,0.8309653063871698,0.04416838912882675,0.15656794873716146,0.028919304269068913,0.1421429139960244,0.15391463041305542
4535,0.11748525985998151,0.9908268667018136,0.04304770711663362,0.17844472991451646,0.02955562904886049,0.1410841505219943,0.12171400338411331
4536,0.11471241244882427,1.0167774597368109,0.04266456350378958,0.18182354867993553,0.028482025769065094,0.13144175659139123,0.10719916969537735
4537,0.11693379671636582,1.1113208080218298,0.04691809641513761,0.19897562664466503,0.026721240929119486,0.12408318184294453,0.1364189088344574
4538,0.10845278618851531,1.0083955325231448,0.043367167831571,0.18122836278751012,0.02656340548729092,0.11642736477796617,0.19546109437942505
4539,0.10928197015999289,0.9261630295560976,0.04414901063649886,0.17015101333929872,0.027031998020358303,0.12799028300028056,0.19190964102745056
4540,0.10783815045619213,0.8630905799717442,0.0434637627428849,0.16055330806129336,0.028254899630564077,0.13134773202415304,0.17099669575691223
4541,0.10975909963488245,0.941747501218408,0.04102827908387623,0.16970245367452366,0.028341443873842766,0.1285491136411061,0.1579754650592804
4542,0.10857604884267066,0.9234463490110556,0.04093635308604165,0.16700920964675794,0.028905402543980083,0.12715884865044857,0.21971949934959412
4543,0.11225351434099083,1.0313414807865202,0.0446226219377495,0.1855824589161453,0.026956273723129885,0.122725773378359,0.2949106991291046
4544,0.11113008952518304,1.0089817170740787,0.04510431683702415,0.18280108829946048,0.026783972025156557,0.12222081841021343,0.2778329849243164
4545,0.10685130754499954,0.8674194084412838,0.04368501270621924,0.1613613549540856,0.02815655445585629,0.12801292501504957,0.20045898854732513
4546,0.11585468497025918,0.8908225127773985,0.04326367179375301,0.16434350621998808,0.028301075636726757,0.15003637454358726,0.17031648755073547
4547,0.11947339895905283,0.9943720807001293,0.04244967137759362,0.1784385869950987,0.03034349818079849,0.1458675226084852,0.16802966594696045
4548,0.11531913059775017,1.013329030381656,0.04242114478841481,0.181122271301735,0.029033162230092724,0.13324160480346378,0.1250782459974289
4549,0.11301395829598605,1.0957543629976358,0.04361583879672546,0.19392134225399835,0.026662226248190788,0.11777776287454612,0.16510169208049774
4550,0.10798003908632513,1.0514007949754696,0.039855297849273504,0.1843617974387301,0.026865880679522478,0.11212088913392312,0.23021206259727478
4551,0.10842267827480878,0.9760255564445979,0.03949710092605337,0.1732868802858454,0.02681021599418256,0.12307740601069958,0.16915640234947205
4552,0.1058329979958217,0.8677706632944089,0.03942210804703295,0.15775761593951523,0.0282950381857498,0.12824467212890278,0.1565280705690384
4553,0.110968173440656,0.9268701466871465,0.039271925537838474,0.16607167141631105,0.02876622397719845,0.1346793184924832,0.16442711651325226
4554,0.10857554937259005,0.8951647506001258,0.041265222325152305,0.1632508692215771,0.02901094372306925,0.13035367444805718,0.18353724479675293
4555,0.10964849171501542,0.9767316952489774,0.04510248766853538,0.1781923744657414,0.02861772856870406,0.1205745120611526,0.20596231520175934
4556,0.10170704134178515,0.8675560513210714,0.04506347884669881,0.16256241777160918,0.027733442341934263,0.11318548609055862,0.19705542922019958
4557,0.0991656211378253,0.7676602316832274,0.04288212299499763,0.14642185280760187,0.02937518752826206,0.11888304783513864,0.19705213606357574
4558,0.10957200516817406,0.8224268992277635,0.042018646994541796,0.1535055401707163,0.029244724597614798,0.14141653254018888,0.15256452560424805
4559,0.11617850588028245,0.9855838054371685,0.04090429633513914,0.17585851192114332,0.03080566778150492,0.13865973393095948,0.10563687235116959
4560,0.11345376746362466,1.014833017950629,0.04096057113520759,0.18008520639455353,0.029660856893018128,0.12847005514834264,0.11668132990598679
4561,0.11636629953073499,1.1066309600728867,0.04549702608662536,0.19708758808466267,0.029752970080877034,0.12152183531467399,0.12957683205604553
4562,0.1078244284118678,1.0105252146632182,0.04221895086868501,0.1805484171250469,0.029080215685300153,0.11309212442358277,0.2130846083164215
4563,0.1079733710549029,0.9267756467511922,0.0412819179587677,0.16778102207197118,0.029500440957659413,0.12430549025005617,0.19602327048778534
4564,0.10634266710663849,0.8645486658913782,0.039828073287796924,0.15764530080259426,0.029311980181630386,0.12885471368205925,0.1670149862766266
4565,0.10848342973722097,0.9172687182390006,0.039071759365563764,0.16452846777605476,0.030509302143025836,0.12767138309816217,0.14292582869529724
4566,0.10686501400465702,0.9008303388701817,0.04015105625048126,0.16310523948186706,0.03064971961719285,0.12434319930112939,0.1928526610136032
4567,0.1105319467529463,1.0100388920733645,0.04283058083292624,0.18100319672441742,0.030031430744592313,0.1193075545352188,0.2518744468688965
4568,0.10904236295004707,0.9877556578018916,0.04404416620999824,0.17886009358026872,0.028678062633841563,0.11827061142528296,0.23622173070907593
4569,0.10543778402969178,0.856101474799557,0.04018010900490503,0.15674030411842674,0.030406059805647357,0.12620083764808757,0.20341052114963531
4570,0.11423098711956836,0.8797363661524742,0.0407026870968155,0.16056464124762387,0.02992541646104872,0.14745641408372445,0.16081799566745758
4571,0.11741918295981395,0.9770957652571812,0.04075442875187673,0.1745174768240631,0.03272682256437332,0.14156399117460644,0.14641396701335907
4572,0.11420706910934358,1.0206168988155944,0.040636822868486695,0.18063397657521635,0.029344864861426505,0.13033795379363244,0.12103832513093948
4573,0.11276502022869563,1.0929565598988944,0.04242130010176687,0.1924977657870708,0.02883646254715352,0.11643635583646669,0.1417514532804489
4574,0.10674114651872622,1.0499273885526912,0.03968905994982904,0.18400882117880935,0.02715844663691003,0.10876679358774266,0.16700933873653412
4575,0.1075923040112756,0.9660834421910371,0.038648073025919744,0.17113884004950797,0.028376106430287627,0.12130325786118676,0.1488724946975708
4576,0.10479468863744938,0.8634333972868101,0.039042004814372956,0.1568122037390068,0.027703596828698905,0.12673406825624328,0.18388478457927704
4577,0.11004706519915063,0.9287495667407923,0.03786530009223228,0.16513448104202655,0.030452875439376064,0.1314904923764369,0.13839183747768402
4578,0.10782472388211893,0.9029897315923068,0.039863267192587586,0.16316704782111888,0.028917635032282334,0.128443893179101,0.1592661440372467
4579,0.108441368440281,0.9695237853848085,0.04345193611368046,0.17574791458098446,0.029957857978849953,0.11822121222091758,0.16100972890853882
4580,0.10106149370953926,0.8692444751730192,0.04470893359961701,0.16249972525296016,0.02775281809277736,0.11144813227371263,0.1553640365600586
4581,0.0976044538801803,0.759170753602307,0.04072051623315468,0.14335626442874785,0.02987196662124276,0.11683754600175399,0.1737818568944931
4582,0.1080792853547803,0.8163795788692627,0.04128718111514821,0.15201466650859313,0.028619885673873607,0.13916280156598743,0.1409570872783661
4583,0.1148377185415998,0.970000971652433,0.041060762558338626,0.17376650671463784,0.030701209678211473,0.1368944741456563,0.11202659457921982
4584,0.11306193652689123,1.0103085654555586,0.04112519036609305,0.17957995823601666,0.02872518477778967,0.12865332531187035,0.10964098572731018
4585,0.11553143109356077,1.1018053078672536,0.04471522306429626,0.19572809232186159,0.028767472372094618,0.12127781640008048,0.12966081500053406
4586,0.1066282008700262,1.0115199803363624,0.04129404459832237,0.1798977497037567,0.02692449655075577,0.11225808691987364,0.19502951204776764
4587,0.10687489221429662,0.9204211195280834,0.04084275730648635,0.16649680905242878,0.028861381220495776,0.1229675371005067,0.1706276535987854
4588,0.10554640239583782,0.8613226255044631,0.03890786997349555,0.1563956921922052,0.02872213432041788,0.12827450839000878,0.16335108876228333
4589,0.10691386516293545,0.8989263959403905,0.038011738579860586,0.16099954677422199,0.028920907804260005,0.12783273144190072,0.1577514111995697
4590,0.10590151847285133,0.8959001188373262,0.03925536808755158,0.1616331896232337,0.030486137456673314,0.12312476460542256,0.17996923625469208
4591,0.10938515810946603,0.9959329834061387,0.04234843983162051,0.17857480319940883,0.02965318775111683,0.11860969271932159,0.26480957865715027
4592,0.10697284468245974,0.9639273486035432,0.04302172489420686,0.17457967113839779,0.027381016118907014,0.11745972152662257,0.24461819231510162
4593,0.10375427713750861,0.8332993239064882,0.040233901895778,0.15352896218302228,0.029778668697498335,0.12493008510769307,0.1695246398448944
4594,0.11171891983071974,0.8579557387806107,0.04082344714645345,0.15755663166561876,0.02926599613089006,0.14375723021253406,0.1172725260257721
4595,0.11815659801198902,0.9702588621395551,0.040837656388944946,0.17361211435331783,0.0323325998020137,0.1447290196470547,0.11783545464277267
4596,0.1153873542020044,1.0265430738369428,0.041506601372620945,0.18222609743895266,0.02980253066899431,0.1317901744610585,0.12282823771238327
4597,0.11355451408402333,1.1036156739273593,0.04244833301110288,0.19404366742771093,0.028875812900737152,0.11722036844367206,0.12309517711400986
4598,0.1068909103643876,1.043661036239699,0.039553775116115124,0.1829976695623414,0.027417750342440744,0.10983651108538153,0.17065547406673431
4599,0.11049427968338571,0.9732193137582201,0.038481951306127034,0.1720158602278546,0.029345738523228658,0.1276678702221129,0.18698175251483917
4600,0.10551133733752895,0.8958747352612692,0.03669063859686267,0.159431223834635,0.02874485040400376,0.1255021127193957,0.1641928106546402
4601,0.11071336883430428,0.9269945593940006,0.0358793436491903,0.16318151732702035,0.02950709968970771,0.13585922440469977,0.2139773666858673
4602,0.10931062480790264,0.9180899497181358,0.0401573403170272,0.1655762845171856,0.030437945765646537,0.12909176672425424,0.1760219782590866
4603,0.10793954975884995,0.9900703570020271,0.04197874812102236,0.17742040653259444,0.029627490593857442,0.11566685185119192,0.20527926087379456
4604,0.10031151183935058,0.8718924525645486,0.04335975286461927,0.16172156710746632,0.02911229003623887,0.10887703255747204,0.18508343398571014
4605,0.09848540525792053,0.7665469771617256,0.04104362198096294,0.14468695843535762,0.030892070230923215,0.11720321437628575,0.1335386335849762
4606,0.10909403445733828,0.8310368475966473,0.04022389934368744,0.1531971776655389,0.031027774871324795,0.13881176128792458,0.10291751474142075
4607,0.11745025873827597,0.9968000578724405,0.04009925956238919,0.17677080217811078,0.03390196822272914,0.13864953742952396,0.10494846850633621
4608,0.11683357487601946,1.0421395933524693,0.042384939614250994,0.18520703300542501,0.03298075407320923,0.1303780172152485,0.10412988066673279
4609,0.11776224862504252,1.1130452727091493,0.04429566880921983,0.1969741836520669,0.032328214208940956,0.12320658559048506,0.14537499845027924
4610,0.1082244188263494,1.0116778766801913,0.040674877779537245,0.17938959190820208,0.02942404026190706,0.1149052236236153,0.2061876356601715
4611,0.10844052604497628,0.9333643539279423,0.03890583129362706,0.1666856202413864,0.031320664396486196,0.12495594756554626,0.18265169858932495
4612,0.10660501300504464,0.8749143389967508,0.03804688937109967,0.1575993821747641,0.030623189617281388,0.12846903544583294,0.18826788663864136
4613,0.10831992386193087,0.9024870753771639,0.036036351410942885,0.1598150262632602,0.0321824939171163,0.1298819604624805,0.179999440908432
4614,0.10934049030399719,0.9258091889756167,0.039888753645522336,0.1664488158355358,0.03253717198529832,0.1265736089927624,0.20803575217723846
4615,0.11152316007841626,1.0192180756075968,0.042739752303062505,0.1822366556322817,0.03152553837617876,0.11964677045824179,0.2897363305091858
4616,0.10964063408234427,1.0124036303556498,0.04047440146165437,0.17932143416079657,0.029681491701400553,0.1186341835970242,0.2733282744884491
4617,0.10739387286939128,0.8600420492014496,0.04050157606214332,0.15757878651061566,0.03275386647529919,0.1287920790281505,0.19199489057064056
4618,0.11333435507345259,0.8720052590930153,0.03843259935831295,0.15751440789184187,0.029993940174651297,0.1475996718938131,0.16152659058570862
4619,0.12059492364513891,0.9882955490039282,0.04028010390930479,0.1757108817799653,0.03394382651542361,0.1481881702656667,0.14448751509189606
4620,0.11718392916706823,1.0272376588381735,0.042192050965576135,0.18291285209023295,0.03147081504008458,0.1346700964704098,0.13395491242408752
4621,0.11411619886656311,1.0951567716408357,0.042061061598637095,0.19250330589037978,0.03165041138117842,0.11768504427043518,0.12065573036670685
4622,0.10906154288540217,1.0404795594252434,0.04035974052148778,0.18323400036488144,0.03025317049885189,0.11311796842908928,0.19008152186870575
4623,0.11231490845240605,0.9899967547446619,0.03889083005647861,0.17476310501193332,0.032253161803384826,0.12772676478071326,0.17936111986637115
4624,0.10821384495281583,0.8920561579296982,0.03717348309573054,0.15929957950058307,0.03207522188342182,0.13013512240923927,0.21020008623600006
4625,0.1107957526237424,0.8975946153618184,0.038653798022910614,0.161359629071326,0.033563861558089755,0.13413026541455278,0.21287301182746887
4626,0.10982485199304491,0.898818200785773,0.04173700888824727,0.16417717915932237,0.031728742203794964,0.1306006617881458,0.2004532665014267
4627,0.10904832312872692,0.9680325744017624,0.04181630585165658,0.17413291564452882,0.032127033292940636,0.11940543328371322,0.2318871170282364
4628,0.10076056897079502,0.8694995818008011,0.04162066753914806,0.15988908386224135,0.030578020196199623,0.11043284861855046,0.1675899475812912
4629,0.10137666596848817,0.7874028102408088,0.04066031949415116,0.14733781817224512,0.03292933279607278,0.12105207431606425,0.14106495678424835
4630,0.10941932802431213,0.8411704377879119,0.037423293609777475,0.15224431420665382,0.030936105368994906,0.1406202849381658,0.12223963439464569
4631,0.11731892898069418,0.9893585676629981,0.03839733776759874,0.1742489420383701,0.033227574918731254,0.14108510235944532,0.11244969069957733
4632,0.11532367892167934,1.0256394241645836,0.040631050761226355,0.1813465326759917,0.03125726796598537,0.1311117914728883,0.1107482835650444
4633,0.11565709714178464,1.1058583503104367,0.04121151795254368,0.19330392257509985,0.030746010026377453,0.12201332611361512,0.14271380007266998
4634,0.10863675544924138,1.0144659727876943,0.0403879148813527,0.17954192315368722,0.03068715926645225,0.11480063036779176,0.20466063916683197
4635,0.10928642411657113,0.9388689665150292,0.03931284081779907,0.16782085877454625,0.031163012032655923,0.12642677936426874,0.18818973004817963
4636,0.1069397239944372,0.8773521791793115,0.038549729709632614,0.15837865106244386,0.029638017021336834,0.12956965641139417,0.1945936530828476
4637,0.10822755433687908,0.892214850817867,0.0373464050551886,0.15947046873557122,0.03137649997018311,0.13063467680888238,0.16873061656951904
4638,0.10904305037932716,0.9281776659999724,0.04101677835490836,0.16775404801848895,0.030343500798346967,0.1265330333284183,0.20875783264636993
4639,0.11045809262703346,1.0110060348270862,0.04001650750118809,0.17872929711917354,0.03066768584954315,0.12053739462671495,0.32330799102783203
4640,0.1092728023897167,1.0132012870563387,0.03935052232972409,0.17847206014781183,0.029168851578242488,0.1188144088114234,0.3299303948879242
4641,0.10518244568903352,0.8529086802567409,0.037737951059600795,0.15419091237347798,0.030746773171449693,0.12743125079303053,0.2668202221393585
4642,0.11134968902709011,0.86557721103102,0.03548768646500316,0.1540719042601484,0.029308538510204485,0.14575375740043897,0.1822148561477661
4643,0.11820565239854348,0.9715248844010937,0.037581453216840394,0.17100194338601946,0.032475518087029545,0.14702276530707672,0.14498542249202728
4644,0.11546726088890612,1.0069564544540088,0.040248722887288486,0.17834982739681998,0.03141493463047186,0.1339908006706115,0.15871058404445648
4645,0.1140144483556556,1.088363427777818,0.04039578273094294,0.19010544630906795,0.03099227817008887,0.12007922405879073,0.17261479794979095
4646,0.1089041596063328,1.0459802769661246,0.03957243441894107,0.18334498335425303,0.029620563524575382,0.11314158539844038,0.2191440463066101
4647,0.11130765070186367,0.9957179248057588,0.038930223744131444,0.17561418103864965,0.0294895596620307,0.12663026631702984,0.19908367097377777
4648,0.10779859181229007,0.9186257789232937,0.0373799364138948,0.16327219962952322,0.029265700008773533,0.12797546530028803,0.17936818301677704
4649,0.1101604046945558,0.9134247362227713,0.03640155681380164,0.16169058244365445,0.031519685506805055,0.13388212845337638,0.1655035763978958
4650,0.10883066948217363,0.9067177040518275,0.040837612034469,0.1645347680369488,0.029397910300826637,0.129593247530424,0.16948160529136658
4651,0.10815323361466293,0.9726590207486627,0.040494573458579174,0.17366092307144823,0.02982364742763522,0.11937239325362506,0.19169040024280548
4652,0.10093384068614052,0.8796810669025379,0.04039544421976598,0.16029339031730486,0.02898242920359387,0.1119517198061001,0.17530106008052826
4653,0.09875745430862232,0.7832004689936045,0.03753029499194311,0.14405460556360902,0.030037527014877694,0.11925238334253548,0.14926904439926147
4654,0.10692844838640471,0.8380417342796264,0.03489438290546704,0.1496297188160612,0.028635726361309947,0.13807096853241316,0.10038134455680847
4655,0.11612953333846976,0.9943514509458238,0.03702986943751713,0.17379009536727524,0.030673233517891814,0.14045080390627068,0.09839259833097458
4656,0.11442631803115075,1.0241135067113356,0.03885478517688335,0.1796060311103765,0.029890499805884135,0.13136291003393646,0.10574498027563095
4657,0.11447277222053312,1.097003948374859,0.04086056457819009,0.19173819083485708,0.029458056314594926,0.1212534073506956,0.1520913690328598
4658,0.10806478840919978,1.0244254266521413,0.03971983201755815,0.1803920598224986,0.027844096144919624,0.11497153165380843,0.23667563498020172
4659,0.10934478493091354,0.9531939273537009,0.037852819184760134,0.16861583463746596,0.029784450568339883,0.12709790900493212,0.21170303225517273
4660,0.1071590247566341,0.886937716554208,0.038274758465633364,0.15951232390685832,0.029082677075651264,0.12966669222104787,0.18494556844234467
4661,0.10832413628802375,0.8946263779720786,0.03679228958535786,0.15934001649774654,0.031329000856761234,0.13105598460687107,0.16465353965759277
4662,0.10901259932975918,0.9219462866425316,0.040613093089373976,0.16651783502553938,0.030598076534417065,0.1273082255418759,0.18775266408920288
4663,0.11019197465487073,1.0107220202244922,0.03942901189826651,0.17818515594487017,0.02922819242076168,0.12154125048096659,0.31910961866378784
4664,0.10745509470460873,0.977748111038802,0.03907599078892341,0.1731720079674775,0.028182947654829673,0.11931592426815524,0.2776539623737335
4665,0.10547852714730889,0.864383081357547,0.036793203400014074,0.15502032882251876,0.030745091196590586,0.12752120713837878,0.24776600301265717
4666,0.11096837781627154,0.8438381390117154,0.035963789296773685,0.1513744106846225,0.02970397339292763,0.14671945292689037,0.195388525724411
4667,0.11629179901354604,0.9418820773228345,0.0380859865506193,0.16719971380379292,0.03062001874869705,0.14671018130382285,0.1745041012763977
4668,0.1153312801216304,1.0180890569238954,0.04058917057906639,0.18023201148547052,0.03138015939199608,0.1320003708167003,0.138596311211586
4669,0.11335990027640386,1.0912404081857128,0.04078134020199526,0.19084692134252634,0.029319450442164562,0.11909415044850609,0.1399259865283966
4670,0.10760640755271779,1.046938579282984,0.039140776434841644,0.18311189112743342,0.02686757582383665,0.1121855871876126,0.22920431196689606
4671,0.10815082235181323,0.9743835578434888,0.037084912846373295,0.17098471927453265,0.027271401048794584,0.12394065618457503,0.18288487195968628
4672,0.10631348159239189,0.8838661395545626,0.0395075842485875,0.1601302350065839,0.028374532063412672,0.12742040319283066,0.15675148367881775
4673,0.11086882341388654,0.904216114824755,0.04179992477046939,0.16500223763536734,0.029861465078418824,0.13438352451362506,0.14667847752571106
4674,0.11152471164807563,0.9014622677865279,0.046595029759051616,0.16871892090583396,0.02927000453956529,0.13345264726748368,0.14848150312900543
4675,0.10829302178120087,0.9607525515813806,0.04358685519131448,0.1746105261041811,0.026882878858319772,0.12149908055611419,0.17817126214504242
4676,0.10232304527071005,0.8857168930535769,0.04161445847905237,0.1622005205611273,0.027330227285775548,0.11554897012841263,0.17223282158374786
4677,0.10015729437716035,0.777819175339329,0.041729167168452354,0.1468848826214347,0.027008158178595133,0.12327614883716483,0.17071104049682617
4678,0.10858332632385509,0.8200176482181493,0.04078405192920117,0.15210313711333662,0.026050020998977717,0.14272013404232647,0.14455187320709229
4679,0.11613496591778395,0.9807521953488323,0.04105551468478849,0.1752978976367947,0.026476889358361753,0.14281821765314393,0.11384116113185883
4680,0.11459808383734052,1.0149751998431449,0.04324626804271261,0.18206468687134578,0.027343735855298108,0.131912360666873,0.10132913291454315
4681,0.11552968884959182,1.1043048281420185,0.045679897962948295,0.19691203084567266,0.027350512312039055,0.12147691907337976,0.13597138226032257
4682,0.10756599522817675,1.0185724352488617,0.04250951192180289,0.18194707239709698,0.025324123257983465,0.11444419067929068,0.19842974841594696
4683,0.11107985887990024,0.9760526200456041,0.040872580691947304,0.17446972917104114,0.028316797376496484,0.1280314011906302,0.18939922749996185
4684,0.10828452893797408,0.885989233473045,0.043416029989336025,0.16378363048700875,0.02770570464928456,0.13022928633517208,0.1707904040813446
4685,0.10963570530851224,0.8917131769001497,0.04415376004284294,0.1652336767367439,0.02821211762548273,0.13223311953146039,0.15753330290317535
4686,0.11110860095232798,0.9402912825164299,0.04740565792553997,0.17496074715281,0.02887860733359107,0.12718921744330108,0.1658225804567337
4687,0.11336667324235251,1.0447800258598203,0.04728373615346441,0.18978320611151522,0.026596980681507742,0.12242568797257428,0.25752660632133484
4688,0.10913376275274826,0.9898026665907971,0.043803981806795976,0.17894665106165328,0.025626899463890743,0.12111599086020669,0.2411883920431137
4689,0.10660326216322581,0.8630568655406448,0.042286590420997604,0.1595394868666615,0.02863291924566825,0.12850811560058245,0.20875972509384155
4690,0.1109495049756808,0.8371228635593736,0.042910991148124106,0.1563698300640169,0.026226576032405708,0.1453392833487525,0.14586053788661957
4691,0.11691977771525956,0.9491891569314548,0.041888576577790736,0.17150294519974274,0.02768271817531637,0.1472419332637871,0.14849938452243805
4692,0.11592543512794817,1.0128783102181584,0.044827116871301885,0.18312014449228137,0.028513513316931884,0.1336154960187959,0.13140763342380524
4693,0.11330546658087849,1.0794413661292424,0.04528519307087845,0.1930217892220733,0.026299000311428757,0.11968434225560158,0.14871549606323242
4694,0.10821236008993362,1.0521646214625384,0.04165964865255284,0.18601750191112218,0.02683057486381422,0.11134192306924809,0.21348875761032104
4695,0.10937512518400805,0.9969512384052064,0.03926091700307562,0.17607382006052288,0.026681150646457517,0.12337099488741432,0.16577112674713135
4696,0.1069994558804585,0.882029305618046,0.04302445069921471,0.16288228711619063,0.026484943545039878,0.1285521768426841,0.20211903750896454
4697,0.11029215425269623,0.9068247772866911,0.04339239032095852,0.16673987417320602,0.027835539138499035,0.1330499375471727,0.12728503346443176
4698,0.11099039022518693,0.9084370746674396,0.049019440015637884,0.17179338782303816,0.02786875110259082,0.13051920155933872,0.1269235461950302
4699,0.10853493507765824,0.9649910593519508,0.046805065944343166,0.17797449357400139,0.02606342105714174,0.11993789616130993,0.1315087527036667
4700,0.09998145640391352,0.86577312680677,0.04426617470316054,0.16162431071796185,0.026094543070147073,0.11069500804616686,0.11375412344932556
4701,0.0994017787377727,0.7771856310125018,0.04183972085886726,0.14688913659510078,0.028013451744868332,0.120315126731402,0.1096954345703125
4702,0.10879386164971798,0.811813900361706,0.04391133880497661,0.15361170474165226,0.026567881293428734,0.1415259817560286,0.10631415992975235
4703,0.118295527787122,0.9854170536569362,0.04214804753807405,0.17690076269791155,0.030871596213008303,0.1435118873675307,0.10006526857614517
4704,0.1158033539023981,1.0159965327502025,0.0457885817179435,0.18438971757969475,0.028659052516105604,0.13204154939776944,0.09735681116580963
4705,0.11572206897613767,1.0943373194755437,0.04696046620442226,0.19658573095743964,0.027492369057440087,0.12216735217135885,0.13593339920043945
4706,0.108533625593555,1.0190250916626888,0.043946701355586336,0.183243614256601,0.029145425072599127,0.1126270609692262,0.19491980969905853
4707,0.11041138133214377,0.9864310679953742,0.04172259190630692,0.17668094563331652,0.02802266783692153,0.12451563687693709,0.1929418295621872
4708,0.10781783855127273,0.887009576926546,0.0441240881055843,0.1645363007942931,0.026996339735566206,0.12890799555237312,0.15310314297676086
4709,0.10883237913387399,0.9026040363089861,0.04348838994397677,0.1662191965675495,0.029465708714129606,0.1280647504966842,0.110763780772686
4710,0.11132309657329742,0.9572558932722979,0.049361775838618505,0.17906093547200125,0.02887786149296048,0.12419206823222635,0.13714291155338287
4711,0.11237271784590498,1.0551155933726393,0.047352707653290166,0.19131883418462575,0.027591422364486,0.11747849959576587,0.22882461547851562
4712,0.10977094051390351,1.0095792227195022,0.04400970752545897,0.1819482096960366,0.02830357587297707,0.11789977404034767,0.18074195086956024
4713,0.10765566749998037,0.8870280067217949,0.04373945704061153,0.16420924985220917,0.0303366377165561,0.12582543400227642,0.16235962510108948
4714,0.11314884078413127,0.8626939152366404,0.04409455160787316,0.1610373178405542,0.028589192322906347,0.14523611576333306,0.13061313331127167
4715,0.11906449909529124,0.9787276681939975,0.043906729562294015,0.17745257793825164,0.030627931969653927,0.14535692634263353,0.11464250087738037
4716,0.11594843785168293,1.0404349489281892,0.04575624589351008,0.1878532034698928,0.029120749118620313,0.12900599557717907,0.08979746699333191
4717,0.11274977042929986,1.0901118930636948,0.045475871191237305,0.19470958860158838,0.027965645483565695,0.11522103885606476,0.11643680185079575
4718,0.10779997905309537,1.0443694589046855,0.04230708241712341,0.18545885048677516,0.027822273919574456,0.1098289585404564,0.15177097916603088
4719,0.10940029070737557,0.9906783424632846,0.039577067482581656,0.17544867819411067,0.02797565131895245,0.12285451112135261,0.16736963391304016
4720,0.10662789546372166,0.8797662104931581,0.04232344420293921,0.1619581251015419,0.028467419455467623,0.1266043610378513,0.1750124841928482
4721,0.11073879506814678,0.8922522345416405,0.043591387033332964,0.16482865096309116,0.030087456012304895,0.13398009283393209,0.16025742888450623
4722,0.10950522586594275,0.9086350626911918,0.04694798946290792,0.17004614278123423,0.027454996820257503,0.12832587398003728,0.15109118819236755
4723,0.10879159054592122,0.987951036777068,0.04604136862587619,0.180599892647475,0.02788393994384634,0.11675352048387716,0.1497146040201187
4724,0.10028944644224479,0.8820461548776678,0.04332366049708442,0.16314115969431064,0.027090163399106915,0.10934357000943282,0.15458296239376068
4725,0.10036044555694291,0.7794193654282401,0.04309664434101291,0.14828560449633105,0.02892687091347117,0.1209303092980161,0.16837362945079803
4726,0.10882994704313766,0.8240553460273934,0.04222986016435015,0.15391921528764202,0.028066271193066213,0.1400450536980088,0.15102195739746094
4727,0.117226615252423,0.995869829204596,0.041432546317122315,0.17778072958676144,0.029009993713617975,0.14143130905633122,0.10789615660905838
4728,0.11395705963814157,1.0194870447319706,0.04287200057793191,0.1823884354570803,0.02836564844868265,0.12897209058734674,0.09986326843500137
4729,0.11539045519902186,1.0913764401355335,0.04685432835562423,0.19607177289561126,0.029935851655498915,0.11956708031508864,0.12404319643974304
4730,0.10786060115630139,1.017720559210332,0.04332362478909657,0.18252318684927307,0.02826752557003966,0.11217477981293017,0.17771196365356445
4731,0.10957670037962214,0.9553869598775098,0.03994976911088429,0.17072651064897368,0.030135087012920565,0.1255820280898034,0.21225608885288239
4732,0.10750287384071551,0.8673184867904571,0.04184698739801657,0.15977148731122237,0.030666455912932038,0.1289997027408326,0.18741047382354736
4733,0.10753380681832758,0.8754351937869271,0.04202243070272929,0.16108139685761472,0.029781198212042892,0.12871319806445047,0.12783275544643402
4734,0.10857558030228037,0.9165022678266996,0.044626640812049694,0.1691803018141425,0.02955556970787519,0.12468895824950552,0.13260102272033691
4735,0.11006579245658873,1.02793244301596,0.04420261717687307,0.18473544943959977,0.030354598388788668,0.11447713740577911,0.19927969574928284
4736,0.1062811764700101,0.9644167212549966,0.04105086571785573,0.172960273651733,0.030667243231567543,0.11409915801963985,0.21993914246559143
4737,0.10855018121860965,0.8710436613692977,0.043752266758604386,0.16193675170298918,0.03334990555853592,0.12763717324734214,0.27588722109794617
4738,0.1141880793511816,0.8485136756108487,0.04645905652775071,0.16103828782533616,0.03156905282615875,0.14548579514569135,0.2213660031557083
4739,0.120929399883889,0.9472501442830261,0.04876961925768278,0.17712397997558899,0.033858022388941304,0.14794659761173073,0.16909942030906677
4740,0.11792342791342417,1.036634821115641,0.049039945905458536,0.19012492807834172,0.03333430704841268,0.12876259602600637,0.12546995282173157
4741,0.11496470694298866,1.0710292443361011,0.05158275751960939,0.19721796992196539,0.03311854731059152,0.11460849151473149,0.11729776859283447
4742,0.11057591242464593,1.0384264069738727,0.048182728689200725,0.1896461113012967,0.03293566095446672,0.10932470844398329,0.1383274495601654
4743,0.1099364670379388,0.9395922788910878,0.043019508960681595,0.1711013332364539,0.033347490449800794,0.12343256362885882,0.1507008671760559
4744,0.1076328586430471,0.8282450897352417,0.04580808317954433,0.15758479840178682,0.033083481373153124,0.1291556164653071,0.13558830320835114
4745,0.11286447938129768,0.8782560377210001,0.04716215532123641,0.16588985280691695,0.03351372364713058,0.13589918890127703,0.12743987143039703
4746,0.1124586953960928,0.9034156260975835,0.05123018496997642,0.1729709622739203,0.03325091768442599,0.1288172673757022,0.13660946488380432
4747,0.11058874943117153,0.9592180571463643,0.05139280313621708,0.18108212513766667,0.033934155731557246,0.11597981517515078,0.1465524584054947
4748,0.10050299337219432,0.8265488923453115,0.04572929022499723,0.15727494767075642,0.03324670832870462,0.10967678277400596,0.1604958176612854
4749,0.10781682144756356,0.7710706827176054,0.046301262827026644,0.1498397513828236,0.035369128064673516,0.1344384894642398,0.1868165135383606
4750,0.11615960468668479,0.8265343607320565,0.04610267123543612,0.1575929125920962,0.03251318636011006,0.1530960763052027,0.1857409030199051
4751,0.12264433206673168,0.9842377543265746,0.04705160755708806,0.18093534280987184,0.03392128514918082,0.14927236371934108,0.14431746304035187
4752,0.11881263429360037,1.016866802675011,0.048505637906279764,0.18684294715895566,0.03376303999245888,0.13370450554991326,0.11267639696598053
4753,0.1191675593315274,1.0865409419069,0.053386115172154504,0.2009796618485467,0.03532313807703662,0.12094583822681493,0.1211860179901123
4754,0.11299643233347247,1.0089165480150455,0.047576675136775694,0.18491094269081423,0.034854341679753154,0.11844556509280284,0.16298241913318634
4755,0.11233821323097745,0.9280751109861922,0.044791381021340705,0.17097477101631947,0.034428376631686027,0.1292023321931832,0.18323153257369995
4756,0.11216783631639192,0.8658798390812394,0.046056113004032506,0.1631737881579192,0.03576505802631812,0.13439005945887011,0.15375760197639465
4757,0.11136051642492605,0.87605997219988,0.04679342358430764,0.16526007338653223,0.03587481507781091,0.13024839276224637,0.12194477021694183
4758,0.1123545185414694,0.9190963546500073,0.048971050751635485,0.17327466559426005,0.03381062381189076,0.12777529775865892,0.15735913813114166
4759,0.11258171052399107,1.0023747268581318,0.048027828660123,0.18436309983126709,0.033480465177619254,0.11898658455819994,0.23414966464042664
4760,0.1088921804112272,0.9365353026728414,0.043362504752594844,0.1709586187412015,0.03039110689958827,0.12327248619518374,0.2874530553817749
4761,0.11593933100924302,0.8665061172250141,0.04818037395220376,0.16508405156260522,0.032586957799884304,0.14587102708324,0.3658566474914551
4762,0.12159035324583972,0.8466583131149945,0.052148969171178006,0.16565030402029465,0.030801545242066027,0.16247810332149365,0.27628397941589355
4763,0.12311499342699707,0.9266664164534536,0.05205449431118131,0.1769990546172202,0.030667384460885683,0.15685809773089932,0.22927512228488922
4764,0.1214881010537246,1.0330488778096043,0.05646460439977028,0.19597664345831797,0.030857359043669628,0.13561252570850343,0.1521841436624527
4765,0.11828963998458905,1.072132197658012,0.05818510746003436,0.20303469177403116,0.031508809722412975,0.12007094614823127,0.14741972088813782
4766,0.11532375047724677,1.0284068860292255,0.05312986049443241,0.19245514985654572,0.030577107974687455,0.12198708821009961,0.18663986027240753
4767,0.11302224091378364,0.9234924130685567,0.049916624755190125,0.17471316594281391,0.030612312357263256,0.13115136900033747,0.1752789467573166
4768,0.11147820350004,0.8453611820221545,0.052118601098353014,0.16543896980175324,0.0306820092636087,0.1349592029429183,0.1337847113609314
4769,0.11412371779984198,0.8890467559007755,0.04984900032736863,0.1697343939807125,0.031238503789416255,0.13798893840070275,0.10783067345619202
4770,0.11350479440760183,0.905517381401369,0.05542004750729912,0.1768625237778805,0.03043092743609001,0.13075641480868083,0.12074453383684158
4771,0.11020582345138513,0.9423723957380886,0.05579550101068124,0.18244934311459657,0.030130254246763823,0.11705886680011873,0.125583216547966
4772,0.10152254141081851,0.8196664066403663,0.048546908780000585,0.1587068370457671,0.029323221783690283,0.11466068740397567,0.16386154294013977
4773,0.1075294339761334,0.7579394535380275,0.04906963551957447,0.15033675237935348,0.030593471938818402,0.13739199715596648,0.219090536236763
4774,0.11600479246930306,0.8123597650672341,0.050846542508581394,0.15963414573124607,0.029139721180128197,0.15383604574313092,0.16864849627017975
4775,0.12146898718645661,0.9517129516243126,0.051926835438748174,0.18046770917954308,0.030208455522612303,0.14969807064836974,0.11475047469139099
4776,0.11835873002184939,0.9892501723207112,0.05396327233210128,0.18757568661618843,0.029621128805619634,0.1354392940660038,0.08740780502557755
4777,0.11925333740664534,1.0651787003993474,0.05709417272320109,0.20110624810550767,0.03039118243380235,0.12538642614637838,0.09350674599409103
4778,0.11073787085998212,0.9623594674032894,0.0495823566936495,0.17997908679502664,0.029988914447680554,0.120807143777582,0.14909972250461578
4779,0.11028923457741739,0.8844954755488996,0.046923291452231626,0.1665764606088985,0.02998461393076209,0.13130445486569484,0.1801322102546692
4780,0.10923358768048769,0.8273111351768455,0.047721576372545906,0.1590915133445887,0.0312742345550779,0.13382233670913285,0.13950799405574799
4781,0.11013986130851228,0.8623979748107498,0.049069501070922505,0.16525928303375498,0.03213725329653353,0.1301626493094063,0.11913129687309265
4782,0.11205427508281794,0.894288993093903,0.052082163958076355,0.17239742526319443,0.03264220055810887,0.1287395838841089,0.15206573903560638
4783,0.11495141660637237,0.9926575045051783,0.05384712906976143,0.1879628969891067,0.03285254501439446,0.12290288391446048,0.2195514589548111
4784,0.11237202060032252,0.952791872637859,0.046524647941476656,0.17599139432667416,0.03156249171903937,0.12741340636088758,0.2881995737552643
4785,0.11786959335293525,0.8791636220179939,0.04873436761205819,0.1673671182414776,0.031184254830676154,0.15040893028243743,0.2993353605270386
4786,0.12406217560941575,0.8617847971224419,0.05251963473549126,0.16812894364791278,0.03217547359923161,0.165904617834642,0.2154393196105957
4787,0.12655916329158964,0.9230128304870572,0.05627688888492536,0.1800963091138013,0.03424024826427118,0.16049321134605807,0.19402803480625153
4788,0.1238640905878691,1.0021578494375816,0.05781679585431356,0.19272266065192328,0.03420819224178948,0.1420617528346414,0.14658264815807343
4789,0.12155016279154615,1.0763678888462787,0.060421364651693225,0.2055565823937769,0.034910576762948106,0.12385418341461756,0.13175034523010254
4790,0.11597761914744455,1.0161949666710415,0.05026164282445886,0.18825211765968497,0.033294421831261925,0.12508523060089397,0.19103361666202545
4791,0.11579864255734976,0.9097620662583125,0.049531151700235816,0.17242128235138962,0.03257717593461469,0.13907261603245807,0.2178034633398056
4792,0.11302845817091978,0.8526001249822968,0.050018888250304074,0.16467335064058872,0.031650335247411635,0.13904503481802905,0.16439135372638702
4793,0.1172011251938193,0.8872057237782691,0.054013539342293276,0.17304099426171837,0.03497794033413847,0.14028652651162826,0.13516637682914734
4794,0.11565621902408572,0.8826385431795061,0.05638832576787794,0.17442407111239625,0.03468861545848696,0.13508100156671293,0.11443610489368439
4795,0.11188007327902709,0.9050448972534733,0.056319787716014515,0.1775662319356515,0.03559247468739456,0.12115633322215916,0.13125935196876526
4796,0.1025881882052187,0.8118511175118711,0.04986203975498251,0.15871762229168088,0.032225001683568365,0.11504272158600831,0.12889300286769867
4797,0.1092841173152781,0.7775741857170966,0.052646904560432285,0.15620794472567004,0.032585097810488316,0.13533741039787617,0.15790955722332
4798,0.11808851771295249,0.8317458518598984,0.0537886974705282,0.1649254338118668,0.031215525782639187,0.15312008406542663,0.12716546654701233
4799,0.12394653883146786,0.9559185927584246,0.05763641473402439,0.18596244016608157,0.033626872086083656,0.14871233356589203,0.1062219962477684
4800,0.1218041301832792,0.9887663538653384,0.05910215427003842,0.19191132564079558,0.034536119098843986,0.13681984385683316,0.08899281919002533
4801,0.12294174012229804,1.069692598672685,0.06546326599137416,0.20892459923156143,0.03577374377626373,0.12397873520447256,0.11208223551511765
4802,0.11570626924016579,0.9871808234318489,0.05709738443780101,0.18996644715123642,0.03320360047817926,0.12291844873471715,0.14859658479690552
4803,0.11454164713524664,0.8974923867342104,0.05554081505594676,0.17581961100998442,0.0323806118174875,0.1328143346478903,0.1502326875925064
4804,0.11233343583671518,0.8422557547353098,0.054538315623135665,0.16706937835344624,0.03146060628147766,0.13520321199540836,0.13547970354557037
4805,0.11326091573003233,0.8753168112872691,0.05652852480613258,0.17349828001772352,0.033251333045902644,0.13056160682691598,0.13432475924491882
4806,0.1158525883696771,0.9089893905319306,0.05956174210219386,0.18090854902072767,0.034915590024517724,0.12974849635202232,0.17343425750732422
4807,0.1177418680866884,0.9895532798877982,0.06050116703338554,0.19322289744115878,0.03552597902277884,0.12363487033244772,0.2376161366701126
4808,0.11361978606004715,0.9702498925777763,0.0516440411126427,0.18287344846480463,0.030290064714613783,0.12593633763313855,0.23192724585533142
4809,0.11801265365428551,0.8894232515747164,0.05341138141246635,0.17284164857850204,0.03104389597587027,0.1461349460642094,0.2103223353624344
4810,0.12363457153722189,0.8754371215059127,0.054998105345450445,0.17220367908265935,0.030749522222342618,0.1624110205854835,0.1962311863899231
4811,0.12757382143385615,0.9407372398721466,0.06076638324740489,0.186476505622368,0.03274983890625943,0.15900495748055546,0.16280031204223633
4812,0.1232839094417177,0.9604836232722146,0.06118426631877936,0.18965560302641293,0.03346584780498215,0.143799481487253,0.17753861844539642
4813,0.1217034532666335,1.0458881804804894,0.06603939297286461,0.20601779118823954,0.0350840738346843,0.12372036458818372,0.1520468294620514
4814,0.11843939765280703,1.022908437968278,0.06146192830381939,0.19881142968445636,0.03212173422415956,0.1236418251251804,0.16723483800888062
4815,0.11984061212800169,0.9667476392783683,0.061489403400598254,0.19081200852599398,0.031105993225705737,0.1353834318192674,0.17122232913970947
4816,0.11588218598174023,0.8718902945999377,0.05802843650185735,0.17429441623015454,0.030664211826899157,0.13933721189986362,0.15803074836730957
4817,0.11730737234939369,0.900147121379881,0.0599244138326176,0.17995622919651239,0.032267468950131065,0.13689953808251965,0.13921040296554565
4818,0.11672484392254644,0.8937047213561184,0.0644240280932196,0.182892698559348,0.03258398525445329,0.13245122244992658,0.1561335176229477
4819,0.11224555664789589,0.9094398899133692,0.06252819132660188,0.18351557683899725,0.033798462025855416,0.11852549677496765,0.14676044881343842
4820,0.1029798640513677,0.8123075386168477,0.05652625559968599,0.16449501031642338,0.030815750794993498,0.1122977101687714,0.10746874660253525
4821,0.10984067462529222,0.7693941433793307,0.05651688915425157,0.15835649690069145,0.03222259857829233,0.13530514667544274,0.11421144753694534
4822,0.11853545222814704,0.8319581893596708,0.05859927189997175,0.16907911725135732,0.029950844327268782,0.15182127724610656,0.08537682145833969
4823,0.12421352555746325,0.9423449022586341,0.062245091699418165,0.18797363606502043,0.03284186749007676,0.148373629672314,0.09941541403532028
4824,0.12170625737892961,0.9659276345884807,0.06295026545349668,0.19194703247278014,0.03194919916405634,0.13878300510982455,0.10638794302940369
4825,0.12327042246064795,1.0622691251329615,0.06939219799395845,0.211231759013816,0.033862519108591636,0.12453616840967516,0.12256613373756409
4826,0.11652483220965561,0.987827453907177,0.0635799549446134,0.19561531193926532,0.03022475535311386,0.12283322969572116,0.1514299511909485
4827,0.11680454226999598,0.9094029533529671,0.06265661207655131,0.18362037511603926,0.029304721105880727,0.13490303204830897,0.16668348014354706
4828,0.11473042983155729,0.8633284210851009,0.060053080180138864,0.17480670030941914,0.030126307149549187,0.13619230051018527,0.14119023084640503
4829,0.11508485271549308,0.8852548608907664,0.061094371992436225,0.17883158469219768,0.0312862879890052,0.13263020637155348,0.13105811178684235
4830,0.11544991793513115,0.8992377494493378,0.06533633057307135,0.18446510469825225,0.03094756668013735,0.1290011868655197,0.16941940784454346
4831,0.11747837819871852,0.9888697978303307,0.06443659375265658,0.19649848004946716,0.033136094684265475,0.1221352871544599,0.2108561247587204
4832,0.11303894041054824,0.9376238974783504,0.056703493459629085,0.18254926546230354,0.0318784300900835,0.12323285252066896,0.19272451102733612
4833,0.11779721948089517,0.8716341724301178,0.054419874785039624,0.17116477444862221,0.03164010706328445,0.14648808224954338,0.17565105855464935
4834,0.12359257515401033,0.85225012593997,0.05797566230565874,0.17144344282484605,0.033095094784442905,0.1609083612654006,0.14070524275302887
4835,0.1272516142913928,0.920089046184291,0.06255749451473674,0.18506200189610159,0.03430008857561937,0.1580001101385743,0.13872765004634857
4836,0.12218366904556827,0.9494819278118132,0.06419084050646577,0.19066099583580112,0.03271849466204292,0.14054803568969926,0.1316133439540863
4837,0.12159738045759959,1.0453447619843297,0.06708322612130481,0.20683487410173695,0.0341111155212787,0.12356505533826015,0.12985648214817047
4838,0.11875757630530379,1.0084870877567456,0.0632215005792718,0.1982594416046252,0.032241514160369196,0.12489499854521534,0.15599507093429565
4839,0.12026680971338748,0.9533746275046613,0.062617910713001,0.18986887025466676,0.03157530083632273,0.1369700770071998,0.16834887862205505
4840,0.11680202373869934,0.8840739637458268,0.059373837972738853,0.17718814165460856,0.0317377391300052,0.13839541959488613,0.1625891476869583
4841,0.11904068664526858,0.907528889061847,0.06107219368586808,0.18199457873957936,0.033255360035718516,0.13901819184610298,0.14476799964904785
4842,0.11774732242098046,0.901456487261267,0.06697452100331758,0.18618623046873894,0.03302128467001018,0.13199856091129084,0.14500896632671356
4843,0.11329021811660432,0.9036431364330939,0.06532493586817452,0.18508467880602014,0.03681541145076599,0.11738552084597403,0.13516847789287567
4844,0.10509791109986995,0.807048910475925,0.06007356539180355,0.16678432897524947,0.03569214711267287,0.1118523389477103,0.10663679987192154
4845,0.11063317085415064,0.7863075207977905,0.0557237521856992,0.1600928619874266,0.034453227460560024,0.134013391581926,0.11333096027374268
4846,0.11943646042378844,0.8431494545534792,0.059309356244445,0.17128651314573565,0.033362006261019136,0.14938281168450782,0.09327129274606705
4847,0.12657242511561942,0.9638086708830094,0.06299534783171169,0.19168296541046853,0.03622917562593414,0.1486510456611011,0.12666787207126617
4848,0.1222331237784021,0.9557462310964092,0.06265953087890237,0.19024334519568908,0.03588987867355292,0.13827451950501907,0.12348377704620361
4849,0.12417388207929095,1.065460441718277,0.06629170243435113,0.2090300937606262,0.03802259259578156,0.12530707515619327,0.12548117339611053
4850,0.11831078595029335,0.9843942050139376,0.06135721849828285,0.1932196451433764,0.03597279001564584,0.12481128059916229,0.16038013994693756
4851,0.11848296717778858,0.9072425830768744,0.06014386053074744,0.18115796375162274,0.03563335650539708,0.13613575451402626,0.16346827149391174
4852,0.1167870948613007,0.8597256519053187,0.058335518787349695,0.17281982351848812,0.03508465385895198,0.13924809316331688,0.15824060142040253
4853,0.11793824908378675,0.9106522628537168,0.058560863419788105,0.18028820619606362,0.037508909267478185,0.13375770894981448,0.15280726552009583
4854,0.11723491552480789,0.9230013616582787,0.06293000324374343,0.18579734016010563,0.034861177540092006,0.12931981470554876,0.18674516677856445
4855,0.11881880898779071,0.9765922286535347,0.0630290395588504,0.1935380665723767,0.03900340859021543,0.12327793394915634,0.22042183578014374
4856,0.11342023617014299,0.9208833364571736,0.05809825239440913,0.18135326440337549,0.03411306591611458,0.12337261043833939,0.22016961872577667
4857,0.12076879329751224,0.8933308075095264,0.05441083943829148,0.17425654916275363,0.03551971726458914,0.14855994844423373,0.1745055764913559
4858,0.1254504427491874,0.8640116204541812,0.05886725598942507,0.1738878794843902,0.03540891826485087,0.16185401952967932,0.15039153397083282
4859,0.1301498787965967,0.947457902958937,0.06309491041469971,0.1894324807781622,0.03844136579467918,0.1585225509394048,0.1628749519586563
4860,0.1238429128399169,0.9587145740527855,0.06244952012088408,0.1904873849682986,0.038041658576661426,0.14060509720793152,0.1522628664970398
4861,0.12094070896198038,1.0317415554792806,0.06503133951239994,0.20313279893624,0.03749936452542296,0.12203380661649094,0.14167200028896332
4862,0.120062250016022,1.0065759040310982,0.06241836897170815,0.19729801683733528,0.03634396761121921,0.12573445115157536,0.17902792990207672
4863,0.12324541754175332,0.9712627935311775,0.060583340779434634,0.19068040545825507,0.03581148348279265,0.14074449541640494,0.18133951723575592
4864,0.11931268675593235,0.9025129085588054,0.05728849752855186,0.17803484196144523,0.03523648447887295,0.14149747794353562,0.1595420241355896
4865,0.12128705626639064,0.9316553329584953,0.06040151045483455,0.18486634224107182,0.038063487889259874,0.138475803368534,0.15803788602352142
4866,0.1184754837722343,0.9268849284195753,0.0651540814451272,0.1882584881557626,0.03476203508365164,0.1306646225391569,0.17455357313156128
4867,0.11432443519038239,0.9353061378024337,0.06397616962947868,0.18845187936847224,0.03643685857565053,0.11761455107244417,0.1543772965669632
4868,0.1063104925241677,0.8321465314464042,0.06314750752900074,0.17300451094577268,0.0329245838694455,0.11216589647814526,0.13321921229362488
4869,0.11375858239705443,0.7972791858564923,0.05975863757372685,0.1651187158998362,0.033716205278430465,0.13885554556091628,0.11800822615623474
4870,0.12073928906576649,0.8423786443234939,0.060797267413508,0.17245174982922024,0.0336341350045612,0.1517078957012991,0.10742338746786118
4871,0.12640015842560975,0.9565730950402067,0.06448495758641881,0.19192612007981705,0.034705103782647476,0.14929811479077035,0.12445271760225296
4872,0.12033720622501139,0.9478449406800947,0.061075264154127784,0.18775664651498022,0.034354456047233826,0.13658010237684404,0.12423733621835709
4873,0.12298080256763018,1.0554623608458007,0.06377276723215244,0.2054427091769593,0.03627948680641683,0.12669028557552886,0.13637565076351166
4874,0.1190560087644021,0.9741280066918413,0.06393899711229713,0.19396599848080345,0.034632859429602855,0.1273800234305003,0.16592806577682495
4875,0.11997704333587662,0.9042657183220049,0.06396199226467512,0.18400538170143652,0.035111976063984945,0.13820918112891695,0.1766805499792099
4876,0.11661590367146898,0.8497588375937597,0.06271573471620577,0.1751504636987135,0.03517317783639597,0.1366605487533189,0.1549445539712906
4877,0.11849821374919874,0.9179764810130553,0.06194841049309393,0.1842381348530884,0.03724109653073463,0.13207576034945137,0.13451364636421204
4878,0.11949487856273193,0.943706261235392,0.06500291353359022,0.19053196320527618,0.036468735425721814,0.12998530474538952,0.18774086236953735
4879,0.11972975973245009,0.9795582278542668,0.0647434641385945,0.19543128752654773,0.03651169695986343,0.12630672783862798,0.25304073095321655
4880,0.1196970882294511,0.9815538880180386,0.062125707073318485,0.19347259006542133,0.03594836247593647,0.12842365915730242,0.2722281515598297
4881,0.12313413837534853,0.8883686410135174,0.05945603105537045,0.1778721181922486,0.03376895076978363,0.15343294519043027,0.19849532842636108
4882,0.12786453460896566,0.8691564442305983,0.0627154195444084,0.1779212802138641,0.034794244190590816,0.1655013863207575,0.19359062612056732
4883,0.1307066727625421,0.9564071775027738,0.06622931138352518,0.19339757797198925,0.03397649147851348,0.16049103932780084,0.21365828812122345
4884,0.12171730568879809,0.961780126930106,0.06227281053089811,0.19077385573078492,0.033160809555354914,0.13877975851882238,0.16052140295505524
4885,0.12160550778792606,1.0433375254666226,0.06634474565477437,0.20591514277075268,0.036985858345091896,0.1218767704404326,0.13251544535160065
4886,0.1212479511547301,1.0021566205010781,0.065648310773903,0.19943521216349946,0.03546804660505365,0.1278915142530238,0.20031407475471497
4887,0.12201030680857547,0.939752040374124,0.06573832902215004,0.19059743064386062,0.034012901723234464,0.13899430290237438,0.16004571318626404
4888,0.12052357107935686,0.8862508267285947,0.06241460127447581,0.18010549062506417,0.0357798253065509,0.14254016902806815,0.15551574528217316
4889,0.12341143962757312,0.9381308391656812,0.06496779641440749,0.1897053739503037,0.03469300784530162,0.14303287490467134,0.1535394787788391
4890,0.12048382628767541,0.9112802975355784,0.07065720690692294,0.1907462198538737,0.034853623896186105,0.13393065900980505,0.14904624223709106
4891,0.11712258153686843,0.9358356227896172,0.07047416303746863,0.194097228716347,0.03729788218732983,0.11961637718567092,0.14905066788196564
4892,0.10900652010743758,0.8283451490358233,0.07035277397604174,0.17863739898458197,0.03585903093551402,0.11208355411536934,0.11607692390680313
4893,0.11587003664239291,0.8035115334060545,0.0642562990489209,0.16986418967136854,0.03405243998840155,0.1402155498142817,0.09861212968826294
4894,0.1221784932074401,0.8553777780810149,0.06589645526857872,0.17867950138464103,0.03243876242468074,0.15126237548730373,0.10778441280126572
4895,0.12803482141836217,0.975929849964706,0.06649442544092266,0.19641377180146316,0.03559549989927626,0.14908764616234899,0.08999595046043396
4896,0.12103402267297785,0.9279830728066267,0.06389044578251234,0.1873322496431001,0.034935712217239664,0.13835909572289176,0.11305346339941025
4897,0.1260717910496356,1.050222066528161,0.06965949697214242,0.2097398640515737,0.03925237590275987,0.12882921542645603,0.1248663067817688
4898,0.12173304576043537,0.9704254274749479,0.07048941849253017,0.19905170549001844,0.03725278636588824,0.12799944546727896,0.168126180768013
4899,0.12316800228632573,0.9151746458966485,0.06953525743169808,0.19034088435526245,0.03549508400457802,0.14110553397253534,0.1731674075126648
4900,0.1193193983748174,0.8429173604969489,0.06669142565914822,0.17758084492169118,0.036031122202258806,0.14121787429729166,0.16439688205718994
4901,0.12114220953681737,0.9307303827359525,0.06762841164993011,0.1909286932336476,0.035798372629125844,0.13475489359632095,0.13754138350486755
4902,0.12333462680269039,0.9361813380618201,0.07314976645090894,0.1964399909667534,0.03721505038109553,0.13472206252803076,0.2023683488368988
4903,0.12434479813501435,0.9823665032250236,0.07287196878829878,0.20279975942211662,0.04090652583743141,0.12870519526918497,0.24592137336730957
4904,0.12030988883323053,0.9432858164424358,0.06870815400289365,0.1936478200656854,0.03805284013312839,0.1281141166174219,0.25607478618621826
4905,0.12635557548788567,0.896343374493811,0.0662200841026762,0.184809125587124,0.03660604527735607,0.15373955808526546,0.19961075484752655
4906,0.12834821324107576,0.8635556728069802,0.06800825301202272,0.18165788441130234,0.035053312947563156,0.163335288723951,0.18819455802440643
4907,0.13234953987316567,0.9443317849048264,0.0685940113069385,0.19369940753520823,0.03976051728363223,0.1596838004347202,0.17358823120594025
4908,0.12439686883932771,0.9426827236688078,0.06789428648708866,0.19286406322733424,0.03901765200067141,0.1391948884836463,0.1303306370973587
4909,0.12527388658587316,1.0416094749146048,0.07086779954238816,0.2095451817384191,0.040633562503679825,0.12559678689931464,0.13983072340488434
4910,0.12487756702787545,0.9951102557079318,0.07210719667253163,0.20396477653473163,0.03822351975298234,0.13149855007490768,0.20623502135276794
4911,0.12482452640996838,0.9460202993972541,0.07113962803190098,0.19612258108409428,0.03608819028054065,0.14008302268335754,0.1550239473581314
4912,0.12259208454371716,0.8981336908770651,0.06738753824524996,0.18606556004979496,0.034950052160732985,0.14373957181101027,0.1610037237405777
4913,0.129018478836241,0.9754749961764724,0.07141895585048252,0.20056981875419538,0.0392469707031603,0.1449611260244766,0.12173448503017426
4914,0.12269997895204708,0.9146625517628371,0.07528602433716479,0.19519695682654653,0.037462591034830815,0.13384783773942424,0.14055563509464264
4915,0.12134793481033901,0.9386735642460056,0.07671456557278448,0.19985156538324464,0.042632756424614296,0.12153303914655572,0.16692666709423065
4916,0.11127771763960186,0.8222211949032214,0.07433383024698911,0.1811748823407366,0.03725635585365748,0.1148863900888103,0.14415565133094788
4917,0.11935852506551643,0.8246193055249412,0.06907427086090014,0.17700927581290601,0.03651205689680914,0.14140477780916944,0.16846679151058197
4918,0.12445622723880358,0.8487126024561049,0.07108835313407286,0.18217753160864886,0.03552396064349183,0.15176581918608673,0.12836307287216187
4919,0.13061433676189207,0.9773957655558021,0.07015596120087061,0.1997616475372894,0.037845729174945573,0.15128297147199765,0.08021613955497742
4920,0.1237567976041059,0.9255597047549493,0.06949020475457912,0.19178584761177486,0.03772435317065037,0.13950976772666918,0.09220685064792633
4921,0.12753374923935243,1.0434361923069422,0.07328544368495936,0.21187840777381403,0.03930277171034934,0.13093427835957622,0.11183805763721466
4922,0.12346603178926235,0.9782334492693794,0.07275571099508536,0.2021096736056988,0.03726399089148929,0.1300796309854319,0.1599813550710678
4923,0.12434180320603572,0.9218617077218919,0.0709098990765419,0.19247444316873472,0.03741927475509308,0.14078295563324889,0.1710198074579239
4924,0.12216162460833878,0.8583212983429513,0.06909906122368972,0.18184509509786997,0.03758611119037393,0.14394216217071823,0.17400047183036804
4925,0.12618619919993768,0.9408642765696101,0.07502520064335493,0.19871649720424853,0.03960975592376951,0.1384765763128128,0.17001105844974518
4926,0.1243759728908655,0.9387186502081959,0.07552463432754376,0.19883806516763694,0.03863899172903303,0.13424150066529383,0.24046199023723602
4927,0.12548945877798046,0.9769937118163208,0.07525917133641673,0.20407839140497444,0.04318095959867607,0.12874407951125202,0.27107664942741394
4928,0.12170879456225907,0.9306561983512702,0.07211721889351051,0.19476564453033332,0.039436042750787145,0.1297727086752321,0.27441880106925964
4929,0.12944066575973825,0.8972726873440364,0.06963237457126169,0.18786670496737237,0.04001419266840637,0.15656604540797384,0.27500542998313904
4930,0.1322258696736338,0.8735989664679046,0.07256422315471639,0.18699775791374323,0.03652781562493452,0.1680362647561499,0.24303777515888214
4931,0.13596080333973148,0.9675444800840666,0.07463278944363262,0.20219160239226605,0.038267963297825426,0.16349008920543154,0.1986701637506485
4932,0.12525640398845603,0.9135242288326542,0.07348280220616701,0.1934887202956652,0.03609073153468713,0.14357309061669585,0.18048882484436035
4933,0.1276702928245958,1.0490930051171588,0.07495866968132371,0.2141207176007287,0.040934143024632504,0.12792030222044737,0.1939360350370407
4934,0.1266631593568438,1.0128166024951577,0.07236400035751779,0.20671437209146634,0.038672622880078764,0.13361006763121847,0.17321832478046417
4935,0.12983005977366194,0.9782477442278932,0.07359975393741579,0.20283518112176965,0.03895536227070081,0.14546593890915863,0.15790174901485443
4936,0.12616893739932578,0.9492592000374412,0.0689500662934715,0.19470851397118144,0.03729352663540817,0.14396279231738,0.15086953341960907
4937,0.1327964426777265,1.0068051499096313,0.07531591375711577,0.20838580463604653,0.038283388695173934,0.14935467319892995,0.14661738276481628
4938,0.12428746780359616,0.9277034716241183,0.07638283433324583,0.19800006823194188,0.034031274515013296,0.1387631115563036,0.15094205737113953
4939,0.12106658477278448,0.9430157462822676,0.0777670303711368,0.20137398978701265,0.03933784317715166,0.12231025428151353,0.16814948618412018
4940,0.11261969283971979,0.8270523179963767,0.07637683454369502,0.18361618932264953,0.036131974151590765,0.11742451226926912,0.16699516773223877
4941,0.1205938657687398,0.8134780243743721,0.07147122995168724,0.17747220058349936,0.03855392087179243,0.14261027459065417,0.1439795047044754
4942,0.1272726953982091,0.8692553224388934,0.07440235533824584,0.1879527792097669,0.03602308412755578,0.15402103192491762,0.12664096057415009
4943,0.1347680724994228,0.9988567329823743,0.0760506344068178,0.20788007706046877,0.03818018201388003,0.15530947268335749,0.09597303718328476
4944,0.12552622917474734,0.9467859327694805,0.07386955897928565,0.19857189809217063,0.03497689553167997,0.14084193580968601,0.11804142594337463
4945,0.12933935421998555,1.0527277341906394,0.07698062002008281,0.2163730649015909,0.03946387555872052,0.1318259012021878,0.13147161900997162
4946,0.12579330212056447,0.986601168871278,0.07266865728612994,0.2032304446554368,0.0392035182572823,0.13380186328292312,0.18779684603214264
4947,0.12748142081312985,0.9233771373981546,0.07317585830945676,0.19463318389355647,0.03956023710672899,0.14565466386085735,0.20364777743816376
4948,0.12291510999887686,0.8615735851697459,0.0701067958146014,0.18317348000819347,0.03808925130086765,0.14441166260148292,0.1821284294128418
4949,0.12665871396379394,0.9448200408112426,0.0756732557888274,0.199837082220601,0.03881885662350838,0.13948751691183764,0.16606096923351288
4950,0.12396357863509998,0.9499145652602863,0.07651776261813065,0.2012887344241529,0.036102423284837155,0.1331825782511587,0.20227092504501343
4951,0.12416779462618567,0.9930571521675479,0.0771781855667061,0.20801803793825493,0.03765554260991494,0.12649705224236196,0.26621192693710327
4952,0.12099752511094578,0.9366341060345356,0.0760047453287631,0.19895179685815914,0.036086246627809224,0.1270849060048785,0.2940053641796112
4953,0.1285457796710039,0.8926722056733412,0.0723236291630817,0.18951628295026163,0.03573824783670005,0.15640317965666922,0.23269318044185638
4954,0.13342740630280098,0.8806936212269691,0.07485125846039474,0.18997159599847682,0.03648788773542661,0.16877331906553722,0.22769306600093842
4955,0.13688435680067568,0.9495662876107831,0.07743061088971646,0.20202142184986885,0.03791869259457968,0.16648438106296565,0.21851816773414612
4956,0.1270843562016813,0.9261288001611022,0.07631691554412853,0.19771861334655336,0.035585784777480464,0.14534063119609397,0.19554635882377625
4957,0.12746945773053858,1.0305334612207095,0.0760704640035222,0.2124223207488347,0.039157533559881594,0.13040863623885438,0.1872687190771103
4958,0.12624905874675355,1.0145452050402408,0.07431915901360198,0.20863716558883608,0.03612754590137684,0.1330157889996359,0.20039856433868408
4959,0.12989961322352206,0.9715753737021757,0.0764918853110333,0.20436095508119648,0.03646766965923167,0.14649888971681094,0.18392731249332428
4960,0.12688387266276543,0.9394248786857247,0.0728056164324239,0.19660836818289543,0.03484524520363834,0.14640873810938784,0.16330231726169586
4961,0.13212227999681606,0.9949100431647739,0.07777540217001916,0.20879463659784125,0.03548538555278828,0.14959125060944323,0.12666268646717072
4962,0.12571186390455805,0.9348492258106876,0.08124845318277839,0.20319142070105117,0.03314059773588388,0.13891710960521647,0.15506881475448608
4963,0.12178210907196368,0.9427759382926546,0.07983007237140338,0.20310805321729644,0.03816893375799747,0.12378343634451794,0.17865370213985443
4964,0.11292686052064548,0.8353368985459559,0.0775834657632254,0.18583395616075832,0.0364088642272622,0.11608639859225707,0.18198002874851227
4965,0.12332272553852511,0.8362323870384133,0.07437038672510284,0.18320781534129008,0.0368031352264374,0.14662791348418253,0.16374048590660095
4966,0.13018503930031977,0.881339151705737,0.07643447742120893,0.1914208594618558,0.035657470874616695,0.15931531903146584,0.12288454920053482
4967,0.13671826621188543,1.0112037391364177,0.07756905562659482,0.2109454389851409,0.03723850016659547,0.1588142853249156,0.11002173274755478
4968,0.12787309417733297,0.9573972073423747,0.07612934048668386,0.20202475003749681,0.035810067187256434,0.14354554391600655,0.12602509558200836
4969,0.12965615579228865,1.0524596448407464,0.07779267065432606,0.21703080982381467,0.03901098930090029,0.13251785419466822,0.18002085387706757
4970,0.12740298822786678,1.009814900635725,0.07497037916894252,0.20851959652134003,0.036844828854489316,0.13566434542278294,0.1934790015220642
4971,0.12995498059503466,0.9515286966075341,0.07561356240861437,0.20074429586560294,0.03804832745132684,0.14843265123403174,0.1773671656847
4972,0.12620852610521752,0.8851946439284846,0.07233180828080767,0.1884550705161901,0.03787765342018098,0.14903231334502348,0.16551245748996735
4973,0.12840495612280914,0.9565678087285652,0.07510555566560104,0.20102873467459587,0.038296802956584296,0.14370378391044245,0.16551242768764496
4974,0.12540939715998786,0.9620648855217916,0.07912372274312866,0.20525817456865192,0.03482529572534561,0.13480280568271874,0.1947038769721985
4975,0.12432923019049896,0.9806413709012132,0.07836597358335258,0.20726245891447553,0.03951074582277619,0.12597882887877687,0.2502225637435913
4976,0.11971718496359506,0.9211834914131338,0.07464634126093413,0.1955802198541055,0.037803564846174816,0.12501144703714112,0.27834078669548035
4977,0.1289312428806497,0.8899661720295879,0.07173726977106025,0.18862711295084988,0.03847317862626819,0.1558481627918083,0.23492030799388885
4978,0.13400419528929886,0.8810616446760623,0.07387554338680676,0.18918784357098611,0.03769406319288436,0.16998986862718524,0.20619319379329681
4979,0.13747318778613654,0.9558535829495971,0.07433272778292044,0.2002642785210171,0.03894021055756264,0.16874733846811818,0.21667562425136566
4980,0.1282412420919813,0.932163410734845,0.07639331785050754,0.19864618826255573,0.035864634670253456,0.14746644568674055,0.20972874760627747
4981,0.12851240955408078,1.0344148497642902,0.0772854848342811,0.21401825125285384,0.03878947635220683,0.13220236461929405,0.2127303034067154
4982,0.12801095341571,1.0323283701480914,0.07699673728523489,0.21347268483707155,0.03572291677454818,0.1339839704830352,0.17327521741390228
4983,0.13050372491318837,0.9982728354639152,0.07739154060719484,0.20894601130101204,0.037601908748387834,0.14315581346804312,0.13670919835567474
4984,0.12913988779342714,0.9566717057692397,0.07310701377202476,0.1993305412001983,0.03800016726545108,0.14747032152448142,0.12248016893863678
4985,0.13513235324965428,1.0295515492543281,0.07719372509190044,0.2132448428293901,0.03833669928653556,0.15148012208511435,0.1292763501405716
4986,0.12956850201565864,0.9757448279049399,0.08468580696467372,0.21197995281328322,0.03654623559411304,0.1388529656865895,0.14119738340377808
4987,0.12370540678105582,0.9420071557398018,0.08384087757277243,0.20643606016806235,0.03949030181496678,0.12500430191275302,0.1615120768547058
4988,0.11510820921416563,0.830262571270423,0.08193778412441262,0.18884132514527124,0.03808097880208402,0.11799055938501968,0.15055979788303375
4989,0.1266321666376746,0.8390325826818954,0.07796568149875925,0.18668952452492155,0.04095318375759803,0.14905108850640048,0.13964080810546875
4990,0.13417315964372076,0.900665676089451,0.07765177171075312,0.19522518662199564,0.03963004123195964,0.16347786464802114,0.11682113260030746
4991,0.1396936588210425,1.036376053870307,0.07943525661090693,0.21614108479082123,0.039908190087852916,0.16011444623902704,0.1228562444448471
4992,0.13130252218076188,0.9895715230175096,0.07940375145176397,0.2094277188182991,0.03813536604148806,0.14446423674478143,0.13480889797210693
4993,0.13070000647363367,1.0601027269737968,0.08029944282594564,0.22027134056135297,0.03798927981610748,0.1334469749722147,0.16199657320976257
4994,0.1300104068679173,1.0212707787354847,0.07902669531029681,0.21363299294246652,0.03846034866190684,0.13694694498294593,0.1861599087715149
4995,0.1314870047050836,0.9745094315754943,0.07681066575943177,0.2050533465902978,0.0389517151405141,0.14808483392451943,0.1630275547504425
4996,0.12835989884992027,0.912205151586023,0.07311193029127482,0.19298239047623886,0.037952366916206404,0.15092180911889125,0.15027855336666107
4997,0.12934723684744978,0.9816056410571455,0.07440043996309982,0.20400118297653494,0.03828024989290587,0.14370864756972623,0.13903960585594177
4998,0.1268112686215192,0.9793980571776276,0.07925827827598651,0.20784967526193526,0.03689303173680739,0.134581120085278,0.16363832354545593
4999,0.12280236186736794,0.9668707703912638,0.07676133802806806,0.20391982836566744,0.03843669496465089,0.1256445372212333,0.21329793334007263
5000,0.11895271025798605,0.8823675344610951,0.07664757818821534,0.19175042908434103,0.03815427457239173,0.12595333750982046,0.2166212648153305
5001,0.12937436351517972,0.8977672241642961,0.0729865477784391,0.1908123586907044,0.03885162068223238,0.1548235177154246,0.20637449622154236
5002,0.13532116518742307,0.8927338978170036,0.07368851827805717,0.19069500106933526,0.03917790906184985,0.17099440790062645,0.18519006669521332
5003,0.13838898201095234,0.984762102706877,0.07613182302957372,0.20593614869775992,0.04004383090517573,0.16533721837755022,0.18232959508895874
5004,0.13020893128799182,0.9613483593784529,0.07719280575182265,0.2035007419841984,0.03778013044877153,0.14695379766312883,0.18971523642539978
5005,0.13040544873402443,1.0643236441619162,0.07895051185305053,0.21971810218288848,0.038625665935701485,0.13256418691480093,0.19270043075084686
5006,0.13171395072186384,1.051632918209111,0.08080280050517145,0.21949281732002,0.03839515363386946,0.13656138990047223,0.15361885726451874
5007,0.13356042413645489,1.0074324112949071,0.07943186487548046,0.2120033715068271,0.038260290714074115,0.14831046193196232,0.14382721483707428
5008,0.13145573793852483,0.9654562424320842,0.07474652537676037,0.20199077067037804,0.038147247606465005,0.15138251333870556,0.12652947008609772
5009,0.13585423690689513,1.049996821291583,0.0788085583794121,0.21754973879543646,0.03883466638942238,0.14926279695721015,0.11738768219947815
5010,0.12962906640020108,0.998394423118858,0.08485054650004986,0.21535681458845105,0.036005727420805954,0.13653770834245305,0.1237775981426239
5011,0.12140391708906918,0.9285593086814204,0.0829530353577843,0.20375393154687518,0.03894192456901001,0.12150189789354068,0.1314038187265396
5012,0.11331404226972414,0.826253489573546,0.0792036729003107,0.18592507528220145,0.03633567774065132,0.1171354573467452,0.1029830202460289
5013,0.1253255949534519,0.847456361519029,0.07734082769809357,0.1873573325296558,0.03877795236550426,0.1467770118387277,0.0990404337644577
5014,0.13462652703691314,0.9253622527769666,0.08018953396199836,0.2009284937927081,0.0364284136268364,0.16253565535940967,0.07573853433132172
5015,0.140639638590902,1.0505104966250332,0.08225464589867958,0.22057691028815868,0.038994157685776895,0.15963432164778685,0.09413706511259079
5016,0.13270306148180125,1.0193427345468091,0.08153381338944088,0.21550651641192206,0.036152295661792,0.1447319585104537,0.120662622153759
5017,0.1316960289736301,1.0610638841442166,0.08186194912511091,0.221747939842126,0.040339774693583415,0.13283732945873705,0.1483025997877121
5018,0.13156641608860314,1.0350635121837621,0.08343045944368731,0.21937803840655512,0.038377596431404926,0.13627146376044358,0.16921132802963257
5019,0.13281203491431368,0.9886737807838158,0.081017357862432,0.2106825611369154,0.03739032741794631,0.14816931852885862,0.14308547973632812
5020,0.12941048705623048,0.9335376869369592,0.07661494305925756,0.1990324778989292,0.03773553250679974,0.14870683029962103,0.13294155895709991
5021,0.13085936767338116,0.9946709249229357,0.07733325251608349,0.20838149143134815,0.03788525464559672,0.14437985828447142,0.11512812972068787
5022,0.12629450063853762,1.0046018043706126,0.07746506876804508,0.20991317385412617,0.0351279662542864,0.13289887916111745,0.1229296550154686
5023,0.12295984981655271,0.9765491968284288,0.07551836077909911,0.20423705164328906,0.03932301202648307,0.12502453128446928,0.16291826963424683
5024,0.11764128051961982,0.8907714398577657,0.0729681927913605,0.18979722808656124,0.03638896026126241,0.12560060662460876,0.1777668446302414
5025,0.1292262681835009,0.9025661538736749,0.07276113759197321,0.19130471134650204,0.038770260334482956,0.15405663728376556,0.16227002441883087
5026,0.13573736706950312,0.9024326599018695,0.07481613943545927,0.19304707093066073,0.038117873950065925,0.1710084326704978,0.16915538907051086
5027,0.1407018290590713,1.000415104220878,0.07851190115477633,0.21021235873564795,0.040160994160655314,0.1678533461281807,0.17257511615753174
5028,0.13031688386957355,0.9750499087524601,0.07878969849781525,0.20682687139133593,0.037015805001482,0.1450090887976116,0.15459367632865906
5029,0.13071916308222836,1.0711881775882106,0.0795390729377715,0.22120323074497708,0.03980472737191067,0.13109573512385117,0.1347840130329132
5030,0.13146383175997356,1.0551780317051884,0.08283244609237818,0.22173895832277962,0.03842693781811605,0.13388037821664361,0.1602204293012619
5031,0.13366107817749542,1.024015022202117,0.08119677318476579,0.2158850944729588,0.03880593729475186,0.14471331219136557,0.12876297533512115
5032,0.1311496565479244,0.964589595876365,0.07734376646195075,0.20409317066400995,0.03803142875142394,0.14880253101828744,0.12190796434879303
5033,0.13675648069021312,1.0423110937860407,0.0810665997780406,0.21838724177918345,0.038515567608919735,0.1512903636834958,0.10681335628032684
5034,0.1291157079644007,1.0137987696319626,0.08271528595827378,0.21572721219737215,0.03629185743596321,0.13455151097293347,0.10126549750566483
5035,0.12151467895332307,0.9471440735739272,0.08163882721208963,0.20528243383520928,0.03912264403652436,0.12031092398387155,0.12687765061855316
5036,0.11226525227714625,0.8260169402333353,0.07790035000300984,0.18477414860734204,0.0361215953202853,0.11544566782547822,0.09412938356399536
5037,0.1219107283962383,0.8437680388904589,0.07554806105348331,0.18529377217305126,0.036411522873524074,0.1412623699239019,0.09055199474096298
5038,0.13255985094435882,0.9118268385183467,0.07915051554117879,0.19810427596648847,0.036018726432764166,0.15968196299764065,0.06880178302526474
5039,0.13913795968937182,1.0427190479291513,0.08113072815187278,0.21850048812005543,0.037114798388775586,0.15896601345054534,0.07973221689462662
5040,0.1310786014974483,1.0175302440624194,0.08194298601345178,0.21559830859187576,0.036724847205139036,0.13968339279559483,0.08927102386951447
5041,0.13045803449125248,1.0565632763870045,0.08508576944964373,0.22386827044069532,0.03557507065743298,0.13174667139008217,0.1232835054397583
5042,0.12995188260040946,1.0325920315098107,0.0859708745946363,0.22120246843966124,0.035613584366318445,0.13265363094589389,0.15009921789169312
5043,0.13251819912852142,1.0019906682801725,0.08191105696927202,0.2133510014422578,0.03527371725930228,0.14687841873956883,0.14773684740066528
5044,0.12777793648267655,0.9204977768905422,0.07618143923453086,0.19679805889967536,0.035542574735969924,0.1480912708961709,0.12742289900779724
5045,0.1295604868053304,0.9811265601863208,0.07717918071184166,0.20631452063676722,0.035686782118007944,0.1445401988042303,0.10073622316122055
5046,0.1266958754798999,1.0193534888256577,0.07939172990563852,0.21367198117992695,0.03472265861292524,0.13106834775097906,0.125804603099823
5047,0.12334899452067964,1.0264286143208035,0.07776036516578837,0.21328440075936195,0.035349715317565596,0.12165488336455739,0.1754823476076126
5048,0.11796155723352732,0.9150448987835901,0.07293951290972751,0.19324028232027932,0.0350735038832725,0.12461971946409224,0.16102248430252075
5049,0.12640376088317504,0.8964477007244778,0.07216044160318057,0.18991576433479446,0.03576199251396116,0.1501423051860702,0.1682356297969818
5050,0.13319049539843125,0.8921232139525646,0.07690303081386611,0.1933630569765373,0.03440085164386044,0.16698044230283787,0.15392650663852692
5051,0.13782707328466104,1.0131265379252012,0.08013828866764595,0.21342232427586813,0.03495085359321289,0.16169792089737195,0.14476332068443298
5052,0.1269113460236653,0.9686524532179441,0.07867268369904475,0.2058126507731732,0.03396110043350136,0.13920416925923929,0.15644705295562744
5053,0.12762463019373535,1.0527265522095008,0.08345412487598258,0.22192161449505665,0.034588594562590974,0.1265213001073306,0.15541766583919525
5054,0.12975925765272892,1.0725054582566083,0.08823959658574743,0.22884900539587036,0.03243486432837227,0.1282145725362922,0.13155187666416168
5055,0.13301259233011084,1.0287820683391877,0.08395634119142609,0.21893144506967777,0.03615526241251594,0.1425837598608854,0.16358207166194916
5056,0.13104894455484536,0.9676303230365357,0.08055576910110833,0.20728070537759796,0.03495752417614816,0.1484261466662969,0.1380668580532074
5057,0.1351697748059325,1.0544598915709695,0.08258855702655507,0.22142731910432856,0.03518235228464549,0.14718341825096218,0.11537931114435196
5058,0.12850988401564575,1.0272235357259492,0.0824691103562646,0.2174340282662195,0.03456917253586012,0.13289938034120613,0.10167629271745682
5059,0.12026016324876045,0.9545091391742301,0.08261945663336501,0.20717512556777432,0.03597290819460693,0.11796091939200766,0.09468604624271393
5060,0.11219191641769531,0.843411898563516,0.0802291985786646,0.1892552985765005,0.03571329128049422,0.11168025402379173,0.09434641897678375
5061,0.12253173802647015,0.8452701713481854,0.07807228389411015,0.1876719821018352,0.038879314720457504,0.1387298948532868,0.08845144510269165
5062,0.13205558587172836,0.9094667138185315,0.07994168590175973,0.1984452613184414,0.03525781902792673,0.15866266584418082,0.07888394594192505
5063,0.13807878376266156,1.0571713858149052,0.08184297059732498,0.2211756013426936,0.03683575620347018,0.15395671749442597,0.07160219550132751
5064,0.12837116782218028,1.0235149309733838,0.07911019812556225,0.2140251599609653,0.034218281615563055,0.13580770013153343,0.07696498930454254
5065,0.1278626902518288,1.0351095359081308,0.0833345309028366,0.21930238876073574,0.036583713058632825,0.12772205910058174,0.12065888941287994
5066,0.1275561680523226,1.0150047601795713,0.08758167308685454,0.22007068552867123,0.034622527785978296,0.12792290049356878,0.1602334827184677
5067,0.12947734889975698,0.98144931203788,0.08134915732364104,0.20993489371138946,0.035768893248012336,0.14107189588485514,0.16315977275371552
5068,0.12718346075627326,0.9190045812611938,0.0794716479727226,0.19940492415678993,0.03497472061658579,0.1446723279030477,0.14137370884418488
5069,0.1289124349368338,0.9911389198445072,0.0778053339893224,0.2082815605400631,0.035789649689623546,0.14094688712531708,0.11512672901153564
5070,0.1259657208101323,1.0114625452610921,0.07890708346128102,0.21212929228982547,0.03474519586841755,0.13039055508940114,0.1106220930814743
5071,0.12258095590052291,0.9983448335844227,0.0787414250822137,0.21011334058252926,0.036456288855969556,0.1213492029677515,0.14175966382026672
5072,0.11812088330866466,0.8893685958340409,0.07850339067891987,0.19434127712965146,0.03717098447477533,0.12225920019495443,0.1364615261554718
5073,0.12851117389087355,0.9015567302016151,0.07572082526698062,0.19369738311478554,0.03959213679342249,0.1492773982802202,0.13220912218093872
5074,0.13443340373371263,0.889748255415924,0.07835416602037572,0.19426760736259688,0.03725604591654925,0.16710866364845695,0.11211138963699341
5075,0.1387251698448639,0.9957060288833981,0.08014348158555153,0.2109381311995296,0.0390561959997185,0.1627491807740336,0.11456970870494843
5076,0.1279049123862376,0.9789023491961528,0.07759685562118437,0.2063547832747513,0.03565252804229776,0.13998211165973554,0.11530892550945282
5077,0.12818740995770259,1.049924332922854,0.0837633255705676,0.2217863266208942,0.037511625875692615,0.12562966894916863,0.12332016974687576
5078,0.12912962261642422,1.0603123391818705,0.08571683123246747,0.22494476093952503,0.034590929122971896,0.12801273339048183,0.12230148911476135
5079,0.13157779679301368,1.0225336982352802,0.08128487162585861,0.21574898971291884,0.0359771906181232,0.14157853339112583,0.15678098797798157
5080,0.12985562842793402,0.9605207851857942,0.07579114023612854,0.20218108951465222,0.03579393776590795,0.1488748293063284,0.1417703479528427
5081,0.1368413015530533,1.066717381864472,0.07779098771434233,0.21906618687864654,0.03835794438996759,0.15106746441085925,0.12343177199363708
5082,0.12933624739825145,1.0440819804936747,0.08096210181310881,0.2185506559103325,0.03515032250181836,0.1336863242345594,0.11963474750518799
5083,0.1212730874329398,0.9757620194116492,0.08375636015641168,0.21118574005001706,0.03770174144170036,0.11572444413533171,0.10605219751596451
5084,0.112583500584845,0.8578990858360654,0.0822700265700157,0.19307417789373707,0.03535947489945045,0.10972518041428461,0.09874021261930466
5085,0.12197051384364115,0.8496766491708323,0.07823396166372269,0.18844005987902407,0.0376086851324854,0.1376262611849423,0.1058979481458664
5086,0.13029483524680419,0.897998597768308,0.08014052483115985,0.19697739239360956,0.03566299036713687,0.1547504620130583,0.10578755289316177
5087,0.13753659635142143,1.0511393718569833,0.08149840630696972,0.22001854424268594,0.037824447931982884,0.15261302181357372,0.11782867461442947
5088,0.12848653213746247,1.0057994911914596,0.0798000264274398,0.21208566425087122,0.03627528080589328,0.13602213645335293,0.10796047747135162
5089,0.1277669616908306,1.0192903350023765,0.08522391750380391,0.21866197714645713,0.037993315941371376,0.12678576319793422,0.11304297298192978
5090,0.1275438093351999,1.0157378023638106,0.08699599470355324,0.21967339579787573,0.03542706861613908,0.12753256930953671,0.13801249861717224
5091,0.1302462792027635,0.9738896459635018,0.08149750847817509,0.2089820995475075,0.038124025448516785,0.14195940843607835,0.15493912994861603
5092,0.12663900655715574,0.9182889071796798,0.07695387295412853,0.1971445921292073,0.03617873513945876,0.14409935667209547,0.13905610144138336
5093,0.12993874593463256,0.9947933372470821,0.07719304785257804,0.2082788034803643,0.03908520991243839,0.14088803960153712,0.11934944987297058
5094,0.1254994287646236,1.0025186012110079,0.07625661045198423,0.20857975198898757,0.03706321131915354,0.13018583620809143,0.12493083626031876
5095,0.12206618908899217,0.9812886431995296,0.07912363693971058,0.20800435211968477,0.03862034284652919,0.11988541189929128,0.15373896062374115
5096,0.11755430586325226,0.8851895119814239,0.07905121420589584,0.19421382817382843,0.03717585589590344,0.1208083675629283,0.16067171096801758
5097,0.12685249031021908,0.9053173693087426,0.07317929887049078,0.19205616607595535,0.039039789391300435,0.14663538731925368,0.14529044926166534
5098,0.13324355071812316,0.8936712929788011,0.0753671313031082,0.1922677258282072,0.035911441869585996,0.16676299273926967,0.190134659409523
5099,0.1378254113993872,1.0113413893031211,0.07946953433429377,0.21259408504412627,0.03934739952789395,0.1585710823477971,0.1562644988298416
5100,0.1273723781496131,0.979412086498638,0.07824345329936433,0.20698182947068913,0.03762548764403105,0.13624263743605589,0.12897823750972748
5101,0.1272379529211041,1.0475439405498848,0.08241011297732506,0.2202863740591193,0.03789759268388055,0.12399339963291145,0.15350350737571716
5102,0.1277213467461281,1.0384751805893548,0.084279383312948,0.22059306863814898,0.03634049630792905,0.12641683422403394,0.13657031953334808
5103,0.13035503505200388,0.9896402543629832,0.07946494986260146,0.20948999336265597,0.04031607293980432,0.13989603837835793,0.13337883353233337
5104,0.12899626585729876,0.950190843995193,0.073651530245651,0.19887143220987127,0.03779651382682083,0.147655278325466,0.12053368240594864
5105,0.13526754656090204,1.0392066652853498,0.07740246213102901,0.21480306258164625,0.037739715974379084,0.15101082180595837,0.11305972933769226
5106,0.12752687692151546,1.0218807373648875,0.07620164017527134,0.21129865405950218,0.037234502316466245,0.13323239970519515,0.10408073663711548
5107,0.1192748829722317,0.9650649869448931,0.07912313343368893,0.20568625536386095,0.037865646327170856,0.11489801419398432,0.1122661903500557
5108,0.11157076146494628,0.8360816880670612,0.07718508030295705,0.18559888141211478,0.037526281674421395,0.11158507632788311,0.10091342777013779
5109,0.12063245126028908,0.8424483698892394,0.0733997476935866,0.18326383657867987,0.04142350140020253,0.13513782023427284,0.09709282219409943
5110,0.12939181619098947,0.8718229006306444,0.07527566621243242,0.18906812827217695,0.03890532429374786,0.15635072353003676,0.08336646109819412
5111,0.1354779944703531,1.006037667641376,0.0772245035692865,0.20991209843672784,0.03989852877592299,0.15398018598240154,0.08416075259447098
5112,0.12685402342575114,0.9756862641810075,0.07651757744522726,0.20497024697891011,0.03904187105742692,0.1353379611390207,0.10020405799150467
5113,0.1256030889616514,1.000022528005462,0.08040900260402382,0.21178236337565787,0.03866575124838123,0.12626639434850717,0.12271708995103836
5114,0.12559483646953362,0.9928627152892128,0.08221534468944762,0.21230782620369978,0.03692209359073394,0.12730962047108796,0.13508905470371246
5115,0.12822831774436433,0.9600178693539615,0.07584852191213831,0.20215842868954162,0.04082384115076054,0.14001838768673752,0.15273354947566986
5116,0.12467297222841317,0.9058474803800377,0.0698585803258278,0.1892855660478578,0.03848592227324816,0.14355062134716853,0.12349184602499008
5117,0.12781702512913118,0.9725185713640567,0.07110284828256556,0.19987652300849287,0.039068819933120044,0.1424196440311994,0.10715944319963455
5118,0.12345818723479622,0.9924386642653266,0.07038301569650071,0.202105251206333,0.038283190276751186,0.12917012859799093,0.14600922167301178
5119,0.12115899714490821,0.972372975364912,0.07398952847471851,0.2023300208876033,0.039310162701465604,0.12175208150806227,0.1721358746290207
5120,0.11654316513059827,0.8726745104757561,0.07064186899072816,0.18521796063144644,0.039885933839638045,0.12352779644694628,0.1725613921880722
5121,0.1261670379325036,0.900984292259528,0.06698733828893577,0.18612976028473469,0.041675630207537236,0.14762963763364703,0.15266135334968567
5122,0.13304149158457337,0.8804919856487838,0.06948251909470453,0.18534101431671585,0.040017630290049726,0.1686752878266569,0.1482587605714798
5123,0.1375584101392431,0.9813861076982824,0.07523600539032656,0.20468602000574881,0.04160887419628166,0.16277759545614193,0.15412229299545288
5124,0.12675635180834643,0.9593138680075126,0.07403273218514556,0.20050146587405512,0.039277004806474926,0.13877380562748892,0.163877472281456
5125,0.1267051760311032,1.0434492571475997,0.08079007269115696,0.21831281332779165,0.038365448032607434,0.12384575539518457,0.15839947760105133
5126,0.12810793008268304,1.0641170585309991,0.08062670004130242,0.22112532268268767,0.035975169594959125,0.12733387698443738,0.14565180242061615
5127,0.12952769940022313,1.0158960932534633,0.0747469529057822,0.20919683009830806,0.03886249772767947,0.13914926150287454,0.13022170960903168
5128,0.12770561797564192,0.9598880272727554,0.07102735027455644,0.19800744698858486,0.03781245265924532,0.14484803724116385,0.11894639581441879
5129,0.13348062771490768,1.0384050376823961,0.07396535133580302,0.21174244938531633,0.03790065870761044,0.14863400663468523,0.1174844354391098
5130,0.1258835883758102,1.0065299209145824,0.07415420635494376,0.20735073700632073,0.038212488141937374,0.1313120460287522,0.09986493736505508
5131,0.1201501772385653,0.9751976640577272,0.07675447352565766,0.20510350074452477,0.03987288596947926,0.11605864903130103,0.10537607222795486
5132,0.11130060537334353,0.8434294763307638,0.07411210500544833,0.18401458662335055,0.03677833071622857,0.11288286210456294,0.09770754724740982
5133,0.11834554779051483,0.8328315843305523,0.06966573660199625,0.1786894291346471,0.03988453306633801,0.13419803949805376,0.06375271081924438
5134,0.12849909915628369,0.885068845762123,0.07034128207360814,0.18673093402911028,0.037124245078691186,0.15749924096045384,0.07043524086475372
5135,0.13354864618728648,1.014894711982071,0.07303439810035503,0.20758587151202873,0.03693186766718886,0.15330575523322237,0.08219632506370544
5136,0.1264103519385209,0.9950785067131671,0.07254668179487937,0.20433694249749187,0.03755164766773549,0.13597595143635852,0.10614117234945297
5137,0.12574674350595685,1.0018320059027732,0.08184371220956436,0.21327061130859423,0.040126549035084044,0.12408102934066288,0.12561078369617462
5138,0.1261871190755322,1.014925110793771,0.08120577354511424,0.21459425029492232,0.03640099725011486,0.12739373585580605,0.13671572506427765
5139,0.12823954512002766,0.9640155464814416,0.07544424796374943,0.20238300489484834,0.03788519606689043,0.14242407323855472,0.12620007991790771
5140,0.1253462042051502,0.9236751099161771,0.06965328412146789,0.1916564020921406,0.036944280126986626,0.14467646462242675,0.12429573386907578
5141,0.12742651017366483,0.9871773454362688,0.0692018987442169,0.2003412482716529,0.037771700025916725,0.1420740732172049,0.1107017919421196
5142,0.12269654712633228,1.0009372137787589,0.071223564717022,0.20403980029727012,0.036769617459797864,0.12670726405997929,0.1125255897641182
5143,0.12012528465888607,0.9773760637730402,0.07485260730686784,0.2037845296591782,0.038600921690069505,0.118257262881345,0.14594879746437073
5144,0.11246980297921541,0.849382948994619,0.06972855019510703,0.1811077500236087,0.03603731117297914,0.11929002964582802,0.1440737396478653
5145,0.12192046301265402,0.8504031901373086,0.06578554876584991,0.17787378324748687,0.03981682134035504,0.14480199427043686,0.1260322630405426
5146,0.1285579907630204,0.8418865995765871,0.06684432484870095,0.17756464980982753,0.039480983054750445,0.1636195458418004,0.1097368523478508
5147,0.1330343565573614,0.9363823504173209,0.07366050279499785,0.19690648102675828,0.03842986662683495,0.1599251763358498,0.12739454209804535
5148,0.12453339449575389,0.9034870383394624,0.07411830096663953,0.19259954916275707,0.03813986993338582,0.14056984315419813,0.16689223051071167
5149,0.12595819741720946,0.9787073533593613,0.08337394079104456,0.21127871401508982,0.04014388805928187,0.1263902660822508,0.16691020131111145
5150,0.12709500267098545,1.0076545261602043,0.08390608286642136,0.21587014619410463,0.038266530419655775,0.12714166530816962,0.160975843667984
5151,0.1290772514490347,0.9647350760477655,0.07829256014996769,0.20492720527822453,0.03960847682280355,0.14099371964644586,0.12226810306310654
5152,0.12781477273698644,0.9439478260068339,0.07461630169732059,0.19880651945582248,0.04009313539044607,0.14245342703622765,0.1114002913236618
5153,0.13360893960663836,1.0396169403540567,0.07354827718454315,0.21155808620875938,0.03960049336589089,0.14766082679043652,0.12210208922624588
5154,0.1278121241187451,1.0060219351607445,0.0774746237218741,0.21012423964171273,0.03996731075489122,0.13265323472952056,0.11740335077047348
5155,0.12000088194508014,0.9494922683075013,0.0776162409266994,0.20216995912395683,0.04410993202587971,0.11450752059286345,0.10467321425676346
5156,0.11235866516484272,0.8133545223298909,0.07203992922681084,0.1779420139558223,0.045959722941699,0.11307230941798632,0.09673859179019928
5157,0.11931273679543185,0.821187262787217,0.06925853079718407,0.17667692108147445,0.04685991994863727,0.13251529028608977,0.06165545433759689
5158,0.12914316935739267,0.8835684513117261,0.06804921731037623,0.1845519650248548,0.04744650107366772,0.1521450578966226,0.052441660314798355
5159,0.13361541500741592,0.9747298972032177,0.07058515580018279,0.19974869028633063,0.048413140298775935,0.15030078950842551,0.07956930994987488
5160,0.12338599687084603,0.9556405958582648,0.07057824700390618,0.1970157254116717,0.0423177557558713,0.12989469537322645,0.09796081483364105
5161,0.12509670472382367,0.9905809023548406,0.0802093387382914,0.2102624192549413,0.04171766974661405,0.12353336011415417,0.12957258522510529
5162,0.12725195423985464,1.0116074074351395,0.07954648856693387,0.21269804840524897,0.043002328134713656,0.1262050446871329,0.14061065018177032
5163,0.12698139913087647,0.9463422266481938,0.07261342483543401,0.1974318250943997,0.04385765702059415,0.1380705507592907,0.13045288622379303
5164,0.124978379211802,0.9206836708777678,0.06787374673285598,0.18970373589641482,0.043812664161604495,0.13936369278168856,0.1292693167924881
5165,0.12652180903093743,0.9671215505301509,0.06362434204644983,0.19269537182983568,0.047164646602882984,0.13805745870644906,0.11952053010463715
5166,0.12081362255184908,0.9635628951426876,0.06851661356825721,0.1963803680788901,0.042366380335050684,0.12333405715538676,0.1329459846019745
5167,0.12135079899593813,0.977115142682825,0.06985478658543941,0.19946340888506592,0.04631651181903618,0.11865726662274056,0.15971273183822632
5168,0.1145841674907349,0.834393451224454,0.06702705512847967,0.17665082599933316,0.04771910789806155,0.1187827684393006,0.15691766142845154
5169,0.12349110860804641,0.8618798183898986,0.06460533598683972,0.1785016906158481,0.049512646012394454,0.1400880041224154,0.11443081498146057
5170,0.12963893825310607,0.8532405916340956,0.06712957922298014,0.17943115242456806,0.051444419088033114,0.1544909551225157,0.11006248742341995
5171,0.13336633412686033,0.9318517103138715,0.06956414776634906,0.192748085273138,0.0522758665369975,0.15236146101499734,0.1276037096977234
5172,0.12261271561573474,0.9212396158056406,0.07003600625180821,0.1916365219023557,0.046460139046285445,0.12885038961320955,0.15154437720775604
5173,0.12366131040024103,0.9805290880858007,0.0785503552445346,0.20740445993614406,0.04478687136487964,0.11940118871226703,0.14054687321186066
5174,0.12745844837629033,1.0132547692611205,0.0766019038343758,0.21040945603819647,0.046749006047602,0.12549707870972474,0.14998045563697815
5175,0.13003100756762587,0.9719561321714896,0.07185975547829355,0.20044495214875013,0.04936182721971943,0.1390043388635603,0.1073795035481453
5176,0.12785252075543083,0.9677636136915688,0.06562528470571265,0.19450218884654924,0.048913937437016566,0.13860532157931477,0.1095346212387085
5177,0.13128564686536656,1.0272272127210758,0.0603943452853703,0.19851332634761393,0.05181796990266777,0.14199564466076153,0.12487447261810303
5178,0.12179453309840388,0.9738123379731635,0.06682225168446801,0.19639226401142448,0.04589398633251953,0.12293449696965965,0.11112385988235474
5179,0.11599324311310118,0.9706587757635522,0.06607624467603367,0.1953023205456792,0.04358656242946302,0.10995364595777882,0.11604247987270355
5180,0.10665746301483398,0.7939334559884627,0.06657240899172304,0.17048112999125728,0.042470091163800634,0.10697570478011774,0.08523821085691452
5181,0.11514223196044716,0.807286332794267,0.06377351386140684,0.16998963085181543,0.04509621425297089,0.12844102342454172,0.06645822525024414
5182,0.12496009042876523,0.8475814001725599,0.0641175146178881,0.17604092683998407,0.04822234351927512,0.14740988711475256,0.05744515359401703
5183,0.12950112821056028,0.938441770493256,0.0645814931585554,0.1894186756349412,0.05070302253436776,0.1460216166808955,0.07309349626302719
5184,0.11901736866167138,0.9249388845278159,0.06516504633897004,0.18798988036594802,0.04431228205667157,0.12403337169980419,0.10767299681901932
5185,0.121285839672617,0.96757544699888,0.07415848859542637,0.20178948265306257,0.04431267906013277,0.11819666760065081,0.1291714310646057
5186,0.12454060542606529,0.9967783499894907,0.0759648197102794,0.20750960975016672,0.04424442162857364,0.12220188746528171,0.13949483633041382
5187,0.12589176834536556,0.9567763221520997,0.06948195330557226,0.19623829171221902,0.04688543794877296,0.13346909949638724,0.15420587360858917
5188,0.12321007787882027,0.9127116511092728,0.06426072414384659,0.18546799942462178,0.04648456127522677,0.13586922355438824,0.14685949683189392
5189,0.12255230287776686,0.9387899358689547,0.058596252897917624,0.1843382076080658,0.04866773498765115,0.1331386331426065,0.14373114705085754
5190,0.11463409513411853,0.9197620431284736,0.05925919848452079,0.18218817629079975,0.042573148748008376,0.1185776022098689,0.15409135818481445
5191,0.1162908605296765,0.9836862698262638,0.061654285719508234,0.1933731405919019,0.041214644010715555,0.11453555492932016,0.16707585752010345
5192,0.11096192265792704,0.8198569619023379,0.06467673527648156,0.17255962479446105,0.039919270246170424,0.11922625414874681,0.16266991198062897
5193,0.1210997985813302,0.8453865253363876,0.06363983436404104,0.1753179330743763,0.04257571242292214,0.14236750628852193,0.13443125784397125
5194,0.12535060421815383,0.8150182957241802,0.06452135888248949,0.17173520700273098,0.046814618686339446,0.1534830641219864,0.1114271730184555
5195,0.1273894982685354,0.8582510572146221,0.06380481234540174,0.17729713304100464,0.049835567945913865,0.15158000687491863,0.14417356252670288
5196,0.1166933728715175,0.8861991423252684,0.06479019104093732,0.18213432693869885,0.042724541774072464,0.12415526527299815,0.1474539190530777
5197,0.11881339502940479,0.9491994181161214,0.07373122725921484,0.19879811166734435,0.041777939437341614,0.11623279161426292,0.15505003929138184
5198,0.12432425157731396,0.9911479386940765,0.07624031493288345,0.20694140404162534,0.04182975666804586,0.12421692621665109,0.14716610312461853
5199,0.12638450923828676,0.9442297106902136,0.07108829911041654,0.19582278647895898,0.044135644292953136,0.13759377347986546,0.13519838452339172
5200,0.1235902399822502,0.9283850391549613,0.06558718153563042,0.18884401833839198,0.04317468565210807,0.13685679395950054,0.1233123391866684
5201,0.12479024322392786,0.9694014868810195,0.060653699083909045,0.1904748116263534,0.045095041325945565,0.13704954753254006,0.11654120683670044
5202,0.11621684283135515,0.9418414389239241,0.0608290548161016,0.18668796683150482,0.04151583666934403,0.11991798972298388,0.11189605295658112
5203,0.11194650510266149,0.9467315163720249,0.06160694975644951,0.1880533164158174,0.04198551985840958,0.10656890729237051,0.11777257919311523
5204,0.10431925645470902,0.7558299366817305,0.06510034981862739,0.16377600508478496,0.0414762718999689,0.10728221288879011,0.091945119202137
5205,0.11522770009528384,0.7948726916425197,0.062317316509351184,0.1669680843855181,0.045052217905474645,0.13135841075741186,0.07857805490493774
5206,0.12191689451834864,0.7918347625645457,0.06509310008229238,0.16891333757975716,0.047634710285472184,0.1457919180433831,0.05827459320425987
5207,0.12443197850201095,0.8549644864921826,0.0632596384520809,0.1763603310292383,0.049765804624359214,0.1443275721836323,0.07247566431760788
5208,0.11633133902149599,0.8893288182476081,0.06470092168748763,0.182504906910362,0.043087394423535166,0.12251791864195397,0.08529723435640335
5209,0.11900020028992074,0.9387342407003144,0.0746288052595819,0.19807243889397227,0.04345419771892375,0.11591474376099803,0.11545383930206299
5210,0.12084661680425036,0.9469917719003772,0.07765941096292785,0.2018497482397063,0.04080308479045648,0.12000696731029609,0.13799522817134857
5211,0.1233446372351287,0.9118217550571451,0.07191239643479581,0.19189944766656,0.04401117308506086,0.1327759592389357,0.1356930136680603
5212,0.12078127212283944,0.8898087357824042,0.06831376135040293,0.18567018626926024,0.04339320626856091,0.13171802986721493,0.12475138902664185
5213,0.12099488177120675,0.9322445435866172,0.060585976186714206,0.18510862867241462,0.04635461870888292,0.1302055834121832,0.12926338613033295
5214,0.1155010899592737,0.915645085574519,0.05919162732733948,0.18154212136265085,0.045792643996443734,0.11871007769879494,0.11987949907779694
5215,0.11651557698048699,0.9245355564534186,0.05978567905965456,0.18332137583019228,0.050380459590473325,0.11592873070325684,0.151932030916214
5216,0.1136022798000871,0.8029737908744365,0.06161856785721367,0.1675264568596741,0.05113982305503219,0.12107327452487149,0.15782985091209412
5217,0.12389011809684236,0.8471934188971985,0.05717769099591421,0.17003708069609766,0.051609242432832055,0.14675729202850296,0.1443527638912201
5218,0.12713966426953924,0.8086800993048804,0.06155369068844029,0.16828603477650317,0.05449827677139726,0.15469780413682005,0.1147540882229805
5219,0.12678187200041427,0.8626376570308408,0.06228080891460561,0.17661750150263922,0.053426342136444024,0.14736178481694137,0.0977814793586731
5220,0.11880748382231587,0.9038026416156784,0.06500183820109014,0.18483052440317418,0.045641059732723824,0.1250579443924579,0.14201439917087555
5221,0.12133844887942237,0.9690067266982325,0.07456101039966419,0.2023389698708882,0.046357657302840125,0.11607118564139923,0.14065837860107422
5222,0.12405038495697158,0.9848883195937906,0.0746661303641392,0.20469787168266082,0.0456932626726942,0.1220463160707362,0.13063351809978485
5223,0.1259651498348611,0.9105937538653277,0.0700009729518889,0.190085655939523,0.04971418828501907,0.13657929834939375,0.13240332901477814
5224,0.12639795404168544,0.904303626406705,0.06771468733808518,0.18722739291931662,0.052060551286905864,0.13821742243419027,0.11391708254814148
5225,0.12985692661758036,0.9921403407744712,0.06265776432918409,0.19544098953565373,0.051311303502573125,0.1411982917898975,0.07602231204509735
5226,0.12084063579540981,0.9645462516100151,0.06353729718588595,0.19225286210361872,0.04525618454214507,0.12449133262233371,0.07974217087030411
5227,0.11546745798972818,0.9476282335554882,0.06414965049781148,0.19036087664890816,0.0473750240541228,0.10951659635660042,0.08372920006513596
5228,0.11026513959978525,0.7803904928676191,0.06663634382874538,0.16860122226287017,0.04902827347484357,0.11280332512890984,0.07992950081825256
5229,0.11855618922097134,0.7933065654475434,0.06398958653864745,0.16817772638277542,0.04869570628002778,0.13626526677771833,0.08291970938444138
5230,0.12580673018358474,0.806223922432233,0.0637779618992698,0.16984167054683597,0.0531310133900871,0.15086740956005038,0.06496580690145493
5231,0.12764268841166457,0.8667716296350394,0.06216689011723384,0.17711042433406318,0.0522354025139538,0.15033979464006275,0.06720568984746933
5232,0.11815083224218478,0.8877999722218395,0.060451212069727735,0.17864389209145798,0.0474721708452805,0.12706323359636196,0.08175764977931976
5233,0.11961956877368957,0.949398891793431,0.0668722089675106,0.1929474493712135,0.04740158532976513,0.11864840876428999,0.09993979334831238
5234,0.12127801100164834,0.941764787750513,0.06837820938511681,0.19314772058017335,0.048412371028573084,0.12214945009687976,0.12079884856939316
5235,0.1235596185089276,0.901537836856857,0.06919511261600507,0.18810121607898392,0.0493886016269271,0.13198536040687875,0.12765148282051086
5236,0.12346742967189761,0.8990669699225473,0.06640637742683121,0.18535789064050492,0.04951723258531709,0.13401969877512415,0.12063711136579514
5237,0.12721759574663005,1.0080805436485245,0.060808290365055445,0.1961328979769796,0.050087143974085056,0.134405851596051,0.11494653671979904
5238,0.11912896923545854,0.9752220708171357,0.061449335945895266,0.1919882980703582,0.04635047612074363,0.11905823798029688,0.10246565192937851
5239,0.11438898909565207,0.9349245966010322,0.06198783046697761,0.18669308277184254,0.047709588330639714,0.10946738279837112,0.10374289751052856
5240,0.10701391913355197,0.7845389032175425,0.060307738424046076,0.16376933339454558,0.046223207587112194,0.11054480425831739,0.09789282828569412
5241,0.1153038903632643,0.792368358009895,0.05694963783606208,0.1620094550037525,0.05073631750610214,0.130933147552854,0.08982302248477936
5242,0.12140882654001817,0.7962070083018524,0.05592169904637837,0.1616767432257318,0.05547903654882772,0.14386296568231036,0.0815894827246666
5243,0.12333678002748492,0.8716763811184067,0.0566012226286246,0.17304053098430774,0.05424519342694468,0.14030113621573764,0.0958876758813858
5244,0.11712980166438867,0.9196413179225605,0.05493916010711979,0.17846803979503992,0.05057361296351852,0.12169550841333018,0.12911786139011383
5245,0.11644259774744112,0.9591478040651644,0.05810571013371496,0.1868260092667792,0.04954498422140929,0.11339252450329812,0.16014833748340607
5246,0.11843664707608292,0.9727590109158076,0.05555671410932234,0.18658561365310597,0.049342960845114366,0.11926327677328527,0.17971132695674896
5247,0.11894605686883448,0.9015917504640698,0.05373223842568938,0.17485502585974372,0.04980199830099661,0.13052676024864707,0.15304125845432281
5248,0.11900794960207021,0.9074431599599252,0.05136952486018636,0.17366575844586332,0.05082686311120515,0.13084081754325813,0.13757237792015076
5249,0.12548280419959365,1.0125972875249842,0.05100726038073875,0.18837726425848814,0.05017461004665707,0.1363448215318805,0.09946422278881073
5250,0.11947613623453263,1.0034374927438539,0.05168600714711791,0.18765050508950878,0.047788869851087386,0.12254992157194305,0.08482401818037033
5251,0.11539534535372412,0.9775039693252742,0.05784193380250413,0.18922222459147128,0.04667769655339654,0.11092476872098196,0.09255165606737137
5252,0.10513345790846168,0.8296292370469204,0.05428986887156458,0.16505263575375828,0.044452908114814775,0.10579965836326816,0.08065500110387802
5253,0.10817295858695296,0.7909498482619344,0.052337817869053095,0.15785382221089325,0.047305099775765184,0.11796157937579449,0.07152901589870453
5254,0.1136689258774186,0.773733367071366,0.04956157782716871,0.15301469057633973,0.04927868024748843,0.13558284669205148,0.0629224181175232
5255,0.11782172815048121,0.8394996980991102,0.04965637235865817,0.16249113317872274,0.05015841331007985,0.13794139923612111,0.06266877800226212
5256,0.11161910503825774,0.8882560920302134,0.048028826705773096,0.16806129318069313,0.047270381333178194,0.11853732365557143,0.07499679923057556
5257,0.10937784992297281,0.9124108934129279,0.05180859219325082,0.17475177808177614,0.046270233224593595,0.10739482739510171,0.10366248339414597
5258,0.10920391683708218,0.9314493948558054,0.05058096422381363,0.1764193114569553,0.04481389593342267,0.10673171483539524,0.12933968007564545
5259,0.11232589933512903,0.8769330512063255,0.049516456096756346,0.16771882682669478,0.04968309296929617,0.11866954335011273,0.13478593528270721
5260,0.11181196898238509,0.8955270892155615,0.04433594532881855,0.1659346801697818,0.049856459997757285,0.11866566705496229,0.11885588616132736
5261,0.11803505323464437,0.9839623056496338,0.04575522518609415,0.179784808109457,0.04954137956448386,0.12393598218057383,0.10743284225463867
5262,0.11311776910776543,0.9744465511187116,0.046344667562394325,0.1789306509275825,0.045289579786111304,0.11488116317187286,0.10854583978652954
5263,0.11084407905955422,0.982307481423242,0.050761740989031384,0.18383970390820434,0.04523481093694177,0.10438101692427129,0.11321622133255005
5264,0.1007748804366211,0.8019941934982984,0.04861241680165102,0.1562383849011721,0.04064096069176163,0.10486149380689103,0.0984693244099617
5265,0.10666988922528876,0.811025292991706,0.04848286254167495,0.15741749546310796,0.04216553386271071,0.11870704470945281,0.09312766045331955
5266,0.1098866999959772,0.7729871376381767,0.046834585321765286,0.15057066422410978,0.04072996294557783,0.13480037621546065,0.07574401795864105
5267,0.11511841675913007,0.8556441230881212,0.04788007287560622,0.1632749371916798,0.04212180129224129,0.13685349991417675,0.0916801393032074
5268,0.11086131311841152,0.9085447711621323,0.04885676686352547,0.17166933890618358,0.03889918916939517,0.12062114900950027,0.08690880239009857
5269,0.11105751223407517,0.9472988502989296,0.05116027500310808,0.17918007147393972,0.041099290794739445,0.11266371665861244,0.0986066535115242
5270,0.11090973122497277,0.9711177113015597,0.04808100014425401,0.1799433874524405,0.041727402856570395,0.11103981934829063,0.1384449303150177
5271,0.11227821986580952,0.9010867219315504,0.046755958417761485,0.16880321034830276,0.04712314405172643,0.11982954453095067,0.13602161407470703
5272,0.11419383005031718,0.9163773404020241,0.04556079059882024,0.16996315485642083,0.04625539975889857,0.12484179734996784,0.1243429183959961
5273,0.12494337213008834,1.0172704235474201,0.05287719695324624,0.19064765789527108,0.04665799530672805,0.13595182680599371,0.11069073528051376
5274,0.12209462401687186,1.005855425911329,0.053642732726677744,0.18967311746734225,0.04989893404177065,0.12613467097592382,0.08891212195158005
5275,0.12093201166232538,1.000067087031823,0.055835355209013025,0.19072560261227162,0.05628551395341908,0.11642830507641545,0.10241065919399261
5276,0.1126884814735194,0.8475666765811084,0.05872605448001142,0.17141757192302526,0.055258814453190565,0.11155148597298946,0.09559555351734161
5277,0.11621941550567168,0.8254108230335069,0.0636065308197589,0.17243571542172287,0.057941632924231413,0.11802321283788708,0.09170369803905487
5278,0.12009733062406434,0.811162623258495,0.06186565109110265,0.16890807568644442,0.05708322166418895,0.13252527403437286,0.05378122627735138
5279,0.12457688048059733,0.8711769019436344,0.05972068067800198,0.1756429980016638,0.05951194408451423,0.13682584699623687,0.05574154853820801
5280,0.11848209320761062,0.9296867359590363,0.06077543417400144,0.18490562014329215,0.05259314068825318,0.11801434059332705,0.06258327513933182
5281,0.1162660961225654,0.942238305350723,0.06281943218059706,0.1884506997763293,0.04889537532816384,0.11205394862062329,0.0892341136932373
5282,0.11656659410510226,0.989696029655545,0.06259762759935955,0.19504025646452888,0.04832832544335856,0.1076106246196297,0.12101559340953827
5283,0.11699021110242357,0.9318143037505499,0.05933974287195343,0.18397896585461002,0.05049318087513878,0.11655995214313461,0.12764954566955566
5284,0.11542803144007535,0.9237113905246233,0.054584340307426,0.1787453474813113,0.04905661303980772,0.1181003710042281,0.13053135573863983
5285,0.11908078006818332,0.9713185864486233,0.05472083299866074,0.1856633692057983,0.04896334197494662,0.12217377290435237,0.13168539106845856
5286,0.11488696621248726,0.9877708827215749,0.05462071949722202,0.1879278856721296,0.04879091698337087,0.10881020476077706,0.11497627198696136
5287,0.11644912901224189,1.0163113599549805,0.054590677011661315,0.19197934600356406,0.053210617496395364,0.10569388672120067,0.12324124574661255
5288,0.11128884049148345,0.9008559061219844,0.058180221408185094,0.17856246208158497,0.04937887182862418,0.10659564418014651,0.11018980294466019
5289,0.11828646648043396,0.8944268906687485,0.057712711423810494,0.17724330845880165,0.056570310514940915,0.1207008662191687,0.0712023451924324
5290,0.12012769418007968,0.8331548866443801,0.05564848641901157,0.16672082930834994,0.054329875149093564,0.1369317925949561,0.07245511561632156
5291,0.12337973294486572,0.8686706963109677,0.05587739378873863,0.17199072272048563,0.05705161878687711,0.13888221677943832,0.07276315242052078
5292,0.11642055045595065,0.9142458946868981,0.0565744654581817,0.17909895534799833,0.05343309959681616,0.11669096567715162,0.07964933663606644
5293,0.1148820365358564,0.9574087443153642,0.05760143283580657,0.18614533447574336,0.05296970256181199,0.1066999430657441,0.0967612937092781
5294,0.11414292379221337,0.9803532347986139,0.05854662304736965,0.19023328186897598,0.04841881747609348,0.10507245350165106,0.10693389177322388
5295,0.11627072755951075,0.9268506896610367,0.056132520579986876,0.18052083044870829,0.05108687059270946,0.11708776237741411,0.09329889714717865
5296,0.11555427272277487,0.9627906239117867,0.04966386631670364,0.18011054597314408,0.04950214128825418,0.11686314863390738,0.11047367751598358
5297,0.12281010920977793,1.0297927948030159,0.05358557444281246,0.19304374877998437,0.04999271548456091,0.12507089409541217,0.11729812622070312
5298,0.11780816373077857,1.02217926877815,0.055611985620619524,0.1936930260716953,0.04854373578824263,0.11201528363219533,0.09549378603696823
5299,0.11594776199225558,1.025958227758995,0.057623537901637746,0.19595706502411736,0.051055943451013976,0.10271996306296294,0.1214684545993805
5300,0.10547968873635544,0.8238962240129015,0.0608207650257668,0.16983154488107172,0.04805421243320578,0.09941910637498463,0.09371301531791687
5301,0.11218052302281724,0.8428958220565557,0.05902268269369709,0.17100455974553402,0.052900678079370454,0.112579355215956,0.070611372590065
5302,0.11472891332011569,0.797706829051269,0.0557550590543043,0.16174816905387068,0.05185453603731856,0.12860214467552755,0.06643864512443542
5303,0.12027648432513739,0.8601355355337511,0.05737426901058034,0.17205444994246186,0.05390776494989075,0.1330433938633193,0.08288931101560593
5304,0.11571151139981736,0.9337390154340125,0.05704802529406686,0.1822895953140591,0.051978100202276,0.11322242277270456,0.08002118766307831
5305,0.11479206207389629,0.9509855955656443,0.05906702112200166,0.1864839603282363,0.05262967581896373,0.10645373907441472,0.1000603511929512
5306,0.11420327733865757,0.9526608528284677,0.061505664207625814,0.1888135482963175,0.0497771979158979,0.10529210974561988,0.11008398979902267
5307,0.1169831090065872,0.9176358674108265,0.0586637733342551,0.18137407248805099,0.05166898865093794,0.11779087127149948,0.12412343919277191
5308,0.11446147583691045,0.911247380533504,0.05295688173072886,0.1755698101311253,0.0484781325194943,0.11872710873221157,0.12946240603923798
5309,0.11913228552512813,0.9902133795309962,0.053366884322445185,0.18720209792366677,0.047945889078572,0.12185929656714348,0.11937014758586884
5310,0.11551678720725081,1.0208489772287004,0.05607412814914592,0.1938991065890823,0.04730633248612542,0.10661640562913297,0.10222530364990234
5311,0.1156050635262516,1.0236574956161268,0.0554060961836557,0.19372772467400873,0.05028437599148573,0.10440333661488424,0.13389641046524048
5312,0.11002184427612645,0.8802176393879109,0.0599759233136156,0.17715331132422918,0.04818820382470853,0.10538624600402723,0.1339798867702484
5313,0.11758182517863695,0.883757193809414,0.057968472546477356,0.17593828986975404,0.05330671410261112,0.12276064076543208,0.09181488305330276
5314,0.12138188683997489,0.8362874035919436,0.05640192350406779,0.1678141349451929,0.05351208471744768,0.14013974660512044,0.09535297006368637
5315,0.12426182406206533,0.8808062066085055,0.05634431258155267,0.17412458315683166,0.056013118726059706,0.14034952702314968,0.09010446816682816
5316,0.11539645607341077,0.919609034154371,0.05834937443986138,0.1813864686847913,0.05040792984508342,0.11452015548823925,0.09363323450088501
5317,0.11473687178292899,0.9522737905758585,0.05874537590579748,0.18639229228723475,0.0527709200351234,0.1062585866209913,0.12782849371433258
5318,0.11372100181828629,0.9582498541628857,0.05801701523202901,0.1866217065078657,0.04940559899266277,0.10620886268732493,0.13082578778266907
5319,0.11785538243439549,0.9239433075172132,0.05801209412592779,0.1817165531818257,0.05167596368122475,0.11988384943941846,0.1293354332447052
5320,0.11645595953150802,0.9457742694390362,0.053155955770546603,0.18067285772318797,0.0497486725791964,0.11863504969706073,0.12151552736759186
5321,0.12113618850410761,1.0050143638262194,0.05342733211693176,0.18936833664683,0.04758961307661812,0.12578631237827884,0.12534472346305847
5322,0.11560432819700571,1.0044035055214995,0.05548142037317239,0.19104171825150487,0.04551185244933477,0.11092752817853108,0.0878998339176178
5323,0.11404678766316509,1.007276472295057,0.058936806669614865,0.1944139017589637,0.04840815376888157,0.10115936748683932,0.11433994770050049
5324,0.1041216744112957,0.8133984300007829,0.06059166012965269,0.168135484396957,0.04679813636559598,0.09826768646382929,0.0864989310503006
5325,0.1094418590685336,0.8004478768285402,0.06003890170535862,0.1658116124372417,0.05018366145030142,0.1119692477868672,0.07791636139154434
5326,0.11533663635063039,0.7893205672671169,0.05750479169911366,0.16204990249454268,0.051693058340743524,0.13015065923335814,0.07715941220521927
5327,0.12077228522465301,0.8531705594480312,0.05652855094375808,0.1703345521586542,0.054904401718803224,0.1350396997250205,0.07408834993839264
5328,0.11577904620501339,0.9229148910562972,0.058093146319654725,0.1816391098534608,0.050500021085527445,0.11527063749217212,0.07522596418857574
5329,0.11460697663442053,0.9340239673324646,0.06021960413194292,0.18504879887487458,0.05283633132743087,0.10701969681763923,0.1208745688199997
5330,0.11380001617059537,0.943783682242857,0.06141407679068367,0.1874668775695656,0.05015080491968848,0.10503457229103996,0.14127744734287262
5331,0.1165874664454086,0.9114653087625955,0.05910797013797472,0.1808733042272063,0.05011909924449102,0.11849717968713853,0.13722194731235504
5332,0.11612439462034024,0.9292017575532632,0.053128429768856546,0.17828176230948609,0.04912837195522668,0.12035821772431203,0.13088051974773407
5333,0.11989353964301631,0.9974198375359755,0.053162223786670536,0.1880561686079998,0.047535671964467605,0.12356437351738586,0.12104836106300354
5334,0.11636542229951004,1.048325965922371,0.05552062516612647,0.1973499595598757,0.044613653945966,0.10828674950604113,0.10176577419042587
5335,0.11637728223263243,1.037964167404985,0.05854034001366749,0.1984580296409986,0.04893534063360521,0.10356832714946085,0.14475290477275848
5336,0.10878001924217168,0.8723892821786325,0.06077621383553511,0.17672093788454904,0.0470976203266037,0.10330381448121345,0.1497853845357895
5337,0.11650720460999221,0.8827721908935389,0.0607822524373294,0.1782093865025022,0.0495838176345822,0.12107575905752978,0.1383872628211975
5338,0.11964047714631088,0.8342079455028737,0.05848516527474162,0.1693027053073319,0.05050155049122266,0.13668258832861963,0.11906810104846954
5339,0.12191365286756288,0.8785698174895171,0.05715726304756663,0.174501913682131,0.05299701687400502,0.13620098114917886,0.08053641021251678
5340,0.11617150505885859,0.9402076556165688,0.05801180531972248,0.18403978393355766,0.0491576857416934,0.11542385294601645,0.07785812020301819
5341,0.11406952545973814,0.9591056006355967,0.057784614001265965,0.1865447549490275,0.051158281965421395,0.10570103771413714,0.08857709169387817
5342,0.11432102420262845,0.9725255832654492,0.05838684097994306,0.18897808987787254,0.04911063991462851,0.10605517798878979,0.11021830141544342
5343,0.1155485125149935,0.9110257804358597,0.056762384703808566,0.1788000126655302,0.049712269457039125,0.11781016255898402,0.12208450585603714
5344,0.11482195852491875,0.9436147520878071,0.05110029784990729,0.17860236274103586,0.047396780603844446,0.11801113551675631,0.10445334017276764
5345,0.12184808387862517,1.0308107708733578,0.05524830577093268,0.19461437221413627,0.04606229275441043,0.1244901488187409,0.10307251662015915
5346,0.11761407839632215,1.0198746440645579,0.05639374660595096,0.19403387481432335,0.045035516637444824,0.1142529980695887,0.09071549773216248
5347,0.1151376152345304,1.0237897584268487,0.05864898971186542,0.19652624238543442,0.04672133688619051,0.10378681003228674,0.0912604033946991
5348,0.10613069518732449,0.8368425679944953,0.06188152629602026,0.17259024653865954,0.04624456044984547,0.10037895565020045,0.08719205856323242
5349,0.11020272605582206,0.8169433493960172,0.06211591408066602,0.16994840484000187,0.04781747611852986,0.11251235081479535,0.08015729486942291
5350,0.11588202626779186,0.7977887110853357,0.060935091216172875,0.1661998940546247,0.048790562424975197,0.13055892281677778,0.07330597937107086
5351,0.12015489451347854,0.8652909406719962,0.05743553529746326,0.17284345035096796,0.05102894385787994,0.1345376149793241,0.06977936625480652
5352,0.1151752510060454,0.9188395698165523,0.0589348108593574,0.18177834785324237,0.04623197357995242,0.11722290901257944,0.06738011538982391
5353,0.11375393726601683,0.9331526498547824,0.05981238555077021,0.1845752804513434,0.05000131162132386,0.10756880941796249,0.08849173784255981
5354,0.11331561633387427,0.9371850501805971,0.06127929218155866,0.18640868618142128,0.04860604558100381,0.10598005462603233,0.11295300722122192
5355,0.11731142524444332,0.9129301345380846,0.05922889303912332,0.18118621325326068,0.048933053179783484,0.12125206129330554,0.1274825483560562
5356,0.11532597841931258,0.9254654943850944,0.053034111977490396,0.1776671666071481,0.0473794561194391,0.12023064576734584,0.12659874558448792
5357,0.11868934236691296,0.9834245491222224,0.05355813755482967,0.1863961963501715,0.04649743137501131,0.12261376724947567,0.11495397239923477
5358,0.11613397614642804,1.024296248285857,0.05558646628679112,0.19397357800094342,0.04578857714908884,0.10957654864639889,0.10471226274967194
5359,0.1161003842109158,1.0266599541324344,0.0579640100110046,0.19634914488549454,0.0468281998182649,0.10649587996422895,0.15851536393165588
5360,0.11201771518569383,0.8946325119906251,0.06207671807542415,0.18101326006331,0.04812290317009086,0.1075545739314323,0.15141747891902924
5361,0.12006102616590031,0.8902806772482421,0.0626598269001325,0.1808913769498625,0.05183512880236351,0.12653212942302808,0.14308196306228638
5362,0.12376663853100466,0.8567993151829265,0.06124483938768571,0.17489547878700584,0.05312301162482796,0.14084207684990824,0.13445839285850525
5363,0.12482245415992578,0.8894405089447261,0.057378228217466166,0.17624426832136048,0.054954590123204486,0.1409627478008016,0.09483025223016739
5364,0.11735796707487473,0.9418200566795369,0.0580148949244949,0.18427277517521518,0.04981656867455875,0.11790623358735328,0.08200687915086746
5365,0.11599232419494115,0.9756924298600613,0.05733291482333524,0.18852713125715326,0.05294804878902433,0.10768810899568274,0.10897354781627655
5366,0.11488820208874154,0.9781505001145143,0.05746606384448388,0.18899241188305965,0.05086233054254825,0.1060696561216323,0.12140782922506332
5367,0.11778524332781624,0.9306329566705118,0.05795362407566284,0.18262210016064126,0.0492755890839508,0.12099894106247663,0.147823303937912
5368,0.11687613014020166,0.9531381572678946,0.054180440115338235,0.182602971137132,0.04924353692370057,0.11854366333232606,0.1273733526468277
5369,0.1228134883070254,1.0323078135327761,0.05729452976883579,0.19658214173511301,0.0468978274958301,0.12469211976724462,0.12767116725444794
5370,0.11871438780704563,1.039518873591481,0.058582918859537425,0.19871662667838655,0.04420529462573713,0.11390788532826734,0.10004305094480515
5371,0.11527203900494679,1.0255998909321655,0.06103341939412693,0.19882862961384676,0.046163855443562114,0.1026296828383709,0.10682619363069534
5372,0.10599001364033328,0.8445733656543721,0.06412975947307002,0.17562170321325604,0.0465927112542175,0.09703492485187712,0.10108925402164459
5373,0.11099005755410803,0.8204424665187795,0.0637732209584816,0.17186882746709561,0.04979724878650795,0.11126484155189398,0.08932042121887207
5374,0.11742863608064079,0.8050928319617329,0.06198716919538599,0.16814512101914983,0.05111760501453653,0.1310738639422866,0.09533030539751053
5375,0.12056221210995234,0.8504830312018397,0.05749315313572859,0.1707774214308873,0.05400313066884567,0.13486310021510264,0.06845195591449738
5376,0.1155049399994028,0.9282724209870256,0.05762994908433924,0.18200744507043728,0.048796575590041545,0.11568506692043867,0.06926608085632324
5377,0.11427522617757102,0.9433183715291065,0.060389528751819,0.18652222057714576,0.05080774511242358,0.1065931520099471,0.09250868856906891
5378,0.11313159041885265,0.9430898154723408,0.06127223956680924,0.1872461789818852,0.051632437727082085,0.10209308403149839,0.11717689782381058
5379,0.11658191876012691,0.9219088411866734,0.06001891958700547,0.1831460512441009,0.04807198981862075,0.1182844906604676,0.12804752588272095
5380,0.11644332802132723,0.9358289877081943,0.05374100605399327,0.1797535748617363,0.04894697896404899,0.12010616746108775,0.12370142340660095
5381,0.11980373041949127,0.9893808206825203,0.054894489499526654,0.18839253681138288,0.04826995852083782,0.12238057523790788,0.11504004150629044
5382,0.11591284028075742,1.041573133793069,0.05431518764190461,0.19535203709207094,0.044367447227775435,0.10900576199221731,0.1177179291844368
5383,0.11470838709553631,1.0410519664131184,0.05637203454576476,0.19704059624110096,0.04630123561798562,0.10252396163602406,0.16418026387691498
5384,0.10936780286263613,0.9043100454292348,0.05977751237578422,0.18042501709770573,0.04815810390242473,0.10075122699713518,0.17164359986782074
5385,0.11646957679892757,0.8815523991250044,0.06094075097249128,0.17817098642285029,0.05121227436600878,0.11958098300679913,0.15056337416172028
5386,0.12212468224552789,0.8711433972154026,0.0586896018216139,0.1747544297350123,0.051546441602353936,0.1378296137550062,0.15199388563632965
5387,0.12364039916982189,0.8994551801714172,0.056253057302289,0.1767105034264502,0.053856538411634604,0.13826493610868607,0.11213512718677521
5388,0.11515005261838422,0.9308724001521693,0.05542900353696464,0.18049234591056532,0.04866782282321142,0.11614749705850197,0.09119011461734772
5389,0.11360548766263455,0.9515757437913728,0.057029522117495325,0.18482183949947784,0.051521589216696986,0.10561459094559207,0.12498371303081512
5390,0.11427309022213583,0.9907498063143254,0.05801304231309807,0.1912611514561305,0.05139206205646112,0.10192943628735582,0.16606707870960236
5391,0.11575578386108361,0.9361020983452921,0.05841003011412053,0.18379461129000219,0.04954647285816506,0.11415495698833356,0.1437934935092926
5392,0.11521443822677177,0.9562661361807014,0.05296608493511845,0.18200894939877316,0.048948749077993306,0.11475171895645167,0.14502614736557007
5393,0.12171951052792193,1.0226393103923188,0.05631787508809472,0.19436379441726961,0.048116786271420395,0.12255814584918152,0.11291822046041489
5394,0.11730001256749095,1.0227907340793754,0.055670026107231395,0.19383012724610912,0.04500803359767985,0.11359164382228473,0.0920778140425682
5395,0.11518203107712667,1.0320382157509935,0.058656453496390655,0.19771099096133396,0.047695151405551584,0.10202021089107348,0.09105268120765686
5396,0.10555524117074443,0.8457492069825103,0.06000017328916465,0.17225003524535687,0.04735648421183188,0.09812120869450702,0.0997714102268219
5397,0.1100781927429595,0.8141328508167066,0.05986065860355258,0.16761382891971746,0.05026901624144026,0.11206754052712566,0.09175244718790054
5398,0.11696771675890488,0.8014851764451718,0.060514349375036226,0.16636732467076984,0.05065896133632687,0.13176322083077874,0.09268061816692352
5399,0.12031787399019132,0.8556344884274952,0.05809166026169488,0.17202634999966634,0.05407220299101229,0.13303791960618228,0.06636692583560944
5400,0.11569390276898743,0.9247863994338423,0.05574296126997033,0.17989202386480918,0.04896422039291594,0.11790901888920594,0.08040089905261993
5401,0.1148508135773814,0.9306647846318394,0.05987435390377923,0.18427298686493068,0.05291333692421293,0.10830170402229816,0.0960608422756195
5402,0.11333846451930735,0.9575410559111109,0.05966820892707158,0.18793575849622005,0.051215552129401945,0.10242338063067591,0.12392110377550125
5403,0.11623785863849333,0.9191049912491613,0.05962381455530657,0.18240683979728584,0.04995995323852823,0.11633316734951937,0.13087934255599976
5404,0.11557067651235933,0.9251039746642988,0.054056336954525795,0.17849171377020762,0.049122810867533326,0.11865665135096481,0.12337476015090942
5405,0.11740541510084576,0.9536017690366153,0.053854419297554336,0.18238975497456306,0.047648084331143634,0.1215817821348325,0.10576224327087402
5406,0.1146562577740894,1.0188858814087487,0.053347474787155645,0.19128153287595465,0.04544372195998352,0.10817011089729993,0.09824187308549881
5407,0.11364118534151268,1.0169772095250063,0.05496037329912815,0.192391349902825,0.046875036762429136,0.10315517135706251,0.1544869840145111
5408,0.10689105911077922,0.881942980543811,0.057585055750618265,0.17535047357821723,0.04758464952867173,0.098882179836115,0.14571666717529297
5409,0.11488142135755043,0.881417492953998,0.05893589789127812,0.1764332686145238,0.05119127421891258,0.11675243375400687,0.14531931281089783
5410,0.12033813968600147,0.859943647658463,0.058606555523252606,0.1730832829711398,0.051270340820455215,0.1346204633188584,0.11669609695672989
5411,0.12120651200508391,0.8614820398927574,0.05694581293214823,0.17187955964080667,0.05340205113444039,0.1361964985856396,0.07870976626873016
5412,0.114018600483932,0.9276193673498208,0.05378728656136469,0.17862044095971558,0.04916981554294296,0.11423467689098685,0.07280992716550827
5413,0.11364643538904731,0.9499841875544759,0.05738100551408279,0.1848957458055675,0.05129669023310714,0.10585931578603983,0.09211546927690506
5414,0.11259763193407725,0.9749079695587501,0.05620166334855938,0.1874454213785866,0.05015350486984188,0.10174442735133743,0.10917796939611435
5415,0.11278415479869541,0.9098021770362551,0.05568553058811574,0.1777021943664214,0.0489384169582027,0.11184589078736629,0.11089496314525604
5416,0.11503580261381732,0.9557747432235837,0.05248037937789398,0.18152243135584964,0.04726566310807488,0.1161588745320637,0.11668848991394043
5417,0.11911320943937359,1.002643973955779,0.05454099710208665,0.189984279509757,0.04590078340958018,0.12116189590385736,0.11503130942583084
5418,0.11600362595957915,1.0147484987681445,0.05531331801236721,0.19237548669176394,0.04376130612356542,0.1123902776754295,0.11267808824777603
5419,0.11282060409645883,1.0146424820798803,0.0573337284976522,0.19409212186654193,0.04585655937920578,0.10030156517523256,0.10698766261339188
5420,0.1043042620980582,0.8412433974700293,0.05925231634597927,0.17096532793512928,0.04682062337489935,0.096274013373385,0.11395497620105743
5421,0.10754602297710124,0.7935094609169718,0.05957630473917295,0.1644238984788585,0.04926094667646914,0.10877732367611667,0.09647068381309509
5422,0.11561061869677874,0.8018912048904747,0.060728462041437226,0.16660885387701402,0.050537351564244035,0.12792627165504084,0.08284489810466766
5423,0.1192710486472881,0.8483175064229409,0.05814822577842251,0.17102955158478225,0.052170394350099195,0.13269543108702095,0.07168249040842056
5424,0.11337423350968295,0.9076437666166774,0.0543915254872977,0.1762847027914948,0.04758431457425729,0.11589375195659503,0.07956290990114212
5425,0.11312953356427947,0.9133936803792431,0.05974737050383028,0.18169684334317496,0.05084906888120778,0.10762854410543365,0.08663588762283325
5426,0.11173435901138493,0.9513195220278676,0.05751726947720239,0.18520330555586884,0.05050579370057666,0.10102402543191871,0.11769833415746689
5427,0.11473293976754174,0.912769961119518,0.059205567532788106,0.1811433380451781,0.048316645833768886,0.11473809846666119,0.1163477674126625
5428,0.11494753438722335,0.909440077423445,0.054478131694204346,0.1766155525126673,0.048205431236134376,0.11938735878466272,0.12818582355976105
5429,0.11646112577566461,0.905451545722057,0.05624375952699238,0.17755915755485877,0.04882063186854373,0.12218578013760052,0.13932113349437714
5430,0.11648793506882099,1.032920421742758,0.05541042593752941,0.19505471105256206,0.04592244865073478,0.10948680669887298,0.14415624737739563
5431,0.11318898393811096,1.0267702137090264,0.05387357191107713,0.1928588064536413,0.04732104382218551,0.10111233683845668,0.18877695500850677
5432,0.10904033239062788,0.9222936981543215,0.058218440255510075,0.18165776281248314,0.04751282208571802,0.0993366522883006,0.19307322800159454
5433,0.11373258622409285,0.8618199003135885,0.05956278357354272,0.17417094310783493,0.05083255354137941,0.11588655254819279,0.12646640837192535
5434,0.12238423586950081,0.8833815647601642,0.060472270001683676,0.17803074068146665,0.05080657496064352,0.1363239974542809,0.13366827368736267
5435,0.12282792904585489,0.882244330103992,0.05663248030693646,0.17457703027794438,0.05265060012554572,0.1389526282730471,0.09365968406200409
5436,0.11371188806319553,0.9208806452518005,0.0554999387925477,0.1791257540010124,0.04587538005721527,0.11583169987283853,0.1004357784986496
5437,0.11232759175335337,0.9359973363500048,0.05877010204536759,0.18408827837460148,0.0502172548214292,0.10388353577519494,0.11835527420043945
5438,0.11046698553900013,0.9687025794011377,0.054185977038849566,0.1848312059477479,0.04944431160168531,0.09879313237649626,0.10792504251003265
5439,0.11179289828890199,0.8963814995218633,0.05739210786763594,0.1772477352468113,0.04809918919662348,0.11025191140647503,0.1268366128206253
5440,0.11519981137180992,0.9505584053238907,0.052642571529405456,0.18091626207147476,0.046761545258755026,0.11758139985852618,0.17125317454338074
5441,0.11886305516307803,1.0197430717560376,0.05431306117598441,0.192231634115992,0.04607625832404905,0.11835399581342865,0.09531564265489578
5442,0.11624427573478506,1.036994527381289,0.05461056881367685,0.19495113432333572,0.04257971261343042,0.11183226720098856,0.11312124878168106
5443,0.11200221023746088,1.0230205770695704,0.056757210824585375,0.19479483457386895,0.045068148288820456,0.09812596814816417,0.09259366244077682
5444,0.1023992257689156,0.8297010092092093,0.05939360801568477,0.16943752247190252,0.04555116854986121,0.09348276622047455,0.12023110687732697
5445,0.10763446922937471,0.8183829939770064,0.06030491700139712,0.16860178514076987,0.0491425877065933,0.10546846413933776,0.12060658633708954
5446,0.11553492899494833,0.8184524188023835,0.06310366612314593,0.17101063079160841,0.04971699629211742,0.12458438103784775,0.07419754564762115
5447,0.11847921196917191,0.8520259753934895,0.057560529354952816,0.17105559307474377,0.05097946443085717,0.13153715759782192,0.062065184116363525
5448,0.1126621861913988,0.9200649527244387,0.05577514709905223,0.17924511933125029,0.0451730735399624,0.11345509326403563,0.0792989656329155
5449,0.11197107931839843,0.91751955824926,0.05864028698919833,0.18133732574063569,0.050161700531619946,0.105358820137372,0.09437677264213562
5450,0.11010922509707594,0.9572662060252355,0.05557349238771039,0.1843867371930711,0.049235869402712996,0.09838058824564773,0.14057742059230804
5451,0.11340041205331303,0.9168198094127724,0.05927609475484666,0.18178233970597887,0.048438222756968595,0.11040814099153176,0.13858774304389954
5452,0.11520351224806648,0.9534909817905863,0.05380295857409329,0.1823298190335923,0.04648548185666913,0.11659627040320406,0.14552107453346252
5453,0.115587244462078,0.9567530849534294,0.053661280715249705,0.18267439560641824,0.04537825836727364,0.11831885004373413,0.1307113766670227
5454,0.11377145866447295,1.0384024153098206,0.054493352511742,0.19505179005432466,0.04219275443193698,0.10528253490182171,0.14174693822860718
5455,0.11248529930727441,1.0386073186203506,0.05328242283477791,0.19404312223271683,0.04582980380450151,0.09944576281243857,0.19710782170295715
5456,0.10805896666927518,0.9205472434683395,0.058166043198625485,0.18136335752287033,0.045881154678617087,0.09832321016420523,0.20600895583629608
5457,0.11394656843451449,0.8821383776345063,0.06005089963812379,0.17749196792332128,0.04974497472980891,0.11452073837342591,0.16137632727622986
5458,0.12310765355261631,0.9044972345494139,0.061867555360041994,0.18224322381566654,0.04977589934800619,0.1355293145014812,0.15165016055107117
5459,0.1229029471778731,0.893747156778507,0.05675341858764024,0.1763239526149069,0.05056879333746459,0.139451952030826,0.12135698646306992
5460,0.1133512862905738,0.9232892428074573,0.05563231750496354,0.17958330683389123,0.045999056514876936,0.11433146936890577,0.13317568600177765
5461,0.11124308594534545,0.9278794736524405,0.05731314438383952,0.18167976285078252,0.04868448620534284,0.10434976842559034,0.15464895963668823
5462,0.10996743464810876,0.9670013694795399,0.05491478594775831,0.1852128693094414,0.049703344657066675,0.09685875806160452,0.14008229970932007
5463,0.1136265522382805,0.9330981219440903,0.05907451604054503,0.1839350311696229,0.049001992743335845,0.10865312273143252,0.12041613459587097
5464,0.11582954405899502,0.9691299162579208,0.05501589493463527,0.18560361226653319,0.04642622543859105,0.11550513817025262,0.11963865160942078
5465,0.11936538497266724,1.0009594552668806,0.05670485063240105,0.19159836558018384,0.04604394540969224,0.12031778655869338,0.11169847100973129
5466,0.11513344976269678,1.0220780171777197,0.056551932132003734,0.19448422999567744,0.04164680843134387,0.11000232822377251,0.09772790223360062
5467,0.11091900206955935,1.0209128819933821,0.05781284381351367,0.1953985635534949,0.042862068710527786,0.09654920246026835,0.10443093627691269
5468,0.10121746918616444,0.8153597178183496,0.06134172475971377,0.16905858091094747,0.044593513423199935,0.09140245771957324,0.10623802989721298
5469,0.10659531774764425,0.8119261619275014,0.06250191607360311,0.16956252262416,0.04678996131214246,0.10382870036175701,0.09524862468242645
5470,0.11546474606712759,0.8229256357981116,0.06339481230075107,0.1718992156575169,0.048557529187766846,0.12462839994497758,0.05937403440475464
5471,0.11888113068191751,0.8567084088953416,0.058528170593846296,0.17255391892263133,0.05156995416059733,0.13081472042744802,0.06262945383787155
5472,0.11307542938405978,0.9279676091621458,0.056610786646896415,0.18109033272050348,0.04613426970920403,0.11213590368017032,0.07985125482082367
5473,0.11134675998271813,0.9275269000475516,0.059215357900951504,0.18325986392189436,0.04836602850618364,0.10353093407790662,0.09491744637489319
5474,0.10792420802164329,0.9361405160904719,0.05511462770665867,0.18097546890434626,0.04881433523131513,0.09572549344081535,0.138809472322464
5475,0.11165323580526763,0.9027164155886258,0.05998301813378265,0.1803735034844745,0.048287414550176495,0.10696809518416636,0.13830889761447906
5476,0.1144049953502251,0.9536693516151868,0.0558844545116699,0.1841394398121723,0.045276105361862974,0.1138751351858382,0.1311182826757431
5477,0.11603379764330614,0.958500610599478,0.05756703411342987,0.1862718307542939,0.045485921587284206,0.11630491022021103,0.11201975494623184
5478,0.11258025895739655,1.013633150980159,0.05549857805503331,0.19237494561576554,0.04142961256533189,0.10501672372438024,0.10216531157493591
5479,0.11044563565860592,1.0155577151494866,0.05520650716547856,0.1923995368774797,0.04367133119736301,0.09716348849567895,0.1427881270647049
5480,0.10590922601993548,0.8885038253102922,0.06059532665127759,0.17886796931685112,0.04553097905143945,0.09490129173256837,0.1478293240070343
5481,0.11163321445438358,0.8604409640270592,0.06217694590819603,0.17621466278231934,0.04738926794107964,0.11133790036658074,0.12313836067914963
5482,0.12124437581898428,0.8829556228237051,0.062031762438048255,0.17930659963599924,0.049548354965914844,0.13317394822553202,0.10239644348621368
5483,0.12186149090551929,0.8715742760206957,0.058648544124547404,0.17478079153828288,0.05120104908435722,0.13738498944536792,0.1014140248298645
5484,0.11262891015723216,0.911447227525024,0.056204254607115145,0.17838182216681644,0.04532814238871062,0.11398328394630229,0.10795361548662186
5485,0.10973809144636598,0.9048230648206422,0.05742169508202017,0.17847903361610903,0.04768980701523053,0.10388201592508434,0.12545965611934662
5486,0.10878982430670496,0.9373942722467127,0.05576320579304816,0.18171050100071454,0.048743822287980305,0.0975244839658306,0.15109804272651672
5487,0.11257328656715943,0.9209054428194865,0.06080184939949294,0.1836737913166349,0.04739047096014646,0.10739530856750482,0.11158594489097595
5488,0.11504167584385709,0.950627381894869,0.05621649828363772,0.18398948165667076,0.045327311528878346,0.11571241453325151,0.11651401221752167
5489,0.11594262396623672,0.9466617289736569,0.057633153917541514,0.18463723606841517,0.04451839872341013,0.11833103546430394,0.10050597786903381
5490,0.11184646973949496,0.9766115951502627,0.055763690177875684,0.1873133908882167,0.040685756328238044,0.10807853796921324,0.10132285952568054
5491,0.10957889955716453,0.9927044787901165,0.05784054474275496,0.1913925353209495,0.04282860789672393,0.09639847346673823,0.10090112686157227
5492,0.10140305944501388,0.8108007077148,0.06166503705178148,0.16868441857506983,0.04488964983145079,0.09198110361808268,0.10565853118896484
5493,0.10610577825931067,0.7865980398390287,0.06264048593592177,0.1660629936363656,0.04718589481072209,0.10519811282190267,0.07035242766141891
5494,0.11540274189130777,0.8085132017968844,0.06182423494310635,0.16849408735078894,0.04839737346617862,0.12757751198624975,0.04738482087850571
5495,0.11820939347634757,0.8381977208766273,0.05789352333418646,0.16936555155453514,0.05087610440012607,0.13236438309962725,0.04624183848500252
5496,0.11308636772190866,0.9166145169167731,0.056805373395670954,0.17963525104154268,0.046035588293923145,0.11352552681671621,0.06981026381254196
5497,0.11061948547936148,0.9115437562119171,0.05925745893253115,0.18101264425815772,0.04883818737823435,0.10308410738640102,0.09136008471250534
5498,0.10875948530531195,0.9321919130849549,0.05734522628399763,0.18232332439842008,0.04973666906431381,0.09603609030971574,0.13344930112361908
5499,0.1119599007301393,0.8941741110918202,0.06096417384886247,0.17999416488357076,0.04824643134147262,0.1081792053109702,0.11190838366746902
5500,0.11417383341805296,0.9483832174445508,0.05469369882068135,0.18236363005266273,0.04542142052478787,0.11466612264437634,0.1236753910779953
5501,0.11525473338195918,0.9523805286547247,0.055331673768077745,0.18348151018045586,0.045726766360819814,0.11639327482677157,0.10832753032445908
5502,0.11256832701867676,1.0102018509860522,0.055097477373538865,0.19154095931818363,0.04204976029061965,0.10517101964365823,0.10514009743928909
5503,0.11045581873471098,1.0177260804576276,0.05548437353479146,0.19294747452376804,0.04353369391214685,0.09683247913902965,0.12513835728168488
5504,0.1061457267074082,0.8886995081982273,0.06025006048575704,0.1785999815875385,0.04620662765767788,0.09519496535580822,0.1424563080072403
5505,0.11075914032544962,0.8484742925436882,0.06097981547259033,0.17347902648274718,0.0479048690389937,0.11087672731346317,0.10166759043931961
5506,0.11818160163685888,0.8523199165874384,0.059928953400722094,0.17312766242739586,0.04907404395580537,0.13057291141606084,0.07309874147176743
5507,0.11867984828403631,0.8549598546062389,0.05622557506040432,0.1703304721383807,0.051655778015664185,0.13213161389631056,0.0659518912434578
5508,0.1116102803060806,0.9203140483949077,0.05497872038499476,0.17859805295783948,0.04556901289509761,0.1107820882204017,0.10499200224876404
5509,0.10865962527466505,0.9016637457491032,0.05495440720357548,0.1759128841386509,0.048553538651549245,0.1024058495639038,0.12705925107002258
5510,0.10774980281420256,0.9262000907604918,0.05431502484507367,0.17887003426156198,0.049566903538371856,0.09642963716411491,0.1263543963432312
5511,0.11213925428406059,0.9112655321445614,0.05796645158312345,0.17986632023475746,0.048551341418116366,0.108517495334902,0.1260761171579361
5512,0.11352748941313698,0.9466149484149907,0.0500624174717797,0.17814135046366703,0.04760080168710851,0.11467621275419809,0.12622393667697906
5513,0.11518648933663637,0.9501016752654696,0.05347865365055238,0.1815676567383977,0.04630209014571849,0.11737681715214832,0.1188151091337204
5514,0.11103610364731993,0.9642490029695436,0.05384446936157334,0.18390225987699768,0.04164700761978698,0.10799367597044325,0.11150585114955902
5515,0.10963748074169272,1.0040502817072403,0.05397981876519987,0.18970417061406278,0.04520317383403722,0.09595914564756744,0.10938078165054321
5516,0.10234396988297055,0.8281481416722509,0.060671975622087614,0.17031142791496803,0.046452997099621265,0.09177704529040333,0.09505628049373627
5517,0.10507077617244936,0.7719314944684523,0.061282252502703145,0.16280357278352448,0.04917455098891356,0.1034637761733525,0.06670279800891876
5518,0.11472402844349947,0.8052198597051314,0.06010680009295551,0.16655152289469494,0.05175957183264347,0.1244688703332024,0.06959085911512375
5519,0.11734538995444553,0.8307475897662283,0.05448896129034186,0.16538305107261134,0.0535240759588833,0.1311560862221674,0.06643068045377731
5520,0.11171452236806535,0.903956723519568,0.05533663392244018,0.17656807529345844,0.046205544124128424,0.1122880195217912,0.08397381007671356
5521,0.11052187811232889,0.909100394205701,0.057769120471356544,0.1793878738619772,0.049293247278846875,0.10383918381068334,0.10516928881406784
5522,0.1078019876289707,0.9137612316815517,0.05693052524569097,0.17933491187938536,0.04973356694940599,0.09602054700447701,0.14680646359920502
5523,0.11064713849252125,0.8850891385333326,0.05764072852691742,0.1758476442421196,0.0483537790924805,0.1081033854366583,0.13872812688350677
5524,0.11361775191279849,0.9437701801729381,0.05201275145824861,0.1794066698460614,0.04685804648358682,0.11446719097175365,0.14883582293987274
5525,0.11456553022246978,0.9581819955871195,0.05187350207915939,0.18134614400886795,0.046899963827036574,0.1153398637553754,0.11300752311944962
5526,0.11077077977727638,0.9992941454684297,0.05221277972962879,0.18751011769231463,0.04174550585497664,0.10402097378363019,0.09931910783052444
5527,0.109134705888724,1.0131824749219978,0.04937242925554903,0.1870595786364703,0.04462169127459915,0.09739933002180524,0.13042014837265015
5528,0.10479218927380636,0.876833293859133,0.05599421748589283,0.17325694268206998,0.046908659623261885,0.09553361848580211,0.140280619263649
5529,0.10905029268626665,0.8465118070715503,0.0571248843192686,0.16989444471245171,0.04820718172017324,0.10904938175868646,0.12484357506036758
5530,0.11838678290300973,0.8511809644461663,0.056906297152679315,0.17037410676603457,0.052681231651021995,0.13039023186835225,0.10938041657209396
5531,0.119185167259015,0.851595222025323,0.05297321639380217,0.1670620743411623,0.05471534290065087,0.13370396987570476,0.08406369388103485
5532,0.1107885131635924,0.9033494992672391,0.05245868685018143,0.1740145171954754,0.04715004650380311,0.11114941796301042,0.0767950564622879
5533,0.10975016414667836,0.9005039761332915,0.05471079878432048,0.1755383955484592,0.05080543557319549,0.10376209917191766,0.08701081573963165
5534,0.10917457785418691,0.9100675589281564,0.05364964862611366,0.17599506438354837,0.052669500552248096,0.10014859478019214,0.11477766931056976
5535,0.11175979238359407,0.881264282379438,0.05422549318630177,0.17237389164246406,0.050463649454379075,0.11235658059514594,0.1330028623342514
5536,0.11422592612740683,0.9436895964616713,0.04966565633714315,0.1773833620692186,0.05023124891607441,0.11495851223823741,0.13016042113304138
5537,0.11747444898962835,0.977358736919437,0.052147013419782194,0.18432011677687576,0.050290680554949674,0.11777028705613075,0.12659524381160736
5538,0.11343331922851868,0.9962691891195483,0.054646970762757686,0.1891644305280135,0.04372055117818668,0.10816726888550124,0.09274421632289886
5539,0.10903783926657509,1.0075332766054594,0.052846212601369486,0.18923007888766805,0.04559665893583103,0.09438066238751977,0.10983399301767349
5540,0.10336349911618183,0.8250105670653938,0.05978412413746972,0.16910218741288746,0.04901028625135658,0.09340120811328648,0.09884662181138992
5541,0.10700634811367792,0.772046726494988,0.06096388529605873,0.16254714832447717,0.05143132640182768,0.10703629192709753,0.0954141840338707
5542,0.11585266218104798,0.8137992153220457,0.05747711394621102,0.1655231284284731,0.052012323934153275,0.1282513001805839,0.07723616063594818
5543,0.11814862758200553,0.8485004749309341,0.055146628507493516,0.16848289228227073,0.054339505516964,0.12993912777618483,0.05678281560540199
5544,0.11293755786706755,0.9054205517651834,0.05517381578757077,0.176637635212944,0.04876188265757335,0.11335370599773308,0.07314726710319519
5545,0.11084146989358223,0.8957516138508749,0.05588043358576413,0.1758620307664942,0.05224852394625135,0.10521730683369875,0.09158127754926682
5546,0.11022117577319589,0.9101626108844107,0.0563269373408686,0.1783034621328032,0.05433831833617653,0.09954667546593143,0.12450588494539261
5547,0.11254434777999694,0.8797698684445806,0.05660705184711437,0.1742017399324667,0.05092120472920029,0.11251437981603299,0.1433863788843155
5548,0.114343063916637,0.9314441174329368,0.05052504146125222,0.17637062374292142,0.050215332695595194,0.11618071388704967,0.1416834443807602
5549,0.11518813461006965,0.9387086532886308,0.05109388015550758,0.1778959906030966,0.0502812556427757,0.11711227971255325,0.12890416383743286
5550,0.1127306833225369,1.0008327882708739,0.052951120951098864,0.1883627877110667,0.04416243780197931,0.10654980681306116,0.1279362589120865
5551,0.10973428610574407,1.0183904653835354,0.050096742516632965,0.18842441721190473,0.04625696285066982,0.09642307923604342,0.16472090780735016
5552,0.1069692905544647,0.8908167395718867,0.056646326029589134,0.17581352796420305,0.04816951925006604,0.09818038271229244,0.1606932431459427
5553,0.11165668010816131,0.8384758514429045,0.05773049675325045,0.16926554742320102,0.051552044139995735,0.11384047767964643,0.14623668789863586
5554,0.11864806506497935,0.8501425261655577,0.05494702784103717,0.16854638474454012,0.05196977962539155,0.13333053510500303,0.08819537609815598
5555,0.11874914101421158,0.8505903115865185,0.052225188157566105,0.16627734864741647,0.054017206859566604,0.13380240172047164,0.06929649412631989
5556,0.11085764771565226,0.8949270632896907,0.05205276190979861,0.17246337639264034,0.046400448846365086,0.11335268413391403,0.07504673302173615
5557,0.10870306910768911,0.900302221752564,0.05360791869134813,0.17456424770009327,0.049067598445856876,0.10325557466843865,0.0891636312007904
5558,0.10971729050156172,0.9298164688732098,0.053995837262626654,0.17911307034985283,0.051431766500325174,0.09999581663538895,0.12229004502296448
5559,0.1129915481577794,0.8836390301143243,0.055694865415826515,0.17397260322989766,0.048968700861412064,0.11565311635399735,0.1471395045518875
5560,0.11396614389504522,0.934420888823233,0.048566561721403036,0.17511717987880734,0.048389775235231115,0.11783830998659073,0.13362310826778412
5561,0.11543934097115258,0.966561281932512,0.05136342716200743,0.1821059778435081,0.048074634702715134,0.11605015169272431,0.10811544954776764
5562,0.11342404201688544,0.9976660921124366,0.054246059040237916,0.18902034947912347,0.04287015970968277,0.10901192000622946,0.12149769067764282
5563,0.10983416444141522,1.01353680280191,0.05149187012979687,0.1889268605115273,0.046463226953352525,0.096077625682122,0.12282778322696686
5564,0.10165723118727454,0.8291444036869204,0.05571325128813668,0.1662034159165344,0.04619557592933286,0.09370826789987119,0.10953590273857117
5565,0.106345752997705,0.7944530527176203,0.057198061037530744,0.162520202706115,0.04830655947756489,0.10797740383296886,0.09727402031421661
5566,0.11362415858619833,0.8043866686423429,0.05450342017505342,0.16162959852752332,0.04903583085392725,0.12813418540327615,0.07127910852432251
5567,0.1155853091244464,0.8436725616720735,0.05258030056947718,0.16559348072699093,0.05044540121744,0.12882557839085051,0.05980289727449417
5568,0.1105835458066396,0.910614304666612,0.05389578086325447,0.17628414140659127,0.04377560026965131,0.11155247700154668,0.05328455939888954
5569,0.10880902886190964,0.9077830201365449,0.056867275135270505,0.17842666727830972,0.046206683616974345,0.102670647336878,0.08595108985900879
5570,0.10849756728210079,0.9031014166487114,0.05675524108451426,0.17766183759368528,0.04903617335101447,0.10000755044916487,0.12659852206707
5571,0.11100359862246112,0.8716713451422916,0.058076407571862075,0.17430425579620915,0.046360241860960896,0.11217846076174431,0.1462608426809311
5572,0.11286554219887526,0.9328439788508174,0.0502530243815674,0.17633744644860314,0.045867449469417676,0.11595095711863884,0.13854791224002838
5573,0.11292409849031239,0.9420629556446191,0.05096188900760012,0.17826204138431714,0.04622639083520058,0.11411389265628108,0.11762276291847229
5574,0.1126889579006908,1.0142000178301978,0.0552437488403375,0.1922375015531747,0.04215464967014436,0.10480150190649556,0.14487811923027039
5575,0.10914161427498505,1.005381964486036,0.05192816753819157,0.18813585281645503,0.045358783970109125,0.09583163206796526,0.19430238008499146
5576,0.10647124767212529,0.8967871423556817,0.05406277007020701,0.1744519661109891,0.04680284785615785,0.09919796887709097,0.1853877753019333
5577,0.11252614727393925,0.8479693438870268,0.05582616336916749,0.16898947487171884,0.051305254939862634,0.11668901641819913,0.1686050295829773
5578,0.12034140021330622,0.8599631504777374,0.05489640563453807,0.16990594061213796,0.053351395867327775,0.1355886811670596,0.12309160828590393
5579,0.11880330459565219,0.851099676185597,0.05313516636055891,0.1671300963355644,0.05444009463982354,0.13283517053457908,0.08826605975627899
5580,0.11121806729168564,0.9068425860172402,0.0549734489697708,0.1766690399765521,0.04655858272056636,0.11052551519215685,0.07491318881511688
5581,0.10928115133539305,0.9115757969071157,0.05701331142332575,0.17909366649243857,0.050885872659188876,0.09929106941465686,0.1055821031332016
5582,0.11064491566363856,0.9396352744993093,0.05519949646742304,0.1815474647576925,0.051475982271443864,0.1003780019245117,0.1486658900976181
5583,0.1121719557750637,0.8948095672739849,0.0563631232742638,0.17614118670279538,0.04708036288627871,0.11315402249098537,0.16340376436710358
5584,0.11374903849289901,0.9519913616353681,0.048582841745592,0.1776412017298457,0.046209584792414174,0.11694041764849483,0.13760673999786377
5585,0.11754534262461515,0.9845596877023242,0.048858961797353585,0.18253049406949223,0.04715238617654869,0.12227717200240588,0.11805018782615662
5586,0.11453832722317635,1.0071702137840493,0.055226941555349025,0.19121883758802047,0.04250133583360126,0.11047524811981589,0.1157853975892067
5587,0.11055716511205865,1.0296877789631977,0.05296478298991756,0.192496639557529,0.04401597665012884,0.09708366487646067,0.1313711553812027
5588,0.102721706628193,0.8669544192250107,0.05473032446352041,0.17076233800087617,0.04426881979065311,0.09433243015994261,0.1444638967514038
5589,0.10767997133940273,0.8247857212050167,0.0564797784009983,0.1662377702301438,0.04798303667249388,0.10867671514354957,0.1276949793100357
5590,0.11449330901327139,0.8199631404389194,0.05585181120163608,0.16501057252124798,0.05069690357470946,0.12611255820253356,0.0864376500248909
5591,0.11563097463378659,0.8585673765593353,0.05198219454806666,0.16720864912110506,0.052137745792405564,0.1260570846935913,0.06948550790548325
5592,0.11047391357311463,0.9081805161410572,0.054187226579904525,0.17618626794578346,0.04705805234770044,0.10846448206926688,0.06444651633501053
5593,0.10975621948625269,0.9057642019183612,0.057176060144804176,0.1784029375410266,0.05159299775490846,0.10058316020325174,0.10273902863264084
5594,0.10897941717611825,0.9067429711657071,0.05564885767582997,0.17723373103152668,0.05299754903659765,0.09824102717471636,0.11794766783714294
5595,0.1117688620997792,0.8822555597114247,0.05642766516687552,0.17440307867323965,0.05028370157041194,0.11076343806119757,0.12615655362606049
5596,0.11325907691324368,0.9483053269187374,0.048019006711589506,0.17663133816975346,0.049148979132577895,0.11390468387188019,0.14552836120128632
5597,0.11387514392894284,0.965308803582557,0.049159700280595825,0.1800381436094474,0.049300861671338334,0.11248501618390526,0.14034907519817352
5598,0.11294986501163949,1.0286662058476335,0.05540230730391813,0.19444000709587744,0.0434563920767767,0.10245277950593623,0.16356176137924194
5599,0.11116704938983123,1.0393272692756366,0.05181770991044496,0.19289050410547232,0.04692766860849694,0.09586848469731278,0.2137480229139328
5600,0.10756162440908784,0.9055901636688979,0.05482818987215581,0.17636561470026177,0.047376890241257304,0.10001977530116235,0.20870408415794373
5601,0.11269023716057433,0.8598266821478654,0.058311597045497376,0.1728137520601214,0.046599848763267095,0.1179112514711145,0.1700543463230133
5602,0.11856417268451339,0.8478322990163631,0.05675323864031079,0.16976453297974683,0.0483139272399486,0.13523282219017835,0.09184815734624863
5603,0.11686415914377803,0.8631974629501642,0.053673961836626725,0.16932017628141777,0.04746731012934184,0.131687387035975,0.07357493042945862
5604,0.1103833815500974,0.918854778626448,0.05394492978063637,0.17750347961575233,0.0434985308951617,0.11017754006571807,0.07997863739728928
5605,0.10920758626550965,0.9219060790704205,0.05544565503662541,0.17922571561288184,0.046253462981407326,0.10302658096014847,0.13519197702407837
5606,0.10997567666167686,0.9350910312434008,0.05494309852442758,0.1806785174842809,0.04778655004426819,0.10252617673213092,0.12958014011383057
5607,0.11396796491775173,0.8928249822431813,0.056331561306231605,0.17583062144008155,0.04795560163763589,0.11759895833081449,0.16723978519439697
5608,0.11540672320065823,0.9689014692648847,0.05100004289092125,0.18212881808720177,0.04711416980872555,0.11678087439287374,0.09646443277597427
5609,0.11748451246075703,1.0061142078885346,0.050170148271220176,0.18673358535940793,0.04460078048167345,0.1206648391561356,0.09618630260229111
5610,0.11513707252180422,1.0348093617778864,0.05207810903476736,0.1924682879980701,0.04086283732213909,0.11246221477977864,0.12210473418235779
5611,0.11133674846430196,1.0487064743733643,0.0539701344677317,0.19607532588282206,0.044891650946072996,0.09532995355154723,0.10487058013677597
5612,0.10291816895721775,0.8724524646090219,0.05523145219158138,0.17197731110835862,0.045395578773793965,0.09282368598546531,0.15839646756649017
5613,0.10948226528981177,0.8517275198040031,0.057105176637019354,0.17062265423230277,0.0475412892351665,0.1101827790129468,0.15743303298950195
5614,0.11433021766881751,0.8349347004144481,0.0547850397213721,0.16623499124895438,0.04775470486128822,0.1271671144927859,0.11014246195554733
5615,0.11483468539043691,0.8722040629768598,0.052946101461084395,0.16998295310619518,0.047750998844959654,0.12527817686644108,0.05070619285106659
5616,0.10978278190796752,0.92057086845494,0.05331311256996912,0.17720707769639352,0.044498291618054235,0.10791045209676883,0.06046275421977043
5617,0.11016450788621489,0.9226390102329368,0.05782673693391991,0.18137134740520805,0.04773763595035174,0.10248203625097613,0.10375100374221802
5618,0.10887707369039966,0.9117542808742807,0.05624610015817103,0.17846155454618673,0.04807753888720799,0.10119024589437868,0.1115344986319542
5619,0.11336698438592484,0.8967490012738772,0.05661402234119748,0.17663330504586602,0.04707404681228368,0.1160152741854123,0.13789036870002747
5620,0.11448149425780028,0.9595596288526227,0.05093212903246966,0.18073605757820577,0.04550310925847734,0.11686483822685301,0.14855003356933594
5621,0.11275947775836803,0.9476820882662826,0.0510702124334011,0.17915762326666987,0.04369194576184622,0.11509519093556048,0.14949049055576324
5622,0.11224501097002991,1.0212378668898328,0.05136297796838687,0.18991653352859342,0.0422343531324039,0.10554175433920956,0.18698519468307495
5623,0.11240540250758731,1.0427715944539213,0.05427340219257251,0.19548742965847948,0.044102111683626606,0.09947400822152223,0.23363155126571655
5624,0.1102089923905241,0.9418613422364088,0.05710297425908715,0.18349702682727592,0.04587057653316079,0.1023780761335591,0.217948779463768
5625,0.11582167053539744,0.8700085961418823,0.05740391457083004,0.17349029765240895,0.05242347511116214,0.12083504280421828,0.17232269048690796
5626,0.12229410054670291,0.8908098415227452,0.05533032436403899,0.174684541100997,0.05126047511926855,0.13860688731070062,0.12294900417327881
5627,0.12117313211084695,0.8971614932226338,0.054131778023494115,0.17456459448051406,0.05063398314903667,0.13617735787897223,0.10750016570091248
5628,0.11102232207039532,0.9127262720314995,0.05290555857313911,0.17573708906719057,0.04624183166385626,0.11107983005392116,0.08256369829177856
5629,0.11047374677720821,0.9102735904665624,0.05672419932190811,0.17865982662828728,0.05036213034437486,0.10340859128624322,0.1082744151353836
5630,0.11244500822906432,0.9420513878527779,0.05554940709766462,0.18219254720553796,0.05179447176967167,0.10448513102661851,0.13750509917736053
5631,0.1149654148386849,0.9305323704518776,0.0557599650090704,0.18072745150090003,0.048377004296538115,0.11568849198362513,0.13723871111869812
5632,0.11639623060753426,0.9846210962307934,0.05184198902358326,0.18509614719604187,0.045307249150987564,0.11848666236706848,0.11497822403907776
5633,0.11762953882754897,0.9985868646919374,0.05273728541310225,0.18785865388150727,0.04408594006537107,0.12052971207224113,0.12047656625509262
5634,0.11510918621956868,1.0281854699702895,0.05339141926213187,0.19264771222044014,0.040842738935973434,0.11224611734195206,0.15567825734615326
5635,0.11159653782264356,1.0538976329145835,0.05618657045030295,0.19871672223091444,0.043368211787140606,0.09506616174647162,0.16165508329868317
5636,0.10472740595007347,0.8761887336084424,0.06037443065249307,0.17691933107477156,0.04331243022567679,0.09529757522480975,0.19229450821876526
5637,0.10918058106289602,0.8436198798108577,0.05770543317353068,0.1699789255502917,0.0468591989939844,0.1105132389467224,0.1118159294128418
5638,0.11287689458020957,0.8337686604411907,0.05473867249775379,0.16602867077538766,0.04570393789905954,0.12514542750543498,0.05649372562766075
5639,0.11564104837192205,0.8749076373062619,0.053462278698565624,0.1708116156425222,0.047575135124182134,0.12692447610191934,0.05833936482667923
5640,0.10975824780579022,0.921142342449832,0.053749222881640135,0.1776625256770961,0.043868605064847084,0.10799544206672276,0.06425439566373825
5641,0.11164840094380812,0.9278022020727337,0.058222913331197446,0.18244852600855976,0.05028757822095945,0.10338901139464303,0.12162762880325317
5642,0.11162087161901281,0.9086816912841548,0.05943706365290476,0.18075772474308335,0.052431816524599766,0.10291654834306255,0.13908593356609344
5643,0.11460729153737793,0.9005966980003686,0.05740492890426065,0.17786089591799037,0.048035390367567,0.11751080122792672,0.14863047003746033
5644,0.1177489364578158,0.9876816897265709,0.053841184903431406,0.18724697130673704,0.04763634228129145,0.11828667586946852,0.15891794860363007
5645,0.11827882800073057,0.9798552708108987,0.0568051798216313,0.1886694785343838,0.04783384384488974,0.1183263699201447,0.17545302212238312
5646,0.11587406968186587,1.025079993916278,0.05875202239020958,0.1967988754653622,0.04622672185868304,0.10600629396659156,0.20703023672103882
5647,0.11386549748844549,1.044054008457581,0.05770376903184319,0.19861094609266286,0.0470361496302228,0.09818890933570021,0.24968518316745758
5648,0.11021272764897914,0.9051307269997109,0.06235212472982111,0.18274906791123394,0.049311201736689,0.10003226509276009,0.22947357594966888
5649,0.11447465847041864,0.8806185974570429,0.06033742690181643,0.17752045126684876,0.04587459767822557,0.11933464296671123,0.16343380510807037
5650,0.11883008062997477,0.8599602401793458,0.060360155760583595,0.1745887392489782,0.046038914660043236,0.1337335245620368,0.10011213272809982
5651,0.12088360990953628,0.8869831217303616,0.06142408810901273,0.1793610929120626,0.04666517463087849,0.1346569431511514,0.08714915812015533
5652,0.11108065649281426,0.9010795154000312,0.06007773021121356,0.1802208423810446,0.04300501793792517,0.1101491775761406,0.08599853515625
5653,0.11038815241000442,0.9080711900330755,0.06229763297889692,0.18312242684377958,0.047159737721920156,0.10207052513252493,0.11372268199920654
5654,0.11296514949830354,0.9285168770505232,0.06058466320515581,0.18457497946877974,0.0477951969767233,0.10733025673051959,0.17239148914813995
5655,0.11282454938564947,0.8941025868926642,0.055453333652031,0.1752603698292643,0.043245539712478076,0.11907483996151141,0.18059033155441284
5656,0.11599866920458805,0.9690134846914422,0.051727048852210265,0.1827679682578148,0.044154447619058804,0.12043922642035275,0.17435133457183838
5657,0.11702534054554638,0.9736107401626227,0.05314818430655107,0.18464283514313276,0.043348192478215294,0.12232753733157306,0.14102961122989655
5658,0.11250329292725016,0.9877305887385387,0.05546904456482249,0.18864926516106767,0.04010652291197735,0.10922274098602353,0.16984547674655914
5659,0.11186491746457258,1.0318744826061579,0.057483991226299914,0.19668263285199394,0.04232660228746714,0.0984954422805462,0.1786736249923706
5660,0.10333361695437139,0.8487579069213944,0.06082879051344068,0.17339009285743406,0.04263234475199495,0.09514781371627092,0.15062642097473145
5661,0.10893042198095125,0.8327532516850991,0.05839858625179659,0.16902068131369694,0.04248097429395238,0.11449471179092276,0.1300613284111023
5662,0.11338195796800052,0.8295429752369685,0.05657000473868584,0.16699471480986908,0.04148403301645909,0.12938148006396427,0.06982645392417908
5663,0.1181914997568466,0.8799848364135379,0.05769014915244078,0.17516081876116893,0.044144427519001495,0.13313453383617907,0.07191233336925507
5664,0.10990298605995158,0.9065880529624771,0.055767044038393256,0.17731290245611953,0.03993471099252521,0.11214154989730273,0.0737435519695282
5665,0.10921629228034933,0.9050529954830568,0.05962718132112188,0.18040229762996973,0.04346853681178048,0.10445782363442926,0.13016289472579956
5666,0.11071179307069241,0.9065472213923802,0.05758642471078465,0.1788665385224412,0.04354506595172442,0.10984727702950921,0.1683829426765442
5667,0.11266189579285477,0.8871926615053346,0.053972956684653274,0.17300434308760776,0.04096875543933544,0.12259375221927532,0.16855089366436005
5668,0.11382005938503036,0.9491141109880428,0.04919242916005826,0.1777526694211989,0.039292527024889314,0.12309061641850627,0.17845088243484497
5669,0.11552632449303664,0.9757188610967278,0.05187662354767534,0.18385408605468284,0.040209809486961755,0.12164148375691178,0.18587805330753326
5670,0.11186359659890016,1.0064813605776592,0.054424658666938706,0.1904327589398988,0.03708338206000318,0.10854826727206125,0.2570333182811737
5671,0.11246497273949053,1.0378601909381504,0.05682421677633943,0.1969722130851696,0.041187970086611715,0.10088851475829033,0.29703834652900696
5672,0.11199461924205018,0.9348074428915012,0.06150078509966302,0.18625887906992564,0.041822871152638406,0.10841367147089445,0.2655840814113617
5673,0.11598883492161759,0.880946704605424,0.058637024861964045,0.17610983625388688,0.04380505285363304,0.12654376806536843,0.18718594312667847
5674,0.121044087984832,0.8758044759558512,0.05932056063082908,0.1759611199629751,0.042785959019215156,0.14146754784887153,0.14500345289707184
5675,0.12305713744410873,0.9162542468247101,0.059576354616366047,0.18195891064612948,0.043399832287400075,0.1412182279044607,0.11400974541902542
5676,0.11034318761048442,0.8989108319856185,0.05782479641050844,0.17797994434980988,0.03990212148982416,0.11279695831915239,0.10494153946638107
5677,0.10980760950046507,0.9110996883546489,0.06043456848348302,0.1819581570365067,0.0448609548217207,0.10350420325033,0.11776307970285416
5678,0.11297587391784134,0.9288619453658117,0.058870172601797534,0.1831547115680853,0.04545797169901517,0.11064755541535082,0.13588538765907288
5679,0.11508494541516669,0.9186103728238193,0.054393404896354164,0.17785297174313489,0.04342012180152621,0.12286964304012998,0.15713414549827576
5680,0.11787433944972574,0.9930137457936381,0.05078333296020673,0.1853876776506969,0.04196027202443423,0.12522497752100603,0.15369166433811188
5681,0.1202849321989185,1.0298808535639568,0.05089848113704518,0.19075310576946114,0.04010961350575411,0.1287786841812125,0.13437223434448242
5682,0.11495641132846218,1.031846544097796,0.0565875634913211,0.1959102750065318,0.038211008656206316,0.11127400794837512,0.14970111846923828
5683,0.11335438512608033,1.0583322134265192,0.06012474899862833,0.20272581534546985,0.041162372019438856,0.09832239515242573,0.163563072681427
5684,0.10565676185041563,0.8695195899299769,0.06586996933995702,0.18067705799567416,0.041616892598471934,0.09604888831876522,0.1182069331407547
5685,0.11231778412780744,0.8710290547859652,0.062300477213435984,0.1778331311523687,0.04172689131871134,0.11675888668927539,0.16880446672439575
5686,0.11623424862004127,0.8413980790461494,0.06101296020027345,0.17249654860682714,0.04159505078016633,0.13231403424149418,0.07364644855260849
5687,0.11956076184009799,0.9004478765277436,0.06068354446084554,0.18064987761325954,0.042979940899330486,0.13311600386175318,0.07428202778100967
5688,0.11234014151532068,0.9146828185897196,0.05953725231236517,0.18170090463770153,0.04146999625022818,0.1136608508901934,0.07950592041015625
5689,0.11209710770969084,0.9206445806174974,0.06304527642241098,0.18555946273599475,0.04540384427217966,0.10617415256949721,0.13668319582939148
5690,0.11594628853770414,0.9299486609080351,0.06194692299260272,0.18594717126623592,0.0476681299155392,0.11443890494463316,0.1743748039007187
5691,0.11602278550626931,0.8997355156170007,0.05700985547707374,0.1773992354970633,0.04536834283993423,0.12414102909736777,0.1767822951078415
5692,0.11899007371207732,0.9720507531063225,0.0535353423474419,0.18475182959871056,0.045122115170213105,0.1260830010354044,0.17540305852890015
5693,0.11996500107004106,0.9895619276840165,0.054029211027036526,0.18767674197803366,0.0449756219286489,0.1263329345242657,0.1835930347442627
5694,0.1156158388981934,1.0210603167565369,0.05802745559559876,0.19560357861858993,0.04162520320561899,0.11036837287384907,0.2606770098209381
5695,0.1139104488476637,1.0523016178341862,0.06081314805920005,0.20245435802705522,0.04032654171199528,0.10082044705940604,0.2768360376358032
5696,0.11275735164662225,0.9364524052222241,0.06604433899421523,0.19038834845535932,0.0412938216414929,0.10736081819346542,0.24482768774032593
5697,0.11490471118543506,0.8822125598643853,0.062377285281022564,0.17949661022150293,0.03976288830989945,0.12413589454496932,0.18222251534461975
5698,0.11841969605509024,0.8447497179023213,0.06221342154872972,0.1740043210278142,0.040910630288305,0.13760358174989384,0.13055266439914703
5699,0.1215809809238733,0.8968416307632054,0.06216520511921899,0.18140469449693133,0.043349502709837465,0.13768777498472884,0.12073462456464767
5700,0.11081682427416073,0.9023404200399572,0.059642465657994415,0.18002788771256054,0.0398010605666194,0.11239593700965955,0.10274999588727951
5701,0.10961399159562694,0.9122357664094976,0.062473617613055886,0.18386821029826184,0.04357257640280835,0.10242778852453768,0.1105327382683754
5702,0.11476998927968966,0.9357650679671174,0.062404619459383685,0.18717039781763134,0.042781024291796706,0.114409976173397,0.1562323272228241
5703,0.11475378670112009,0.9034176279838643,0.05853983839970015,0.17923666548315215,0.04040230013164825,0.12338881851512988,0.15851663053035736
5704,0.11685434341601915,0.9753359304978988,0.05207850516836998,0.18397242307258838,0.03953314940009998,0.12578206848045026,0.16631770133972168
5705,0.12010340639171767,1.0243143799721701,0.05297203802114323,0.19173522972843277,0.0403686504830129,0.12719347239220863,0.1513666957616806
5706,0.1155330553199315,1.0315436527292037,0.05751121509405041,0.19665870618478662,0.039586285818448044,0.11100153412698131,0.18936435878276825
5707,0.11274321683728546,1.0497467993104173,0.059967441166428916,0.20136449232985584,0.04061392753527188,0.09831272892054826,0.16390396654605865
5708,0.10803912328215938,0.8892344755852001,0.06679788111577249,0.1842888231828336,0.04089924678156687,0.1000680278070879,0.1686917543411255
5709,0.11039067768642076,0.8264724000280123,0.06384141848327836,0.17278870156109752,0.041007089372723474,0.11650304657056379,0.10784785449504852
5710,0.11512834577352864,0.8227731595468274,0.06245857595539419,0.17107494503988466,0.04012028841491271,0.13180712160425606,0.06412450969219208
5711,0.1196054139615097,0.8926383297780276,0.061177051610365706,0.17995723420574597,0.04367681468797108,0.13323509561214927,0.06607448309659958
5712,0.11151230776159843,0.9031905002298094,0.06148591176018916,0.18172942439870635,0.03977681886854219,0.11284088348555321,0.08490856736898422
5713,0.1112277374712014,0.9092769801539096,0.06401721422340509,0.1847686093563343,0.04467622537778253,0.10511204765345167,0.1472252905368805
5714,0.11481837215430118,0.9225795491813347,0.06420483523548935,0.18682979437061015,0.044071161864826944,0.11371218671832077,0.1805546134710312
5715,0.1139900436843182,0.88002402005524,0.058236035869885926,0.17563431932493653,0.04021422006822577,0.12460514816285803,0.19165544211864471
5716,0.11443136149072312,0.935000926871081,0.05234388378015744,0.1784377470788608,0.03940638311901658,0.12407263017634586,0.17059682309627533
5717,0.11677017126883618,0.9574589784075902,0.050837603685016275,0.18035494293109824,0.041788432211202715,0.12674251773978618,0.18982452154159546
5718,0.11249265477437889,0.9728036362656336,0.054947752163385745,0.1860700213208497,0.039305652272933686,0.1121510862349815,0.25721287727355957
5719,0.11419244998287291,1.0413270987517533,0.05853857497154826,0.19893693551157754,0.041340704002425,0.1037863028781483,0.2779269516468048
5720,0.11280769034413077,0.9393889007263252,0.06327647995376368,0.18843539720698674,0.04189699592089053,0.10868030445946697,0.24577295780181885
5721,0.11424399034799039,0.8618414100647908,0.06080183460492181,0.17523605967061737,0.04021372767296362,0.12565240953134021,0.1850501000881195
5722,0.11895938791951553,0.8503153094752761,0.059810061044638076,0.17273938224901494,0.0402268809001128,0.1407928365231809,0.15358226001262665
5723,0.12186841273986859,0.9095699548391384,0.059060387196511854,0.18056175400260135,0.04313532251453145,0.1394031930821474,0.12978370487689972
5724,0.11069798523487441,0.8971652331358584,0.059829033930941765,0.17944849096021556,0.0398781130753675,0.11250868086476945,0.1560066044330597
5725,0.10932501784569192,0.8928722563727228,0.06330454542641022,0.18181421841874057,0.0431228725433862,0.10382384448379182,0.19307200610637665
5726,0.11416051403082438,0.9142038050888849,0.06364740377797283,0.18515546110810316,0.04324281456462263,0.11409292237113199,0.2143448442220688
5727,0.11447452398689707,0.8979945678030542,0.05848822890034918,0.17841770588644992,0.04002447844180568,0.12366802967674334,0.18318164348602295
5728,0.11668570670677755,0.9617629254605682,0.05397391134620544,0.18365805621968587,0.03996655558884935,0.12521415811116993,0.16997240483760834
5729,0.11891204541786479,0.997093454108481,0.05382603471786606,0.18857852320223964,0.04108088624647079,0.12605614163150658,0.1352325826883316
5730,0.11330140243547702,0.9966418775986733,0.05744195211090226,0.1916133700377267,0.03935593054406071,0.1094807186884978,0.19003652036190033
5731,0.1121070181085735,1.0274220402892102,0.06068498077670741,0.1987902749927792,0.040832247505775125,0.09862459261234213,0.16222456097602844
5732,0.10645204696741181,0.8637135496053918,0.0652872948956582,0.17934818842562014,0.04174510913814246,0.09928649379209022,0.14249280095100403
5733,0.10993691264854423,0.8119944255083249,0.06284294910091291,0.16986458858768608,0.04072775391190531,0.11805821009635419,0.10143843293190002
5734,0.11444131270866885,0.8115705588529766,0.06071557623836299,0.16798057375473635,0.041313231305309076,0.13158153052129956,0.04866858944296837
5735,0.11909482401404638,0.867247640827139,0.0608303556260695,0.17603282494050795,0.043688665429324806,0.13525446196502383,0.06987393647432327
5736,0.11121313998746342,0.8912524855824846,0.061205217695989765,0.1797833988226319,0.04130408717377038,0.11238458471867246,0.09960085898637772
5737,0.1119081236497253,0.9162860853895082,0.06595193073681317,0.18742823854434107,0.043325599054422445,0.10583773213782655,0.15153880417346954
5738,0.114817842334765,0.9270138749605548,0.06453078148968526,0.18774265198552378,0.04409651383736706,0.11288979632557422,0.18650618195533752
5739,0.11318371389902313,0.8662272525657209,0.0583281426563653,0.17374230121484469,0.04082905646886554,0.12350527524906715,0.18271178007125854
5740,0.11526856148077273,0.9191969486754461,0.05381605371132111,0.17744189584905326,0.04201038705321641,0.12496779653263901,0.15734003484249115
5741,0.11672372907207351,0.9645693069838938,0.05183818545371699,0.18222834567231366,0.04154107363673714,0.12519201305278274,0.14342248439788818
5742,0.11400342554867059,1.0020619839104756,0.056027658476104046,0.19117541925244286,0.03953526462826419,0.11163757186322544,0.20832690596580505
5743,0.11473729289567336,1.0534453548509721,0.05878419451142425,0.20087864598850252,0.04083156936495318,0.104031117028828,0.2589590847492218
5744,0.11315803418006727,0.9505763280047674,0.061742559399785214,0.1887188120576398,0.04175465110390448,0.1095203137288337,0.258733332157135
5745,0.11397348740816887,0.8610005032459649,0.05828161081010134,0.17295573830093897,0.04129166143518453,0.12596061560335636,0.19249944388866425
5746,0.11986297034453647,0.8621445837773588,0.05855732649018417,0.17335550610263767,0.04186455748257077,0.1413056128104179,0.11715647578239441
5747,0.12295104794246244,0.9185974538321593,0.0586971632531754,0.18154006190731597,0.04376235014840774,0.1409757712930134,0.11929526925086975
5748,0.11158987530363916,0.9044951820246612,0.05917183428247539,0.17993231253135905,0.04138809535681209,0.11321680018285796,0.11634120345115662
5749,0.1097754617425542,0.9000822029200213,0.06245739346574492,0.18211808053064152,0.04371534505868587,0.10427827240136259,0.14900968968868256
5750,0.11394277150105275,0.9188154609227435,0.06066575606741061,0.18325857104674387,0.045514915449192,0.11316582094395122,0.14958012104034424
5751,0.11465071440594031,0.8925663241270851,0.05615813708499251,0.17564502094814857,0.04192618334176263,0.12491466086266353,0.17513351142406464
5752,0.11775381758248792,0.9691155557012661,0.05122615703003331,0.1823532139830666,0.04253981563475284,0.12704159743624976,0.15665076673030853
5753,0.11913685410705561,0.9944096323916016,0.05136558303391189,0.18608616151358184,0.04127018096532031,0.12868954912536357,0.1444745659828186
5754,0.11504845777385488,1.0146304718083157,0.057078156994479934,0.1938713448250279,0.04030572393685113,0.11147832371145677,0.1550672948360443
5755,0.112436027036542,1.0512542888123835,0.058388552232044734,0.20022651460066454,0.04110826296001494,0.09803114398489593,0.1630536913871765
5756,0.10684010868067219,0.8855163891310784,0.06388950839913984,0.18126477707513106,0.04272871096860916,0.09781599683357578,0.11042708903551102
5757,0.10924569575340244,0.8054593405602686,0.059758865527277,0.16628750481770435,0.04285952529123597,0.11742201197653389,0.10286898910999298
5758,0.11525926803174748,0.8141200568989303,0.058222505274256264,0.16620786979206686,0.045398267899901944,0.13180761660683293,0.0629308894276619
5759,0.11902078373704034,0.8777119393251109,0.05811462767512693,0.17519995791083895,0.0453401620564864,0.13433455030545127,0.05523794889450073
5760,0.11165334126810428,0.8964842905061948,0.05659633968465581,0.17658033265916137,0.04639874795063129,0.11193999295371819,0.08094208687543869
5761,0.11171639432073809,0.9059277214564763,0.061285289579103314,0.1819484941330137,0.04854634589589194,0.10553709935673725,0.13691872358322144
5762,0.1143196956841619,0.917440230521588,0.058549122247355506,0.18124785200081725,0.049223065894084796,0.11271710997340592,0.16470691561698914
5763,0.11301968544497135,0.8665439487410433,0.05285374091183259,0.1690951991731484,0.04468941840478747,0.12374259459297735,0.18091334402561188
5764,0.11475236807100626,0.9250618911555943,0.04871057464917763,0.17390361986438,0.044508546594056835,0.12445836654413502,0.16681545972824097
5765,0.11530895311720327,0.9465536031101198,0.046322811652585526,0.1749272104322333,0.04441388688805391,0.12517616091705766,0.14842793345451355
5766,0.11375167003331489,0.997082507673204,0.053419492034171234,0.18822849426831878,0.04343031217991876,0.11011563694940811,0.1998641937971115
5767,0.11401408668969971,1.0539002033655882,0.05370000877322412,0.19658575085784755,0.04391125764174909,0.10310385595952717,0.25516945123672485
5768,0.11356963842349584,0.9595371310875822,0.05794348928520728,0.18674258097126087,0.045107735663223666,0.10944747860943961,0.24878157675266266
5769,0.11288558663375327,0.8469024982515326,0.055994382008810635,0.16898125575777095,0.044016895607673225,0.12406198079805789,0.1877833753824234
5770,0.120332976733719,0.8635702644764535,0.056279828968840394,0.17160703404135655,0.04696200831578734,0.13966777395522634,0.13059554994106293
5771,0.12312926793696764,0.9222588887906551,0.0567593545236078,0.18040214513318595,0.046730485885859104,0.13986443468499654,0.11595463752746582
5772,0.11247925680290262,0.9140894299485797,0.05533425989816918,0.17801356990537068,0.046253469515161946,0.11308429671501616,0.11231589317321777
5773,0.11129242790053513,0.8965610601947127,0.05908928443306711,0.17872810954187365,0.04868413602027232,0.10706846185959393,0.13818058371543884
5774,0.113165676912186,0.894816126034927,0.056462867717947986,0.17622761890608785,0.04986450664552099,0.11337500165085379,0.18189844489097595
5775,0.11394501919905724,0.8379867122639145,0.05390269467021668,0.16591469718360208,0.047997619027875346,0.1261755261123646,0.19648565351963043
5776,0.1164256293587592,0.8911063174593423,0.049915849801435264,0.1700859166097077,0.049141563446150824,0.12834643568771167,0.22263936698436737
5777,0.11663797986414039,0.9011878313600267,0.049585683418929494,0.17124313312480052,0.04812341230680563,0.1288087173737307,0.22399820387363434
5778,0.11392297046379131,0.9590993080773325,0.05207144236170206,0.18164685174964929,0.04630088651904487,0.11383389779031874,0.2956761121749878
5779,0.11526251961201614,1.04345711044196,0.05189379251071361,0.19354569507232025,0.04528865520962739,0.10799187243634016,0.30409422516822815
5780,0.11341098161139476,0.9366650866977881,0.05521094596480031,0.18113296606951287,0.04263500409851101,0.11608322553431472,0.2714006304740906
5781,0.11110234077654786,0.8347174534893191,0.05095083498963806,0.16291749477530676,0.039528089852477855,0.12839155058619506,0.1952502429485321
5782,0.11400384803243459,0.8347482156267412,0.051274180459976816,0.16319904262665746,0.03389959171038577,0.14104927704428233,0.14002183079719543
5783,0.11710964263795276,0.9102160720136061,0.050429180693452,0.173255879453474,0.03578283370791181,0.13914264323815748,0.10582847893238068
5784,0.10606196275751584,0.8732336909189827,0.05203390318287365,0.16934815857374635,0.035214304410845665,0.11267824247165054,0.1104162335395813
5785,0.10225719154439515,0.8754554852468616,0.05013658176038352,0.1680392822584518,0.03459320247226596,0.10390385260770865,0.18731160461902618
5786,0.10501004900429907,0.8776194593640654,0.049193538506099393,0.16754009862866598,0.033716134271024635,0.11267843097459317,0.232703298330307
5787,0.10699380230730658,0.8332129941104204,0.04615095592785393,0.15858838995393487,0.031549626374652286,0.12786219205757937,0.202432319521904
5788,0.10864020712529596,0.878684151652033,0.0451022377504669,0.1641853683078335,0.030418396204526427,0.12848227564624892,0.19363301992416382
5789,0.10830528422820197,0.9141612275801205,0.041289276219166775,0.1659852692707316,0.03117879922979918,0.12532097168959105,0.1859745979309082
5790,0.10561703292933501,0.9561484844897317,0.044969712269117945,0.1751381083006342,0.030016708738425307,0.1109363756464942,0.23362861573696136
5791,0.10544868285607983,1.015539520996291,0.044326696644487,0.18307138583760185,0.03193625439818337,0.10185219264790747,0.2723411023616791
5792,0.10418237388818818,0.9353684761149591,0.04874202397769747,0.175402945711592,0.031083732541078053,0.10582568472143118,0.25081154704093933
5793,0.10366613265398407,0.8335284620329008,0.04638694293855281,0.15883573138060253,0.03168285723161867,0.11837809976276267,0.20372845232486725
5794,0.10951763591394723,0.8302635899890838,0.04717756157904793,0.15904699420905308,0.02934087232325063,0.13633411554758915,0.1521875262260437
5795,0.11096600979306484,0.8917188930727598,0.045338125083409654,0.16624966336760252,0.029786025765336694,0.13362529893960648,0.11377619951963425
5796,0.10061622769637343,0.8729421244514739,0.04606919373472051,0.16419389812282814,0.029922127291320013,0.10684310392764731,0.1157507374882698
5797,0.09754151167958361,0.8755490637758867,0.044916611620050846,0.16357839049945597,0.030041703778419526,0.0988215746257139,0.1653909981250763
5798,0.10273874064564117,0.9188197342916711,0.044905493203202244,0.16975038478726923,0.029305393068396555,0.10835773115180572,0.18500766158103943
5799,0.1047860088234699,0.8773844341042016,0.0443131375571822,0.16332332277818498,0.02832634871948364,0.12046806170408213,0.16965554654598236
5800,0.1070839340056494,0.9130404976649178,0.043140836943337375,0.16741221704642031,0.029690128828136368,0.12201626587529879,0.14989978075027466
5801,0.11045699179997576,0.9805015815750917,0.041324543934689976,0.1754926921690331,0.03002848780354946,0.12392569497392357,0.11468774080276489
5802,0.10649302681680145,0.983343570456793,0.04739391074346282,0.18110100498822426,0.03000448074868047,0.10813852372641239,0.12008597701787949
5803,0.10478077670658204,1.0240479445739208,0.045978074220711145,0.1857023414140268,0.03204569580771997,0.09761760337407213,0.13040924072265625
5804,0.09995219650365844,0.8780925575751328,0.05158990413266735,0.1696617117673053,0.03146178285835567,0.09888548258760735,0.1288592517375946
