window,spectral_l1,dc_l1,non_dc_low_l1,low_band_l1,mid_band_l1,high_band_l1,prediction_mse
0,0.07561004941162422,0.5589807200356453,0.04678065014800534,0.11995208870338246,0.0290965616483501,0.07751006682420063,0.12294172495603561
1,0.07186480410050934,0.47702600722651256,0.049634630366852374,0.11069054134680383,0.028361473910937678,0.07595769792587688,0.13105405867099762
2,0.07047752407241385,0.4612729472003626,0.05114799596152397,0.10973727470992947,0.030412381696094552,0.07118224184386705,0.14508983492851257
3,0.07279240685271482,0.45708986812831653,0.05303022366485046,0.11075303001677418,0.030731526281415605,0.0763801320840497,0.16046279668807983
4,0.07570295542353915,0.5050877100007779,0.054778547714466885,0.11910842804108275,0.029588949457633972,0.07807292210335554,0.1405450999736786
5,0.08027225765592465,0.5921843654648762,0.0546311056633347,0.13142442849212635,0.029054550991540452,0.08032960150558434,0.13179683685302734
6,0.0798336832629595,0.6018553791310719,0.05264401430788775,0.13110278071119977,0.029705898626928323,0.07883503455227657,0.1204022467136383
7,0.07658923345572671,0.563862292844501,0.048225537027767974,0.12188793071587267,0.029018138510965637,0.07857758142976495,0.12971776723861694
8,0.07382470353976683,0.560066517639206,0.045040327595693604,0.11861549760190966,0.029204248558952945,0.07367565684360405,0.12342369556427002
9,0.07322066744104573,0.5602156703171537,0.041604516351922416,0.11569182406124115,0.028310145135926185,0.07535511241535434,0.09894012659788132
10,0.07853668342436201,0.6128899391787401,0.04152243440871591,0.12314636366157652,0.028729435959086724,0.0830845547489152,0.09475091099739075
11,0.07999032479696325,0.6325906419420158,0.04142986771401736,0.1258814068894457,0.027277546031476172,0.08595930938584229,0.12694574892520905
12,0.07633025829741134,0.5102285153770684,0.04229297221596743,0.10914090695326759,0.02692349603873007,0.09085185769988326,0.18565057218074799
13,0.0700640892773921,0.43407289837179486,0.04558153712051174,0.1010803030135522,0.027085949269260313,0.08053077476536732,0.1987011879682541
14,0.06765702348788388,0.4386044249951759,0.04563418053905428,0.10177278688992877,0.02828051689585129,0.07226017377912311,0.17334994673728943
15,0.06832271849036843,0.41714448718108665,0.05010704128543181,0.10254096212766821,0.029008103416461022,0.07278204349740011,0.15797707438468933
16,0.0726635601109695,0.48771288204653984,0.05268472204337462,0.1148316020438268,0.02895157145967169,0.07401451348960494,0.11355175822973251
17,0.07974090381628128,0.5785442583417242,0.052399987886535326,0.12756345509441944,0.02738618855482548,0.08370654730168418,0.12301076203584671
18,0.07977618846708216,0.6049593692537752,0.050614755126775844,0.12980684285920432,0.02721400830523024,0.08199127351559571,0.1471504420042038
19,0.07820456622029584,0.568143142884959,0.049647347350191405,0.12371817528372962,0.02902523861343773,0.08141206994579211,0.13911141455173492
20,0.07534405740423909,0.565742555441476,0.04829712342196143,0.12221789942474923,0.0301984480398805,0.07383185383010649,0.10857848823070526
21,0.07622999999763423,0.581377058513967,0.04649461717386896,0.12290639450816869,0.029314804938306332,0.07643895047782848,0.08733272552490234
22,0.0781616216734797,0.6181503542307143,0.04557323673958651,0.12736996780974763,0.028846658403777935,0.0782549116652343,0.0980050265789032
23,0.07958382831448808,0.6409458035467356,0.04558597184207084,0.13063737637130865,0.028746145757325862,0.07939494600228703,0.10300599783658981
24,0.07492001408744309,0.5260611838712019,0.04774956194845345,0.11607979365170326,0.028125486083572522,0.07985041897210221,0.13046115636825562
25,0.0707190830882212,0.4463007543978804,0.04912734853246228,0.1058664065132363,0.028450001680807087,0.07695062132282032,0.13366082310676575
26,0.06783412596037051,0.4387021249011296,0.047067410010143196,0.10301522642314125,0.027104619243628385,0.0726889814325955,0.1631762683391571
27,0.06791746883216465,0.40097753866663866,0.04648570551382233,0.09712739596422468,0.025988052699943597,0.07904702170730558,0.1922115683555603
28,0.07493637801433334,0.4863558155357142,0.048483107016370285,0.11103635109056229,0.027715569159432733,0.08466710932067104,0.17634199559688568
29,0.08133951182126903,0.5904764693944231,0.048598926583498146,0.126010004127916,0.02883001103194138,0.08819864424361465,0.17450855672359467
30,0.08016050194734517,0.5868358510193072,0.044228072822654306,0.12174346970789043,0.02908116510010588,0.08846982489820246,0.15003806352615356
31,0.07442156137465879,0.5219640011990538,0.04150102577209582,0.11013859369023268,0.030617947817414448,0.08149731996112045,0.16308611631393433
32,0.07350401474563427,0.5489402529766676,0.04066393808589883,0.11327484021315153,0.02960087086405597,0.07711979335793766,0.157993346452713
33,0.07519835874406712,0.5609244382384784,0.03821512675798117,0.11288788554090934,0.031867490107360195,0.08013453285394875,0.11591702699661255
34,0.07942865326446524,0.5992091755049657,0.04030710299804763,0.12015025621332162,0.03007304211212452,0.08698341044251404,0.11932437121868134
35,0.0807985672190188,0.5947292842197638,0.04063905871106573,0.1197948052123083,0.03378074274528526,0.08781745538940736,0.1545640528202057
36,0.07839703594708586,0.4674076655973651,0.042462787897740294,0.1031691989976867,0.03428578960997762,0.09531873382277986,0.2114233523607254
37,0.0720338113271171,0.3968679756131731,0.043347142127159476,0.09385011833944713,0.03543058963190401,0.08497236167463973,0.2339354306459427
38,0.0688134594364139,0.4011335624548181,0.043630068663838006,0.09470199634826375,0.03446113671722617,0.07621927201783454,0.23164983093738556
39,0.07291372176040915,0.400874039579305,0.0491267338302122,0.09937634893722545,0.035835486614532557,0.08220237873333688,0.21735113859176636
40,0.07413245714791979,0.4737928163766872,0.04833932736963014,0.10911839722778116,0.03192274535762401,0.08045325739454992,0.1348031908273697
41,0.07915069788560963,0.5173772131162662,0.04572998376693588,0.11310815938826878,0.03297919069659024,0.08983798786117486,0.18680043518543243
42,0.0784463350402995,0.5400629502608632,0.044116688049552565,0.11496615407973979,0.03133809370100995,0.08771120455266762,0.19137901067733765
43,0.07400541931822785,0.4965388682023387,0.042453547450053725,0.10732287898609442,0.029405272960802826,0.08387777017159145,0.1483953297138214
44,0.07205440621676834,0.5147289179477684,0.040150733271637526,0.10794761679679908,0.02901029638486145,0.07831144306215997,0.13451290130615234
45,0.0735734489665726,0.5394099524487734,0.0400531645688219,0.11138984855167212,0.027309302924446593,0.08096522711647075,0.13376934826374054
46,0.07372965595015114,0.56357764915303,0.038611622357107,0.11360676904223886,0.027250384156683325,0.07950654481385876,0.13825441896915436
47,0.07713117184711131,0.5861589210201454,0.041080852257215465,0.1189491477947769,0.03074548996045765,0.08112791454372587,0.13434509932994843
48,0.0729713177839906,0.4793088475218188,0.04108934879520137,0.1036921343275753,0.03220718079098167,0.0817592231772368,0.1624024212360382
49,0.06846637311181146,0.4034981191858529,0.040245511122606346,0.09213874084592726,0.03330647893342643,0.07851795875054704,0.16913330554962158
50,0.06698887024160728,0.39260886279305973,0.040783466429807576,0.09104423733884359,0.034427644160660076,0.07443149685235433,0.18522438406944275
51,0.06721954048179217,0.39044875944931334,0.041511045009786945,0.09135928992971928,0.032082560577154216,0.07684211713141414,0.20776109397411346
52,0.07186213344551366,0.4503590772647422,0.04168208871567292,0.10006451565125425,0.03207357439203878,0.08200003818728119,0.18200959265232086
53,0.07571893181436197,0.5184417601371697,0.042256233707223596,0.11028273748293017,0.031516096666056884,0.08415308260913178,0.16141478717327118
54,0.07408257915229272,0.5214100879546655,0.03915709506598747,0.10805037976437004,0.03138558648983248,0.08172062219637774,0.1555987298488617
55,0.0701207015571842,0.4840555070975402,0.03768436363426437,0.10145166984330377,0.02883198731952246,0.07883372926478359,0.14722688496112823
56,0.06753517984082412,0.5080314294398458,0.034241725581863114,0.10192596899014635,0.02715951115416074,0.0727719494359976,0.1630035638809204
57,0.0692848063151955,0.5185434804541678,0.03236822533555517,0.10182183320964266,0.02586796025416384,0.07880464808595694,0.1352941244840622
58,0.07219315090274511,0.5485714749249498,0.03398926409919247,0.1075010085028721,0.024456973611769902,0.08306793063223732,0.1277664452791214
59,0.07369340727469717,0.5704442415983851,0.0349249885373323,0.11142773897462556,0.024316971090277535,0.08388024869862698,0.10858801752328873
60,0.06998635521938718,0.45544389550539044,0.03344931420464341,0.09373425439046441,0.025647702034169686,0.08800326498175992,0.18989147245883942
61,0.06543765413719074,0.37867204539093086,0.03525139771738121,0.084311490242174,0.025813710234782756,0.08359399845993738,0.16558311879634857
62,0.06339534275440564,0.39864211415591394,0.037241431910478344,0.08887010080268343,0.026726886115371076,0.07318982902131782,0.2012081891298294
63,0.06518648858191514,0.3918521359336863,0.04080416647070662,0.09095387639398944,0.027110292328185737,0.07595669596836335,0.13716983795166016
64,0.06656282014165317,0.4483224429389223,0.039286170027162205,0.0977199233002708,0.024254308113747552,0.07632030290228017,0.09448038786649704
65,0.06974976825091234,0.503454930662134,0.036934700812935616,0.10358044793424967,0.024757727292164435,0.07951595936689657,0.10269344598054886
66,0.07061452605268248,0.5288064990028178,0.035710829954816115,0.10615306839024494,0.02296583579328409,0.08121090548428894,0.12975725531578064
67,0.06777322863856292,0.47760385946764405,0.03587227332762502,0.09897678563334202,0.021554572517039176,0.08091144037446447,0.11953413486480713
68,0.06738673402057895,0.506399958479898,0.035555639178081494,0.10281911336405528,0.02214207820264277,0.07597247593573128,0.08002437651157379
69,0.06888684154491544,0.5235423832309595,0.034615291258400495,0.10446201868305176,0.02110580932816489,0.07956696473870287,0.07550254464149475
70,0.07073057825031172,0.5685891601528175,0.03593747518122171,0.11203057303430683,0.020972104485174836,0.07813174735881079,0.09103713929653168
71,0.07170260767506498,0.5774419754427629,0.034698457024522726,0.1122332453699856,0.022475496957920487,0.07931202156951087,0.09539449959993362
72,0.06770575462008802,0.46471217761829614,0.03414074643245588,0.09565095088757591,0.023943709740915507,0.08154549715531204,0.12549257278442383
73,0.06308255653416645,0.37663305421892246,0.03533312285578646,0.08409025590766303,0.02395696324188017,0.07893571371310742,0.12670908868312836
74,0.06323088461023801,0.39451788285912925,0.036572498173198055,0.08770755312833109,0.025995699048681226,0.07439458702326876,0.1500377506017685
75,0.06216133023695181,0.371030470301807,0.03715940604743809,0.08485527236949078,0.024053830673052747,0.07564819298939186,0.17808841168880463
76,0.06851266249116704,0.44978662253219265,0.036438455847964894,0.09548819394571173,0.023988942396195107,0.08386732755154089,0.14615477621555328
77,0.07211703996594164,0.517015755713132,0.03598623892458217,0.10470474132294642,0.02579318951203507,0.08413617042573071,0.13489654660224915
78,0.07205601098658344,0.53690669902939,0.03500215755221636,0.10670280633466975,0.024820970793640033,0.08307072522583343,0.14480094611644745
79,0.06970920610626,0.4854852073880257,0.03672909486256227,0.10083711093762848,0.02615007920164263,0.08058652542035277,0.1427444964647293
80,0.06684593059825827,0.5076569710471301,0.03323663732721698,0.10101097071577601,0.025373564704612727,0.0732398406523701,0.15335330367088318
81,0.06799830492034951,0.5266665245950726,0.028891462986211754,0.10000218607319188,0.025769278418383106,0.07694530710083305,0.10452625155448914
82,0.07113145897465417,0.5710853820820374,0.030231569932051523,0.10749640023919237,0.025287061179832777,0.07942598343865195,0.08745665848255157
83,0.07376699160369043,0.5711804537595714,0.03175883150062992,0.10881906325190727,0.027166442220985097,0.08387190962136785,0.09801628440618515
84,0.07054122468662932,0.45369139747304604,0.0301527005630146,0.0906582286930191,0.028284989085121653,0.0899130523323575,0.15863050520420074
85,0.06544837278154296,0.38023274824663894,0.0339282064885188,0.08340028388253597,0.03058294629756984,0.08024769874165055,0.1859770566225052
86,0.06336018586979049,0.4015023201373934,0.03295889574387476,0.08560795637152029,0.03156635034944321,0.07171299276108078,0.17399387061595917
87,0.0649319385440633,0.40957102836847403,0.03590205474780358,0.08928333669361366,0.028213043584680183,0.07575349825266697,0.18811504542827606
88,0.0650767951646718,0.46009132248664,0.03315146792735998,0.09414287572154281,0.027703356980538132,0.0723457330885266,0.13427723944187164
89,0.06893505709263774,0.5044784057373043,0.03180588339387796,0.09933052944293887,0.02685450880966177,0.07915949853372821,0.1259704977273941
90,0.07080874572010169,0.5274821760737611,0.03267710877970045,0.10336354696456627,0.025969979180799237,0.08155721535308481,0.1728408932685852
91,0.06867686976759198,0.4863828141550249,0.03512616947119404,0.09959140442602703,0.02553073375424889,0.07937952095313652,0.12192089110612869
92,0.06585202683051719,0.4996220044525255,0.03261616395373818,0.09933128402499351,0.024211042054119756,0.07299353846469817,0.11459189653396606
93,0.06760869545397306,0.5136344840268199,0.031686450042676305,0.10053616918326824,0.023644508148072275,0.07726581983350296,0.08938594162464142
94,0.07023963405857542,0.5774596823923441,0.031664991121602,0.10963566130313661,0.023231051431681183,0.07690062001811684,0.10940471291542053
95,0.07216072454343792,0.5842138470079871,0.03182242886659639,0.11073548860108076,0.02699687004145961,0.07792617868223141,0.08950154483318329
96,0.06835652522999536,0.4685562527742204,0.031309918458221585,0.09377368050336428,0.028862671342096396,0.08067363651770917,0.10578763484954834
97,0.0637378016272579,0.3736818690111763,0.03286020588831127,0.0815490149058634,0.028777437928271976,0.07874330824509075,0.12191743403673172
98,0.063074052138801,0.394816256791104,0.032515368475566575,0.08427263823492906,0.030802608324419112,0.07276280264227314,0.13228081166744232
99,0.06207051314735259,0.38518686407566605,0.03284091219864081,0.08317604818107298,0.026445452624532923,0.07477509795031444,0.17430773377418518
100,0.0672694210713975,0.4592129665271953,0.03279885581745272,0.09371515734741595,0.026829607989410992,0.07951423827661952,0.1678898185491562
101,0.07050422275339932,0.52083499958025,0.03298224549805911,0.10267549608122925,0.02706168486667826,0.0803665792424291,0.14527985453605652
102,0.07195320674963794,0.5420530173328141,0.034055103558225844,0.10662623409745274,0.02593749115182863,0.08187805896838316,0.13642337918281555
103,0.06773034562532804,0.46545613742444114,0.03552784291907222,0.09694617070555347,0.02473194228476851,0.07979010160312033,0.14706939458847046
104,0.06594945954244613,0.5041135404342514,0.03178561374859848,0.09926103184654889,0.024631306075639132,0.07295521805981234,0.1442795693874359
105,0.0665219540382748,0.5152970034913851,0.028954283383955268,0.0984318148278738,0.022561075954004646,0.07706659417111203,0.10404389351606369
106,0.07017634055336891,0.5746443108152797,0.029328216996680655,0.10723051611362337,0.022331044246778183,0.07961857120641315,0.08617804199457169
107,0.07234475072732051,0.5592069053836612,0.030511402747583016,0.10603933169559421,0.023156746486862206,0.08590149609048209,0.1140800192952156
108,0.0687388403665417,0.4309747391220201,0.02916713216392462,0.08656821887222398,0.024250024583337297,0.09206584798437356,0.15673404932022095
109,0.06421203200535233,0.3773054080412974,0.031144563514175255,0.08059611273233556,0.024774345939372437,0.08438393667697441,0.19194208085536957
110,0.06276940954005333,0.4143927697978329,0.031984968549013774,0.08661465444170223,0.025609367055041344,0.07441985742549602,0.2149554193019867
111,0.06391635273592447,0.3874263450963639,0.03601564913349381,0.08621717712818955,0.026042404927259313,0.07754283572527454,0.2069282978773117
112,0.0657336633513246,0.4416673836690799,0.034637084367138006,0.09278426998170113,0.02502915190298374,0.07768083006704343,0.15574482083320618
113,0.0704108161002817,0.5003285361178472,0.03313581522327142,0.09987763249392512,0.023917736775493106,0.08530879616503373,0.1574467569589615
114,0.07097264413849104,0.5199495704142995,0.03312379547064903,0.1026703347483134,0.023009541131578052,0.08520487998594536,0.17882506549358368
115,0.06811851502429445,0.4686464374671936,0.03554416923079709,0.09741592183599658,0.022789057132513807,0.08214655971936312,0.14904585480690002
116,0.06643354548153238,0.49427495751458916,0.03455885579532783,0.10023258461236517,0.021888627769606955,0.07583618923998844,0.11894047260284424
117,0.06879517416431152,0.515059154718968,0.033746563508382656,0.10250550510989484,0.02234675514299423,0.0799410012305787,0.10441892594099045
118,0.07052513918541493,0.5709401146457062,0.034408322918912514,0.1110557217370259,0.02193718300047524,0.07757534111457756,0.10706805437803268
119,0.07051839721131507,0.561994764146666,0.031627224542613665,0.10739401591462115,0.024849361714098815,0.07821263690598648,0.11040108650922775
120,0.06731706392718538,0.4633027297152075,0.030759500006491636,0.09255138996487962,0.026006426358006544,0.08138383651723441,0.1212853491306305
121,0.06268645033060487,0.36674474051701716,0.0318442312851183,0.07968716117538956,0.026200983616347356,0.07973561171639357,0.14497162401676178
122,0.06173228431549115,0.3894080064868024,0.03177137916454,0.08286232592486319,0.027176906859011477,0.07347945318171033,0.15353024005889893
123,0.061371053182196926,0.3770692562030755,0.0335912322192456,0.08265952135979272,0.02465668274042009,0.07486871766335533,0.1747393012046814
124,0.06704123628984215,0.4542871164378508,0.03318427835583975,0.09334182665326991,0.02397765472911009,0.08170885358748342,0.17587634921073914
125,0.07124884009512196,0.5209002676284995,0.03494847749205726,0.10437016179726329,0.02446538955132353,0.08320320283157194,0.15128029882907867
126,0.0725594865958301,0.5524037944068596,0.034281546602699546,0.1082990105747224,0.02403212830686199,0.08374884161714641,0.13429048657417297
127,0.06883311823795736,0.48229326227126934,0.03666862721280904,0.10032928936401765,0.023083773975334065,0.08130464473245,0.13923944532871246
128,0.06565007336002902,0.5081831745857103,0.031812903767932214,0.09986579959904336,0.022153122174188553,0.07377114518850186,0.14271940290927887
129,0.06875402828009387,0.5382173204854337,0.029713733687989352,0.1023571032304814,0.022428114552462065,0.07988651221018261,0.09781984984874725
130,0.07046262974594363,0.5732878948771811,0.03132153193624005,0.10874529807066022,0.020951734275952726,0.08028732849805865,0.08981890976428986
131,0.07254397005607924,0.5903102924561372,0.03220167693996251,0.1119314791565589,0.023153335148883347,0.08129670513695592,0.10592886805534363
132,0.0697754183532413,0.497041121859802,0.0319451217173209,0.09838740745196106,0.025271229175282545,0.08368109342257543,0.11469968408346176
133,0.06435397444302643,0.4030634312235989,0.030433652756138685,0.08366647825149014,0.02672252867612381,0.08038304865666049,0.10811758041381836
134,0.06290075638501187,0.4082108725903593,0.029885005497853723,0.08393155793964024,0.028784482772768686,0.07435054443542485,0.16492630541324615
135,0.06381635088832244,0.407168347438316,0.03157512601165851,0.08523130050118101,0.030035320688503557,0.07463667140191271,0.15311196446418762
136,0.06574815833365624,0.45727793142773243,0.031011963758950697,0.09190710199734808,0.029877217576841364,0.0742461557901389,0.11421136558055878
137,0.0694694624297776,0.5005555044241161,0.03272480544858084,0.09955776244508588,0.02820365435094649,0.07924978198536005,0.11738037317991257
138,0.06990714968368068,0.5164365826252075,0.03177629219506552,0.10101347654222866,0.02726417522088744,0.08000171633739528,0.13607972860336304
139,0.06765232092144478,0.47292746186015533,0.03243624145422796,0.09536355865507473,0.02590410457289165,0.07993467720950252,0.139729842543602
140,0.06458503980597825,0.4854411416430445,0.03150790492451784,0.09635551017002164,0.02486681820661159,0.07153932213688613,0.11287827789783478
141,0.0674189313605725,0.508545767579834,0.03236358045674849,0.10038960718861786,0.024617247270326593,0.07602106358999797,0.09610550105571747
142,0.06988365939698903,0.5658777589751323,0.032695799257569845,0.10886465064579302,0.023899684232331717,0.07601127032336066,0.11071116477251053
143,0.07165000691430153,0.5809196523829303,0.03137418641178219,0.10988068155051765,0.027112117735103556,0.07716881963941064,0.11583327502012253
144,0.0681167497738475,0.4759343298653237,0.030292988363308116,0.09395603714931035,0.027020527487021894,0.08146656782128991,0.13773366808891296
145,0.0630767197395916,0.3870285541521866,0.029955982116187867,0.08096634954990198,0.02658054109080939,0.07935744997325445,0.13259227573871613
146,0.06216851954233905,0.39071475241269055,0.030272536126088715,0.08176428130988898,0.029626839494164916,0.07349619803788526,0.14667177200317383
147,0.061399802891709314,0.38733740213101275,0.03152232584460832,0.08235305102838038,0.02696032883488019,0.07320025057184762,0.15589621663093567
148,0.06501067201019256,0.4584899018688115,0.02864704990611037,0.09005317161506768,0.02710996998128409,0.07626159913122177,0.13573260605335236
149,0.06824286565134333,0.5082941883567613,0.03134101890431905,0.09947718596895368,0.028576327640928538,0.07562105613254724,0.11672777682542801
150,0.068634985855298,0.5269815345904096,0.02882470309551786,0.09998996473764524,0.026367580291380196,0.07818335920167221,0.12080099433660507
151,0.06665224607139715,0.47840231653313847,0.030766697078754002,0.09471464271509467,0.02588642263127448,0.07776774451826919,0.12191931903362274
152,0.06304798432058878,0.49766691030098453,0.028234045869405856,0.09529588364534568,0.023435677738538965,0.06949184067072009,0.12788543105125427
153,0.06569852429906127,0.5204659799103362,0.02661549243636629,0.09716556207550485,0.023940936125782086,0.07470275589629242,0.08494027704000473
154,0.06916626589616516,0.5787370798820959,0.027189043920399652,0.10598162048635626,0.023427437794666304,0.07697430521855947,0.07600440084934235
155,0.07162918176066571,0.5676081516842401,0.028691415321450614,0.10567952051613483,0.026778337556879805,0.08107962402794291,0.10896548628807068
156,0.06850688825603235,0.4613534983171875,0.026225028555242044,0.08838623852123427,0.02616095156133591,0.08816515138184006,0.1700483113527298
157,0.06246771979860353,0.38182064767819024,0.027121335437456557,0.07779266575756137,0.02645864510600187,0.08056633244054184,0.1364896446466446
158,0.06083743761119684,0.40962156942509953,0.028842427111990438,0.0832394474424346,0.02750752993919729,0.0703993482218634,0.17910267412662506
159,0.0617686227033132,0.3818691570743932,0.03091480099519739,0.08105113757793965,0.02941948768092193,0.07320191533260743,0.1806361824274063
160,0.06388924188207862,0.43447318515063116,0.029543753992690408,0.08739081558668195,0.02826896891505039,0.07449310373670041,0.1373438686132431
161,0.06871257274940752,0.4970398265863876,0.02949808615304228,0.09628976335780591,0.02859433550265594,0.07968598855796655,0.14498476684093475
162,0.06881218004577291,0.5208285258031897,0.02764076111622239,0.09809615607150343,0.02634222925415897,0.08034990796592091,0.17128749191761017
163,0.06693002489118777,0.4749686807495012,0.030493852782310385,0.09399025677762333,0.02593020693577821,0.07912716270153997,0.15869958698749542
164,0.06470668155142478,0.4853481133818647,0.031639880017149166,0.09645534192639425,0.024353519454572797,0.072235620558072,0.12679527699947357
165,0.0665562497294649,0.506203105295955,0.03141701997525588,0.0992436035924986,0.023554502444312817,0.07558134397381848,0.10729498416185379
166,0.06793219261650607,0.5464505286103764,0.03171499640546214,0.10524864386330703,0.023410499729123495,0.07423677905201498,0.11394650489091873
167,0.0695246177587541,0.5682681331680426,0.02872197752946259,0.10579999976354545,0.02714769124578111,0.07486346920341302,0.10458020120859146
168,0.06638929491631669,0.4757348209285081,0.027711354136676334,0.09171470653550944,0.027098567068527108,0.07860894661633891,0.13399352133274078
169,0.06191853367534012,0.37925581416278437,0.02810360265758273,0.07826820430118296,0.027422940295832487,0.07779621608479682,0.1347360461950302
170,0.06105860809914976,0.39360140061415927,0.03024409555166745,0.08215228198916627,0.029557610057198862,0.07016501673209234,0.14319875836372375
171,0.05989817256320498,0.37818587939221787,0.029979419262015528,0.07972319928061587,0.025743220091111154,0.07243685759855255,0.1747114062309265
172,0.06367880153242589,0.4520166884998845,0.027319640947772592,0.08799064774093145,0.02605972479183769,0.07532262824799821,0.16021503508090973
173,0.06807760590142814,0.5113704428520924,0.03077121454335231,0.09942824715888662,0.02772099098438207,0.07595783285356729,0.15141001343727112
174,0.06973429227166354,0.5378483471457793,0.028175891123625233,0.10098624198393298,0.027207988454209315,0.07959935211370026,0.1491108387708664
175,0.06640268371429744,0.48256233960111655,0.029737371594133487,0.0944266527379882,0.025545905078012496,0.07763139212531735,0.1385025531053543
176,0.0636570281278165,0.4925863812923259,0.02858070816349263,0.09486723289618311,0.024457591882056946,0.07064760567053535,0.14318625628948212
177,0.06675689774855907,0.5261084689790496,0.026384742101193206,0.09777384594088699,0.0235271870282176,0.07744306496057093,0.12820245325565338
178,0.06848335604714496,0.5583751932198855,0.027453153102954306,0.10329915883394447,0.024025427272444156,0.07692021628655862,0.1152067631483078
179,0.0706069380964985,0.5850714682536429,0.02794656386526863,0.10753583592075068,0.027486781001219294,0.07602428995864716,0.10737048089504242
180,0.06670706744471047,0.48962294810569607,0.028333228286338313,0.09423175968910369,0.026969222998612485,0.07739357562120214,0.16789619624614716
181,0.06217106278288976,0.3808867209619333,0.02825086414427917,0.07862741511822978,0.02849286655806046,0.0772401761861929,0.2056739181280136
182,0.06151968885292756,0.3965493562491587,0.029894705118907353,0.08227394099465754,0.03171008147131411,0.06944312468782557,0.21723759174346924
183,0.06051434549395273,0.3783798798628156,0.029943830677472295,0.07972040913252133,0.027963020385147475,0.07219144928040977,0.250335693359375
184,0.06515308905588764,0.4464913490056675,0.028487683694690253,0.08820249302482987,0.028526704769504037,0.07703294683364886,0.2372153252363205
185,0.06922251144946502,0.5039234220045398,0.03127252110304735,0.09879407837468913,0.029373307865609575,0.07821544352576743,0.22620174288749695
186,0.07067871810003798,0.5333157480816237,0.030389651139827428,0.1022362364172269,0.028522044939412017,0.07995297858804537,0.21793070435523987
187,0.0687342995279382,0.4823590558840927,0.03388163973337396,0.09794984204061949,0.029070220811336756,0.07787676870636834,0.20238181948661804
188,0.0660346235188208,0.48712605208983106,0.032452015410899246,0.09740544922217523,0.028185449649890646,0.07170317816369957,0.15679782629013062
189,0.06981968446735493,0.5202366600967905,0.03185896971607743,0.10162721119903642,0.0291112121927718,0.07760801181739382,0.1281605213880539
190,0.07188449150163358,0.5428319618774144,0.03403425329659994,0.10671964023671629,0.030710585654329138,0.07743090397482759,0.11132099479436874
191,0.07269706965159771,0.5644612932126472,0.035005155572582304,0.11064174666402014,0.031216422565858166,0.07579104346575019,0.09658646583557129
192,0.06816264234953101,0.47125820255871037,0.0341200060553404,0.0965683198415361,0.030931645985229565,0.07588479636279029,0.10199626535177231
193,0.06374227481472954,0.3683382298350768,0.03374419073820644,0.0815433391806165,0.0325070649161243,0.07549715215585803,0.1118219718337059
194,0.06222666104135908,0.390102876468707,0.03295118252974607,0.08397285309245477,0.033274278675430057,0.06853207756683823,0.10742342472076416
195,0.06202168668275573,0.3657037696132187,0.033674316735019104,0.08110709571761905,0.030940308252643267,0.07251815990359874,0.13264301419258118
196,0.06590943016516938,0.44651020270976194,0.029693545949382793,0.08923878262943696,0.030161117538535887,0.07677602030723954,0.1276092231273651
197,0.06813695815694579,0.505097970562633,0.0317712640536546,0.09938936498350863,0.029227997578785532,0.07483644268959351,0.11637715250253677
198,0.06936470215484633,0.5263817929181607,0.030958149723355033,0.10173295589404154,0.02820159543578655,0.07706019851222785,0.1131189689040184
199,0.06731273198888442,0.4768068307921792,0.03209636433538326,0.0956264309720684,0.028787508250267418,0.07624781614988826,0.11727038025856018
200,0.06454050534921203,0.49296203065234523,0.031701176476992395,0.09759558421632852,0.02725632900174308,0.06824096564452045,0.10772459208965302
201,0.06817578275857636,0.523581198394488,0.0334359654549964,0.10345671301778091,0.026599505141784885,0.07368421169646491,0.07625249773263931
202,0.07113848624977233,0.5640063525788706,0.033222799143320846,0.10904902106268508,0.02769534202517716,0.07597951948499443,0.06724951416254044
203,0.07291351125170721,0.5509408742673166,0.035241990206020604,0.10891325935763432,0.028760690205363204,0.08004745007457197,0.08423428237438202
204,0.06999405062551523,0.44407171923499494,0.032242700408608216,0.09107541738380633,0.02996911505921675,0.08656967333252169,0.1351732611656189
205,0.06521436245731331,0.3783315863319473,0.03414286494420779,0.08331268228531344,0.03161849352730786,0.07877471792156795,0.15590715408325195
206,0.06286754555426179,0.39894415935408395,0.03387632842889702,0.08602887570392372,0.03237486544206336,0.06928247677148124,0.15125243365764618
207,0.06619819311604194,0.39069127466263254,0.037247105559507464,0.08773912971709677,0.03541852179320974,0.07428208599759714,0.12416867166757584
208,0.06831695418799676,0.44687954354724735,0.03348717006018933,0.09254322341548334,0.03900493563127013,0.0727669848510818,0.08268498629331589
209,0.07127879502250424,0.5007347308939994,0.03277277134741561,0.09962447985407044,0.03580523716555829,0.0775156839197115,0.08780048042535782
210,0.07159801699360142,0.5303822420780593,0.0307973971521296,0.10216666071297668,0.034351845854791854,0.07744085348560645,0.13165992498397827
211,0.06913701026668542,0.46934553540909235,0.03389785759703679,0.09610466871304475,0.03445030973499771,0.07589117209134778,0.14530934393405914
212,0.06672400142998916,0.4887360474286163,0.03332372591169813,0.09838262898554359,0.033045233012563235,0.06849162468412673,0.11330636590719223
213,0.07137288261732092,0.5215203536160995,0.035714503102827706,0.10511533889043798,0.03301524700707428,0.07541116453730931,0.10215622931718826
214,0.07153680995808759,0.5613291898911651,0.03454244756495055,0.10979769646869549,0.03194280485004192,0.07270328873084565,0.09629897773265839
215,0.07307100194489123,0.5660434568467999,0.03594268223264189,0.11167136432037876,0.03308504346079957,0.07428339853991985,0.09687679260969162
216,0.07026801877740273,0.4729666804816105,0.034185606059068695,0.0968686166908604,0.03424148822125401,0.07851570983975742,0.11929039657115936
217,0.06475902944011745,0.37816176112418065,0.03461749606401731,0.08369524821546921,0.033885441394475156,0.07520422755162166,0.13290119171142578
218,0.06323020762735726,0.38890490420009716,0.03256676315227402,0.08347221187339161,0.0366604861042406,0.06876696024480432,0.12387723475694656
219,0.06311492533155297,0.3853279621392307,0.033981030724015676,0.08417344949761783,0.03430262086002892,0.06989948309882973,0.1322568953037262
220,0.0679165973856608,0.46634123157396085,0.029811176776996556,0.09217261317656288,0.03599267829988807,0.07462601276867262,0.1315518468618393
221,0.06853816171785519,0.5027877021656382,0.03105003100844821,0.09844112688804678,0.033900215610124414,0.07268127003820196,0.12598255276679993
222,0.06971190667226959,0.5227561780101269,0.02977849927985438,0.1002038819556076,0.03284394857711163,0.07529089163261206,0.12407033890485764
223,0.06787075371703483,0.4847824686749885,0.03072622156868629,0.09559139972672946,0.034047217424660936,0.07321078271437918,0.12939096987247467
224,0.06385319233801817,0.4900428770781371,0.030125627734822802,0.09582809192672483,0.03109201761123746,0.06454118308383297,0.12195419520139694
225,0.06836277994593148,0.520301783851933,0.03370559666432623,0.10321933769112722,0.029711310029043363,0.07168332809616232,0.08492216467857361
226,0.0711068834502563,0.5535445056540339,0.0328579167356139,0.10724171515253104,0.03140399541310032,0.07422893274327738,0.07124108821153641
227,0.07316269765480166,0.5289421104892673,0.03562888156294473,0.10610219998099081,0.03375091832208309,0.07882594003551488,0.09760960191488266
228,0.06960996170740942,0.4190190120542221,0.031247472981796004,0.08664340713499973,0.03427416109049315,0.08562452249806962,0.17032183706760406
229,0.06503102844660563,0.35492651381814244,0.03355290861907531,0.07946342364751348,0.03619991244878922,0.07762990914390065,0.19221609830856323
230,0.06468757271529363,0.39497472591975774,0.03512772650256059,0.08653444070501733,0.03807145856791956,0.06886066310323768,0.16519373655319214
231,0.06612435883914997,0.3832487042409223,0.036458216445788914,0.08599971470223654,0.03648987076517662,0.07466359952367589,0.14125002920627594
232,0.06825826675923725,0.4475218683921308,0.03265218950982275,0.09191928649300962,0.036293614578738524,0.07552394515012284,0.10056621581315994
233,0.0723713304994095,0.5010370571313212,0.0324292799385043,0.09937324810890669,0.03516216367488315,0.08130267356256,0.11439346522092819
234,0.07224177575886448,0.5063060852613135,0.03180576891933989,0.09959152839676468,0.03337666637561469,0.0823177129110454,0.16434472799301147
235,0.06970379705924987,0.47508732080524635,0.03486076029648876,0.09775026894059699,0.03331889017674825,0.07699992768526004,0.14388427138328552
236,0.06703829717314264,0.48484613423451706,0.03493900688702748,0.09921145365095456,0.031308770215597935,0.07015012134290877,0.10680289566516876
237,0.0719332339030667,0.5209245393152258,0.038191402920604765,0.10715327954840774,0.030196172750659424,0.07763562247174965,0.09367331117391586
238,0.07242006771747761,0.5669827882376802,0.03654321731603897,0.11232029887627341,0.029598513001131373,0.07497622583033423,0.09119942039251328
239,0.07290212662663867,0.547337574933311,0.03721310385290463,0.11008802829296269,0.032494026615016824,0.0757215501787743,0.1051459014415741
240,0.06910019714980986,0.45853565986410616,0.03349103389136016,0.09421169474460958,0.031869386741551375,0.07970459586158626,0.13077251613140106
241,0.06439239817209774,0.3681685338731947,0.03403421206786396,0.08176768661148263,0.03284673264186122,0.07679147812659293,0.14014573395252228
242,0.06260593770302952,0.3910845053043147,0.0321918967313562,0.083462269384636,0.03456898094254178,0.06888898464705064,0.1661079078912735
243,0.062012239419675715,0.3723217769039612,0.033595811939065905,0.08198523550547952,0.03120352725290012,0.07149349099052607,0.17233003675937653
244,0.06724327918875499,0.4617395380802584,0.031116711681660903,0.09263425831003198,0.03011496902790464,0.07751344384838164,0.1627487689256668
245,0.06931340128555585,0.5034398726355536,0.032053757292482075,0.09939463091292085,0.030355445620492857,0.07708053656854161,0.14408986270427704
246,0.07209488387831468,0.5367804261330842,0.0318963417515846,0.10402263952037027,0.03060300749639539,0.08046348952569543,0.13766804337501526
247,0.06736660171276436,0.47336981994651905,0.031896618542012055,0.09496421874265593,0.030295769309650833,0.07565566516433359,0.15009376406669617
248,0.06588700844297639,0.5021133232838962,0.03156620891319222,0.09878722525186423,0.02952197960976901,0.06891871896425597,0.13487757742404938
249,0.07129463064378944,0.5325881327823523,0.034514108846162676,0.10566754083704691,0.029227097438735604,0.07802742577911131,0.0986429899930954
250,0.07324409741051909,0.5659025133413151,0.03351536143239837,0.1095706688479579,0.030111610137006743,0.07919927376708344,0.07967399805784225
251,0.07503807448772841,0.5725693166019968,0.03522908621589446,0.11199197627105195,0.03199386997040095,0.08036708937998185,0.09651380777359009
252,0.07174187294388795,0.4762607357283074,0.03432546979779754,0.09745907921644181,0.03213240389947662,0.08389760286926329,0.14483222365379333
253,0.0650600564750266,0.4048893190141898,0.0335372626379886,0.08658755640601734,0.03145765422739434,0.07562559600208793,0.16508421301841736
254,0.06453452478659259,0.4070205910316953,0.033451279072330094,0.0868183236379537,0.03473771984076113,0.07110840511925418,0.14685243368148804
255,0.06601978310938902,0.4163401166285269,0.03535289007684073,0.08977963672708163,0.033251808840115464,0.07390188867952237,0.1348097324371338
256,0.06628039120292378,0.467494215339169,0.03042820731372382,0.092866208460216,0.031098253359440192,0.07380217171584125,0.12472987174987793
257,0.06816980753708032,0.4993960295214019,0.030265111380701957,0.09728381397223052,0.029992596018728,0.07610011198488217,0.16304287314414978
258,0.07098846561619586,0.5198080391085311,0.03092766182977837,0.10076771572674303,0.02991419071593406,0.08087161230719611,0.170431986451149
259,0.06847101269997652,0.5031958174447144,0.0324945370998492,0.09973757714911567,0.02957532563548085,0.07514649498841348,0.14112356305122375
260,0.06496147650066987,0.4888190764730205,0.03211134581351438,0.09735530733630096,0.029204561234769538,0.06790417537715547,0.1110008955001831
261,0.07105763837572611,0.5188005055626201,0.03597129014017345,0.10494689234338013,0.02893356428508905,0.07826310598333625,0.10556890815496445
262,0.07202998665863536,0.565957279187274,0.033652041909300504,0.10969564723472527,0.029411681102004237,0.07636355101660891,0.11087634414434433
263,0.0730221084654679,0.5729449728237368,0.0353972662998198,0.11218979580323654,0.03190109983732658,0.07473126459454402,0.10928777605295181
264,0.06884606532054366,0.45562964867961975,0.033084719499172355,0.09344828081066482,0.032458428870702064,0.079158308660299,0.14165613055229187
265,0.06376814758280114,0.38053816215677044,0.032687803466561416,0.082380711850877,0.032456621385505896,0.07487973927086808,0.13931486010551453
266,0.06325127095090079,0.3955868808718809,0.03116574772943635,0.08322590960692842,0.03526662732945967,0.0702600252956376,0.13296173512935638
267,0.06345733980540859,0.38987867028465556,0.03407756079566648,0.08490629072266491,0.03272562572233131,0.07157975757550189,0.1385321021080017
268,0.06838289487226812,0.47789458201852936,0.03100114220259964,0.0948430621763039,0.0326791961794888,0.07647098483741872,0.11817868798971176
269,0.0695584478489632,0.5071181673896882,0.03105098312748637,0.09906058087922949,0.032567112157531566,0.07611150017748292,0.11406102776527405
270,0.07126188226201685,0.5281186066899322,0.031014830265273186,0.1020296554687959,0.031781361395652914,0.07888553646415364,0.11161593347787857
271,0.06788803188649328,0.49220587666267274,0.03269335336829726,0.09833799955320803,0.030267849291356032,0.07416196994886298,0.11050686240196228
272,0.06520196362982718,0.491803669998124,0.03240378243034167,0.09803233779716772,0.030826503919052523,0.06655391348033203,0.11421582847833633
273,0.07033543058850628,0.5299625862249406,0.03441966433938861,0.10521151032303891,0.029649643905306177,0.0754189241685903,0.0725320503115654
274,0.07489293779028774,0.5843551476485866,0.03409062225017581,0.11269984016423451,0.0314122765556426,0.0798574767933988,0.06266824156045914
275,0.07585378765877096,0.5843368168304859,0.03478807111662228,0.11329503479003135,0.033182353518340986,0.08043020129179436,0.08282031863927841
276,0.07227892430293671,0.477251411558976,0.03372739533083177,0.09708796907770953,0.03464623172826952,0.0834996161278443,0.1503288894891739
277,0.06623657066021728,0.401257041078547,0.03446059652114123,0.08686008860077063,0.03448176714002816,0.07597644554239857,0.16411006450653076
278,0.06609541942409404,0.41284248707704163,0.03433882851837849,0.08841077974104465,0.03844225108661197,0.07076600144205905,0.1283426582813263
279,0.06984549269504325,0.43064258967685765,0.03653756332341394,0.0928382813739059,0.040997380465660004,0.07496890080174878,0.1331266462802887
280,0.07232673569499695,0.47363978520286354,0.03593265894454334,0.09846224841001765,0.04264133746700814,0.07543288551884404,0.10738259553909302
281,0.07349042878776543,0.5147391973739821,0.032300059601635754,0.10121993642625668,0.039873364988538405,0.07864204042840925,0.1354188621044159
282,0.07484397263878616,0.5308531428228485,0.032887240700205676,0.10402522671772607,0.03871711671597473,0.08092137425217372,0.1802258938550949
283,0.07182985531803149,0.5065027210831301,0.03561000762183432,0.10288039525916227,0.03678066382092556,0.07532867542950972,0.16377365589141846
284,0.06843416552191736,0.4877895333413148,0.03607672687438993,0.10060712779823633,0.03468941887088411,0.06980947684979236,0.1183527335524559
285,0.07335401775325102,0.5245205096988306,0.03772518362387837,0.10726737306315726,0.03223144419023354,0.07966208372472339,0.0997488871216774
286,0.0724349077582637,0.5531943851471993,0.03480872453763798,0.10886381891043248,0.03187891876527157,0.07604610086898414,0.1010700911283493
287,0.07249958093633622,0.5569497347619625,0.03409823575789875,0.10879130704419357,0.03422846517629334,0.07423154688199857,0.09533052146434784
288,0.06927449349883942,0.4507014395366744,0.032848519131475296,0.09254179347507517,0.037576694372981945,0.07665118025475848,0.12771327793598175
289,0.06540319306839239,0.37515887992557256,0.03442142352531626,0.08309820301106717,0.03612618409277007,0.07553744222222152,0.15789461135864258
290,0.06496358215209887,0.3938939504634986,0.034436492114575175,0.08578755759299281,0.036891810137225714,0.0713054041543307,0.16930854320526123
291,0.06390083578998063,0.38317680420509503,0.03346101280875788,0.08342041157966318,0.03456317664804406,0.07249165872320287,0.1815086305141449
292,0.07000038482718945,0.47411584830673803,0.031302437259844225,0.09456149598082905,0.035063442754169574,0.07907923688164722,0.17257808148860931
293,0.07155853376963194,0.5044564918486102,0.03134678127328172,0.09893388278404293,0.035652879443305405,0.07902255091755805,0.17165477573871613
294,0.07391592380366337,0.5286029302756019,0.03246225882269015,0.10333949760167753,0.03667832662187537,0.08075319426446545,0.16142405569553375
295,0.06918030043406255,0.4932903334323686,0.03368329037824598,0.0993414393859778,0.0333361312546492,0.0741529518831234,0.15266408026218414
296,0.06786721790098886,0.5084394635879301,0.033956870209844565,0.10174009783528538,0.033167303708661555,0.0685908728767658,0.1362525224685669
297,0.0719703740876779,0.5380550940273849,0.03477063388850642,0.10666841390834622,0.0315907091791282,0.07694179603957411,0.08284362405538559
298,0.07471230714317773,0.5582778713584562,0.033151298269841006,0.10816938013964318,0.033820645192732195,0.0812175724779103,0.08293710649013519
299,0.07532710371105678,0.5429078884173462,0.03328733804804384,0.10609027381508704,0.035459302015619344,0.08329365635353805,0.11771222949028015
300,0.07122159356307592,0.42723262914747406,0.031737940518644335,0.0882371817513343,0.03796635677765986,0.0854312860855889,0.19523216784000397
301,0.06665154195384629,0.3550383818336693,0.03550259872048128,0.081150567736651,0.036336101462333216,0.08049090482396612,0.21391081809997559
302,0.06753636059520296,0.3963460494595844,0.03549737743309616,0.08704718772259448,0.038726268557956835,0.07567321739132575,0.19053377211093903
303,0.0673579178735349,0.3784379195177153,0.036887692838792015,0.0856805823643525,0.03867315031310521,0.07642475805944553,0.17034600675106049
304,0.06952433586121368,0.42731345838499535,0.035960764261670636,0.09186829199357417,0.037130930575923496,0.07831760387002715,0.1409437358379364
305,0.07381436086001428,0.4855299450562666,0.033791891798150786,0.09832589940645306,0.036233598263788754,0.08524993190357769,0.18179510533809662
306,0.07528699556138607,0.5087579758064569,0.03527214131928425,0.10291297481745176,0.03652382590915569,0.08503203715803018,0.21570542454719543
307,0.07120895772011498,0.48117083185559767,0.03669725348154982,0.10019347896355667,0.034553940761781414,0.07792064147064544,0.1826137900352478
308,0.069216052123903,0.48796948669874396,0.035563835891640576,0.10019321457836963,0.03290147072133476,0.0738862937034919,0.13247598707675934
309,0.07339930818768171,0.5182261750969163,0.03574678209536217,0.10467240966701276,0.03254069521831764,0.08178663074146064,0.1047283336520195
310,0.07337357636783301,0.5479683608715258,0.03597681672023144,0.10911846588470206,0.031303568279998986,0.07890805511742736,0.0989888608455658
311,0.07294113730343497,0.551057280909599,0.035057381477582694,0.1087716528250136,0.03383947969609471,0.07580338662847641,0.10558594018220901
312,0.06935581499932969,0.4400765527048579,0.033165049407230446,0.09129526416403436,0.03541565824481016,0.07985643414041768,0.1807347536087036
313,0.06525675079391582,0.36496232831571973,0.03326169723933994,0.08064750167882277,0.03470633247917069,0.07852145979502428,0.20359502732753754
314,0.06582194282669432,0.39202380389364266,0.03308368556826093,0.08436084532902975,0.03611991195735923,0.07558968014781903,0.24415470659732819
315,0.06517311250218442,0.38897504339755185,0.03290646943151817,0.08377340856952298,0.03330010811138232,0.07678673228521501,0.28168246150016785
316,0.07152652613064475,0.47242471286028526,0.031548539940025204,0.09453085035720521,0.033895169311806125,0.08432517964888817,0.2580881714820862
317,0.07241243693344081,0.49725243889742365,0.03116296863091318,0.0977471786689861,0.03494501943031148,0.08302852823007686,0.23739385604858398
318,0.07444633500300339,0.5259915752103395,0.03139750098581425,0.10205379730360356,0.03529453314996984,0.0845476321113826,0.20567889511585236
319,0.06972431056553181,0.4988989622523502,0.03230734328134233,0.09896328884862918,0.03191233738835499,0.07722568109785133,0.18170742690563202
320,0.06805067344386292,0.5199251617132213,0.03134907471531678,0.10114565857216029,0.03092873185159797,0.07157426034983456,0.16298457980155945
321,0.07279058796678034,0.5445189978081423,0.033907000414936994,0.10685157147110917,0.030827663853615343,0.079704785999512,0.09689141809940338
322,0.07507801981072057,0.5637670071466587,0.034677765316936934,0.1102619427211829,0.031196951094513727,0.08268802239074702,0.10111981630325317
323,0.07556284639954684,0.5527413412500413,0.033772292396329534,0.10791072794685978,0.03435120398062297,0.08331863716220642,0.1562013030052185
324,0.07215105398024536,0.43812449614600807,0.03246487253592582,0.09041624733736613,0.03682890454993421,0.08707589054428691,0.20195645093917847
325,0.06561798949817121,0.3490798991777812,0.033850983838942174,0.0788836860302049,0.03573356709460148,0.08015937463576528,0.27826324105262756
326,0.06557748549966774,0.38389350671331757,0.03306033482513155,0.08317935938058671,0.036044617521931104,0.07601710533438322,0.24824510514736176
327,0.06645631048178699,0.38657841934111575,0.034522961451318314,0.08481659829271794,0.03686754248857629,0.07628123064128174,0.1835123747587204
328,0.06929245821408309,0.4465352212950404,0.032176939923506835,0.0913709801194402,0.03617722821050795,0.07894957780002387,0.19755132496356964
329,0.07303614374397532,0.4913490662653884,0.03165944989251195,0.09732939508863717,0.03582617238589415,0.08433827375571726,0.2512179911136627
330,0.07459891318384286,0.5171708353245941,0.03168358937495814,0.10103891022490614,0.03565135604378694,0.08554302827046142,0.2382935881614685
331,0.07100588421395594,0.4878058040176382,0.0353497337403072,0.09998631520849734,0.03360820237424383,0.07837097870348034,0.1965692937374115
332,0.06749697813325851,0.4829392423923496,0.03389590622266703,0.09804495424690739,0.031024942216003167,0.07268053046141415,0.14491067826747894
333,0.07366255407089527,0.5407973249832535,0.0357704075555798,0.10791711004524747,0.030888971040427766,0.08111670274499613,0.10785143822431564
334,0.0738611286529814,0.5597767333151331,0.037344422942672574,0.11197761013873839,0.030453877058172117,0.0784905524984022,0.10699006915092468
335,0.07373859993536191,0.5583425694429831,0.034680142992249835,0.10948906105664029,0.035324386259236444,0.07606938342085309,0.12365412712097168
336,0.07010119242308373,0.44414346118951664,0.03212549744893687,0.09098520655473398,0.036160357921690804,0.08152591024660855,0.1709839552640915
337,0.06481594267138131,0.36977219157090147,0.031498989237969954,0.07982373242838874,0.03369075856871077,0.07891866272383655,0.21720468997955322
338,0.06521032579879747,0.39375983738107123,0.03140322017096899,0.0831684512009836,0.03496731167397472,0.0759596034311045,0.2442193329334259
339,0.06519224241657096,0.40237448114731733,0.032410404484935915,0.0852624154367047,0.03181837422751628,0.07683297568937679,0.2649482488632202
340,0.07092174151478074,0.47143262203616804,0.03069355122998368,0.09365627563086716,0.03254822753243684,0.08460584889775605,0.24984164535999298
341,0.07315087376583268,0.5038279876328258,0.03058400532927491,0.09819028851549645,0.03525603060092998,0.08439937362916672,0.24071067571640015
342,0.07341132997367864,0.5238253425300757,0.02995399691228753,0.10050704628625728,0.03466918972996472,0.08360195091342199,0.1992494910955429
343,0.0692448994456519,0.49520097302616856,0.03175511498942929,0.0979616661375349,0.03238829023683453,0.07636726164796948,0.20526118576526642
344,0.06763391132167322,0.5179139481225664,0.030362061834568226,0.10001233130428225,0.030980984017618386,0.07137410522793827,0.17706768214702606
345,0.07173929424906889,0.5420712196480898,0.03232377647273269,0.10514483978349799,0.030178945880732826,0.07887474672873745,0.10036376863718033
346,0.07401197953052749,0.5449374852898025,0.03343032075662772,0.10650277283279554,0.03130979731069779,0.08294694483339393,0.14277762174606323
347,0.07396918607344961,0.5681098751584319,0.032883329006552914,0.10934426417110706,0.034105995804897815,0.0778962842229822,0.12450697273015976
348,0.07067299782755819,0.4622378737973286,0.0326355136788467,0.0940072794100584,0.03545602132216143,0.0810703558850927,0.1735144406557083
349,0.06452813206444273,0.36947124030528355,0.03219274083899879,0.08037538361989661,0.03369702539708919,0.07763900528735496,0.2342032492160797
350,0.06530220003056925,0.3946221686407565,0.03218455320892753,0.08396135541347453,0.03506645617780153,0.0754317149416989,0.19567567110061646
351,0.0661043647259973,0.41351142473582614,0.03291334421276285,0.08728449857320046,0.033776774887792564,0.0758583887181237,0.22850626707077026
352,0.06859854174869895,0.46147449069119467,0.03156549921999078,0.09298106943016275,0.03471208980510284,0.0769144754780647,0.1745709329843521
353,0.07167848652432929,0.5016022412722946,0.02999557064554963,0.09736795216365605,0.034699991045054765,0.08155638763428358,0.2506787180900574
354,0.0724097087651958,0.5096443867204508,0.02981526831599257,0.09836228523091517,0.03317517113060186,0.08403142478796102,0.2603621482849121
355,0.06945467159545907,0.4927258678752421,0.03188776643793049,0.09772178092897502,0.03178476999226812,0.07768211483142473,0.2020856738090515
356,0.06660563308730069,0.49278168493263547,0.03138020078337763,0.0972946985189859,0.0297053945312854,0.07204040957108954,0.15419769287109375
357,0.07245459115622054,0.542253903707492,0.03319312284047777,0.10591609153576552,0.028819630042384685,0.08135636929872506,0.11044254899024963
358,0.0728204976072334,0.5468657584034216,0.035308162277078,0.10838781886655566,0.02976778661594511,0.07937021362270369,0.1288612186908722
359,0.07187954835597442,0.5390952728126082,0.03332776555544828,0.10558026659218542,0.03277094389657011,0.07661144880126854,0.12112826853990555
360,0.069797372893885,0.4355175716161802,0.03323988436859578,0.09070812540396499,0.03439709355363104,0.08247570887028725,0.19371956586837769
361,0.06435625018512436,0.3616553475189873,0.033622364509003994,0.08048421922471591,0.032876848161760897,0.07778875404592484,0.19343942403793335
362,0.06541567101438718,0.38739747249397216,0.03380794946569236,0.08432073846973231,0.03401697024322645,0.07634760016572584,0.21711786091327667
363,0.0655679975435651,0.3990304654985015,0.03414302440177123,0.08626980170130413,0.03193516766060275,0.07688264505313548,0.23756733536720276
364,0.07086734768215149,0.4861029043152166,0.031278152534812254,0.09625311707487003,0.03287487886215378,0.08189820968102077,0.21533028781414032
365,0.07252649998410308,0.49975995684044905,0.030655270456809686,0.09767022565447245,0.03531090430540151,0.08308938624139375,0.20384925603866577
366,0.07270816452865038,0.5035189036324184,0.0319969334485562,0.09935721490339364,0.034105348834508276,0.08316770918312438,0.18988750874996185
367,0.06958572346160968,0.4984112465348603,0.03368282177300958,0.10007259673898826,0.03291715588363301,0.07499470597463301,0.1856433004140854
368,0.0670350043657108,0.5010934015456361,0.0315578672894864,0.09863437218322209,0.03057157544672315,0.07129105782950264,0.17560189962387085
369,0.0718167702802426,0.5370861192811547,0.03259001371737276,0.10466088594077015,0.029696556532725665,0.0799333561063583,0.11031850427389145
370,0.07383884844624598,0.561187204775428,0.0345407735790292,0.10977597803565763,0.02990146808880415,0.08083906786827237,0.09842982143163681
371,0.07421126959630932,0.5532426971261221,0.033908572820877926,0.10809916200734136,0.034229568942006704,0.07954335180917108,0.11457797884941101
372,0.07199232209356281,0.45551122273833117,0.03432962099605343,0.09449842124495025,0.034767393976749585,0.08487129743831034,0.18986675143241882
373,0.06837177090888392,0.4231217719990481,0.035348822023458897,0.09074495773425736,0.035042706202152815,0.0779581640550719,0.20791365206241608
374,0.06749070064939867,0.41694026667435713,0.033498363849099606,0.08827577853842213,0.036535788925374194,0.07638930525502458,0.20191071927547455
375,0.0687770139607212,0.44169362903623793,0.033249675053198736,0.09159881133649006,0.03766782001160364,0.0760284859624013,0.17441631853580475
376,0.07026174518506247,0.4780247860245318,0.032961511031653914,0.09654197888777934,0.03588798164981609,0.07734358378852577,0.1852988600730896
377,0.07238946457649718,0.5023452847910452,0.031334290556605804,0.09862157544724003,0.03664143855593243,0.08071589033259136,0.20447629690170288
378,0.07413657129261998,0.5131816493054042,0.03285789397686833,0.10147557330951631,0.035248860811850906,0.0842416911985086,0.2276586890220642
379,0.07100808780382263,0.5100350486872649,0.03344816284695106,0.10153200368128161,0.03478275103503641,0.07599683108373398,0.18092277646064758
380,0.06845116649770645,0.49637322067352857,0.03319821100533881,0.09936606952936591,0.031645904184594106,0.07360523086897772,0.14295175671577454
381,0.07312355360996382,0.5410081006913625,0.03471727381469791,0.10704453479707858,0.02895083822494585,0.08209382103312914,0.11240777373313904
382,0.07380026457629996,0.5496012010656244,0.03624414668388319,0.10958086873841764,0.030631597901656007,0.08026481927476042,0.1132206916809082
383,0.07318376074032362,0.5494766088988756,0.03335840567237069,0.10708957756187139,0.035150902101715537,0.07679492233025141,0.1238183081150055
384,0.07016970772519356,0.4364092662252691,0.03436128801798675,0.09179671347616994,0.035208016561817594,0.08183755746104321,0.16084416210651398
385,0.0640444344395764,0.35643948607247145,0.03413809801921272,0.08018115345539255,0.03416531845095165,0.07606903179078395,0.17987069487571716
386,0.06443087214785974,0.3738446521950824,0.032779836452383644,0.08150338155848347,0.03487292353524698,0.07535563144960011,0.21131479740142822
387,0.06514436760896948,0.38091416597513217,0.033285119317422174,0.08294641169709505,0.03240521572873207,0.07821433692706733,0.23405824601650238
388,0.0714275358345954,0.46428996984684345,0.03128914898875285,0.09314640911133722,0.03309861822675176,0.08596132462430947,0.2323988378047943
389,0.07229227698619616,0.4930853039444328,0.03067033731666613,0.09672961826348993,0.03454562655165067,0.08393792249879138,0.2128080427646637
390,0.07346722937635762,0.5075487938273245,0.031140605575393502,0.09919891818281223,0.034452168416644904,0.08509018001045848,0.19358472526073456
391,0.06938129034440775,0.4956207052690579,0.03279934239880964,0.09891667995170225,0.03295188262613478,0.07541355619151391,0.18486443161964417
392,0.06828689203754085,0.5136192063767808,0.03142034486186249,0.10030589650685082,0.03142403748105067,0.07252526086382353,0.16142241656780243
393,0.071291378715239,0.5381079799610629,0.03227533315376103,0.10453713984051845,0.02915366584731618,0.07907183649005192,0.09726393967866898
394,0.07625474777093545,0.582185982773681,0.03457563568820727,0.11280568527184635,0.03087817029408303,0.08397718274988424,0.08742494136095047
395,0.07611541202119529,0.5737805442685667,0.0321459051567406,0.10952228217271576,0.03374528431754148,0.08395826237931195,0.12182968109846115
396,0.07237115111290499,0.46121353429862844,0.03257199492095004,0.09380650054633266,0.03481001496380772,0.0864812144891159,0.21665868163108826
397,0.06788911505412455,0.4225999001087564,0.03354734829572689,0.08912628426901684,0.0342877453557096,0.0787077904772069,0.23813961446285248
398,0.06749731110854602,0.42141444180197507,0.03410987959436649,0.08943910276688201,0.035519895748840506,0.07627848184724437,0.2101553976535797
399,0.06900014340010359,0.44983435322749327,0.034532998786973725,0.09386176370704793,0.03485820548247774,0.07712042130944988,0.18992775678634644
400,0.07155983897313158,0.4761300803830213,0.03255183996849682,0.0959201600277146,0.03693498884656029,0.08054130191112129,0.16421541571617126
401,0.0744710481092786,0.5049501028449263,0.032110261900482086,0.09965881060683124,0.036671227411934355,0.08550659903409624,0.22052083909511566
402,0.0762632562670082,0.5163301766525389,0.03496768554751368,0.10373375570537444,0.03468680828058475,0.08860596124655823,0.20289190113544464
403,0.07341735309919818,0.5245813188768254,0.03514111960731941,0.10506114807439171,0.034557593440821224,0.07973132219698373,0.17819233238697052
404,0.0710549308711835,0.4961035172491709,0.034266231211973995,0.10024298636014496,0.032661787978406694,0.0791093823495219,0.1357661634683609
405,0.07546426646938754,0.5427918407146819,0.03483993014194952,0.10740448879519701,0.03182508937121701,0.08570085189520352,0.10902965813875198
406,0.07602802526227355,0.5585008401682475,0.03592938593312298,0.11058245082385507,0.031330127260340304,0.08490356364758131,0.11423489451408386
407,0.07356342631070169,0.5385587498635573,0.03342562155741965,0.10558749702972503,0.03508995750700503,0.07920664963479083,0.11463306099176407
408,0.07129535148023913,0.4303835179070185,0.03463929930526449,0.09117418767694363,0.0352462695260405,0.0854443165180465,0.18103455007076263
409,0.06604361438701578,0.3642970336635415,0.03489442468780245,0.08195194025576517,0.03379527873474155,0.08034112294760001,0.1922428458929062
410,0.06605190417251991,0.37908228470105004,0.0337986700761081,0.0831249007368141,0.03445752115413697,0.07875811731984757,0.21005626022815704
411,0.06696185974129797,0.3804635735689839,0.03243372785230993,0.08215227724040622,0.03341768278909244,0.08302139926275806,0.23988895118236542
412,0.07417800942501507,0.47791419222480047,0.031430159809268644,0.09521359301148748,0.035201947328639994,0.08987592812117991,0.21955645084381104
413,0.07496287115163314,0.5015946522078557,0.03068482368052247,0.09795765632728437,0.03690531203628289,0.08814279834886979,0.20183904469013214
414,0.07460693953430252,0.5008122425455941,0.03269859471137997,0.09957197297341057,0.034584199191796124,0.08778243307477601,0.18469621241092682
415,0.07197054335467003,0.5085499607205428,0.0337871797012361,0.10161043413256564,0.0331590092670012,0.07999573125072157,0.18310603499412537
416,0.07121402261237181,0.5250280622402975,0.03305963780471952,0.10334084129551638,0.03244569093339547,0.07702534648372457,0.16410385072231293
417,0.07483594627509828,0.5555606244346554,0.032925743944595576,0.10758786972888983,0.031394624734741985,0.08418916960084244,0.10884509980678558
418,0.07607664195454,0.5668423403681093,0.033325699403208286,0.10954236239819415,0.03245303934353004,0.08496478885097633,0.1090879812836647
419,0.0761205649392952,0.571700239137588,0.0336737663144593,0.11053469100347771,0.035891261758616254,0.08120884491622957,0.10560797899961472
420,0.07416152734146407,0.4731624189561914,0.035115978145423166,0.09769404111839006,0.03691346196096658,0.08616263499458912,0.16671645641326904
421,0.07066983100839869,0.4319335723100256,0.03512438509287623,0.09181141183818328,0.03513849757405929,0.08326086453738417,0.16185113787651062
422,0.06870116058076725,0.41552403521624726,0.03422025135187757,0.08869222047535896,0.0357366890920614,0.08005289572561715,0.2617693543434143
423,0.06940740266843069,0.4359420829462254,0.032454737842741194,0.09009578714323893,0.03457703520561269,0.08178163778293925,0.21465755999088287
424,0.07377584970956916,0.49681590063829356,0.032130077711561324,0.09851376670109449,0.03663817444316198,0.08462563820009072,0.2405685931444168
425,0.07389786941927155,0.4931679921985904,0.030299898345805664,0.09642391175334633,0.0366573153182672,0.08677306721533493,0.2955138087272644
426,0.07556613732139103,0.515243920424917,0.03199938874507091,0.10103432184219178,0.035559020813667394,0.08828770280994855,0.235120952129364
427,0.07298215622192546,0.5176640475454164,0.03266776408809357,0.10195294743913967,0.03351940606950289,0.08216262029023277,0.1841093897819519
428,0.07035856173650236,0.5125679400729931,0.03241183949585407,0.10100556814973106,0.03149130995281701,0.07755127643565192,0.14230594038963318
429,0.07514205205763846,0.5577383819879329,0.03322241158555863,0.10815326450018352,0.030855595824121278,0.08500789037473909,0.1329384297132492
430,0.07602987372542493,0.5694510141531486,0.034265588732120135,0.11072064950655279,0.03186988197261673,0.08431543770064523,0.11840429902076721
431,0.07505968745633784,0.5559982003768393,0.03270301975531782,0.1074594741298209,0.03607158800072098,0.08082446114070489,0.11865734308958054
432,0.07233310110975331,0.43753913614084483,0.03488659060176553,0.092408382821634,0.03624564300899619,0.08634375545002021,0.1619640737771988
433,0.06523784821275545,0.3603921410618407,0.033806829929019365,0.08046187437656527,0.03309877291528411,0.08003851620470927,0.15831997990608215
434,0.06582602383086802,0.3856309021438401,0.032161625318050564,0.08265723629316335,0.033844230411930305,0.07908278216793012,0.20069226622581482
435,0.06764976390339007,0.39962549220520555,0.030898758187263425,0.08357400590411232,0.03279945043772981,0.08421007643521086,0.22942008078098297
436,0.07423954050074417,0.47634941643130335,0.0314648778743093,0.09501981195387987,0.035287207527450015,0.09014009433088283,0.20227818191051483
437,0.07506432229977399,0.49667736469101004,0.030902953760348812,0.09744215532187184,0.03628555322322553,0.08941514134741824,0.20956312119960785
438,0.07495766729135155,0.5010872506037579,0.03263703297955776,0.0995584926401578,0.035429415353288786,0.08801916555695102,0.18096888065338135
439,0.07121925431075145,0.5002737173304399,0.03246154440475188,0.0992918548227073,0.0335831121336965,0.07958735326771316,0.17083004117012024
440,0.07120438451250485,0.5277298244955118,0.03187822460600833,0.10271416744736596,0.032210191833608764,0.07775324303853545,0.15267056226730347
441,0.0742334921487746,0.5534148219906134,0.0317222340892847,0.10624974664661739,0.031342431849333816,0.08374894722517286,0.10683384537696838
442,0.0756204519208266,0.5615643220134869,0.03278133125264193,0.1083217585041912,0.03184403860169731,0.08531117031462068,0.09573497623205185
443,0.07627766566569205,0.5574913321093832,0.03167820021897728,0.10679436191760669,0.03607381393683499,0.08475392670801668,0.10013625770807266
444,0.07439605890563866,0.46018174779428467,0.0340908184351115,0.09496095120070766,0.03572370874677367,0.09024008453646017,0.17538781464099884
445,0.06918667813543485,0.41135908076882927,0.034293514927269064,0.08816002433320624,0.03416514020040108,0.08322884590553942,0.20442333817481995
446,0.0670087080454338,0.40611832391120806,0.0328201591232954,0.08614846837871148,0.03548044367208039,0.07784864908050007,0.17200015485286713
447,0.06939898624737094,0.4360708859323604,0.03210693882460087,0.08981607412570937,0.03514115845348673,0.0815096336734735,0.2201583832502365
448,0.07387871052771972,0.49057964058667186,0.032537996166850186,0.09797251679825328,0.03820018825739367,0.08401533702753813,0.21655488014221191
449,0.07595402674861254,0.5014295421639294,0.031466787885660485,0.09860432421112746,0.03859075376177008,0.0888278803323991,0.2885982096195221
450,0.0766927673695736,0.5143617773596719,0.0329163426482943,0.10169426189277682,0.036241976010163164,0.09021090210125493,0.27056729793548584
451,0.07271790631595954,0.5195483932942444,0.032462427108153974,0.10204613656330974,0.033489549161771597,0.08138051735944257,0.17572978138923645
452,0.07068653916350359,0.5180715423284197,0.031253459744011225,0.10079890011321245,0.03245489218159436,0.07779091444167886,0.15782688558101654
453,0.07501726016354943,0.5546833069874917,0.03297985345685439,0.10750891824694543,0.03101752651408779,0.08508682628385683,0.12759079039096832
454,0.07541811415552156,0.5555974337703262,0.03327071879365011,0.10788882093317527,0.03258449025042785,0.08448566664203158,0.132255420088768
455,0.07517969136720191,0.5550357423021375,0.03170449310160958,0.10646610013025641,0.03748368647107399,0.08078808798364118,0.1139267086982727
456,0.0729327647984538,0.4534942861278091,0.03449061615700132,0.09434828329568815,0.03647933034824651,0.08609094125730511,0.1586129516363144
457,0.06589256035571833,0.3623884623138014,0.03380836521716395,0.08074837908811215,0.03332197599884997,0.08139298027713357,0.17035649716854095
458,0.06639390155505302,0.39067958753588206,0.030889410085592067,0.08228800686420493,0.03421045235292008,0.08064707746141143,0.17980961501598358
459,0.06790571794632658,0.39045347649402623,0.03128083307299955,0.08259121070457479,0.03272624390980801,0.08583795156481312,0.21984796226024628
460,0.07426756381890676,0.467165306020774,0.031491673192623366,0.0937307635966449,0.03562999884107388,0.09104513336898964,0.19716179370880127
461,0.07589976997604907,0.4947422688736458,0.030441636574356237,0.09677029833139761,0.038118002200592804,0.0906971044686433,0.16178449988365173
462,0.07500386440631962,0.5072261384256123,0.032191871728431604,0.10005390982802884,0.035975784381401914,0.08723464468412705,0.14989401400089264
463,0.07102230331578231,0.502210631165688,0.031210988208124967,0.09849665148777682,0.03315331925911648,0.08011760971486971,0.1398320198059082
464,0.0709228939012072,0.5238921197706984,0.032043600710101545,0.10230767486161539,0.032326684665545356,0.07723289364205417,0.13198450207710266
465,0.07489257439130605,0.5565442351817766,0.032833573239964574,0.10764938208879486,0.03199428373398122,0.08376637198116257,0.1043296754360199
466,0.07593998370795184,0.5617319004002926,0.03162709119339555,0.10735634965152371,0.03448743472354647,0.08472164386868115,0.09233924746513367
467,0.07616748809497949,0.5648320703184883,0.03121527939863571,0.10744624953004323,0.037176441761626614,0.08291573738098251,0.08954346179962158
468,0.0737617984194057,0.46268573868849827,0.03344783652445122,0.0947675368336008,0.03712076511541155,0.08744268144797984,0.14611147344112396
469,0.0695066129634068,0.4055696964432884,0.03472782399480382,0.08770523434458732,0.03609744775212831,0.0828158388147425,0.15048745274543762
470,0.06754969794947754,0.41233761593345625,0.03301723766327972,0.08720586313044779,0.03542352418331123,0.07846095546152411,0.1819392442703247
471,0.06966606039169178,0.4296500875018458,0.03269226160323547,0.0894005224458941,0.0348951322885108,0.08282296818454811,0.17240242660045624
472,0.07408509336254526,0.4936360257057479,0.03373725855296039,0.09943708243193003,0.037155165895030255,0.08421578946090927,0.18881845474243164
473,0.07570194430516966,0.49576650612482376,0.03208133525721703,0.09832207395258942,0.03881105207450076,0.08818886156551267,0.2437715381383896
474,0.07628283783037465,0.5153997784918867,0.033276215233557345,0.10215100998474726,0.036055758267266404,0.08884688181301836,0.2079223096370697
475,0.07271746422752644,0.5155905283204092,0.03283451885895866,0.10179966306773729,0.03369424338685009,0.08141585847793376,0.16271375119686127
476,0.07096212730535485,0.5124810467641868,0.03241406626369561,0.10099506347805151,0.031318031429486214,0.07937189204563033,0.13964135944843292
477,0.07454766246315267,0.5522620986341794,0.0339149408249371,0.10796453479768602,0.030022209765637114,0.0842676702807621,0.10887759178876877
478,0.07473841900144741,0.5546043608498227,0.032394704503049966,0.10699608398116037,0.03258681022907235,0.08339561982002675,0.11673490703105927
479,0.074931651090069,0.5530919575972097,0.032234297375137715,0.1066425345497194,0.03723401718941557,0.08017005772594663,0.11652898788452148
480,0.07216619107762243,0.45273713293317996,0.034507302478984155,0.09425442111529783,0.03696600656168352,0.083639151246103,0.16455647349357605
481,0.06678794087886772,0.37145832051718736,0.033935583878616955,0.08215311768412702,0.035625314400925215,0.08061070934246553,0.15742431581020355
482,0.06654624562638033,0.38121451411173213,0.031233432234471396,0.08123072964550866,0.035737680434201925,0.08065481665279914,0.16784466803073883
483,0.06793362526905258,0.39042546770967834,0.032130054981851126,0.0833151139429693,0.03315389868792156,0.08490708343786513,0.1773674339056015
484,0.07333980492945161,0.45772074442288346,0.03291312976500753,0.09359993185898981,0.0353826932115966,0.08882466661922879,0.15792983770370483
485,0.07480253902361084,0.49219297920356664,0.03148468275578269,0.09730015367689468,0.03691965238241525,0.0882646520130336,0.15157969295978546
486,0.07427690351727784,0.5010692912977535,0.0337965407418389,0.10054979082125527,0.035512740532889844,0.08520676973763708,0.13301146030426025
487,0.07129907454334238,0.49994463721612903,0.033023690160181744,0.09972668259674565,0.034300718712684926,0.0787984788484398,0.13199923932552338
488,0.07008630211046542,0.5188907599245591,0.03194137824892812,0.10150557563116111,0.032390323729439625,0.07557841886325428,0.12321172654628754
489,0.07451101245679342,0.5572241845816108,0.03353439606667156,0.10834722299737716,0.031258196508402135,0.08275054218862507,0.09712821990251541
490,0.0734940949860532,0.5558227220307892,0.03173553394457936,0.10660513224260934,0.03157074989487226,0.0812048643413499,0.08688961714506149
491,0.07476701143578814,0.5691175426146244,0.03191564873390529,0.10865877643115092,0.036211713665444255,0.07884760261389663,0.08176986128091812
492,0.07218804063551071,0.47867279576198457,0.03412370125600974,0.09763071475686327,0.03641494459562407,0.08122715981422798,0.12895138561725616
493,0.06679045071420421,0.3831841388513187,0.034822339644519106,0.08458831095977619,0.03397589801197383,0.07993005661378033,0.1893237978219986
494,0.06698052524143651,0.41057914765937115,0.03301299970018993,0.08695102083721581,0.03369492131919026,0.07863124502709508,0.1989365518093109
495,0.06792565930787534,0.41011239345036565,0.03342167567493684,0.08723463535714096,0.03354452792242635,0.08111379522703577,0.1844351589679718
496,0.07357532412547808,0.4803120250228844,0.0343739421855866,0.09807938259091485,0.03629667386279751,0.0847530919480664,0.18564555048942566
497,0.07486066932711427,0.4903820570648733,0.0334861025908828,0.09875695323002429,0.0381001254748863,0.08611689678276746,0.21408163011074066
498,0.07511222681471508,0.5089524089797088,0.03428120649119846,0.10209137827527137,0.0371728737878107,0.08470240318526963,0.18408317863941193
499,0.07221599354075638,0.5076336006243021,0.03369898098782182,0.10140392665017615,0.034610918849579266,0.07958099242479402,0.1462411880493164
500,0.07069884297137939,0.5130668816506613,0.034513196259056175,0.10287800845785691,0.03239373701123987,0.07605904088583366,0.1298835575580597
501,0.07521673877874972,0.5472646242554514,0.03627171371229585,0.10927070093274667,0.03207115333121834,0.08317190916059237,0.10627072304487228
502,0.07393760044931054,0.5423837077241552,0.03416196580541043,0.10676507179380254,0.03277448926199623,0.08123128531178006,0.11630094796419144
503,0.07450895025703455,0.5435505109797458,0.035280489515696754,0.10789049258198948,0.036605341254545905,0.07846575859987656,0.09818052500486374
504,0.07187592038101714,0.4531693709274194,0.036292650552302595,0.09584646774874783,0.037261432461395134,0.08118936836392207,0.1306491196155548
505,0.06430830645119895,0.3555471889564632,0.03535875325105078,0.081099958351824,0.033491368681545015,0.07658043158659929,0.13452818989753723
506,0.06591711670284517,0.3712063608921777,0.03623127267794389,0.08408485670854872,0.03461928910595337,0.07740594334513491,0.15310239791870117
507,0.06889563978180578,0.3945754197125786,0.03405717831709316,0.08555978423073395,0.03371904999724928,0.08509402945048056,0.19506700336933136
508,0.0738803636854211,0.4542339344696058,0.03398788284514584,0.09402303307721156,0.03461242686483811,0.09061497268561458,0.17168301343917847
509,0.07548169225620333,0.46813900498418604,0.03621386909718527,0.09791745993818537,0.03827729089435803,0.0884042467260837,0.16957987844944
510,0.07601251902312972,0.5060903671513398,0.03624779304564771,0.1033681607750323,0.03796596294874093,0.08536706905530514,0.13506311178207397
511,0.07144238488525505,0.48727402180883017,0.036809595699603376,0.10116165657235007,0.03420349434381749,0.07802205138280477,0.1365179717540741
512,0.07063829709261517,0.5125517554729164,0.03693165380841804,0.1048773826176321,0.03250567143633528,0.07404514470747024,0.13351760804653168
513,0.07474727333821339,0.5400841717510328,0.03963169933780048,0.11112490968254797,0.03138435078158919,0.0808593987739668,0.10526983439922333
514,0.07604588061033636,0.5529240195451754,0.03939369433122142,0.11275516936178628,0.0320742889521265,0.0824003956537513,0.09343240410089493
515,0.07693763289035765,0.5511236766171467,0.039732887769727686,0.11278871474793041,0.035037015334453574,0.08223097662639758,0.10531491786241531
516,0.07402102975525746,0.4628719527743136,0.040629535935579504,0.10094988119825579,0.037708807936333806,0.08223147883419209,0.09645374864339828
517,0.06891372435182573,0.4003415895098249,0.04115149615630711,0.09246436663538107,0.033551095481032474,0.07924921261565888,0.1353529989719391
518,0.06911694028453974,0.4159667252642068,0.04213361028226703,0.09553834099397271,0.033721888831952006,0.07696888468480012,0.15690778195858002
519,0.07045718221571137,0.42904310439556137,0.04082296985943254,0.09628298907887951,0.03352629522348761,0.08017412732863505,0.15210075676441193
520,0.07281085742835508,0.4785256746773125,0.037882919401738054,0.10083188444110583,0.03494988926317155,0.08142080593673373,0.15568941831588745
521,0.07536889717609993,0.49702441393993124,0.0379023353029766,0.10349120367968442,0.036225301593946116,0.08501252511984811,0.17732910811901093
522,0.0761167394332626,0.5098746521885571,0.03785231405449147,0.10528407664507225,0.03678331239836318,0.0850120680284661,0.16683520376682281
523,0.07198567673710793,0.5092386446832616,0.036879769889611703,0.10435960914584741,0.03226947083989244,0.07841016603952447,0.13465119898319244
524,0.07044452486018575,0.5143975577572634,0.03706924958669584,0.10525900789677692,0.03138920657045163,0.07415525570668584,0.11349105834960938
525,0.07496686731864456,0.5409339339423361,0.03980572854322475,0.11139547217166923,0.030060659534276075,0.08238476988357038,0.10636721551418304
526,0.07471856740029859,0.5496016104287843,0.0395016014117139,0.11237303127129539,0.030601000399023023,0.0803737826392925,0.10722872614860535
527,0.07465440280687345,0.5380618104556132,0.04047497549796743,0.11155880906334541,0.033813409183546625,0.0780989167528715,0.10562154650688171
528,0.07218312520823106,0.4562859310368025,0.04101494224567117,0.10033936921583278,0.03519789140084688,0.07990849128304073,0.12266281992197037
529,0.06554672364281922,0.357991153751392,0.04137714866358358,0.08660772081898478,0.03242852770349407,0.07609677256058385,0.11819980293512344
530,0.06735081976520947,0.38324285205793734,0.04146655430824823,0.09029173970106096,0.03245821427528533,0.07780854462502307,0.12689311802387238
531,0.06889241571341695,0.40604029391214225,0.038998126607169094,0.09143272193645095,0.032190557765626966,0.08128377347257842,0.13202038407325745
532,0.07292476387826387,0.458615598381794,0.03770787995199302,0.09783755401339314,0.03314228652349772,0.08593574019544611,0.11523974686861038
533,0.07428015239692037,0.478344749742849,0.037909398282414346,0.10082873420533359,0.035263509249598125,0.08518970606846579,0.1181582510471344
534,0.07465482857166049,0.4989307708139634,0.03773348686689368,0.10361881314504649,0.03570080319067606,0.08339611427830908,0.10714222490787506
535,0.07099076234791118,0.4977355993287339,0.03720372223934939,0.10299399039497574,0.03288988020044618,0.07632620968576158,0.10926410555839539
536,0.07046683012245372,0.5111261055532343,0.03808980907137744,0.10566642285449986,0.031113863150482528,0.07410103258238816,0.09817328304052353
537,0.07430551397711103,0.5389199163058285,0.03977126209255862,0.11107821269445432,0.030582787779560323,0.08038678802229254,0.07851564139127731
538,0.07543094129768235,0.5605324784742287,0.038930739592998094,0.11344527371888821,0.031074650926022008,0.08098015450433002,0.0700489729642868
539,0.07677968314284023,0.5565902223127632,0.041410043014351854,0.11500721148555347,0.03359955361724935,0.08111320917785816,0.06944317370653152
540,0.0750419760187358,0.47196875540383715,0.042418513526677325,0.10378283379484302,0.03708612915021066,0.08310509147460146,0.11618917435407639
541,0.0712783010566352,0.4374474418487162,0.043465349960743506,0.09974850594473961,0.03432078348633611,0.07870469965355556,0.1242905706167221
542,0.06978578878802096,0.4338285915750938,0.04198640053155841,0.0979638563949206,0.034186995275111494,0.07627892395577954,0.14309769868850708
543,0.06927869394031384,0.41929821706647274,0.041456872090316225,0.09543420708691001,0.033739612960973726,0.07748931579396479,0.11736836284399033
544,0.07123415050007263,0.4639290897775382,0.039355340867795,0.1000087335691869,0.03364109029859387,0.07895031799089157,0.11789049953222275
545,0.07400761668980958,0.4877880690870471,0.038114284006389616,0.10235339616076924,0.035016065097824754,0.08332266729570656,0.16510654985904694
546,0.07608269304196108,0.511100611530407,0.03885733707647072,0.1063206619984616,0.03486398127655183,0.08569084299975618,0.16667050123214722
547,0.07255626335015736,0.5111193596705912,0.03889581045183712,0.10635631748308769,0.03208511739113283,0.07839346869798977,0.13113118708133698
548,0.07112778784530334,0.5015653495194365,0.03981848598484333,0.10578232363264238,0.03170447337837,0.07530046918994837,0.10047315806150436
549,0.07449380129377481,0.5336109431111081,0.04106201200303377,0.11142614501847296,0.029320530227517405,0.08170461271763918,0.09076094627380371
550,0.07505853325131352,0.5538069465149618,0.04005953298472117,0.1134520206318984,0.02916266480758096,0.08162311668156776,0.11181382834911346
551,0.07359914903019263,0.5455222406736064,0.040341093704980756,0.112509828986213,0.0322824003959456,0.07570445912364093,0.10380014777183533
552,0.07264247471250972,0.46615745556166827,0.04101808950199298,0.10175228465337516,0.03512005613453851,0.08000350726997724,0.12507422268390656
553,0.06742111831767321,0.3816834202232632,0.04294512824928942,0.09133631281699994,0.032500795221935455,0.07705060583953285,0.1311177760362625
554,0.06823442357504193,0.4055559745273325,0.03939417462182295,0.09170300317975287,0.03231399114485218,0.0791297947973359,0.13640135526657104
555,0.06857734651211095,0.4061581906906956,0.039286502576076764,0.09169674373530803,0.030498051456913474,0.08166725711511127,0.15295842289924622
556,0.07276158355352363,0.4662286467955789,0.037615226825333595,0.0988457153925115,0.0311896919017054,0.0863133733897502,0.12956394255161285
557,0.07436905095398375,0.4784951893825172,0.0378751413040579,0.10082086245812352,0.034134728836730535,0.08642874774045801,0.1605512499809265
558,0.07488664428866573,0.5079726175549913,0.03769858858976257,0.10488059272765238,0.03402621868914875,0.08439481180412974,0.14625772833824158
559,0.07021389614667377,0.4990413639554436,0.037078300307203965,0.10307302368552393,0.030930530265894058,0.07583510469586215,0.13989757001399994
560,0.07110562427698514,0.5173340183767672,0.03832119293516616,0.10675159656968058,0.030470328789237142,0.0754712820726561,0.1321035474538803
561,0.07444108765225367,0.5436184345987922,0.03980317839943367,0.11177678642791346,0.028709985452667723,0.08178706564818908,0.09417570382356644
562,0.0744894314650243,0.561695348379779,0.03902862097959461,0.11369529632247809,0.027842557961504328,0.08100031403033223,0.0777025818824768
563,0.07540660705121147,0.5592636272404814,0.039807366910834995,0.11401540410078449,0.031833407161027165,0.07975045953674628,0.07329069823026657
564,0.07417383682954044,0.48818278442568447,0.040766873927648974,0.10468343257022548,0.03530500049851907,0.08148817234608474,0.10985907167196274
565,0.06992281481428879,0.4149749416319355,0.041520252587737456,0.09487092245119433,0.034315589918630894,0.0792495424156971,0.10899321734905243
566,0.07005716357983123,0.4349833614687201,0.040502101484618004,0.09685656719663258,0.033570803414984446,0.07853325055937097,0.1462087482213974
567,0.06973415686376883,0.42936285808515023,0.039390639672925325,0.09510095658895744,0.03257093062567664,0.08005603006255944,0.13061951100826263
568,0.07309289171570009,0.48680563070963145,0.03806512990684793,0.10217091573581702,0.03267224428841705,0.08301768719697043,0.1343279629945755
569,0.07402403078545024,0.4965181766320498,0.03697437471902694,0.1026234892780302,0.03461677040584989,0.08348085743659309,0.15872667729854584
570,0.0751361018003981,0.5144739201933652,0.03759397749593444,0.1057196835955674,0.03432332606888634,0.08408664649469774,0.15537574887275696
571,0.07245612981662243,0.5241700717056297,0.03771256358419541,0.10720649331582889,0.03216768149256399,0.0773019540383679,0.11182989925146103
572,0.07044775737727091,0.5103898716767318,0.037835305808718696,0.10534310093272056,0.031883791022882114,0.07365780232634267,0.10638277977705002
573,0.07468572091410208,0.5397546255596422,0.039546457772662615,0.11100476745651681,0.029754553811706202,0.08222132640408558,0.09797199815511703
574,0.07581730123878616,0.5746205751661,0.03918140912251808,0.1156727185573155,0.029929107571284894,0.08109598054413664,0.10145789384841919
575,0.07529356190362825,0.568225134612552,0.040042039223594034,0.1154967671363023,0.032985432302165114,0.0771353707263187,0.114461749792099
576,0.07322864198346403,0.48274333023818167,0.039848514742509944,0.10311920267046304,0.03503159836309998,0.08049681455015845,0.13965526223182678
577,0.06724808678547668,0.3843849123688301,0.04081830120708075,0.08989924565875922,0.033612075442816865,0.07685983269618178,0.1087626963853836
578,0.06824752059994837,0.40719590509433645,0.03888663504963046,0.09150224505601702,0.03420179503718064,0.07768964656831007,0.10661161690950394
579,0.06823870222805493,0.39932394391017084,0.03842229084904487,0.08997966985777715,0.03126470188080179,0.08156760585589447,0.10665067285299301
580,0.07237638080952907,0.4615909077339582,0.037252904924178036,0.09787261961128949,0.0325222842573905,0.08493950634110996,0.09078279137611389
581,0.07359437371749103,0.48921402038968376,0.03697158717423493,0.10157764906215619,0.034191109802011885,0.08358686371695329,0.09287573397159576
582,0.07425091583937243,0.509373442851091,0.036931758460952174,0.10442342765954342,0.03425964366640532,0.082842331148069,0.0905122458934784
583,0.07104037116314216,0.5132639538133705,0.036476069622017,0.10458862450649609,0.032175476718994275,0.07569243212633689,0.09392847865819931
584,0.07053302128243222,0.5155083482088904,0.03737508471332012,0.10567983664125871,0.032002810782150504,0.07349349203120552,0.08444869518280029
585,0.07515004707820738,0.5472446902289257,0.0394124512003844,0.11195991391874745,0.029722468565410748,0.08269054479143187,0.07787948846817017
586,0.07587485462017907,0.5710628949350375,0.04006586684609361,0.11592258514451416,0.029242351277483456,0.08163653083624452,0.06903797388076782
587,0.07518251930521304,0.5644245647100464,0.040067232158942104,0.11497542252338559,0.03244284889110887,0.0777609406016532,0.07668428122997284
588,0.07360181349984472,0.4994390852171355,0.04033686450641342,0.10592289603651658,0.033320808326941835,0.0805667458065469,0.09747468680143356
589,0.07022718684512862,0.4373678888925431,0.041368378850931815,0.09793973742830486,0.033909736658432534,0.07775647399820845,0.09882829338312149
590,0.069506864968799,0.4446717885110791,0.04010517439078149,0.09790040497939542,0.03415708245848785,0.07559357715604935,0.1427515149116516
591,0.06877218091964822,0.43238430195969313,0.03863787210632876,0.09488736208538082,0.03222727694084708,0.07789818838108321,0.12125702202320099
592,0.07279444625290206,0.48537640275420385,0.03943508849103854,0.10314099052863357,0.03293105983255755,0.08112168312943842,0.1353708803653717
593,0.07366071835619334,0.49523421696700165,0.03755876288675179,0.10294097061250176,0.03392733764612226,0.08280720575323562,0.1535167545080185
594,0.07574380309539878,0.5202176866022823,0.03924713918812841,0.1079572173901504,0.035230574461059865,0.0830061406425377,0.1220414787530899
595,0.07228997939781658,0.5215583428787215,0.03804169056404682,0.10711549803757177,0.03233459855028624,0.07677860882961984,0.1121535524725914
596,0.07089393485458596,0.5035366055399768,0.03831339327199482,0.10477385216742083,0.03185383068734296,0.07540909835219307,0.08228854835033417
597,0.07366060856179715,0.5258723621330652,0.040701850697712455,0.11001192375990569,0.028420645157647827,0.08143817574208287,0.07451961189508438
598,0.07679317118411057,0.576911675456178,0.04116738030940012,0.11770227961608269,0.02876874356675229,0.08301907547132345,0.08889157325029373
599,0.0756715413462094,0.5693004507667786,0.041791107023753576,0.1171495847013286,0.032485448100051766,0.07716608500086805,0.095562644302845
600,0.07259405062895379,0.4832028195971512,0.04151096176722029,0.10460979860006758,0.033034530413816245,0.07919485134247455,0.09963681548833847
601,0.0674554493610063,0.3913018841997402,0.04214193315126108,0.09202192615818665,0.033079948529263034,0.07603834539124882,0.08136546611785889
602,0.06786504318991325,0.40320768038633237,0.03964905076882174,0.09158599785703755,0.03355481095178386,0.07713066106454271,0.09782832115888596
603,0.06815811569397141,0.39630985453376466,0.03932296788852756,0.09032109455213286,0.03217751670270137,0.08024853331044143,0.09730462729930878
604,0.07250562627682969,0.4580543574332288,0.03980119788912322,0.09955164925256688,0.03201864678521329,0.08426646322822401,0.0743054673075676
605,0.07440100129598515,0.49222354525042783,0.03926995546650043,0.10397761114991863,0.03452171788980564,0.08341584065420043,0.07892993092536926
606,0.07492743504487832,0.510238277508592,0.039978391121870266,0.10715837489140194,0.03450336368079577,0.08209642512274239,0.07923635095357895
607,0.0710984268793733,0.511412991137364,0.03882102770581458,0.10633416533889307,0.032089575809986635,0.07439990041300684,0.08566967397928238
608,0.07064386926418839,0.5085343799763722,0.038728205163041284,0.10584337299351712,0.031017326684666995,0.07451752825810695,0.09752201288938522
609,0.07352477993297984,0.5367470682269104,0.03962088298059984,0.1106389094443585,0.0297622331343333,0.07934214505933923,0.08570387214422226
610,0.07519488589158169,0.5576500442737158,0.04135133125663102,0.1151082902590717,0.029687081811448447,0.08008998564014452,0.07641948759555817
611,0.07677731769721977,0.574636260298488,0.04192430055738156,0.11802600909182534,0.03346725723414291,0.07858101563213213,0.07071782648563385
612,0.07493424282059234,0.5181821370679385,0.0416197025089599,0.10970005030309969,0.03417507591633002,0.08017843231462793,0.08167034387588501
613,0.07201148049129659,0.48154440167703716,0.043939462764145176,0.10645445403741545,0.033194760297112505,0.07583850880835367,0.08283639699220657
614,0.06980678571758442,0.4561720528448323,0.04260446625490477,0.10168555005346584,0.032097345587498875,0.07490862703751303,0.09550950676202774
615,0.06944584391279048,0.44215984917800183,0.04174666598870399,0.09894854930146083,0.0329119066263159,0.07559817182336918,0.10824870318174362
616,0.07149273753082372,0.47431200698478415,0.041426069868311086,0.10326691802780721,0.032810740664687754,0.07753707685383208,0.09884090721607208
617,0.07357785109893428,0.5002579922508811,0.040085178338774896,0.10582415175479008,0.03335495068292367,0.08055737588906976,0.11343478411436081
618,0.07554469598531895,0.5184945021942686,0.0402362137402855,0.10855882637656881,0.03295533383017649,0.08392302377872496,0.1315128207206726
619,0.07231887397082669,0.5216346916887151,0.04033860563567372,0.10909518935753677,0.030994943400844195,0.07629803725619004,0.10740574449300766
620,0.07095490731759213,0.5150305317031691,0.038798896457759885,0.10683198720710407,0.030850720265418945,0.07465362608492068,0.09372732043266296
621,0.07313284711416809,0.5228574986482659,0.04056477600865791,0.10946373638574479,0.029082351225851868,0.07988750290381516,0.08394482731819153
622,0.0756661342145195,0.5591529286997051,0.040671700180520874,0.11474044711183293,0.029252272979186478,0.08208823901028664,0.1031079888343811
623,0.07518672831401182,0.5683907375385524,0.04061007698313212,0.11600731420533503,0.03137156087470682,0.07780698716849589,0.10514983534812927
624,0.07300678202298445,0.5013527612707029,0.04053659193938581,0.10636747327243112,0.03262081403154183,0.07915389917223094,0.11475876718759537
625,0.06837263879994143,0.3990457569122283,0.04305039905790322,0.09390687875137822,0.03302236169266496,0.07696167131130112,0.10328322649002075
626,0.0685370533305401,0.4178389904908757,0.041705945814129626,0.09543923791080763,0.03220496455779231,0.07678821949896028,0.10777757316827774
627,0.06710061087189617,0.4071250151598729,0.0401344175359912,0.0925616457679743,0.030865797364003023,0.0765276671572343,0.10079286247491837
628,0.07071662259184146,0.45870747223718134,0.0396453045371934,0.09951132849433453,0.031047402357598324,0.08023182263212272,0.07902373373508453
629,0.07155963584360023,0.48222790156112594,0.03941808736140747,0.10267663224708153,0.03052669768680148,0.08023608487775297,0.07895667850971222
630,0.07401246137243897,0.511975659701799,0.04045858205876313,0.10781816457919684,0.032596281738062165,0.08067162824660555,0.08112633973360062
631,0.07113899988571916,0.5161021357210768,0.04101728472455316,0.10888654915262796,0.030733421761189605,0.07346477513613732,0.08639420568943024
632,0.07010520920355091,0.5027865442228887,0.04049196604411934,0.10653404864108638,0.03022481031776433,0.07312532372077062,0.08975707739591599
633,0.07330219150939311,0.54274081191463,0.040834146849903254,0.11253509900200706,0.02902943151810979,0.07771206244572881,0.07290485501289368
634,0.07491122774876241,0.5547008138584966,0.043120833486419895,0.11620368782528799,0.028675344371175464,0.0792367231371911,0.07226691395044327
635,0.07586492937052196,0.5737117303180692,0.04388815815517797,0.11957723989273385,0.030843551208237684,0.0770103635555853,0.0644758865237236
636,0.0726932432052164,0.5070582344873265,0.043029186987750025,0.10931905091626094,0.03069127698286857,0.07739738190260677,0.09089084714651108
637,0.07026000780089418,0.4563539924901773,0.04704590352161839,0.10551848765998395,0.030666227712421,0.07405339550160465,0.0630507618188858
638,0.06944715745591849,0.44837331775548633,0.04639238736675577,0.10381823456514586,0.030862623397410947,0.07313393228653864,0.10069118440151215
639,0.06937154252702443,0.4457668889114832,0.043559807206111266,0.1010179617354501,0.030668608870668884,0.07554599266896307,0.09859834611415863
640,0.07067607278494169,0.46636703106258054,0.04147671954654024,0.10217533547740312,0.03161610265391613,0.07729169179368525,0.09341009706258774
641,0.07133696064688134,0.487771993210696,0.03831129195201833,0.10251996356040086,0.03154127520269998,0.07887305786121046,0.11658205837011337
642,0.07261460143164955,0.5051979419433903,0.040149772470597755,0.10658522525242524,0.03156830256618017,0.07880581709575654,0.10588857531547546
643,0.06998133012957189,0.5249046461288395,0.03971023293122845,0.10902372053088717,0.029106605116866406,0.07158462291453835,0.08345244079828262
644,0.06907215825780953,0.5110323886727117,0.039888597730287835,0.10719485357920555,0.029544761099899584,0.07030127236475922,0.08378352224826813
645,0.07273864437995949,0.5305514321843005,0.041416803310853505,0.11129317886420306,0.029025047596956646,0.07725282389137383,0.08520413935184479
646,0.07436871158159199,0.5535516661877462,0.04227869329599921,0.11531768942339163,0.028600490233357263,0.0785855496497227,0.11365120857954025
647,0.07348075736171983,0.5606704730157621,0.04161596219084015,0.11576660659440045,0.031191266406036342,0.07348394386934733,0.0987485945224762
648,0.07116721029459881,0.48599358058982023,0.04154990905045508,0.10504186212750724,0.03249350654757877,0.07536638071944649,0.10535292327404022
649,0.06639759213552211,0.38850858514594294,0.04379211471630332,0.09303732477768042,0.032591129055446845,0.07266848126869944,0.09319901466369629
650,0.06695103572035575,0.3987722004536857,0.04268556165735098,0.0935550814853988,0.03209001854652787,0.07417588570304251,0.10394643992185593
651,0.06758428174105978,0.39202125354420075,0.04099290578543007,0.09113981260811158,0.03205594064025042,0.07806049069559765,0.12427060306072235
652,0.0714252351481274,0.4440263753802317,0.04061293491215632,0.09824342640759566,0.03143801593261124,0.08294813460966935,0.10552624613046646
653,0.07194432835310997,0.47891092229558474,0.03971724452096644,0.10245919848876905,0.03264170975101586,0.07963360826124063,0.10606048256158829
654,0.07403723403910287,0.5103693904439253,0.041986637289015784,0.10889845916828857,0.03372431219767713,0.07880746866231289,0.0989128053188324
655,0.07000074163948915,0.5142248263970673,0.03907525167945345,0.10695376235339829,0.031799841818962865,0.07109263585777915,0.09749249368906021
656,0.06978956504673971,0.501874688664113,0.039554029559548204,0.10559983800305746,0.03203236449245556,0.07149312669496027,0.10596563667058945
657,0.07426365880765357,0.5449820710195166,0.041090471833535494,0.11307498600296137,0.032213411517696355,0.07709771389047179,0.09021112322807312
658,0.074963549455744,0.5583564743476075,0.042205632384010615,0.11594146695023874,0.031051571167564733,0.077530852650218,0.07502538710832596
659,0.07501981164471404,0.5646645149687293,0.041770257598280965,0.11646943722263073,0.03173108034925799,0.07662902914756098,0.06972856819629669
660,0.07392777034399402,0.5184526323437246,0.042800375577981165,0.11075069797308738,0.0330332184244217,0.07749044159816312,0.08028184622526169
661,0.07090921241151998,0.4735336820917722,0.044098735102726584,0.10544658467259024,0.0323892750484508,0.07439395687576902,0.06545986980199814
662,0.06936814156568975,0.4513884578427543,0.044925829548589445,0.1029919193048987,0.031320283325617766,0.0732392120039449,0.15740884840488434
663,0.06905674184453758,0.43471557350807566,0.04286257448873099,0.09884157434863737,0.031647043494489636,0.07572849945974221,0.10151359438896179
664,0.07047785956760774,0.4623265174552158,0.04216799524556475,0.10219064127551492,0.030494214400025,0.07771486509482388,0.10034768283367157
665,0.07115616448825444,0.4745820818018609,0.039581770874331755,0.10172467243540732,0.03005474971862404,0.08037245795792226,0.13682565093040466
666,0.07377897871425824,0.5229645180512303,0.04257738682351758,0.11120411985604799,0.03040856774620514,0.0789810898122387,0.11824937164783478
667,0.06986951198404433,0.5191572502724902,0.040226000956291114,0.10864475085860527,0.028852059387879127,0.07183144899044805,0.10328049957752228
668,0.06927692434809193,0.5209456444971118,0.04099911926190338,0.10956290858121887,0.02805334165405801,0.07009732300138555,0.09514307230710983
669,0.07312633678081834,0.5375139973301281,0.041177060017864996,0.11208233677675973,0.030742820693978646,0.07612541336035433,0.09803687781095505
670,0.07470113207093393,0.5597932928745684,0.04246770778088719,0.11637136279427023,0.02898755130592685,0.07823906335739586,0.10401361435651779
671,0.0741531373823913,0.5642001188997596,0.04231724180096016,0.11687193852936009,0.029323904897278756,0.07599976480326706,0.08628293871879578
672,0.07258504588838424,0.5059669625555684,0.044444810345996864,0.11037654637593566,0.029738224982249355,0.07700845125464476,0.10661187767982483
673,0.06595156101701316,0.39597625799994096,0.04373120882274669,0.09405193013377444,0.02916207158805287,0.07355454129018729,0.08938464522361755
674,0.06604449912674225,0.39104630030911025,0.04476687688340966,0.09423536594422402,0.02796369989378603,0.07469818999028238,0.10681089013814926
675,0.06881431296784234,0.401856701530854,0.04296929494957267,0.09423892446118429,0.029969415843033205,0.08055706289537613,0.1399126499891281
676,0.07199456123582283,0.4440156074985269,0.04358947543689232,0.10079320858855442,0.028020142404902165,0.08527336127923829,0.0885084792971611
677,0.07224435325168578,0.48103307749267016,0.04158065843406458,0.1043595754424368,0.030085415351196767,0.0810326044977065,0.09771613031625748
678,0.07423596245498837,0.5139669333828247,0.04322473371021467,0.11047361937773038,0.02877214738935111,0.08230885083002172,0.10573967546224594
679,0.07117551823245183,0.522124378027334,0.04114800927134203,0.10985891909362659,0.02931334632596674,0.07395694289709834,0.10656468570232391
680,0.07027368520524692,0.5038631620112501,0.042527590241389336,0.10843267192279803,0.02829188418378013,0.07361864772117317,0.11254994571208954
681,0.07414149920624671,0.543433342864063,0.04316090117838414,0.11462839284776684,0.030303558503697998,0.07707366538464672,0.08390907198190689
682,0.07519103313815066,0.544888593130374,0.04446535840964449,0.11595439194117728,0.028188186991164006,0.0806505845641157,0.08171633630990982
683,0.0762382562461234,0.5700595645371587,0.04519243498347795,0.12017345349114662,0.029808713506037247,0.07842080855430344,0.06605364382266998
684,0.07553512887532579,0.5370858551815985,0.047623214707727325,0.11754644906113747,0.0294403933907381,0.07910811726175482,0.08054311573505402
685,0.07172365746852341,0.47791373092017986,0.04707964211346364,0.10862736908585166,0.03139708935210217,0.07471865690522976,0.0802566334605217
686,0.0707472267057614,0.47479510970080496,0.04791754225294436,0.10890005188835301,0.02981879141381857,0.07317588555144372,0.0877416580915451
687,0.06989517576768399,0.45104746460331807,0.04517445632513858,0.10315631465059279,0.030363603040674536,0.07538180538127207,0.1125631332397461
688,0.07082300991790193,0.46898424492795177,0.042809732485545475,0.10369180569160351,0.0261554400372094,0.08114693726151903,0.11490876227617264
689,0.07126398100859506,0.4964418005217739,0.038614748000319755,0.10401861264624178,0.027278127076558547,0.08109130051618614,0.17235872149467468
690,0.07288401006396313,0.5295534773680097,0.04006729380403958,0.10999389145603532,0.026015771462805565,0.08142257262191284,0.15863889455795288
691,0.0693690534107105,0.5213386785431975,0.03886778885156774,0.10779220166465768,0.0264414707845004,0.07331043348644052,0.10523144900798798
692,0.06876868313116603,0.5234260925722715,0.03790058493775269,0.10726137174268394,0.026051959811121246,0.07246471350112707,0.09427701681852341
693,0.07159234240979623,0.5461376935581284,0.0371565179688449,0.10986811448159968,0.024734522043389322,0.07910163466757425,0.08248746395111084
694,0.07438043124884698,0.5778715126278899,0.0374713673057106,0.11467138806602192,0.024041160322012922,0.0831727060947987,0.08619971573352814
695,0.07502038845291636,0.5992158302127574,0.038304967358758164,0.1184350906236152,0.02393534230603284,0.08173193943207797,0.08552443236112595
696,0.07257104846233325,0.5441257453409138,0.03960609372770279,0.11168032967244725,0.024476370775561553,0.08043327037940873,0.1209842637181282
697,0.06675489959677022,0.42653214516582855,0.038926944344369135,0.09429911589029191,0.02641500794394396,0.07795111553616177,0.1047946885228157
698,0.0666232264049318,0.4371911925410276,0.04009582666009418,0.0968237360716561,0.025861384988803714,0.07586439168566014,0.10530471056699753
699,0.06643390641882764,0.41319530834193396,0.038520303396493184,0.09204530410298473,0.025219198383710832,0.08008680297591736,0.10715074092149734
700,0.06936716028128662,0.45049638423054816,0.038275166084102225,0.0971639115335945,0.024205749671096573,0.08456123721943348,0.07155130058526993
701,0.07050832325878355,0.4870939202408663,0.03671850545106766,0.10105785042103889,0.024504757232056387,0.08403060726519637,0.0814870297908783
702,0.07215363755947421,0.5291704771210747,0.0385988566807618,0.10868051674366365,0.023155026229243432,0.08306640318726036,0.08281990885734558
703,0.06966569955063139,0.5377830361107901,0.0375323110834082,0.1089967003730342,0.024292990628654944,0.07495219413775832,0.0824405699968338
704,0.06793460419274762,0.5194118325353648,0.03782352908049882,0.10662185814547967,0.02432060691247879,0.07224550460434229,0.08956386148929596
705,0.07118413264426765,0.5465954444767073,0.03720911584895354,0.10997859136720407,0.02355014202990413,0.07891872304926635,0.07960161566734314
706,0.0742122162713597,0.5855747994230667,0.037746640072747535,0.11600780569422169,0.022534790539070714,0.08285882304210829,0.07249130308628082
707,0.07576001347378548,0.5939356076837365,0.039029641900069745,0.11830192272630786,0.024080382540367633,0.08375551994456902,0.07446174323558807
708,0.07387545037038773,0.5636426041426901,0.040050077115522754,0.11484900954797525,0.024218799018519248,0.08147315602288356,0.09893269836902618
709,0.07118863178972751,0.5262111390360732,0.040057184233467914,0.10950774920526866,0.02516710159453116,0.0779282429719258,0.09835084527730942
710,0.07228272216863889,0.5583561030182986,0.045329406839529546,0.118618934865068,0.02580648171553684,0.07240524645572774,0.14504630863666534
711,0.07383075019162261,0.5501616692956894,0.044387577162171656,0.11664101889553133,0.02727263461557292,0.07711011620474592,0.16340242326259613
712,0.07488952533669675,0.5517962279999928,0.04293637198575079,0.1156306371306425,0.026165088474031012,0.08187493477182674,0.12688995897769928
713,0.07551775109874949,0.5549277857965506,0.040313968670444754,0.11383022825988842,0.024832142010805885,0.08634424153470356,0.14744509756565094
714,0.07498626444784175,0.542681400615868,0.04319636633021629,0.11455137122816653,0.024290607270552912,0.08472549604518531,0.13684381544589996
715,0.07211767494497433,0.5396468704015928,0.0409564640506895,0.1121979506722471,0.025816036576116308,0.0775613672563614,0.10096127539873123
716,0.07106261636436151,0.5483155335875515,0.03961653444134594,0.11228782003366103,0.025586801169385713,0.07478190144932827,0.09417540580034256
717,0.07448151463004184,0.5692013819295922,0.03917771447625105,0.11489538125529981,0.02638342761885069,0.08120520746773338,0.09108296036720276
718,0.0759998862685482,0.5794108708353223,0.03995538935459075,0.1170204581375524,0.024823768747166772,0.08488598871437827,0.10859345644712448
719,0.07623627134442147,0.5978849028726079,0.040219894026609776,0.11988632386175235,0.025619790221791332,0.08233189637405831,0.1104414165019989
720,0.07426608836788993,0.5435865885833873,0.04291582954847397,0.11444022369631872,0.0266417962394165,0.08078497556792902,0.1304813176393509
721,0.06850277966537875,0.42472142623977893,0.04223739056275022,0.09687796708804004,0.026990727858927813,0.0799975360011947,0.10350107401609421
722,0.06850188800026652,0.4318324256799172,0.043152514775345374,0.09867821633314135,0.02686002979675095,0.07853422663707715,0.10372187197208405
723,0.06772704676314528,0.42147265678314927,0.04009816440866753,0.0945802347478792,0.02596269145005405,0.08077431817545792,0.12087585777044296
724,0.0711709078052827,0.45763320990117456,0.039358376777061506,0.0991119243662205,0.024712107086250986,0.08737396894361488,0.09108179062604904
725,0.07093469716766737,0.4904550641986811,0.039148720787045656,0.10362105556013643,0.023965817226372723,0.08343190352288975,0.09792609512805939
726,0.07388537229410279,0.5311809493845359,0.04247449713351681,0.1122897045979481,0.025466989897307668,0.0826476661254339,0.09470658004283905
727,0.0707177502332018,0.5356407883760859,0.039703248357225475,0.1105514683599198,0.025923426154712832,0.07505828044100141,0.09165991097688675
728,0.0694191381791223,0.5157807948808757,0.03848277622604069,0.1066682074624457,0.025725366605500906,0.07505825268313304,0.1050301194190979
729,0.07354559942561044,0.5547795446170767,0.038255608028335684,0.11204474182672726,0.025635814467293294,0.08177991166316073,0.09279021620750427
730,0.07657145223860282,0.5900679390866336,0.038937960480565026,0.11767081456714625,0.024408015390817096,0.08625251744293982,0.06291677057743073
731,0.07809702886448852,0.5946892004829866,0.04022308335290242,0.11943252865720015,0.02569068922955775,0.08778401372643027,0.07538265734910965
732,0.0752938011453499,0.5470666546072471,0.041353351382267894,0.11359810898583636,0.02619337257633814,0.08474040678280953,0.11665794998407364
733,0.07139383152429547,0.49619384975166914,0.04107290305351001,0.10609018115324702,0.02621928558213237,0.08056225329835562,0.11805827170610428
734,0.0704700402556393,0.49506903658829754,0.04458220005333099,0.10893746241546906,0.025897055417747804,0.07581240759894332,0.15268924832344055
735,0.07077830907430496,0.4786230562176327,0.04451665795402069,0.10653185770596527,0.026030359510746438,0.07864840988971594,0.13945625722408295
736,0.0708117636949515,0.48134915447273124,0.039564942876796814,0.10267697310478743,0.024672932000125325,0.08330118319431795,0.11476150155067444
737,0.07427273238203434,0.499745426192275,0.03908533702953872,0.1048939211956439,0.024682591564981315,0.09087056538504737,0.14884497225284576
738,0.07558340576041578,0.5429839804033305,0.041352793399746346,0.11301439154311553,0.02465079663764259,0.08739732618298005,0.15343822538852692
739,0.0715311259611488,0.5373100822614855,0.039860643337538394,0.11092484889810227,0.023544963546373508,0.07904951050424291,0.10953690111637115
740,0.07103674494004554,0.545597971026824,0.03975041135421697,0.1120143484503037,0.023765773454488583,0.07654344191843197,0.08828549087047577
741,0.07370533590524055,0.562587015512684,0.03836343162869059,0.11325251504068964,0.0238712280370759,0.08270639854636665,0.07940367609262466
742,0.07619159387180006,0.59534836770943,0.0382589352807923,0.11784313991345484,0.023206526028343413,0.08610842544837671,0.08938803523778915
743,0.07561994556452917,0.5865135170064879,0.038909971659524874,0.11713904956623389,0.02456070458583855,0.08396756541939183,0.09334155917167664
744,0.07442218725390955,0.5584271693687117,0.04128719700070523,0.11516433591042044,0.024741033084123915,0.08224381707802494,0.10870052874088287
745,0.06810195471679481,0.4156416319786954,0.041859282294501726,0.09525676082081512,0.02491855112809647,0.08212697751588809,0.11231710761785507
746,0.06901197172704644,0.4053925613439573,0.04422023805553752,0.0958162842395975,0.02529400041691154,0.08381142317493234,0.14119824767112732
747,0.07068445467978614,0.43902878653418786,0.03985324431986028,0.09687832177904994,0.025090513962725262,0.08765951909535855,0.19265352189540863
748,0.07482167752319759,0.4820500241862926,0.03951083935482997,0.10273072290218178,0.02400592014927652,0.09486505051876734,0.15910953283309937
749,0.07469414961013304,0.5111467863550184,0.0394372555362541,0.10682433136750616,0.02387279980957513,0.09104892164791976,0.1518518477678299
750,0.07709367254613987,0.5575617166078717,0.04110679026336584,0.1148860654554381,0.025227105294419738,0.08940857509575904,0.15028558671474457
751,0.0727283096530709,0.5465593295377511,0.03847275261740483,0.11105654932031143,0.025448135419638997,0.08056125239848834,0.13651756942272186
752,0.07279681457013827,0.5351609983640903,0.03922388649191802,0.11007204533079976,0.026125557973991225,0.08101833717618813,0.14586809277534485
753,0.07631098433759954,0.5654728798496327,0.0387018598785881,0.11395486273159448,0.027510881586814116,0.0860726806497912,0.10399241745471954
754,0.07891787915260279,0.5974457692316629,0.04008889986161021,0.11971130977161774,0.02532463459848753,0.09011771634581553,0.0676339790225029
755,0.08132080526703676,0.6152758628606445,0.042069160258327604,0.12395583205865858,0.026982899095792108,0.09156082472420678,0.08467337489128113
756,0.07885847735860858,0.5846990027251118,0.042663413104696624,0.12009706876475594,0.027033430872476723,0.08812162555359501,0.14662736654281616
757,0.07515651377358946,0.5248071175206239,0.04232091184432879,0.1112475126552281,0.02829856931810983,0.08457759115070033,0.16288572549819946
758,0.07523066263877477,0.5263879592548542,0.04610368257187638,0.11471572209801606,0.028397869439474376,0.08165992966132649,0.15853895246982574
759,0.0741692971467184,0.4970386542072177,0.04508214232628901,0.10964735830927884,0.02785788956748253,0.08364847526130938,0.15926174819469452
760,0.0740495779035289,0.4933550815242254,0.041570112987892094,0.10611082277879684,0.02706251552912576,0.08710966821527218,0.13776247203350067
761,0.07667219348614268,0.5151225343495716,0.03950324803375382,0.10744886036458492,0.025548803258819374,0.0944755764164136,0.1868314892053604
762,0.07826116067082102,0.5613902226803907,0.04165886740957094,0.11590620387683093,0.02574877721854509,0.09127008338630382,0.19924241304397583
763,0.07458217608048298,0.5667331299829517,0.04181741290736801,0.11680537248959426,0.024202492079624726,0.08171910272326159,0.12487179785966873
764,0.07343741190289808,0.5530578186180259,0.039800888206433495,0.11312330683666097,0.025251289581431153,0.08087511086713914,0.11648158729076385
765,0.07534258553813818,0.5677216455118279,0.03882135313283463,0.1143785377584051,0.024784701011956806,0.08542427630581334,0.10178861021995544
766,0.07844579728734759,0.5967121173122321,0.03934728027606229,0.11897082842408653,0.02589017043020413,0.08897256854270155,0.10293743014335632
767,0.0787039751694032,0.6031600641868897,0.041476829083095045,0.12171729124077998,0.026265416528814457,0.08695106241746363,0.08273016661405563
768,0.07637298039632694,0.5616467130917742,0.043191942725019174,0.11725690992026991,0.025530124268962635,0.08508704117432063,0.09809547662734985
769,0.06916538830697747,0.40004494140977237,0.042822704705745944,0.09385445280632114,0.027690927683436763,0.08385260991564988,0.12678198516368866
770,0.07168476191098697,0.4052897858332171,0.04676966263163181,0.09798682308900113,0.02887343893689291,0.08613036598255688,0.16398169100284576
771,0.07391723599187058,0.44905250607514713,0.04168776824536836,0.0998827307924796,0.026921999783122087,0.09231825972399262,0.2066720873117447
772,0.07793413423153245,0.4935259934701341,0.04046996473093358,0.10519225455081938,0.026940202306256083,0.09870296938677321,0.17629513144493103
773,0.07828697418516951,0.5220111975551003,0.0405244257422333,0.10930825028692857,0.028334812637064173,0.09485149895072252,0.19339539110660553
774,0.08058054919602847,0.5769844848224903,0.04252311886920903,0.11887474257682064,0.028344216665456883,0.09277992095208545,0.1803475320339203
775,0.07521195861095896,0.5544039318208807,0.04097899289714283,0.11432541274339111,0.027672960834933574,0.08258430929910301,0.13781902194023132
776,0.07433917145023548,0.5315887612858685,0.04102945430034554,0.1111093552982774,0.027509694631341484,0.08314105279973107,0.16235533356666565
777,0.0774211760795714,0.568640459277542,0.04051935237217925,0.11596522478723108,0.025325751172597537,0.08927863025397131,0.13039283454418182
778,0.08163617832023716,0.585837992503649,0.04224610794842635,0.11990209145631534,0.025455428710064548,0.09731166023506979,0.08625411242246628
779,0.08310116188897143,0.6121134957193595,0.044816410162955206,0.12585885095672728,0.025746093318026964,0.09587386895426149,0.08735883980989456
780,0.08191762653066169,0.5974176150413355,0.045120041975114066,0.12401969527028855,0.027859296557745612,0.09237935510978978,0.10842275619506836
781,0.07741806921016381,0.5265643237057136,0.04633703637644421,0.11494093456633983,0.02622839950015129,0.08937652301977073,0.17348946630954742
782,0.07701436079021057,0.5227407149391768,0.049039216460451,0.11671085910026899,0.026837183347439526,0.08618495503133414,0.18219324946403503
783,0.07491129383275252,0.4961246936852345,0.04741723579882017,0.11151830121116506,0.02520476027143187,0.08637337924279712,0.15001919865608215
784,0.07695005591450664,0.5063076432910042,0.04421293405548123,0.11022646394627023,0.026588159072715296,0.09189985862328091,0.15901201963424683
785,0.0796755285078473,0.52659992962567,0.04361758648560452,0.11261506407704244,0.026992175539874128,0.09695136873177806,0.19289202988147736
786,0.0796765375613792,0.5665997981525948,0.043340010298148345,0.11809140856306925,0.026441875570199034,0.09264385467718303,0.2124272584915161
787,0.07646719129469509,0.5797254832213565,0.042256807737425434,0.11903804709227274,0.02516120862759055,0.08411042730553114,0.13466133177280426
788,0.07362179654962546,0.5537686917609106,0.03989430896909994,0.11330493508221574,0.02512112235651851,0.08133714025257754,0.12230044603347778
789,0.0757304485496216,0.5721300296530868,0.03852562892305909,0.11475482902734875,0.024225506463516146,0.08665093995695262,0.11324764788150787
790,0.0803674583868924,0.5910407138709426,0.04056743163734127,0.11920647195642717,0.0256732821853122,0.09424072568993215,0.11813503503799438
791,0.07917492862375224,0.5897574401210051,0.04367523355510395,0.12168697735023268,0.024268774749351813,0.0900197706281822,0.09781600534915924
792,0.07809649178112106,0.5563234153880704,0.04671639092997256,0.11951739442398655,0.025897782512860894,0.08752707257834141,0.12184741348028183
793,0.07094656147923271,0.4108782506967552,0.04628002704660956,0.09836548756805893,0.025787670641340982,0.08646903063466505,0.12579306960105896
794,0.07338530563617866,0.4446967340872809,0.04693541021615277,0.1037584564834568,0.02887727397616983,0.08575332634731803,0.15654140710830688
795,0.07393520201436038,0.45151315344953485,0.04315552146469497,0.10149232603395782,0.02593632138017626,0.09182173905212368,0.17523115873336792
796,0.07715364173436566,0.48979821998281503,0.041049063665334465,0.10515608599640311,0.025894738092138856,0.09750304369203133,0.1506669670343399
797,0.07742729283402926,0.5101061367354108,0.042891161371324454,0.10963615785190821,0.025134475712087854,0.0950007509250839,0.18817581236362457
798,0.0794425908072999,0.5739221673225888,0.04376734141564537,0.11950374511663729,0.024376414542643044,0.09257198501820445,0.18873991072177887
799,0.0759800245930422,0.5551914537396904,0.042481291513616105,0.11572560040305528,0.025505065062555905,0.0853682353484563,0.14897537231445312
800,0.07313500214393148,0.5354120266945412,0.04036416222524627,0.11108528572085984,0.025732819440850572,0.081405413879315,0.1596536934375763
801,0.07662250061844741,0.5670591519044133,0.04087715118604099,0.11604600843152275,0.02456549255652009,0.0876768133361929,0.13292112946510315
802,0.08001652727363678,0.5976295661714652,0.04140704758383617,0.1208674073820689,0.023443266277220893,0.09377361055062261,0.0759923979640007
803,0.0825107101952371,0.6099288485380869,0.04452897136555528,0.12530038239020264,0.023731942779493004,0.09650116851341833,0.0831066220998764
804,0.08139293509991047,0.5997747371177492,0.04710575173663873,0.12605846393394024,0.023752576932133035,0.09274591076693967,0.1327008754014969
805,0.0778783787112368,0.5395976609134645,0.048173073884458295,0.11837658631717345,0.024391749125064182,0.08924324794394328,0.16788558661937714
806,0.07657063345519828,0.5406035087150703,0.049624014871759846,0.11976394256366134,0.0250564364579774,0.0838514103578614,0.20395392179489136
807,0.07495174365982131,0.5056888433991455,0.04754847765997585,0.1129971013370001,0.02474179566767832,0.08559576018541498,0.1618400514125824
808,0.07643913105014886,0.5052099685516973,0.04370167283392896,0.10963142936503874,0.02596467114294789,0.09156102244342107,0.14392930269241333
809,0.08004133093976758,0.5123273425267774,0.0448851197656854,0.1116625801601271,0.02446549665414196,0.1010015928718754,0.2230859249830246
810,0.08096798031799216,0.5777929416941625,0.04481336100636198,0.1209533011046192,0.023705933545095505,0.09608511555597804,0.24115757644176483
811,0.07765813656438593,0.5844439116311854,0.04364119072102379,0.12089872227961829,0.02348635691511298,0.08722293125667145,0.1538541615009308
812,0.07472572359958608,0.5698646570099091,0.041722986022069,0.11717179616318903,0.02367854942487831,0.08225168750930278,0.12095503509044647
813,0.07683126328049349,0.5876888212927687,0.040126236749616774,0.1183494631129242,0.023438112480868616,0.08722184537678837,0.11170545220375061
814,0.08240235657992766,0.6296271566538619,0.04127695826189034,0.1253269866036006,0.023713413308450542,0.09619613067175634,0.12090303748846054
815,0.07942404174836633,0.6008621861752672,0.043058004113608474,0.12274431583670256,0.02240195658327217,0.09141312644052951,0.1259053498506546
816,0.08053697231331984,0.605042206180094,0.04699300042054105,0.12671431552904863,0.023166251143287776,0.0903311780233352,0.1468205749988556
817,0.07386622655619718,0.45550684217853393,0.047461056610228154,0.10575331169141469,0.024319268087124497,0.08931861572332045,0.16388282179832458
818,0.07399726500517387,0.4629387689894875,0.048031376374864876,0.10730386103409668,0.0251531191641344,0.08759262109077595,0.18602491915225983
819,0.07414422012695188,0.46209531076456595,0.04430948955281483,0.1039931782973507,0.02397423677006959,0.09192511716512491,0.179072305560112
820,0.0772631583391365,0.4972944657427735,0.04052613821133432,0.10577875643011135,0.025383267069571662,0.0977069148704027,0.15781354904174805
821,0.07777328880920732,0.5229806128631235,0.04323388214188411,0.11176912938777546,0.024271864009555253,0.0948406750026558,0.17499595880508423
822,0.08030068106097844,0.597415367163194,0.044039721521089974,0.1230933851842477,0.024343711568598658,0.09181941325895018,0.18715369701385498
823,0.07683091490302757,0.5780857328607849,0.04274825640973343,0.11922503875988366,0.02452796812272536,0.08550113496104295,0.14573615789413452
824,0.07417966992505375,0.557269218895282,0.04029133787759969,0.11414532088012572,0.02398810088438752,0.08312734824994872,0.14797112345695496
825,0.07638893793363012,0.5691763657428561,0.04068634586819228,0.11618492013600142,0.023828693801336655,0.08755766712231203,0.11798562854528427
826,0.08104510112844517,0.616849586046087,0.04140440501651559,0.1236108594493115,0.024518222842486857,0.09326108109790067,0.08162938058376312
827,0.08315306518439977,0.6360076683459057,0.04358751818894546,0.12821896821136836,0.0238196765134612,0.0956371151228735,0.08361952006816864
828,0.08257182425612573,0.6230405705631366,0.04729784538739271,0.12954680612678468,0.024752159670090413,0.09206092163208004,0.14542441070079803
829,0.07529757995215457,0.515276284678894,0.04528663612653248,0.11242801449115555,0.02422599141614943,0.08749608969953321,0.2214643955230713
830,0.07619162780738266,0.5439674903923906,0.047224722657373965,0.11818797519094779,0.025464481302018335,0.08383107703895701,0.20464329421520233
831,0.07463831242348902,0.5116251509077433,0.04446994061160179,0.11120639922533629,0.02443079334498132,0.0865728156655669,0.17649130523204803
832,0.07614501978326677,0.5056170539118883,0.04151942647666719,0.10781908753884165,0.028087423888494476,0.09048060690506449,0.1331225335597992
833,0.08001672416979379,0.5292967795082439,0.04284310124683455,0.11233648385560732,0.02598122266011572,0.09901799826567528,0.19011276960372925
834,0.08130294899907213,0.5765008758236962,0.0431632825211537,0.11935436727865978,0.026271766786567372,0.09616024244037462,0.23213441669940948
835,0.07733904569197657,0.5960642252162887,0.04170867767738851,0.12090232732580282,0.023943427614761308,0.08594234007994192,0.15207961201667786
836,0.07425325739138276,0.5730839691560023,0.03937598776319126,0.1156199851050214,0.024775541430078752,0.08135037210808994,0.12491507828235626
837,0.07613512368407703,0.5877278199975157,0.03852140060288466,0.11697946051640337,0.024025081365191457,0.08599261598481633,0.1016259640455246
838,0.0817121468992147,0.6281590127681211,0.039574536188018754,0.1236580328423191,0.025127775945363338,0.09452082128361829,0.10671272873878479
839,0.07963532167064934,0.620860968331678,0.040733574263751474,0.12360891627345527,0.023650198019562686,0.09014540958789496,0.08428570628166199
840,0.08098904199661733,0.6193630910573449,0.045849255072338946,0.12777980307019693,0.025233084980203244,0.0888335884465975,0.11392759531736374
841,0.07401935223319732,0.46620670805570796,0.046211142417483864,0.10621050893723018,0.02550587124691114,0.08830138598016896,0.15636825561523438
842,0.07511769757755603,0.47981348383799005,0.04702292534392747,0.10885014798593641,0.027179953070728787,0.08754732991369703,0.16604164242744446
843,0.07606520311896459,0.4769100467247163,0.04346733029238381,0.10538771835414561,0.026100327556240133,0.0941272684055651,0.19128204882144928
844,0.07706689797800532,0.5043942294832552,0.03990931782065079,0.10626430520102284,0.025918334319654606,0.09627415985892189,0.15505775809288025
845,0.07760615420740992,0.526795204980524,0.04221852983323757,0.11144376913999277,0.024620509095982734,0.09436068061389868,0.15643812716007233
846,0.08071660696276556,0.6013713063106237,0.042359888566441184,0.12221866252989586,0.0253965303722769,0.0928073753582041,0.1918426901102066
847,0.0766259637490172,0.585464381356056,0.040788813079851785,0.11859960854788097,0.02505938715841984,0.08501977906678412,0.16189314424991608
848,0.07457482321972624,0.5579552709827522,0.03954562680733644,0.11360414740382442,0.025351145344231614,0.0834948826996981,0.17353104054927826
849,0.0770639919155016,0.5853396741486798,0.03952522872256209,0.1174987209262932,0.025113370972130365,0.08714039735650878,0.13323017954826355
850,0.0806815177820242,0.6185699096937007,0.03973031870954889,0.12242168885014201,0.026119737840594452,0.09190042554617214,0.09144852310419083
851,0.08058563214735114,0.6322487948264783,0.04109455020895423,0.12554515658288626,0.024865615513502082,0.09000106282087583,0.06284628808498383
852,0.08231842682594093,0.6320700743940308,0.0456647005839504,0.12943689684253332,0.026012086109425698,0.0903578136883734,0.10958274453878403
853,0.07649302246993091,0.5263120837775223,0.045888100295702,0.11452009793596205,0.024602488000362965,0.0886235490980256,0.1834152340888977
854,0.07601994107064787,0.5282014158875603,0.04602963026921369,0.1149113139289775,0.02558937843234052,0.0861167321281284,0.16809657216072083
855,0.0738544252827638,0.4901991790144205,0.043312308535012424,0.10715329003207073,0.025596954357016137,0.08694320568714944,0.13790130615234375
856,0.07454187091343147,0.4955271975279654,0.03944914844478262,0.10460315545666588,0.02669631047691645,0.09010311232005203,0.11423341929912567
857,0.07835868132284594,0.5565876124445737,0.04098653024320383,0.11464382770054238,0.024886641809154477,0.0933972128168416,0.14356297254562378
858,0.07922415531517399,0.5933501759251947,0.04045223079613625,0.11943765152885888,0.025519685098141644,0.09102875756810298,0.1521366536617279
859,0.07576600526666512,0.609566672014047,0.03955169195303096,0.12098240339031897,0.023433753888349538,0.08199237686449413,0.10122077167034149
860,0.07337371868396837,0.5571953680649799,0.0388090237270522,0.11286421577532758,0.024837928361995727,0.08128835026075512,0.08002480864524841
861,0.07556305240193657,0.5749586665629463,0.0392933536945448,0.11581696981860216,0.024464720275427978,0.0850519152730492,0.08462148904800415
862,0.08214895957496342,0.6365963221281941,0.040269072737182804,0.12545867979304157,0.026042505335411924,0.09334610184375261,0.08811767399311066
863,0.08041157228267107,0.6252707974012596,0.04101175015535213,0.12447732833333891,0.024436364073602,0.09083234292127217,0.09549302607774734
864,0.08160923399062708,0.6237283397021232,0.04507227237434663,0.1277374248497433,0.02629113298898746,0.08965040536533507,0.10413000732660294
865,0.07324942663120178,0.4601635894105378,0.04463146478605192,0.10399319687526419,0.023991397345847758,0.08944940329233195,0.12633360922336578
866,0.07306414764056367,0.46789227595481103,0.045368487796037665,0.10572902896157672,0.0257362745650043,0.08589426542579169,0.13107919692993164
867,0.07402769128731812,0.4666421427567715,0.04267122613422183,0.1032384999374432,0.02471097407104048,0.09162036128270161,0.13443301618099213
868,0.07723619263706213,0.5050478716685426,0.04008430287180328,0.10650766984276605,0.02599036105658246,0.09646375271499091,0.13037432730197906
869,0.07763349330254374,0.5330705123936667,0.04101520677570101,0.1113088218639818,0.02380573859749436,0.09526686617820362,0.14372126758098602
870,0.08144148525817309,0.6113994456561215,0.04140292014510858,0.12283099521811043,0.025526222000424297,0.0941515193937581,0.1692291498184204
871,0.07718124409802614,0.5946707523754413,0.041292676808362266,0.12034668760365928,0.023425964775943664,0.0864473504374193,0.13919733464717865
872,0.07492107871957829,0.5702988424184944,0.03971961421936517,0.11551664681924079,0.023949840488315118,0.08399979008472885,0.1410241574048996
873,0.07730251471667988,0.589143171719946,0.04008903708730779,0.11852534203482754,0.023272994803440677,0.08850837073738498,0.10946349054574966
874,0.08044859562856059,0.6116567870924101,0.039029529462485946,0.12083342340961797,0.024631785688383184,0.09395158001779061,0.08754691481590271
875,0.08020517289148027,0.6201161280041139,0.04087688898221754,0.12362535169963129,0.023295086092220658,0.09200884238370027,0.05827838182449341
876,0.08282867794338583,0.6265553152372177,0.045526565426482556,0.12853067254230188,0.02556137856286744,0.0929483196272879,0.09490103274583817
877,0.0787045352356056,0.5515418991982952,0.04510920409092381,0.11745673196340545,0.025902134833169523,0.09099846345091232,0.12715251743793488
878,0.07864699198476997,0.5430174829132889,0.04531761421969493,0.11641759546163691,0.0278472233625441,0.09004751148695903,0.1425296515226364
879,0.07480017415814671,0.5025476817882841,0.042575932642125856,0.10828618252014846,0.025285749847383934,0.08882503811331266,0.15415433049201965
880,0.07662137995474035,0.5170346620429997,0.040003644248301905,0.10815093250468731,0.02587999511858955,0.0934317332051687,0.12733985483646393
881,0.07971297291829438,0.5582940082062997,0.04030842655348901,0.11430636678960483,0.025684377865963236,0.09671877395168746,0.16449156403541565
882,0.08124302139006237,0.6083330407312436,0.04071056933097939,0.12179949381673141,0.026513265733422296,0.093644644216287,0.18590834736824036
883,0.07847065846266316,0.6176920059807903,0.04098427389072341,0.12337109276073299,0.02610327911539162,0.08500423538071471,0.11686879396438599
884,0.07417474441367877,0.5601185688291656,0.040386131706208785,0.11463362272377405,0.02547309194917602,0.0813871717987853,0.11311697959899902
885,0.07594322576666643,0.5859183424912082,0.03924729535241427,0.11734315922938485,0.024660165294904963,0.08459096189957904,0.09097416698932648
886,0.08036899462549903,0.6334195613895047,0.037923139190097654,0.1229940566471558,0.024958186649378284,0.091556522335655,0.09405630081892014
887,0.07983501315748832,0.6112502276737961,0.039883199508696975,0.1215070606751397,0.025337515219729174,0.09105728227508264,0.09182372689247131
888,0.08088952484829987,0.6116554864747571,0.04364544197837522,0.12478973404928694,0.02656917116056883,0.09000715127420084,0.11528634279966354
889,0.07186988841447077,0.4351834154458874,0.042512309731857656,0.09860818197671906,0.02613511817908608,0.08849180550346511,0.10155278444290161
890,0.07345545921370265,0.45533009510087796,0.043217924396664754,0.10209109164012377,0.028245640280292923,0.08795787240731767,0.09938462823629379
891,0.07468313868440551,0.4769219543001594,0.041132563523602395,0.10338819077739625,0.026420684937357115,0.09179586513170598,0.11233305186033249
892,0.0768598318470741,0.5050999706121315,0.03785398960653693,0.10460341546447902,0.02642292692516295,0.09671648798851705,0.1164838969707489
893,0.07779603669042384,0.5331563982249446,0.03950785972525881,0.11002907951092822,0.026435026522103913,0.09453300811976248,0.11414839327335358
894,0.08118973962348353,0.5996282912295343,0.040323806179559975,0.12022444690098487,0.027776830609620707,0.0937706661427998,0.14223426580429077
895,0.07839019881082264,0.5954881316056555,0.04053539806503278,0.11981435999940747,0.02741425024766599,0.08674801276357297,0.11542265117168427
896,0.07369760703797598,0.5508123608610997,0.03922115002949735,0.11230560871972627,0.025705471911719586,0.08190872380191884,0.11762804538011551
897,0.07713599975411842,0.5760104058168695,0.039494258471528404,0.11613942237800569,0.025738115530765247,0.08798115365365107,0.11086210608482361
898,0.07966907006468503,0.6151392293867316,0.038098558631491725,0.12053294016795456,0.026199609910294637,0.09069896135941577,0.08727066963911057
899,0.0804369921328461,0.6090236030147943,0.04056770702377194,0.12177569216534655,0.026903594831034754,0.09110735224349309,0.06694962084293365
900,0.08177744062573235,0.6212770909133594,0.04389523552163479,0.1263783577204526,0.026602225311550997,0.09102995156776085,0.07871902734041214
901,0.07687929137229507,0.5181639527016221,0.04327930062130639,0.11111996520420862,0.026381503349412392,0.09110426628939305,0.12312235683202744
902,0.07478757932107281,0.5024496735516542,0.042053538850176896,0.10782441523610223,0.02577393751132001,0.08876728447895578,0.15867699682712555
903,0.07163107955895485,0.48254556583309394,0.04029445070834171,0.10347318144044916,0.025338642328120775,0.08427512298962714,0.14336833357810974
904,0.07500506830859326,0.5055338352390095,0.040121822477784785,0.10660925287224547,0.026284884090251037,0.089981568006447,0.12166139483451843
905,0.07773779080770363,0.5407156103807372,0.03943764243785855,0.11104878071541265,0.025898414604525993,0.09395012881623865,0.1374230682849884
906,0.07952809211683202,0.5952261758715409,0.039897048583262505,0.11922978105301656,0.025721938911843,0.09186949835203594,0.16435067355632782
907,0.07717211599102557,0.6130029670193842,0.03866460836581386,0.12071294531632391,0.023471759395592134,0.08606170235239377,0.10818199813365936
908,0.07169457931712682,0.5473075131002308,0.0376673642955799,0.11047309983910146,0.023998836667788563,0.07949714867857,0.10599127411842346
909,0.07427066953936873,0.5766837017650787,0.03793790991764417,0.11490159446727766,0.025567421416478442,0.08133395233497738,0.09713829308748245
910,0.077436065944243,0.6101124536172282,0.03787684780087095,0.11962479148892198,0.023920555644720985,0.08734700260473065,0.09431751072406769
911,0.0761261695426657,0.5797930361543596,0.04005215553761217,0.11715799562571895,0.024378820871543423,0.08550225180722607,0.08287248015403748
912,0.07703023576214166,0.5932121461351303,0.04240567027664175,0.12109230968499725,0.023288364677965336,0.08550005827829732,0.09573058038949966
913,0.06882145550511903,0.44366158289978663,0.04060385836315686,0.0981835332969611,0.02286210240525244,0.0833440713996405,0.0889427587389946
914,0.06992929530301678,0.4605913593912767,0.04293883248196153,0.10260347918329228,0.022697946217272478,0.08266681485780197,0.07865740358829498
915,0.07117435554390593,0.46878318779867345,0.04173359131649976,0.10274067652823884,0.023324488469420684,0.08542245837278921,0.09207026660442352
916,0.07250751143886898,0.501165371562977,0.038188584083583686,0.10432812515206846,0.02205754048360319,0.08880819902567699,0.09068562835454941
917,0.07351140339543788,0.5196813762494253,0.038878682061329405,0.1075647812310574,0.022044125500122445,0.0887485659476718,0.1040395125746727
918,0.0764596397942165,0.5941810647992776,0.038566286051127135,0.11793982587229146,0.02181040184838558,0.08798256017850294,0.11314541846513748
919,0.07390712850027317,0.5972413238857153,0.036963291879544675,0.11700301073756905,0.021860657880532236,0.0817388933349126,0.0911903977394104
920,0.07008503078536174,0.5333465785332325,0.03753938985139569,0.10836898823451524,0.02157111591564043,0.07903624352835856,0.10757671296596527
921,0.07330451218005937,0.5679432705624026,0.03726658944988895,0.11307754389453376,0.023530839879289174,0.08205507269306822,0.09216474741697311
922,0.0759706410075656,0.5937079948505594,0.038090332230314286,0.11746428403320643,0.02296001177343524,0.08604800393999394,0.061206575483083725
923,0.07791796812014412,0.6146361167255339,0.040567347042031174,0.12257717128253155,0.022800884040358755,0.08706861392286731,0.05757826939225197
924,0.08140667813698413,0.6711434434638948,0.043230923959482616,0.13293271246011293,0.0221303533432003,0.08818818229880732,0.07031384855508804
925,0.07573784735847679,0.5760589511061102,0.041449603829268496,0.11782236772596015,0.02259466945658458,0.08541417270108452,0.11820954829454422
926,0.07353863949438369,0.544286034280016,0.04353015133616195,0.11506670604242682,0.021585992456683436,0.08266014742283367,0.17433692514896393
927,0.07153521258453516,0.5086835458511689,0.04256094738621572,0.10914989002406618,0.022860198249974723,0.0812130073676859,0.08281503617763519
928,0.07048496539339713,0.49008641167473954,0.038808371499811437,0.1032766629533726,0.02147167597686494,0.08467885826788428,0.08269280940294266
929,0.07449545421791305,0.5181536808332021,0.03916039254786525,0.10758800516005625,0.022870657656071387,0.09071116913514923,0.14707665145397186
930,0.08014045690439835,0.6350868738762532,0.03906381855236093,0.12420996931291696,0.022055797379660975,0.09240371063108976,0.1848701387643814
931,0.0769638000746117,0.6172439880275307,0.03894118623230106,0.12155587220304816,0.021817683756318956,0.08619858874073597,0.1556156724691391
932,0.07281284527860693,0.5735924700137158,0.039947835757598034,0.11618278350847198,0.021133872216026667,0.08008325075723276,0.11761245131492615
933,0.07261175943676326,0.5772764949477377,0.03663514444221078,0.11386962308585749,0.02180130859899951,0.0809702732268491,0.07509736716747284
934,0.07412993682058346,0.5929643645647533,0.037290108373648455,0.1166721449723777,0.022384399430566367,0.08218284990402841,0.05897977203130722
935,0.07557653791283055,0.5691996024909578,0.039150683565137324,0.11487195769739737,0.024556196766081246,0.0858358441047402,0.07225870341062546
936,0.07539902013018382,0.5464496544103435,0.04179110957137474,0.11388518740551314,0.02329067922365077,0.0873184220574871,0.1088373139500618
937,0.06803811474795894,0.4100983187585542,0.04081204838288561,0.09356722986512397,0.0235260354000112,0.08464820844989379,0.1330428421497345
938,0.07088923473202129,0.4248622683106448,0.04332766014915098,0.09783260417222152,0.024327305156753732,0.08805547485020518,0.1485682874917984
939,0.07575782192294543,0.4953169604266654,0.04101283627477076,0.10591342543932712,0.025424920753018006,0.09341295736979795,0.1694045513868332
940,0.0780976554606123,0.521992622832233,0.03825441545663529,0.10735987365314927,0.02607248158971179,0.09801524167918044,0.16209691762924194
941,0.08036464342914301,0.5589911523263922,0.04108440208408597,0.11507108069012974,0.025761685929403914,0.09777409863805134,0.1571071296930313
942,0.08371572256844032,0.6275122096925716,0.04176664709514576,0.12544458460906371,0.028129861395014315,0.09584059680964258,0.17358912527561188
943,0.0768985790033454,0.5672413079688823,0.03754913620701547,0.11321944645871072,0.027416187982990396,0.08841491212271138,0.14115065336227417
944,0.07599094412541638,0.5409615882797004,0.03824147443588907,0.11005863355643354,0.02886290443716518,0.08741875060049614,0.13765910267829895
945,0.07776845783483298,0.5504982343773533,0.039996216156192005,0.1129250759020722,0.029457603680373985,0.08927841441115031,0.11939571052789688
946,0.07904946954086836,0.5498447042821487,0.04000990917257496,0.11284345133108552,0.02846577385348683,0.09374046920088722,0.08984801173210144
947,0.079919217499863,0.5563236264010643,0.04176802390577857,0.11527596711939081,0.03008240916213229,0.09258926887829053,0.06414856016635895
948,0.08095143194996762,0.5690733904322087,0.04299584934491971,0.11814978378596099,0.030025410164573614,0.09296314315569322,0.10632169991731644
949,0.07639754406062917,0.4785899435039498,0.04358672605038505,0.10573004282946573,0.028773493813556813,0.09240265160408544,0.11900743842124939
950,0.0758663360665992,0.4719623623912613,0.04278219393084093,0.10409364656804385,0.02985856686908856,0.09142423742565697,0.13769420981407166
951,0.07356983620088982,0.46456058784621007,0.043165088932738925,0.10336444592037766,0.02850814441856686,0.08692853300587056,0.11682474613189697
952,0.07615306298273582,0.48881630451443264,0.04190148772905258,0.10574646155553544,0.0308543422661417,0.08989521985855597,0.10655248910188675
953,0.07942334420389358,0.5234368162167908,0.043281608784719754,0.11187520984644418,0.0304558013177817,0.09387456179200969,0.14220836758613586
954,0.08301700199812558,0.6090955520929517,0.04193718730753343,0.12295981084830745,0.031826594373636316,0.09285865092564458,0.2066444307565689
955,0.07940071075752037,0.6093257575896563,0.03896429758815636,0.12044450615979921,0.029621076638536643,0.08704456963463714,0.1214577928185463
956,0.07341803202943459,0.5320005525955622,0.038312079820503435,0.1088390045026547,0.032731934683631406,0.07802501629294477,0.09918531030416489
957,0.07629440632571628,0.5514749485032973,0.03912926390518367,0.11232150456205704,0.032107070187241016,0.083434614490084,0.08216256648302078
958,0.07910928254871762,0.5854870953685078,0.038044225068890096,0.1162503493974069,0.031761579194068926,0.08804008949143206,0.07930891215801239
959,0.07956611608213965,0.5717406460674621,0.041230303459641536,0.11701749526075877,0.03195117121636808,0.08845923605839806,0.091884084045887
960,0.08073234135255224,0.5883272675578775,0.041541766998838506,0.11965398136441549,0.0334281091387529,0.08806710952924632,0.11365216225385666
961,0.07344292474880337,0.44708218932260185,0.04286880124941845,0.10061357097415892,0.031274229505249454,0.08656621763972695,0.1077471673488617
962,0.07285241067630026,0.45301932594321737,0.04250306972926695,0.10114824918840272,0.031665715229783016,0.0841319104939132,0.1114322617650032
963,0.07294691489177708,0.46290208218236634,0.0444073348700087,0.10419229877177408,0.02962885622967822,0.08351050532611619,0.10890433937311172
964,0.07521325718208625,0.4877742629858013,0.03957944615908381,0.10360727713432917,0.030824453741563822,0.08920869273433082,0.09700991958379745
965,0.07760283160262302,0.5197115376342636,0.04122193921083111,0.10957759612846432,0.03111741136843812,0.09029965534742362,0.09317538142204285
966,0.08056073681645716,0.5980667570404279,0.03980943924795751,0.11956048464688185,0.031707150773106534,0.08918284525276735,0.11146990954875946
967,0.07720535032109682,0.6015557755171925,0.03664972615955655,0.11735059035350456,0.03036692623784341,0.08306188636558683,0.09152791649103165
968,0.0738730723343502,0.5371171098362244,0.036615694837909475,0.10811589698052589,0.03222159474630641,0.0803556436584848,0.1013372391462326
969,0.07704703279410373,0.5742207518175677,0.03800192492836646,0.11460461448396664,0.030956635130569555,0.08451324677106604,0.08793485164642334
970,0.07904688051031751,0.5953273482346184,0.03710453956665624,0.11685065509065083,0.031609184186085,0.08747656203622933,0.05907440185546875
971,0.0802928732697583,0.5918459705774703,0.039710218775872,0.11858675474752889,0.032061475496781865,0.0889882000280634,0.04552336782217026
972,0.08292786044909276,0.6226174180070878,0.039978911682620716,0.12321298401468743,0.034491604924818495,0.09006010091293738,0.06187092885375023
973,0.0781186608259712,0.5423941004511066,0.04162941046936824,0.11316722332390228,0.03175485997771525,0.08801949438250548,0.1244831532239914
974,0.07799362574901604,0.5494177429795145,0.04503901587690432,0.11709311974870576,0.03225633715301884,0.08380169602078508,0.16317878663539886
975,0.07537514362914245,0.5066546512931858,0.045738005145621596,0.11158324030955934,0.031080959668878933,0.08245046999900824,0.10232431441545486
976,0.0753690792325979,0.4898904115551288,0.04029359786450678,0.1045217141060242,0.03266967323640012,0.08722250396502296,0.11048037558794022
977,0.07978386457511001,0.5454174847332954,0.041265948625508135,0.11328759664090635,0.03190361643916504,0.09236331613649011,0.13040360808372498
978,0.08124876823489055,0.6050445029305047,0.03933321005940604,0.12014910904099156,0.03187815592415303,0.09041025580144749,0.1553737372159958
979,0.07892824933072926,0.622467692473438,0.037841918692169074,0.12135988637520748,0.03002708666879896,0.08458908424599984,0.11350584030151367
980,0.07386279932191415,0.5485241566533987,0.03698344977046605,0.110060693610885,0.032737066125524676,0.07817465836590545,0.09370066970586777
981,0.07719629245700031,0.5738859301801804,0.03843560735519876,0.11492851061591043,0.03364501362571675,0.08228797054532706,0.0826990157365799
982,0.08065530293710704,0.6081682372002557,0.03695754867089423,0.11855907560366015,0.03312146576754101,0.08908160937724335,0.08068028092384338
983,0.08054258459701565,0.5895704708143219,0.039847659097658285,0.11837948934289597,0.033660040474127614,0.0884575190518974,0.08848869800567627
984,0.08111499602726237,0.5829597455891605,0.0404587950387812,0.11795893083169252,0.03518081569424628,0.08906896086477506,0.09715333580970764
985,0.07328177359939816,0.43388447375013206,0.04369843574599367,0.09943929831801346,0.03334380414373287,0.08533966274431691,0.09426829218864441
986,0.07298371077184128,0.4396003167078537,0.041464990835761245,0.09834146596034589,0.034745041511492124,0.08425451058470525,0.09739725291728973
987,0.07409433876995232,0.463031283096625,0.04384607803885513,0.10372967876139369,0.03209696703112576,0.08491111654891437,0.09904065728187561
988,0.07604578603785056,0.5020529288905451,0.03880845103076131,0.104986233582159,0.032646148786119475,0.08869757703184539,0.09144601970911026
989,0.07788213615904839,0.5236669818284085,0.041010414489886224,0.1099613526811037,0.031101029642645685,0.09074628990410236,0.10084561258554459
990,0.08096045876081469,0.5999047182185309,0.039297185887046865,0.11938397622011603,0.03220866950156457,0.08999769658576989,0.12008890509605408
991,0.07804176377778961,0.5986374559247201,0.03783851564835234,0.11795264997354774,0.03090404360406728,0.08436524350850828,0.10444334894418716
992,0.07450670438500251,0.5436720043218288,0.03593592806786582,0.1084696532470034,0.03351941119440255,0.0806530056725267,0.10790248215198517
993,0.07776638732554624,0.5724217529092647,0.03735475137268527,0.11379289444933947,0.03374090993258477,0.08476548631106842,0.09233801811933517
994,0.07891301258063145,0.5859652311873463,0.03670957078171851,0.11517466512537965,0.03323610680825119,0.08715135915480952,0.06691110879182816
995,0.08139104168904525,0.5976840282694311,0.04125195238366513,0.12074224893877454,0.03361923827941848,0.08875906332895554,0.04586915671825409
996,0.08301017481850377,0.616443528508779,0.04096062105972902,0.12317246498102187,0.03523244560086788,0.08967368399173183,0.08305058628320694
997,0.07878193973163004,0.5481689057719314,0.04488880563083377,0.11678596279384772,0.03272697521950539,0.08582651350029866,0.08311177790164948
998,0.07864499115969018,0.5466908209287902,0.043642060508894055,0.1155061691403078,0.03382423580126154,0.0856096213652748,0.10918330401182175
999,0.07658032637805136,0.5270350090382367,0.04565400576333425,0.11442272051689173,0.03199771533764067,0.08247801616692538,0.09300366789102554
1000,0.07471089833127274,0.5179765925903346,0.03984892669136967,0.10815287896265038,0.031259154484920455,0.08346944114437556,0.07313938438892365
1001,0.07859516414158495,0.5541762291818437,0.03886643130081241,0.11248211671238832,0.031092264631597328,0.09050911771337114,0.12042029947042465
1002,0.07977784608682706,0.609385088734105,0.036525021532390844,0.1183621739897786,0.03241776738069046,0.08745662803961399,0.13897426426410675
1003,0.07802877151373828,0.6218666778870424,0.03568048423613717,0.11942136904340935,0.0299197547248636,0.08390563836554146,0.10358533263206482
1004,0.07329335961682423,0.5587802092844673,0.034292051182569734,0.10921893091141222,0.03225541131860807,0.07776668949499888,0.08290547877550125
1005,0.07659281275981847,0.5864924826358713,0.034674390566548835,0.11350554657645204,0.033350456668661856,0.08213123225002616,0.06782516092061996
1006,0.08066659153965498,0.6242075249080625,0.03448664832284209,0.11873248783501644,0.033888346878325475,0.08828989635987701,0.06373781710863113
1007,0.08208680265159128,0.6262823724723965,0.03826026212920062,0.1222634207496572,0.03369960941852678,0.08927105589471508,0.07000871002674103
1008,0.08328295028014622,0.6433364187241409,0.0386989726383943,0.12507575065064383,0.03532245977526746,0.08867967914772973,0.11237961798906326
1009,0.07518238654663238,0.4879664808597258,0.0421552716945659,0.10584258728958874,0.032024103490019655,0.08611820857108168,0.12066285312175751
1010,0.07305983245322722,0.4750560857903951,0.03856660858951658,0.10092224818964209,0.03278026538708519,0.08392483986673849,0.12680548429489136
1011,0.07409936890740229,0.48681444998983203,0.04046555841200136,0.1042296857802629,0.032683525926994264,0.08397420425150627,0.10713271796703339
1012,0.07626786916289076,0.518811126328368,0.036456879320299604,0.1053646288928808,0.03281987359812461,0.08882520051831985,0.10034383088350296
1013,0.07816300012419088,0.5394116565766529,0.038260654624765945,0.10985365490360695,0.032022192772754296,0.09080688362470883,0.1095815896987915
1014,0.08053475828516544,0.6105648979908287,0.03636125826797934,0.11839034965695783,0.03385802528626235,0.0882532572088873,0.11502375453710556
1015,0.07846772102370334,0.6154458498641784,0.03517501094416614,0.11807084507559644,0.03224084436083815,0.08426350455830389,0.09253639727830887
1016,0.0734558892918546,0.5531561013156508,0.03308563957703897,0.10738141982541209,0.03438470392697677,0.0779583372692599,0.10024606436491013
1017,0.0767279492233965,0.5768362266692617,0.03459692424202349,0.11205968173162893,0.034445779895209715,0.08280958144085653,0.07506663352251053
1018,0.07951350097149379,0.6194268492844401,0.033532661248859265,0.11723183096822797,0.03403775327980781,0.0863012414545766,0.04999120533466339
1019,0.08367286368074138,0.6379442934856213,0.03802755438449957,0.12372994568465982,0.03478703446937516,0.09139801748725815,0.050571855157613754
1020,0.08506088124892337,0.6583886025264598,0.037945949089503765,0.12658061386621178,0.0367956692259198,0.09096317572892415,0.09862038493156433
1021,0.0784143190400926,0.5704433221545483,0.0409449834972925,0.1165876033054719,0.032381718006007816,0.08529122121270992,0.13493697345256805
1022,0.0778091603434496,0.5742003934051074,0.040971574795329764,0.11714712031101228,0.032259215571250686,0.08324464704750631,0.16201387345790863
1023,0.07896181266168655,0.566979933004566,0.04554449525489645,0.12003527207627782,0.03255141891609514,0.08363163020131167,0.12292998284101486
1024,0.0780521787987612,0.5493299892775299,0.041477557902158145,0.11402790524149695,0.034134280160226675,0.08500157947008516,0.09200070053339005
1025,0.08242985892222521,0.5678474130031841,0.04215301469796101,0.11725221445585,0.0331231063571714,0.09510370632472559,0.12961523234844208
1026,0.0844854839711741,0.6254810473121186,0.03975874379307159,0.12343335858150688,0.034185206325938605,0.09441883662671396,0.17203646898269653
1027,0.08046367231037248,0.6392898223189141,0.03566259552319071,0.12189505649400832,0.031282056015925555,0.08724512540733216,0.12718968093395233
1028,0.07638553771772702,0.5912658407202244,0.036768103719623295,0.11598206614828059,0.033020215468575476,0.07968323230900022,0.10192632675170898
1029,0.07848130002836116,0.6055550867461967,0.036546673107043535,0.11783358934120827,0.033589499069780475,0.08332837271837808,0.07702452689409256
1030,0.08138101547438777,0.6313336033375672,0.035744843833021116,0.12082895233367054,0.03238958629252277,0.08973157125664721,0.09281014651060104
1031,0.08126540113014681,0.6060861110207618,0.039680060991630954,0.1205952109957925,0.033216425524167606,0.08889467115293866,0.0757986456155777
1032,0.0829808678021834,0.6166708704835637,0.04131662816052742,0.1235100913495326,0.03573579486891564,0.08885723601486212,0.11138352751731873
1033,0.07457905242605643,0.4772632485447422,0.04250607270037702,0.10461424067814348,0.031734804408259536,0.08578697972105256,0.13464857637882233
1034,0.07449703612541465,0.4772166457239201,0.041181461438290275,0.10347220205052311,0.03316956450571577,0.08530530360818127,0.14583562314510345
1035,0.07695785935341415,0.5064747242151582,0.04277680410878515,0.10901936412398129,0.031368305282669526,0.08879490249106942,0.1545609086751938
1036,0.07811584886627333,0.5313034134201329,0.03775044645734678,0.10825801316631622,0.03242057576860185,0.09172481906419834,0.14110442996025085
1037,0.07954050019223291,0.5510843450653629,0.03893871425296185,0.11210237579759057,0.03184879717957044,0.09277909917362462,0.1488514393568039
1038,0.0830735985088343,0.633058341120379,0.038607372182909355,0.12352893917397645,0.03437273642041127,0.0902884297542051,0.1581648290157318
1039,0.07834855082814486,0.61568430760185,0.03487554431348632,0.11784822478325255,0.031028285460994242,0.08519156831368244,0.11142056435346603
1040,0.07494414035062583,0.5662302203584839,0.03601654456380363,0.1117613553916151,0.03153164826780341,0.08071500776222983,0.11813674867153168
1041,0.07797672403058171,0.5832526137542162,0.03639062161652172,0.1145137633504781,0.03285309023244978,0.08548999419903784,0.09272941946983337
1042,0.07999478762396393,0.6240958481501218,0.035438900744135325,0.11953275037356195,0.032257755414549505,0.08716897340130328,0.06117815896868706
1043,0.08450265361450088,0.6423614024863121,0.039871770389077986,0.12594171783154,0.03344121657655776,0.09292222983279189,0.060387056320905685
1044,0.08511955844309758,0.6568456347332294,0.040738295245821,0.1287536294583079,0.035394229375476295,0.09044940923895717,0.1405373066663742
1045,0.0804990155170696,0.5825714778544431,0.04439415066201665,0.12127662597522042,0.030660360036215435,0.08842742991193506,0.1158112958073616
1046,0.07820871576753198,0.5402368257709216,0.04305591189528191,0.11408175673465903,0.03156330048600873,0.08763454329262868,0.1519981026649475
1047,0.07741297578405253,0.5272322459827433,0.0456247951116431,0.11442585952180029,0.031119448821142193,0.08553353860606977,0.1173766702413559
1048,0.07644949287952722,0.544810171908678,0.039744796890184175,0.11189699332139758,0.0320262180008092,0.08430329551176893,0.11690135300159454
1049,0.08049760143375478,0.565204664845216,0.039621307114488684,0.11470464393316403,0.0317869702361105,0.09318824154471042,0.16327700018882751
1050,0.08187414628390392,0.6311542966436574,0.037694413627720615,0.1224743969157116,0.03326683775246758,0.08888032194607903,0.19345538318157196
1051,0.07906979687543937,0.642310508286854,0.03593992155410902,0.1225642910873583,0.03002174309984449,0.08392916149365583,0.12298262864351273
1052,0.07389382503237098,0.5692209113475288,0.03563174004186368,0.11185876451410157,0.03164668655928603,0.07764074914980604,0.10737063735723495
1053,0.07656111895672373,0.5864846483725177,0.03552054553416579,0.11422970308250179,0.03225802020402584,0.08236631925527856,0.08364591002464294
1054,0.08068501822822037,0.622952565761051,0.03466159287820628,0.11870316043289837,0.03370816361470126,0.08852389158595633,0.08684602379798889
1055,0.08071141699201487,0.604309537060396,0.038391597870511066,0.11923701775478035,0.03312173052169975,0.08864249198612077,0.08111145347356796
1056,0.08202503137893502,0.611798179939849,0.040885851197309364,0.12244475530338643,0.035280923378038044,0.08755886744582488,0.10817750543355942
1057,0.07455036605457134,0.4798099572930709,0.04316591121336839,0.10554363208189732,0.03148073357905441,0.08511718669673841,0.1384173035621643
1058,0.07550589072064319,0.5040488992966013,0.042731386433906275,0.10863388827143416,0.031997268603387384,0.08458893721629993,0.1519521176815033
1059,0.07645951636569771,0.5112754724968176,0.04332012641829627,0.11017089014379931,0.0312528131424386,0.08651792963021052,0.15007242560386658
1060,0.07706434361977867,0.5364781605569324,0.03751607398824443,0.10879637206948556,0.032301792890696714,0.08846605061423185,0.12212850153446198
1061,0.07914469514930135,0.5515915697678055,0.038223832007051456,0.11156208025858776,0.031544973416796754,0.09242923969461728,0.14678257703781128
1062,0.0825327772501974,0.6299750537093282,0.03763606960866985,0.12225592448019247,0.034086114649855156,0.09016585319925119,0.15861497819423676
1063,0.07856174988007206,0.6318085125834645,0.03635336952047297,0.12141838995804315,0.030531150595687024,0.08308896418568426,0.11328276991844177
1064,0.07548664195512243,0.5708320070773953,0.03572988877902583,0.11217304853593577,0.03206526617248133,0.08137974000672174,0.11464162170886993
1065,0.07858327556846469,0.5952114757667283,0.03734261716302078,0.11703816839212185,0.03194339785953087,0.08574513734308178,0.10492575913667679
1066,0.08055387488139353,0.612974215702996,0.03531667299841413,0.1178391790990687,0.033691511810939545,0.08893380137757498,0.07044429332017899
1067,0.08125756104141844,0.6084478229103659,0.03856529192811108,0.11997708206843323,0.03253824460466381,0.09000738202494085,0.05444225296378136
1068,0.08335349381956852,0.6279700749534731,0.04109769023764533,0.12493660233990646,0.035448431592980986,0.08888520331253694,0.0973491445183754
1069,0.07789333248644478,0.5299978798476814,0.044859413470988735,0.11416490866765913,0.031494501112828276,0.08675468077979664,0.1339198499917984
1070,0.0763528562052803,0.5092261950444488,0.042907499523837135,0.10952445602678167,0.031707767112413285,0.08639215931772523,0.16318339109420776
1071,0.0756515242140382,0.49978928989927723,0.043925827589385756,0.10904917934794169,0.031019529535843304,0.08548157131529319,0.14880484342575073
1072,0.07616961141239165,0.5103653034722625,0.040380012146209183,0.10752076804993109,0.03199100413055141,0.08739363072615484,0.11856779456138611
1073,0.08012187418583597,0.5604781104267214,0.03960546678138624,0.11401584444500554,0.03178200000183666,0.09276204012006202,0.1662033498287201
1074,0.08219017496371803,0.6157760804890919,0.038930469657331615,0.12133698549044022,0.03439420608341143,0.08975818852310438,0.1954994648694992
1075,0.0791075937375577,0.6351925308597126,0.03618335017010263,0.12175609026861835,0.030801001457017512,0.08405842751835227,0.11779765039682388
1076,0.07445079151748844,0.5592195043740121,0.03639661155491741,0.11108559624335952,0.032694432927681295,0.07893215114843255,0.10150205343961716
1077,0.07863101489290394,0.6049567365634738,0.038104055442880286,0.11908300988867938,0.032180797728828,0.0838794592901669,0.08120972663164139
1078,0.0811852428951073,0.6277486126289579,0.03666268515002004,0.12110353193272545,0.03326495046368748,0.08818699586468376,0.07533972710371017
1079,0.08150171476012093,0.6063583832711572,0.038951959461836744,0.12001002000602537,0.03341859354227396,0.08987967873557065,0.07078780978918076
1080,0.08378917149760313,0.6273001954748794,0.04268358463047841,0.12620024332253565,0.035570187314394985,0.08887109481109429,0.10322537273168564
1081,0.07576866594942262,0.48495984528679514,0.04483249765529462,0.10770783303122326,0.03136041371817045,0.0866791154551927,0.11499114334583282
1082,0.07483980358362358,0.46806323683227063,0.04339212971121794,0.10405943072851119,0.032327191049687135,0.0864711657990413,0.12398926913738251
1083,0.07706401028039102,0.5072795679101669,0.0434283855899262,0.10969284020710345,0.030622179285789235,0.08915038621479421,0.12408950179815292
1084,0.07725411920461772,0.5299918562794091,0.03885078986616059,0.10901379935376752,0.03150911321644464,0.08949127931376309,0.09946991503238678
1085,0.07910646416473101,0.5417033724648731,0.039206163082086964,0.11099147870819927,0.032366777717037026,0.09210430208092854,0.11554877460002899
1086,0.08321309855446223,0.6236880978782804,0.040181462879934314,0.12353955359398373,0.03585912282967676,0.08936217915406819,0.13786134123802185
1087,0.07827921707326893,0.6198125560650415,0.03749669583535042,0.12068467586816342,0.030670780558099398,0.0828318225785096,0.10460690408945084
1088,0.07448741265772568,0.5601960939157482,0.03667581894732348,0.11146442965709845,0.03174310011030299,0.07953379626226934,0.10623088479042053
1089,0.07812483646066407,0.5850472411617315,0.039039893156388894,0.11704094287143782,0.03153814159639541,0.0848366013574721,0.08047410845756531
1090,0.08103112323075949,0.6238899277216787,0.037904036946240054,0.121616307057017,0.03120632067485354,0.08911578961920186,0.04802530258893967
1091,0.08506613351474834,0.6476312882410509,0.04035378884855783,0.1271077173331997,0.032166332578779454,0.09456707349257619,0.06347905844449997
1092,0.08841209500391085,0.6811503058955642,0.04399870362576642,0.1350203610928804,0.03648169412856439,0.09306896294199066,0.12004893273115158
1093,0.08194841064871543,0.5965303344899804,0.04525103398656758,0.12400521977276939,0.033444475084159396,0.0875896462841547,0.1868055760860443
1094,0.08067470745050855,0.5815085132315637,0.04473514445199061,0.12141705427764392,0.03413845496066858,0.0857443749053751,0.17384733259677887
1095,0.08067200723402415,0.5676446909276625,0.04575531367628557,0.12031093899791083,0.03455930419607139,0.08633655709883196,0.11662068963050842
1096,0.07830584067512393,0.5211191750913613,0.04268739284446436,0.11103479030830678,0.034656901512063805,0.08786083151376653,0.09160251170396805
1097,0.08337356869092388,0.5370289438343745,0.0416654089463658,0.11243162821608131,0.03693975566558757,0.09857735300358038,0.19535484910011292
1098,0.08823341808657528,0.6598033207883065,0.04337631848475835,0.13143731881383666,0.038967509967414826,0.09353767455448697,0.22526180744171143
1099,0.0827459319892667,0.6465206826404527,0.04086452555606933,0.12738683371098122,0.034218486133349386,0.08614665810669417,0.11839833110570908
1100,0.07800314297605561,0.6069694473804512,0.03860433783796873,0.11979935348689479,0.0347926268546374,0.07924066038531222,0.09571723639965057
1101,0.07940411336548929,0.6107294016848442,0.03980019825743527,0.1213615130327794,0.03521111160029123,0.08136026520115876,0.08034910261631012
1102,0.08312776882375066,0.6179563073908562,0.04173890092779622,0.12405567327966192,0.03511158378129733,0.08933001433697497,0.07579340040683746
1103,0.08551568504757014,0.6142299755196761,0.044159234313725794,0.12559791162886152,0.03757009343443723,0.09239612945043142,0.08333644270896912
1104,0.08619426632464389,0.6327689877740498,0.04574782060812985,0.12960798734611842,0.03992789347394869,0.08869033667521198,0.1004929319024086
1105,0.07772912392942383,0.46225518189012527,0.04659921760105839,0.1059786410709251,0.03743547369513987,0.0882677403856087,0.14997901022434235
1106,0.07632733443960027,0.46053781868114796,0.04309584560833531,0.1027304131901657,0.03709625500315577,0.08755183503974447,0.1446104347705841
1107,0.07916168193126247,0.5127576679981319,0.04386767492382038,0.110851959648722,0.03569497107259089,0.08946606092982295,0.15841630101203918
1108,0.0822381718821413,0.556382774127222,0.04181213910160387,0.11532222981954932,0.03528624162319444,0.09437256016348779,0.1686689704656601
1109,0.08612505936219782,0.586377467866555,0.04542509677383358,0.12270400692993665,0.03717350054561216,0.09695109420493878,0.15842501819133759
1110,0.0882629449850881,0.6660886585516224,0.04713427861564449,0.13555633289221278,0.0382125392552451,0.09067533557996663,0.16442294418811798
1111,0.08319388627974668,0.6430089028045014,0.04574454855612373,0.1310680277344634,0.03392101441863301,0.08441777538534398,0.11437277495861053
1112,0.07973958921376599,0.6074609913247824,0.041291331805586064,0.12217271173689981,0.0353597342196882,0.08144298012584196,0.12468317896127701
1113,0.08121286443179611,0.5995518635279862,0.040964333826457845,0.1207625523552476,0.03628079346539662,0.08592244959437562,0.10905364900827408
1114,0.0836929255356863,0.5871798616220352,0.04318918527436031,0.12090213903831384,0.03706681127821252,0.09193271369617675,0.06555242091417313
1115,0.08945654290459727,0.645838596380206,0.04549968714873725,0.1312623884675185,0.03834540989100084,0.09759866942393805,0.06886943429708481
1116,0.09063860560230565,0.6575229902971025,0.04964163885344516,0.13648183191682478,0.038824238114227784,0.09586335412916949,0.09819485247135162
1117,0.0840248643276362,0.5623372992278427,0.05086416594498394,0.12393175641396377,0.036674531477214965,0.09053787499621817,0.2052922248840332
1118,0.08223470802953453,0.567735075447496,0.048737344594937615,0.12287987757387453,0.03562077079145042,0.08745737976156062,0.1203957051038742
1119,0.08197221716675196,0.5590855446286889,0.04833482597915484,0.1212992143576597,0.035457723321285904,0.08826127673949048,0.12378490716218948
1120,0.08449929089196542,0.5715935809581416,0.05069367501483899,0.12510794729245367,0.036545037198094876,0.09092668852367494,0.08993957191705704
1121,0.08919842784931817,0.5841642216665802,0.051195582700632986,0.1273339596957683,0.038182587410851884,0.10046869786733229,0.15152688324451447
1122,0.09144510985511624,0.6614513992819934,0.052367138047637096,0.13937917536683084,0.03806417760307347,0.09621111825290336,0.22300733625888824
1123,0.08742347251874746,0.6678680600439777,0.04878376486241487,0.137224378459781,0.03567426385602666,0.08912823740022383,0.11304909735918045
1124,0.08144637891468252,0.6153846857706855,0.04382163376898809,0.12547349834065916,0.03592640592037532,0.0827526257869718,0.0817473754286766
1125,0.08173958577236444,0.6197844913294538,0.042544646206860236,0.1250074812243736,0.03639495580542905,0.08355672847292489,0.0776875838637352
1126,0.08601441662096322,0.6219075139904147,0.044478527754108155,0.12696838293072338,0.03748985954940782,0.09263868353753407,0.09153033792972565
1127,0.08709047595430174,0.6149304220315411,0.047369515059604746,0.12844964462702424,0.03814084234248557,0.09373213277600873,0.10026194900274277
1128,0.08893341664321656,0.6303862447396434,0.052717185327177736,0.13524133667181568,0.039325170512663286,0.09182120198242641,0.13501794636249542
1129,0.08126174853602888,0.4916329227852738,0.05274263933706883,0.11544125125824098,0.038007531490788664,0.08920212356867852,0.1858835071325302
1130,0.08208177278590344,0.5063464661882782,0.05161497542866394,0.11657661696575168,0.03783408247151298,0.09061551315362787,0.17692811787128448
1131,0.08100597624432511,0.5231265132488271,0.046038080781368784,0.11419357113386283,0.036026560487073575,0.09132381950357471,0.17643404006958008
1132,0.08472861396375347,0.557336291180889,0.047609160500956704,0.1204273220266613,0.03557513326634642,0.09650154001894026,0.17297475039958954
1133,0.08810780466953129,0.5890847851401749,0.050758117030059724,0.12766192676007618,0.03819106949601815,0.09717509111712846,0.1726161390542984
1134,0.09049175130275915,0.6632055455548533,0.05246381926027751,0.13971263730235978,0.0384197641818726,0.09298646478388432,0.2010093480348587
1135,0.08656308116188086,0.6529561311398868,0.048986154556229046,0.13526757978246587,0.036331849438098855,0.08789897262717825,0.1346752941608429
1136,0.0807002881936654,0.5986771567631212,0.04181850712119931,0.12136974278433099,0.03643113342332689,0.0838500258508792,0.1216128021478653
1137,0.08098885611724525,0.5897795610530003,0.04085276116937042,0.1192708754384604,0.03740276240892815,0.08562992120595944,0.09052062034606934
1138,0.08452193691843403,0.6082338229248967,0.04429396071729704,0.12485679817552556,0.03556167742225665,0.09206916037763418,0.06678684055805206
1139,0.0886003443384501,0.6272563000568303,0.047026213811106,0.12991622613192375,0.037337334709055724,0.09730408119488072,0.08190416544675827
1140,0.09153913160725737,0.6571549059089429,0.05475290878809103,0.1408103369482127,0.03817959678802978,0.09511641990074558,0.10417699068784714
1141,0.08619203658092706,0.5833812061591381,0.0519893877843025,0.1279025046949933,0.03574074187176073,0.09384025985163963,0.1966921091079712
1142,0.08335823458807039,0.5751689900479807,0.05074153105226945,0.12565973948022818,0.035514378566499964,0.08820779182630645,0.21734614670276642
1143,0.08246224168386318,0.5659095882278542,0.04869631013768888,0.12258392129342678,0.035909180116296825,0.08808970089711557,0.13368581235408783
1144,0.08345774621267149,0.5517717171746968,0.05008346477243201,0.12175321511561268,0.0351383761807856,0.09222865970049808,0.11239998787641525
1145,0.08856197536529338,0.5782594598465283,0.05147633337969756,0.12673106573210194,0.035754822268501185,0.10137028025402907,0.19109958410263062
1146,0.09192404096387556,0.6740579028390041,0.0529535171937909,0.14168271514310707,0.03732581424409925,0.09615864943685232,0.2307928502559662
1147,0.08790327927580295,0.669255912922109,0.048620086290079946,0.13728234723751268,0.03502372957601883,0.09096620079661806,0.12976640462875366
1148,0.08257225063689276,0.6277335028449176,0.044291869267603756,0.12764067406436289,0.03546378012112865,0.08435729183915003,0.10050658136606216
1149,0.08264879233406484,0.619849664952939,0.04221717810492595,0.12473610479749926,0.03698768228573342,0.08577586522084973,0.0808841660618782
1150,0.08570547456362053,0.6254623428288536,0.04358542019483492,0.12671069485683759,0.03615583678842579,0.09318183986035096,0.08693888038396835
1151,0.086613585103031,0.6072795156471,0.04640695528923897,0.12653160676893344,0.037177502932705685,0.09494188804440101,0.08848299831151962
1152,0.08917191110397463,0.6171579641910745,0.05457354402418421,0.13494274690516853,0.03898642029788259,0.09303473423326052,0.10421817004680634
1153,0.0800166335722101,0.4526428658969782,0.051304888232013346,0.10863888504129404,0.03664459713426882,0.09292269541996026,0.15904469788074493
1154,0.08101602891207425,0.4746725303070086,0.05050254152045447,0.11109825420424792,0.037300942143593405,0.09294478270384304,0.18741320073604584
1155,0.08402303168169702,0.5227833175622871,0.045898309690457904,0.1140247393864335,0.03826732220911942,0.09780778322855802,0.21710337698459625
1156,0.08954331244647672,0.6071032586756979,0.046644896511575606,0.12671037682073594,0.0362514416669425,0.1036525180510923,0.21556395292282104
1157,0.0932211886395997,0.6664456394243516,0.051248574679674565,0.13913386964319985,0.036201575313598244,0.10293975442170082,0.21675246953964233
1158,0.09631962042645151,0.7330302539999592,0.05264154764176201,0.14983993426436162,0.03923405786591823,0.09943921305874678,0.2615523338317871
1159,0.08988057417226242,0.677828896943309,0.047522382068181275,0.13756616990748521,0.03733503983812553,0.09413302044631225,0.19322599470615387
1160,0.08612839726073643,0.6450482236890429,0.042558469850565696,0.12862843468463386,0.03694295979297776,0.09197812229911498,0.17826221883296967
1161,0.08610984336732491,0.6167885186725645,0.04469495590097486,0.12642260772548766,0.038068061473704874,0.09287273371085006,0.1305512934923172
1162,0.08722929426021996,0.5801921504734237,0.04667758791548186,0.12289395399518785,0.03910595753072772,0.09813063663042872,0.07888704538345337
1163,0.0943538999206388,0.6642732759382045,0.04885989561827155,0.13677609280683342,0.040949825168897704,0.10396304655299202,0.09266673773527145
1164,0.09374587346402669,0.6708413861768974,0.052719462817484096,0.14102259472597173,0.039967676349318464,0.0994346648351945,0.13668638467788696
1165,0.09006129893814661,0.6062816275887588,0.052315985935208344,0.13145393474285844,0.03908777061774977,0.09844457988937097,0.20771025121212006
1166,0.08690494435635887,0.5871151008446335,0.05078582992648939,0.12740429720051,0.03951435621558785,0.09293477524090128,0.20453843474388123
1167,0.0859133793877682,0.5807735872068259,0.050593024796247575,0.12633310514061588,0.03830338698251878,0.09220486270861972,0.12430574744939804
1168,0.08892910690674015,0.5979523983918205,0.050994130071064285,0.12913102554545802,0.03873310854413957,0.09767392666513752,0.13762299716472626
1169,0.0940148399393895,0.6153098733181648,0.0490122173936332,0.12991188252570915,0.041355362999010235,0.10868196999919166,0.22671803832054138
1170,0.09453206667037271,0.6998986918682626,0.0466478731011423,0.13996941863930235,0.03996410825153429,0.10252134731404286,0.3071476221084595
1171,0.0910805038943554,0.6792518740180845,0.04467462570976802,0.1353285183252418,0.03899099515928268,0.09794181141051846,0.18585194647312164
1172,0.0842749172269271,0.6646648798649184,0.03977155726214162,0.12904203191968117,0.03618848543261726,0.08717931969078842,0.121208555996418
1173,0.0834204395348505,0.6163071829136002,0.04058111769047301,0.12282769843663403,0.036560099747810604,0.0899418853094498,0.10109027475118637
1174,0.08998201043016875,0.6434080899872365,0.04426110062246711,0.12985352767457703,0.03910021424526037,0.09961600450310637,0.100792296230793
1175,0.09190388748878307,0.6530694434360903,0.04419987425318991,0.13118124127931854,0.04029834014791246,0.10269105684532638,0.1032271534204483
1176,0.0927365630639577,0.6604002928401447,0.04739785850580617,0.1349696348392831,0.042582086253967324,0.09966779246928952,0.12378396838903427
1177,0.0846637447238693,0.49923387798486285,0.04696865832070962,0.11157797541558866,0.040431543063328544,0.09981696932158801,0.18938837945461273
1178,0.0841027310318355,0.5127169383102506,0.044423964050537,0.11132296037335321,0.04068676083457911,0.0982740042806069,0.20952820777893066
1179,0.08319368381832472,0.535121179987327,0.04331828403914428,0.11357584060317037,0.03777610089832593,0.09634968168658374,0.20546409487724304
1180,0.0895259600095104,0.58934037458312,0.04599202007399376,0.12361321357529752,0.03734942199344945,0.10535408390349998,0.19889883697032928
1181,0.09307829882804462,0.6412703741460595,0.047425572176515794,0.13226054388645062,0.0381969482267746,0.10681501617805067,0.19292540848255157
1182,0.09480621810832103,0.7133099573698075,0.0465507517035109,0.1418020667986961,0.0394275169274599,0.10214121403749635,0.24556173384189606
1183,0.08945353507335635,0.6570136248542522,0.043727570257572144,0.13133986377138357,0.03855361062722148,0.09734043135295055,0.17443035542964935
1184,0.08374502987807202,0.623240666326198,0.0400432949525352,0.12335720514877277,0.03610315259094093,0.09077101914244856,0.18475808203220367
1185,0.08500346386259112,0.6110870002403412,0.04191001671203998,0.12322101435894016,0.03681497730151711,0.0937280329192255,0.1490897536277771
1186,0.0866539058217025,0.5890327417692067,0.04555282038219455,0.12319280915176771,0.037714563970704336,0.09750428952751883,0.09118367731571198
1187,0.09279782801548085,0.6628379411222933,0.04559261547768717,0.13377051914120233,0.03927266295561887,0.1037812427078538,0.08437357097864151
1188,0.09328667223027322,0.6687772535197725,0.04701388688499588,0.13583722497567824,0.04117747947937232,0.10165048223508216,0.1239459216594696
1189,0.089081115041825,0.5970988057686527,0.04862680755504545,0.12697995015698932,0.037174459275675434,0.10133795811143709,0.21564218401908875
1190,0.08623650192841156,0.5725969259480124,0.04736283379469126,0.12239627553087998,0.0374211883473205,0.09731009940970639,0.23148378729820251
1191,0.08476643361743935,0.5611707327324635,0.04770177290616357,0.12105448145277786,0.0371655547029131,0.0946651608117286,0.17282207310199738
1192,0.08758840232877431,0.5595872611163316,0.049483765075083674,0.12235569308097623,0.03614493686244734,0.10218005520363371,0.1560702621936798
1193,0.09238053552690349,0.6079415666425051,0.04809985235893468,0.12807724011373045,0.036112214630723095,0.11038069979758777,0.2986569106578827
1194,0.095510930093314,0.7154751924933183,0.04748121217040935,0.14290892364511062,0.038237835299567695,0.10415164368002,0.37419593334198
1195,0.09140779151090518,0.6939319339682959,0.043852626448351306,0.13672109895120052,0.03610693641031453,0.10014689571366352,0.18332204222679138
1196,0.08352101507289696,0.657191213138554,0.039282940239761206,0.12755555065387444,0.034414793266429544,0.08795874052020064,0.13888145983219147
1197,0.08240655010860475,0.6106744991891933,0.03962640607864714,0.12120470509443944,0.035318949252231724,0.08965981524532578,0.1187019795179367
1198,0.08983539531410938,0.6478413646266892,0.045386616902599715,0.13145158086318393,0.03841078454620255,0.09841776738058758,0.11172068119049072
1199,0.09121111302131014,0.6338349713518538,0.04536840021775918,0.12943505323691556,0.040053886402224785,0.10252773862435502,0.10840486735105515
1200,0.09168453522489207,0.6422869984232744,0.048499999282253604,0.13332671344525657,0.04051734486395432,0.1000189208478937,0.1625845581293106
1201,0.0838577410627041,0.5042934142168584,0.04807406902716127,0.11324826119711802,0.03806250470242319,0.0982118677603377,0.20271989703178406
1202,0.08467131301816909,0.5489956815138424,0.04534518685155001,0.1172952575175918,0.03742024934508491,0.09747004229512288,0.21973465383052826
1203,0.08473428458907631,0.5563842313567792,0.04540389044792212,0.11840108200633027,0.03623830096762478,0.0977098225177492,0.23143772780895233
1204,0.09079803913271417,0.6058015871110956,0.04771204015637639,0.12743911829276483,0.035626801632188176,0.10701192768063009,0.22519788146018982
1205,0.09345550126821998,0.6462948607697458,0.04866465642463005,0.13404039990250374,0.03671120710114923,0.1075949723594086,0.23155158758163452
1206,0.09496650206108564,0.7246197674226389,0.04749078337114688,0.14422349537850288,0.03803529172193371,0.1016814419551035,0.26298779249191284
1207,0.08909824375537725,0.6693045381008362,0.04461202876367074,0.13385381581183725,0.03606193636223886,0.09634388717497086,0.18879711627960205
1208,0.08232094540226127,0.6155471832864674,0.03944936423834628,0.12174905267379213,0.03435493390176198,0.08979161160260865,0.17182163894176483
1209,0.08348476779444652,0.6132069914736415,0.039975965002114894,0.12186611164090441,0.03597923077996453,0.09146843681646763,0.1283818632364273
1210,0.08726855211094754,0.6088794198627892,0.04492488033773368,0.12548981455559874,0.037569341370892975,0.0973117568694255,0.095597043633461
1211,0.09121119902844929,0.6238314385848653,0.04712368341150924,0.12951050557913155,0.040412194567339056,0.10214843470007376,0.08659687638282776
1212,0.09172096526524388,0.6349732045987444,0.048750125904359655,0.13249628000355748,0.041213513169210056,0.10023658545324904,0.11383969336748123
1213,0.08787183428431224,0.5567039460050467,0.04872344752335955,0.12129209016360057,0.039169646495005636,0.10124352470557818,0.17387153208255768
1214,0.08515275311051919,0.5252005753336415,0.04602965263585838,0.11448264159268452,0.03867576514934539,0.10015646515465157,0.2579291760921478
1215,0.08343533631899501,0.5407224854688412,0.04336196025808977,0.11441346385962567,0.03843330852151842,0.09570624904373523,0.1874742954969406
1216,0.08869365965098489,0.5715681174409273,0.047942844515740525,0.12274645493362436,0.03752762252893579,0.1036677462604683,0.20059984922409058
1217,0.09368338738969104,0.6156072169871807,0.04734014664203484,0.12852115669134137,0.039495911261235646,0.11061438086314546,0.22005508840084076
1218,0.09458710977237317,0.7113931246108373,0.04430390578154416,0.1396023656143003,0.03768481159021462,0.1049882718200757,0.25346115231513977
1219,0.08880296546242819,0.6744724109745179,0.040305778285909956,0.13090101152713965,0.03781976748056123,0.09657747338993927,0.17733526229858398
1220,0.08371671556557364,0.6241607973943137,0.038732914754876106,0.1223654694176529,0.03754252988104934,0.09030146841896304,0.15054328739643097
1221,0.08279132665407082,0.594962404807817,0.038030568312604845,0.11759225924049231,0.03823925800685862,0.0913235707072627,0.11607572436332703
1222,0.08813320680082584,0.6335815406378387,0.04334920533491676,0.1276681103781913,0.03577452635097073,0.0993540115642543,0.10622978210449219
1223,0.09095351418458004,0.6464973398803827,0.04341545177520794,0.12957000721880435,0.039220138203372126,0.1024307867631907,0.10823361575603485
1224,0.09046389922801773,0.6544421837266219,0.04216809634868496,0.12963582311696165,0.03946564616962179,0.10081193725128823,0.13590730726718903
1225,0.08309886275202956,0.5091988207605893,0.04084431641504667,0.10775210275012419,0.039912916560051324,0.09931498067167772,0.16269734501838684
1226,0.08262962378846823,0.5099164631144089,0.04195988781253641,0.10881082714137534,0.03890867334158638,0.09797690249569614,0.18144643306732178
1227,0.08275017854648113,0.5401927915786642,0.039491576966165017,0.11102032191080775,0.03781866320121137,0.09732887902980639,0.1998484581708908
1228,0.08964535546376398,0.61130627379143,0.043942764367579455,0.12499469428527236,0.03413589689653625,0.10728546024126845,0.18989786505699158
1229,0.09340328778873869,0.6546082828137352,0.043797376978865106,0.13105607781241796,0.04007562080319433,0.10711880513037064,0.19154925644397736
1230,0.09518307220779142,0.7305455616271846,0.043485152887148854,0.1416366398500111,0.0389174034036232,0.10376866072449638,0.2355392873287201
1231,0.08933082837194255,0.6643441670684036,0.03967440159319654,0.12891293951822613,0.037724181592543045,0.09985229705091894,0.16779106855392456
1232,0.085379450442085,0.6273811121646535,0.039237799957959486,0.12325827313034433,0.038656782878163036,0.09311781470828978,0.16188672184944153
1233,0.08565377261272288,0.6077213660076513,0.03783378738361479,0.11924629861562,0.039211844743370715,0.09689699924587103,0.14462877810001373
1234,0.08717126588728535,0.5961664395036248,0.04160804863379194,0.12083067590091091,0.03789839348430392,0.1008330454779717,0.11178144067525864
1235,0.090415139491286,0.6205768823671618,0.04139348011865745,0.12413396615415806,0.04145214654783887,0.10375378498678917,0.09345743805170059
1236,0.0908332752220281,0.6229680530133792,0.04161770242249993,0.12466775250691124,0.0410588234994586,0.10478075285500364,0.10742935538291931
1237,0.08593523143717499,0.534571122885305,0.04148149353007709,0.1119228691522525,0.03935577645187852,0.1039530715486166,0.16255944967269897
1238,0.08626620861904169,0.5288152622861011,0.04266318802072069,0.11211348434434644,0.040564297899510736,0.10363901423898961,0.2302105575799942
1239,0.0842330185681296,0.5368132195003193,0.03977179290066255,0.11077771098632781,0.039507837805920105,0.10014094586913946,0.21538962423801422
1240,0.08787587831130868,0.590805558445112,0.043251446894297545,0.12147346283012816,0.03657190980759857,0.10336896429808798,0.20269125699996948
1241,0.09121901576443726,0.6229804479976936,0.04446084686792209,0.12710650417217514,0.037691282964383774,0.10665422960771345,0.208082377910614
1242,0.09512328338503591,0.7141016643621066,0.04489938837184906,0.14049971351331442,0.038779143769646605,0.10472002918625781,0.23572136461734772
1243,0.09015756286307555,0.6828555158409754,0.040406432542666786,0.13218487301385373,0.036932710466863104,0.09995541232783055,0.15568184852600098
1244,0.08534831238293066,0.6152029385305311,0.04083904546924493,0.12289103019228582,0.03750980632671186,0.09435712709893632,0.12468129396438599
1245,0.08410280175112349,0.5857437849659328,0.03871194902038868,0.1168593541554664,0.03841649487975147,0.09541633690977394,0.11259517073631287
1246,0.08960122550357418,0.6397226430994886,0.043369832982036595,0.128563091570244,0.03909272387015218,0.09970453162448228,0.10262782126665115
1247,0.09192410282291891,0.659353641443577,0.044575162156582034,0.13240065919758132,0.0391684992920932,0.10266826908456173,0.11957931518554688
1248,0.09116237340328358,0.6413958630560925,0.045403397713168786,0.1305451784764436,0.04043215963592189,0.10109135601071001,0.12227863818407059
1249,0.08590527468976195,0.5269611888654588,0.04696011718256654,0.11553169885155119,0.039691728173151745,0.10041900675023027,0.12422008067369461
1250,0.08753910392354634,0.5507184152105524,0.047782993562359356,0.11963091094067267,0.03929409206459409,0.10167315816014402,0.13970421254634857
1251,0.08545638600964146,0.5544357001396749,0.04229364811813371,0.11545679840692527,0.03984027509379021,0.09912012221338797,0.1415879875421524
1252,0.08893813426592913,0.5921881566917704,0.04412541405355189,0.12242009157329739,0.03792978195754652,0.10427372989181669,0.12761662900447845
1253,0.09115598379915953,0.6270057313231383,0.0458915482882419,0.12890786015036995,0.03773195898831191,0.10486911370134208,0.11723416298627853
1254,0.09417757344551164,0.7221628858950929,0.04428354646894043,0.14112345210124794,0.03746055857051161,0.10272731763736737,0.15771669149398804
1255,0.08981841144084177,0.6677749342160852,0.041863989817979196,0.13127983901770862,0.038164632075395284,0.09873671925584895,0.13396228849887848
1256,0.08478105905712081,0.6014131148608376,0.040624503748579614,0.12073716247890218,0.038414654175898226,0.0938900728341319,0.1274576485157013
1257,0.08470182170311814,0.5889110661403437,0.03809721810044397,0.11678491067757249,0.03928822625022781,0.09636601487174962,0.1050887480378151
1258,0.08698870599093604,0.6015017808119896,0.04171112287308884,0.12168121686436037,0.039830932276558505,0.0978958109767701,0.08375516533851624
1259,0.08828607316675746,0.6156827133718004,0.04196170125145452,0.12392184584007536,0.039671837428450686,0.09964222834862271,0.07591578364372253
1260,0.08916306349524938,0.6156112160554911,0.04388477503413448,0.1255599808943283,0.03965188164802896,0.10063804488737321,0.08665236830711365
1261,0.08585137918508527,0.5398801138782245,0.04385408511228309,0.11471494636456045,0.04169466060013618,0.09923288666487498,0.10944457352161407
1262,0.08520104287898257,0.5243204602859061,0.04398037308901114,0.1126003855457104,0.04181535808456146,0.09918909224071418,0.1606799066066742
1263,0.08375182881800063,0.5386473720148663,0.041982469537475316,0.11293459846281688,0.04007853207266319,0.09643104003095668,0.15264829993247986
1264,0.08592188525821116,0.577157664395562,0.04411010293687021,0.1202597545738262,0.039235226996115306,0.09672707558638188,0.14270947873592377
1265,0.08909449932205858,0.6079644767093411,0.04533788217407084,0.1257131099648237,0.03931995487795348,0.10060594139823104,0.14671649038791656
1266,0.09143504235155175,0.6952393292423974,0.046044241436343177,0.1387863968372081,0.03560179310937807,0.09885670026350443,0.16197659075260162
1267,0.08853734097965595,0.6696905072285722,0.04231861207768924,0.13194316852781537,0.037363569481527074,0.09533429193587922,0.12693366408348083
1268,0.0827997925825903,0.5978824992992524,0.04105543322780598,0.12060215695229833,0.03761992930058378,0.08925510413085153,0.10566014796495438
1269,0.08234259186019693,0.5690899493969312,0.04152508777070082,0.11689149657444801,0.03862053084595207,0.09036910362269149,0.08722011744976044
1270,0.08720676572054141,0.6235941667016336,0.044828020482599845,0.12750889851389038,0.03920422416902541,0.09394462338393757,0.08507383614778519
1271,0.08981282160265812,0.6426889287431143,0.0456114259508251,0.1309082120640093,0.04071781053764629,0.09681248963086118,0.10604389756917953
1272,0.08879336239523337,0.6281667850314105,0.04727862599864343,0.13026264871761017,0.03896845960603455,0.09610452680370268,0.1098175048828125
1273,0.08435690105209855,0.5132833677172096,0.049736040506208966,0.11595708725063762,0.040280466803593526,0.09527361809581873,0.09838728606700897
1274,0.08508937223137983,0.5324114554653034,0.04780531450401595,0.11703476321277129,0.04085931527109426,0.09583845496291218,0.11416449397802353
1275,0.08338673992757308,0.537511629927371,0.044272180863192935,0.11473495930093268,0.03978928221917416,0.09410482347073246,0.09315533936023712
1276,0.08584780509803282,0.5732418988347265,0.045609553059032554,0.12098560245556025,0.03870266466694361,0.09635423028739935,0.08894003927707672
1277,0.08790990233719986,0.6063947545754492,0.045385258636912694,0.1255294723424179,0.0395400842536495,0.09731636940574062,0.09676629304885864
1278,0.09244613684523913,0.69684748905755,0.04540626123027482,0.1384692937770284,0.03809986105003358,0.09972886585072838,0.12944884598255157
1279,0.0880229276398794,0.6532007384701549,0.04353219594865267,0.13062770202315302,0.03821958367001245,0.09432167602814855,0.11489541083574295
1280,0.0833785281140997,0.5886767133231574,0.04252612617142774,0.12054763862167484,0.037656281823663526,0.09086252192410309,0.10923953354358673
1281,0.08388201835756502,0.5881107879249047,0.041136719942251355,0.11927587251120184,0.03828598386941303,0.09280892615026577,0.10435830801725388
1282,0.08421853409676201,0.5835825676699105,0.0431242954084896,0.12033262001726401,0.03929366878933593,0.09192796606032061,0.07753291726112366
1283,0.08663732510638483,0.604788363707705,0.043251028841689854,0.12347064810826344,0.04003321229840339,0.09518676618672484,0.06056690961122513
1284,0.08849416513756846,0.6130501933575998,0.045433460981000574,0.12652156560622904,0.04100427865785743,0.0967738403972376,0.059486765414476395
1285,0.08477139119838571,0.5503104109455588,0.046193324886995256,0.11821005146679005,0.040616255796369585,0.09414830694029602,0.06776347756385803
1286,0.08408579750024484,0.5423299310704881,0.04546763136730112,0.11644795989632785,0.039229163899782434,0.09501845980407682,0.10575024783611298
1287,0.08256756932393117,0.547542218395485,0.0432956609158805,0.11533088341296684,0.03938309369195141,0.09168608567400721,0.11838869750499725
1288,0.082575773433534,0.5685947609227561,0.04132335212635432,0.11664783909726886,0.03835153041865714,0.09145892861578328,0.1018843874335289
1289,0.08462737616357506,0.592881273239599,0.04091126635064793,0.11976412447764094,0.038592718756714085,0.09416304661977078,0.11383270472288132
1290,0.09035277324473162,0.6792822978202022,0.0433229335110478,0.13417427126949844,0.03817611898794889,0.09766353494774555,0.1387191116809845
1291,0.0873498258310001,0.666425126212087,0.04209536028736908,0.1312853268480431,0.037487685307261334,0.09253563539935891,0.11344592273235321
1292,0.08102629999913881,0.5890665021218533,0.038752874020315686,0.11736910660624962,0.03750720171329246,0.08730555521803239,0.10331637412309647
1293,0.08047239359742418,0.5638648332322812,0.039150179369030445,0.11410941563520913,0.03789968616483563,0.08829111831787739,0.09292557090520859
1294,0.08320392870633103,0.5968770524592963,0.04145179776882499,0.12079826272460661,0.03727185218473054,0.09049945339674033,0.09154727309942245
1295,0.08446798476487398,0.6006609657310475,0.04089382959334473,0.12086056332730226,0.038611832931947906,0.09274861137655956,0.09602438658475876
1296,0.08518007654423626,0.5989910910520382,0.0438207645991525,0.12313081123527901,0.039109007419229895,0.09228536917395443,0.11007770150899887
1297,0.08094682955832581,0.5037627425568346,0.04501861520411518,0.11055349054021794,0.03987174083855379,0.0909817038289707,0.09364449232816696
1298,0.08055707952074348,0.4972902886411985,0.044046747425870746,0.10879582474234614,0.039641443772001024,0.09164935873199076,0.09118442237377167
1299,0.07958127592591786,0.520342869164171,0.0415692327002063,0.1099654664807727,0.037594130367926915,0.08973386155366198,0.08855908364057541
1300,0.08156214952256836,0.5691533082499382,0.04161799476270623,0.11698018240373935,0.0362875426512401,0.09018665176395596,0.08243267983198166
1301,0.08420372905664576,0.6070799101910211,0.04127624159586438,0.12210533710945819,0.03704405811481836,0.09230453408453387,0.07837484031915665
1302,0.09006245809077162,0.7005793835231096,0.042978136505438545,0.13692117179367727,0.036927607051075104,0.09555407826046367,0.10791231691837311
1303,0.08702228139470912,0.6508824108280814,0.04240327953460856,0.1293288697193904,0.038337312125191425,0.09260336472144098,0.0882095918059349
1304,0.08261469992370402,0.5919077990965231,0.0396577227638934,0.11855059081141193,0.04021331034962356,0.08827201127427996,0.09305114299058914
1305,0.08177340164981635,0.5635898013513446,0.03926738438440803,0.11417058680825612,0.039327355692104,0.09056615484917988,0.08816462010145187
1306,0.08319820502686816,0.583884272422339,0.04038644629782793,0.11802899288704381,0.03806574007968949,0.09221217247799578,0.06696587055921555
1307,0.08846376305811887,0.6522122213326098,0.04179771529794213,0.12899978758860892,0.03929821675803889,0.09601459460651005,0.07860136032104492
1308,0.08916324022281624,0.6348082452897561,0.04404255769103297,0.128437655919422,0.03954354852886764,0.09821535672049124,0.10136404633522034
1309,0.08645860205275806,0.6021581528642604,0.04621740015803074,0.1256375076874921,0.039171315438550604,0.09355343540979727,0.09820915758609772
1310,0.08525050833533876,0.5877880806310474,0.04621335088280846,0.12358116941827116,0.0399680948459867,0.09133329169095597,0.11603196710348129
1311,0.08405014552952482,0.5872722514695132,0.0445266588894155,0.12206174354371517,0.039954381565709865,0.08937379073544632,0.10392139106988907
1312,0.08350408828734496,0.5814699851335365,0.04564590276885014,0.12219220024951961,0.038323730831461914,0.08918480309433978,0.10475368052721024
1313,0.08729922296108303,0.6054224090226568,0.04311653305178534,0.12344594390476696,0.039700431668664674,0.09731978451622567,0.11987321823835373
1314,0.09197578684745053,0.6957088057649614,0.04458983417197757,0.1376068301138324,0.036567632683910396,0.10053075888246399,0.16021628677845
1315,0.08974650240948329,0.6633188963720177,0.04401091957052708,0.13248348768502574,0.03825937275181709,0.09740287874384154,0.14263230562210083
1316,0.08390293530044204,0.6215698405898925,0.04117430823746961,0.12408795571638717,0.038243867870342695,0.088692726437827,0.11666633933782578
1317,0.08147368874054953,0.5801620448622141,0.0384158896427149,0.11580819753121478,0.038720033483185035,0.0888404418989114,0.09268052130937576
1318,0.08334822270888045,0.5942417966014337,0.04131157106615619,0.12030160328548156,0.03813634019839957,0.09057441190102528,0.08320526778697968
1319,0.08465966797885124,0.6001966316449607,0.04029747368458628,0.12028306767892549,0.04021815239898453,0.09237551937366965,0.09643974900245667
1320,0.08455891320718856,0.5786314208421859,0.04217532186790374,0.11881190743565831,0.03961056862699695,0.09391734476494518,0.10158460587263107
1321,0.08108137356413135,0.4935615502010523,0.046054274211446374,0.10998388506710437,0.040813625957586266,0.09102595515475687,0.09708371013402939
1322,0.08179102219692941,0.5050020345252203,0.04455221399777961,0.110330759787414,0.040893374926516186,0.09260419316686694,0.11198119074106216
1323,0.08308811185075173,0.5400634755011312,0.04122408552717006,0.11248685552345024,0.040613748704591716,0.09452927889003052,0.11106856912374496
1324,0.08469332705912712,0.5788143051936407,0.04266127431357323,0.11925456443929718,0.037463845143391246,0.0957780410277472,0.10406208038330078
1325,0.08547800847030564,0.6130822278945655,0.04189350041286485,0.12349189005310779,0.037916022550910755,0.09383259976482428,0.10769867151975632
1326,0.08959945457561296,0.6863626432763845,0.04189587502585651,0.13396255620450334,0.037182947840506776,0.09664618404355176,0.13530343770980835
1327,0.08730282592584339,0.6540988579145373,0.04204101097511895,0.1294778462521787,0.037734531649591764,0.09377194063202013,0.10820872336626053
1328,0.08255914898072544,0.5877016820629835,0.0401020968677061,0.11833060903846003,0.037525896513705415,0.0906632173388502,0.10484635829925537
1329,0.08212675247714915,0.5659204922362437,0.03746489579757303,0.11295855243166884,0.03837540316311202,0.09343135816672692,0.10806477069854736
1330,0.0827770230044235,0.5768302956504661,0.04045527207339652,0.1170802754415493,0.03650992120355461,0.09324539119769869,0.07052508741617203
1331,0.08840143501956224,0.6364763201246633,0.041169542793183266,0.12621336812625183,0.04042268073360224,0.09729740355142388,0.06804642081260681
1332,0.0879542506739306,0.6213871169555534,0.04165874490595425,0.12447708377018267,0.03751024019572218,0.10013528088314243,0.09930386394262314
1333,0.08539062755094984,0.584189785261324,0.04383059727181646,0.12102476698460325,0.038545740745559054,0.09520003150122004,0.10499373078346252
1334,0.08588230397867963,0.5990951806771323,0.045510418754048154,0.1245939561716316,0.038098788161889906,0.09382018464953767,0.12341377139091492
1335,0.08625827236111483,0.6119114458338039,0.04474726797131381,0.12577072195166952,0.03952333682934483,0.09257794755967821,0.11546146869659424
1336,0.08430905625366202,0.5939340786022098,0.04592710530036673,0.12421381577205859,0.03807162252607418,0.08985014618670434,0.1084429919719696
1337,0.08750656242607396,0.5978718576859168,0.04338185878526496,0.12259471577107235,0.03876063805497062,0.09945711207391576,0.1283181756734848
1338,0.0918645384475138,0.6948736315592502,0.04361677882301682,0.13665347207105016,0.03637348558375676,0.10122889278270689,0.18901614844799042
1339,0.08929433166274027,0.6616510970842588,0.042864416171626014,0.13126251344485926,0.03676315202685907,0.09853695478478214,0.15863536298274994
1340,0.08438052465085238,0.6255343690416623,0.042349438463878224,0.12566157140356166,0.03612929706569574,0.09047943287924382,0.1285082846879959
1341,0.08293422008465628,0.5947594615441089,0.039003512775326814,0.11839721974229568,0.03825627052626564,0.09099730124781362,0.11917798221111298
1342,0.08494634361732555,0.5935588716132352,0.04209183787818016,0.12087284269747371,0.038046503926244854,0.09454801665189147,0.10129422694444656
1343,0.0848563540790649,0.571804725782696,0.04058996135621799,0.11647778484571487,0.04063680780430451,0.09587970514866154,0.09797432273626328
1344,0.08417150360849288,0.5602350018569598,0.0407207498349103,0.11493707155234596,0.03975284450835846,0.09611795837023901,0.11392547935247421
1345,0.08090620920955123,0.4827446279701614,0.04384839432893261,0.10654785627767957,0.04077294829402113,0.09358637132602776,0.11962134391069412
1346,0.08088807369161856,0.48660995972268994,0.0443866686230362,0.10756142449441532,0.03908528568699782,0.09412633124321454,0.1494901031255722
1347,0.08347278411416018,0.5337504835911531,0.042054192740441476,0.11229652000482886,0.039156993734753655,0.09702833179180581,0.15457196533679962
1348,0.08735551762139736,0.5871710945063472,0.04291933713858031,0.12066958819111842,0.03897765700674382,0.10053633391071323,0.15085799992084503
1349,0.0894967172319921,0.6366209973056949,0.042850264201894334,0.12767465464529443,0.039792063933771736,0.0995825936312954,0.16827215254306793
1350,0.09112374868875318,0.7030838808868995,0.04105315837828354,0.1356289758795144,0.03733532998619463,0.09924654126157585,0.20331941545009613
1351,0.08890913483171073,0.6727282274531978,0.040571057460227204,0.13087922460208015,0.03814999137330079,0.0965995568087462,0.16037024557590485
1352,0.08512026403325407,0.5949276642300629,0.04054627351451195,0.11974361504530495,0.0376044569157193,0.09640116312555248,0.14688362181186676
1353,0.08360815556988932,0.5629773346257674,0.038908544908894636,0.11377551486844788,0.039573798789395806,0.0957417783665824,0.12232482433319092
1354,0.08587249388058892,0.5704077464607455,0.04370886195534638,0.11895155974183196,0.04061073160590415,0.0965323532423504,0.07123470306396484
1355,0.08895627910707579,0.641669504030079,0.04019121313755464,0.12611668326505815,0.039687708222089536,0.09955092499320424,0.06970272958278656
1356,0.08800758487686001,0.6209520986477806,0.0397397440707734,0.12277008043891727,0.038762852400445254,0.10067954217692285,0.10931871086359024
1357,0.08597044077240286,0.5746769968776073,0.04215920261508752,0.11823317322401891,0.039339501646297105,0.09854262161258134,0.14115780591964722
1358,0.08683955669321854,0.5979527781290812,0.04359142099108379,0.12278590058222627,0.039239398480537424,0.09703664422643277,0.1516030728816986
1359,0.08814412460097007,0.6053588971831425,0.045648005395070725,0.12560670422193812,0.041389414894276985,0.09627473842597944,0.1232939213514328
1360,0.08676878395698312,0.5834300608501829,0.04847805427468299,0.12489976949975443,0.04111159149859343,0.09335421500814921,0.11131037026643753
1361,0.09012113186322322,0.6049963960879013,0.04459510384005854,0.12465243130403607,0.0402698034258911,0.10352615723517761,0.1496885120868683
1362,0.0923866321482024,0.6901383261038356,0.04335976786068924,0.13575670475256732,0.03559800327896804,0.1041278688799632,0.23014874756336212
1363,0.08976701718222886,0.6670968628153193,0.04115116236441053,0.13057197671454032,0.036402260649044615,0.10075683955799256,0.176843523979187
1364,0.08513432613919479,0.6254209198631038,0.04101654283972169,0.12450288241449055,0.03777172896526347,0.09212911192550088,0.12618222832679749
1365,0.08400154675219378,0.5844954309057987,0.039206714254978625,0.11710510234795292,0.04016594370259257,0.09339208827430558,0.11921112984418869
1366,0.08804782604034066,0.6147293182720778,0.04393970003878208,0.12548107407211,0.0395958343297662,0.09768922675929509,0.10657250881195068
1367,0.0888073623384174,0.6224200591533584,0.041023902108424055,0.12408049597198612,0.04125043021366161,0.09955568601820614,0.1264359951019287
1368,0.08686862476968094,0.5932934044284629,0.040450138345015256,0.11942774778550778,0.039235079154481066,0.10005874454413236,0.13530972599983215
1369,0.08310024039061949,0.5083485286078127,0.041881578210476444,0.10851971398152448,0.03949954628859069,0.0990088083378528,0.17576178908348083
1370,0.08197678066352018,0.48275352118563936,0.04269934866584733,0.10556423045438905,0.040881104192281956,0.09729647900884336,0.21324551105499268
1371,0.08483799633006943,0.5295743238692117,0.04263251401861373,0.1121956297115563,0.03927172365489965,0.10077055571204199,0.21809546649456024
1372,0.08981672775960838,0.6058038470600553,0.04350363715983443,0.12383223857415168,0.038821261972617635,0.10467418836049991,0.21960486471652985
1373,0.09374297279829902,0.6789443653857102,0.04439824953602178,0.13504769465740588,0.04102091498361547,0.1037331417594286,0.21731597185134888
1374,0.09547736259946081,0.7412334961900238,0.04208743207800994,0.14196544123686908,0.039897898702223766,0.10343232470181102,0.2643105685710907
1375,0.09221643774261543,0.691424295557923,0.039692563684914396,0.1327970968096299,0.04045015736255848,0.10200385639152756,0.19607366621494293
1376,0.08760161143875828,0.6140202634388505,0.041028124830821126,0.12288414463196819,0.042526440076556135,0.09617016983662646,0.16310064494609833
1377,0.08586734587878982,0.572827925339378,0.04048586528077248,0.1165347310034304,0.04133641320511199,0.09799794998419736,0.12206048518419266
1378,0.08926090915665433,0.6027909332476775,0.04389891411276306,0.12374063113203657,0.03882278530858797,0.10322451079525294,0.07716376334428787
1379,0.09290028756216005,0.668253626053885,0.04076144236072403,0.13040318288831848,0.04230942507143108,0.10435225883115926,0.08965947479009628
1380,0.09268244708369622,0.6475983327387946,0.04308625572885715,0.12944512387313392,0.04108434244845035,0.10566344644877837,0.13093425333499908
1381,0.09163874821067414,0.6220924764450375,0.044586069007841726,0.12708698435601254,0.04018652320675819,0.10564223846192948,0.2025861293077469
1382,0.0921420609000315,0.6530839633339727,0.045213327200944016,0.1320519895056624,0.04137452906284801,0.10164246372763999,0.20952197909355164
1383,0.09151605140693406,0.6515560372372597,0.04372373453878715,0.13055692063856897,0.04181970273807537,0.10083959591450486,0.16758574545383453
1384,0.09170080599005082,0.6158877665841495,0.04882964093449085,0.1298379445987278,0.042886056289788685,0.10104371569518782,0.14049489796161652
1385,0.09618692591048505,0.6517610474782314,0.04542324474297301,0.13204293084800992,0.04415478221336255,0.11034104732513297,0.19299598038196564
1386,0.09713484071649417,0.7065204482785874,0.04328497750296364,0.1380329018994813,0.04158572676921181,0.10995451188525243,0.29042884707450867
1387,0.09437528133347178,0.6798246572055818,0.040949233500518746,0.1322171511726706,0.040906345736724616,0.10804896387132658,0.22337305545806885
1388,0.09028250959293987,0.6724416264241884,0.039688874288983544,0.13008212459401278,0.04230882837283507,0.0974348175345928,0.17325589060783386
1389,0.08850446472762605,0.6198610778987463,0.0374234472113707,0.12062882302385293,0.043404475136646505,0.09985814211053462,0.15045985579490662
1390,0.094001913159862,0.650481553501008,0.04448884559846308,0.13105923244168377,0.04228274880003281,0.10683102760311854,0.1141137182712555
1391,0.09455032511251997,0.6615243281831416,0.041929885908006774,0.13044337766159744,0.04250902423414212,0.10868004240065778,0.12464046478271484
1392,0.09330956064082702,0.6428402283413099,0.043584698021987604,0.12919263092474795,0.04192374308432672,0.10687446450433397,0.1723087728023529
1393,0.08789133680959747,0.5413102863306868,0.04046263842987836,0.11201230241570813,0.04269341577308885,0.10633367281119566,0.23133836686611176
1394,0.08756888551142862,0.5431645961103069,0.03945019365251366,0.11140939400362697,0.04442870508871228,0.10445609845063185,0.26323843002319336
1395,0.08760058379145859,0.5584125143105805,0.040566314708690245,0.11454434322324601,0.04310988381594162,0.10295415676722197,0.23570455610752106
1396,0.08964042796711093,0.5957191112248179,0.04285234597460321,0.12183331243891958,0.03982020665910998,0.10506434769877918,0.2036842703819275
1397,0.09286190118706132,0.6289702313054866,0.04140131351435248,0.12533973034165738,0.04296557784662486,0.10810308359967166,0.20186319947242737
1398,0.09468403200247648,0.6982039637773527,0.04164258494464853,0.13543706763503485,0.041498657634320875,0.10556232839612403,0.24973377585411072
1399,0.09244127068794028,0.6937603508880595,0.03885303713206744,0.13241122481149487,0.03929391859933178,0.10397149390736246,0.1901841163635254
1400,0.08735414874849341,0.6217883869410057,0.03846952084354283,0.12180078742889466,0.04229275169109067,0.0966420623283697,0.1682692915201187
1401,0.08719413583836255,0.5892170510054079,0.038423406974527556,0.11710821326465333,0.042487557649150284,0.10013757400591886,0.1511240303516388
1402,0.0915409446278752,0.6245250001879674,0.04229806781750665,0.1254733438704296,0.041808329525382285,0.10536613350532135,0.10207193344831467
1403,0.09396047879586102,0.6651241752385695,0.041324450704388435,0.13043869706641428,0.04151932051796327,0.10792805130228747,0.11728722602128983
1404,0.09524268728485516,0.6619009551916247,0.04328543504014456,0.13165908077607028,0.042316178158582164,0.10968903846553082,0.182575985789299
1405,0.09087987967327299,0.5980972724281851,0.04187053380293929,0.12133149646368871,0.04238987852552422,0.10666346598593937,0.2603068947792053
1406,0.09170341635603568,0.6231797826193421,0.042142642405825416,0.1251479481506135,0.04293708866280711,0.10510998776735506,0.27470678091049194
1407,0.09130880828268594,0.6191322124062402,0.043923893578974534,0.1260965105542982,0.041797519901512196,0.10419194612855227,0.19333571195602417
1408,0.09151901108158574,0.5997510182981225,0.04847119709891649,0.12722545727023163,0.04071390877936692,0.10473033518096204,0.14706970751285553
1409,0.0956866240249551,0.6236872012982444,0.04613303644503717,0.12864077428120962,0.04038509590154525,0.11524057965871602,0.2302107810974121
1410,0.0966523476918133,0.7176553917846751,0.04434555478275832,0.14053267435446073,0.037195501794034726,0.11028180202255308,0.3210470676422119
1411,0.09434501653534105,0.697012618502785,0.04193666758485041,0.13551894628741248,0.03732549183293955,0.10820991211687987,0.21816712617874146
1412,0.08933034215798624,0.6691602668106824,0.041883147857740353,0.13149416485101778,0.03671662078719918,0.09847400350102234,0.14516882598400116
1413,0.08850642638821181,0.6255433599713389,0.04036468649375203,0.12396163984769303,0.03760489526773334,0.10202195434158443,0.12752793729305267
1414,0.09265508934002291,0.6464251352885175,0.04471539823904743,0.13067393210325745,0.03718785098791633,0.10792243548028593,0.10655687004327774
1415,0.0933648154334679,0.6469731620112236,0.04530771670085634,0.13125992317376595,0.03843240514499213,0.10827245516312342,0.11764619499444962
1416,0.09194973186651546,0.621520221976881,0.045826517415092104,0.12806847520963335,0.03771049985184899,0.10780515945412052,0.1586415022611618
1417,0.08700137896527284,0.5443964715768399,0.04390818110511588,0.11540650831536214,0.03694669349400235,0.10594474057130639,0.23197679221630096
1418,0.08753509435571116,0.5672885469216931,0.04325432846301669,0.11811635967139902,0.037911170502465,0.10419742057607469,0.27313706278800964
1419,0.0885024003616829,0.5768262456943576,0.04353175960747924,0.11971668619131899,0.03727145708813535,0.10601697562510543,0.2552798390388489
1420,0.0911540551929118,0.5952807106295648,0.04395291711800527,0.1227140304767995,0.03723602344642531,0.11071735459768572,0.23391619324684143
1421,0.09432218643390268,0.6469990889614479,0.044983317279190416,0.13098557037665576,0.038640868351629054,0.11096287880598314,0.25538331270217896
1422,0.09538528653060352,0.7297790367173616,0.04379100518530199,0.14178929540416763,0.0351923178815912,0.10745062633412067,0.2919999659061432
1423,0.09308220161912911,0.7066160895385443,0.041251448251794755,0.13630353986418756,0.035344960589773086,0.1057836165553895,0.20614580810070038
1424,0.08750459994153577,0.643986782963501,0.041342266207789656,0.12743434003003415,0.035108104258019655,0.09841301108717632,0.1932157427072525
1425,0.08760810953038108,0.6003457161901917,0.0408445525567665,0.1207732902186844,0.03829180723035105,0.10174034094064197,0.1435529887676239
1426,0.09165829891882948,0.6287014052897202,0.04426425482498558,0.12775527631994768,0.036414665972177754,0.10841162252117137,0.08728893101215363
1427,0.09708472912080525,0.7017388801929395,0.04532802555854384,0.13910100479202894,0.039598624388366255,0.1106208295493687,0.09615616500377655
1428,0.09600249077186501,0.689782991748016,0.04579443880546516,0.13779280351154385,0.03765094025372208,0.11049357382802105,0.15650516748428345
1429,0.09235202644042415,0.6299354270142228,0.045071223246903734,0.12862325235652075,0.037638149025040694,0.10848934650230009,0.31200122833251953
1430,0.09166785031110178,0.639573759120191,0.045155402570744047,0.13007231064923647,0.03843242617311537,0.10464494363597199,0.32832249999046326
1431,0.0923324713958892,0.6369290334839335,0.04560898201268191,0.13008327508000356,0.04029809541812778,0.10483059715283036,0.21002306044101715
1432,0.09299207436135895,0.6243025812663281,0.048007136297158436,0.13033505700703982,0.04072904858733374,0.10604711209866026,0.17602607607841492
1433,0.098346995244446,0.6593429914873508,0.045775782989002624,0.13342824134590953,0.04023585544876773,0.1184981522268839,0.24281816184520721
1434,0.09845652740651868,0.7317533539724461,0.04461850268544846,0.1427806242978767,0.03770306392047701,0.11283222317686689,0.33686956763267517
1435,0.09617887117257741,0.7026638258591302,0.04280920167769205,0.1370741479893261,0.038545436969432974,0.11082475888567367,0.23925885558128357
1436,0.09143992564025555,0.6897983980237374,0.0433850185010462,0.1357297870042878,0.03781320347523361,0.09960967884112146,0.18500883877277374
1437,0.09100833175555706,0.6556844856725912,0.04140412244479827,0.1291584600487687,0.03946205787633837,0.10272995914331323,0.1595044881105423
1438,0.09548567131142568,0.6621109379086947,0.04671251732951662,0.13462657741225634,0.040190911950708716,0.10962029291382622,0.13550180196762085
1439,0.09785978743289006,0.6833212154222703,0.04646893066449165,0.13744782848703146,0.043662767716193714,0.11064264376262564,0.1260959953069687
1440,0.0964025851050811,0.6633788859239675,0.047541045734611355,0.13551788004737655,0.0421695740609921,0.10963058669415042,0.16968978941440582
1441,0.09303516853654079,0.5801806633021558,0.04838506060814524,0.1243558609930039,0.042718869143977725,0.10965632460562817,0.24432332813739777
1442,0.09082489991852165,0.5805304730203881,0.04580629186987272,0.12219546060566065,0.041695977720219254,0.10636346624078964,0.27767372131347656
1443,0.09058803656941801,0.5767573923893218,0.04692591340941096,0.12261612469225537,0.04080257266887227,0.10612574037491282,0.248345285654068
1444,0.0910551530348743,0.5802506685772885,0.046185724459904764,0.12248071647667384,0.038117932459048084,0.10987785302714764,0.20981793105602264
1445,0.09417634941828888,0.6229418418991862,0.045996409167307205,0.12841718527186136,0.04010214202425233,0.11153054951619498,0.19621887803077698
1446,0.09594371519184935,0.7101603482726098,0.046180236024182565,0.14103453777395789,0.03798562576432168,0.10720257368159111,0.2445717751979828
1447,0.09529541777874817,0.6937405313369873,0.04658420179838733,0.13903510601818736,0.04028143475543671,0.10516042571463646,0.17070963978767395
1448,0.08936107184550345,0.6453060177329163,0.04545629961239395,0.13114911648675426,0.039633970321933054,0.09630774661753305,0.16333487629890442
1449,0.09077991306321948,0.6230284953862979,0.04537985117545338,0.12790108606271688,0.04030366058957026,0.10246560760310228,0.16175760328769684
1450,0.09371350865061047,0.6244537235354868,0.04917664206796845,0.1313590822776139,0.042258617645539474,0.10579666135641957,0.13233087956905365
1451,0.0938891097342656,0.661071231858668,0.04759805719298519,0.1352370821452256,0.04097317628596729,0.10401107564193665,0.10752855241298676
1452,0.09504770607136992,0.6735777395893964,0.0495507828648285,0.13869749096833822,0.04003108112046124,0.10499369111856778,0.15570411086082458
1453,0.09166083091456664,0.5980201699434502,0.050727612590384163,0.12891226364082217,0.0416667369174119,0.10281065952660341,0.2139291763305664
1454,0.08867233672643299,0.5732736763605207,0.04785875258471972,0.12291802740983417,0.040013662608125965,0.10128369723197561,0.2239297777414322
1455,0.08818610103920267,0.5720628598420008,0.04740638006966733,0.12235730575142924,0.03950634146629407,0.10088108654229941,0.19727566838264465
1456,0.08900673444847189,0.5718075273847867,0.04639690230926852,0.12145556303434255,0.040666542779118596,0.10291167714651919,0.1774456799030304
1457,0.09295461901935843,0.6355834825106774,0.0448353750403316,0.1292279618218096,0.039559346011129426,0.10793630794941404,0.24756552278995514
1458,0.09405229919789408,0.7002108966822576,0.04612122467117528,0.13956260638704418,0.036332361064338396,0.10473572627424893,0.29419466853141785
1459,0.09349105738259812,0.7109599511192041,0.0460274935594198,0.141017844639389,0.03586122721969876,0.10233121992544303,0.18199853599071503
1460,0.0873242197321602,0.655687494146413,0.04439189419400127,0.1317198370443458,0.03622803056206518,0.09318722010783098,0.1364155113697052
1461,0.08735567590982365,0.6209208574320869,0.04497190903501444,0.12725033023459623,0.0361360212033209,0.09726505124383755,0.12328947335481644
1462,0.09275915152380004,0.6491635056742897,0.050144430842697686,0.13571858439006798,0.038084815188135224,0.10300969205952233,0.10363428294658661
1463,0.0949437045302564,0.692478753043634,0.04871244320813981,0.14067905889892468,0.03852161006137354,0.10429460211794415,0.09474895149469376
1464,0.09520822834942777,0.6776252933978341,0.050170843955447374,0.13980719387578833,0.03895847461789005,0.10540266802895779,0.12734317779541016
1465,0.09015796588290467,0.5782498815096169,0.050864742463134695,0.12620547661263215,0.03968097968499081,0.10278375691756773,0.16552777588367462
1466,0.08856103256013301,0.5745561475667138,0.04859289899563792,0.12373050593436304,0.04008987406195932,0.1002000070435837,0.18677911162376404
1467,0.08889777019887105,0.5913947895409548,0.046384107393260675,0.1242427762715027,0.03926815110710664,0.1013968065906122,0.18154768645763397
1468,0.09078010621760145,0.5942545156354777,0.04569747296045198,0.12406276477116993,0.03954972323325096,0.10648436509453571,0.16381734609603882
1469,0.09308140819119769,0.6316226737594975,0.04565289501818524,0.12936286340980127,0.039191368870908905,0.10848891928017218,0.15181659162044525
1470,0.09509750276056012,0.7089303478553852,0.04648055664817443,0.1411162411063474,0.03630388435496258,0.1062755228128941,0.19962379336357117
1471,0.09264821925933697,0.6992971279875821,0.04463823799730907,0.1381609365673481,0.035907479914265,0.10247273854176522,0.15304741263389587
1472,0.08733735047885319,0.6510398746825764,0.042805855712018025,0.1296964298506692,0.0361439155663573,0.09506741157694806,0.13345655798912048
1473,0.08786597165070764,0.6236737202573837,0.043601785530320236,0.12646920477704357,0.03668515020978275,0.09887136142597293,0.11095187813043594
1474,0.0920034650760727,0.6370466050172877,0.04898575045073439,0.13299444396024201,0.037699348263862384,0.10365246076310858,0.08539173007011414
1475,0.09410498523850466,0.6800005511246248,0.047149909878434045,0.13755714434217559,0.038616172391635395,0.10463705726380321,0.07812541723251343
1476,0.09545138903654928,0.687868275937634,0.046960286125767546,0.1385185703846056,0.038741202271582946,0.10738901877634552,0.1454981416463852
1477,0.09041518214008044,0.5987342729958134,0.0492122274567656,0.12771537681948672,0.038995058730302165,0.10277011977915596,0.24961136281490326
1478,0.08918897986601179,0.5920166477140483,0.04756118930923351,0.12534054050992133,0.03850945015093194,0.1019009528032858,0.19837820529937744
1479,0.08897658823017114,0.604594625829485,0.04663102847825584,0.12634011381414573,0.03873487438864046,0.10024500295553274,0.14439429342746735
1480,0.08839394114576483,0.5832254496881513,0.04705981929957381,0.12365490935508487,0.03941260442551549,0.100399263592828,0.1256757527589798
1481,0.09360574149251887,0.6336842203813913,0.04346006206862163,0.12777779897044586,0.040415822563993994,0.11024637026179196,0.19116133451461792
1482,0.09494703693667814,0.7051874719268081,0.0435736740823241,0.1380899309172504,0.03819042800379207,0.10685903751995277,0.26627182960510254
1483,0.09458496766340546,0.7130513654325479,0.04446188064407138,0.13997466418528232,0.03782721199531267,0.10453201941634443,0.1789974421262741
1484,0.08780675262449486,0.6695399461686566,0.043694196686899056,0.13310073232715017,0.035937529216741024,0.0935600908664561,0.1208580806851387
1485,0.08801388763164007,0.6346716661566685,0.04277322204968123,0.1273301426363937,0.03674926913797817,0.0984687056844348,0.08646411448717117
1486,0.09364448871729478,0.6565792680183483,0.048444459187228284,0.13532086044881686,0.03942488107531233,0.10461982013894758,0.08257102221250534
1487,0.09443689314222592,0.6773464329005889,0.04700879114394931,0.13705702568061212,0.03977807619864877,0.104970741996768,0.09958121925592422
1488,0.09345147252429988,0.6487688766078529,0.046790100422355686,0.1327870684488553,0.04049617184246083,0.10536871418692303,0.11029414087533951
1489,0.08721746713914556,0.5201913689188242,0.04575087409786214,0.11352808764371387,0.04256270941118144,0.10326858720961692,0.14885295927524567
1490,0.08544604928891325,0.5137254576929708,0.045702837094668686,0.1125632114658547,0.04164691938890854,0.10004277104659359,0.19293004274368286
1491,0.08711338914904031,0.5384281657030998,0.04537984346627396,0.11581531807153479,0.03873806547250519,0.1043276095588258,0.21173986792564392
1492,0.0926763974039559,0.6041391090969215,0.044924747731672675,0.12481251364099391,0.03834096659097985,0.11210079765790167,0.22025631368160248
1493,0.09561118216128603,0.6704297762194151,0.04242480684591552,0.1321398024707012,0.04117282734867887,0.111282199851579,0.2081698477268219
1494,0.09933788402670839,0.759365644027308,0.04475565756856762,0.14684279849124485,0.04006944002909296,0.1096309723681525,0.2541745901107788
1495,0.09596620832178206,0.7150240773566248,0.04484760621076266,0.14058710208874298,0.04047406723335073,0.1054785497280687,0.19551776349544525
1496,0.09130328161154083,0.6434470815297726,0.046223453919204294,0.13154111500642834,0.040107180453937505,0.10089176590391714,0.17333605885505676
1497,0.09185272213114706,0.6202262051166613,0.04663425945668975,0.12857596597954285,0.04033420446685394,0.10479858672005722,0.13540685176849365
1498,0.09386715937025421,0.6219022436043034,0.04969696732149459,0.13144057821903868,0.04304632645820567,0.10545864667561021,0.07653599232435226
1499,0.09828128868834028,0.7077346725725637,0.04859606148234802,0.1427587202095217,0.04518218433270684,0.10582525241848585,0.0880129337310791
1500,0.09940611473639017,0.696146574773938,0.04849672600960098,0.14101813297593485,0.04428250770272164,0.11122875493124856,0.12240832298994064
1501,0.09661888350693859,0.6340167530147842,0.04977414571718732,0.13323737533112973,0.04504129153451909,0.10970809613663836,0.20959310233592987
1502,0.0926412255118882,0.5963458447902013,0.0508203348810736,0.12875255058237758,0.04293468698835549,0.10453703728330116,0.24739575386047363
1503,0.09358670027386715,0.6079047880882114,0.05149774804694035,0.1309844680528362,0.04154437834148361,0.10640068515810482,0.17605893313884735
1504,0.09154111337981373,0.587234365707064,0.05127170785739704,0.1278378018359209,0.04033400987654464,0.10458772654608041,0.15422725677490234
1505,0.09692480316948862,0.6379121336883544,0.0471682644106853,0.1315602457360666,0.04156882103604163,0.11505527529049901,0.24564321339130402
1506,0.09950766086212451,0.7300407933362243,0.04751597908814292,0.14501952398072596,0.03692894577588855,0.1144411563338047,0.3070113956928253
1507,0.09708755252201612,0.7066686395968058,0.04600316430722304,0.14038394649144914,0.036949460932770704,0.11182403793935193,0.19636733829975128
1508,0.09183425596763853,0.6971924655030953,0.04692065723409525,0.1398166298439524,0.03593476164309214,0.098761736359842,0.1378345787525177
1509,0.09116560613815458,0.6350462550212469,0.045501236343948925,0.12972195329784864,0.03695103405100857,0.10486655294967503,0.12129057198762894
1510,0.09539891256685279,0.6646120400706403,0.05084036476229133,0.13852203266348403,0.03963046429203285,0.10646357472276789,0.12597687542438507
1511,0.09716876907362398,0.6742494409619066,0.05032864469453782,0.13946018701844762,0.04294300688828173,0.10761132028407777,0.1212930828332901
1512,0.09756338184380177,0.6660448800963941,0.04995695667039768,0.13796951715982572,0.04102742907672796,0.11167697211347041,0.14270174503326416
1513,0.09281057157233509,0.5526969380855544,0.04960412210319781,0.1214745243863916,0.04346902578680377,0.11090346542237553,0.1926686018705368
1514,0.09221028862738206,0.584733788965557,0.05054502737266276,0.12685770760021908,0.04161702305614195,0.10616290440098479,0.21887604892253876
1515,0.09278174295047835,0.5945191203685929,0.04882073674718329,0.12677764869309896,0.04016399890702836,0.10907585146370406,0.22233159840106964
1516,0.09458593580406371,0.6091590934991904,0.048495273064808296,0.12859010455543432,0.03944651060465528,0.11307928519609681,0.22236256301403046
1517,0.09675004589298851,0.6603340493988867,0.04483936399815664,0.13276717619826092,0.04131128845558635,0.11374396963360209,0.23675869405269623
1518,0.09897564142206558,0.7402177414175863,0.04563061250668812,0.14485734520824503,0.036613127828023964,0.11339635000394493,0.287502259016037
1519,0.09713661538587984,0.7100443784530579,0.04548859601598099,0.14042513636413484,0.0373336039600215,0.11158679452753277,0.21905140578746796
1520,0.09171880528734051,0.6488833869528898,0.04598170151305372,0.13211051371874455,0.03599751632926628,0.10513218824817694,0.16996732354164124
1521,0.09277305134215724,0.6318879217806597,0.045270024919352,0.1290725816138245,0.035718859100907586,0.11093338056554182,0.14780664443969727
1522,0.09370267183003422,0.6294604399104256,0.05011675390154415,0.13288013761709863,0.03809146410807892,0.10808219602306375,0.10495679825544357
1523,0.09550140626674587,0.6639145450449255,0.04959271637229151,0.13735297761123924,0.03904275568556289,0.10828260059884928,0.10856497287750244
1524,0.0974706094556539,0.6684524866434551,0.04883813881713909,0.1373544742208985,0.038814818674534304,0.11389604471954451,0.1462123841047287
1525,0.09638226482151381,0.605211298974376,0.05098086913761792,0.13015664482858338,0.042277605554678396,0.11417125917380896,0.20061664283275604
1526,0.09425999664278199,0.5998514655095563,0.05096150026892705,0.12937435244615977,0.04029173211849236,0.11075716677357983,0.24746036529541016
1527,0.09340834217301434,0.6010689625056849,0.050168999152412554,0.12886899391716572,0.039174521363812956,0.1098348651049331,0.1820959895849228
1528,0.09148251218881107,0.5749334396159985,0.05150781570625831,0.1262829048362212,0.03904630922839685,0.10691384621268962,0.16440646350383759
1529,0.09636544814145251,0.6316945985504543,0.048167330121473347,0.13152836846847063,0.038465828364648416,0.1162600601600152,0.23829688131809235
1530,0.09911016535037907,0.7205611895561586,0.04737609443574725,0.14354539373866318,0.03563382847446639,0.11577113527705414,0.33919286727905273
1531,0.09887867821793118,0.7175034901664177,0.047254441211378485,0.14300430534781267,0.03747634764782069,0.11399579372813161,0.2309637814760208
1532,0.0919016458011407,0.6831805657939602,0.045869336008536744,0.1369137974064544,0.037097537694918935,0.1004696077394352,0.16784629225730896
1533,0.0907585587569474,0.6352489471373997,0.04410894115271629,0.12855751343624247,0.03669158591013801,0.1049930746535224,0.13074934482574463
1534,0.09476867509349365,0.6612490324494598,0.04911974615158884,0.1365667870512847,0.040683021821213784,0.10552027374367146,0.1217660903930664
1535,0.09728505275277556,0.7023048646013064,0.04792059857823545,0.1414040651529599,0.04067205340827757,0.10821729132905009,0.1397199034690857
1536,0.0973014226519824,0.6722721834325176,0.048160540886906654,0.13731934696485107,0.04245300520287891,0.11027810414618788,0.15289312601089478
1537,0.09261476976495887,0.5598432846177022,0.04791454759645084,0.12104722431377248,0.044131992614877644,0.11015880204106808,0.2164914309978485
1538,0.09122287283158427,0.558762841033968,0.047803846204404206,0.12079798832291332,0.043642270092974514,0.10697767417295487,0.25218167901039124
1539,0.090939506221719,0.5545778281006066,0.04804294578617458,0.12040507183109346,0.03871478222488989,0.11085376981074181,0.21874569356441498
1540,0.09501897125103542,0.6215791853739404,0.04666321127633597,0.12879406471885088,0.039133819627489394,0.11436527213729965,0.22883379459381104
1541,0.09718009249598808,0.6689619605884107,0.04570620434433065,0.1347427409506278,0.040848550762392244,0.11360287411507468,0.2153465449810028
1542,0.101229185252074,0.7538249831667052,0.04591954273964236,0.14704889137207994,0.04056727126502645,0.11421611713573541,0.2760820984840393
1543,0.09937746000875348,0.7204638849670228,0.04482885920853572,0.1413481486026053,0.04195393255634274,0.11289869400999254,0.216033935546875
1544,0.09292900466095766,0.6415534741252547,0.04363010771679678,0.1290477314894336,0.04277462386137648,0.10521020188567475,0.19512014091014862
1545,0.09252820296048996,0.6161987999689063,0.04374734388613402,0.12552612332653007,0.040740064895188555,0.10896964344734354,0.15570448338985443
1546,0.09390627397761686,0.6131143943837621,0.04693455186902784,0.12781738651398988,0.045090142172256896,0.10694816583798042,0.11786913871765137
1547,0.0952833211646566,0.6567182797752146,0.046482015729682274,0.13365862487904404,0.04419712311063078,0.10640535371184012,0.11073713004589081
1548,0.09812882714936814,0.6720527680279746,0.04679386912543312,0.13611656896865332,0.044178048788348724,0.1120964841233856,0.1381428837776184
1549,0.09813290189589872,0.6201265088816547,0.04793190417957932,0.1296739905655901,0.048063826069524605,0.11434489065799619,0.18233603239059448
1550,0.09690516435959493,0.6216780907101509,0.04783719456865879,0.12981446544601483,0.04612090531650475,0.11254575257168141,0.23230265080928802
1551,0.09294726994576787,0.5960397018511842,0.046922439041531545,0.12536776230005334,0.04166679554532244,0.1094497542361578,0.21505364775657654
1552,0.09259884585261163,0.5826539477253885,0.048510093409613736,0.12481635831186728,0.04415299444715031,0.1067986424305416,0.19441069662570953
1553,0.09601145841869126,0.6450386751960678,0.04791491423464302,0.1332183086577037,0.0413640463977571,0.11127194997787278,0.24422180652618408
1554,0.10057327068223089,0.7318122829141609,0.045836985057466466,0.14383345617985138,0.04146554145672478,0.1144398714441308,0.3308109939098358
1555,0.099465791712833,0.728183344198825,0.04464539176577,0.14229367068477786,0.04083289406757979,0.1132951830519778,0.19162987172603607
1556,0.09179615982257533,0.6759270561017681,0.04312613468785429,0.1335262663184134,0.03956379884993433,0.10098563248977789,0.17367671430110931
1557,0.09038806687360332,0.6268130279689886,0.04406971688475913,0.12731876132536332,0.037863137633020946,0.10403302231382287,0.14881165325641632
1558,0.09422352071451391,0.6657283370842182,0.04694838189051883,0.1353455183467616,0.04227009241067122,0.10370102255215952,0.143837571144104
1559,0.09606763195674393,0.6840496841753175,0.047097307358880035,0.1380905040469425,0.04293517583933978,0.10578851798054881,0.1345209926366806
1560,0.09826876014492734,0.6714823885625645,0.047036180589506676,0.13624278172851495,0.04464538478038552,0.11196194470326229,0.17104609310626984
1561,0.09548944515137756,0.5783303097726452,0.04890046639907027,0.12453330116672386,0.048631013374562757,0.11107719894266252,0.19603034853935242
1562,0.0959456620759854,0.6248241937570823,0.04720270771439824,0.1297200628633531,0.04582442726355207,0.11024914184791783,0.21401967108249664
1563,0.09379918041158791,0.6054240530951047,0.047803835666490435,0.12746386672772106,0.041087334764971076,0.11046544482576114,0.19088953733444214
1564,0.09474223373943486,0.6155399685595709,0.04643929766578329,0.12773939350775296,0.04286351026550085,0.11126360198184876,0.19573506712913513
1565,0.09572369723385094,0.6510360419832937,0.04732444963216335,0.13356896282518196,0.040025505202316555,0.11134500786902884,0.20222832262516022
1566,0.09959781269370035,0.7383252120399225,0.04604207271863353,0.14493966405024625,0.039589773002950954,0.11243072748612842,0.24121227860450745
1567,0.09856003582693522,0.7099893162487916,0.04461260846529077,0.13966642386293376,0.04015112909464865,0.11369973968618724,0.17958295345306396
1568,0.09132339301748052,0.6628887150130035,0.04282574500876448,0.13140616929508434,0.038772810722427095,0.1022327232827489,0.16914233565330505
1569,0.09201312816159352,0.6361218068520711,0.042512052449514885,0.12731344593559438,0.03851564152981208,0.10793565091215156,0.159053236246109
1570,0.09434731612867403,0.6480844086138249,0.04582252984405479,0.13185994109687907,0.04314814303027194,0.10632304574259646,0.1294209212064743
1571,0.0938082458065792,0.6532776735295416,0.0457221954987743,0.13251583521745536,0.040753747062077204,0.10636179147350183,0.08875972032546997
1572,0.09641726478253133,0.6511983351308375,0.04578522190640771,0.13227280950989767,0.0427853166698975,0.11197161774464037,0.12296641618013382
1573,0.09610203020411907,0.6005383756936824,0.048729269070894886,0.1275591414455788,0.04580620045836011,0.11258590889538092,0.20065978169441223
1574,0.09305532386167213,0.5759310962156992,0.045893745629034,0.12161336714141473,0.044051384739773526,0.1109454827235587,0.24418772757053375
1575,0.09090042459081558,0.5731307730073063,0.046551878263904854,0.12177743465581936,0.03981070233228157,0.10858654776015456,0.2208261340856552
1576,0.09221847872465974,0.5920103585235648,0.046414405958028114,0.12435668489596192,0.042319629495683964,0.10775904140012416,0.21847207844257355
1577,0.09605271151797518,0.6473709228083034,0.04757311461735525,0.13325851578749073,0.04090516164531399,0.11175173892072762,0.264716237783432
1578,0.09985117183181873,0.7269924587086303,0.04626742952207886,0.14351386226301477,0.04001614947806315,0.11400196226405832,0.33163511753082275
1579,0.09849389773671921,0.7144681729673272,0.04511887800432468,0.14074020585618216,0.03993553755031389,0.11276694329529374,0.19567199051380157
1580,0.09129743147663735,0.658674076144198,0.04308963339135972,0.13103026807033663,0.04046828333666782,0.10100670407962387,0.1360931396484375
1581,0.09066670534545453,0.614869564676317,0.04363832637781686,0.12524278899188832,0.040033154100409515,0.10471698949423938,0.11410219222307205
1582,0.09573028285494387,0.6760126620689979,0.04748882328392775,0.13727794311036634,0.043581459941727144,0.10500630018051382,0.1084584966301918
1583,0.09667048102220943,0.6885372754723414,0.047401217827007625,0.13899208320491246,0.043509510492313455,0.10615492832600329,0.12473296374082565
1584,0.09905454824995821,0.6703093011146398,0.047053906148594976,0.13609039114374424,0.04580533868278558,0.1132412440891715,0.1525460183620453
1585,0.0955798950090386,0.577104374134833,0.048611115955484153,0.12411015283824829,0.0477801313317792,0.11244071262608211,0.16384997963905334
1586,0.09498937740940598,0.5949285695562574,0.047583858963281885,0.12577596047656409,0.046715764776215064,0.11029052827968464,0.1726558804512024
1587,0.09336077499833766,0.602002125234203,0.04777541840331392,0.12695066223629808,0.0412151978245224,0.10959700369221063,0.15571705996990204
1588,0.09478310829559243,0.6083890184965954,0.04672312823675937,0.1269611125595931,0.044117180467120744,0.1109600414145046,0.14670129120349884
1589,0.09686040054327759,0.6545791225235135,0.04806717838645275,0.13471174183460427,0.042078244776397086,0.11167486320938716,0.1607995331287384
1590,0.10058519249081604,0.7334305042325036,0.0466421153528882,0.14475474233569038,0.041502166588103954,0.11363448404142407,0.20379884541034698
1591,0.09960621064920124,0.7117242882381712,0.04545905352474313,0.14063980134094714,0.04130872739865134,0.1147121166381547,0.1534135639667511
1592,0.0929746076726686,0.661394551840231,0.04382142378224363,0.1320461563619561,0.04024265318820151,0.1049274627434507,0.1389181762933731
1593,0.09263780811459102,0.6336226043980683,0.043583409769135516,0.1278747232875545,0.03970636068181039,0.108120523841931,0.1356779932975769
1594,0.09479272443291711,0.6536799854377473,0.046877838586124376,0.13356385956492764,0.04306888414527944,0.1061263414440909,0.09784884005784988
1595,0.09502089039724537,0.6590806258022636,0.047247462211097636,0.1346521998669785,0.042166253647737316,0.10659130176704844,0.08955831080675125
1596,0.09756247207916974,0.6577850482634687,0.04602596023560606,0.13342011566815787,0.04376377524477288,0.11326089366890235,0.11589726060628891
1597,0.09644182509544831,0.5964371338776668,0.04940341622135743,0.1275510901722588,0.04689596431286933,0.11257384633799572,0.1433567851781845
1598,0.09403590245809096,0.5852583817393968,0.04760684350634847,0.12441420611106967,0.044982074813219856,0.11037698595099676,0.19619715213775635
1599,0.09109330251422453,0.5796776753322361,0.04739241892730778,0.12343316984229756,0.03950237487586022,0.10793798028572943,0.1810971200466156
1600,0.09272646951980706,0.599181716502188,0.04806643031681901,0.12679718548615743,0.04177917706029859,0.10749347395132036,0.16126152873039246
1601,0.09760467588533063,0.645936620044758,0.050595300697209904,0.13564406060400247,0.04152561790505926,0.11338938998923026,0.1926177442073822
1602,0.09976436949247698,0.7263696468618391,0.046480370181479276,0.14360740970724498,0.04025639675577512,0.11347118544916909,0.2437627911567688
1603,0.09779969023011983,0.7100531718667191,0.04339641146893972,0.13863309152576536,0.040096525343731086,0.1125607333720202,0.17229585349559784
1604,0.09148670531699493,0.6564363082297759,0.04391147498709997,0.13141502259319654,0.03891318227100404,0.10255126036556057,0.13184854388237
1605,0.08943514765223028,0.613269772000921,0.04513832891740497,0.12629996364362156,0.03707130661624926,0.10299679456624627,0.12198371440172195
1606,0.0941304491293331,0.6697018623154424,0.04808118903195457,0.1368841423581671,0.04120768938337845,0.10302838233181369,0.11545486003160477
1607,0.09679889185658284,0.7014008009695399,0.04822681992591163,0.14153738864642998,0.04182163771062714,0.10575780454317786,0.1302865892648697
1608,0.0971154195056873,0.666516568467076,0.0475167352604427,0.13594528286139032,0.042055310087010356,0.11131688481078952,0.13780967891216278
1609,0.09388486546871348,0.5633891948921446,0.049097549418429844,0.12256778448610338,0.046001687056513064,0.11068509243917266,0.13450750708580017
1610,0.09467392335417855,0.609219589279195,0.04755179157523742,0.12779004839008848,0.045421009027978645,0.10879361398318224,0.1374538242816925
1611,0.09268971586585749,0.5968048981753149,0.04834262340067863,0.1266943769399124,0.039702866085855895,0.10929913098356078,0.12113036960363388
1612,0.09334982828267227,0.6028838339973783,0.04669186318704673,0.12614785901709408,0.042868242881396394,0.10882293861616957,0.12255030870437622
1613,0.09604229201925298,0.6336218655063452,0.05012006084962806,0.1334774615148734,0.04013550506756943,0.11220495729330823,0.1346433311700821
1614,0.09914584848310218,0.7265637687112297,0.04638213416341186,0.1435509390988144,0.03886505017010127,0.1130370927182298,0.193518728017807
1615,0.09721730721711395,0.6900406088475869,0.046457525093300756,0.13839796562962733,0.03851008944376959,0.11255304665784108,0.15822157263755798
1616,0.0924343321460197,0.6461795318529058,0.04533402653875938,0.13116909872649457,0.039007788278124726,0.10528963727251228,0.13302543759346008
1617,0.09227156415181201,0.6348555539013155,0.045872557292599696,0.1300129853795591,0.03857667609363445,0.10623084762843862,0.13449959456920624
1618,0.09404162959853245,0.6449408141863927,0.050173047096436364,0.13513987096643013,0.04005751527734701,0.10531676843265926,0.097395159304142
1619,0.09443628429852752,0.6652907414416727,0.050180484231496986,0.13805337811866494,0.039870304411104396,0.10401655960740253,0.08270639926195145
1620,0.09572338408606669,0.662185824982033,0.047498415633751866,0.13531090268350635,0.03947836513066903,0.11029869689927999,0.08572321385145187
1621,0.09482511072456362,0.6148736074044617,0.04978109987721336,0.13050860095253455,0.04179393389822071,0.11000433649813915,0.0984710305929184
1622,0.09173091694088763,0.5944048281371216,0.04841834183391527,0.1264164113058019,0.03933076598502315,0.10723124145796906,0.15279453992843628
1623,0.08931687071117198,0.5767056877060814,0.048672957953110385,0.12410620506067768,0.03629314624587517,0.10527196206248918,0.13655097782611847
1624,0.09004411224191808,0.5837301447695862,0.049211566590254545,0.1255713634730162,0.03846245757162154,0.10409171525121669,0.1363382339477539
1625,0.09294334227758211,0.62470973814362,0.04841830156198788,0.13074564964507818,0.035102303026005664,0.11047723267615248,0.16855648159980774
1626,0.09608009113779775,0.7079126415219847,0.04673185589414377,0.1411862538409782,0.03429739257418564,0.1106720600156755,0.18590594828128815
1627,0.09441676719183417,0.6949185367761002,0.04615696447644235,0.13883718909067919,0.033529647553606254,0.10882512771379421,0.1454591155052185
1628,0.08931557762700802,0.6430812952885805,0.04503261983002321,0.13046814489553138,0.03452420209130274,0.10124953486079218,0.12314125895500183
1629,0.08796377380345004,0.6067837955234343,0.045482817877071334,0.12566867182655175,0.035142861169458355,0.10119028658797878,0.12267296016216278
1630,0.0927567979243681,0.6575098931728736,0.049555615963027454,0.13640622699300547,0.03838874337312421,0.10213559522164876,0.10729249566793442
1631,0.09448467756283652,0.6927557188594886,0.04979158926419058,0.1416436077778046,0.03737558406304688,0.10319107043705539,0.12724517285823822
1632,0.09536579904242236,0.6711034796212807,0.04934165492638534,0.13816477273994182,0.039117507758431445,0.10713395193058484,0.12262959033250809
1633,0.08992507079427639,0.5582578804727704,0.04871008980727848,0.12150263133092018,0.039996900453464566,0.10598185437292341,0.12045846879482269
1634,0.08757909477000579,0.5407706186923458,0.048244054805835636,0.11860499250390852,0.03903679378377053,0.10290594761579674,0.11228856444358826
1635,0.08830841216993936,0.5539301820614212,0.04886766066934365,0.12101944943964045,0.03379191422405764,0.1073881902615974,0.10954691469669342
1636,0.09036978339622163,0.593083852861938,0.04708598568501147,0.12508568099600098,0.03636890397627742,0.10724414248886587,0.11672574281692505
1637,0.0923521002408776,0.6294299438366746,0.048463145658811664,0.1314584025413635,0.03403751502809699,0.10915934778913548,0.11799821257591248
1638,0.09682871899631981,0.725332923509029,0.046969368534554266,0.1438784478166221,0.03444641588772651,0.11024472149857444,0.1430502086877823
1639,0.09477081884903397,0.69820893395328,0.04627548475795664,0.13940883464300283,0.03375713521926078,0.10909952820536283,0.12725122272968292
1640,0.09058310965685114,0.6315768084275002,0.04665045047714034,0.13021135875576317,0.03468518757407053,0.10481907351773614,0.12900932133197784
1641,0.08915102466200771,0.6070493309381291,0.04677733152020678,0.12681618857990995,0.033124562690860955,0.10521716045859666,0.1231132224202156
1642,0.09272465842169568,0.6179699238301173,0.05135633052611396,0.132301129569543,0.03738190672643021,0.10652015390068655,0.10725478082895279
1643,0.09195387004993619,0.6309334783610622,0.05206005858887321,0.13475626141347163,0.03471261250679642,0.10458787795708997,0.09075336903333664
1644,0.09316066264427457,0.5889195019581694,0.04961841254286103,0.12666142531647653,0.038036054541930826,0.11208152739564861,0.08999176323413849
1645,0.09298218628792823,0.5376203134317696,0.0516313070061051,0.12105830792405718,0.04120010773455523,0.11372489859051683,0.1329297572374344
1646,0.0920689931264588,0.5353131542633212,0.054114219904129734,0.12285692481258567,0.0411157368660522,0.10971365212895358,0.17948755621910095
1647,0.09368959004227713,0.5510216964763209,0.056104631055991616,0.12680706897318153,0.039982365781423036,0.11170561720598313,0.17077860236167908
1648,0.09422968412103237,0.5827332818049825,0.054436168816063744,0.12990718495733786,0.040415407952568996,0.1100993625366705,0.1589771807193756
1649,0.09862932311478771,0.627466144670096,0.05699749133086054,0.13849301323646562,0.04331866194262984,0.1121454227839577,0.15572486817836761
1650,0.10293662096384511,0.7165601140045976,0.05672481673266824,0.15098700205722956,0.04340433799211635,0.11298328510739636,0.18551592528820038
1651,0.10073553675765107,0.7039171103649683,0.053990011900980905,0.1468367402529791,0.04172886498496552,0.11202782150033891,0.14269225299358368
1652,0.09727215693156722,0.6166240794644391,0.05690574457631642,0.13686550670319106,0.0449795044560231,0.10838404679749741,0.12875689566135406
1653,0.09444811593782755,0.5897553512861755,0.05761346436982604,0.13363373392930455,0.044667335299508545,0.10371888325381429,0.11416012048721313
1654,0.09716627044710414,0.6052837099332375,0.06276113310281706,0.14026435836430567,0.04752865871126027,0.10288835378841625,0.092842698097229
1655,0.09615415511361061,0.6220581752876652,0.0646637109542738,0.1442914915733297,0.044825500614066045,0.0989465583984579,0.09572074562311172
1656,0.0960307069011916,0.5691809184463058,0.06305074947906905,0.13535505933153144,0.04685076680719209,0.10465434610689386,0.0846996009349823
1657,0.09546324715044374,0.529089289223489,0.06308213724298001,0.12965458752590986,0.0504380303085192,0.10494288905859488,0.07434891909360886
1658,0.09301063301782954,0.5277425100829533,0.06460977524957406,0.13077159451148537,0.04596851933635826,0.10113164118216807,0.08824276179075241
1659,0.09290635078212821,0.5438826200420925,0.06069559913540379,0.1297223164077879,0.04280203689752814,0.10453365550870104,0.0882888063788414
1660,0.09203039938588707,0.5768452711870383,0.058190973193656625,0.13228444433556832,0.04027457387801592,0.10209445737430325,0.08291289210319519
1661,0.09325152050009237,0.6270352989570614,0.05286768267317087,0.1348916278565838,0.03979113508090892,0.10359426380494785,0.08987514674663544
1662,0.0974382771006895,0.7051688560394185,0.054429763077685024,0.14739249064364696,0.039293310668875744,0.10460518587843876,0.1193448156118393
1663,0.09653652090309661,0.6789683890898742,0.05552898224673819,0.1445917546529005,0.040426171974643994,0.10358474668441428,0.1083851084113121
1664,0.09153176268244566,0.6008338462556189,0.056902465195738085,0.13460694820429248,0.039526301528299605,0.09934575386070746,0.09582025557756424
1665,0.09026809136456394,0.5633896032414365,0.05611570402547258,0.12858340391346743,0.04060558357351075,0.10019688720144493,0.10008272528648376
1666,0.09411509566289494,0.6207232039479627,0.060356981183841675,0.14040929872157326,0.04379577775883221,0.09763707115260635,0.07575105130672455
1667,0.09620785974630121,0.6783035518902255,0.062155771345836,0.15017688285217737,0.041329879467661805,0.09700319727246905,0.06742488592863083
1668,0.10081034747245528,0.6772470365648343,0.06157094239418156,0.14952467013284626,0.04327630214869665,0.10852760480290204,0.0773112028837204
1669,0.09661051083899036,0.6315047506085815,0.05899450810544379,0.14078168560589205,0.04584205243341176,0.1023831340228327,0.09371252357959747
1670,0.0974861325152402,0.6501272924405015,0.05865562664889524,0.143151578904839,0.04638865834431976,0.10223915682389664,0.08345502614974976
1671,0.09432333322584227,0.6327073139721313,0.056485808299056896,0.13880316625235326,0.04444260167523262,0.09904911943442857,0.08147653192281723
1672,0.0905149237095173,0.5944912154053825,0.05737103183368659,0.13410248662964314,0.0416646147937861,0.09511982645567199,0.08191752433776855
1673,0.09195199585764989,0.599608854897131,0.051931451404198435,0.1301710804746173,0.04082462868552101,0.10324674309341614,0.10220102220773697
1674,0.09767536751827582,0.6845279611699764,0.05503411054370098,0.14496180349031176,0.038874557305360595,0.10775044497904519,0.15402549505233765
1675,0.09605290655279256,0.6765189709765429,0.05601194698331741,0.1446558075537782,0.03864037818192651,0.10376133050143796,0.12594476342201233
1676,0.09195514997862779,0.6290138225186936,0.05833378393847565,0.13985950373564965,0.03944726447384827,0.09598324025791574,0.10242405533790588
1677,0.09041132980656295,0.6001980527699685,0.05592344903923899,0.13367696385791464,0.040105034251824274,0.09657190862202655,0.08916144073009491
1678,0.0935165442493545,0.6213758590485292,0.05979108462749128,0.14001748097335384,0.04294804956093268,0.09707565746822419,0.09265043586492538
1679,0.09371066794177564,0.6261303755785097,0.060148742328088624,0.14100326136386307,0.041826596967017626,0.09772821080036237,0.09039542824029922
1680,0.09657209770672562,0.6260850765537898,0.0602639235896941,0.14109551687027921,0.04411135116347283,0.10351725916396241,0.09084106236696243
1681,0.09105254567411931,0.5304218860713066,0.057091485016044864,0.12471011373822512,0.04501467622456578,0.1018853093863861,0.09701880812644958
1682,0.08835775479705461,0.5054372652814897,0.059458536430766006,0.12316978340944082,0.04255064717569822,0.09797844892990357,0.10380825400352478
1683,0.0886439314600709,0.5122523450955554,0.05740874134101139,0.12238639902023196,0.04003415900954902,0.10165282323913657,0.10881668329238892
1684,0.09165062945369794,0.5971712327831311,0.05519648724507372,0.13262145089336763,0.0390196033945736,0.10185330849572073,0.12641564011573792
1685,0.09459960940130875,0.6386169476371039,0.05275584063308752,0.13645028449080412,0.04040409652558906,0.10540134246425503,0.12843023240566254
1686,0.09877431172665806,0.7233583252055741,0.05524393578603154,0.15068884856025191,0.040118960147705086,0.10467252462884732,0.14434193074703217
1687,0.09585805165725098,0.6802362500991618,0.0560069015279703,0.1451825227524262,0.0403643453795237,0.10125613244198402,0.11175714433193207
1688,0.09177675113405409,0.6010283027951645,0.05658775621492531,0.13436497715495946,0.04094900140263425,0.0989863343807543,0.11004164069890976
1689,0.09073234468812243,0.5801291781494834,0.056803760721947066,0.13156453464016651,0.04061568930366539,0.09885625194148373,0.10399703681468964
1690,0.09253143838688285,0.5948699063686059,0.0596916580999368,0.13614569356688952,0.0415475466557441,0.09897987036912345,0.07347319275140762
1691,0.09343580044205356,0.6340938972491175,0.06005899505604057,0.14206398108362298,0.04001580144432631,0.09762864150369169,0.07664148509502411
1692,0.09753327395165856,0.6308650030706503,0.059121543339595385,0.1407991804440318,0.04448402991879753,0.1060936942995854,0.0776718482375145
1693,0.0947765604451632,0.5716201215528769,0.05958861669620794,0.13273597453287495,0.04776760229772305,0.10269491149742555,0.09956996142864227
1694,0.09417615177492446,0.5872636190456912,0.05913571551256038,0.13458255887443624,0.044584513252773475,0.10221322926973378,0.11566396057605743
1695,0.09060321517743851,0.5637594932853309,0.055879297159641454,0.12843361089188282,0.04398028676944065,0.09829668128429785,0.08689973503351212
1696,0.08858726693427715,0.5651437324831916,0.055899414760440545,0.12864860300654785,0.041884407452614854,0.0943985999174948,0.11258596926927567
1697,0.0922830158869199,0.6039902107903723,0.0534972366549942,0.13213909010290537,0.04179115791049066,0.10158932667730819,0.14246368408203125
1698,0.09680017272297299,0.6855671085900852,0.05515765567404746,0.1452161489477671,0.04008685154132115,0.10406034956022346,0.17169678211212158
1699,0.09415556173828361,0.6608069108191026,0.05418643806324105,0.1408465055997927,0.03917190212288187,0.10141168802293969,0.1387144774198532
1700,0.08940394333462708,0.6040465796379558,0.0531898736500347,0.13188368879116627,0.039957705966198395,0.09549962375753035,0.1208680048584938
1701,0.08879207529035905,0.5721243625867729,0.052940568856805266,0.12710968224680066,0.04278609637892097,0.09551940075098096,0.10655998438596725
1702,0.09310395654181552,0.6273970657879341,0.05675429088100353,0.13827468729627934,0.0440289342739893,0.09652021161600768,0.09329955279827118
1703,0.09353792810165257,0.648735295413454,0.05756972802236121,0.14202195193537445,0.043611935125242675,0.09479965110150453,0.0875338464975357
1704,0.09574484070429566,0.640243162135814,0.0562619035206566,0.13968779760853625,0.04430582943054099,0.1023038882776205,0.0797351747751236
1705,0.09319390539729368,0.5624693725359995,0.05774357798652379,0.12984726292216317,0.04768068342113217,0.1009462867921742,0.08584808558225632
1706,0.09368215463996345,0.5784430960283355,0.05893353134266469,0.13314918344061769,0.04602462383330324,0.1008488438952186,0.11262813210487366
1707,0.09129710405876329,0.5786417537918143,0.056740470185515764,0.131297796414987,0.04367799014269556,0.09796322292362679,0.10451574623584747
1708,0.08912681613374032,0.5698992423471216,0.055337821819015975,0.12884659618017394,0.04135398210683111,0.09617323836665648,0.09178417176008224
1709,0.09132914253432793,0.6061991448389703,0.05262227778245456,0.1317046873619568,0.04177545436558742,0.09936001795780058,0.09401334077119827
1710,0.09625091748921207,0.6882185482497815,0.05520690908332663,0.14563714324996305,0.039859207030721065,0.1023807165997346,0.10796646773815155
1711,0.09441818500446963,0.6512458038899371,0.054502657643953865,0.1397516785362372,0.04165530446970646,0.10091889863209083,0.08648911118507385
1712,0.09070171099113424,0.5958841507230503,0.05431541467804022,0.13168237697018453,0.04119308914027182,0.09816367237896986,0.07660149037837982
1713,0.0911110718021035,0.586485716161072,0.05490505912098647,0.13084515298385585,0.04394060476978595,0.097617909421348,0.07569379359483719
1714,0.0936629480291778,0.617940697093363,0.057603135966946196,0.13765135898500572,0.046124342508716096,0.09676936827323233,0.05579111725091934
1715,0.09248949964864041,0.6284423275506704,0.058721194322328106,0.1401099276406627,0.04226832364081664,0.09476515416246664,0.04882599785923958
1716,0.095352766169137,0.6285102354011975,0.056987048439041434,0.13863321800506373,0.045133602517186504,0.10142413900815783,0.05370284244418144
1717,0.09385866946635292,0.5700028631206959,0.05844278395885046,0.13152279526768554,0.049518916695633595,0.09969984306456628,0.0752549096941948
1718,0.09310474319697894,0.5677164639861575,0.058127757382957446,0.13092614404055744,0.047961631306581425,0.09951124036294558,0.1320778727531433
1719,0.09001525220453245,0.5576383113904626,0.05552103168335237,0.127252071641511,0.045438518122605256,0.09643767751886254,0.10666755586862564
1720,0.08857621877122054,0.5560465224621036,0.05534952096803278,0.1268776640386143,0.04403721368420456,0.09403408361338994,0.10266219824552536
1721,0.09061634335244896,0.5864342879709419,0.05349560829388888,0.12962970539061075,0.04188802848886455,0.0991169270746938,0.13795943558216095
1722,0.09509291540420718,0.6770326512887752,0.054884636239747854,0.14376292410389463,0.0397078931329722,0.1009685522793113,0.1691427230834961
1723,0.09337335028570609,0.6563586897731931,0.053210089483846035,0.13937417523946705,0.041276208944849936,0.09870762712441436,0.11619922518730164
1724,0.08955021043028653,0.5952769919158282,0.05352015724994071,0.1309139907736389,0.04240175601111571,0.09461180024662762,0.10264305770397186
1725,0.08811665167232548,0.5575571791381162,0.05253724131841105,0.12468294672122605,0.043317913444032165,0.0953200394542941,0.08923250436782837
1726,0.09297889971095262,0.6250207327707251,0.05601280846252874,0.13729965479227108,0.045018145907636954,0.09616389859270014,0.0952555388212204
1727,0.09353764697416306,0.6410606035537452,0.05827321793760162,0.14152855873990786,0.04425302852963653,0.09466964031809708,0.09435173869132996
1728,0.09564131204203262,0.6291936500638242,0.05711758954098145,0.1388427410442447,0.04519791746286052,0.10197803192187262,0.08325237780809402
1729,0.09319976408873351,0.5536413408408808,0.05908218738595886,0.12973349502237627,0.04863660463887449,0.10022551404042274,0.08072873204946518
1730,0.09353395888055123,0.5632305204962407,0.05946645581468794,0.13143275076919547,0.048578254326434,0.09970875746284012,0.09943366050720215
1731,0.09182693526469791,0.5662924197238253,0.05747671028123099,0.13016466877303018,0.04524851116263252,0.09903753953421439,0.09325949847698212
1732,0.090125734610513,0.5682021289662414,0.05470066419956232,0.12805801630908792,0.04504374809296469,0.0963817263271147,0.07657682150602341
1733,0.09164058918949425,0.5882773428345844,0.05222413955288439,0.12880316859312724,0.04323390806617174,0.10147917819422259,0.10288302600383759
1734,0.09641152364486225,0.6884436173750855,0.054852628201828936,0.1453656266551513,0.04158595613611058,0.10154905508101704,0.12508587539196014
1735,0.09427859981930772,0.652782924677995,0.05347185252869601,0.13908771997859587,0.04284903781557885,0.10007148643319339,0.08998406678438187
1736,0.09148910815915735,0.5865953590734263,0.054376524817503095,0.13040778685406357,0.044219864592865685,0.09879585242161965,0.07402413338422775
1737,0.09087365064089103,0.574220505156281,0.05452284866408208,0.1287653710201105,0.0439701877824264,0.09875892531023056,0.0761394202709198
1738,0.09315822939462501,0.5938820958341887,0.057464900802757596,0.13409592866439063,0.04387418537518425,0.10046128105059075,0.066617950797081
1739,0.09223090355815083,0.6051523710469547,0.05828083574755496,0.13640534079032635,0.042281645435351435,0.09728387183744674,0.05942973867058754
1740,0.09424835238766952,0.6064573114799441,0.05676056157832934,0.13528866870713144,0.04389617837451461,0.10239622786965086,0.05010884627699852
1741,0.09255260359253083,0.5577099773629858,0.05758703065141079,0.12903316589592154,0.045432635769110004,0.10186208342255723,0.07825315743684769
1742,0.09015845219515589,0.5370729483889664,0.058340754389144545,0.12673106781769053,0.04308026579409975,0.09935082662636216,0.11868799477815628
1743,0.08881157368963284,0.5359049195586651,0.05715606115090623,0.1255487552091575,0.04084458178585589,0.09863765777585357,0.13753017783164978
1744,0.0880328488190091,0.5411035224675158,0.056171031232743134,0.12544710140913923,0.03894424465680368,0.09824790644457498,0.15297836065292358
1745,0.0905654516960396,0.5646250014168805,0.055522953220121705,0.12825181724823012,0.039121437399579,0.10260339434727597,0.20042917132377625
1746,0.09535168240865634,0.6660885626268263,0.05855907543128114,0.14534900217350186,0.03766526207197597,0.10207964540901185,0.22416187822818756
1747,0.09330129609276781,0.6498626683108237,0.05504867330243509,0.14002210116077635,0.03835163935896083,0.10050154130034153,0.14687974750995636
1748,0.08951649756273417,0.5894623472965359,0.0542878195889967,0.1307413235472166,0.039675675136713696,0.09705549444907993,0.09235511720180511
1749,0.08743310894986173,0.5545894066997914,0.05188367358802021,0.12369877831827322,0.04131294938573116,0.09605578787111593,0.07327668368816376
1750,0.0923108137986539,0.6146647535514767,0.05418184810693136,0.13425083459900924,0.04231621167123478,0.09935857245983463,0.07163070887327194
1751,0.0939650834732383,0.6434116104778075,0.05645939051318547,0.14030970765098863,0.042554095399881045,0.09839815188189437,0.08627323061227798
1752,0.09658147209014785,0.6406039646990933,0.058328256718204984,0.14151050071547472,0.04414234802988441,0.10315280559571732,0.0825880691409111
1753,0.09450195222644706,0.5679925073431648,0.060371053779310395,0.13288840428843243,0.0458985461960101,0.10344178694884215,0.0861840695142746
1754,0.09312051624471035,0.5670842894575466,0.06040565159615436,0.13278831414778183,0.04361004687687348,0.10173285377638006,0.09145955741405487
1755,0.09173339100746788,0.570185697560424,0.05917318087891599,0.1321749689762743,0.04216900285652395,0.09971584991683821,0.09204833954572678
1756,0.09038635436188548,0.5626143595018553,0.05634379616562978,0.12866816235651912,0.04099325952879816,0.1001087303455325,0.08408758789300919
1757,0.09228565229558879,0.5958915793202413,0.054618934746199166,0.1319435982567766,0.04063562148466416,0.1027787265391085,0.09348966181278229
1758,0.09535598830726698,0.6705221083484352,0.05840596931939851,0.14585113203783234,0.03866309821572568,0.10077901637312095,0.11415836960077286
1759,0.09380357920007225,0.6498123377933562,0.054846382026488234,0.13984151856461222,0.03870275956304179,0.10173359943850147,0.07994094491004944
1760,0.08959462504299585,0.5907759324707557,0.05374572614762605,0.13046432705093028,0.03949855031241179,0.09766770117531426,0.06950674951076508
1761,0.09001979233986226,0.5860984733343972,0.051712906364260146,0.12805370164570826,0.04223314087527601,0.09855344172876002,0.06727287918329239
1762,0.09344594587782921,0.6003469875841172,0.054341028188316376,0.1323418795305736,0.043813702856396505,0.10284021657543146,0.0683978945016861
1763,0.09226721473477491,0.5998678614131099,0.054697913239328384,0.13257933440701147,0.04304421293995814,0.1000642365920326,0.060524214059114456
1764,0.09460550094732807,0.6069178948234037,0.054891340367901796,0.13375227671868778,0.0452905258966702,0.103502675316714,0.054823245853185654
1765,0.09274630147094029,0.5487145514303038,0.056940617738521694,0.1271940368373477,0.045935269682697046,0.10356418584004662,0.07633733004331589
1766,0.09024663402373115,0.5316219964442377,0.058312698463968415,0.12592831246114972,0.04433886942303917,0.09919445941659538,0.10727094858884811
1767,0.0888797171390593,0.529203129186143,0.05683405667088872,0.12431535274449648,0.04270649177186166,0.09827510818059969,0.10331109911203384
1768,0.08916071143422165,0.5404921337752888,0.055410990037754064,0.12470829628597331,0.04255381690027643,0.098837607406141,0.10817655920982361
1769,0.09164190180127964,0.5663777369624905,0.054554384139484456,0.12767200597134248,0.04172496224219663,0.10379288276667231,0.14600597321987152
1770,0.09575724541958955,0.6558490810635733,0.058423712363518454,0.14377019360638346,0.0391260421777088,0.10329821859279055,0.171134352684021
1771,0.09413495590467508,0.6478351932639606,0.05500253813264525,0.13969291743711884,0.03849399294078126,0.10295758215719389,0.1073632463812828
1772,0.08925835771491682,0.5928920858645654,0.05324819420104718,0.13034017872440692,0.04004635885368678,0.09637226333518926,0.07234455645084381
1773,0.08775737946530783,0.5661854034454739,0.05123552695887132,0.12479979502838598,0.041788044044384264,0.0955684343409226,0.05972613766789436
1774,0.09157098236304147,0.6081860503435695,0.05219783556258276,0.13162472338843803,0.0434902054859713,0.09859463873325586,0.06386196613311768
1775,0.09408260514150828,0.6431899882255665,0.054471500315097954,0.1385741414451649,0.042496957204579945,0.100289952820621,0.08281496912240982
1776,0.09624738255563509,0.6194363217175622,0.05651375167337259,0.1369312616796854,0.04524177994868465,0.10527889060317272,0.07050049304962158
1777,0.09317676603527264,0.5319444885300144,0.059468981003698206,0.12696548207888622,0.046336654964276816,0.10459673668423211,0.06759559363126755
1778,0.09282370298745643,0.5467014296359103,0.06021451629317889,0.12971264677071195,0.04625589066396866,0.10129271296015967,0.08142447471618652
1779,0.09193199328239549,0.5682108755631056,0.058476033551479956,0.1312952966959979,0.04339656770613158,0.09995760017472433,0.08795229345560074
1780,0.09087530268844571,0.55671437425639,0.05578022388730013,0.1273422453685987,0.04149767879249612,0.10217214875226774,0.08417978882789612
1781,0.09383804504859725,0.5848450970300172,0.055851904704506204,0.13142236075100774,0.04269508701885998,0.10570185708500815,0.09038402885198593
1782,0.0963388580183489,0.6717442456585889,0.05850133525022424,0.14610746530856206,0.03971799009447435,0.10233458607280267,0.11599685996770859
1783,0.09405581058503466,0.6550656800644128,0.055726810633367985,0.14134664912351724,0.03865559540322949,0.10115151514794195,0.0878104642033577
1784,0.08935634019251294,0.5906390157894403,0.052161042371906385,0.12908646714583982,0.04080851698499293,0.09707182441493192,0.07814473658800125
1785,0.08928866500840302,0.5822226087378113,0.05092325331415959,0.12682316123182408,0.043685424013498224,0.09634881668345126,0.06680437922477722
1786,0.09128849706035512,0.5879659826431867,0.051346597647698194,0.12800650978991082,0.04412299127814818,0.10043005348142495,0.06161002814769745
1787,0.09182633325288604,0.6107945443822254,0.05234029156675334,0.1321194705403922,0.0408870729202176,0.10114169091740302,0.07063247263431549
1788,0.09533812285982873,0.6100238851917369,0.054621800993761384,0.13396495587918647,0.04433638425184538,0.10616616524987617,0.06289288401603699
1789,0.09223919634134331,0.5517278978889637,0.05650062752051314,0.1272473804302918,0.04590208510681704,0.10215200759372384,0.05326590687036514
1790,0.08902850878413812,0.5189100043762415,0.05782692146430315,0.12369593330886576,0.04494685699476836,0.09726595764070001,0.11472493410110474
1791,0.08687040028291913,0.509637574264291,0.05493134705079264,0.11988937950986385,0.042466164561693824,0.09683249971541466,0.09813982993364334
1792,0.08724741506786239,0.5275172819542129,0.05372492310759889,0.1214095457999723,0.04127152803834268,0.09758445182809594,0.1131443977355957
1793,0.09136404877101759,0.5538533992396558,0.054549910322940064,0.12587898016818516,0.04081466822818919,0.10539419177347081,0.17266429960727692
1794,0.09683219079672994,0.6726478151148289,0.0577032668066898,0.14555248799356682,0.04022003905374267,0.10373756352461153,0.15199926495552063
1795,0.0935929977218533,0.6476536778555066,0.05456822861718247,0.13929472136551452,0.03965652370332588,0.10079840429986119,0.10975924134254456
1796,0.08913015122339778,0.5941561255906793,0.053009275608209803,0.1303159684628483,0.04083578985550086,0.09535012733578838,0.0911746472120285
1797,0.08753137230426818,0.5578723623829343,0.05132072891391807,0.12368524798092038,0.043775834204524335,0.09418282692447336,0.08017449080944061
1798,0.09135108662950793,0.5989787002428472,0.05087744424665289,0.12917762367468064,0.046139721985790964,0.09781281077823412,0.07719236612319946
1799,0.0935578765371212,0.6327541059017572,0.05284143690916774,0.13568610390810912,0.0439500544552292,0.10010252190916227,0.08707737177610397
1800,0.09701721402410134,0.6286699366518702,0.055848656330557356,0.13768026780503062,0.0472881223545763,0.10494999717662264,0.08343257009983063
1801,0.0943313620608221,0.5518034992945808,0.06018549298919553,0.1304166367471077,0.04786441325550507,0.10341532691497457,0.07736660540103912
1802,0.09234702875736794,0.5377592429497389,0.061413070310417706,0.12946252354460644,0.04676939661024872,0.09975139894726359,0.08437344431877136
1803,0.09188155391551976,0.5508691229849877,0.058436433809425405,0.12878396083450575,0.04633649951209611,0.09944387046440269,0.09300386160612106
1804,0.09138420377018895,0.5511869246867125,0.056448356628626795,0.12712529492263905,0.04443544527482568,0.10119091269523797,0.08399876952171326
1805,0.09308338437042957,0.5823131739340672,0.05759169401692368,0.13255190543365844,0.04250814737051,0.10280176081503392,0.0961897075176239
1806,0.0966806456622818,0.6720491473093212,0.058536357000690875,0.1461810413304952,0.04090181543516539,0.10217427590132191,0.11388585716485977
1807,0.09350583167881878,0.6482151230676593,0.054682466192410094,0.1394728457460171,0.04153340429235184,0.09876056833317881,0.09320398420095444
1808,0.08832088131789112,0.5838056710314243,0.05216028635363512,0.1281096270218907,0.04140862999703741,0.09455394873263846,0.09173457324504852
1809,0.08859093548132926,0.5697732263279844,0.05201038820762919,0.1259765079391085,0.04390980512516042,0.09497454864242016,0.09533225744962692
1810,0.09049028468417245,0.5859203872285439,0.05145912545300374,0.1278107342780809,0.04374919975252128,0.09873334060469734,0.1006365492939949
1811,0.09054598246022993,0.5917357165657189,0.05329113474770659,0.1302117892931369,0.04210535472341196,0.09822395075115206,0.0939146876335144
1812,0.09379788245898459,0.582002140466158,0.05616650031652088,0.13128587748075474,0.04616489642514443,0.10267474959454578,0.07505454123020172
1813,0.0920879786198201,0.5377538332432472,0.056009217070933905,0.12482987652412152,0.04723840434096641,0.10268219544755333,0.07439526915550232
1814,0.08874436301369514,0.5201198809547016,0.054429221657319726,0.12095645869980286,0.04539866826937249,0.09848626218963316,0.10153011977672577
1815,0.08701592536560253,0.5180051641647194,0.05290187856982121,0.11934520508337812,0.044719890527795896,0.09573683609562969,0.12176395952701569
1816,0.08706249578821516,0.5340905257444364,0.053697418727642866,0.12232500544432764,0.04306360490824505,0.0947068293590906,0.11972441524267197
1817,0.09043860325307598,0.5568417608772281,0.05341012525817076,0.1253289303466075,0.042615836833195246,0.10175448766363152,0.13691939413547516
1818,0.09578958541185023,0.6606608768863684,0.059118200523459584,0.14505286857530367,0.03995750935193833,0.10153727919625136,0.15129369497299194
1819,0.09392891155667062,0.6416333575469404,0.05516904655213914,0.13894966240853932,0.04264435129786115,0.0994097447877438,0.10811647027730942
1820,0.08728229935317595,0.5735395640792589,0.051224780785760295,0.12584117839911726,0.04058042943282465,0.09440741636828474,0.09553071856498718
1821,0.08607158969607481,0.5512013703838616,0.04945549240149755,0.12113347497040669,0.04282726648089619,0.09323122289431571,0.08688124269247055
1822,0.0898830505778063,0.574855044219239,0.052571126668142044,0.12718311488972733,0.04452873369134257,0.09693052158053116,0.08757045865058899
1823,0.09141469779448798,0.5833988104785963,0.053801133707167485,0.12945794467451446,0.04557538954873218,0.0982362514895011,0.08071723580360413
1824,0.09325423047354763,0.5910420102771622,0.056148644407858384,0.1325619823891875,0.04535158398360206,0.10077476322606507,0.06443340331315994
1825,0.09127444313762857,0.5241365531102721,0.05886591813451733,0.1253331517024823,0.04601866113909953,0.10107188239209444,0.069243423640728
1826,0.08842881097775078,0.5179686055359839,0.058923884976194996,0.12450170219902197,0.043307141114790566,0.09634649228922865,0.0772441029548645
1827,0.08798047757223292,0.5242492813123204,0.05613179157017376,0.12300571867619471,0.04217737152036808,0.09741110940164806,0.08178979158401489
1828,0.08961101378591889,0.5326509922885501,0.055026759005685065,0.12325879233180863,0.043239613622066235,0.10074418270163642,0.07887570559978485
1829,0.09102936499536964,0.5580587462558277,0.05388338742628221,0.12590843868764584,0.04438010031526702,0.10132828210971773,0.08674351871013641
1830,0.09403037595035509,0.6512246823008544,0.056800064191223805,0.14171786677831388,0.0405915436582132,0.09906279973151527,0.09931392222642899
1831,0.09214834106626534,0.6392366078207934,0.052027715002445386,0.13591469969078082,0.04084516529127843,0.0987430560729278,0.08429484814405441
1832,0.08812378223260642,0.5752940839782832,0.049813637278872634,0.12488227252164556,0.04108697054932679,0.09711731345256684,0.09024636447429657
1833,0.08585410673859539,0.552651104973531,0.04861141775256883,0.12061708735556342,0.04290403010117432,0.09301781575649178,0.08508329838514328
1834,0.08889214522786518,0.5779457662213048,0.04936338302301543,0.12487515205134248,0.04396383196239843,0.09671928836460597,0.07934820652008057
1835,0.09249672737539573,0.620261029635256,0.05085100216441595,0.13219529180310738,0.04508161596963304,0.09924870598119037,0.0712011530995369
1836,0.09533380301762451,0.6328136727869418,0.05470991666298939,0.13729616753783974,0.04473219979093628,0.10289313688578837,0.07079745084047318
1837,0.09333510138695202,0.5833333129767991,0.05564449513557044,0.13102861197003168,0.04571977317419828,0.10201669181291687,0.07665497064590454
1838,0.09162657638954426,0.5904633248577568,0.05595067948390009,0.13230962882302247,0.044299544250841275,0.09744005863161594,0.09268425405025482
1839,0.08976808238283451,0.5821700751101873,0.05563892696850974,0.1308576624173208,0.043501589504534685,0.09429788112117138,0.09669778496026993
1840,0.08844981645394204,0.5567938260059067,0.0560036742713031,0.12754512451910363,0.044748896686606074,0.09247972669334462,0.10664734244346619
1841,0.0889816158015522,0.5635290991550324,0.049456103149903306,0.12289510257920747,0.04321610610952509,0.09935213585162755,0.1220187172293663
1842,0.09275526856380925,0.6485324054883159,0.05474712076787813,0.13957359001365496,0.039607122916947,0.0982938647361987,0.14545059204101562
1843,0.09308714326332829,0.65113044395486,0.05218405686494724,0.13774782644922048,0.04039141548422988,0.1001178072823837,0.13507109880447388
1844,0.08764190990507252,0.585573569970878,0.050821371618979594,0.12721454281210792,0.04035890077755632,0.0943884890979932,0.11973728984594345
1845,0.08535025646388376,0.5686790478427131,0.050361205281142886,0.1244066113613672,0.04173006670709329,0.08934361196577743,0.09546446055173874
1846,0.08703967721663712,0.5630154842822886,0.04974848554543196,0.12307234250784006,0.042802510219523714,0.09421861620930883,0.09324188530445099
1847,0.08867313589725691,0.5597992838269862,0.051254094771922026,0.12390340749407405,0.04211850968265128,0.09858194618782182,0.08870579302310944
1848,0.090692132639147,0.5597690142941331,0.054134080872496125,0.12636764278987284,0.04380524906126221,0.10050208438791108,0.07526054978370667
1849,0.08628584051584766,0.4834150184808838,0.05390011322137963,0.11525938540130878,0.042421178977357955,0.09931556758724765,0.10074765235185623
1850,0.08291711960709956,0.4502067470763089,0.055419758282992004,0.11181789953918012,0.04282771635505345,0.09270716501206945,0.10893767327070236
1851,0.0848347387879763,0.48231294755194826,0.05229753506731089,0.11372830827940195,0.04155116576405047,0.09742599187891397,0.12912105023860931
1852,0.08744295435338902,0.5436294526992608,0.050245678977650345,0.1207290752235947,0.040911416344778746,0.09903269434949305,0.14578481018543243
1853,0.09001738155057369,0.5756340556240227,0.049509933061242906,0.12467052199878288,0.04182044213460329,0.10186820564736476,0.13592827320098877
1854,0.09519224914151464,0.6762191921533345,0.05497750365945917,0.14372631630144136,0.039632810667509344,0.10133944904133338,0.15320318937301636
1855,0.09362558086879967,0.6500560288644599,0.052264779757588475,0.13766352962999867,0.0398752273255999,0.10212393505305033,0.1268608123064041
1856,0.08875791194244503,0.5709757666435287,0.051513213117185076,0.12572214933523415,0.03940791993542951,0.09959544722989314,0.1224798932671547
1857,0.08688929739821154,0.5468442692294744,0.05184545677126166,0.12255957283672061,0.04253633921841138,0.09448664479684125,0.10221156477928162
1858,0.08766902648236817,0.5425680974011344,0.050174004262524476,0.12051601756804019,0.04368478325219518,0.09741412210880654,0.07820340991020203
1859,0.09315778859654067,0.6157226408474108,0.04996955168310954,0.13079142156372403,0.04383524389882111,0.10338558636075987,0.09107252210378647
1860,0.09481889125781073,0.572975216662192,0.05410944988709079,0.12823313085496238,0.04405517882222164,0.10999967999144344,0.11285144090652466
1861,0.09316118617662986,0.534218442516682,0.054315185504052906,0.12287279364871424,0.04515786370580461,0.1091664368005281,0.12069174647331238
1862,0.09203980464094196,0.5670816412513882,0.05169877156692195,0.12532489580755998,0.045330648176485515,0.10378586177655058,0.134656623005867
1863,0.08810090066269537,0.5223877420084466,0.0539734229063798,0.12088975420667507,0.04541316390784295,0.096762423472209,0.14695118367671967
1864,0.08776106324092671,0.5188430704323405,0.054861090801767376,0.12114423074899212,0.04537401993434625,0.09563945456462739,0.1393451988697052
1865,0.09028024801295317,0.5397188998750886,0.05064781257675927,0.1205151107622349,0.04311093980043734,0.10509788779328302,0.16895613074302673
1866,0.09585234987293663,0.6185735215101945,0.059618987895437035,0.1394696355546881,0.04242761756565753,0.10443386567027328,0.20126408338546753
1867,0.09464369362852308,0.6259693077409908,0.055260710818044345,0.13679051037846526,0.044357926091260165,0.10176527556742869,0.16362649202346802
1868,0.09057478856731754,0.5911450515069747,0.05407002047801823,0.1307950249107263,0.04455551558541959,0.09564894562599559,0.12723371386528015
1869,0.08676632040075036,0.5482300849346861,0.05115973787825525,0.12216978745774536,0.047320539430507326,0.09030334507484236,0.09868963807821274
1870,0.08701244400060931,0.5496993028165116,0.04786263602451061,0.1195535884233679,0.04854883236919551,0.09219460280818263,0.09046187251806259
1871,0.08937946359888961,0.5574986012828463,0.05055560228624318,0.12297603071432936,0.04796939004195923,0.09621628173519392,0.09400761127471924
1872,0.0924577423905048,0.5674176896322727,0.05483029857003219,0.12805706872178083,0.04903049291972176,0.09930717513757342,0.09245076775550842
1873,0.09004436768220415,0.4890353352627007,0.05678222709560577,0.11853267111947649,0.05022319886705854,0.09996062488784327,0.12499590218067169
1874,0.0880721370996764,0.4932463567949852,0.057700009588387745,0.11992091633218736,0.046795576082693295,0.09632144616108952,0.15196412801742554
1875,0.08801884029168384,0.5097469388601619,0.05316370585328214,0.1183898819971221,0.04582923534627294,0.09836008312665992,0.15752871334552765
1876,0.08901967853441219,0.529822367848084,0.05276219545773394,0.12091364865635537,0.045062271050615686,0.09957518622603384,0.1360754519701004
1877,0.08859694876268648,0.5421715546965513,0.05084985000107937,0.12103866495757536,0.044012831423275244,0.09922154976414352,0.13239045441150665
1878,0.09231318309251758,0.6205468987263467,0.05720128342121217,0.1376792284648028,0.042978668950720014,0.09578559326584087,0.16809989511966705
1879,0.09122645671057641,0.626194721930915,0.053893405850107566,0.13565073671879432,0.04332756737112261,0.09426673987540782,0.13866077363491058
1880,0.0860675072377078,0.5714353195851232,0.047047036570908564,0.12195964843008207,0.042368887377873476,0.09289817607173534,0.12437592446804047
1881,0.08424663637396886,0.5377137027665571,0.04528283833605667,0.11563010468327102,0.046383156948365666,0.08991664610073227,0.11598935723304749
1882,0.08570283617221021,0.5495810810085813,0.047978619436604135,0.11963611394688656,0.04679976760492196,0.09005140311574562,0.08551713079214096
1883,0.08918614313000756,0.592932366063115,0.048435324038074434,0.12622061575593738,0.04590360296400816,0.09465320222756843,0.09757988899946213
1884,0.09189531425406625,0.5595798876640591,0.05452192974601252,0.12667306659144775,0.044656756353205415,0.10279851912211063,0.10451645404100418
1885,0.08880029830447082,0.5065138303873153,0.05222186790992809,0.117120719692412,0.04759752678958072,0.10007235466555113,0.13997747004032135
1886,0.08847601402553805,0.5505388832800053,0.05074704674967301,0.12214588053972049,0.04626960249249392,0.09594549091704198,0.15301138162612915
1887,0.08626297734024907,0.5483221461703989,0.052048509494665364,0.12294474330548444,0.04593922591053053,0.08944971462167184,0.15569737553596497
1888,0.08637084716024918,0.530571638017903,0.05538112400668068,0.12326548315114098,0.04639845540792821,0.08906388345149967,0.1474953144788742
1889,0.08526247640222717,0.5212768845123394,0.04865488737174306,0.1161723155346854,0.042447312251767615,0.09567963579297833,0.18991105258464813
1890,0.0922310864603071,0.6148956777293352,0.05736428045615425,0.13701162292375152,0.04061412643747881,0.09821295707476803,0.2428569346666336
1891,0.08948478249321308,0.6249790302689384,0.0535738947853924,0.1352031998544704,0.039342485403862856,0.09335567725529435,0.2037111073732376
1892,0.08626531219742697,0.592435324975882,0.05100999507306234,0.12835647077346515,0.04118089032613318,0.08888441758077563,0.16212977468967438
1893,0.08333535511647322,0.5749994124731446,0.048422958515798066,0.12364816622399041,0.04217558567242618,0.0840764436609368,0.15072128176689148
1894,0.08351885326285556,0.5451972979657888,0.04904103980307397,0.11992050525489037,0.0444124621201576,0.08588550001968581,0.13576482236385345
1895,0.08442219310307902,0.5304291614354188,0.049818783767973586,0.11847740914903719,0.043344440678425515,0.0905669124344374,0.14097021520137787
1896,0.08727213834837072,0.5483038280008332,0.05310555120183963,0.12384816217312443,0.04385136707582539,0.0932612923651884,0.13511191308498383
1897,0.08345238313350146,0.47061175093160323,0.053698700693980195,0.11325770787078349,0.042884459740245136,0.09286965695747902,0.18281932175159454
1898,0.07991421945735003,0.43564720287379527,0.05332769789221905,0.10794477003244422,0.043692107012921984,0.08708183609301715,0.21714092791080475
1899,0.08137105021321525,0.4594195352017845,0.05047428407583779,0.10889503423668732,0.041819779974998715,0.09189492565111665,0.24142183363437653
1900,0.08473207098807657,0.5231407458059427,0.05012135209499324,0.11769555119655746,0.041145415980298194,0.09402734893746187,0.23559044301509857
1901,0.0887219335093834,0.5703816439669682,0.05177164152240559,0.12585878472877168,0.04202988779811597,0.09708272868977763,0.23691745102405548
1902,0.09504205739840345,0.6614067354087223,0.05905694015716767,0.14510691090738975,0.04234181279751766,0.09734802460381552,0.2721107304096222
1903,0.09360062232313596,0.6516084527609215,0.05720676217756814,0.14212128940376148,0.04148160039665479,0.09674918281325966,0.21365556120872498
1904,0.08949010545347719,0.5859258819531926,0.05170894304894952,0.12802564860669854,0.043312108287710906,0.09617725271445399,0.18783888220787048
1905,0.08689576639744993,0.5401880321040836,0.04985517791891115,0.11990272851679294,0.04568171651767143,0.09407696818783097,0.1569938212633133
1906,0.08918666518942686,0.5449087869298481,0.05323576196281556,0.1234747655295345,0.04737200691467818,0.09577240338223778,0.09871978312730789
1907,0.09370250902875231,0.5955567338291126,0.05415102322707573,0.13149469617022386,0.04581208136525507,0.10253846948552484,0.12867310643196106
1908,0.09415173606500446,0.5511045661781159,0.056575757047627406,0.12722272978055432,0.04363489106271645,0.10941685594090031,0.15166835486888885
1909,0.09227702100881406,0.5025562571097301,0.05399180590298227,0.11807244178966052,0.04614496365375793,0.11007157801124755,0.19445735216140747
1910,0.09137669765356633,0.527577075665849,0.0509893398062339,0.11907330207189319,0.04733162986751854,0.10568160310032215,0.2402963638305664
1911,0.08819794270226422,0.5118027711397237,0.054999720651105054,0.12025729929233629,0.04475727197908384,0.09815659256873399,0.21810045838356018
1912,0.08604130488564761,0.487319139625869,0.05449273697470668,0.116325080210587,0.046512082820255145,0.09413107078354407,0.1966034322977066
1913,0.08979568307517065,0.5289945711819349,0.05155839377283017,0.11976356197413085,0.04693880437045348,0.10107355790520803,0.2593519687652588
1914,0.09673396912899733,0.6217961521617577,0.059775887284986506,0.14006449655309666,0.04436444682852431,0.1046430896458243,0.32919615507125854
1915,0.0931932812641454,0.6229733780811474,0.056935069754487706,0.13779768522972477,0.042691776518194745,0.09835324444697023,0.27696937322616577
1916,0.08898371719885723,0.584158462023542,0.050817323802015986,0.12700891497651973,0.04433241478200186,0.09478155875815097,0.20020923018455505
1917,0.08486791251066263,0.5286809473806859,0.0499525569812899,0.11834232703834648,0.04641474742056506,0.08922431925277466,0.159823477268219
1918,0.08639180890937932,0.532791265980313,0.05298125814156745,0.12152554497567396,0.0481743434535585,0.08909007212521472,0.14169995486736298
1919,0.08710972665681395,0.5334503698742566,0.05445544581196108,0.12288329210657474,0.045395524285880215,0.09230778396284031,0.15377432107925415
1920,0.08742016127210768,0.5191510597096484,0.054249574927613974,0.12066407275361889,0.045145023972763716,0.09532248386271135,0.1410209983587265
1921,0.08544167188119028,0.469224394809166,0.05421296810636933,0.11350031477819744,0.04699557027104195,0.09453069825518881,0.21853165328502655
1922,0.08354896101076666,0.4608696952867437,0.05409853317056379,0.11220869918716092,0.047311701686408095,0.09017929201523542,0.2596794366836548
1923,0.08475584321039807,0.4952462346525446,0.05191674744017926,0.11524953132766003,0.04499053275363374,0.0928685127574626,0.2650887072086334
1924,0.0876793484573912,0.5160480616502079,0.05260819219432392,0.11881388783087878,0.04669789419748628,0.09629539898300639,0.23758020997047424
1925,0.08828411580881003,0.5353211518651795,0.05370796766768269,0.12250985112446797,0.044378032607289786,0.09675442020893957,0.228163480758667
1926,0.09051962642782521,0.5972586216614639,0.05718709303787317,0.134340168555529,0.041856934061293365,0.09475650788679978,0.2720251977443695
1927,0.08823259288386603,0.6160487552047982,0.051397247628399624,0.1320617487107423,0.04079263896888241,0.09139204121095995,0.21218980848789215
1928,0.08532316245745408,0.5722186325688016,0.04630966648431844,0.12143951878210177,0.044218061520715966,0.0896883139930332,0.19827847182750702
1929,0.08244157012919238,0.5242834047731628,0.04646622460063072,0.1147258217681353,0.04567707451247595,0.08636178360974421,0.1565236896276474
1930,0.08623525076458155,0.5567506565549746,0.04952616572097438,0.1219868072686887,0.04655626939186926,0.08967174752461102,0.09941976517438889
1931,0.089999281419234,0.595276629156506,0.05017458435223435,0.12804630503855888,0.04541921465741261,0.09571569416891842,0.12215197831392288
1932,0.09204428235995198,0.5837529743249221,0.052860241755598614,0.1287020606940734,0.044092622050152776,0.10192642908867003,0.1619616448879242
1933,0.08991838593798411,0.5382823143792039,0.05201865959264416,0.12148489599072412,0.04637719102173876,0.10039623519355129,0.2034510225057602
1934,0.09178883870666477,0.5890755636637814,0.051387677142756466,0.12820023236004574,0.047280183142629696,0.09887394287848714,0.2522124946117401
1935,0.08806574369930069,0.5830229780547799,0.05335564088951123,0.12902240334169246,0.046157645375828,0.08889825254524647,0.22632858157157898
1936,0.08692120546593757,0.53661785293866,0.05507356127920021,0.12386560294483732,0.04690298553997708,0.08961080010711568,0.216068297624588
1937,0.08821976539108113,0.5562067589471034,0.05263369471988789,0.12457270389520439,0.043813582257774576,0.0952663544416165,0.2580736577510834
1938,0.0936118298931662,0.6357494393704761,0.06012077133242366,0.14235343819500257,0.04209507658946072,0.09604008176980167,0.32966363430023193
1939,0.08630942667141749,0.563421788573195,0.0537011250129775,0.12651836266443717,0.03944711662866664,0.09213112896493228,0.2999650537967682
1940,0.08794543458062792,0.6151321262071452,0.051215103604268376,0.13177467826182224,0.041268646321322926,0.09043703608647477,0.23352102935314178
1941,0.08444005635844404,0.5643824206979167,0.049657629810623445,0.12318974279452245,0.045654677724645806,0.08447128703144882,0.19779227674007416
1942,0.08648489611653273,0.5467920206429586,0.05277904125669338,0.12335232402615984,0.04792239327246532,0.08796808668416799,0.16436553001403809
1943,0.08831280873790616,0.579252879435076,0.05407316848952217,0.12909884148174414,0.04457355059175928,0.09089688096492647,0.1949504017829895
1944,0.08763930629270714,0.5699824695180589,0.05225112185355263,0.1262127429484821,0.04505766679670415,0.09114648377790666,0.19176556169986725
1945,0.08486334736848158,0.49762045948111233,0.05170634057374043,0.11540835756050784,0.04589092767544085,0.09223733068186926,0.26177170872688293
1946,0.08278694222599342,0.4804209444944311,0.05390543797157443,0.11483622461769682,0.04496420427122574,0.08783871584367467,0.28236275911331177
1947,0.08388601029359523,0.4930218892436306,0.0525120085886742,0.11544199153938225,0.04417967760571357,0.09101756780542805,0.2808712422847748
1948,0.08644483736957444,0.5079409340982851,0.053741837040831276,0.11862742233475325,0.04552096841373752,0.09409346086140027,0.2540481388568878
1949,0.08741052020133834,0.5353661028735619,0.05274274118451188,0.12168893571151904,0.04506601667656064,0.09446834721411071,0.24841102957725525
1950,0.08930942636941096,0.6032222696985127,0.05627622137692665,0.13441137113715323,0.04088917186086611,0.09221294739261317,0.32859140634536743
1951,0.08629867340630679,0.600709816538008,0.05025513705203696,0.12889151983574712,0.03911640095646125,0.09031442117416133,0.2518649399280548
1952,0.08275602414401227,0.569217140444797,0.045845735811395415,0.12061307933045277,0.040529716037058676,0.08657912044946124,0.2156398743391037
1953,0.08086381048903135,0.5139487739655297,0.04722940890885208,0.11390360391694888,0.04440325090712888,0.0838569808737682,0.168437197804451
1954,0.0857834566459251,0.5456255328431694,0.05000895663370478,0.1208113246636283,0.047981382794728154,0.08821088675023211,0.11220239847898483
1955,0.08871024740068427,0.5906703122960895,0.05062331628048742,0.12777288713985915,0.04536501359643493,0.0924575172076244,0.10682101547718048
1956,0.08987660633648155,0.5809347123437948,0.04970762060547562,0.12559720513952125,0.04594394288897304,0.09706216290039174,0.15734045207500458
1957,0.08712022080762359,0.5218104449134449,0.047806454510692854,0.11552131028251457,0.04861055724403369,0.09596522313523512,0.21179403364658356
1958,0.08662181460531702,0.5503500590373402,0.04887476831090105,0.12051409555753521,0.04665809219356511,0.091934325882409,0.26645156741142273
1959,0.08550863838418196,0.5382188880381518,0.0511300761643916,0.12071419214635733,0.045892712546177265,0.08936771395053263,0.22079727053642273
1960,0.08410748263088644,0.5068620898503596,0.0507565239042693,0.11591446189656793,0.047809852965405485,0.08803680173071099,0.19515986740589142
1961,0.08616963799277114,0.542764408246225,0.04961591314070251,0.12006569815577715,0.04534722980378809,0.09223019251550103,0.24760350584983826
1962,0.08939032445271869,0.6210881857489006,0.05364479099383102,0.13470813310169813,0.04125856195929367,0.0918525340666086,0.3369031548500061
1963,0.08659543927294915,0.6125233194735062,0.047689662174258886,0.12838018464557993,0.04135603461914968,0.08961826614397174,0.27609241008758545
1964,0.0835510358440633,0.5744081774843947,0.04585656967470884,0.12136394221894967,0.04311707055970325,0.08584446238985274,0.19504624605178833
1965,0.08155013324884303,0.5241847988592828,0.046797855573300386,0.11499599032844074,0.046225394718817946,0.083194154517967,0.16278864443302155
1966,0.08647418623167956,0.5497186827656224,0.05016089367797256,0.1215262921190654,0.049345622470034115,0.08829108687165671,0.12572583556175232
1967,0.08764703349937865,0.5760974770515093,0.05088676531726776,0.12591686699358798,0.0461450669849305,0.09047514989208759,0.12804430723190308
1968,0.08574346437644086,0.5485141525432228,0.04762729676807718,0.11918256187881225,0.046339446472045555,0.09096276972821175,0.12313851714134216
1969,0.083479898923195,0.48608780394190587,0.04692421804514329,0.10966187317325223,0.04633729572825312,0.0930704492499691,0.19529683887958527
1970,0.07864382473635244,0.4296162543016014,0.048668892368496246,0.10308994407322555,0.04666829793240969,0.08523205627003838,0.236670583486557
1971,0.08251658232057263,0.46259809557674475,0.04904788130364579,0.10812648334265994,0.046832680143130904,0.09133133333150777,0.24303092062473297
1972,0.08661468525728143,0.5193851167033688,0.04921670044887607,0.11638361705666075,0.050620887053119394,0.0920614433614663,0.24288296699523926
1973,0.09023253375141932,0.5674982761348114,0.050965252695565254,0.12475568461545758,0.04814266125188231,0.09685341518248072,0.23186397552490234
1974,0.09299671857633506,0.6264435391270466,0.053543153782399905,0.1353860659744923,0.045796615413721424,0.09720612987023446,0.27615219354629517
1975,0.09052422922176138,0.6418081098905374,0.04845447932150343,0.13321928368850827,0.04243072433768802,0.09524787333692204,0.19669905304908752
1976,0.08571230099575419,0.5714557119708515,0.047373072862115985,0.12224202130622107,0.04613892837510528,0.08837549676716343,0.17332066595554352
1977,0.08347899057755756,0.5163973396893623,0.04935472869880728,0.11607510169745798,0.048112328146758254,0.08590322297459407,0.15053747594356537
1978,0.08849576606719915,0.5537477340920285,0.0506552697610167,0.12252562180830409,0.048401014919557825,0.09380254954791849,0.1091606616973877
1979,0.09038719601418274,0.5848464380294673,0.05105789891425468,0.12731340450214224,0.0466426138553625,0.09635327297618591,0.10737869888544083
1980,0.08957299308859917,0.5766342674446618,0.047663180515334524,0.12323047864809557,0.04352067688910001,0.10041846989860158,0.11687324196100235
1981,0.08715211713033845,0.5024400942975192,0.04586104184830067,0.11108662076961762,0.04387381419575736,0.10407794151372765,0.18451350927352905
1982,0.08772342636845817,0.5358258351056746,0.04748939279487277,0.11725174169641592,0.045918637791306706,0.09846534046150267,0.21357765793800354
1983,0.08654871180614884,0.5508504622952782,0.04977147504891787,0.12135418751268363,0.04512998226090064,0.09233530891502306,0.1992599368095398
1984,0.08648472732610524,0.5224178262237149,0.04925580042980585,0.11685037554322143,0.04800786241230433,0.09358204193570435,0.16205419600009918
1985,0.08786009353368146,0.5486145354827512,0.0473482305990277,0.11895770272527392,0.04533250132538672,0.09786132867329597,0.19755662977695465
1986,0.09137467607738273,0.6149334958860322,0.051419370659454844,0.1319213885489659,0.04326604022119054,0.09799135903891562,0.28059080243110657
1987,0.08824751074320299,0.6156441837504075,0.04767781031975396,0.1288158636669902,0.04131330766723379,0.09381762962636223,0.2098824381828308
1988,0.08524223869442571,0.5709491869500322,0.04766758237625724,0.12242209731536793,0.043404805670518486,0.08931761629702009,0.16285261511802673
1989,0.08344343507497289,0.5240657506855977,0.051874040334001004,0.11932999895565764,0.046291550703818386,0.0845505905041339,0.12974269688129425
1990,0.0873205114412357,0.5575618072220557,0.05162709812423543,0.12390348513820977,0.04733830884714151,0.09029483672621583,0.10218837112188339
1991,0.08874095651452507,0.5792563428531201,0.05234723091853308,0.12761996119490265,0.044894549932489106,0.09308743317847615,0.10646061599254608
1992,0.08719296396730168,0.5672169070321269,0.04904247735006904,0.12306739587607729,0.04359287457210177,0.0939529142679229,0.11184601485729218
1993,0.08480576963115839,0.4941607537173206,0.04723585653689058,0.11108227041980914,0.044245199260045186,0.09730433051581303,0.14984077215194702
1994,0.08440002851232543,0.504123082702803,0.05052254203743642,0.11532261927534594,0.04547847745030252,0.09139911877395254,0.17597874999046326
1995,0.08617489811302943,0.5205577036640314,0.05447770342902869,0.12106056060545765,0.045150137223731894,0.0915466092102901,0.17319640517234802
1996,0.08712692950927231,0.5415318023025957,0.05049800484045797,0.12064569019219194,0.04672313455548279,0.09315133449628346,0.1588868498802185
1997,0.0876269454017815,0.5576289211690914,0.04861704511394219,0.12133302740753492,0.04482049753291807,0.09558976553200275,0.16291359066963196
1998,0.090259439631302,0.6182271137402571,0.052700980488020265,0.13349042809548267,0.044264787170580765,0.09267764562827496,0.19590824842453003
1999,0.08720695971242515,0.6160402696493942,0.04904048287989226,0.13004045241839252,0.04209677849904869,0.0891990621564081,0.13947612047195435
2000,0.0843001151453664,0.582795469277996,0.04734671901699367,0.1238393976257083,0.04347794771049851,0.08542263948057661,0.12186554819345474
2001,0.0819561144261058,0.5250897822161411,0.04849989913181027,0.11658416814385755,0.04623323947643764,0.08291408300403269,0.10281036049127579
2002,0.08642238016350161,0.5638747408497697,0.04788008368296794,0.1215936061353682,0.04761489605619529,0.08960410603201135,0.07202836126089096
2003,0.09025806492176501,0.6253967652548671,0.04832984909762892,0.13076797997723438,0.045024014221233755,0.09439168361119415,0.09120994806289673
2004,0.08952183219066172,0.5942533532973526,0.0462543832719375,0.12453995041842537,0.044085593571171235,0.0986376875334227,0.12069504708051682
2005,0.08710866842235672,0.5472359618940696,0.04537469250876291,0.11706915956380672,0.04445674791518341,0.09821366911736462,0.16226142644882202
2006,0.08886523735804158,0.606808709078714,0.04548919620638875,0.12567769804529236,0.04568334063392431,0.09443849389029976,0.19967564940452576
2007,0.08619940180115504,0.6043667050294076,0.04861663106971337,0.1280094987782411,0.04437728968735199,0.0862099150457824,0.1683036834001541
2008,0.08477998842617042,0.5450196063404813,0.04950903167663189,0.12029625662861035,0.04573765446149375,0.08786529596812753,0.1660407930612564
2009,0.08539702957866395,0.5705442052535881,0.04477836731004333,0.11988777273054974,0.04258598744279304,0.09267729118965091,0.2203119844198227
2010,0.09034034893762728,0.6450912203559951,0.049534520554139094,0.1346140490972614,0.04085890956296213,0.09489712075077944,0.3025919795036316
2011,0.08648334622973258,0.623520130520471,0.04558814392678482,0.1281498562973114,0.03902331400612643,0.09155267811625648,0.23930513858795166
2012,0.08412859587675256,0.5993311318331394,0.04504069091776595,0.12422503961996216,0.04057426624870936,0.08715424602598193,0.19386954605579376
2013,0.08137914973207604,0.5717068528273653,0.04601411296723248,0.12111307580439432,0.04203152891571344,0.08104113263311483,0.14443901181221008
2014,0.08356037307008744,0.5510867637266734,0.046870236480637296,0.11890116894435676,0.04480695299379988,0.08654641924685345,0.11665376275777817
2015,0.08589804341443873,0.5845216655672072,0.048113144552357295,0.12474293326876441,0.042778452560690586,0.0896384067889334,0.13288725912570953
2016,0.08292970523324135,0.5546289010014966,0.04400660604453519,0.11695264818124396,0.04292041310356953,0.0881677607672019,0.11911612749099731
2017,0.0821467100391833,0.48818637053741065,0.04456561478028457,0.10794000845987399,0.04319560980447677,0.09365978662644711,0.15470561385154724
2018,0.08009800874735525,0.4780793025278039,0.047532903287619194,0.10903953175050272,0.04415279196831225,0.08622624080126384,0.19185060262680054
2019,0.08047022226340315,0.48648671326281323,0.047707849269353224,0.1103905441255618,0.041237147955970506,0.0886188806530179,0.18694515526294708
2020,0.08389764628693942,0.5351550078964222,0.046516435330989536,0.1163219456974799,0.0432000540559458,0.0911367775048359,0.1670178920030594
2021,0.0843467955291614,0.5520009900402922,0.04439482976360306,0.1169099955174158,0.04166770407589358,0.09319820056104813,0.18434175848960876
2022,0.08653738403149291,0.6092668898622101,0.04987820054040234,0.12979087044351773,0.039427496946479325,0.08991173462035809,0.23629114031791687
2023,0.08597652919781959,0.6328848869141218,0.046417731664804375,0.13019875384327828,0.03801617818062532,0.0892473897730882,0.18259404599666595
2024,0.0817897147010259,0.5736215161312286,0.04395039879759464,0.11961770127382805,0.0406837484550674,0.0846579469150377,0.1427573412656784
2025,0.07878237112396348,0.5237703173143112,0.04414859852339703,0.11266598692209906,0.04203451810182651,0.0812885786949647,0.12246996909379959
2026,0.08360555075311772,0.5590008282769109,0.04440191578940008,0.11791604614475874,0.045433603878049934,0.08698432080111615,0.0950700119137764
2027,0.08536370394690071,0.5885184509594901,0.04649180081570261,0.12392417940767227,0.043796774663878164,0.08799435104137032,0.0986526608467102
2028,0.08550439242559059,0.5890571832642898,0.04533159082934183,0.12300667546290585,0.04333365019902491,0.08958929421618475,0.10195203125476837
2029,0.08455298720599154,0.5242680252520454,0.04587213358064276,0.11421440381941458,0.04374042590818802,0.09431023880482445,0.15552029013633728
2030,0.08209480114626304,0.5037610958664628,0.046863429983615534,0.11213452510973657,0.04518743987223568,0.08810398379299764,0.2208925187587738
2031,0.08028178151838077,0.507530170300518,0.04568515472672682,0.11166301409441126,0.04339225478814852,0.08510153890330731,0.18107743561267853
2032,0.0808541374199942,0.5020342550138035,0.04463058190735896,0.10997396377970817,0.04769922283922761,0.0843848396134152,0.17446254193782806
2033,0.08265801184679096,0.537617505083996,0.044013821852013996,0.11452863374229715,0.04617414314939726,0.08669460279844252,0.19129452109336853
2034,0.0875379730442924,0.6094814247897471,0.04886492175044338,0.12895299361320106,0.04550172181340744,0.08808154987352163,0.25959888100624084
2035,0.08509075786666033,0.6103243906703457,0.04454758009265073,0.12537283874660715,0.04306462315626779,0.0866168049683003,0.18391698598861694
2036,0.08162678456689666,0.5709078082067638,0.04344807371302841,0.1187994643549906,0.04561954010550345,0.08060702865603352,0.14905570447444916
2037,0.07904258004141583,0.5254739304373676,0.04327072988868232,0.11215690139563736,0.04790108248808032,0.07731635921564055,0.12817193567752838
2038,0.08238451460877504,0.5417321594923863,0.04321709166593778,0.11443352992685898,0.05053699634698213,0.08220820468452039,0.11529857665300369
2039,0.08554952171039444,0.5821954192518055,0.04589435426484373,0.12250879212012397,0.0506428931768681,0.08375346006871665,0.10245294123888016
2040,0.08461976606714873,0.5652184575764422,0.045685432432256534,0.11990443602428306,0.04965284208545583,0.08434173833863749,0.09455565363168716
2041,0.08124952896739966,0.484672352012472,0.043304216859338364,0.1063568075955003,0.0482114588770357,0.0881889714968801,0.1255338191986084
2042,0.07814598278075974,0.44401135521073826,0.04473895164731151,0.10177786644208676,0.04927855742912747,0.08272708175977683,0.1403905153274536
2043,0.07783028504009049,0.45666911552961104,0.04463403398717212,0.10349618849323483,0.046139539393799736,0.08310202195909361,0.15799234807491302
2044,0.08185419708184069,0.5256990945666624,0.044662947440131016,0.1133823970296355,0.04858884764905635,0.0833742028812065,0.14815503358840942
2045,0.08384648619854553,0.5628535436937494,0.043341442173771234,0.11755745667662525,0.04561524532181343,0.08780172279736637,0.14494691789150238
2046,0.08870823266314574,0.6306122874610626,0.048729641844028566,0.13185573407503343,0.046070337773920764,0.0882623269558159,0.18884901702404022
2047,0.0883430672191142,0.6572328928936868,0.044296801852209265,0.13185910057242034,0.04612320667862654,0.08720891600789799,0.1511087715625763
2048,0.08344901774317161,0.5741639493716759,0.04304405943986734,0.1189183294301257,0.04889942251052398,0.08264426584565347,0.1274896264076233
2049,0.07897619166993909,0.5114125475476061,0.042119474795035895,0.10916134233111736,0.04878479156270973,0.07898165993523379,0.08847808837890625
2050,0.08310083873686293,0.5484723795217215,0.04268903775413777,0.11494380086379256,0.05067026958598767,0.08361499488281532,0.07609117776155472
2051,0.08619893974804128,0.596315129209674,0.04561941343165513,0.12429022997137215,0.04894351839516242,0.08546755448639579,0.07601123303174973
2052,0.0862932664415414,0.5826495497059554,0.04657997576828227,0.12316134347366414,0.047902711262518945,0.08762543482007865,0.09869100898504257
2053,0.08508466444199518,0.5229902293507401,0.045899827795997605,0.11405559944667511,0.049794258675311724,0.09061420135874826,0.1189776137471199
2054,0.08552826673261622,0.5471759988532896,0.047677494103884104,0.11903442335379917,0.04872100377018173,0.08841673478121134,0.160081684589386
2055,0.08268594032513508,0.5396838531763684,0.0460790653499771,0.11659403503946156,0.046547987957533586,0.08463706577175076,0.12241414934396744
2056,0.07923523554558105,0.4846860272946094,0.04529241150140504,0.10806292804329139,0.04793045686816793,0.08140268595282099,0.10031994432210922
2057,0.0809794469602989,0.5276798813651159,0.04276300224319087,0.11203684211775158,0.04495446405408832,0.08532608624046206,0.12734557688236237
2058,0.08646418825496584,0.6077555782020596,0.04843144934408563,0.1283348963237962,0.043456072687920635,0.08745941981590384,0.20110511779785156
2059,0.08485623505967833,0.6113661999536454,0.045744863161292254,0.12654791127448556,0.04266103856994417,0.08529681530023941,0.1691352128982544
2060,0.0813447888481873,0.565979813507437,0.043987621757890505,0.11855793486496857,0.04526099094840268,0.08035660924581524,0.14064523577690125
2061,0.07849002934782247,0.5224543994043253,0.04354206488983326,0.11195811267761784,0.04501901696959576,0.0784925922651999,0.09793649613857269
2062,0.08195830766773975,0.5397477574723186,0.04482531144539281,0.11552851802066792,0.04767226346108515,0.08258466228975031,0.08177284151315689
2063,0.08524288746564687,0.5971950238828089,0.04695542069302183,0.12556107829156285,0.04555537623260463,0.08469104282188235,0.08598384261131287
2064,0.0848378239881128,0.5720470376965132,0.048558869083005794,0.12334289317064973,0.0450608308266077,0.08595075746970998,0.08784472197294235
2065,0.0823611871454685,0.4896669629555914,0.04724232402638551,0.11044584387341493,0.04670256513677746,0.08898840676612005,0.10010399669408798
2066,0.0801664183487416,0.4729723568277447,0.048087643775599105,0.10878545992590562,0.04646780162785963,0.08461104659949481,0.12603099644184113
2067,0.07995762916609704,0.49148420402456927,0.048079805872930405,0.11142329132316453,0.04553694356362376,0.08254327468082713,0.11882388591766357
2068,0.08148406835303029,0.4983839724798394,0.04772848013889681,0.1121078361876029,0.04846139777574342,0.08358310825290531,0.10684876143932343
2069,0.0820605418880561,0.5262881277733433,0.04429950179750227,0.11315501979405099,0.04547429169219498,0.08686584264168903,0.11070120334625244
2070,0.08642006162744792,0.6034187912792148,0.0517063002258061,0.13052237037629308,0.04282627258444295,0.08597510688483773,0.1635078340768814
2071,0.08375386541178416,0.5943269856725852,0.04657398221030765,0.12482441127634732,0.04169157326745822,0.08462164340657657,0.12004845589399338
2072,0.0801753695222335,0.5550724793204427,0.04303684455206467,0.11618479237611867,0.043871940931683194,0.08043262454181552,0.10706604272127151
2073,0.07791408134911335,0.5166809836481931,0.04190603906872469,0.10973103115150588,0.04461991538450284,0.07920664549105405,0.09137408435344696
2074,0.08243979450671493,0.5479044833159394,0.04349105625983036,0.11555011726784592,0.04841063106759518,0.08324378009995509,0.07267674058675766
2075,0.08523993563183473,0.5877913437382666,0.04581935860399708,0.12324392790889273,0.046606549827411796,0.08579065496827905,0.06310241669416428
2076,0.0861328857113206,0.5700065040317734,0.04887317883703223,0.12332079672199525,0.04713964143771665,0.08771255231638377,0.08378711342811584
2077,0.08396533268146146,0.5096438736344778,0.047476882518758,0.11350073839243224,0.047608996820949136,0.08993364656231029,0.09692176431417465
2078,0.08236071884007802,0.5026545797411675,0.04699481749283335,0.11208906924259535,0.04752058739532689,0.0868335272520326,0.10996441543102264
2079,0.08230701276963198,0.5288795198356615,0.04735135812121432,0.11614109550899247,0.045733025391301876,0.08470442932873039,0.11303932219743729
2080,0.08009519017247965,0.49834510066786486,0.045272484788852006,0.10999714420013953,0.047799252553275474,0.08218992581508092,0.10086043924093246
2081,0.08156432211532784,0.518515702500445,0.04386481159278136,0.1116720817224476,0.04397154764612724,0.08811371011964858,0.15444372594356537
2082,0.08737154311264725,0.6101357976059516,0.05096933916870087,0.13085026180259382,0.042136490134002,0.08890833561525857,0.2502957284450531
2083,0.08487586743222336,0.5987499480874471,0.0467401634136802,0.12559870408136117,0.042386727518397525,0.08642138278882536,0.1627051830291748
2084,0.08134201849271665,0.5668834965321559,0.04390800590894763,0.11861879028369168,0.04361576918901803,0.0817353113163498,0.12410084903240204
2085,0.07799202796302555,0.5176748073067517,0.043053839856557606,0.11085683520658536,0.0431605545177192,0.07971286088955379,0.08080354332923889
2086,0.08190416450703082,0.5407130364554869,0.044214333271073915,0.11514271944027576,0.04607305665311366,0.084172648312619,0.07188820093870163
2087,0.08650479596992332,0.604009952223572,0.04690660561088392,0.12649279798412505,0.046312253065766674,0.08668376924863387,0.08737572282552719
2088,0.08450680711931233,0.555501812837643,0.04745316388428047,0.12003154230618938,0.04478982405030883,0.08817502401617291,0.09954989701509476
2089,0.08181455159465667,0.475250384060638,0.04671034111962826,0.10793034725405823,0.04596086732797885,0.09033520412602339,0.10242082923650742
2090,0.07824666967661997,0.4358649618882961,0.04664087350799567,0.10224431470518144,0.044668812881166434,0.08662935497265056,0.12192399054765701
2091,0.07786333336908911,0.4468522802996523,0.04672460806528512,0.10388570409876612,0.04389148841831839,0.08481912331254612,0.1282300502061844
2092,0.08057598735729983,0.5146743538051085,0.04541433141367204,0.11245147746959153,0.04491472915509466,0.08388853443597413,0.10922477394342422
2093,0.0826257318557626,0.5302061471955248,0.043188989397552315,0.11276286908297697,0.04341333865406606,0.0905665808334345,0.1261228770017624
2094,0.08748496954952913,0.6008761130504905,0.04967691784304005,0.12841966001553295,0.043446950069548206,0.09020038243675904,0.1739361733198166
2095,0.08732116016696377,0.636854098186096,0.045694979680368286,0.13014628232404366,0.04479509547446094,0.08705948488545884,0.12503576278686523
2096,0.08257442004675951,0.562490195325059,0.04175853191303175,0.11614876954332136,0.047034000502648006,0.08429473133836542,0.11510755121707916
2097,0.0795091715947411,0.5059501948866466,0.04032875423013616,0.10684610289535194,0.04852559087622742,0.08269998983540607,0.10009215027093887
2098,0.08495304772327113,0.5613744267524838,0.04334690687855778,0.11735083828911863,0.05141632798825779,0.08594961074629125,0.07807161659002304
2099,0.08582202101062443,0.5805288423372582,0.044270599467642134,0.12087891987758728,0.0472630044006254,0.08888637403578109,0.06635387986898422
2100,0.085952216325233,0.5786559591705414,0.04509454964663964,0.12131760815005418,0.04663835791358261,0.08940712458870857,0.07944642007350922
2101,0.08499849021466019,0.5186030715464632,0.043417632516789796,0.11130126666388604,0.051088718529554586,0.09165461104605499,0.113063745200634
2102,0.08116125338164516,0.4899273350738519,0.042794364272346654,0.10667050295827597,0.04884837018785721,0.08711443279665765,0.12910546362400055
2103,0.08024998399654454,0.5011188475704501,0.041864432126218785,0.10747220576110898,0.048367943356096385,0.08432732551294278,0.08628280460834503
2104,0.08030704202735653,0.49209540251115724,0.04361217280271452,0.10768120561820635,0.04928016785112894,0.0835031637895621,0.09055440872907639
2105,0.08196961584058932,0.5246460136738538,0.04271604319159128,0.11156318183191448,0.044609417569969646,0.088765419084972,0.1221751943230629
2106,0.08606603662159287,0.6037343394333036,0.04625187282711182,0.12589222519942495,0.04190922218137949,0.08985533425117653,0.2058100551366806
2107,0.08443298543569892,0.599994297290553,0.043765605740619495,0.12322684739060999,0.042243465190405054,0.08740418643978387,0.13983069360256195
2108,0.0812839844382235,0.5698295408645613,0.039393447801352684,0.1151700325246682,0.04596809074713109,0.08253509934229022,0.10718627274036407
2109,0.07878446120462514,0.5200093280164764,0.03965680054576249,0.10827859018443589,0.046382757712561014,0.08132858890284683,0.07502245903015137
2110,0.08310614853590446,0.5520467450296971,0.04246013363743346,0.11525822097918538,0.04844062429696686,0.08530541885710405,0.06352764368057251
2111,0.08729028598853313,0.6223571046897192,0.043392938209301006,0.12610210484936074,0.04622548401019231,0.08926164621635718,0.08064382523298264
2112,0.08612421534857112,0.5872567861760597,0.04349182457524881,0.12117253337536467,0.047373782870740025,0.08936356549322903,0.08369088917970657
2113,0.08121565335074053,0.4939765223397037,0.04084526607083228,0.10557830268067106,0.047842025239942694,0.08910025978399944,0.08953740447759628
2114,0.07827124421745951,0.45672221193191564,0.04163733464926016,0.10093517426106809,0.04695868337893283,0.08583879616301282,0.10083243250846863
2115,0.07752910552784816,0.4555403482771496,0.04149629109883135,0.10064544212430539,0.04615352618874131,0.08475594292766661,0.09901631623506546
2116,0.0805272440004736,0.5145166590316218,0.043080529264688694,0.11042854780282196,0.04705973015190642,0.08364767779091507,0.09260135889053345
2117,0.08247090188086256,0.5432322038193087,0.04274900121435754,0.11424660158649343,0.04287222454402472,0.08931600730816869,0.10323422402143478
2118,0.08733125668894214,0.6125947951382724,0.04836066233948294,0.12896553845359573,0.04263871783682454,0.09000723164047315,0.1423092782497406
2119,0.08668357220290979,0.6410712006488493,0.04239119186015605,0.12791690740139794,0.04410507004037485,0.08786059329645074,0.09937596321105957
2120,0.08202949901938399,0.5628515919153312,0.03896672991180122,0.11380742448373406,0.04819332889734111,0.08383046309486519,0.08423442393541336
2121,0.07899331603557941,0.5048214612113359,0.0394822569166757,0.10595928610162715,0.047075533578389624,0.0833261518778287,0.07124559581279755
2122,0.08476107975361812,0.5685546865880602,0.04110709177322403,0.11645674817534349,0.04927847144611212,0.08807465215367614,0.05706414952874184
2123,0.08839195769293119,0.6298431405625613,0.042270040245492385,0.12620905457650222,0.047077624470104544,0.09145203948977981,0.05311847850680351
2124,0.08766540564434513,0.5886336227360245,0.04365001938459643,0.12150481986337189,0.046982570985536896,0.09365339852915396,0.06644214689731598
2125,0.08463815673020357,0.5206168474447069,0.04262189827688536,0.11090689101514557,0.04905153280970194,0.09279131016131824,0.08029414713382721
2126,0.0819082066415059,0.4994448940434098,0.042290399358981455,0.10759818431389978,0.04785154811777832,0.0892290523864229,0.09507200121879578
2127,0.08168593708069392,0.5267368762060625,0.0412834815395357,0.11063396649189665,0.047213775851556825,0.08651955242138647,0.08132824301719666
2128,0.07927266946598084,0.5012664895015541,0.03987125511137219,0.10578486002425533,0.04764388328204842,0.08374969063843155,0.08222123980522156
2129,0.0819214125713181,0.5330631192020275,0.04179041719244373,0.11197223176524142,0.043174705159707664,0.08953031476179431,0.12084176391363144
2130,0.08725804288738091,0.6083026939919441,0.04686701513296345,0.12707211211281783,0.04391404997959403,0.09034672610943711,0.1957864761352539
2131,0.08547335256599864,0.6155527057370207,0.04101525737749226,0.12309203571456773,0.04472591874540732,0.08821100940401808,0.13501930236816406
2132,0.08184845060664636,0.5771857681067883,0.039151663536662586,0.11601367847525199,0.047169654684464754,0.08229782265352534,0.11667227745056152
2133,0.07940222057751957,0.5306696264583689,0.038660711708823965,0.10894769953018754,0.04632077173737009,0.08249619422906587,0.08530224859714508
2134,0.08338547347071619,0.5601400376399234,0.04072515309068469,0.11492727945486163,0.04861366036179005,0.08621172970489929,0.0721520483493805
2135,0.08728281463475024,0.6182629951867846,0.042616932688396315,0.12485208447388034,0.04720389550771845,0.08947875776166422,0.07543124258518219
2136,0.08640683530639612,0.583875553465917,0.044406555896456146,0.12147355554923626,0.04745104745960176,0.08980976945985604,0.0809553861618042
2137,0.08279117654933811,0.4993832550594103,0.04266663758583244,0.10791186865348641,0.049603894933603655,0.08984944237197603,0.08094832301139832
2138,0.08090357371523672,0.4817399733654913,0.042644381681495425,0.1053723233506377,0.04946013582596411,0.0870064259373744,0.09464971721172333
2139,0.08049243867320495,0.49329638656649516,0.04179421154009791,0.10629452225815468,0.04758760144398532,0.08670734811194113,0.08961042761802673
2140,0.08223421613965112,0.5247650166117144,0.041959960641772535,0.11093211149462139,0.04843576283763797,0.08669720434331368,0.0788981094956398
2141,0.08330027636029165,0.5353299634746829,0.04285731201345191,0.1132105479364849,0.04417664037097846,0.09136197022177162,0.09031860530376434
2142,0.08686409308642197,0.6011722615628827,0.047416741684432495,0.1265246730956397,0.044940297279549624,0.08884440690936979,0.13331104815006256
2143,0.08518465061946182,0.6034978451755345,0.04165099635426633,0.1219148319001618,0.045744546314549196,0.08755583326564788,0.09817137569189072
2144,0.08186533078596919,0.5642282498801447,0.03781541914896978,0.1130172521105662,0.04904464868563296,0.083325496464741,0.07982821762561798
2145,0.07944821663296593,0.5189930809297649,0.0367978531940952,0.1056828857277623,0.04826039245202653,0.08378222733334108,0.0727481096982956
2146,0.08436389239606629,0.5708576729542347,0.039465738943594744,0.11537887237368617,0.05116073479180905,0.08627854781937397,0.05699736997485161
2147,0.08789075286585861,0.6191681993011583,0.0405974550056051,0.12325041847639841,0.04839005231784555,0.09151415843614769,0.05461905151605606
2148,0.08768108373066462,0.5983386408406641,0.04214755385642305,0.12160342342560036,0.04904625121001322,0.09180451495316583,0.06006127595901489
2149,0.0837948774435796,0.519081311924372,0.03931695520136589,0.10785472044750964,0.049739540194460696,0.09254093490811983,0.06867387145757675
2150,0.08092953631783956,0.4861359586255061,0.04081424574235705,0.10443163329709264,0.04967066303043399,0.08771671558747296,0.10320688784122467
2151,0.07939006384499041,0.49261695374520376,0.03911055905736958,0.10389718686991732,0.04729080031949817,0.08603318678298505,0.08352841436862946
2152,0.08036687875047555,0.5087228501294225,0.04046853841355592,0.10736201151582257,0.04701557646079962,0.08592852708426335,0.10950669646263123
2153,0.08202216852446448,0.5286165256302465,0.0409723085595436,0.1106357681410726,0.042055043754712425,0.09195650303346542,0.167206272482872
2154,0.08655832530366564,0.6111671701380471,0.04374008762998007,0.12480109941684679,0.04478324644114478,0.08964909195933789,0.22543203830718994
2155,0.0843324162523207,0.6049780076320128,0.038465431320715004,0.11939579936518611,0.04521002980036231,0.08788404417402704,0.14781813323497772
2156,0.08113487019934452,0.5716737260663758,0.03747613716887329,0.11379007843994507,0.04743265062117106,0.08205100511972083,0.101172536611557
2157,0.07797441092155835,0.5206507948900437,0.03685526627197192,0.10596891321741077,0.04480671966674189,0.0825009512606519,0.06923499703407288
2158,0.08364776663304996,0.5581788875323334,0.0381446163117463,0.11243522648611588,0.04920827099213502,0.08859329794741785,0.05874792858958244
2159,0.08797494755092111,0.6376995080986925,0.03904063491261287,0.12456333108205282,0.04781829320213476,0.09109718451636892,0.07027231901884079
2160,0.08641087560122668,0.5845189040518841,0.03992495896056832,0.11772409397361343,0.04986578268070353,0.09098876583084602,0.08421291410923004
2161,0.08362112307811415,0.5059750790368798,0.03710249933134024,0.10408429643213161,0.05213497219760853,0.09326622841379127,0.07517915964126587
2162,0.08244030855805097,0.502924993143262,0.04088523878791311,0.10689091798153437,0.05163451688004846,0.0880010930307552,0.08669864386320114
2163,0.08145772532221666,0.5094549377149026,0.040213416974929576,0.10724791993778285,0.04953076540363917,0.08682739496235156,0.08751075714826584
2164,0.08289727148030437,0.5111061538059689,0.04196482242571158,0.10898501262289119,0.0523028731322547,0.08684059653508436,0.07247839868068695
2165,0.08486264548600446,0.5342953171658081,0.043111415415153675,0.11328054423667575,0.04874140638048658,0.09160306829649525,0.07483510673046112
2166,0.08764317925343483,0.6259590860304614,0.046910020528347855,0.12963131560007837,0.04583785698026005,0.08748321693914968,0.10635767877101898
2167,0.08349885593567677,0.6082487886147891,0.03980043567725262,0.12100734323975784,0.04163012219004501,0.08731407157203362,0.08249332755804062
2168,0.08144733089523132,0.5597605125646559,0.03919293506701915,0.11355973185239583,0.04601263178363808,0.08435434178035642,0.08381139487028122
2169,0.07856859018413072,0.5120147847681191,0.03660783685063277,0.10452311512455939,0.04691843227085823,0.08355226903536905,0.07059911638498306
2170,0.08365050423887313,0.5729153318158514,0.03873315205197115,0.11504489201823975,0.0494726372843271,0.0860860485171551,0.05398442596197128
2171,0.08576457827800693,0.6083796372762608,0.038324341589243444,0.1197608124016745,0.04772753969950915,0.08930028217598338,0.05008426308631897
2172,0.08537103736203668,0.5956870858542131,0.038463684248703355,0.11806702733520476,0.04643391474382276,0.09083202842645181,0.057617589831352234
2173,0.08082487057356574,0.5220074369735588,0.035054417706116676,0.1046191347443227,0.04594484706742498,0.09052490999202659,0.06007027626037598
2174,0.08159613866894885,0.5421666263431403,0.03650165259380533,0.10873950598656747,0.045712514144740694,0.08924386372471468,0.07565140724182129
2175,0.08354546325514119,0.5932227976991352,0.03781879084274558,0.1171622203936584,0.04707586050911346,0.08604170316171289,0.0999927967786789
2176,0.08006950362233929,0.5203027498909045,0.03808370839956686,0.10697214289832938,0.047610786459475744,0.08493107177335359,0.09622753411531448
2177,0.08149209480889706,0.5534532134589907,0.03870523597932723,0.11224066133356489,0.044462489305467645,0.08698800391531344,0.10122884064912796
2178,0.08410877183718718,0.5966409911122931,0.0438451994995796,0.12281602687282438,0.04154423471629324,0.0874838936617868,0.13075798749923706
2179,0.0809150785079189,0.586887173743406,0.03831903416044863,0.11668591124372825,0.03974531191722793,0.08563914563094034,0.10633032768964767
2180,0.07897242980038234,0.5544840697663398,0.037546449114473274,0.1113946806361685,0.041350027249949184,0.08352256255069845,0.09876982867717743
2181,0.07787629585295885,0.55378375167963,0.036589985349022636,0.11047480911053797,0.04130528348224587,0.081352232576951,0.08910805732011795
2182,0.07885147539901306,0.5486871075079066,0.03651629003702279,0.10968354967572048,0.0439779016613446,0.082387787427354,0.08632173389196396
2183,0.083526963371768,0.6285251940916702,0.035389604983779875,0.12012326057062135,0.04546488581191401,0.08480952118764354,0.09993238747119904
2184,0.08339268853493927,0.586399761906026,0.036788460189391976,0.11530436043462541,0.047141417679660125,0.08718983762108314,0.10201844573020935
2185,0.07928070723895661,0.4969948332651579,0.0353359734125363,0.10128723910576795,0.04653227283222477,0.08867987196138706,0.09809844195842743
2186,0.07924663193884465,0.49907283177058676,0.03894364283246346,0.10467638410933823,0.04444225690640074,0.0874494269430512,0.10230239480733871
2187,0.0788966939677404,0.49459537712950674,0.038974459559729134,0.10406316206969736,0.04580557153232921,0.08583076650951285,0.1048729419708252
2188,0.08027684628658956,0.5134182838512847,0.03960631181019976,0.10729373638749762,0.0485294278310184,0.08441605859691978,0.09254312515258789
2189,0.08066271481949232,0.5338187259425597,0.03983236130886757,0.1104018419708236,0.044134736980371084,0.08660295917130854,0.09809079766273499
2190,0.08480030421379336,0.6156975031360619,0.04628742291907003,0.12763172009292598,0.0418451173074344,0.08490860386261642,0.13297605514526367
2191,0.08184728342691848,0.6063288300488012,0.04061343565603635,0.12142992056928846,0.04120862577144625,0.08277130137588293,0.10567495226860046
2192,0.07859155489422981,0.5555763342478108,0.03854929294970914,0.11241029884943796,0.04052416399905397,0.08230912096670154,0.10392554849386215
2193,0.0756443300425145,0.5033692389493551,0.038031574027370875,0.10450838330194005,0.04303430968316424,0.07892205125494862,0.09238190203905106
2194,0.08116437619996879,0.5704162007652581,0.03962727527028448,0.11545426462670928,0.046882959478558035,0.08115696345780525,0.07393685728311539
2195,0.08039115250091143,0.5862829737114208,0.03950786712596375,0.1176185966381719,0.04278600558807537,0.08072164242954008,0.06297481805086136
2196,0.08088976258751918,0.580342904425705,0.039595634516425386,0.11684524450346534,0.04266541904137068,0.08287501651394623,0.06919655203819275
2197,0.07664004736994094,0.5076397532775965,0.03730005306305644,0.10449143880799074,0.04425455627747183,0.08060738456755785,0.08005895465612411
2198,0.07532645667691384,0.49130929898855047,0.03981179322248372,0.1043114369033504,0.04149629074627591,0.07956599416809004,0.10510624200105667
2199,0.07495444476748704,0.5032919731489127,0.039290804145018676,0.10557668543128924,0.04172002446486182,0.07724010195145718,0.0927877277135849
2200,0.07438556294663212,0.48157394759520056,0.03919158441571582,0.10238906486992792,0.04538131636366819,0.07526121452384174,0.11397211998701096
2201,0.07750246074933247,0.5191912994067862,0.041022134935745434,0.10933201557446555,0.04208388016644354,0.08064285828736881,0.16649575531482697
2202,0.08295579293344385,0.5856728543155658,0.04669430753659202,0.12369124279073114,0.04309243276433124,0.082192714456291,0.23654311895370483
2203,0.08173324220168435,0.64483129696648,0.039471890975920326,0.12595180611742887,0.04171841186624466,0.07805497531891767,0.17251187562942505
2204,0.0789391452080957,0.5657926169155816,0.03895893547921714,0.11422088997012636,0.04500762859854433,0.0777576955746763,0.13578686118125916
2205,0.07597640338202662,0.5246371679540796,0.038992713700148396,0.1083704928792814,0.044624525346758905,0.0750644683527879,0.1013774424791336
2206,0.07814090116335345,0.5514933454784327,0.037761522118556545,0.11115178259853886,0.04729580688717174,0.07624583739922522,0.09266303479671478
2207,0.08193990755604631,0.6185688424867162,0.038008906447446415,0.12094604016734212,0.04683079071055417,0.07853001876096813,0.09436934441328049
2208,0.08342265428407018,0.5923341446042192,0.03922808618534731,0.11824323738804328,0.0495928041687137,0.08255576291903065,0.10063498467206955
2209,0.07756102499905486,0.5119368045550483,0.03765603929053636,0.10541043432832378,0.04773057553450778,0.07929443511742325,0.10958635807037354
2210,0.07566375947350071,0.47566002513421607,0.04048130515450512,0.10264969372303526,0.0455076040417143,0.0784377030079711,0.12507380545139313
2211,0.07434079977701935,0.4531780197700116,0.03971915498191183,0.0987847070944975,0.043875934630726435,0.0796091378772323,0.13395144045352936
2212,0.07573123086621644,0.4990769882103992,0.039171925610559453,0.10487264883910798,0.045675455097299186,0.07653129393773894,0.13657839596271515
2213,0.07823191896083442,0.524680637326538,0.04089478956815135,0.11000705353363517,0.042585255204365784,0.0816195069965438,0.14009830355644226
2214,0.08446477133298072,0.5987248059928156,0.047686046694108974,0.12640586945106708,0.04503268398988412,0.0822693869048647,0.15820269286632538
2215,0.0815240658238229,0.6226536333203683,0.04073931646547,0.1238699331590269,0.043314025623620044,0.07790521708069695,0.11154002696275711
2216,0.07916226021401696,0.5670640957499697,0.04157599473412027,0.11664572345067017,0.04612147144676927,0.07527492005328709,0.10289911180734634
2217,0.07601981499010517,0.5111015224742296,0.04121521231541475,0.10834182805238828,0.04447988891031477,0.07533548888042405,0.09292663633823395
2218,0.07974543267043965,0.5666423032028267,0.039927835199994495,0.11517275920039911,0.04684320507878179,0.07753597109942575,0.08223935961723328
2219,0.08173233686476804,0.6109699489337299,0.03965905094698327,0.1212748935165185,0.04471747100007585,0.07952060742609204,0.08092033118009567
2220,0.08268732972972719,0.5874817681471056,0.042581739015209154,0.12042460031976578,0.04676942693378548,0.08109538290989239,0.08153680711984634
2221,0.07836717094424955,0.5014782289345978,0.04056887515140851,0.10641306854900699,0.04775126874811527,0.0806159249617043,0.10277973115444183
2222,0.07656632013188244,0.473098362676816,0.0434648132718945,0.1048410346154547,0.046049173343366744,0.07852844839870793,0.1292731612920761
2223,0.07583053530054257,0.4762306555063328,0.04312192790945537,0.10499460328043786,0.045241050848545274,0.07707777471363181,0.1341249793767929
2224,0.07633910249536881,0.5008802996491551,0.04187985903727337,0.10745135055325647,0.04739315019041922,0.07444359371154802,0.1445138156414032
2225,0.07916783751424196,0.5245627806699704,0.044821712467880075,0.1133561507824644,0.044405228927994075,0.07967034591751423,0.17048129439353943
2226,0.08540310626425825,0.589616219992719,0.05000199612676089,0.12708974239332632,0.046720939999607115,0.08277419513289341,0.2254735827445984
2227,0.08328967743983214,0.6355622434107474,0.0453158874480901,0.1296367954427554,0.04293238178872919,0.07804858288198935,0.16605886816978455
2228,0.08070181124614323,0.5795091696737269,0.04551057160164559,0.12179608561194291,0.04343138376613095,0.07735594522107922,0.12875035405158997
2229,0.07674444362049823,0.5171471572334089,0.04453733772817392,0.11205302622892177,0.041832969562030496,0.07639697363928691,0.10121794044971466
2230,0.08075978052676785,0.565106778909136,0.04432097545417594,0.11871894737631308,0.04524049900785197,0.0786248808624672,0.07597026228904724
2231,0.08387160652514035,0.621972812844757,0.04362228453915821,0.1262437885828152,0.04437444369069153,0.0813559647048176,0.08060630410909653
2232,0.08244406635751272,0.5731693019203998,0.04390252675009859,0.11951206606014163,0.045186329237921305,0.0826100865973549,0.07325378060340881
2233,0.0783644512813999,0.4899003776836621,0.043854684038123336,0.10757549741605743,0.046518079223837445,0.08067036146394173,0.08216438442468643
2234,0.07623043383194861,0.44439439741309517,0.0470456286443865,0.10380973846848773,0.045561417924848135,0.07893393119368976,0.10819464921951294
2235,0.07612926376572371,0.43825429827452744,0.04760492250873511,0.10341197618956259,0.043590921127168274,0.08072794020360066,0.1227589100599289
2236,0.07944163498924242,0.4989904540011502,0.04647133799612905,0.11111692599684635,0.04647454213864494,0.08057196160186177,0.12352372705936432
2237,0.0834174684792385,0.5523638808934145,0.04798889439414014,0.12004246389403647,0.04407158838921139,0.085798242570064,0.13296397030353546
2238,0.08795292997755284,0.6114963369564685,0.053134257993591984,0.13290026927400292,0.047098195333225915,0.0843719009069451,0.1554374098777771
2239,0.08647814524781702,0.6554739581079045,0.0490462797492305,0.13567880522904105,0.0435377225726136,0.08100043760504896,0.11465222388505936
2240,0.0829103473109178,0.5821455301558989,0.0493215768193086,0.1254392844388215,0.04421360475601345,0.07955717705954339,0.09388594329357147
2241,0.07837698662675421,0.5119196725070307,0.04675620904123817,0.11320813239349425,0.044429266908688536,0.07760398883416417,0.085090272128582
2242,0.08297361406300326,0.5724854526463584,0.04814496093005368,0.12305074546095436,0.047139585721642834,0.07926089888848639,0.0792178064584732
2243,0.0858877277015508,0.6205836417532709,0.04855975192893928,0.13027745047527237,0.045679870942153866,0.08222859493901677,0.06619441509246826
2244,0.08490743410804034,0.5854010981732494,0.0464439964192677,0.12343786809840793,0.04718919998856692,0.08419675922100797,0.06951478123664856
2245,0.08168709367805599,0.5069926391027988,0.04976964137900047,0.11508721248240025,0.047507261216703074,0.08236934312793856,0.09135529398918152
2246,0.07879065107787953,0.47145638434951703,0.04976171814686622,0.11000381331867347,0.04405129017199764,0.08187607490983148,0.14132753014564514
2247,0.07757612479606459,0.472463861515077,0.049554910349260316,0.10997047480151985,0.04211202281460996,0.08026215777506406,0.1530320942401886
2248,0.07842521459537845,0.49875489641282267,0.04730087561847185,0.11179430716052195,0.044318514955605806,0.07907062078567895,0.15041105449199677
2249,0.08129509109036516,0.5393690604664356,0.04714339464606184,0.11746134690611522,0.0413849569018731,0.0845709846665144,0.19765345752239227
2250,0.08598861361082656,0.5942044973401207,0.051638559865684386,0.12914797950488957,0.04454882371336434,0.08448398461380091,0.24168242514133453
2251,0.08496431456771308,0.645415846433091,0.049222720849342795,0.13439316736130683,0.04167145367415621,0.07959532165518081,0.1810920685529709
2252,0.0822253135390993,0.5791340664744671,0.04936823617857655,0.1250490690779895,0.04341520260926679,0.07871337450617383,0.14180734753608704
2253,0.07780927000761263,0.5251600628958932,0.046051923024605666,0.1144959430062182,0.04234787413570984,0.07673715252174772,0.10895359516143799
2254,0.08131769297300528,0.5742712251179181,0.04876771679084383,0.12383964655185443,0.04487422519637374,0.07599901789606486,0.07330753654241562
2255,0.08807861045519369,0.6590902191781021,0.05138563361152454,0.1382005744067499,0.04537256688701769,0.08158968011973601,0.07478484511375427
2256,0.08662218305824665,0.6051454709792232,0.048717027999921704,0.12820680556839334,0.0500272639429705,0.08225619258773492,0.07804844528436661
2257,0.0839664847529828,0.5243119248466827,0.05442634528340993,0.12155285664959174,0.04984602910329202,0.08093380803692939,0.0786808431148529
2258,0.08378002781849198,0.5444735000942695,0.05311851052332799,0.12331208046203392,0.04729087373546786,0.08111749157803888,0.08844942599534988
2259,0.08344263796573563,0.5650959167000148,0.05139118039982132,0.12477757129984897,0.04492715128194628,0.08097562214670216,0.09325968474149704
2260,0.08090548340427166,0.5150354968231275,0.051079715565529114,0.1173591128880432,0.04810856219094471,0.07770586366763267,0.08816441148519516
2261,0.0808547826552141,0.5437538599318129,0.04698695362837674,0.11795365452886762,0.04336088692216354,0.08120042853218651,0.1142079085111618
2262,0.08407324809909915,0.5884823239107919,0.05083583723945908,0.1276424781925066,0.044305064931187674,0.08074733203929015,0.12749417126178741
2263,0.0811265249769087,0.5890257511575043,0.04888053203349834,0.1260441347654992,0.04097829848871865,0.0769533145890583,0.09357281029224396
2264,0.08059556709121557,0.5799925788550719,0.04915650188105172,0.12499022716305463,0.04073733896475205,0.07662618913901198,0.07581311464309692
2265,0.07942896385084239,0.5654142957796302,0.04671224415421924,0.12081253724356365,0.0422020848210491,0.07579185628328036,0.06655357778072357
2266,0.08075367897195111,0.5597410020718181,0.04911148417277147,0.12205855815834957,0.0448089975460032,0.0760635059315569,0.053431443870067596
2267,0.08623020954956268,0.6365107223380326,0.050116731733583164,0.13388730181993308,0.04580512868462213,0.07990219956981158,0.05311698094010353
2268,0.08610101798663124,0.6133922255301428,0.047844007156092716,0.128636609780957,0.04793459484220053,0.08227799541797305,0.05143530294299126
2269,0.08236439803098507,0.5205980834587047,0.05225855278610498,0.1191642000250478,0.047531150750901516,0.08064366265625329,0.08085153251886368
2270,0.0805255238971295,0.5098761655593893,0.05110914845250891,0.11664729375349184,0.04409955410717064,0.08079169883902643,0.12317396700382233
2271,0.07873118022935911,0.5054053334494621,0.04902368371809936,0.11422106225115118,0.04291387272115018,0.07901767752997389,0.1174430176615715
2272,0.07797471248753869,0.4978306889014352,0.04823974080712046,0.11246701910630828,0.04603454040034283,0.07574159477241166,0.10766211152076721
2273,0.07951634178747832,0.5254261373632481,0.04612738859114005,0.1145986384157269,0.04272346816581624,0.0810130966567151,0.1495545506477356
2274,0.08390027189227939,0.5872753136166233,0.04978586841658661,0.1265700748737347,0.04402845424536144,0.08145203472455917,0.18065346777439117
2275,0.08379687679649121,0.6350365032021992,0.04856040149589105,0.13234270173964938,0.04200001080425312,0.07789153771443619,0.12845981121063232
2276,0.08103118577099887,0.5733707757156359,0.04876439854793049,0.12370816671474552,0.04235232364468803,0.0775328318057425,0.09067051857709885
2277,0.07877706857102293,0.5520048207810002,0.04627814457414967,0.11852481260369976,0.0414080207572824,0.07669570937945366,0.06990054249763489
2278,0.08100486341854336,0.568030508380853,0.04800817640061757,0.12229708096922265,0.0452995645827335,0.07611630954303265,0.06541576981544495
2279,0.08671488168966973,0.6425621981965168,0.049694193966875876,0.13438962314253888,0.04627301523880707,0.08038611606291406,0.06674306094646454
2280,0.08658059458261261,0.6184885190662693,0.04890672382512332,0.13027555171671562,0.0492033044801201,0.08105263592995345,0.06266576051712036
2281,0.08379943258176503,0.5274368732759291,0.05377168293982276,0.1214381387021237,0.04954478707530478,0.08083837954460393,0.0648648664355278
2282,0.08314120497865134,0.5404316241415192,0.05158054949263768,0.12141641729962076,0.046545347320893125,0.08167176964834154,0.08324705064296722
2283,0.08369232170533163,0.5591440613025525,0.05051814961583075,0.12317899414250529,0.04515561718673392,0.08286109977657768,0.08594638854265213
2284,0.08172175195871961,0.5186716536202688,0.049427249328223406,0.11646216422708704,0.04966687156399136,0.07937191156928533,0.08467143028974533
2285,0.08135165853539626,0.53924868023473,0.04672937932807055,0.11708927945759333,0.04545233033267826,0.08149315240585206,0.10701138526201248
2286,0.08438080043373329,0.5921331002874927,0.05089883742676654,0.1282180178354417,0.044502370150440985,0.0809168617051192,0.11885244399309158
2287,0.08180020815763038,0.5912771742806542,0.04925502379126123,0.12668675957546022,0.04134762292348863,0.07792048774690329,0.08746913075447083
2288,0.08112961932342215,0.5779325361767433,0.048574510627884794,0.12419708570629316,0.041621269208137975,0.07801539258928365,0.07532879710197449
2289,0.07979896741534039,0.5648950431020423,0.04710709579290501,0.12107680255135318,0.0404189513043716,0.07813837576842689,0.058244749903678894
2290,0.08192789997348059,0.5670677565017641,0.048781816137848266,0.12282266476126483,0.045468804720694984,0.07804668913035681,0.04737348482012749
2291,0.08542393573976716,0.6209258028961886,0.04925102367164913,0.13091884927515476,0.04537604013219586,0.08065779505292787,0.05452432110905647
2292,0.08596292783218758,0.6021405607231893,0.04877295655676641,0.127825471437684,0.04745116963985811,0.08303099059566649,0.05999399349093437
2293,0.08201148784121991,0.5098987731920203,0.053392075231250835,0.11860731779707503,0.04622285013444094,0.08130519462327826,0.09234266728162766
2294,0.07908704332983384,0.47440980863440263,0.05116723652055535,0.1116304611082478,0.04380731226030522,0.08148131745955912,0.14215892553329468
2295,0.07944001152790893,0.49242698680583974,0.048810473878799915,0.11218426143980562,0.043235116273153566,0.08246807620291027,0.14549550414085388
2296,0.07914647070592457,0.49399035828578275,0.04767707844815983,0.11143611842496312,0.04590338561648134,0.07998072840502868,0.1258770227432251
2297,0.08068010922437296,0.5218801741649914,0.04742874389354934,0.11520751964661247,0.04233448721079423,0.0840210443667948,0.14752568304538727
2298,0.08438789415201518,0.5810826693442038,0.05028811420833623,0.12611590779917445,0.044281168737269484,0.08296926694865331,0.19688567519187927
2299,0.08457990151522271,0.6286770777573235,0.050131183548215386,0.1327805970066594,0.04140454729594898,0.08018272790208014,0.1410733014345169
2300,0.08194671212210564,0.580327301543587,0.04863395989530389,0.12459015155934434,0.04179622478815189,0.07976537903173131,0.09882546961307526
2301,0.07943191556822166,0.5502656981221914,0.04488094834534916,0.11707876974204091,0.04097679209413981,0.0801391512059514,0.06430502235889435
2302,0.08206736130930524,0.5760936504188432,0.04731556211402451,0.12285528901471289,0.0432343957140897,0.08035676946288713,0.05053667724132538
2303,0.08763507737449706,0.6507558540581804,0.04986484515440142,0.13570641785494128,0.04514999493809689,0.08274710158595854,0.061737023293972015
2304,0.08821210308430079,0.6282463039341409,0.051385158720049486,0.133793893750634,0.04813973712575005,0.08339135646499113,0.055201418697834015
2305,0.08616871749827866,0.5369703441917437,0.056395333875587005,0.1250489067778951,0.04822347171577374,0.08535064193830606,0.06017106771469116
2306,0.08596166035370043,0.5631089840254022,0.053119846708127916,0.1259754377534528,0.04623346317195568,0.08571177766294376,0.0749293640255928
2307,0.08640816068614675,0.594067711043903,0.05167689015912521,0.1291612931426649,0.04502307543468293,0.08521111938172421,0.08823074400424957
2308,0.08248773422638095,0.5256755088409335,0.04965726146453514,0.11765986823259207,0.047279293080763986,0.08251950297336105,0.08992502838373184
2309,0.08195371935852923,0.562597468787299,0.048203928902146836,0.12168872031431142,0.04195397258763874,0.08218537194674898,0.11666081100702286
2310,0.08399755149364868,0.5892047335080797,0.04993386475435615,0.12697256029060236,0.04278738047230164,0.08245331843999285,0.11603502929210663
2311,0.08178236185360223,0.576051923403176,0.049450828278410984,0.12467955615337742,0.04007096329704025,0.08074479057829068,0.08076786994934082
2312,0.08139068251009558,0.5815196722946105,0.04758246379288353,0.12385920786455881,0.039567905195305765,0.08082565297538136,0.06819729506969452
2313,0.08135254656071678,0.5912712152374449,0.043435648571525966,0.12169787238094296,0.040880648464139115,0.08146329730252433,0.0606091134250164
2314,0.08180078151327247,0.5549314175018489,0.04711052182234393,0.11965636406227323,0.04271700428483555,0.08287545185777911,0.052307914942502975
2315,0.08753573839279291,0.6221067210766233,0.05016446666183827,0.13187050300680755,0.0449709313521549,0.08598702551608836,0.052103497087955475
2316,0.0878563426741548,0.6188143561690589,0.04911471160112448,0.1305003751108294,0.04557339452835948,0.08754039391963543,0.06070169061422348
2317,0.08387527187207856,0.5184181337401147,0.05391111459088863,0.12026926018363522,0.045520862699410414,0.08559064012555115,0.0803968533873558
2318,0.08153204412402748,0.5026573538109356,0.05044153193678976,0.11504379220452488,0.04227347330626673,0.08656051401913295,0.09895104914903641
2319,0.08167322770464326,0.5145087669766881,0.04908546451238007,0.11557450772156695,0.042492030367271956,0.08629315536003496,0.09602674096822739
2320,0.08016013028033812,0.49696955966294243,0.04705270404903115,0.11132654056530418,0.04396902277585205,0.08455674034741814,0.0973319336771965
2321,0.0814055005707119,0.5163980609963974,0.04924180316179316,0.11597841142387945,0.04045694360710111,0.08698419091734973,0.13033314049243927
2322,0.08482585437126663,0.5805268910861473,0.051285024057593664,0.12689100506167275,0.041953732621849586,0.0855319540479012,0.15397343039512634
2323,0.08381335175391248,0.6085304840786183,0.04973931313303934,0.12956662326812207,0.03942962364355346,0.08261500127554323,0.09811732918024063
2324,0.08129981861864204,0.5673214856269719,0.04803456898379426,0.12221841421853392,0.03960238931932467,0.08198129810563934,0.062247563153505325
2325,0.08046455929850273,0.5658022134213836,0.04296062993628121,0.11765228471986725,0.040882313615431855,0.08255976452749579,0.04652274399995804
2326,0.08250244034959031,0.5688008022897059,0.04741756832367455,0.12190088746167903,0.043388572334969656,0.08225343363930579,0.045118480920791626
2327,0.08853168033899238,0.6395766416893454,0.051085303093429714,0.13515549432141766,0.045480422059981714,0.08540569409850454,0.0506979301571846
2328,0.08866563483222606,0.6272953314009605,0.05169649514375593,0.13392490032335658,0.04726743694254522,0.08528720068095753,0.05498900264501572
2329,0.0860999485257925,0.537688190093764,0.054756127109115954,0.12374642182120854,0.048058278128330655,0.0864457459900826,0.05193735286593437
2330,0.08531072943245811,0.5446686464978434,0.052462904606364956,0.1227780105908619,0.044672154819445024,0.08808561120524125,0.05769829452037811
2331,0.08620032050248305,0.5738010819680763,0.05145297795868451,0.1260741356743119,0.04419300289862083,0.08806713513051224,0.06605362147092819
2332,0.08390987269159303,0.5222897237225994,0.04946971675310171,0.11701543203445852,0.04833453032838793,0.08607093283439016,0.07149859517812729
2333,0.08293805766967084,0.5361036436627797,0.050218189493056974,0.11963039723158879,0.042926419006351524,0.08584244438339703,0.09294234216213226
2334,0.08542574114208829,0.5872862274874808,0.05234319661355014,0.12876362959554025,0.04317484785907772,0.08447462036795209,0.09449101984500885
2335,0.0833116698970514,0.5788971498553934,0.05055693291995141,0.1260341067678717,0.04138199086529309,0.08261800678787212,0.07346219569444656
2336,0.08159962468993767,0.5770867761851406,0.048069641709845456,0.12364351806345905,0.040326363699314687,0.08092532135490157,0.07134208083152771
2337,0.08130489253623585,0.5782991852831819,0.0435107507236647,0.11990909851788145,0.042196618995388964,0.08174595165053698,0.07391731441020966
2338,0.08305226120280536,0.5693458362500877,0.04789730184853114,0.12238994962018206,0.04462926315951038,0.08225190712548386,0.07049018144607544
2339,0.08757809937219249,0.6189963339661542,0.05092655664140241,0.1320793819735098,0.04610832928121982,0.08492552592564095,0.07133390009403229
2340,0.08906536034262605,0.6210633222482405,0.05149135244312252,0.1328587767009965,0.04840975100279101,0.08631977920140757,0.08253775537014008
2341,0.08531313561549313,0.5185169992844585,0.05401576275367648,0.1203730822580739,0.049074528395308306,0.08634446362089666,0.07973676919937134
2342,0.08229969745395027,0.5000611939718533,0.05106138862098885,0.11520421795682663,0.044806169263039694,0.08631507918098023,0.07967716455459595
2343,0.08355161516051496,0.542216447754148,0.04924089457896023,0.11966597360398708,0.04658258690287204,0.0842994512479144,0.08266715705394745
2344,0.08084925040732917,0.49522062180284376,0.04809263822965317,0.1119680644543947,0.0483049606429259,0.0820965416599997,0.08559898287057877
2345,0.08143787100301224,0.5095379348239734,0.048525064306239894,0.11438404580877325,0.04546034695826392,0.08409030158712617,0.09326190501451492
2346,0.08530382527125066,0.5732583591590097,0.05170237674603734,0.1262103742336048,0.0462514253489365,0.08368144486121565,0.11282562464475632
2347,0.08467420172818657,0.6034102728464139,0.050460214480585956,0.1294530799614185,0.04414024559568841,0.08095989489004451,0.09033189713954926
2348,0.08247596850456346,0.577462428337598,0.04860063758586597,0.12415232197897055,0.0428017985807018,0.0807240578978362,0.07846605032682419
2349,0.08022129306360677,0.5627695596849807,0.044389641320033896,0.11844391537216914,0.04298225190214338,0.07936065955989517,0.07413413375616074
2350,0.08175059504081394,0.5733913904688336,0.0472847389186018,0.12244283199720633,0.04453885350837434,0.07870516154485523,0.07736864686012268
2351,0.08469918138031401,0.6097602611860713,0.04995764174387659,0.12992944452133298,0.044627151488331074,0.08018572728740746,0.07186310738325119
2352,0.08690651935357022,0.6211563278108236,0.05032643880545004,0.1318735658062177,0.048300204866272976,0.08134087888388877,0.06677841395139694
2353,0.08263347280869998,0.5119065186994205,0.05234578351450583,0.11799731711235076,0.04788743249932941,0.08209289431370477,0.061423372477293015
2354,0.08167680723722429,0.4879501169834683,0.05055403467200826,0.11303918928793114,0.047116770663851705,0.08447475494455683,0.06216075271368027
2355,0.08372372133524589,0.5225757199002234,0.051246403905931916,0.11857916333368783,0.04851554292026774,0.08403236569971508,0.0793222039937973
2356,0.08284565068222144,0.5001920533711101,0.049371351688720956,0.11377430907191942,0.05101702123300763,0.08363312535929782,0.07442726194858551
2357,0.08242389606741787,0.5135047678039005,0.05213963363572736,0.11804893851689495,0.04619346701812387,0.08295360934225765,0.07688931375741959
2358,0.08463512544785806,0.5791687575381267,0.05384843791238952,0.1288941978589234,0.04438713691567464,0.0811254270538364,0.08643325418233871
2359,0.08154237032404009,0.587690093091701,0.0505849444975221,0.12731425143954767,0.04097236110047207,0.076990732418593,0.07938532531261444
2360,0.07839839657218182,0.5519511497042273,0.047519521905340235,0.11958118301946696,0.038903563297235946,0.07692143754638499,0.08151883631944656
2361,0.07769567757086895,0.5460646007100101,0.04725347423458113,0.11851220658821385,0.03814913979276524,0.07658443523653294,0.09278806298971176
2362,0.08113982518345851,0.559526372174636,0.0496943854823567,0.12252752643839661,0.04134022686658136,0.0797502351126552,0.10562872141599655
2363,0.08378457935481616,0.6151977307072496,0.051271103974543264,0.13183205065064416,0.041288832459380205,0.07892682050447311,0.09417553246021271
2364,0.08654960539544533,0.6455057991421538,0.05319327275369252,0.1378093479520441,0.043162939369800576,0.07966066343086059,0.1065245047211647
2365,0.08133984599932859,0.5321201813224056,0.055750309792534786,0.12380314858251633,0.04108765539443018,0.07940512301832543,0.11048958450555801
2366,0.08074466455597738,0.5581001156340424,0.0517612348099554,0.12409536064196781,0.04059392258775335,0.07794470470293177,0.09848485887050629
2367,0.08352182107713188,0.6250234978817619,0.051956015812680466,0.1338227989654064,0.04073205058860757,0.07694951460235047,0.12291079759597778
2368,0.07911864239530565,0.5399791196546001,0.0508460825308824,0.12072223069141351,0.04124718658043493,0.07585302647422315,0.10969068855047226
2369,0.0792212934177494,0.5165806716245662,0.05230162104988397,0.11862719970341,0.03648254665655894,0.08213752883383803,0.10809280723333359
2370,0.08140436852809145,0.5765440675301428,0.05288127828895658,0.1276902481805546,0.03842567169869416,0.07851058355790883,0.1262052357196808
2371,0.08048754296824877,0.5846681231452815,0.0494701215609232,0.12592697893011723,0.03756945622309961,0.07828136240361935,0.12234744429588318
2372,0.07896972671624639,0.5904949435126401,0.046691634762018465,0.12437782172639296,0.03771219738905923,0.0753379817436569,0.12607772648334503
2373,0.07766282202277751,0.5639260781978859,0.04591974038058349,0.11992064578305525,0.03779158164519584,0.07557456156291843,0.09657604247331619
2374,0.08016281982309569,0.5733314368485674,0.04968551594406887,0.12449207607328293,0.040367837562052346,0.0761953300825948,0.08102066069841385
2375,0.08263019532231887,0.5991573781924847,0.052439341217061876,0.1305419179278366,0.03896125928530463,0.07891775707487833,0.06826680153608322
2376,0.08374701234494292,0.6269282134142371,0.05283147937574467,0.1348452985241007,0.040382247924627745,0.07698018080595563,0.06178108975291252
2377,0.07947298400049106,0.5089034294648562,0.05343195501722742,0.11849930850974584,0.0407097404537915,0.07924278815825522,0.0641014501452446
2378,0.07617008494966364,0.48089545973792547,0.05005014806018151,0.11159947829985921,0.037367793303741,0.0791213709584248,0.07105670869350433
2379,0.07787147041729953,0.4946542369849516,0.05133227420013997,0.11466398316939878,0.03847868825836197,0.08014670614828304,0.08150319755077362
2380,0.07805273344257596,0.48957299619239164,0.05091598647795049,0.11358127358001353,0.03877737211138099,0.08133120198711367,0.08116533607244492
2381,0.07916154185338718,0.5162892875490384,0.05438733896063507,0.12037333161612125,0.03518164843646603,0.0815836325508009,0.09601792693138123
2382,0.08167039617307134,0.5734897701199745,0.05382493161532681,0.12806276568741934,0.03733024712449762,0.07987470326551885,0.11797291040420532
2383,0.08087746148793895,0.6065837916080403,0.049271691669271804,0.12888770594623875,0.03695424644065737,0.07730131075329802,0.09979433566331863
2384,0.07674061350291227,0.5517342782658159,0.04719059459848135,0.11926826369381487,0.03635370195498982,0.07486746719030465,0.08539465069770813
2385,0.07628049800288396,0.5419391885502371,0.04598197044971871,0.11683300160693563,0.03665118340313087,0.07547270762412273,0.07368090003728867
2386,0.07986532070523099,0.5621301359181514,0.04913085779583606,0.1224164689561668,0.039905060772469546,0.0775982934268284,0.06806258112192154
2387,0.08339976986473853,0.6021869152561736,0.05348267996201742,0.131868999289754,0.039878376703450055,0.07907041313397738,0.07019040733575821
2388,0.08449128220922546,0.6197890939817159,0.053411046728771734,0.1343221963363352,0.04086434676192258,0.07906280086439448,0.07401332259178162
2389,0.08065592359321712,0.5066232346209751,0.05340389908678419,0.11814951844881147,0.041457810530386205,0.08214737702454912,0.0883670300245285
2390,0.07674646081065474,0.47690041451020937,0.05030238942179777,0.111244964434428,0.03818616490891298,0.0803005290538772,0.11980661749839783
2391,0.07786136357205004,0.512240155264756,0.05228186236690883,0.11799018992374412,0.03753319818403596,0.07803578522883005,0.14781135320663452
2392,0.07758280853797724,0.4916526090951111,0.05047318895318845,0.11349882040203453,0.0398617736088479,0.07916220371991527,0.13660530745983124
2393,0.08006266161555665,0.5125225597633196,0.053980317158723416,0.11948635181652287,0.03940998457635693,0.081138025099011,0.11853724718093872
2394,0.08224598990788412,0.5806398233923719,0.05458272745898483,0.1297337411637544,0.0421244701705567,0.07580053732915915,0.13067300617694855
2395,0.08101667053320988,0.5896000884523825,0.052196437685250056,0.1289683877948404,0.04026763372711929,0.0747143251346124,0.09230528771877289
2396,0.07723574338487049,0.5525728654518398,0.050765179790602216,0.12245199202792187,0.03770295879088175,0.07226271234194065,0.07045537978410721
2397,0.0753837347552362,0.5384507547222045,0.04884863354023847,0.11879179370909076,0.03862095701551137,0.0695691136928727,0.0617985837161541
2398,0.0777703843336617,0.5456114076325045,0.05057091765013089,0.12129098764761283,0.04168549479508885,0.07126413478020571,0.0637064129114151
2399,0.08166534265495097,0.5881167749573071,0.055247511476746725,0.13137169197396964,0.042028248522920544,0.07285474436633625,0.06002335995435715
2400,0.08155595716136253,0.599919185155765,0.05670432640479824,0.13430644908350778,0.042673557081059264,0.06942137679975079,0.058823131024837494
2401,0.07611106357777787,0.47710839899033985,0.05571921649001693,0.1159176711329202,0.042655830851406944,0.07055361060260287,0.0674741268157959
2402,0.0732780906330479,0.44341371383956935,0.053190039395062116,0.1089362786014203,0.04136064474091572,0.0700049413163377,0.06592106819152832
2403,0.07240218308955494,0.4408472583946229,0.05362917655181553,0.10894604538650231,0.03909055112924575,0.06957398154499653,0.08664599061012268
2404,0.07495905253039732,0.4858155010530062,0.05199506619868897,0.11396941403501999,0.04029700160232882,0.07115428077591245,0.08333547413349152
2405,0.07645916931128759,0.5125424860542196,0.05242460496841187,0.11815573083781294,0.039178453269790206,0.07259530451188811,0.08546805381774902
2406,0.07854793020140188,0.5665569650625988,0.05212087334124932,0.12561174358715638,0.041535630268309885,0.06975285593032217,0.09297206252813339
2407,0.07641148237482383,0.5675996679487387,0.04847193985721127,0.12263304387028662,0.040710534365425884,0.06720594557451709,0.08017457276582718
2408,0.07375767416546138,0.5390156102165342,0.0483898769113437,0.11847926738351378,0.03785909622626604,0.06603753579646145,0.09308620542287827
2409,0.07266971561529316,0.5068967941948214,0.04745705450444717,0.1130913030316435,0.03971411271670433,0.06613697916225185,0.08343256264925003
2410,0.07642527569294995,0.5317146422439183,0.05372529213714269,0.12200948500953922,0.04219338718811703,0.06649199498266314,0.07615403085947037
2411,0.082812200372347,0.6321697922512761,0.056414249686896185,0.1386650414818076,0.04025755021882671,0.07117628328589923,0.06652471423149109
2412,0.08072045253400052,0.5877205107825915,0.054773497142058925,0.13090878480499216,0.04228668427112208,0.07043520902690151,0.07555554062128067
2413,0.07877106388931825,0.5284114179955337,0.05717121729694513,0.12449124596817206,0.04329379056775216,0.06980851872669147,0.06589997559785843
2414,0.0775782558644511,0.5765634812125043,0.05084342053756078,0.125946286348267,0.04188004817097456,0.06649216092290416,0.0965018942952156
2415,0.07912249961511895,0.6234539157506247,0.057497101087613835,0.1383480746109011,0.04037889969333123,0.061200771425373855,0.08174940943717957
2416,0.07197038922282326,0.5133839925582176,0.05137612516007986,0.11737724907409954,0.03962588748459474,0.06054082587390647,0.10742130130529404
2417,0.07182139091251918,0.4753129800765092,0.04887862551984538,0.10979781902794021,0.0397220653942275,0.06667892614003104,0.10884535312652588
2418,0.07317505048527412,0.5461986256590187,0.045806590694857756,0.11729116711830932,0.04095097693344267,0.0627695127892208,0.12210407853126526
2419,0.07895853189161707,0.5864724456694184,0.05062327056500917,0.1271731527227819,0.04368469808638164,0.06763534324392885,0.12638330459594727
2420,0.07647585500671895,0.5917734586578547,0.047312772466158004,0.12509287049354326,0.04197558331613514,0.06412370418500854,0.10893281549215317
2421,0.07357302985636584,0.5473746520702795,0.04860417853424346,0.11985710332510573,0.03919527386741454,0.06315500206155078,0.07057375460863113
2422,0.07627431311525312,0.5609759718395011,0.048471365487424416,0.12168630925200678,0.04350471871360491,0.06521221159703584,0.058190058916807175
2423,0.0765933181987551,0.5631523553255235,0.04895248244733702,0.12240960714422082,0.04328962432100953,0.06564479751449998,0.0587790422141552
2424,0.07635424030447503,0.6000477760994957,0.04866207705742235,0.1274314626348614,0.04059039396490776,0.06295503631250832,0.06164754182100296
2425,0.07468837652833406,0.49683229856558725,0.05045716502132685,0.11422504124193547,0.04403035388403579,0.0669195647176938,0.06775245070457458
2426,0.07281445069122729,0.4616458225381752,0.04922728675958136,0.10814422044223762,0.04288515646151051,0.0680890346100954,0.09380251169204712
2427,0.07285130169770633,0.49881893017443135,0.051252623867376494,0.1151906676255272,0.039880196664518315,0.0646540734149026,0.09728486090898514
2428,0.07081547834623447,0.46602847506553247,0.04815906852621258,0.10785469803182972,0.04143459150210527,0.06411443710995168,0.08645247668027878
2429,0.07200695316793514,0.5087029255943599,0.04881591782530037,0.1145140617923089,0.03883887015120888,0.0638353057612436,0.10246291011571884
2430,0.07363555051287629,0.5558606482341202,0.04734426828713575,0.11998946542241924,0.040074971077249666,0.06244138197319956,0.09916169196367264
2431,0.07455466184090499,0.5801934319455682,0.04588060504741762,0.12221100889001056,0.04155504295777828,0.061730024695673485,0.09322509169578552
2432,0.07269079132931315,0.5524442493227503,0.04620606263567582,0.11852580359097216,0.040113552068015035,0.06109023995399736,0.08065331727266312
2433,0.07247687133736302,0.533939910422241,0.047780329869013906,0.11723169851947492,0.03914395300077262,0.06248270109753173,0.07035794854164124
2434,0.07593068025740171,0.5472093020563642,0.051310501011692065,0.12215318687521666,0.04288507160234039,0.06440089453999231,0.05319372937083244
2435,0.0809730829458375,0.6144904550638945,0.0531475317548642,0.13333937794186854,0.04480870335390642,0.06679640696725,0.050837308168411255
2436,0.08170057830848552,0.6131854807094854,0.05291850069164347,0.1329566406941923,0.0454925760474688,0.06853352569938173,0.0580933503806591
2437,0.07773577113495206,0.5127871241096857,0.05520556416626701,0.12057435844389827,0.045598260196395526,0.0683723293108611,0.07431306689977646
2438,0.08072177701010895,0.6341100008936071,0.05020416443407475,0.1336192839282937,0.04465719225541317,0.0659929701170561,0.0999559685587883
2439,0.08029533345031631,0.6714179020055636,0.05361948743231853,0.14187640379992497,0.04154125800639826,0.060321712907837007,0.10330189019441605
2440,0.07387723995843241,0.5255400619271868,0.05146613262763122,0.11919097967042488,0.042262760650374535,0.06189038710498963,0.12852539122104645
2441,0.073541245160221,0.5031233688703222,0.04869478625380538,0.11361315519902207,0.03995848202088705,0.06786324162318724,0.15074221789836884
2442,0.07455023302994189,0.5722493308287985,0.046944071324685664,0.12198767982527323,0.04067542406195485,0.06268292493101561,0.1802125722169876
2443,0.07738034822893282,0.6021477023449653,0.048248803418595776,0.12737721755093426,0.041907655113748846,0.06467169404796753,0.18476130068302155
2444,0.07503383949617272,0.596647417849594,0.04512812425525605,0.12391659476873289,0.04011621623159097,0.06281434898919157,0.14199276268482208
2445,0.07226034121234065,0.5560586198782781,0.04760981652048745,0.12024535985731467,0.03686088159987455,0.06124797705889623,0.0966208353638649
2446,0.07257282851258738,0.5498811328670792,0.04868673700548747,0.12028593641428628,0.03865956013620554,0.06049796892793495,0.08659684658050537
2447,0.07274333369698228,0.545485994966966,0.047828701695525035,0.11892260073430232,0.039976109676743435,0.06100779605703624,0.07244186103343964
2448,0.07204370183684486,0.5485114181368946,0.04725768484643164,0.11886536103078349,0.039609148745612006,0.059454983996977295,0.07478124648332596
2449,0.07071268431261207,0.4805023553903868,0.04897021366308237,0.11061766248126871,0.04036701796560365,0.06234828646866987,0.08880095183849335
2450,0.06970752155860474,0.45106888259426775,0.045437069407738055,0.10338447129152803,0.04022469471220948,0.06603766403289273,0.1130005344748497
2451,0.07010404297906368,0.4667707030853445,0.04844177801420759,0.10820305302437003,0.0379068686456986,0.06493993673111512,0.12689770758152008
2452,0.06947694868798866,0.46657728245413227,0.04820132265679006,0.10796931691355323,0.038055316180710105,0.06329005493448843,0.12094208598136902
2453,0.07177374474612278,0.5120163268869133,0.04870446237340828,0.11489187158962329,0.03664979581898671,0.06477883906930387,0.13497832417488098
2454,0.07227951854574172,0.5342849020751264,0.04831979620558383,0.11774338275837562,0.03836288231868691,0.062175694058360036,0.13931222259998322
2455,0.07432812554021949,0.5922375356254639,0.04734665212216335,0.12518820690834914,0.03748128636337755,0.06206653862284274,0.1246548667550087
2456,0.07205226022288805,0.5703467878699706,0.04620554221583798,0.1210828630235712,0.03543160639236298,0.06119355487399974,0.10711151361465454
2457,0.07139181556721488,0.5298558238519171,0.04648840723560275,0.11554089532364767,0.03653490016504225,0.06326117175723725,0.09034959971904755
2458,0.07323885099088413,0.5413013505610369,0.0486107515558011,0.11899512284226334,0.03802236856268353,0.06401653524560283,0.058034516870975494
2459,0.07831877829951503,0.5960146403902082,0.05094719980397348,0.12881397703057845,0.04046510776350798,0.06725744112884072,0.060118649154901505
2460,0.07914652252967723,0.6091872422640667,0.05012049829498836,0.1299871760048567,0.04213044659011785,0.06705001718600964,0.07382117956876755
2461,0.0744471846631704,0.5061363572578272,0.05227943794194317,0.11711614070135516,0.04024030501616035,0.06704286782089251,0.11548648774623871
2462,0.07722321498178131,0.6100369189964661,0.04885697068348027,0.12902553472819253,0.03825817328699401,0.06599059668661036,0.14358510076999664
2463,0.07824315378409032,0.6515154233182882,0.05146051577385798,0.1371826454230623,0.03743114872160201,0.06238160302966711,0.10808243602514267
2464,0.07271279398354799,0.5302995513048947,0.049794374637867345,0.11843797130458555,0.037189132458864946,0.06378646766173778,0.12617933750152588
2465,0.07312315424847333,0.500530439848683,0.050729606383740654,0.11498686830730384,0.03683803833330185,0.06824188087277173,0.14326246082782745
2466,0.07629644361351362,0.5705779788026342,0.051256474203633606,0.1254452605749194,0.038954754840507144,0.06596520644866424,0.19653640687465668
2467,0.07963790638000767,0.6383320006175051,0.05137582008674676,0.13522670301971224,0.03870655037887426,0.06681264582125793,0.18514613807201385
2468,0.07716146541979339,0.6335008697691119,0.048121583407432174,0.131747195744815,0.03726747180988421,0.06430619579406997,0.12269574403762817
2469,0.07502937679651155,0.5792117232143744,0.04815643620864233,0.1240214772094612,0.03792058560268609,0.06463148122977783,0.09480157494544983
2470,0.07394728252301926,0.5635488413892809,0.04828170579512362,0.12189129659428895,0.03806353287009286,0.06339455115696888,0.07534622400999069
2471,0.07490507274381125,0.5668840564343267,0.04854288106460968,0.12259162040314069,0.03930021107750787,0.06433359749991345,0.07718165963888168
2472,0.07505188782156214,0.5922099559351519,0.04932840349119897,0.12688291098319227,0.03884242911677476,0.06138301892182475,0.08430150896310806
2473,0.07278680371691242,0.519658510948735,0.0508463581686735,0.11781952285153945,0.0386701273031109,0.06323526633619012,0.11688432097434998
2474,0.07169039431475784,0.47219389466154926,0.047901351293926385,0.10851457177501536,0.03915074940159623,0.06794142833604894,0.14985936880111694
2475,0.07292947269764842,0.5102417521596294,0.05098654201567193,0.11659442917909445,0.037472067406163136,0.06574786540643277,0.15913471579551697
2476,0.07030254223220571,0.4791960945732137,0.0523959543419604,0.11336740294642515,0.036425672121140576,0.06226305045444563,0.1256665736436844
2477,0.07265695735597479,0.5213301281426101,0.05165870838525191,0.11875462549344595,0.036419112665701955,0.06402961183967623,0.13830889761447906
2478,0.07301082404049569,0.5474536333425516,0.054128515383118914,0.12460353223446642,0.0363020739192998,0.059987360726817686,0.13784343004226685
2479,0.07474206279100014,0.5842585866644766,0.052689326493375155,0.12862779223210394,0.03648360764781448,0.06106819778032179,0.11918202042579651
2480,0.07262711934859539,0.5777079936062498,0.04891925065801179,0.12446049965061723,0.034418094109764395,0.06070580866830341,0.09875351935625076
2481,0.0718898589691316,0.5410359787066708,0.04988987411147174,0.12005360333935733,0.0349914933847406,0.0620326525315262,0.09797795861959457
2482,0.07268198564237281,0.5339106666215363,0.05312425708350313,0.12180802987465071,0.03595649397327682,0.06183150214958862,0.0768473893404007
2483,0.07872651910280905,0.6189385095339124,0.05322092031832592,0.13403771877769544,0.03975493873199187,0.0644293522117485,0.07694274187088013
2484,0.07934113004988287,0.6470188001835944,0.05296225660166239,0.13782747711336696,0.04010477465999408,0.06249738733548697,0.0867593064904213
2485,0.07486826130014691,0.5211924387886187,0.0573639776918591,0.12362518641996759,0.038721811829757535,0.06383409510689456,0.11617033183574677
2486,0.07866868168548848,0.6363512005227413,0.05358519409350874,0.13683748072625623,0.03920389339953345,0.062302672275027345,0.13722354173660278
2487,0.0798652720030136,0.6742104364870718,0.055498771025826434,0.14388615180600434,0.03750312202756956,0.060913883403910254,0.15044325590133667
2488,0.0748276225336152,0.5655918530097902,0.054832668357268244,0.12779826616477138,0.036577616612704276,0.061947064537150605,0.1387772411108017
2489,0.07479913609877357,0.5089035879702504,0.054438233392364206,0.11936185547491937,0.03807491215491699,0.0679404525955205,0.1705479770898819
2490,0.07479441585486078,0.5576612843073883,0.05365116740709136,0.12565261267856234,0.03754440940877844,0.06288724927444392,0.21618162095546722
2491,0.08093373406395737,0.6538788169707258,0.05501978679552603,0.14057107682055456,0.03965519114848943,0.0648697842029693,0.22154654562473297
2492,0.07856353922263054,0.6427572055895617,0.05333926865855906,0.13754183107727372,0.037966778090489935,0.06247969984044081,0.14751850068569183
2493,0.07895704821344116,0.6241243162542571,0.0550856349924442,0.1363768751727032,0.037654156631989025,0.0648547297578575,0.11928042769432068
2494,0.07614322396195737,0.582207114875515,0.05269876415691607,0.12834281425957308,0.03719458050604017,0.06454864547547118,0.10797806084156036
2495,0.07582166501599207,0.5630897095656975,0.051927229363739356,0.12495044082116193,0.0394020007458884,0.06470119242280914,0.10042630881071091
2496,0.07305617398893285,0.5566694100802043,0.05190461432370564,0.1240138708603483,0.03742515742764715,0.05964532871756934,0.11650137603282928
2497,0.0728482381312857,0.5035715301717577,0.053803398678706815,0.1180559888919998,0.03802234038366337,0.06376411674483037,0.16717857122421265
2498,0.07172116796107755,0.48141835065684957,0.05085821663237616,0.11236680720730094,0.03665141165515119,0.06684227038831766,0.21644586324691772
2499,0.07308758141965505,0.48109608634856843,0.05240846556236047,0.11364955424610446,0.03634253101514504,0.06974777430045806,0.23518122732639313
2500,0.07242762654061026,0.4786506481713986,0.05386444650094585,0.11454818959672483,0.03450728431525867,0.06875243331369264,0.21788573265075684
2501,0.07538828277502439,0.5298442380414866,0.05347003677798237,0.12152349410134011,0.03675965300884209,0.06882002390990766,0.21994656324386597
2502,0.07525176415645278,0.5621220962279425,0.05450826936994382,0.12702453034965794,0.03595564047519071,0.06433470195850256,0.21614892780780792
2503,0.07728860882393769,0.606574847821319,0.05338118447365637,0.1324088506661796,0.037719238429281994,0.06368159630729978,0.1904999017715454
2504,0.07692027246230701,0.5945276225052545,0.05233533178847436,0.12979137331944293,0.03717745929540928,0.06543302073334856,0.14646677672863007
2505,0.07620992882666354,0.556241555781179,0.052122632218040754,0.12413962129848906,0.03687872305869085,0.06868625296079231,0.12928113341331482
2506,0.07697337085807837,0.5552592938260321,0.05496689376464948,0.12643723663056128,0.03915048684329101,0.06678751182009476,0.09910272806882858
2507,0.08190423051739432,0.6313785726951335,0.05335385484069568,0.1359288145341868,0.04110799177093016,0.07032942840585704,0.11293697357177734
2508,0.08024264912803364,0.6378699979292239,0.05104927114247731,0.13488080354058396,0.03955717291936304,0.06803405569963883,0.13158665597438812
2509,0.07716374289880899,0.536798029487512,0.05498011570299388,0.12381124624363933,0.040689828064536804,0.06826185295207064,0.1609015017747879
2510,0.07958613772716562,0.6365957757826094,0.051429099237404276,0.13502433874386216,0.038185673254998276,0.06730311825070258,0.17736810445785522
2511,0.08276070168791345,0.6839266560989292,0.05402316595787743,0.14400937883517054,0.03937652513326833,0.06712926366937798,0.17608408629894257
2512,0.07925251545731517,0.5869682253102486,0.05468536918405914,0.1307257772020862,0.04014778771640116,0.06843004820394027,0.18420709669589996
2513,0.07814312356595046,0.5483359994743073,0.05378444375395925,0.12443466599972326,0.03757241639025636,0.07313739271513162,0.1820639967918396
2514,0.07816319372239576,0.5982770334377782,0.05199096297077449,0.13003183018034645,0.036425233168383676,0.0692988523064495,0.2882238030433655
2515,0.08293358491291368,0.6581708616267274,0.053766897677497205,0.1401103210988158,0.04027210706972177,0.07023273386304224,0.3277575373649597
2516,0.08094830543847498,0.659072240221986,0.05319105864602214,0.1397455131568741,0.037639879956531765,0.06739562098157606,0.2553437054157257
2517,0.08250674359859,0.6667097973468183,0.05571697354568698,0.1430016626601343,0.03896970827023031,0.06766859533205348,0.22145916521549225
2518,0.07895851575257044,0.5890332940800969,0.055757752117251175,0.1319399723976577,0.04029886716452911,0.06642693370265526,0.1658572554588318
2519,0.07520029623156513,0.5408802310827554,0.0522474551740242,0.1220521374467001,0.040286465361661465,0.06475453717948773,0.1437930166721344
2520,0.0724896205188388,0.5497635355641277,0.049482970755248885,0.120951622870803,0.03713553141084732,0.06102019643036267,0.16077643632888794
2521,0.07230618816799934,0.5175764465505457,0.05022050562495416,0.11698564004289581,0.03853447260535279,0.06276191889478068,0.2156592607498169
2522,0.071657709286091,0.48324028005377984,0.04842005863173409,0.11053723312059778,0.03695980635239996,0.06799879099787723,0.2660394012928009
2523,0.07391005581151174,0.49813901615591477,0.05054125918653521,0.11448379589644656,0.03727358320034351,0.07046494677196594,0.2750714123249054
2524,0.07268795025867734,0.4796295571019645,0.0536440207871542,0.11449909740355567,0.03672158249681117,0.06757376829854168,0.24115432798862457
2525,0.07503802556724065,0.5287341573502918,0.05290353087371822,0.12087933465608589,0.035941795502146066,0.06913608142145884,0.23702582716941833
2526,0.07322879524751076,0.5559110185115255,0.05252345630773103,0.12443596519398738,0.034600234180757555,0.06222251247775279,0.23151053488254547
2527,0.0758212105845856,0.5917769157675972,0.051585849709942753,0.1287560020038934,0.03693373808033224,0.06352980653391299,0.21481923758983612
2528,0.07511519708782678,0.5864696477387779,0.049842304108995435,0.12650335319896433,0.03574977695022493,0.06459530311098305,0.17169159650802612
2529,0.07672694286412646,0.5615315807505515,0.05107882601040926,0.12400064811614388,0.041086952386694305,0.06654744243636432,0.1644410490989685
2530,0.07711850184901539,0.5585740053067765,0.05374908400781575,0.1258669299076673,0.040616370990459595,0.06640299179893132,0.13622543215751648
2531,0.08207627123623068,0.6384331306590451,0.0537715468193952,0.13729463022505947,0.04244104218835614,0.0684410325378957,0.15643519163131714
2532,0.07916518110725969,0.6361992783318906,0.049641702195159586,0.13343564164326402,0.04130093739509439,0.06480974138640054,0.19630645215511322
2533,0.07533478806344583,0.5322282843483367,0.052623911811287144,0.12113882217372278,0.04060573401095142,0.06564418051288612,0.27279356122016907
2534,0.07990773872584168,0.649107595090114,0.05114346624884348,0.13656691322616782,0.0395486890390442,0.06564512951400409,0.2736828327178955
2535,0.08482902773139131,0.716429401237002,0.053323195526863654,0.14805265348545488,0.04197697260702352,0.06700390343040752,0.21304138004779816
2536,0.08023794978267129,0.6119082115404173,0.054977061269151396,0.13453865416504654,0.03996433076348813,0.06796425008987822,0.1912519335746765
2537,0.07938376403996518,0.5587595939787982,0.054465816560250756,0.12650778476290037,0.039754382056433876,0.07282595514298676,0.20573948323726654
2538,0.0778771907208366,0.5729290089981718,0.052581626556736316,0.12691696690551282,0.03736524416531243,0.07041533979532853,0.34586018323898315
2539,0.08204164501450334,0.6448445458405305,0.053370372520863296,0.13786668299510146,0.039324318171522266,0.07057239776908841,0.38645094633102417
2540,0.08121685974396396,0.64751527726211,0.05250248399272469,0.13750431160263688,0.038365510747398156,0.06946026973962025,0.2831241190433502
2541,0.08491672790498095,0.663272706732674,0.05469661696577383,0.1416360583610453,0.04144761368548718,0.07332278869798167,0.22424735128879547
2542,0.08103110072397816,0.6022494962036469,0.05638451574769022,0.13436522724139832,0.03985176358255772,0.07039566001997843,0.16679176688194275
2543,0.07736391248153063,0.5600752030294607,0.05288239908463735,0.12533851393389783,0.03982269288448095,0.06823470335812779,0.15740226209163666
2544,0.07693022992166137,0.6021915416247168,0.048598209663040015,0.127682971371851,0.038880144052261666,0.06581540628847023,0.17454884946346283
2545,0.07510626852880506,0.5518975334170456,0.05025890098736432,0.12192156276303308,0.03774382494308991,0.06683502421135631,0.24169886112213135
2546,0.07390238011283783,0.5091451694614793,0.049469417184486164,0.11513738179548519,0.03619289320052553,0.07081755468879464,0.2932986617088318
2547,0.07628691856946514,0.5371060661965574,0.05081562861182623,0.1202856911239307,0.03525696719802153,0.07368920003432095,0.29512831568717957
2548,0.07494210147315461,0.5148555973121981,0.05272196778270549,0.11874105771549015,0.03715392150394458,0.06968267223416982,0.2591642737388611
2549,0.07791332520326479,0.551898574169333,0.052362747269332356,0.12372500825504675,0.03751141628055334,0.07317977284032806,0.26144716143608093
2550,0.07569562363976183,0.5806169183027596,0.05185194449431064,0.12738979789551766,0.03492548971933326,0.06613708834635049,0.2679515779018402
2551,0.07804665110833449,0.6104583571255394,0.05245698016717735,0.1321714625898005,0.03571181417801734,0.06773042337607922,0.23547016084194183
2552,0.07780682265918683,0.6119486994206373,0.05059550927044778,0.13078882214904627,0.035093279210341784,0.06882192362329927,0.19125314056873322
2553,0.07824459606701849,0.5950866030992479,0.050885201476865906,0.1286282588514919,0.035546259226900676,0.07151993586570737,0.1810879111289978
2554,0.07850517112204462,0.58318534084212,0.056274230071859,0.131547245896182,0.03666461829387208,0.06870383941932537,0.15553492307662964
2555,0.08081259419447738,0.6334143329331837,0.055622507318724174,0.13816419669221838,0.037240316334795666,0.0687556851361755,0.17156510055065155
2556,0.0797051812879455,0.6699718296618812,0.051442918575707396,0.13980419158801796,0.036170823806381196,0.06521111007175087,0.18561367690563202
2557,0.07551692690393179,0.5415078409296137,0.05461194733528646,0.1241685035630475,0.036047462818185196,0.06748257840223379,0.2971825897693634
2558,0.08001271107582265,0.6551212878649154,0.05119046839710345,0.13746629974964805,0.034811671170217384,0.06929173090363007,0.32151222229003906
2559,0.08251667462233159,0.7074760762328811,0.05401534855619872,0.14736688108143906,0.03449991875121745,0.06778740535783742,0.21871298551559448
2560,0.07806749520749666,0.6097541281856076,0.05563661426563852,0.13479625911134838,0.03314570463902616,0.06773639353903807,0.19922365248203278
2561,0.07766020342626674,0.5589222149630483,0.053618526768700187,0.12580476793932133,0.034753981618438574,0.07307665355919364,0.24160301685333252
2562,0.0764653325982264,0.568629537732379,0.05246356430383711,0.12620156050791453,0.034194619084245495,0.06993300750198257,0.3610053062438965
2563,0.0802976732815584,0.6222838485103278,0.05369487304668155,0.13492186954148816,0.03639418204786334,0.07091705638360304,0.37535834312438965
2564,0.07958830437130902,0.6557747283833568,0.049605069725183894,0.13620073524778,0.03360200080638125,0.07029044297370872,0.2668614685535431
2565,0.0816430384763067,0.6584124452385642,0.052251407345570815,0.13884584133028416,0.03511061733050689,0.07230645448165125,0.19726240634918213
2566,0.07989384633644009,0.615424079471486,0.055829044807227064,0.13577119261640694,0.035258577599665074,0.07005702848614723,0.16188646852970123
2567,0.07723084657163704,0.5765010127983496,0.0534719681807807,0.12819040312614768,0.03621442791583974,0.06853060091026283,0.1541735827922821
2568,0.07868449375643817,0.6291057222646115,0.05098593341675837,0.13357447468073738,0.0366638740621027,0.0674238026802199,0.1673697978258133
2569,0.07697522807532585,0.574924761735473,0.0535683426959301,0.12804783113015053,0.0368802328701871,0.0673698212068507,0.2364439070224762
2570,0.07540473080123733,0.543877259341715,0.05061066704850725,0.12107732309039407,0.03406035877701744,0.07161753806941759,0.31523895263671875
2571,0.07855286530460402,0.608926196337319,0.0526949883629497,0.13215658950214532,0.032857979529392733,0.07163263168506523,0.31080833077430725
2572,0.07667827747266447,0.5625484699185646,0.054903315960425546,0.12742405224015968,0.0330326216911331,0.07046567335994611,0.2855921685695648
2573,0.07845950793738725,0.5776591980726831,0.05425962704231299,0.12903099433236584,0.03388676038285142,0.07321061145199984,0.2838248610496521
2574,0.0762968253205012,0.590403723794581,0.05264235484403762,0.12946540755125807,0.03215075504747357,0.0684021273574881,0.297953337430954
2575,0.07732244943401713,0.584224116861102,0.052802507100054054,0.12871987992306091,0.033922048839494304,0.07032504827631131,0.2534271776676178
2576,0.07870811925820229,0.6305780365318367,0.04962853607242112,0.1326213218523376,0.03341135458745919,0.07116873607523405,0.2192271202802658
2577,0.08205122326728108,0.6356273380851406,0.051511301843439265,0.13495644987796804,0.03639046808942907,0.07571231076355053,0.20241644978523254
2578,0.08036632281539312,0.5991839626646682,0.05533745843348257,0.1330298161807948,0.036592586716119445,0.07258778520753115,0.1503724455833435
2579,0.08423059623783269,0.6604533907683652,0.05693952788698455,0.14315579401289605,0.03842513961180855,0.07275082273242338,0.1742170751094818
2580,0.08372800638240313,0.666759805398772,0.054831041303643725,0.14224943617437633,0.03941438079903188,0.07129617769987642,0.18882471323013306
2581,0.078451405400696,0.5364784112860939,0.057218322884993754,0.12568404979943662,0.03784713065148785,0.0726515819573551,0.30692946910858154
2582,0.08390682938702113,0.6723233476842874,0.05231961088644501,0.1408915732861368,0.036516173174055915,0.07551200266163947,0.31301069259643555
2583,0.08795414118874724,0.7385405118152122,0.05670333930633842,0.15410864966474896,0.03809872973134364,0.07369243129747388,0.24036696553230286
2584,0.08505263807463842,0.6342068078515495,0.05884899210860053,0.14104296578616465,0.03732496525435495,0.077822815044801,0.19592083990573883
2585,0.08491421710302433,0.6250767281858841,0.05754907775793631,0.13862445639050028,0.03745626010102935,0.07944347010322847,0.22335858643054962
2586,0.08215938574804867,0.6028135577372187,0.054212395195775066,0.13258398984455272,0.03629841127949627,0.07816620982359099,0.37697550654411316
2587,0.08245443150215591,0.6100816795236685,0.05487264280109414,0.13418821947574763,0.037036581467022475,0.0769279858060049,0.40429461002349854
2588,0.08423430566324007,0.666872274898497,0.05153392717117664,0.13943940541793667,0.03608355753198234,0.07806174799273102,0.32864636182785034
2589,0.0891783347507208,0.724301207160226,0.05614269457424329,0.1515939106579551,0.03835561072316529,0.07903458935600187,0.2597135007381439
2590,0.08512129750632252,0.6292102583188233,0.06048004153492346,0.14172721536119487,0.036625509131233906,0.07802493421151178,0.1862717568874359
2591,0.08206630738185365,0.5962450392058691,0.059520031197968205,0.13619503234195404,0.036615406037501984,0.07447321171807351,0.16748008131980896
2592,0.08525176193097432,0.6667356143399121,0.058035539735830616,0.14499269325069938,0.03703702484639747,0.07516634197521965,0.1757257878780365
2593,0.08129154930571417,0.602370427174713,0.058406619283936624,0.1361157346969047,0.035436435573370575,0.07344361160422314,0.2503194510936737
2594,0.08070072037066942,0.5763181136455188,0.05517788581214239,0.12962648978833902,0.03442803045111981,0.07837927580981442,0.32028934359550476
2595,0.08508479953618903,0.6583125801772339,0.05967671733733845,0.14519612631446638,0.03482753768980491,0.07646249272078244,0.2954431176185608
2596,0.08244282291853798,0.5943844651908816,0.06143211180701157,0.13756816229042157,0.03347395161503501,0.07705591335870494,0.26062527298927307
2597,0.08306017177648312,0.6078443894894277,0.061576979435085354,0.13961518087141997,0.03157914591671665,0.078620436445709,0.2599460482597351
2598,0.08117255314962903,0.6317341383764609,0.05690741531488036,0.13902551860939186,0.033261244457507236,0.07247360347794309,0.26282966136932373
2599,0.08066765372056381,0.5879748770544677,0.05796468793745955,0.1336804292398893,0.03518784370547266,0.07407630890435876,0.22426778078079224
2600,0.08294287094259876,0.6514001742872989,0.05598151910453073,0.14104132698778332,0.035391505393801315,0.07371416675826002,0.19990061223506927
2601,0.08626480837898608,0.6540601577524335,0.06054396345561699,0.14533199121230508,0.03847829620127331,0.07639422155533063,0.2058120220899582
2602,0.08676391452636362,0.6512671332709568,0.06356663299876185,0.14752384732336113,0.04155901742504041,0.07315325829264865,0.17492562532424927
2603,0.0848999650993375,0.6518035595937346,0.06484719919502768,0.14869810782341442,0.038842510713376154,0.0693768628034864,0.1678360551595688
2604,0.08751842339174422,0.6969807383766189,0.06253803971348788,0.15317271095107804,0.04099981542246701,0.07077470375044463,0.19865447282791138
2605,0.0838512090655291,0.5982944154514915,0.06503726406877154,0.14121685712344584,0.0406640465641143,0.0714450342035899,0.34008991718292236
2606,0.08572043855287116,0.62070647407812,0.06382913600699465,0.14338304144572683,0.03934937427943668,0.07584034226087759,0.23552227020263672
2607,0.08988102920290929,0.7041743241083994,0.06742299970515964,0.15838747461990815,0.04081467729168791,0.07287094738535396,0.23153337836265564
2608,0.08659024497040607,0.6243413721934397,0.0650762476857925,0.14497126547259925,0.03881584275154114,0.07730945397249386,0.19708199799060822
2609,0.08462722968795837,0.6019894620054737,0.06569927922289448,0.14231216247754866,0.03404604397754802,0.07841145099367594,0.24218939244747162
2610,0.08244387203042561,0.6063222035614257,0.06179597187705207,0.1395854335462483,0.03380197308925855,0.07500666727760197,0.3613012135028839
2611,0.08486224291727185,0.6430672572860199,0.060912761570169394,0.1440776895295766,0.03456159935839949,0.07706179024551847,0.28503599762916565
2612,0.08563181289478344,0.674013282482087,0.059900547072939514,0.14763093784567488,0.03384549107454965,0.076695610155458,0.19168099761009216
2613,0.08912467374139026,0.6774153782577609,0.06331590784308615,0.15104440361661112,0.0359484338567115,0.08147411999966588,0.14023803174495697
2614,0.08853801251231083,0.6475593578334298,0.06512044693683633,0.1483260056363497,0.03850409399396658,0.08000319723232807,0.11174929141998291
2615,0.08401324672448261,0.6112839707456477,0.06609344829756503,0.14397780864729112,0.03530868522673002,0.07416074635255865,0.12081345915794373
2616,0.086362328269958,0.6602052923731001,0.06598632535105034,0.15087474921134317,0.035848186401634397,0.07411383408102915,0.13853123784065247
2617,0.08343930276071894,0.607813323105751,0.06665736553853475,0.14396535947670852,0.03590875360312423,0.07206823364712343,0.21017737686634064
2618,0.08131536712779595,0.5590640215459303,0.06207940669315382,0.13307720881497903,0.03486062503549201,0.07667165498227671,0.2514731287956238
2619,0.08624562151849656,0.6387812327379045,0.06520345478687214,0.14714313735130533,0.03478942522106217,0.07798446692504397,0.2407199740409851
2620,0.08506182563216336,0.5878222164780673,0.06517820094778416,0.13984163173782463,0.036021344085104365,0.08003991664338636,0.20392893254756927
2621,0.0853604894332646,0.6115630127454572,0.06490329401114718,0.14299753954462005,0.034111681912055845,0.07977077716688627,0.20886953175067902
2622,0.08316381109517641,0.6409197392157087,0.06081179515969234,0.1436843585962661,0.03228315732182727,0.07472890408340344,0.2248816341161728
2623,0.08239449219702646,0.6034084689098906,0.06014441193475115,0.13775356293119964,0.033755385028392294,0.07651452407717986,0.18601393699645996
2624,0.08385314962198856,0.6549100180719591,0.058756696033865775,0.14392145632502196,0.031246746714932216,0.07732398380050862,0.15525513887405396
2625,0.08684321363247983,0.6746403696201831,0.06155732244148906,0.14914061489558822,0.03218620551838851,0.08015786962708989,0.15030039846897125
2626,0.08580932963560406,0.6518909454183162,0.0630517954019352,0.1471716739757039,0.032611196014768896,0.07866564525624746,0.11088459938764572
2627,0.08421656127014722,0.637144875558928,0.06495132559744636,0.14669326130622945,0.03367428182744606,0.07377394325093879,0.12052834033966064
2628,0.08697698131888325,0.6946430304913077,0.06383290773795268,0.15394863955986052,0.03359603205331948,0.07508511096539638,0.1481441855430603
2629,0.08264708028178201,0.6184483572192919,0.06555303988939702,0.14453808522223913,0.03246247223159233,0.07240398300279799,0.18685396015644073
2630,0.08132761555576763,0.5912753196465305,0.061550626842612616,0.13722558295745801,0.030360706500903358,0.07701293950229476,0.21967920660972595
2631,0.08393300718431584,0.6681319716449662,0.06270570253720327,0.14919516955259798,0.029392314169245017,0.07455172150025595,0.18705682456493378
2632,0.08261355329460693,0.6179126856627739,0.06252488927657718,0.14186600304603386,0.028923273395784016,0.07774665467357839,0.16565676033496857
2633,0.08196834307354672,0.6106375563467717,0.061003775664376,0.13952288719043254,0.029149473246863768,0.0778246280696192,0.21587376296520233
2634,0.0813541527381862,0.6271642443333889,0.05797722922959908,0.13928965995871193,0.03014882153928461,0.0754652487192651,0.311325341463089
2635,0.08309876475641792,0.6370883800931326,0.05659570994821229,0.13952323425462948,0.03212130995079274,0.07833262690040482,0.2753019332885742
2636,0.08411302173793027,0.6811080999833359,0.05487722855772165,0.14433878161852368,0.030157117382273207,0.07862689815361099,0.17875832319259644
2637,0.08809873554752569,0.7028913369758062,0.05893700637409636,0.15093048217434063,0.03081808526669415,0.08324152624479025,0.1322675496339798
2638,0.08596884266920767,0.6590025936139675,0.060566678343122925,0.14605752338181505,0.03130127372245437,0.08122536987408535,0.10081017762422562
2639,0.08196124039104484,0.6030804893688857,0.061422435990128886,0.13880215790137987,0.03337600580426314,0.07473751783293565,0.09983415901660919
2640,0.08403250865501409,0.6434735484998494,0.06346448153408508,0.1463229196720514,0.03459610231153111,0.07278525456565407,0.10431698709726334
2641,0.08309565464846513,0.6264262266509173,0.0642317339345803,0.14454523289405705,0.03363917117552335,0.07260169672239633,0.16221322119235992
2642,0.08050285228362002,0.5744547187757292,0.06133490857359138,0.13463773860246822,0.03060392227346598,0.07679639051351261,0.2079201191663742
2643,0.08439891834697405,0.6325934087898197,0.06189222406660602,0.14342096474135083,0.030060467273876224,0.08030077244085496,0.19664673507213593
2644,0.08331196729759836,0.6025800164001753,0.06313805014331163,0.14020118818000643,0.029745108805953897,0.0804049002056802,0.1876441389322281
2645,0.0838371704622115,0.6145091654281922,0.06288426006986829,0.14168781797820026,0.029849223116361505,0.08045730781334005,0.19861701130867004
2646,0.08323404201503885,0.6447755826886611,0.0578725537651952,0.14171584361140463,0.03163882089680806,0.07720828409667077,0.21644505858421326
2647,0.08183345846522348,0.6089945420129106,0.056462954039978856,0.13539603803611197,0.03239962855732974,0.07822080251010312,0.16398820281028748
2648,0.08366553985688341,0.6660017960173518,0.053999406352771014,0.14142831916199683,0.030426047903340542,0.07970766342425917,0.1379949003458023
2649,0.08717292734263576,0.6717325476543282,0.05930422358931633,0.1467939841700323,0.032336826394744715,0.08298609094806844,0.1191653311252594
2650,0.08847633500636178,0.6652498544074932,0.06288324715304813,0.1489356196179689,0.03598031840281072,0.08150847549931274,0.09141514450311661
2651,0.08840384307851493,0.6859577259510263,0.06416991663370311,0.15299674653617787,0.03630439923345779,0.07747206591748487,0.10058286041021347
2652,0.0914202294194557,0.7264138947352596,0.06379281143768051,0.15845296619447752,0.03796694036840653,0.0795382126609796,0.12209658324718475
2653,0.0871539818163528,0.6110606166419972,0.06428595003904199,0.14239661669660703,0.03841217402712288,0.08146575811170656,0.1922898143529892
2654,0.09013397515720872,0.6845005506356228,0.061501121654892445,0.1505010400807111,0.03743673495480542,0.08342287852624704,0.20164553821086884
2655,0.09716059173685981,0.7876654063131439,0.06459034403124507,0.16788678150008776,0.03861925382022074,0.08649884637109453,0.1721743941307068
2656,0.09728345591018937,0.7076477173421765,0.06954555316954403,0.1607030051942058,0.04033613871198908,0.09162025283510022,0.15183503925800323
2657,0.0950082014263259,0.6943592415599145,0.06763999127800803,0.15717131274685178,0.03893934917476843,0.08967572474097855,0.17847059667110443
2658,0.09262856255607838,0.6622658473582227,0.06522694520143112,0.15051821693811562,0.03710399426284846,0.09055911222837201,0.3398298919200897
2659,0.09294167866056435,0.6730595454386131,0.06440400354729865,0.15135479524605788,0.03603024227641897,0.09162770848438473,0.32663899660110474
2660,0.0930600005622381,0.696915749337906,0.059709103751159086,0.15073862454926582,0.033847212259084554,0.09440239433884826,0.23883551359176636
2661,0.09711862026696116,0.7354725263470979,0.06480922004728253,0.160618263804399,0.035421751050508,0.09554119273609957,0.1629427671432495
2662,0.09651110459672664,0.7015265748677286,0.06920591280781153,0.15953743595922826,0.036265288006492535,0.09407815417099259,0.12049342691898346
2663,0.09000618827379837,0.6405762370251602,0.06768643473931107,0.14952783506586093,0.03496407855452563,0.08608659333510724,0.10903347283601761
2664,0.09237183673114595,0.6900947982427372,0.07270624847620852,0.16090461272856976,0.0330965437528176,0.08427153908943745,0.12734979391098022
2665,0.08927218946323957,0.6455352480126925,0.07080159345828779,0.15290640125177418,0.03260152924767712,0.08317908183688898,0.2034602016210556
2666,0.08894603986557346,0.5943514537602343,0.06927206078364194,0.14428340263744086,0.03350053528462431,0.08904066394852003,0.23951716721057892
2667,0.09314188039918556,0.6881393883624559,0.06848198098994342,0.1570044677574452,0.0327609598568925,0.09009542193521478,0.21093691885471344
2668,0.09113608371920216,0.644709481780019,0.07053050312195966,0.15255607150168243,0.032796524094388144,0.08844070908124418,0.1898484081029892
2669,0.09024143638884939,0.6332273194410147,0.06943996944287535,0.14998101944260953,0.03198706028966615,0.08894188030359458,0.21779800951480865
2670,0.08943013330879623,0.677520871471607,0.06501567309116739,0.1525164157169445,0.03274618102526383,0.08382809444975736,0.23025281727313995
2671,0.08789674715328036,0.6421718268104735,0.061774738798832496,0.14468860851478121,0.033506804851914075,0.0857950679756626,0.18781054019927979
2672,0.09093654048726836,0.6789594645575912,0.06266865015241142,0.15071019506743707,0.03435053392855929,0.0881473484684912,0.15802985429763794
2673,0.09431707568574771,0.6880327431957438,0.06781476570005952,0.15641733391372872,0.03513004108229188,0.09176800501428822,0.1248309537768364
2674,0.09525546474040544,0.6977321619108894,0.07194885392873114,0.16134646935475372,0.03494448021406516,0.09019794716339846,0.10293438285589218
2675,0.09430352744438943,0.705793448025346,0.0741248693545362,0.16436323773608047,0.035819624810236636,0.08417469574404346,0.09924809634685516
2676,0.09846758650384632,0.7822694928080166,0.07601907983789384,0.17691199597648283,0.035266540570407845,0.08512964340704801,0.11912629753351212
2677,0.09349575724687224,0.6354258440981582,0.07567874489051207,0.1556426162058901,0.03517789532514683,0.09014538483924137,0.1850239336490631
2678,0.09451685768366813,0.6308945777010418,0.07675750531175389,0.15591994422450936,0.036487835418512096,0.0915645514424436,0.20173028111457825
2679,0.10077835064208963,0.7479330178540226,0.07980406150191131,0.17525105526649862,0.0339773347578758,0.09406562299441892,0.18717508018016815
2680,0.09974983155075391,0.6822584279493501,0.08233372301940585,0.16803725229511215,0.033789247034282356,0.09771384985135309,0.15646865963935852
2681,0.09944656692275541,0.6817908981515646,0.0804444257142692,0.16635106463388283,0.035661723881210035,0.09671686908687116,0.16399340331554413
2682,0.0971017675082513,0.6800862320372195,0.07073013068231367,0.15778100230444306,0.034290775681142936,0.09896705491030325,0.26732099056243896
2683,0.09709167725892419,0.6774593518195653,0.06673415805159913,0.15398061430416574,0.03491092255499572,0.10172201771027531,0.26718270778656006
2684,0.09615588171128345,0.6835509512905258,0.06831765206913866,0.15620812338647966,0.03319796960543529,0.09869834333810391,0.20454874634742737
2685,0.10113387373813586,0.7455505507843445,0.07434888549787723,0.17023483768165829,0.034037246566864666,0.09938007906241605,0.17001527547836304
2686,0.0996133097691431,0.7300832358036633,0.0751737811860969,0.1687322747028921,0.03291727193852799,0.09749324855390097,0.1588890701532364
2687,0.0924107968280556,0.6524956715392523,0.07699845679883939,0.15921234461889838,0.03285605733945771,0.08606983956359131,0.1529361605644226
2688,0.09742944392572897,0.6926024625685889,0.08247279300264174,0.1696341743692056,0.03389919491785886,0.08983927266957328,0.19039036333560944
2689,0.09641859509182794,0.6667614624665088,0.080833040775709,0.1645371010172518,0.03463591615907867,0.09087474647323768,0.2537732422351837
2690,0.09496985670532666,0.6074462385966106,0.08206249106273607,0.15711731213900387,0.03426723166481353,0.09370563011130814,0.27590951323509216
2691,0.09873078416127146,0.7003077899165191,0.07989185788312929,0.16852270531647068,0.03316210151024863,0.09503545047011713,0.24397778511047363
2692,0.09475258706019775,0.6371156573507698,0.07803387630369253,0.15790270216756072,0.031540261294033416,0.09480702138664893,0.22703582048416138
2693,0.09513495323706399,0.634974359293619,0.07821382297431141,0.1577510424484982,0.03109221835013806,0.09638326820311922,0.2838960886001587
2694,0.09593692433786126,0.7119904106003709,0.0705289355188727,0.1621662891019439,0.03160755667566813,0.094274426873708,0.3027467429637909
2695,0.09377372290251379,0.6673646624418651,0.06605887149464207,0.15195969877281681,0.03190503726350734,0.09699609395012934,0.2458522766828537
2696,0.09515192324842431,0.6853196829442987,0.06884651050255945,0.15691410656566504,0.0311994592999327,0.0970684188007688,0.19655759632587433
2697,0.09897416178242757,0.6926500295269877,0.07501014822064174,0.16324441697869116,0.033072312533392004,0.10040180657860298,0.15080265700817108
2698,0.10164186225471403,0.7238378207297058,0.08066067729503541,0.17254312635713115,0.03475320846200873,0.09813082823371619,0.12444246560335159
2699,0.10149072839257785,0.7382856816396912,0.08662467167182324,0.17971910166723296,0.03390294226632692,0.09218021463772426,0.1364576667547226
2700,0.10552240638713198,0.8270519150741491,0.08592395818220999,0.19179938059534415,0.03441352570464688,0.09225032455212079,0.18619626760482788
2701,0.09947100868687175,0.6721500791443727,0.08644854691778148,0.1701201943787231,0.034483436909981464,0.09451709651128082,0.2514820992946625
2702,0.09872190557845659,0.6327078354719335,0.08969061000193097,0.1672644993547885,0.03440553988508197,0.09502395600586895,0.2276037633419037
2703,0.10687652482295933,0.7655971856247713,0.09271109797645903,0.18883768192621792,0.0356457206612514,0.09748746599910252,0.2107977718114853
2704,0.10558068959253673,0.7039040484980307,0.08978018217086374,0.1775121630747447,0.03696239970310196,0.10268165394886017,0.20607587695121765
2705,0.10570009019485713,0.7057724444728259,0.085243498484952,0.17389049076893398,0.04020524166818497,0.10334148215337796,0.2886222302913666
2706,0.10215912209357615,0.7140500138364363,0.07201852135679714,0.16373730599674557,0.03886622138815342,0.1036594992955478,0.43394002318382263
2707,0.10100365692507665,0.7076429048462163,0.06987526505775761,0.16098492788468027,0.035718741319553104,0.10564434599025657,0.40288397669792175
2708,0.10119305704712113,0.6909606362739849,0.0757332534671631,0.16362287958242333,0.03411632971227262,0.10525909874672414,0.29739511013031006
2709,0.10474307926035031,0.7478759700476243,0.07928999621803016,0.1748022781936865,0.03626087243749818,0.10336321116367678,0.20736898481845856
2710,0.10554636962449764,0.7518460932180684,0.07961801002155161,0.17565059333533975,0.03760622692453538,0.10365279873997776,0.18661954998970032
2711,0.09727579462293745,0.6565990614116504,0.08229641488019493,0.16433965009897428,0.034458969585814396,0.09355964298888787,0.1675536334514618
2712,0.10209356941210251,0.7021598856437974,0.08599717153821929,0.17402041641044472,0.034752011776222405,0.09808144121994822,0.2140844464302063
2713,0.10117920225680083,0.6837271490651881,0.08422318670665023,0.16986660990072705,0.0352226485293867,0.09878970507985274,0.30411335825920105
2714,0.09896528227307076,0.6130997159403864,0.08618125817688212,0.16145532357166847,0.033929329315449196,0.10119295497471667,0.3313026428222656
2715,0.10245405114735656,0.6998701999073107,0.0853077478841441,0.1731023838874536,0.03275398331673076,0.10162431935156915,0.2842986285686493
2716,0.09795216059905024,0.6219021018622557,0.07893034747445372,0.15649774095842542,0.03397691838801722,0.10270311471925087,0.2670268714427948
2717,0.09849107979366402,0.6421126075707058,0.07789187798710114,0.15849483935618752,0.03294464933333263,0.10334091682924593,0.3417023718357086
2718,0.09774727049989394,0.7266055800011032,0.06437670493487645,0.15898082994433743,0.03482443254008377,0.0992253892008398,0.3408186435699463
2719,0.09720429804765483,0.693394117532194,0.06274627677394772,0.15283882545369723,0.0371604187482293,0.10106248095436507,0.2668305039405823
2720,0.10001077949085432,0.687566766338805,0.06961600118798157,0.15789468192381348,0.03985768609677455,0.10199632158183482,0.21957527101039886
2721,0.1032121308888533,0.6962601100953076,0.07403305210548632,0.16292263181831793,0.04170543303561958,0.10478380319715128,0.18993158638477325
2722,0.10612313209388907,0.7416237852106662,0.07963910785812608,0.17420834747991756,0.0440212703012466,0.10088769769967634,0.1469218134880066
2723,0.10442483720521147,0.731631909529699,0.08520956076505722,0.17755561058857747,0.04196277093771768,0.09508971847882323,0.16767293214797974
2724,0.1097139686354963,0.863043458737435,0.08278233382079687,0.19424820880888802,0.04405497563352545,0.09319812736050302,0.23242411017417908
2725,0.10326814441999987,0.7097305883390548,0.08263708069358837,0.17222186750008356,0.043994212798621625,0.09479832689363261,0.2747938930988312
2726,0.10184501364046517,0.6437801033290655,0.08747603611536325,0.16694804571732075,0.04175971940021512,0.09745449303343538,0.2788097858428955
2727,0.10702355522935428,0.7357075587330826,0.08562316248920294,0.17849236195261436,0.04152463783648568,0.10179990206526175,0.2608484625816345
2728,0.09853200119089678,0.5943862183083419,0.07791368370315334,0.15169547436103745,0.0398937025666568,0.10332247346323371,0.36059120297431946
2729,0.1013462432978267,0.6478218173861369,0.07313155437353921,0.15523016337533888,0.03991968429255268,0.10794605235961824,0.6054402589797974
2730,0.10147127524717829,0.7186884559697482,0.06543753404581319,0.15875909432066107,0.03846546649184709,0.10647451621879567,0.625755786895752
2731,0.0981712185814627,0.6883540898937579,0.0638300418901181,0.1530477630334952,0.03610501456086655,0.10446217070395589,0.42723211646080017
2732,0.1007510319911959,0.6928096851418801,0.06829313673863979,0.15750978651053127,0.03767349879886287,0.10627996333006881,0.25641360878944397
2733,0.10473984756946673,0.7216922577811697,0.06893349276902629,0.16218474491361823,0.039949495025725916,0.11116712086910736,0.18011555075645447
2734,0.1053175620723088,0.7179063603901865,0.07085368969089782,0.1632897855050819,0.0421422515435961,0.10987026328125596,0.13051480054855347
2735,0.10019892811467544,0.6459013849092229,0.07434862697402705,0.1559990209647693,0.04294838711806318,0.10146807024287902,0.14816750586032867
2736,0.10337520111837901,0.7219487936937461,0.07475264422674903,0.16720923700774862,0.04290727696940133,0.10042985334553609,0.2163780778646469
2737,0.1014884053901687,0.6912836358906338,0.07404670801601682,0.16222341199810497,0.04336793140141404,0.09920068934838483,0.2845214307308197
2738,0.10026515474162508,0.6190250219309499,0.07661105093921672,0.15409876108089288,0.043137725866846104,0.10314724946019733,0.2997029721736908
2739,0.10429693309417067,0.714303727231693,0.07432506363881473,0.16575058700922593,0.04324452865269669,0.10394583980478703,0.2497822791337967
2740,0.0981074954699802,0.6148569961030783,0.0724964556217019,0.1499765328333271,0.04047105924897065,0.10315396947043505,0.24378681182861328
2741,0.09802034127461438,0.6356987283335427,0.06949419306641706,0.15038055524743502,0.039378240027603435,0.10351699263953093,0.2990472614765167
2742,0.09778206516399003,0.7254438613758092,0.056922658012841826,0.1524256870646943,0.0366835277279048,0.10343011625744833,0.2838295102119446
2743,0.10058207309982899,0.7179276055415365,0.06052700871525035,0.15444137969043406,0.039859847728121005,0.10658712703329405,0.21067887544631958
2744,0.10046852789385322,0.7056396766827404,0.06611634673840372,0.15747682244473754,0.0387397894657381,0.10459891628643017,0.17889468371868134
2745,0.1023165943376108,0.7274536788043856,0.06486377805184625,0.15951947815935189,0.039336306993606414,0.10737182241959116,0.17280612885951996
2746,0.10193164932033455,0.719252378606754,0.06764813201182229,0.1607344529539554,0.0407965556317604,0.10397240311841871,0.14325986802577972
2747,0.09677203222336313,0.6638739664685687,0.06923702548858102,0.15418515991429355,0.037522794091160425,0.09837862885947637,0.14370983839035034
2748,0.10025992713571225,0.751616864815112,0.07042528460202814,0.16773836748961157,0.03743758171957743,0.09618584406516831,0.20185066759586334
2749,0.0983178727601623,0.7068740681354033,0.06904336721718705,0.16016203877693222,0.039050559540535316,0.09606312656266222,0.2515867352485657
2750,0.09533067167538758,0.63728532588696,0.06831345904111556,0.1495951543048076,0.03628208170018247,0.09951676560294954,0.29588934779167175
2751,0.09805270145331235,0.6874817402755129,0.06645301561529415,0.15517140485246825,0.035310557933732376,0.10297321155868346,0.319151371717453
2752,0.09365959656258017,0.5881291838416873,0.06451747876150883,0.13931915091582006,0.03521624741334816,0.1048454170090733,0.4160498380661011
2753,0.09602850055699537,0.6505159349883947,0.06227938335553259,0.1463131764459415,0.031821115473073515,0.10821087110259921,0.6295278072357178
2754,0.09614991432057787,0.7215750817013538,0.05625714944138688,0.15130256833566788,0.031255641526288735,0.10467383075237713,0.6563609838485718
2755,0.09746241144685484,0.7012110774668049,0.05773362854904448,0.14965897839443884,0.032923019423204906,0.10826238338841256,0.45538949966430664
2756,0.09693205568296716,0.6988223355959409,0.0595396947603441,0.1508657863082865,0.03187254165537844,0.10666711615995288,0.2630288898944855
2757,0.0994846805101877,0.7427475641845421,0.05864458113727444,0.15637357871545557,0.03174367246213349,0.10898027662262576,0.1839754581451416
2758,0.09783770755731823,0.7020150448644971,0.06330519914737891,0.15454946282125293,0.03450905869661609,0.10362748945448971,0.1488734483718872
2759,0.0925137721019543,0.6481016619518232,0.06403432443935787,0.1474725155125672,0.031504400876402,0.09780807144002629,0.14274080097675323
2760,0.09513618284199109,0.7006428379475501,0.06990685731179035,0.16001199740261315,0.031222596073358786,0.09429423352400004,0.16749705374240875
2761,0.09569315336106222,0.7027035065389837,0.06910269930091727,0.15961710033492674,0.03191736244470223,0.09556351681074574,0.22067135572433472
2762,0.09490686370670152,0.6485002208550001,0.06889193600069105,0.15169311955130665,0.03212365814756924,0.10015419470691278,0.2330951690673828
2763,0.09768144293349627,0.7178102720103243,0.06527991645687242,0.1584985386787941,0.03098349381937059,0.10282718963122064,0.21561682224273682
2764,0.0928429938855655,0.6135561759363383,0.06528198124944325,0.143606866204714,0.03316661809924599,0.10064143441934013,0.23216857016086578
2765,0.09173217867592381,0.6242082969753393,0.060740443062885986,0.14123585076466502,0.03027853480621485,0.1021884039842706,0.32654452323913574
2766,0.09478140489255922,0.7251846576963892,0.054737044320980706,0.15051527480318194,0.030433466157709803,0.10231871511375758,0.2990395724773407
2767,0.09718178080512781,0.7258727495955213,0.0560895018409285,0.1517728229487275,0.03357113569020387,0.10507393340503651,0.2065991461277008
2768,0.09634275524936685,0.7087766403144614,0.05813452010028808,0.15108339441659854,0.03273858285334832,0.10409834682455535,0.1502644419670105
2769,0.0995139820316258,0.757732342803546,0.058291884782098825,0.1582119502137341,0.03267111181083145,0.10664077131547603,0.15452060103416443
2770,0.09994393829288768,0.7463705624497803,0.06429337493296809,0.16173297314965557,0.03572972627886191,0.10206596830548834,0.12501147389411926
2771,0.09327669286873728,0.6671806561448713,0.06512184867976621,0.15113024974620978,0.03236740470597752,0.09595045774336365,0.11163609474897385
2772,0.10024279736121837,0.7866370502696383,0.07040822937671493,0.17272663236141828,0.032961189406772104,0.09569084869618394,0.165766179561615
2773,0.09852740655028448,0.7266210014775173,0.07141482680240208,0.16501570889884715,0.034339832680376665,0.09651426913146145,0.19910477101802826
2774,0.09627367694083898,0.6479252652458218,0.06969817338433283,0.15230204365025982,0.03420283971881045,0.10156083863937068,0.2221914529800415
2775,0.0977806836718511,0.7192604352777389,0.06636929614117248,0.15963945887496767,0.03338112817049471,0.1000038664328109,0.23967894911766052
2776,0.09279430098675916,0.6117180089575249,0.06408969977222335,0.14232231537012358,0.035761297003921166,0.09936116688629852,0.32166069746017456
2777,0.09302461035410908,0.6291411101073587,0.06144958388852758,0.1425483733483606,0.03303934989247661,0.10217842063806745,0.4969162344932556
2778,0.0967583097731707,0.7352365548998658,0.05592155670848321,0.15296655645010931,0.033257413827039006,0.10313937788371462,0.5026487112045288
2779,0.10007860519203163,0.7325440325342432,0.05615895302948918,0.15278539295873975,0.03622350113566154,0.10983338194548584,0.3449074923992157
2780,0.09882682060032803,0.7071594661378708,0.05679331082838592,0.14970276158688378,0.03663275058942856,0.10873018349662883,0.1987791359424591
2781,0.10229725942208273,0.7618951713178859,0.05845664226848964,0.15894786070411768,0.03765108590894224,0.10929338512430001,0.14743909239768982
2782,0.10068017971603856,0.7242912099440397,0.06251026165802495,0.15705039712745567,0.04080065553200036,0.103750823142082,0.11950479447841644
2783,0.0941337739501933,0.6593554475537486,0.0625752672044393,0.14782957868291205,0.03680850922369754,0.0973095514447482,0.10734167695045471
2784,0.09832902897835932,0.7213554062158465,0.06900472062159123,0.16219767570648486,0.038430823154650504,0.09485489318699472,0.14262916147708893
2785,0.09888291037120943,0.7264789111311443,0.06806833510351568,0.1621269888217483,0.03805220700978636,0.09677120716823301,0.20325560867786407
2786,0.09783106066420842,0.6699484137722137,0.06831507364156066,0.15426269366022538,0.037392804156304575,0.10133685623710943,0.23828348517417908
2787,0.09972340931633546,0.7407280132121855,0.0655496032124666,0.16200366178385497,0.034537588758099036,0.10226578139571266,0.21192818880081177
2788,0.09478756181904019,0.6386901688426221,0.06461806127905519,0.14662836235956478,0.03539141359219488,0.10139849104457084,0.22808711230754852
2789,0.09313530576850476,0.6295284365769498,0.061727344833310514,0.14284178651097326,0.033162509805558106,0.1021183315864232,0.3025641441345215
2790,0.09685171100231843,0.7417050061952637,0.05572260921677008,0.153720094499412,0.03455951698215239,0.10159754521000684,0.26905131340026855
2791,0.09861503939289781,0.7417080159088469,0.05469962695728353,0.15284368252179256,0.03607631085874217,0.10588636412250108,0.17973041534423828
2792,0.09764114839448962,0.7226728616412545,0.05621098357977856,0.15141982330284656,0.036011909164504155,0.10451039217591453,0.1547611653804779
2793,0.10204831599551702,0.7744969850092164,0.05846193858075957,0.16075265949911052,0.0379746227334742,0.10674649703416018,0.17075084149837494
2794,0.10216972506437103,0.7580464365106443,0.06359797339329908,0.16280489669577694,0.04111689499066035,0.10253517620138762,0.11803639680147171
2795,0.09879424464512426,0.7145278063346185,0.06565378726006932,0.15835007569929063,0.039628859283960906,0.09845260466374664,0.10226640105247498
2796,0.10883757919861164,0.8985544731475452,0.07001396433586853,0.18837689416610806,0.040068276586695414,0.09941381838747904,0.13207288086414337
2797,0.10381125194056309,0.7736848702409849,0.07056482384849039,0.17101054476170388,0.03897777310705296,0.1017411647013863,0.18524524569511414
2798,0.10195626108096438,0.6659696791846756,0.07478176122601153,0.15923717807724927,0.04025365340237632,0.10582524042797972,0.1692163199186325
2799,0.10776776095008572,0.8017703849433422,0.07387361473549452,0.17785886762232986,0.04154522406921886,0.10438276238263061,0.20532499253749847
2800,0.10624976350335515,0.7176455474234004,0.07287640617300405,0.16498628349448927,0.044364398526338396,0.10900500286600243,0.2996254861354828
2801,0.10437966792170572,0.684807085090627,0.0688193152588819,0.15681756809198835,0.045017269113383315,0.1104386042299905,0.4400477707386017
2802,0.1067975444279809,0.752706031710143,0.06259244247991663,0.1611800980842347,0.04371771790448998,0.11440765818681334,0.4867977499961853
2803,0.10814932433125439,0.77228358699495,0.060127792687220794,0.16186433473118209,0.044698629853268675,0.11666804789955512,0.3553960621356964
2804,0.10566260660637371,0.7371539644231302,0.06202921333594874,0.15847560634840324,0.042050790379056346,0.11511157103100053,0.20741289854049683
2805,0.10725496832801845,0.826421924872842,0.062146777251630946,0.17132894119751826,0.04207707320071989,0.10822090030359241,0.15565603971481323
2806,0.10405215062209323,0.7871677345604291,0.06229890984583985,0.16585159909078115,0.04191031193588934,0.1043517420624197,0.14961571991443634
2807,0.09832730796533343,0.6867917170357029,0.06573226232445349,0.15445504156891765,0.04099539876725365,0.09938096161051704,0.1324409544467926
2808,0.10316315521342614,0.7371170056131156,0.07123348558179977,0.16635970272913062,0.042272571783024585,0.10114543663878615,0.1664142608642578
2809,0.10522449789313738,0.7639931442095087,0.07282340940881252,0.17156194295176913,0.042616925208632965,0.10196085956577605,0.25264567136764526
2810,0.10388839726246037,0.7026180429522324,0.07468978813874969,0.16439382454067578,0.04265713841605111,0.10452349988462992,0.2675594091415405
2811,0.10632562077355553,0.7699902998828702,0.068820018405568,0.16898720147375404,0.041615671181318446,0.1081179435540893,0.24808764457702637
2812,0.10067537725705895,0.6633360019435725,0.06720123305389258,0.15236334289527545,0.04148613492284825,0.10723899436605391,0.2743355631828308
2813,0.09889409377337904,0.6532836554181896,0.06383767308096251,0.14804424198628066,0.03871464104005221,0.1085447352287511,0.38332852721214294
2814,0.10139728982113903,0.7595679363866242,0.056653961894027265,0.15707024396439825,0.038883115110105046,0.10738335781794192,0.3395017385482788
2815,0.10340603905748438,0.7769274505496832,0.05713340191408881,0.15996112314774513,0.03962182069116218,0.10973153154903811,0.2350950986146927
2816,0.1017133302839441,0.7457319568485902,0.05785583980596353,0.15612385652633876,0.04068461855007829,0.10750424258898132,0.18983809649944305
2817,0.10719652991003001,0.8122363652171967,0.059421546874525034,0.1669665209234781,0.04212716497841371,0.11183348208842715,0.21668638288974762
2818,0.10553534900315364,0.7858805569047325,0.0619330303765368,0.16535410559485048,0.04418464321475405,0.10687580455026857,0.17164519429206848
2819,0.10070494316325113,0.7057401296547725,0.06729020253965888,0.15849733498467514,0.04128281813271776,0.10213095972122183,0.14578749239444733
2820,0.1073618388973022,0.8229450780236136,0.0723282591118828,0.17955923324213005,0.042361011447645654,0.10106484286402731,0.19645282626152039
2821,0.10550804449190103,0.7729216352235304,0.07275846426371214,0.17278177440082906,0.04274832254790449,0.10155828752258597,0.25915849208831787
2822,0.10381441652398465,0.7008942148430475,0.07414137137154701,0.16367749186747566,0.04271774306915672,0.1048938148714045,0.2835600674152374
2823,0.1054372719974951,0.7354764399106435,0.06953941697599524,0.16467327739523072,0.041925652594276164,0.10917843425229297,0.33669012784957886
2824,0.09976384385997784,0.6350467175122572,0.06638584050836349,0.14762310865177689,0.042005373830966565,0.10842564844253859,0.4343724250793457
2825,0.10032240811808067,0.661989052978152,0.06193436870822947,0.14765646646107553,0.04066945470058051,0.11110144130827278,0.6292539238929749
2826,0.10263807800166899,0.7655777254323202,0.055859879923347254,0.15724814356748623,0.040585555558363025,0.10915022776947167,0.5992780923843384
2827,0.10442773781005252,0.771497210030503,0.05683287961289063,0.15892778395826385,0.04213075219165751,0.11125005984646322,0.3818022608757019
2828,0.10238553468238173,0.7313516404002816,0.05856282777976959,0.1546755152969856,0.040859068064596174,0.11046745993516574,0.2020973265171051
2829,0.10609218542714348,0.7953978714439757,0.05796262027100063,0.16331051329571133,0.04120363139813054,0.1128036333175329,0.14281296730041504
2830,0.10344645517513729,0.7475923700350994,0.061004644568738386,0.1590886053496471,0.04374834844309018,0.10699541716298244,0.11909328401088715
2831,0.09822176948099032,0.6749572259477515,0.06582203485630976,0.15284134786937287,0.03979750023030342,0.10155087398550662,0.09921996295452118
2832,0.10123549132272176,0.7414942210314077,0.07011757819933791,0.16602852717534786,0.03951802294518129,0.09854436978202183,0.12463860213756561
2833,0.10328718406315446,0.7669909865014662,0.07141764807456595,0.1707852678498374,0.04020027035199396,0.09942741024707231,0.18552888929843903
2834,0.10238305523154106,0.7094434255730968,0.07290448715870922,0.16383862121790746,0.040902860100679415,0.1024046057329744,0.20658232271671295
2835,0.10542146956243985,0.7713432653317501,0.06923887013428003,0.16953949801963292,0.040100333388960345,0.10647418881419046,0.18967731297016144
2836,0.09999709157915064,0.6620254677726392,0.06692822681934142,0.15194211838409827,0.04049715140890546,0.10660764077378601,0.21300166845321655
2837,0.09844609838010966,0.6594126783424205,0.06300613106825165,0.1482070663931329,0.037604604229576295,0.10814155875043102,0.3070733845233917
2838,0.10044421020233996,0.7667302924632512,0.05479809268542299,0.15650269265368413,0.03677410274279753,0.10710438208451342,0.2608189284801483
2839,0.10251297603556524,0.7847814914993474,0.05494777099732162,0.1592097310690396,0.038748366610155335,0.10869734862850886,0.15640024840831757
2840,0.10048375264056998,0.7531425749258386,0.055715548980487105,0.15534798125839447,0.038675657180765426,0.10655963612730257,0.11663598567247391
2841,0.10592629863016714,0.8147013087106612,0.057470828622201785,0.16564661149198168,0.040751231776431154,0.11069920837309842,0.1312588006258011
2842,0.10482060632196366,0.7889041406526942,0.06086995390770348,0.1648748377284164,0.04343524986779877,0.10598534073871174,0.11946537345647812
2843,0.09843152124989846,0.6921829060407283,0.06422110801069862,0.1539299363007028,0.03948050932804609,0.10145254351206541,0.09964115172624588
2844,0.10371243155138622,0.7858379614657545,0.067577494552898,0.17018613268330607,0.03928749852296522,0.10191975946082474,0.14011342823505402
2845,0.10357745305482514,0.7717366244003185,0.06959352769126426,0.16989968436398634,0.039890361450310725,0.10127170581325926,0.22620226442813873
2846,0.10201387021943428,0.697926303393154,0.07148173446547383,0.1609738157408567,0.04003607378513315,0.10465448976820316,0.2542552351951599
2847,0.10306908231034816,0.7303783847178443,0.06717863029973688,0.1619214523594665,0.038677301417280464,0.10791606679880383,0.27226385474205017
2848,0.09923484163373128,0.6427905978602595,0.06601961110423522,0.14841546635509584,0.04078974730253566,0.1073412525423334,0.3401787281036377
2849,0.09901548225717006,0.6701583491793256,0.06084190946947273,0.14788711514230887,0.03826064529812131,0.10941328582184126,0.5164114832878113
2850,0.10047355373575068,0.7687515266829201,0.05335668197942364,0.15555594550849458,0.036571599764706794,0.10819067065926319,0.5181352496147156
2851,0.10234784123955123,0.7767722229995584,0.05400173450868436,0.15725466143595204,0.03779835472419777,0.11078517426863481,0.31885063648223877
2852,0.10054565288592147,0.7401661468442313,0.05605229699724008,0.15378284697538167,0.03726889195827144,0.10933027386933758,0.17817744612693787
2853,0.10432894038966056,0.803193546210649,0.05541327875779459,0.16223903125105948,0.037128107835876764,0.11245833937049729,0.1367296576499939
2854,0.10260710625049767,0.754667231355812,0.05952443037388666,0.158830544799876,0.04157775821173001,0.10681227705371335,0.11548620462417603
2855,0.09681331401005865,0.677858389319104,0.06293391233773339,0.15078026619221488,0.03808386166077741,0.10098050165629298,0.10436641424894333
2856,0.1005039283577611,0.7364224621790678,0.06650465056312203,0.16220719507968573,0.039416261618226464,0.0999652783731699,0.11984460055828094
2857,0.1027719766834867,0.767493235271555,0.0691284254426316,0.16889482684676352,0.03907801142193429,0.10064670239447787,0.16292396187782288
2858,0.10228853319406599,0.7191990150681724,0.07185574009066087,0.16433335080173392,0.0389688689224862,0.1034040240249888,0.1806189864873886
2859,0.10416847474840897,0.7720801707441165,0.06725300855662049,0.16794260315483417,0.03648080650349816,0.10759282210708385,0.1659935712814331
2860,0.10032677861415058,0.6650149227538739,0.06843884514726904,0.15366399909106973,0.03970869616172613,0.10669753284271773,0.18644876778125763
2861,0.09810569883683531,0.6529661452055671,0.06342708006280816,0.14764694651177374,0.037583288031079354,0.10771421657630065,0.2607431411743164
2862,0.10054195787046813,0.7645342546089062,0.055085004649662574,0.15643489750098308,0.0366019069313682,0.10758318026547997,0.22006089985370636
2863,0.10272409664749214,0.7861547644938857,0.05398885622505493,0.15858398597774506,0.038172445902213026,0.11032938788564009,0.12288817763328552
2864,0.10029468048450685,0.751721382734605,0.05503887708029214,0.15456494931662254,0.03851875417843894,0.10686213077421505,0.08932485431432724
2865,0.10527204547052826,0.8168458296273815,0.05554968829519899,0.1643062799140822,0.038828932232708016,0.11175481441551124,0.1080283373594284
2866,0.10388789475787058,0.788019689066566,0.06004605219678207,0.16404228603532262,0.04207483498077254,0.10533922969506082,0.09921598434448242
2867,0.09686224195617514,0.6917529566489045,0.06207302037108086,0.1520272969821985,0.039703983205530605,0.09860629521521865,0.09313613176345825
2868,0.1021927366712519,0.7806221583230992,0.06362325730122298,0.1660516717329196,0.039909670517885916,0.10081385137648788,0.12734182178974152
2869,0.10354672035542531,0.7850122481060795,0.06689959487621062,0.16948711676619185,0.04014396904689827,0.10132628089096571,0.18525291979312897
2870,0.10190587327693827,0.7043736837165675,0.07104334820697113,0.16151911042262773,0.03937144714543095,0.10446191363952888,0.23450052738189697
2871,0.10252620129307016,0.7313011102804806,0.06641152337517804,0.16139575007593557,0.038210988601505035,0.10729115721318241,0.23380422592163086
2872,0.09862940653176647,0.6535688572603362,0.06506918421375539,0.1491405660775527,0.037796187419941986,0.10766120865205,0.2747591733932495
2873,0.09835058964503483,0.6701990563120337,0.06039879161607039,0.14751311514406515,0.03567413451827186,0.11017527806930091,0.40062159299850464
2874,0.09994829867109335,0.7713071012528807,0.05281418740370494,0.1554560322393015,0.03530885945988944,0.10793854110871468,0.3798757493495941
2875,0.10394289611105591,0.7874588134397011,0.054887398917846164,0.159540458135254,0.03762506442061767,0.11332313206901604,0.23578542470932007
2876,0.10106474656232844,0.7501763214835724,0.05749455995728373,0.1564490973181821,0.03648969320241293,0.10910661134088259,0.149923175573349
2877,0.10464789539630165,0.806853854161105,0.05691099418298753,0.1640456884655757,0.03547177504016754,0.11320393177230417,0.13811367750167847
2878,0.10178274762618397,0.7568910725013587,0.06095845746857348,0.16037740247325707,0.038142328515551584,0.10619779135679835,0.1267334669828415
2879,0.09544002549556896,0.6742307312470277,0.06355994867060782,0.15079863189581064,0.03556900707183018,0.09938838601612895,0.11969006061553955
2880,0.09918051113009536,0.7238040273457623,0.06647125035003994,0.16037593277800027,0.038381721657533306,0.09883345797667037,0.1279982626438141
2881,0.10203666462713455,0.7573418746467309,0.06933787705747019,0.16762416242736458,0.03734922798438055,0.10124911111434311,0.16077405214309692
2882,0.10261084158821365,0.7094703857219903,0.07481434296257218,0.16547949192820338,0.0376664950186523,0.10442707578908889,0.16714595258235931
2883,0.1044846261916012,0.7563312429525959,0.0697509925168571,0.16783388543624836,0.036680688422066524,0.10838246990087774,0.1590871810913086
2884,0.1001771093159729,0.6547423953879985,0.07008586419189912,0.15360822579134187,0.03761602106673735,0.10816583461810617,0.190138041973114
2885,0.09847983983039316,0.6434840545868825,0.06489174224667976,0.14754778686670875,0.03581627380286244,0.11037600644770641,0.2561314105987549
2886,0.10019673929616872,0.753710704363132,0.05466940430291765,0.1545324471686626,0.036256489384458794,0.10860071358048279,0.21760019659996033
2887,0.10256932620355594,0.7745290860290603,0.05441127972714963,0.15728525205599403,0.03710301017324415,0.1119759176091954,0.11608030647039413
2888,0.09980530516647625,0.7406755752579992,0.05663633170452883,0.1543562236407389,0.036533967745568684,0.10743567174479055,0.08729278296232224
2889,0.10360728761634698,0.7997561734917591,0.05588499402804672,0.16215230538000563,0.03769586008251515,0.1100528961652485,0.09816782921552658
2890,0.10319612846255634,0.7835182042623656,0.059784450592836824,0.16317498683134096,0.040170676240446235,0.10586189808421612,0.08761059492826462
2891,0.09644336926940204,0.6862060212283151,0.06177506209892592,0.15097948483169582,0.03775970698240442,0.1000724726535179,0.07673852145671844
2892,0.10345477740739249,0.8017135340542187,0.06347384884735902,0.16893666101976754,0.039319557540677015,0.10227644662994034,0.10622032731771469
2893,0.10414930892959097,0.7851835988492862,0.06592480328650097,0.16867605979547032,0.039514386902359304,0.10424395869577421,0.17702144384384155
2894,0.10281259817527433,0.7076013207801939,0.06936700898485187,0.1605433392413293,0.03933567252258382,0.10784050968858044,0.22058650851249695
2895,0.10277022528857675,0.7377900863144012,0.06585769243605694,0.16184803441867754,0.03698201743976764,0.10864182416744658,0.2589915096759796
2896,0.0981085853909473,0.6464730827013025,0.06476630211368346,0.14786727076905762,0.0371342385710527,0.10792228915250855,0.3587486147880554
2897,0.09854640186385179,0.668660289963821,0.05955333197026096,0.1465686116836267,0.035288607087700284,0.11187753870068134,0.5125817656517029
2898,0.10084803273509567,0.7656755600782981,0.05105324606753945,0.1531421480690764,0.03462411740119251,0.11303660773502783,0.4765641391277313
2899,0.10276798385173236,0.7757959925256057,0.05022122180078353,0.15387476047575813,0.03427426464223375,0.11798155861402111,0.28778207302093506
2900,0.09868759207476327,0.7406651296911206,0.0520608346251147,0.15043287677740128,0.0333069261385906,0.11061855065410608,0.15791182219982147
2901,0.10188951200762508,0.8043373706592907,0.052041133117725014,0.15951202419509156,0.03159578182850254,0.11297682775032418,0.1405840367078781
2902,0.0991946407545806,0.7572063800282556,0.056208645749978664,0.15635117921830394,0.03336551688558579,0.10678315298419312,0.14134840667247772
2903,0.09390858821859656,0.6819420713743938,0.057991014704908195,0.14712687994340615,0.03456088316493218,0.0992718248813445,0.11687541007995605
2904,0.09931129140234653,0.743366375206227,0.06216292602751546,0.1594777044816171,0.037314151062513394,0.10091317775533874,0.1170000359416008
2905,0.10236657579763066,0.7770688513809707,0.0645654353710224,0.16635163765815783,0.03639855934071927,0.10410166106946682,0.15590514242649078
2906,0.10184084408777604,0.7285685414809154,0.06854322781984329,0.1628325583428536,0.035721596722765106,0.10632743555896768,0.15899865329265594
2907,0.1026765970012807,0.7672798076602112,0.06573501265398386,0.16595569765487347,0.03364950134813054,0.10770609262589342,0.1425798237323761
2908,0.09808653959828009,0.6794075699139153,0.06423491023203626,0.152116718758019,0.03340928151478068,0.1074027336565706,0.17443709075450897
2909,0.09774411245467549,0.6588178872480899,0.06246866313342447,0.1476614094355195,0.033262898495632506,0.11048753981059958,0.23952607810497284
2910,0.10081315253185187,0.7680844845797095,0.05315197471736133,0.1552851904119825,0.03220511538566688,0.11318215188964953,0.19658824801445007
2911,0.10212217484135575,0.7857740311954688,0.052140747833313426,0.15694550259933562,0.03174976589071645,0.11572762088493271,0.1034148782491684
2912,0.09749531490806543,0.7516242088170396,0.05099579856058487,0.15108557145436413,0.03185194227540166,0.10804179148363488,0.08582352101802826
2913,0.10183724845945868,0.8271972345694589,0.052620401663274675,0.1632742349355867,0.03215740368690031,0.10904974946883522,0.09317580610513687
2914,0.10145484447406217,0.8114196808149234,0.055889659207693704,0.16382251943729798,0.032992315968321625,0.10678784132375381,0.09124886244535446
2915,0.09679096443204462,0.7200985677717321,0.05783497082505986,0.15244405610315587,0.03289342099261999,0.10400485972931883,0.07515819370746613
2916,0.1054120178950272,0.8621760654471289,0.060377867387679175,0.1749204671104577,0.03381448811048999,0.10723996339299555,0.09656858444213867
2917,0.10542459923546935,0.8475672182431773,0.06277105851032856,0.1748847956150212,0.034685011733985374,0.10654406646715997,0.10668376833200455
2918,0.10258694726170482,0.740568225846536,0.06743995152897171,0.1636011335743381,0.032298671858581485,0.1107017752158837,0.14135445654392242
2919,0.10514681382922685,0.838876409299427,0.06926531873793446,0.17920976024671909,0.031303010760067314,0.1049550633994357,0.135671466588974
2920,0.10211677644147493,0.7526086999000422,0.06682098516120168,0.16479065869532178,0.033996235185174875,0.10688260306862153,0.21649937331676483
2921,0.10076400478133442,0.6963506176603587,0.0627375322021876,0.15325368726764063,0.034827987038254106,0.11252954813101178,0.28026294708251953
2922,0.10483977310881766,0.7779149740847333,0.05441148311219812,0.15776912467970314,0.037719448567793905,0.11725687445768866,0.27817389369010925
2923,0.10661185206210028,0.8125970931708828,0.051938247579932394,0.16060379695006816,0.035197667828886676,0.12185631148919034,0.1570771038532257
2924,0.10093480927317348,0.7672168601100469,0.053721784000657226,0.1556496520162843,0.034294741584712234,0.11136938110035507,0.1261214166879654
2925,0.10315561936152791,0.8658529564841114,0.05498319465487933,0.17082173205905532,0.03168315418286398,0.1064861777825223,0.09294149279594421
2926,0.10289904929963606,0.8416178766045641,0.05818435657739441,0.17010343086699006,0.03447637220095405,0.10396505788954805,0.11970803886651993
2927,0.0959197384464053,0.7093238031356888,0.05674515784789456,0.14997067860329372,0.036442923271016246,0.1006673790875934,0.11217028647661209
2928,0.10205336238980856,0.7821555286156565,0.06029536274397495,0.16341824358278662,0.03881570721582398,0.10369203962318929,0.14943274855613708
2929,0.10478147595029602,0.811063936108034,0.06212675531406522,0.16911778114177503,0.03658512400494439,0.10815901685993456,0.21361827850341797
2930,0.10363332630172013,0.7585388125144434,0.06652410318752645,0.16538334737708604,0.03479851237619072,0.10983252004561322,0.233167827129364
2931,0.10534397246576771,0.8124415083478083,0.06596457120897012,0.1726041336573756,0.032598231223819225,0.11014385500981576,0.18796858191490173
2932,0.1000052136896366,0.7051920416572087,0.06484254473350663,0.1563210442940355,0.03427201682840663,0.1082454091643638,0.20634998381137848
2933,0.10013943333403605,0.688742920719501,0.062022319568739714,0.15155383401884848,0.03577732131606597,0.11146868075054894,0.2806605100631714
2934,0.10375086579628348,0.7838137887024699,0.054949219450441476,0.15907272934358843,0.03750253570416597,0.11331152402299452,0.2555187940597534
2935,0.10531990898003327,0.8120953607732184,0.05352690443785472,0.1618938267714781,0.03705658614364356,0.11554813839436004,0.13799813389778137
2936,0.09819870798211724,0.762442276735052,0.05117558391640261,0.15278511146192392,0.03477046328713291,0.10593531904539766,0.11602744460105896
2937,0.10254452228663911,0.8423905829774665,0.0523118365136194,0.16518022886559755,0.03528800028123746,0.1065877357847769,0.11370500177145004
2938,0.10333115570450004,0.8394329183773102,0.05585752707075703,0.16779686868597893,0.0392663953274281,0.10298032217564401,0.09372973442077637
2939,0.09901089611314476,0.7483814465451479,0.05609359346772216,0.15499185819306868,0.03989460503216286,0.10175430898907048,0.08689328283071518
2940,0.10760262492169215,0.891684547772668,0.05709885411419102,0.17632538177968776,0.04223132812411244,0.10467009736882821,0.10516463220119476
2941,0.10751910666958274,0.8614577755126541,0.06155183096925537,0.17582410876116947,0.04294289757968591,0.1042564127931041,0.15126708149909973
2942,0.10514463916220308,0.7632342002841057,0.06702004653882478,0.1664792113595792,0.04210628163447613,0.10663545132626003,0.15340584516525269
2943,0.10974338882690816,0.8649825238223976,0.06985774188861536,0.18344699645058427,0.040168135281061106,0.1061310790088078,0.1826144903898239
2944,0.10862243233042031,0.786583694970895,0.07082545292708022,0.1730766303619109,0.04146794850241146,0.11098518240237379,0.25713050365448
2945,0.10559691434451447,0.7334249934189871,0.06410520476685667,0.15972231743144677,0.03652300874531768,0.11867685404274593,0.30708518624305725
2946,0.10837188762595168,0.7981800564742174,0.05566229738503294,0.16173626296920215,0.03703917091009309,0.12409418632698378,0.3013913035392761
2947,0.11034518132793689,0.8413961101233868,0.05444233475447754,0.1668643026643217,0.03822321249376918,0.12399767288849688,0.20609048008918762
2948,0.1029869839834714,0.7926907733483066,0.05541732786414372,0.16074210579045273,0.03540249757390023,0.11158767801073753,0.14697875082492828
2949,0.1067902374598651,0.90067682517865,0.056236819304790735,0.17687110585819923,0.03467361667415383,0.10857152079882018,0.11663731932640076
2950,0.10632509710607406,0.8699951114206992,0.060438093971555466,0.17608909646429027,0.03586910627886302,0.10693058964144447,0.1441732794046402
2951,0.09955054597727792,0.7518784381544256,0.05791766773790528,0.15705492065455104,0.03574241808086452,0.1050663300440257,0.1526077538728714
2952,0.10425799947848237,0.8112563443929603,0.06045547047126856,0.1677127381743674,0.038807315066284355,0.10600445198025624,0.17260223627090454
2953,0.10917288337440369,0.8512948317681541,0.06503585576363971,0.17735856662142746,0.04047467609348326,0.10962134190406328,0.24293899536132812
2954,0.10657061713923201,0.7888046063144651,0.06821357362715529,0.17115514972534243,0.03767614570901644,0.11034181362782405,0.26912593841552734
2955,0.11025089418095355,0.8441761488358812,0.06902152994436138,0.17975790407172137,0.0376850764060387,0.11292735107958216,0.23620909452438354
2956,0.10559623379307195,0.7456423030129518,0.0707537239597729,0.16716637811022703,0.03656442753249677,0.11212518799356458,0.2574884295463562
2957,0.10441333238137157,0.7255335598971213,0.0646053594089739,0.15902367376442353,0.03769912979640395,0.11500421093304777,0.31505897641181946
2958,0.10691812116677682,0.8206675428651158,0.05574547774136015,0.16502005847332527,0.03763153651015268,0.11670468759809312,0.2638380527496338
2959,0.10848035817691323,0.8346526269962793,0.05555337862927121,0.1668532712531295,0.03691383933446573,0.12002476322236556,0.1504133641719818
2960,0.10132106949467837,0.7805856337205485,0.054950270077413106,0.1586124648835753,0.03674803047938936,0.10769250766777141,0.12550395727157593
2961,0.10507091918402436,0.8632148844775371,0.055969785464875764,0.17129051389525599,0.0373400554823522,0.10639327955065983,0.13701067864894867
2962,0.1047424140273247,0.8603471199459688,0.05993300404620694,0.17427787774617293,0.03808221466564343,0.10222655771480357,0.12302088737487793
2963,0.09907627680978769,0.7730443543851389,0.05979645858834012,0.16168901513073994,0.037235707340198765,0.09840062906484473,0.11896402388811111
2964,0.10675199953294019,0.8662622082457537,0.06218610444217878,0.1770541192712609,0.03930898235138515,0.1042502847957702,0.14555802941322327
2965,0.10856940483893492,0.8663324363902928,0.0663026260507778,0.1805925989564228,0.0388930714076941,0.10651590173846873,0.22207719087600708
2966,0.10602039037201791,0.7971806876451281,0.06730145155481,0.17156991385342688,0.0370948511135503,0.1089744041769442,0.20161381363868713
2967,0.1073907200979704,0.8578194594511434,0.06701481020241383,0.17998690295223232,0.03623429065137986,0.10613093586625795,0.22226987779140472
2968,0.1023786516818999,0.75458965569648,0.06775019217528558,0.16587011553545622,0.03598564485436056,0.10491750178413509,0.2558571994304657
2969,0.10039212468477339,0.7272117301404047,0.06122226798681309,0.15636361972304047,0.03487547159230129,0.10874413798220281,0.32307156920433044
2970,0.10534829049833488,0.8182967831605007,0.052509041198990684,0.161907290050635,0.034303344791947486,0.11802349338316126,0.31721892952919006
2971,0.10596985787625429,0.8317636261288492,0.050981609223612036,0.16252189735293163,0.03319781490927158,0.12016236093027152,0.18668052554130554
2972,0.10029500230011026,0.7844261122157475,0.051488950129554546,0.1561942589990107,0.032233246532516545,0.11093718898521689,0.12946055829524994
2973,0.10579268033881864,0.8774070845154117,0.05424186208122184,0.17183689385753467,0.03467745853047818,0.11022981259223999,0.10437320917844772
2974,0.1055715544205333,0.8546602035689561,0.05809028254806786,0.1718859855510519,0.037459125425738767,0.10714480255177476,0.10298670083284378
2975,0.09928594225450317,0.7738507098849836,0.05740214168626329,0.15975193714322336,0.03675456021857092,0.10109315600831376,0.09792491793632507
2976,0.10510150384567586,0.839706765739583,0.062088156441756935,0.17317652919858922,0.03965579262916623,0.10280085397632255,0.14257247745990753
2977,0.1077482520729665,0.8750365641382651,0.06576852485566648,0.18137824475318057,0.03649800746019844,0.1056659725139512,0.21509632468223572
2978,0.10540771767354286,0.813923306204346,0.0677631975270931,0.17435749876670067,0.03641480390709197,0.1054454587626743,0.22732950747013092
2979,0.10903422757188624,0.8826785953781855,0.06839778073400139,0.18472361139745624,0.035120469223250066,0.10748055527956907,0.19582435488700867
2980,0.10447235207359361,0.7833518047198755,0.06920327006980682,0.17122448930553094,0.035475922962688165,0.10643610746769068,0.19960978627204895
2981,0.10290858031563714,0.7331187881673478,0.06512496288306009,0.16055265220938691,0.03643707542550593,0.1106325841874709,0.23072506487369537
2982,0.10726657264509108,0.828784850335978,0.057418274929268265,0.16761349998736966,0.03648247874273325,0.11639909338516045,0.1944168210029602
2983,0.10755510139137646,0.829609844576273,0.054813910202606626,0.16549904368455898,0.03588551623215202,0.11956503889916315,0.10082489997148514
2984,0.10058427339053216,0.7914054531978698,0.05425201758390267,0.15955965124304086,0.03535364299763061,0.1060576193633759,0.0921606793999672
2985,0.10496902951285825,0.879295685088352,0.057077805727380554,0.17453750277894792,0.0362850535362377,0.10419509438457279,0.10253602266311646
2986,0.10453932707949502,0.8828501714532624,0.05928860363213937,0.1769402561780141,0.03610577005327547,0.10106787651623297,0.07808997482061386
2987,0.09954680231309045,0.7921998630677354,0.05754885864473778,0.16249900213373744,0.03726976400459116,0.09895603598996122,0.08251886814832687
2988,0.10600348857410183,0.8642800692578033,0.06255777110313322,0.17708952798237182,0.03755103489418276,0.1036991010617948,0.09485089033842087
2989,0.10847853297699149,0.8922213299731329,0.06628905498865977,0.1842793799864416,0.0370070752512613,0.10469031735373652,0.1385454386472702
2990,0.10430232063892791,0.7964986100194362,0.06600806229729062,0.1703638548290257,0.03339802084717721,0.10853974054037416,0.19010119140148163
2991,0.10774841416488319,0.8871931625628036,0.06763282645736064,0.18471287447242393,0.0342271829557166,0.10473558870380587,0.17576061189174652
2992,0.10297973415791682,0.7929179367667407,0.06615767911728916,0.16998057306721082,0.03414212301947749,0.10458690985841898,0.25457146763801575
2993,0.10053364146276196,0.7398372798160499,0.060368264352366606,0.1574352665614642,0.03438819414921427,0.10862198590075174,0.31548231840133667
2994,0.10631739581522495,0.8435238088053916,0.052787458506726385,0.16574979426367856,0.034619926412004606,0.1170493329006459,0.27737247943878174
2995,0.10573632712389364,0.8313132275762773,0.05178603011116623,0.1631470583204678,0.03287163067415196,0.11925854672041522,0.17494815587997437
2996,0.09981457280706284,0.8022435427572483,0.05317196691587895,0.16018219203607456,0.031375376930477164,0.10687720237369006,0.13506755232810974
2997,0.10602455425014966,0.8896542439737724,0.05783076498726732,0.17666269055676803,0.034008504031838256,0.10723022892288106,0.12308034300804138
2998,0.10629571407886029,0.8806638128204098,0.06091208367095049,0.17801947354944467,0.03778977582974153,0.10348012051007788,0.11463526636362076
2999,0.09954572632138053,0.7905518593908902,0.05871447266879939,0.1632626707719552,0.036836638092773676,0.0986638521271587,0.10498839616775513
3000,0.10441113701328684,0.8172800165451888,0.0651484660946607,0.17259583044473614,0.03701533951240695,0.10372085307403864,0.14269506931304932
3001,0.10623785877880584,0.842765847403151,0.06591677793764021,0.17689521643271316,0.03666952846334158,0.10528495985766817,0.2031097263097763
3002,0.10421831511469491,0.7998178701877982,0.06580968312304579,0.17066799556086756,0.03546124584346759,0.10623728033661765,0.2341153770685196
3003,0.10808975899511535,0.8674418279170427,0.06710537030921955,0.18143914996748003,0.03722961164454275,0.10591167082604729,0.20407550036907196
3004,0.10385802764277276,0.7882948091194881,0.06606307977649753,0.16923904111121044,0.03853784049008408,0.10380480461649236,0.21368898451328278
3005,0.10231860189960865,0.7386488641452156,0.06326410993472276,0.15974764625050744,0.03882812352926322,0.10762235666662447,0.22409838438034058
3006,0.10535504504913681,0.811620613713124,0.0550671997890263,0.16314625892104026,0.03883380072118953,0.11299382169817512,0.17941956222057343
3007,0.10464594649844945,0.8050915946681012,0.05356062416729087,0.16092219138169234,0.03710707923915467,0.11450074107749489,0.09651818126440048
3008,0.10007824091469036,0.7892453731404047,0.056674852180621245,0.16132778374630458,0.035691003476607024,0.10282372369535084,0.09279094636440277
3009,0.1038440214155497,0.8793625444649056,0.05946910211009915,0.17659673673221435,0.03636434617738449,0.09923011134686267,0.0956583246588707
3010,0.1037427256690767,0.8888439191638606,0.0608204884015869,0.17910954993905456,0.03755969603971222,0.09570690535854004,0.08983708918094635
3011,0.10128646877076557,0.8136264703956656,0.06256458946240977,0.16985914388144632,0.03794694024871544,0.0967074655057138,0.08742828667163849
3012,0.10759114246018188,0.9021851506884164,0.06494034377904506,0.18454674476609814,0.039993280111092926,0.09940311999795803,0.1160254031419754
3013,0.10714716824120568,0.9057083077265808,0.06655991176387625,0.18643825404426265,0.0401964759196397,0.09634932394490106,0.13335056602954865
3014,0.10482553868020136,0.8349092027014146,0.06817487870115568,0.17770835355833553,0.03952860960982978,0.0981878885984091,0.1299334615468979
3015,0.11010135331506742,0.9294194273977605,0.07119258573518292,0.19379642025840832,0.03876354325379873,0.09928875354325423,0.15532630681991577
3016,0.10747155490720726,0.8656904761076701,0.06823756522291445,0.18215940963502245,0.03803559840422476,0.1028761439604787,0.2197904884815216
3017,0.10634181705169508,0.7972857863445173,0.0659554374118888,0.17043120154512142,0.037143736849529416,0.11081192579684196,0.2634590268135071
3018,0.10894599162379061,0.858491287246594,0.05705060339745521,0.17154212966161791,0.03587637688793426,0.11811028373456608,0.26112183928489685
3019,0.10941982827063125,0.8645597734495584,0.056053270318993785,0.17155419933764587,0.03528134059516381,0.11992343030302743,0.1911487579345703
3020,0.10533724954388246,0.8477422054838092,0.061517198054481616,0.17383505625867127,0.03551194652851944,0.10649880880688486,0.14831390976905823
3021,0.10736793621895183,0.947251486636419,0.060597440467037966,0.187262304205521,0.03609893258456786,0.09982074241078978,0.12336179614067078
3022,0.10790852984980685,0.9427772307630966,0.062064207577888435,0.18788035374720388,0.03670650251687966,0.10023495785589571,0.14451955258846283
3023,0.10350845860785583,0.8380180198827412,0.0627847635091716,0.1735323715625387,0.036645451544282746,0.10074266595313477,0.1563357412815094
3024,0.10787884627919046,0.8810795849262978,0.0664184623406448,0.1827986227100238,0.03873856363702834,0.10282178921410315,0.18810555338859558
3025,0.11040605536302445,0.9138559816393027,0.06865701629745727,0.1893997256320066,0.038194823610933015,0.10447142166074502,0.23144248127937317
3026,0.10829845402050632,0.8595873502164617,0.06843460613219628,0.18145642671566278,0.0397892492264463,0.10423078210704692,0.2654600739479065
3027,0.11101889250664199,0.9284433248011628,0.06829982549191398,0.19117746825037812,0.03951621668165909,0.10344498007773292,0.24273689091205597
3028,0.10714288464293555,0.8570779088987919,0.06784330998873352,0.18059110983302756,0.04025730952591471,0.10140056582899822,0.24453413486480713
3029,0.10498773324164286,0.7905823699117537,0.06618608702185554,0.16967127029184098,0.03956294624141764,0.1056363269479166,0.27062517404556274
3030,0.10801437569457778,0.8658683186392906,0.05929719500991481,0.1745216412426828,0.03778167624107999,0.1112741303617965,0.22821976244449615
3031,0.10662292839833692,0.8551353974517448,0.05694135074901644,0.1709690717065491,0.0357802763793336,0.11230737352027921,0.14034979045391083
3032,0.1009940278264549,0.8297769131360102,0.05950008500177021,0.16953963187809018,0.035701752667239385,0.09814736504558756,0.13626918196678162
3033,0.10304585084876948,0.9085860990907277,0.05813458753239831,0.17962766061215968,0.036076182862831936,0.09463522679349838,0.12811686098575592
3034,0.10280633434616519,0.9264692772261693,0.06030370787311984,0.18404164635212691,0.03658147019617033,0.08967219247219423,0.1318807452917099
3035,0.10273345894413302,0.8659504969433427,0.06558532471340715,0.17992320646054077,0.03850324850441404,0.09139386400203034,0.12096250802278519
3036,0.10838218218788796,0.9467209418726081,0.06531258000851693,0.19122806027481568,0.04058630957511923,0.09521342739799882,0.14251933991909027
3037,0.10965086130444689,0.9479242882066683,0.07013267358293263,0.19553147567203774,0.040741165935151556,0.0948013071809383,0.18697723746299744
3038,0.10627914778720636,0.8648926271541715,0.07129025797181678,0.18466202499786746,0.03956808953263762,0.09606630620062558,0.17661580443382263
3039,0.10716182903356856,0.9264445237331089,0.06725512344758801,0.18999646634551956,0.036803467555865235,0.09624508767860185,0.24130448698997498
3040,0.10242623554784558,0.8430523298822343,0.06406589144255197,0.17534966836250662,0.0350911874721353,0.09753639890126371,0.2939694821834564
3041,0.10213759716718887,0.81114403143679,0.06043504057331306,0.16767918212523833,0.033060984668206235,0.1052307462655054,0.3539069592952728
3042,0.10799408699419587,0.8932518084060102,0.05513002855147597,0.17486171138783796,0.03608812089066843,0.11240263599034556,0.3069410026073456
3043,0.1064866614842745,0.8685537643897256,0.05447741147463883,0.17077403331965124,0.03601145670916767,0.11190101530653833,0.2014506310224533
3044,0.10156109564982603,0.8497855196707198,0.05823839708048384,0.17131655745051758,0.03581307663740111,0.09805458321009278,0.16578538715839386
3045,0.10500812506357238,0.9173916221625398,0.05735513479290622,0.1802174901314253,0.03850594727488387,0.09738933619430348,0.13128601014614105
3046,0.10654647013770716,0.9336233408766881,0.06119922869029295,0.1858312447169208,0.03887071523006928,0.09638857792507834,0.13462665677070618
3047,0.1051443521139715,0.8688928453942735,0.06491468574617297,0.17976870855304447,0.041396165905996284,0.09562770316176095,0.1385914534330368
3048,0.10898960892978303,0.9162766636443165,0.0672814701799689,0.18856649781773285,0.043496866575268835,0.09666598071302682,0.17792949080467224
3049,0.11158152667207197,0.9315473432250133,0.07058001235680263,0.19357534533797557,0.04326685519806761,0.09961227287916011,0.20823591947555542
3050,0.10837552462289866,0.8733653813579891,0.07167665774727261,0.18620361826308926,0.04154175644638812,0.09875548984217863,0.2078012079000473
3051,0.11006500430649262,0.9410717855278904,0.07069289744470227,0.19503273859944345,0.03810392821739147,0.09868417837812418,0.1979098618030548
3052,0.10548407742515914,0.8597850918555203,0.06861230862432689,0.18163699194306884,0.03803581417873809,0.09786750756260656,0.19915185868740082
3053,0.10415029034392848,0.7974821539654476,0.06423716753647524,0.1689864513120427,0.03843688491807784,0.10491787924444781,0.2110094428062439
3054,0.10780937972958599,0.8643623263951004,0.06007220236897947,0.17497079151556813,0.03859887612199054,0.10960233507349758,0.17851877212524414
3055,0.10695964242165244,0.8540289139110941,0.05855802980254401,0.17219672753233686,0.03764057040088139,0.11053138096797817,0.10811202228069305
3056,0.102519709662076,0.8357433486021442,0.0631190317042745,0.1734939341182559,0.036411930874069895,0.09826156970242396,0.10457461327314377
3057,0.10501285050130214,0.9265885700796511,0.059955730379029626,0.1837604217648327,0.03767878455039606,0.09502603335275574,0.1205906867980957
3058,0.10577396812050815,0.9413863147914516,0.06257326370179118,0.1881179852860284,0.03692019443348048,0.09397000507682715,0.1141832247376442
3059,0.10304094457659546,0.8920003931886742,0.06481051139929495,0.18298049451206339,0.03594169351534428,0.09180568306165576,0.1170128583908081
3060,0.10441219372858924,0.9266631699988429,0.06643817828835169,0.18932746281842186,0.03529658098124097,0.09058749442891545,0.13948388397693634
3061,0.10620932349123907,0.9532525822623772,0.07046892259951827,0.19658087397992668,0.03461502066899965,0.08977923178309692,0.1699240505695343
3062,0.10342124736707387,0.8742941756017272,0.06874057225212404,0.1838196584449245,0.03425660651134497,0.09359169842271733,0.21604415774345398
3063,0.10414483293681438,0.9393793929616292,0.06860383839677521,0.19300034619175435,0.03576638336757627,0.0862274022118253,0.1410095989704132
3064,0.10221486919954753,0.8962886852392271,0.06285885614878833,0.18192026030456532,0.034940387598523935,0.09133782338355266,0.2403327375650406
3065,0.0997500967526014,0.8080186971613619,0.05824853682999052,0.16535855973447214,0.03394140478093303,0.09992529711867427,0.27293524146080017
3066,0.10378191845213798,0.862911946902686,0.05420826462125781,0.1697373620900333,0.03489708828813441,0.10634513166248269,0.2256779968738556
3067,0.10272362030187035,0.8751033513628865,0.05445170335160724,0.17168765306750425,0.03312924403791746,0.10327517086289945,0.16459761559963226
3068,0.09996113677391608,0.8665940403078545,0.05895415953181179,0.1743312853569607,0.032938657055158964,0.09353192651766451,0.1071644276380539
3069,0.10454679856147044,0.9442943881832258,0.059306510196552975,0.18573334990893484,0.03598425241644634,0.09350079400933517,0.07322721183300018
3070,0.10515054769527979,0.9736651812006143,0.06120361670504759,0.19155526877584284,0.03750597288458719,0.08873541970914313,0.09334041178226471
3071,0.10287731542298638,0.8903747578894867,0.06418062286915806,0.18220835644349073,0.036513615194763045,0.09153089222974051,0.0984622910618782
3072,0.10621767126543391,0.9327077314382377,0.06864385699959778,0.19208155334797491,0.03681778901242206,0.0918116714145959,0.12770536541938782
3073,0.10717481680512174,0.9466531725177406,0.07087337120515029,0.19598477139266318,0.03624663003545283,0.09152826996448327,0.16191285848617554
3074,0.10528682412799259,0.8888924093606099,0.06850446748944272,0.18570274489960945,0.03728934794983923,0.09442068510871207,0.2121024876832962
3075,0.10758152295703245,0.9348757641786808,0.065319095994897,0.189541477164009,0.04002565581786427,0.09497794677270019,0.1875564455986023
3076,0.10360791051662477,0.8683484574348871,0.06145439985528245,0.1767249795095117,0.0402746455608319,0.09504708198416746,0.18766580522060394
3077,0.10225441665686215,0.8048880534690876,0.059320951354102036,0.16583053737052858,0.03951894768576007,0.10151884638211836,0.19472278654575348
3078,0.10571758488471202,0.8746185147329995,0.05655401083745686,0.1734203685368201,0.038939395242763644,0.10490856512582226,0.14910878241062164
3079,0.10365692136955725,0.8590313517562252,0.057655834963829894,0.1721380516484578,0.03649743244654006,0.1025004851831593,0.09479173272848129
3080,0.09914936455522096,0.8253091687418211,0.060116501419959695,0.16942973960879706,0.03511376787830933,0.0936851834756395,0.09845278412103653
3081,0.10358088171759534,0.9283375158257746,0.06144897223645007,0.18529019274921074,0.035650766667635024,0.09152408523364716,0.09437311440706253
3082,0.10467626434465424,0.9498914193016812,0.06329577711650668,0.18995229742867448,0.035590430752151174,0.0905098397895767,0.10325358062982559
3083,0.10320295403143193,0.8918606734761758,0.06424509691499704,0.18247589356659402,0.03875726428108015,0.09022911046972293,0.1158868744969368
3084,0.10547217938867796,0.9447664689096229,0.06464759733141,0.19037886469972612,0.03975037379288677,0.08868540963782817,0.12388306856155396
3085,0.10556200142327675,0.9566443592423401,0.0670941308759538,0.1941727349282947,0.03783376256342684,0.08728981860875468,0.17036880552768707
3086,0.10249668809806502,0.8793833225334469,0.06686142637871323,0.1829359829722466,0.03759887515252804,0.08889789141050097,0.16278479993343353
3087,0.1025636749590194,0.8996700797576667,0.0627770427552522,0.1823331908984543,0.03784356859128135,0.08939544158378468,0.1881619393825531
3088,0.09859133123447673,0.839545957391032,0.057101611892245545,0.16887937553492932,0.035390984882727086,0.09238959552936168,0.25092819333076477
3089,0.09831472858490796,0.8113417421147686,0.05271135728676505,0.1610871265479084,0.03701243630395902,0.09702838611311282,0.29776981472969055
3090,0.1040979053920707,0.8971176619635586,0.05274529225599637,0.17336991649993383,0.03787287749420403,0.10143179508332381,0.25079745054244995
3091,0.09999332338783128,0.8586626692009744,0.051394355068358814,0.16671839994444676,0.035646656343458386,0.097912215064619,0.1686921864748001
3092,0.09824095606101824,0.8691103444073873,0.05476032157515113,0.17109603912261345,0.033885161180030814,0.09080407890298642,0.12740524113178253
3093,0.10169520388362888,0.9354346536384258,0.05816217277407343,0.18348681289755236,0.03457182907965032,0.08886049894992709,0.0877629816532135
3094,0.10289533249914397,0.946374331039237,0.06113612918754865,0.18759872945207556,0.03598216263422808,0.08732888379713026,0.08988063037395477
3095,0.10157946166962012,0.8888327500183715,0.06340316282908375,0.18132167528469628,0.03899515380436867,0.08656629413852346,0.11311960220336914
3096,0.10332584957412641,0.9164471740111975,0.06361926191711127,0.18545182078769504,0.04111016515200102,0.08590434863161356,0.12657006084918976
3097,0.10442584467055104,0.9349045318089495,0.06631208093592743,0.19039671677493056,0.03943833089759473,0.08606540613055567,0.13153468072414398
3098,0.10150136817530395,0.8666592582129484,0.06452587658993751,0.17911635967893907,0.039546812347873286,0.08779848695862497,0.14974893629550934
3099,0.10183846821169353,0.9026119815639033,0.059617083056126514,0.18004492570009464,0.03789850128644267,0.08935528896893713,0.14504261314868927
3100,0.09774182822001123,0.8303016205886027,0.0574972602069548,0.16789788311861878,0.035115652166909615,0.09115318423019358,0.13886798918247223
3101,0.09593761603910353,0.7844627500831871,0.05318765599407959,0.1576555265782378,0.03464626842307876,0.09556437348138268,0.16507166624069214
3102,0.10070256873736692,0.8437689932885952,0.0531046850965723,0.16605672912400413,0.03679004788298275,0.09944113414664549,0.13591428101062775
3103,0.09803434187187095,0.8381660612081991,0.05219087858913294,0.16447304753471384,0.033221605538314415,0.09661161870874539,0.09287038445472717
3104,0.09590383245561154,0.8218739157939573,0.056086321918180915,0.1654845496147204,0.03416802590862763,0.08903953567000222,0.08717621862888336
3105,0.09990022598957747,0.9225639277937767,0.05677553150935355,0.18045958812141402,0.03477488002943945,0.08639546183934124,0.08307642489671707
3106,0.10172910411125949,0.9364236574507778,0.06115528124796044,0.1861936207055058,0.03570125279393907,0.08559702199394935,0.06961436569690704
3107,0.10085573210703615,0.8794737234850889,0.06332750281748616,0.1799198200557151,0.036508602030943714,0.08797839396852292,0.09629025310277939
3108,0.10320862802014333,0.9305271921024566,0.06234732121136077,0.18637301705294587,0.03947093758323277,0.08621026674873782,0.11771588027477264
3109,0.10234133975011252,0.9322037912928609,0.0659973241722722,0.1897411051894992,0.03627924539195483,0.08367087755403721,0.13679654896259308
3110,0.09999581950216709,0.8665994651287638,0.06506621858790555,0.17957096809374246,0.03623093221133992,0.08616184086401243,0.1469191461801529
3111,0.10014557032172658,0.8844172462649592,0.061634504066015165,0.17917489580872142,0.03619008960062803,0.08695595615156727,0.16250079870224
3112,0.09624051317316717,0.8206295187735058,0.05768645726335924,0.16667832319338016,0.0340504272462175,0.08902375459156175,0.15765687823295593
3113,0.09523860212766523,0.7700512080561469,0.05288810528829199,0.15533997711227127,0.03446084728140595,0.09583043450661186,0.1992373764514923
3114,0.10128787157099728,0.8572258289654267,0.052852626559470046,0.1677630840460353,0.03542493811852595,0.10075212742625145,0.17444485425949097
3115,0.09803504196397719,0.8348920254266357,0.051503426798366926,0.16341608374526245,0.03404162468395487,0.0968208705253721,0.11252716928720474
3116,0.09675410237538787,0.8335162667161674,0.05618141576410549,0.16722925161440005,0.03535536167480617,0.08881224490426115,0.0721849873661995
3117,0.10110336858210514,0.9197619852122989,0.057744177227140536,0.18088957836787742,0.03704498463941454,0.08734152096940864,0.061115577816963196
3118,0.10294288826341419,0.9314875621724531,0.06136179316147298,0.18566547444875584,0.03750150086038725,0.08782183932888879,0.06434605270624161
3119,0.10153020058711833,0.877280285133677,0.06422588488293966,0.18037651349018788,0.039024311408426014,0.08723232982828825,0.07027202844619751
3120,0.10373617443795367,0.9203842120507811,0.06289037353699292,0.18538949332467697,0.0411468285528772,0.08705519806151277,0.09157340973615646
3121,0.10288704281088101,0.9181374848305703,0.06445560578046344,0.18641015993047874,0.03897023335418589,0.08573152360584127,0.1100345104932785
3122,0.10007642500737307,0.8597543131022233,0.061851154773584015,0.17583732024910392,0.03875733630525032,0.08743984428521598,0.12799029052257538
3123,0.10115901684487637,0.885860659850122,0.05862911354176483,0.17680504872867298,0.03790271666335497,0.09031800160538553,0.12482549995183945
3124,0.09795638062359951,0.8205331730160799,0.05855278277695728,0.16740712423968906,0.03644206149899192,0.09101200919355282,0.12169041484594345
3125,0.0971012101171914,0.7749335061113078,0.05711393045722707,0.15965958412209577,0.037246831262296776,0.09473521436093289,0.1496751606464386
3126,0.10184422263931729,0.8484113743230219,0.05619472126521425,0.16936852884490103,0.03721486097359978,0.0993111461669343,0.12082026153802872
3127,0.09862727950530849,0.8139452335371036,0.05497501689522601,0.16339933355835137,0.036551784595100174,0.09626779025532825,0.0751667395234108
3128,0.09730969651440713,0.8292366726405812,0.0573661088618368,0.16763333225880026,0.036771902942726,0.08874708461328416,0.07590143382549286
3129,0.10145925460975262,0.9317278801334107,0.05625630387037339,0.18132367190795015,0.03728684112898185,0.08772875126950425,0.0640818327665329
3130,0.10218873389514331,0.9254333856628999,0.060247689610036646,0.18384564618901714,0.0371561926230178,0.08764240925111358,0.05276599898934364
3131,0.10219114554103434,0.8840352798343639,0.06260000708781194,0.1799479031944622,0.04034901827554279,0.08826584395159007,0.0665428414940834
3132,0.10336852771997031,0.9358829222716496,0.06215231110354735,0.18697096984184763,0.04066756004052293,0.08507973758284407,0.09070901572704315
3133,0.10242296846532678,0.9429218959837279,0.06563793627877836,0.1909642162366283,0.038197206595842956,0.08114691830123631,0.10876185446977615
3134,0.09864871091131193,0.8697079432798454,0.06536299881730308,0.18026941945480912,0.039199520862082005,0.07924863222882807,0.10148264467716217
3135,0.10064898286654621,0.9056982572678729,0.06301451464468096,0.18339790644799406,0.038291615950287246,0.0828063707845059,0.12416967004537582
3136,0.09920090753595763,0.8606104090671594,0.0605539031939622,0.1748476897472761,0.03678435931685305,0.08762445279277048,0.15720106661319733
3137,0.09776326796910949,0.763740024053626,0.06026920242345956,0.1607650340849119,0.03646500156310487,0.09627270572303638,0.17665356397628784
3138,0.1017953695654199,0.8443990547504914,0.056978025396136056,0.16946674387532967,0.035957459864431406,0.10019108803261381,0.18371766805648804
3139,0.09938290410752293,0.8324399888906939,0.055763581686341074,0.16671735414410577,0.03571079800448392,0.09617835316567205,0.1211579218506813
3140,0.09749194728604299,0.8398087777606855,0.057484846162151375,0.16924540781908481,0.03559422133223185,0.08886817952921612,0.07244560122489929
3141,0.1021211803380788,0.9350633265487934,0.058846365874902745,0.18402021739974428,0.035424030133166036,0.08881952933842022,0.04939614236354828
3142,0.10312082731564566,0.949542534832502,0.06020075692042794,0.18724958233643857,0.03479496844203516,0.0892932931868611,0.06623217463493347
3143,0.10258581709326332,0.8945151267943526,0.06270717345572012,0.18153688107552474,0.035579507034233786,0.09213415741043544,0.08856303244829178
3144,0.10435277291294968,0.9323824383830559,0.06423190840529618,0.18825341268783327,0.03609343901896579,0.09066663026716248,0.12573188543319702
3145,0.10557383506590715,0.92899003667918,0.06523552211448613,0.1886290241951567,0.03823229772553548,0.09182438975063906,0.1670629233121872
3146,0.1013837108362452,0.845656397581328,0.06336434952703768,0.17512035639193632,0.036589564444740784,0.09355902406758188,0.18418286740779877
3147,0.10101337779106419,0.8570469119345676,0.05911987158587819,0.1731094487785481,0.037625300275465005,0.09339388350316503,0.17236369848251343
3148,0.09840450397853157,0.812817009807447,0.05744151889274812,0.16535230330913367,0.03590186074794547,0.09451499239101752,0.15094131231307983
3149,0.09692194785720071,0.7625418604193227,0.05849269750888469,0.159071149353233,0.034040479847526665,0.09756268105663723,0.1494368016719818
3150,0.10045816597104534,0.8357201567379184,0.05991960131081286,0.17074825208611366,0.032279436306496045,0.09861072907684118,0.13590124249458313
3151,0.0968287488291267,0.8139383594235052,0.05570161461086028,0.16402114958409528,0.0322120441941581,0.09457501472412677,0.09943319857120514
3152,0.09732724612155387,0.8603281361537956,0.059401613318704055,0.1738196880094314,0.031732035957817976,0.08779216836292993,0.11108119040727615
3153,0.10115362112619425,0.9299607031109904,0.060147377713057865,0.1844064241984768,0.03164797150127282,0.08912486185975327,0.08353810012340546
3154,0.10120820076035289,0.9115180884085736,0.06139654715175838,0.18284248161701772,0.032962979981126996,0.08949277319259387,0.06696633994579315
3155,0.10207856839949905,0.8956599021396254,0.06475038222304548,0.1834517422111283,0.03340658147137586,0.09096502987643124,0.08226294070482254
3156,0.10339255089868403,0.9507373394802595,0.06540079664649563,0.1918774456227476,0.033354544617295805,0.08725152351134308,0.09622036665678024
3157,0.10260676521307689,0.9315564822980554,0.06639633857453238,0.18999064482074995,0.035912515670824076,0.08450333890583422,0.1185075044631958
3158,0.09674050542898088,0.8177065977618212,0.06452622322035999,0.17212341958342586,0.03573014519046198,0.08416452075254555,0.13854680955410004
3159,0.09994265402390656,0.8605443470786786,0.06322633639091878,0.17712890934631303,0.03585949590539069,0.08847744397050232,0.1342771351337433
3160,0.09741274925667653,0.8125816383144775,0.05970023632133892,0.1672547223203587,0.03410876344562072,0.09169201041062844,0.16386070847511292
3161,0.09788961748758206,0.7820767282877783,0.06092793234222671,0.16394918890587692,0.03293967360336224,0.09691869339526632,0.19762486219406128
3162,0.10084035463527546,0.8579590598651702,0.05967027139539118,0.1737115268910739,0.03332664121915625,0.09615257815055611,0.1700640469789505
3163,0.09638951469929652,0.8145668952453985,0.056034126475696555,0.16439595058565398,0.034058475986732825,0.09142354217222701,0.13258542120456696
3164,0.09619120104913632,0.8447329755427887,0.05938500965071053,0.1715775762067217,0.0329303722924484,0.08558134794835105,0.10391880571842194
3165,0.10064528679504661,0.91171662619477,0.06165961213035865,0.18309632842527454,0.0328154888738984,0.08785169854960184,0.06971298158168793
3166,0.10137230921674964,0.9148155804692015,0.06309799452352012,0.18477193537290318,0.03457767897926656,0.08684293778791294,0.073433056473732
3167,0.09999260296533631,0.8682543869278848,0.06577013416576268,0.18041074170320873,0.034080178590518775,0.08730010289766328,0.10534283518791199
3168,0.10278261451181772,0.9250275228993079,0.06702328476952701,0.18959531878806715,0.036246489965240616,0.08504060724835447,0.13745392858982086
3169,0.1025734369864544,0.9215389723571383,0.06585046394113965,0.18809167942913943,0.03776458334237924,0.08445272178767078,0.14359630644321442
3170,0.09820493810861532,0.8257923685617367,0.06295674735427474,0.17193326466962647,0.037082222936280274,0.0871750281435237,0.15306414663791656
3171,0.10074040535122476,0.8415588169938093,0.06468040739483998,0.17566303733754987,0.0372909814288888,0.0907013482952343,0.1349433958530426
3172,0.0967513646580187,0.7856377180552427,0.059772296067731316,0.1634673563516615,0.03540669058291758,0.09205146174179465,0.12258082628250122
3173,0.09669788862310735,0.7487653659917259,0.06070318506306179,0.15899778233858525,0.035761770319971964,0.09550458513730767,0.14429478347301483
3174,0.09939569315808008,0.8182902737613444,0.060745610098585257,0.1689662763361223,0.03529218817826533,0.09461199973463111,0.12993858754634857
3175,0.09536368391284868,0.7774229371417508,0.05877014639144349,0.16143483078434454,0.0340633983164672,0.09118918029712357,0.08945416659116745
3176,0.09573978284134013,0.8130012919885274,0.061647319547092745,0.16898360132444054,0.032626851326935095,0.08687525674373164,0.0858583003282547
3177,0.10138569361067776,0.9305773509894619,0.06215726706170188,0.18621727905138188,0.03306681889985761,0.08693707172202925,0.0730065330862999
3178,0.10026438210768619,0.9011347376631484,0.06237367836407721,0.18219668683537307,0.03419977348402976,0.08638014801665955,0.062021806836128235
3179,0.10098476921236257,0.8779048457744806,0.06482746265322976,0.1809813745276942,0.036286565485454725,0.08759866782249179,0.07000432908535004
3180,0.10273367117457965,0.9285150983317876,0.06595826600959602,0.18918067062705196,0.03590131812576958,0.08557085557137517,0.08530421555042267
3181,0.10291812716982829,0.934308807253944,0.0668725531747093,0.19079201804317142,0.036216014138079025,0.08439282155843367,0.1065291240811348
3182,0.09659953688938945,0.8147194853311834,0.06655416188648607,0.17343492237858568,0.03624528361199685,0.08217854620406126,0.1306982785463333
3183,0.1003851659546514,0.850404281193877,0.06639334436407897,0.17839490676833586,0.04263332008713462,0.08265950787675469,0.1099177822470665
3184,0.09710087763814933,0.8066649352222794,0.06361689123643145,0.1697666118058383,0.0396114952717649,0.08382156981200785,0.10748276114463806
3185,0.0980650892663568,0.7685126003122886,0.06221622518492539,0.16311570734597727,0.03706317100394342,0.0945224769263006,0.1413898915052414
3186,0.10047474593204893,0.8480662448914494,0.059579688930609505,0.1722206254964438,0.035596522641898255,0.09446554669208525,0.1236010417342186
3187,0.09666548472238526,0.8179719484758824,0.057382235415359084,0.16603790870971954,0.03499873504494003,0.08992301970123233,0.09850980341434479
3188,0.09750150343560732,0.8452267045483124,0.0619232072812973,0.17382370689087087,0.0375368819333936,0.08318861922668871,0.08966438472270966
3189,0.10280510766232988,0.9468178588254009,0.06433294709400306,0.19040222019848846,0.038658276213947115,0.08228611171052602,0.07933773100376129
3190,0.09975115677283836,0.9199943364168638,0.0619077565688107,0.18449155368996115,0.035438270155386094,0.08187708526062665,0.06946944445371628
3191,0.09870695591252657,0.856518799649802,0.06478782866839015,0.17789225309430612,0.03622331323059668,0.08409300822515808,0.1272864043712616
3192,0.10130543171710471,0.8895861894608741,0.06611111174405283,0.1837504085607416,0.037396580822018854,0.08508632151212256,0.1491622030735016
3193,0.10103015144240328,0.8771611622655535,0.0656374792240247,0.18156943394424307,0.0381341293361359,0.08559229859627741,0.1635938137769699
3194,0.0982626988234319,0.7990351941743701,0.06452606681645891,0.16945594215330337,0.03873655269068218,0.08805398877595039,0.19746133685112
3195,0.09784589316991835,0.7911183489680135,0.06290199042659966,0.16693289878965878,0.03894309591218413,0.08893471085316293,0.17034806311130524
3196,0.0941380067199944,0.7231361961246483,0.05850922953928201,0.1534559390514772,0.037895645927117756,0.09144688162371395,0.14183157682418823
3197,0.09477709432586581,0.7141252167134887,0.05598737981066338,0.15000707079678127,0.03795666111875181,0.0961687439700396,0.154782235622406
3198,0.09766313491777634,0.7779596816414791,0.055112365580875594,0.15837626787524753,0.03816187368681286,0.09660274715708209,0.15398965775966644
3199,0.09495946984779867,0.7847008879895112,0.05342913847625321,0.15789653126386152,0.0365518152866097,0.09099623884978403,0.12038494646549225
3200,0.09687982818085955,0.84077603812479,0.05811165492210471,0.16992085252248829,0.035423231206582244,0.08674345423442706,0.11669021844863892
3201,0.10151167112675342,0.8998515764005773,0.06170995438038505,0.1814444718118411,0.036597727328525745,0.08837017135075095,0.08954889327287674
3202,0.10000540875761542,0.8704246517336025,0.05987961757979126,0.17567176531605003,0.03806532211953324,0.08799492257730701,0.07173030823469162
3203,0.1003420866322196,0.835729849212917,0.06197574968032873,0.17251204961355562,0.038381197041110995,0.09140914741577055,0.08499396592378616
3204,0.10209642486600017,0.9069833667246002,0.06148915788886783,0.18227404486540102,0.037848473705417496,0.08815796463203418,0.11419083178043365
3205,0.1026656372259705,0.8792843278755134,0.06567255913482802,0.18190281181206877,0.03815483321762419,0.08978006297043753,0.13916921615600586
3206,0.09607631457804469,0.7670179980957997,0.06090521831636331,0.1617784725705685,0.038351264089263634,0.08909634551226978,0.15248098969459534
3207,0.0969296977110576,0.7799985689694268,0.05794007640551386,0.16109128962893002,0.03995409627115076,0.09064195604283767,0.1924806833267212
3208,0.0935680555907508,0.7305147726548195,0.0551304605260759,0.15161393368732498,0.03684444268155018,0.09241107355179894,0.2251407504081726
3209,0.09339940545234954,0.6967010556123747,0.05294999021162224,0.14491442812601546,0.040574088162037766,0.09454591324191473,0.2749360501766205
3210,0.09696304355528594,0.7866501639907442,0.05304675975749201,0.15784724607652803,0.042643916802268346,0.09121860225808952,0.23904132843017578
3211,0.09319967603708788,0.7669656424602818,0.05287370160355797,0.1548868360116614,0.036871969055528704,0.08851015466820032,0.16390584409236908
3212,0.09315285676829074,0.7913967631722977,0.05493881540640897,0.1601470936586788,0.035919542292913144,0.08461204965515662,0.14136391878128052
3213,0.09907966979648589,0.8775760321316851,0.05875837885471088,0.17573232932285007,0.03958220940433277,0.08406887055405125,0.09367848187685013
3214,0.0981567056781481,0.8516800234712184,0.05914403112461138,0.1723634586026981,0.04181565558172324,0.08252421570353859,0.08723077178001404
3215,0.09582780114674487,0.8079680597467847,0.058682476592899914,0.165723274186312,0.042150044699369706,0.0816372991285769,0.12636969983577728
3216,0.09883297439870108,0.8794809101599599,0.059703784855748974,0.17681480275635053,0.04183079748794567,0.08047577938266876,0.1441897451877594
3217,0.09693952626563282,0.8231518807769354,0.060155442630738944,0.1691549337944813,0.039543953512028426,0.08397217083729419,0.14558914303779602
3218,0.09633972862605399,0.7556580690204768,0.06026294145082184,0.15960510253220114,0.0431880189174864,0.0874902724531719,0.16126111149787903
3219,0.09407052992760581,0.7400149085469352,0.054257323269249,0.1522226925946327,0.04229733071720676,0.08848893690305643,0.1660369336605072
3220,0.08897269427271375,0.6713353038567416,0.050976401397853775,0.13959910174912346,0.03917806676815002,0.0882448867973485,0.15017136931419373
3221,0.09036961283905916,0.6759983694083622,0.04828000489642975,0.13795405696956298,0.04200689448368407,0.09105060278582154,0.18079254031181335
3222,0.09326663972137329,0.7424619718251594,0.05091091327142139,0.1497039216362411,0.0426291416961287,0.08819182881795302,0.1545516848564148
3223,0.09106166443008554,0.7256670193092307,0.05303381450968075,0.14912427233818787,0.038150517515726554,0.08655413606056012,0.09415063261985779
3224,0.09130551765600786,0.7599657426226569,0.054669489690907645,0.1554260972525861,0.03804483861938462,0.08180310466604726,0.09707314521074295
3225,0.09797487833803835,0.8561567409064041,0.05614056693167435,0.17042859178520714,0.03939909928487221,0.08583168574328602,0.0719246193766594
3226,0.09608388273475028,0.818462330449452,0.05654871703558192,0.1653935189518491,0.040036765525361374,0.08447917860300408,0.058258455246686935
3227,0.09571832806195432,0.8100365140356784,0.05826885311440987,0.16566423324601967,0.04027762549320583,0.08302627577355204,0.07603954523801804
3228,0.09765670820189981,0.8417866552586426,0.06144568297883555,0.17292296473309368,0.04033371356608887,0.08195635404343976,0.09851401299238205
3229,0.09764866113621434,0.8168736015049989,0.06320714639467996,0.17087378283901122,0.038195245776120434,0.08559841808634922,0.1349625438451767
3230,0.09509871139061744,0.7163888000694003,0.0624299956270839,0.15585268197598626,0.04219511554745271,0.0882296334911889,0.19256919622421265
3231,0.09350441830701332,0.7213671450375164,0.057770352448191564,0.15256989424666653,0.04144693112287131,0.08737242814594097,0.20714910328388214
3232,0.08805662364782775,0.6367511496214154,0.05468559633095462,0.13783781822959187,0.04017929988451761,0.0863907366816805,0.176968052983284
3233,0.08892124704682684,0.6526068834900993,0.051245679557779644,0.13715442297668248,0.04400436199301393,0.08601949253028952,0.20789705216884613
3234,0.09413630399457601,0.764703307660102,0.05297583109431019,0.15465118488942325,0.04312061980654308,0.08582450687611344,0.21827329695224762
3235,0.09236158755975996,0.7594283464493791,0.053438031078966976,0.15429379041759725,0.03884367420631681,0.08499908424341507,0.1398473083972931
3236,0.0931348886934449,0.7991186717789869,0.0545688078598656,0.16093307413402577,0.038070795589194684,0.0819925578991556,0.12793847918510437
3237,0.09638161006410541,0.8443044312192505,0.057455103535330766,0.16986215034731927,0.03908161788677478,0.08222363047145753,0.08789797872304916
3238,0.09461313388870309,0.7988074694934506,0.06115029053592961,0.16652988752986117,0.03832071607110499,0.08094184004308805,0.06973514705896378
3239,0.09420734970383539,0.7863508332351,0.06077717525813147,0.16443055496912698,0.04034846991610954,0.07988856491096538,0.08979310840368271
3240,0.09777291386813826,0.8596939969566795,0.06457198304216763,0.1781608421728122,0.039322637309944224,0.07857746858996834,0.1145397424697876
3241,0.09577790916109458,0.7908260465019343,0.06515688578469991,0.16882390874430483,0.03861761279303618,0.08187791884783668,0.11669113487005234
3242,0.09504987958485729,0.732312472791582,0.06446107797634774,0.1598684200928098,0.0420734349359523,0.08468804570819075,0.12699326872825623
3243,0.0911839613020034,0.7045566529328009,0.059139264190458195,0.15134174829650715,0.039657845300666565,0.08363124918298236,0.12051398307085037
3244,0.08610342579921283,0.6039746207135098,0.055400132337532826,0.13376791639124383,0.03854507023584205,0.08601055764913516,0.11182129383087158
3245,0.08825540586618127,0.6352626870655813,0.053291332140750734,0.13643009713001225,0.04228862352954894,0.08632348555488245,0.1226578950881958
3246,0.09216144685347073,0.725034875653362,0.05479588193415397,0.15054430960832654,0.04222130279261262,0.08477406799622278,0.11609410494565964
3247,0.09094547729757113,0.7333265507898649,0.0574664858596379,0.1540179237068132,0.03762895799111638,0.08240904108263221,0.08178061991930008
3248,0.0945949816118651,0.7985590579862445,0.05850901981032122,0.1642304538354531,0.038358368698434356,0.0828709797154775,0.09039489924907684
3249,0.09777423112599831,0.8460089063280885,0.06292834624979605,0.1747969976895521,0.037311451751345794,0.08328424233570964,0.08085407316684723
3250,0.09377034003042084,0.7876880494584892,0.06384168315601307,0.16724830691350964,0.03714937357911532,0.07902046465261045,0.05903701111674309
3251,0.09433665465287727,0.7500552599004116,0.06742156698453276,0.16494066597251547,0.04018332708163097,0.07994230637303444,0.07103154063224792
3252,0.0983744374547873,0.8316808728194841,0.07082027608962327,0.17951464705103196,0.040244603314571865,0.07824035893076176,0.06450066715478897
3253,0.09690886397142426,0.7869808590673771,0.07391330889829487,0.17578010177959233,0.04051184690307708,0.07724392082408096,0.08899524062871933
3254,0.09404944271119954,0.6736736787859114,0.07118984532452799,0.15725896439043993,0.04539985364181439,0.08130950167757622,0.11237218230962753
3255,0.09515143786245238,0.7167232449126575,0.06972480508835319,0.16215315363468236,0.04959206301553292,0.07638938955280568,0.0681210532784462
3256,0.08894729568680321,0.6447657348554837,0.061837631543060066,0.14511307487340627,0.04440248653139367,0.07877894690950885,0.15603359043598175
3257,0.08841058796942186,0.6169467564972666,0.058667449111916736,0.13842163588125242,0.04831200014007755,0.07973718539724639,0.15293286740779877
3258,0.0917001336262476,0.7116578337790164,0.056875497023639,0.15041583084583574,0.04411239646428133,0.08196316857582844,0.18689143657684326
3259,0.09033026807592036,0.6999691309408796,0.05754325049515485,0.14931837627311553,0.042236478059534295,0.08079773966771235,0.14647798240184784
3260,0.09186663007771488,0.7478757460771192,0.05721271296881721,0.1558788605557175,0.04350172161094774,0.07817522331788383,0.09730375558137894
3261,0.09670167531585773,0.8075509678397101,0.06004250818758625,0.1668294309950325,0.04588629000831479,0.07980335124067986,0.061075109988451004
3262,0.09523289740228248,0.7771069686109491,0.06320314336838719,0.16518940411732458,0.044489034042412515,0.07842183446650687,0.05206228047609329
3263,0.09453802930698986,0.7879757903585474,0.0631612230026151,0.16670616119631973,0.045396669415050786,0.07438960380927295,0.07181143760681152
3264,0.09599646427258658,0.8206759647085164,0.06663081715186313,0.17435155251709933,0.0446626416596516,0.07235285684495606,0.0703853890299797
3265,0.09578597250040702,0.7894710465809673,0.06803228089552071,0.17109496170772737,0.04556771231420704,0.0738315846069267,0.09158938378095627
3266,0.0948388425262197,0.7074030032533193,0.06404949377168836,0.15595713798334992,0.04779711727969763,0.08252184359193757,0.11978378891944885
3267,0.09385235573150771,0.7053992164476695,0.061222345092295516,0.15324761242877752,0.049312598570970936,0.08085379363686633,0.11763402819633484
3268,0.0873109266718283,0.612431097235388,0.05728909090044009,0.13659509180543264,0.044601693825962,0.08155786092005754,0.11713709682226181
3269,0.08842280256978219,0.6264143249649592,0.053181615700796714,0.1350720027385342,0.04998876731195301,0.08123453327272472,0.12287962436676025
3270,0.09070431531754154,0.6887193134947854,0.05451988126517426,0.1451198001551187,0.04768219496057447,0.08073512139700773,0.10789179801940918
3271,0.09055436617848037,0.711180672354486,0.05461988440984031,0.14841428268764684,0.043412066037438225,0.08117645185637161,0.10324148833751678
3272,0.09379605006958185,0.7843637596242172,0.05459796238332287,0.15885021913202207,0.04418000372571716,0.08028769269082828,0.10066580772399902
3273,0.09506982523341961,0.8060420477724617,0.058124581187851874,0.1649699335570818,0.04453147137846469,0.07812829007330069,0.06662817299365997
3274,0.09388881977640486,0.7578394171553295,0.06107344323668157,0.16061143951077414,0.04537768056714171,0.07795377431693698,0.04988226667046547
3275,0.09442326431895452,0.7598306124726286,0.06297308496925624,0.16252416032688086,0.04775916406127074,0.07566606803749229,0.06374993175268173
3276,0.09584312970248819,0.7829293920482967,0.06490156988005812,0.16747697304694936,0.04610598468845129,0.07668351866336695,0.07682708650827408
3277,0.09367527684232592,0.7221858837636063,0.06802976589743516,0.16148063987831676,0.04591373426609759,0.07613693394003376,0.09525639563798904
3278,0.09204239257631969,0.655652059299143,0.0700288918963259,0.1536893443824426,0.04590814574687716,0.07846877572172437,0.11998686194419861
3279,0.09497765498147953,0.7133038268596779,0.06886568543377959,0.16092827706605078,0.04664681805870952,0.07956034296490344,0.09330163896083832
3280,0.09239156368053321,0.6752500439614542,0.06700710856316844,0.15389895647720928,0.0412445175957244,0.08332626030764936,0.10675614327192307
3281,0.09249422637772353,0.6522953061458581,0.06355476153584093,0.14766055362298622,0.043182312535258886,0.08737161465027529,0.12997521460056305
3282,0.0946144783350988,0.6990941972582617,0.06282059822797122,0.15371682666086986,0.04147568435632675,0.08939636828147468,0.14845037460327148
3283,0.0933757396211383,0.7082615756981354,0.06045288497877103,0.1529969836529659,0.04117874056194314,0.08687952527008491,0.15377849340438843
3284,0.0949098786766354,0.7382107587109317,0.06073929064036145,0.1575209289361572,0.04539722710656741,0.08344877982336335,0.14071251451969147
3285,0.09865417225775536,0.8357539307732229,0.06339095394493637,0.173728522063263,0.04475613170297431,0.08012490166336957,0.11411044746637344
3286,0.09560315840712302,0.7899269356850424,0.06431556249737236,0.1679743300956109,0.039367788356880484,0.08148433197365827,0.10566459596157074
3287,0.09519256789679414,0.7851856613086594,0.06536640205528137,0.16819772480576395,0.040025494935288355,0.07958424444276316,0.1098962053656578
3288,0.09722414001434915,0.7847451914352669,0.07198895494744205,0.17381127444570277,0.04232141569387831,0.07825028116732673,0.12431035935878754
3289,0.09505102704571962,0.755267777035699,0.07106719616277417,0.16881013628747774,0.04058746555149013,0.07816742276663206,0.14228127896785736
3290,0.09532726929248714,0.68000968892591,0.06805674006696347,0.15547858990395585,0.04442692273407695,0.08723266699606097,0.21064385771751404
3291,0.09504991734810248,0.6951749395261531,0.06615683333380167,0.15601656278985185,0.04230928517631579,0.08785215573688514,0.2172790765762329
3292,0.0893905030699843,0.6021162145333561,0.06162532608770899,0.13883831015137288,0.03711215040688692,0.09186723045397951,0.20280951261520386
3293,0.09235402143621445,0.6259111226078381,0.058810295449570026,0.1398246993293226,0.04131181386746245,0.09547910990240287,0.23447035253047943
3294,0.09363821695830192,0.6840310299698391,0.05779847669187555,0.1472602700172989,0.03974878804662296,0.09387217082939867,0.1941044181585312
3295,0.091864829343702,0.6881642072991011,0.05750325267622012,0.14759767476520308,0.03827404995674063,0.0899905215634797,0.14495068788528442
3296,0.0944145628860381,0.7315858427233497,0.057756542530975695,0.15401787112988627,0.04018119504340608,0.08971586503497393,0.131008580327034
3297,0.09748653340071903,0.7751145158164816,0.06212885884520214,0.16398395269824206,0.04091010954206415,0.0888056623917094,0.08072476089000702
3298,0.09761756839049346,0.7410737580433815,0.0642553747494976,0.16094371522005244,0.039230664538772365,0.09329573078488533,0.06982309371232986
3299,0.09725221683134927,0.7424509031138918,0.06407053855250573,0.1609820192041323,0.039570330416006085,0.09196029036858935,0.10022112727165222
3300,0.10185689681027404,0.8128540169768904,0.06788105475418442,0.17430576364314243,0.04041435374956458,0.09222636350963499,0.1124950498342514
3301,0.09631944875609019,0.7471648834520755,0.06913109221220487,0.16599306238932926,0.03792657027418304,0.08644880549867479,0.1378745287656784
3302,0.09341093679757591,0.6495412145185828,0.0712220927383528,0.1538391101355285,0.039159472392798586,0.08800631648104756,0.14543920755386353
3303,0.09571071499210658,0.6940321288965968,0.06940706744262459,0.15863921907890632,0.04053996648789908,0.0889226788573383,0.1402013897895813
3304,0.09258089226664917,0.6598771849309516,0.06332198502864768,0.14854415644326252,0.03756548461749582,0.0917515178051217,0.15288929641246796
3305,0.09384232851701664,0.6619449912307,0.06053193306540091,0.14644808423187222,0.03965619784613956,0.09522515660353544,0.15363073348999023
3306,0.0937162563264715,0.6931112536473812,0.05923732878243417,0.14979074662028372,0.03757511924573124,0.09377457226503352,0.15199114382266998
3307,0.0917329283569143,0.6893438097511533,0.058096225631164546,0.14827445193402009,0.03659634258898393,0.0905036077738858,0.1502220332622528
3308,0.09405130088638236,0.7338544006543686,0.058987494457513244,0.15539705248563543,0.040625805609522836,0.08712107660428799,0.14449188113212585
3309,0.0984084469277251,0.8050746062313031,0.06485611577018051,0.17060161440748373,0.038471619619099395,0.08768414927798376,0.11530216783285141
3310,0.09491326987278009,0.7476025501399735,0.0638619042717594,0.16153913939578995,0.036265059370521276,0.0879328182296229,0.1254616677761078
3311,0.09386654456855248,0.7398222330938462,0.06350033418904964,0.1601177483183063,0.037717141357913285,0.08502746909682718,0.1457958072423935
3312,0.09297901175229124,0.7066016548143463,0.06650184840032963,0.1579446778880463,0.03823765928720193,0.08403273729045868,0.1463298201560974
3313,0.0913807633970766,0.6691726061979223,0.06532867259146319,0.1515920916781002,0.03904987854199127,0.08448537539938063,0.16777797043323517
3314,0.09191217938188528,0.6055531538276069,0.06320409908181902,0.14068253547407444,0.04273468757440876,0.0922684231327617,0.23542502522468567
3315,0.09037432637168936,0.5856693721900432,0.061221277619750304,0.136142433986935,0.043488035630861996,0.09135273660657336,0.2430160492658615
3316,0.0880501055183439,0.5112090028043941,0.06023142167145094,0.12465679040472853,0.042678155443608846,0.09571971255815052,0.20449502766132355
3317,0.0924839052070025,0.5722436378128621,0.05711816455578256,0.13070751787822252,0.04572782404927878,0.09994981513269324,0.23460231721401215
3318,0.09552089263276523,0.6607362857201382,0.059911493985949145,0.1457436070908333,0.044924050992178874,0.09584825391746868,0.21674492955207825
3319,0.096123105074189,0.722145916856732,0.05973446323077467,0.15436467089162573,0.042848017111912946,0.09177743695092344,0.192909374833107
3320,0.10010782729014887,0.7833033413880668,0.06073531177083872,0.1639593160018713,0.043930267051557524,0.09339313987615919,0.18475337326526642
3321,0.10099327706996658,0.7706891869080346,0.06512012156483729,0.1659157023281512,0.04413408151446677,0.0939379510801174,0.09881841391324997
3322,0.10092690994957489,0.696721846861651,0.0682587661946185,0.1580392062899089,0.04653076564670474,0.09855027691679404,0.08613359183073044
3323,0.10254837225750144,0.7102865412924676,0.07320237118986979,0.1642143954902409,0.049353913678306424,0.09513575318565004,0.14040444791316986
3324,0.10392828790893613,0.7621186447445385,0.07735893582075681,0.17518175138129707,0.04998019728972996,0.08878608666242573,0.16870249807834625
3325,0.09716983158615324,0.6710667758112231,0.07563181889109387,0.16069395559396948,0.04801288127796339,0.08459855459898015,0.1923614889383316
3326,0.09851507586268832,0.6424021040223761,0.07537930251862306,0.15638255987630206,0.05088141603679557,0.0895604796984325,0.19314096868038177
3327,0.09662471710491781,0.6276894889712896,0.07025013545997395,0.14988432881873334,0.05280224299181513,0.08836722170429413,0.15326616168022156
3328,0.09585376346463098,0.5911876119608324,0.07064989094779463,0.14501242252108573,0.04964970048843213,0.093268491894407,0.15724818408489227
3329,0.09785702278971026,0.6196585424482488,0.06704587894017139,0.14599054515561102,0.04946652888627306,0.09808187288505463,0.2419731616973877
3330,0.09551528579075877,0.6511823558947119,0.06236297856794412,0.14648003247176808,0.045843546882140686,0.09438390398991651,0.2423698902130127
3331,0.09292262893883625,0.6365380870844459,0.06046453096795734,0.14276075327031287,0.046628771154733975,0.0898213957098837,0.2229061871767044
3332,0.09572685295145217,0.6903934534630339,0.061958474894080795,0.15173490040393123,0.046886286354927476,0.0894553072024921,0.18629190325737
3333,0.10084826346732546,0.7478764948048137,0.06303115545226352,0.16086620393119924,0.04831986567361996,0.09429491363092815,0.14238980412483215
3334,0.10087337000900193,0.7061502680298516,0.06731407481207811,0.1585763881289029,0.04844118848312668,0.09626138798922944,0.13729506731033325
3335,0.10022565150572574,0.7357236996544585,0.06967615330046172,0.1648258027796041,0.04623450461195934,0.09094277267312778,0.15346825122833252
3336,0.09942525213088758,0.7257420477357204,0.06988984053434873,0.16358301299168754,0.04862123872467416,0.08774072310812432,0.1440664678812027
3337,0.09244281213878662,0.623186437337029,0.06643213983053296,0.14596846804574667,0.04628553947760346,0.08599547679873185,0.18468354642391205
3338,0.09471037478213845,0.5940024524236907,0.06591993556529013,0.1413602951164902,0.050182501800653825,0.09285358334837968,0.24449174106121063
3339,0.09261804922569149,0.5640103440107919,0.06271874679487598,0.13433183211143537,0.04989614124847828,0.09350015868072717,0.2518681287765503
3340,0.09070721040407906,0.49640813640673487,0.06377878926821638,0.12558298171657617,0.04709728918580826,0.09834959157163103,0.2374766319990158
3341,0.09668398553270864,0.5860503435290477,0.062306984326863664,0.13712746421289,0.04909759512884966,0.1029340332909266,0.28564804792404175
3342,0.09765124585705796,0.6713282249957973,0.06318307962767235,0.1500609575374045,0.045177497454178046,0.09770727798927464,0.26784297823905945
3343,0.09591240159937615,0.6826584016688275,0.06293497102133615,0.15146688968526348,0.045865446335705336,0.09109331037993675,0.21730110049247742
3344,0.09862165105785049,0.707715919036056,0.06222601879002024,0.15443886168231108,0.047384349539230194,0.09461423059024027,0.21275252103805542
3345,0.09973216455269504,0.7102332179134472,0.06448078238047322,0.15673113031375524,0.045569810667960904,0.09725012916090976,0.13960200548171997
3346,0.10151636634961228,0.6699231207657513,0.07294604028310826,0.1582284803520573,0.04436044029594186,0.10190470189443453,0.11242131143808365
3347,0.10484474940415887,0.7173855970510779,0.07799865191308993,0.16933964407565963,0.04582747100069022,0.10005183516963079,0.16691336035728455
3348,0.10436607512514871,0.743120160361339,0.08221261426731541,0.17662797799503305,0.04602202844597734,0.09218795095827487,0.19572743773460388
3349,0.09710893526973163,0.6264065788641326,0.07808301601058736,0.15641495356109383,0.04585576311632955,0.09006269489901654,0.22836999595165253
3350,0.09450411085716288,0.5790701065738474,0.07458637534597966,0.1466554798071036,0.046685665409067725,0.090712802793048,0.22722086310386658
3351,0.09764527870771111,0.5482686453182626,0.08020583315013065,0.1470719491741495,0.05059612957383515,0.09556494754171897,0.2152141034603119
3352,0.0962526628332065,0.5511773972200743,0.07881556039856501,0.14629582280163778,0.045145326251474285,0.09718381736984485,0.20813697576522827
3353,0.10064203751071753,0.588997483824094,0.07316431683555787,0.14685476926249158,0.047165922132887846,0.10699749818351616,0.23844370245933533
3354,0.0957694218206998,0.6217028785050571,0.06684525843173307,0.14611063272792224,0.0419177966874112,0.09884103426850772,0.26362931728363037
3355,0.09244353558689897,0.6026274153292132,0.06256874554607354,0.13971998408652206,0.04195014903325605,0.09525835638416628,0.26693230867385864
3356,0.09524462105139662,0.6509382497863945,0.06389009933256974,0.14775412082597322,0.04298994915805933,0.09502164665531215,0.2268228530883789
3357,0.10201594377883647,0.7073616591157459,0.07212707498976273,0.162874872722046,0.04410844341718234,0.09943344376997544,0.22184444963932037
3358,0.10344165094045138,0.6991158874415495,0.07443548832857984,0.16367554534471834,0.04369036909900118,0.1030193649479867,0.21617121994495392
3359,0.10194121443848125,0.7283785200664883,0.07350736182725677,0.16706038443286128,0.04499139085487068,0.09479303632905794,0.21321487426757812
3360,0.0986764662089949,0.6872644769287686,0.07244732590151966,0.16027834747684094,0.04411673738852823,0.09251458281753791,0.23399607837200165
3361,0.09427849520675284,0.6015808138966592,0.07076455366289121,0.14659544798200094,0.04514114375147726,0.0914963440517769,0.23895172774791718
3362,0.09248538147384776,0.5240959527196808,0.06582070198815447,0.13128859494980108,0.05012187226693062,0.09560064023844109,0.31426629424095154
3363,0.09378465896181881,0.5084424620780352,0.06856449632360863,0.13140420571709815,0.04866902930920377,0.10034373149698755,0.33136919140815735
3364,0.09358349866754821,0.4890439079367961,0.06959544864550277,0.12951665711568752,0.04409652046172723,0.10544309095551968,0.296199232339859
3365,0.09962753784655068,0.5904950505289247,0.07064467087251523,0.14490901082343086,0.04522802217137117,0.1076058252075626,0.37109270691871643
3366,0.09921146302196786,0.6786510336833024,0.06858645244245552,0.1557385354768622,0.041292607242212766,0.10042927343122104,0.3410557508468628
3367,0.09966708134079492,0.724016556867618,0.0685941659562966,0.16222593608648536,0.04095869456967704,0.09629792186304394,0.30737683176994324
3368,0.10061203927793459,0.7204063443553328,0.0674696592159817,0.1607463285216033,0.040995029646802496,0.100159419616965,0.26574647426605225
3369,0.10037239422523016,0.6831978601407978,0.0705948470786805,0.1581095632304115,0.04333816877032416,0.09975731861873924,0.16257375478744507
3370,0.10425596454111817,0.6663794769419782,0.0781294791343682,0.1621651931068839,0.043526849342331926,0.10672336534501116,0.15316906571388245
3371,0.10821589611776189,0.7289999132638575,0.08209909153670762,0.1745134946405862,0.04422903135992885,0.10619400407339454,0.20014256238937378
3372,0.10541311046738505,0.698768385105772,0.08924374429232358,0.17631869297995909,0.04181593699613162,0.09901825255622951,0.24044598639011383
3373,0.09786513674107968,0.5969871576273731,0.08650510564993075,0.15943111307527966,0.03774968621847843,0.09659592665593081,0.2757301926612854
3374,0.09589099400906269,0.5812477250921144,0.08465150203958455,0.1555938196185174,0.039833959529851984,0.09270092677009917,0.2678520977497101
3375,0.10071045892734415,0.5725812395364426,0.08817782446954125,0.15737831233624147,0.04719089766469383,0.09795570329937806,0.2529192864894867
3376,0.09877538973980218,0.5476612898221598,0.0842501955660574,0.15045178045978633,0.045943607171960235,0.0997863576066778,0.24731296300888062
3377,0.10207460760369683,0.5791526108584824,0.07947900783739058,0.150860951126118,0.04473525035997563,0.10955849460983437,0.3102678656578064
3378,0.09915194631070365,0.6194144658103875,0.06991785327367467,0.14841736935034794,0.04443450591525517,0.10392246149703233,0.35058313608169556
3379,0.09720497788587416,0.6390408009128128,0.0661190471265339,0.1479650119531452,0.04113678186825861,0.10184961959242567,0.30196109414100647
3380,0.09691804383312343,0.6617790691398141,0.06336356582319987,0.14885149486843047,0.04074148411099805,0.10063076393408951,0.2504323720932007
3381,0.102444536806733,0.6901345508758141,0.06993925405649119,0.1585385821735373,0.04328385252148405,0.10512784586037205,0.20191322267055511
3382,0.10565463208052356,0.6990882058981618,0.07306838784192136,0.1624997904213843,0.04306655908970743,0.11067968239923455,0.17767727375030518
3383,0.10601855825012561,0.7384136607989604,0.0732321941662688,0.16825811797093904,0.044549991715137564,0.10534393921252841,0.19366787374019623
3384,0.10269335993002636,0.7039646053712489,0.07517020839577847,0.16499797939227426,0.04583517814123983,0.09792772696574767,0.19334986805915833
3385,0.09580119804574108,0.5610756957103515,0.0735179449898583,0.14316905223564305,0.04629574914961793,0.09767159341368463,0.24831141531467438
3386,0.09096663816180679,0.5146868297030529,0.06758892851015398,0.13146005725199666,0.0459155695185648,0.09495458152072739,0.31123197078704834
3387,0.0940066350661454,0.4953609327647253,0.07313494867415735,0.13345294640138133,0.0458539142699746,0.10162474334446343,0.36115142703056335
3388,0.0992677858150966,0.522283355265397,0.07580278828504698,0.13958572642509698,0.047421482504679216,0.10935510317796152,0.35715967416763306
3389,0.10732076494525523,0.6289866652030875,0.07611860879003537,0.1550997597061857,0.0509631617953046,0.1148270472856479,0.3952760398387909
3390,0.10345821394320319,0.6571684599001268,0.07020557813627565,0.1540574183882544,0.04913740014708589,0.10671462212538599,0.33672210574150085
3391,0.09907550365030567,0.6417560258325515,0.06469636310361326,0.14713345777917586,0.04715661198455156,0.10245382399507909,0.26493966579437256
3392,0.09948526807804817,0.6526775981133595,0.06358202750417781,0.14773853759120376,0.04609379157066569,0.1039811991979967,0.30504727363586426
3393,0.10353232269668497,0.6936861849459759,0.07274304072632776,0.16144920418627748,0.04617702523935628,0.10304093666845414,0.23730090260505676
3394,0.10807146168162314,0.6735535662797953,0.07760656276003551,0.16274184897714403,0.050327128532328555,0.11076116430367514,0.17677101492881775
3395,0.11014810073094643,0.7337494061113932,0.08146448111354095,0.17464804182751983,0.048741402337406724,0.10744151336579191,0.1857597678899765
3396,0.10938079129305561,0.7092447804988202,0.08984893873574155,0.17833405898760993,0.05194459464547235,0.09930335412695597,0.1886916607618332
3397,0.10319031435548705,0.5735421324011715,0.09131403451417948,0.16020376278374976,0.051711537578602876,0.09834747666053076,0.22117476165294647
3398,0.1001837679132921,0.5455457733791705,0.08454709226461952,0.15040404670955537,0.05355617923391295,0.0970401640610185,0.2663370668888092
3399,0.09936957934914953,0.5115621752934585,0.08806089742819712,0.14856107998037732,0.05165047787124163,0.09808123008999456,0.26176270842552185
3400,0.09807694252392225,0.48036057081994044,0.08487345454225603,0.14137161401049667,0.04965823034920663,0.1025604781260458,0.2822864055633545
3401,0.10280474909186915,0.5482946135645552,0.07944003034607762,0.14641925652014584,0.04933372860619577,0.11142919801709125,0.33047500252723694
3402,0.0983759800063563,0.5762490724297857,0.06994744726105713,0.1422762508565898,0.047009850871127044,0.10490860600572766,0.34564417600631714
3403,0.09716791290844567,0.6036651321441628,0.06534734355260446,0.14224988477996997,0.04723649524194779,0.10141117797904758,0.275856614112854
3404,0.09719247426055576,0.6088029953077995,0.06454040486543576,0.14229220350005917,0.04812093222686701,0.100667810455468,0.20709942281246185
3405,0.09892771801886786,0.6557255862161683,0.07022483540434375,0.15386779980603296,0.04514690646558463,0.09791335656422118,0.13438600301742554
3406,0.10465242614698006,0.6719341757529402,0.07417340137932397,0.15956779771841204,0.04751973208946927,0.10659258332229904,0.12216467410326004
3407,0.10637954677634899,0.72481541949445,0.07781585685422326,0.17024436580282706,0.04566561593900007,0.103622519610861,0.139618381857872
3408,0.10593312224372477,0.6949808062809881,0.08242964256067349,0.1699369516635756,0.050057366539919705,0.09882105774218476,0.1572684645652771
3409,0.09583673205322542,0.5154795637782412,0.07691880766644461,0.13957034425384413,0.04757617360114509,0.09979781002325436,0.19477006793022156
3410,0.0944284650381793,0.504803316834803,0.07074332078993921,0.13275189165349116,0.05153405806902794,0.09842807284778883,0.2744271159172058
3411,0.09523049734657109,0.4801919540903058,0.07692453682609122,0.13453416786383615,0.048196969354608106,0.10199412263693178,0.3142078220844269
3412,0.10016439190094908,0.5273758361338109,0.07754068175041172,0.1418028466623259,0.04618590930954377,0.11096191625222403,0.30625948309898376
3413,0.10878684598220377,0.6613764333947106,0.07772230385790843,0.16110146522030874,0.04811653590818239,0.11609807546363062,0.35589826107025146
3414,0.10401994075794571,0.6757964966685073,0.07037132716980556,0.1568606370981915,0.045847761803472546,0.10868498804539464,0.30937835574150085
3415,0.10095972110295963,0.6575220141296161,0.06575847001684239,0.15029611917581004,0.044367140008735796,0.10730888124666133,0.25689858198165894
3416,0.10180937540368831,0.6915688411577434,0.06437018541019142,0.15396999337412742,0.04409420027748484,0.10666961291498214,0.2626096308231354
3417,0.10236294576212067,0.6688568516420152,0.07021926730981747,0.15573892221441715,0.04412779095355184,0.10661472682385895,0.17192840576171875
3418,0.10877018526350803,0.6841638305117339,0.0796672712030217,0.1660239225328377,0.04387241253248077,0.11545871629249335,0.10835976898670197
3419,0.11205688587847523,0.7451565136576108,0.08280159915803885,0.17742372980083485,0.04609969438093523,0.11257344000675806,0.11606567353010178
3420,0.10923859183015884,0.6923341333116091,0.08629060746752687,0.17286825401668146,0.04405666908154726,0.11059681982198669,0.13807913661003113
3421,0.10282160109200239,0.5764969417918757,0.0847783067059139,0.15502382600390843,0.04355461248617855,0.10900326932418042,0.17026640474796295
3422,0.09796705787193466,0.5479067540443547,0.0804258766798847,0.14720885916052331,0.040365923706776594,0.10528147413893288,0.21814417839050293
3423,0.10072052284930008,0.5173875220175681,0.08533818357984023,0.14705951764237277,0.047395303299316086,0.10683346951159745,0.22745627164840698
3424,0.10258936404613223,0.5255231700148932,0.08531856804043651,0.14820493975107318,0.044213638681904865,0.11375449499800783,0.21699871122837067
3425,0.10555484959734143,0.5740148470531314,0.08151275630378421,0.15187019783940525,0.04460504480888331,0.11835999907543648,0.22494181990623474
3426,0.10006039616168966,0.5788252251462779,0.0692166202884538,0.14201784955385724,0.041740756317116566,0.11437730930754447,0.26141592860221863
3427,0.09688301015558265,0.600957459079401,0.06421345899934734,0.14089117329649786,0.038420509210194874,0.10953055573449613,0.2221173346042633
3428,0.09577712971955288,0.6204804627233946,0.06243385297833911,0.14215479722763275,0.03645397554979373,0.10710443054852221,0.2129703015089035
3429,0.1010150802613124,0.6269050536697973,0.07538012081898098,0.15416939694052617,0.04229454366421183,0.10588552268946334,0.1764492392539978
3430,0.10633033768933244,0.6476108445704971,0.08324020570454076,0.16386458268539167,0.04155296034027312,0.11266807849820751,0.18413963913917542
3431,0.10969435476210215,0.7290144991650498,0.08323794193522098,0.17549173582519653,0.04257067351009358,0.11085486742740203,0.22104430198669434
3432,0.10622694885047691,0.6412395950209016,0.08789025324408024,0.16694015921219757,0.04317083902337815,0.1082769858826827,0.22874154150485992
3433,0.09604423807959277,0.4639476823178153,0.08062949918512513,0.13538923963265231,0.04399426200489921,0.1071610907860225,0.21221575140953064
3434,0.09313758132639513,0.46578532406708784,0.07243951624137836,0.128631774502194,0.04216296235496073,0.1066829538975762,0.26732394099235535
3435,0.09533409084241982,0.45890599016005856,0.07509626487984807,0.12992622563416387,0.04541424772766461,0.10874583562505453,0.31555697321891785
3436,0.10148238905173285,0.5198423892001425,0.07900604058994791,0.1419826618199757,0.04351489252582634,0.11676620983968855,0.3215005695819855
3437,0.10675774952825569,0.6141360430618654,0.07603448605156678,0.15290613705303802,0.046427398494296286,0.11916696759878562,0.34480130672454834
3438,0.10402236447410546,0.6635848570975014,0.06543250095001187,0.1508828375425104,0.04389426335558383,0.11563153901795756,0.3335658013820648
3439,0.10078034605837617,0.6405575537893907,0.06390841594088882,0.14628686420496054,0.04137595374085062,0.11294098595794971,0.2777964472770691
3440,0.09571719562922784,0.6156884982061157,0.060677992410005675,0.13996520752373567,0.039196222142380686,0.10645603702252475,0.2512105405330658
3441,0.10053075046796409,0.6329824047384873,0.06550236430129064,0.14657094150660446,0.045363959602281956,0.10851652531662562,0.1955728530883789
3442,0.10666666434225477,0.6878537011205097,0.07277965265425881,0.16064737386372324,0.04264526904970504,0.11545226439195093,0.1333296149969101
3443,0.11112130591748472,0.7277462514340656,0.08120703069852582,0.1735697765178886,0.045982794513471516,0.11347509162064282,0.14080719649791718
3444,0.10874989333050152,0.6703244642973729,0.08292991539932977,0.16684342238476452,0.04552546170230987,0.11323943308268908,0.15988530218601227
3445,0.10079215256569789,0.5170407576601885,0.08086098646413388,0.14317238234928456,0.043228049988104686,0.1140780412604536,0.19400514662265778
3446,0.09745475270766461,0.49881612929791913,0.07539667406613915,0.13588516767067915,0.04436337810598615,0.11028309239149557,0.24945127964019775
3447,0.09816389872811863,0.45992515464697625,0.08170748713655011,0.13573858249518242,0.04638526443205156,0.11059235544099655,0.29779258370399475
3448,0.10105773495713297,0.5027932788478087,0.08488239009745084,0.14458394563321622,0.04549206979415461,0.1115922576331662,0.2777354121208191
3449,0.10387847528369493,0.5665908219932334,0.07959089614663904,0.14916231412472397,0.04572407256901734,0.11514021867313742,0.28430503606796265
3450,0.10056893845862516,0.5936778226198647,0.06813219572865449,0.1432101424273988,0.04367443804798,0.11304057284526277,0.28105610609054565
3451,0.09772185541398032,0.5933947949593817,0.06356526589598473,0.13925519861932714,0.040823432979667694,0.11116629973932539,0.21506918966770172
3452,0.09518784866565677,0.5955811537504743,0.060888915880556414,0.13727352129054468,0.0416123911147686,0.10524141047590702,0.18560607731342316
3453,0.09665203668830932,0.6100623982005219,0.06426550182973491,0.14223648702556163,0.043547131229447755,0.10323243491971744,0.16421444714069366
3454,0.10208568366862748,0.6431720717040221,0.07510220257557286,0.15625504102249416,0.041835609279075446,0.10740631107485213,0.15647576749324799
3455,0.10715743559732221,0.7057231775233741,0.08017642454486967,0.16954024639894172,0.04359893918264029,0.10818616050875181,0.20680688321590424
3456,0.10535747745742606,0.6402264476401821,0.08095494189993731,0.16085087129140088,0.046467512799546626,0.1083294769283426,0.2087169587612152
3457,0.098020343930887,0.47603929648387605,0.08023403714130185,0.13677764561881245,0.04545187329764978,0.1101051167580348,0.1685451716184616
3458,0.09552219585540679,0.48554247387391575,0.07241353265427038,0.13143195282850545,0.04669735146837998,0.1068228973425939,0.181355282664299
3459,0.09378622217280434,0.4411947403351336,0.07626126437569151,0.12839461808418323,0.04568680811343495,0.10559086305229608,0.22308336198329926
3460,0.09824004632739411,0.4924625038790892,0.0809320811979826,0.1397221415809978,0.04285113035717636,0.11040851445443134,0.19189366698265076
3461,0.10172809553869118,0.566733015009167,0.07618376452305066,0.14626222887821014,0.04417619577163976,0.11311864116278217,0.21484678983688354
3462,0.09887588781793881,0.6084089973869267,0.06652470474748316,0.14393674655311797,0.042048788187012597,0.10917134860171748,0.20488078892230988
3463,0.09667559562926199,0.5751031588601891,0.06360147138273682,0.13667314102237285,0.042416372152087385,0.1091545639528178,0.20907457172870636
3464,0.09571133721381447,0.6262345781461292,0.06057960303175608,0.14138745661952365,0.04199789554305555,0.10274399419573294,0.19556258618831635
3465,0.09693893182024245,0.6174136193909223,0.06326024615994554,0.14242501376437078,0.04304823477733103,0.10429297003167767,0.14769479632377625
3466,0.10350429301882445,0.6617880736643169,0.06913021782547653,0.15379562580245373,0.04285011349129008,0.1125717839197414,0.0816340371966362
3467,0.10899879527883073,0.7281613864372151,0.07825741774795049,0.17110084184641686,0.042412654557374606,0.11292237766346701,0.09552714973688126
3468,0.10614563296563259,0.6384083921603474,0.07982780290876625,0.1596250299447064,0.04417252709635801,0.11357762824455825,0.1553504317998886
3469,0.098995911146825,0.5264884893597931,0.07682022998349629,0.1410585527515387,0.04593254637099637,0.10862154392155063,0.16364778578281403
3470,0.09740698801663644,0.5103825811775364,0.07445987325611557,0.13673454581631855,0.04683451495820174,0.10724628886804498,0.15732941031455994
3471,0.09460199222377352,0.45006025789124404,0.07809390929973381,0.13123195909852098,0.04922128984649199,0.1022588857884908,0.2185470014810562
3472,0.09748257699282491,0.5028648394878211,0.07846222233766172,0.13909116764482737,0.046631150957928705,0.10557005795285694,0.21076220273971558
3473,0.10094345170213272,0.5501444751512032,0.07452499420517757,0.1424706343403241,0.04799751337549109,0.11093486292952667,0.2488221675157547
3474,0.09832095909181103,0.5907311365882785,0.0653737559213713,0.14042481030235804,0.044806660785344087,0.10830510030074096,0.23373627662658691
3475,0.09647912885919382,0.5894144452319289,0.06273195211611456,0.1379723082755166,0.04451744871807482,0.10563906699339051,0.18669113516807556
3476,0.09288624613179461,0.5958310960358867,0.06048578918419104,0.13696369016300472,0.04259669654239556,0.09832183849520992,0.16139939427375793
3477,0.09605860058365773,0.6118956993152376,0.06497923763487479,0.14311016073206945,0.0452516687546611,0.09934455080416954,0.12759339809417725
3478,0.10126407388038684,0.6559111310145086,0.07109424061761697,0.15463951067431583,0.043595842397037725,0.10502026923362948,0.11148712038993835
3479,0.10546480346365836,0.7297550679647432,0.07671998022118055,0.1700107070416895,0.04321349414734278,0.10345703348465725,0.12147055566310883
3480,0.10269106571205318,0.6237311049364779,0.07826588106357238,0.15618948447398745,0.04521795801741152,0.10616891852817215,0.14666087925434113
3481,0.09485219375679486,0.4538701638444401,0.07298009921885568,0.12739296559393917,0.04806925331006186,0.10731409129018502,0.13842616975307465
3482,0.09263434262250238,0.4485949974905523,0.06832607262047632,0.12265020474477291,0.05080355191568275,0.10297240513398288,0.15525373816490173
3483,0.09421132021222904,0.44779052732100244,0.07073457808796163,0.12459971369268176,0.049895869498460366,0.10639749529138051,0.19482173025608063
3484,0.10033199495811716,0.5353720367140968,0.07583890180134843,0.1414864925031696,0.04574401021325843,0.11208629625794765,0.1881495863199234
3485,0.1071735059096806,0.6629498224754853,0.07276023971890343,0.15707303725555796,0.04992159177614256,0.11360684084888369,0.2535536587238312
3486,0.10469863428689057,0.6970965656314567,0.06484953913443037,0.15517054291971988,0.04666289737342059,0.11131698403245113,0.24011915922164917
3487,0.10254638261392322,0.6348297268689882,0.06645377497762278,0.14765033953353215,0.04450758017629168,0.11386437244219301,0.22391270101070404
3488,0.10083317207561417,0.6428039862739445,0.06414527422124423,0.1468108045144871,0.04719909578427152,0.10753256044652519,0.20002740621566772
3489,0.1013875133410238,0.6254589116182965,0.06341241361095956,0.14370477046915053,0.04877869822388954,0.11039262658140542,0.14992469549179077
3490,0.10390512618473942,0.6379387321393595,0.06621125746781024,0.1478866109923173,0.046813875816465136,0.11537617105034881,0.09720492362976074
3491,0.10916396777692498,0.707091832861107,0.07539177853202315,0.16563464343617798,0.04731374204410651,0.11387107409129478,0.08559642732143402
3492,0.10806471734442753,0.625797769929135,0.07825357957943407,0.1564741782008199,0.04972154432797571,0.1167567154844795,0.10553207248449326
3493,0.10203800003123842,0.4864560967941688,0.08056158376396426,0.13854651419685063,0.049521159180001,0.11604528588116046,0.11911747604608536
3494,0.1020833335836718,0.5064894059460237,0.07851377811919408,0.1396531535230269,0.05224302069969412,0.11282001491021657,0.17357377707958221
3495,0.09695350824913286,0.44413557565969675,0.07986039222046887,0.13189970414035856,0.04799932387629654,0.10921049817054218,0.19845594465732574
3496,0.09924143666610875,0.5094258333889128,0.07708033165701125,0.13884397476156862,0.04486170819620981,0.11217147824374293,0.1885884702205658
3497,0.10397945822286045,0.5739289856340262,0.07678323042589495,0.14780405259848511,0.04619491885799332,0.11619441008844761,0.2209514081478119
3498,0.10066802946031714,0.6130986409568215,0.0672611796348379,0.14523795982369267,0.04238976442989321,0.11266282229398447,0.22130358219146729
3499,0.09979725158539589,0.5964772942166425,0.06427401919339587,0.1403030584824311,0.043434048215420455,0.11367247349921855,0.17918036878108978
3500,0.09494158089665317,0.5956728185155445,0.06258535446776617,0.13874070647459166,0.044158751339491785,0.10105232187847318,0.18042853474617004
3501,0.09617868836049182,0.5946969352628872,0.06378861667059305,0.13963266218377793,0.04557495181375406,0.10243473074351203,0.14604486525058746
3502,0.10190358058900312,0.6576972171050744,0.06928429513427194,0.15334328398724376,0.046414590970524396,0.10544670603171147,0.12729591131210327
3503,0.1063654312166293,0.7155206992405645,0.07440410683132691,0.165992191461218,0.04705443722867161,0.10608913574207715,0.14074724912643433
3504,0.10422356388016811,0.606954199994468,0.07742857982863878,0.15307509699518582,0.049934326723007454,0.10898155491704316,0.13653504848480225
3505,0.09779572973193275,0.4511623218684231,0.07567219832161086,0.12931364454258404,0.05103583232981591,0.11113246449946514,0.10937559604644775
3506,0.09540748165374685,0.4528865445553686,0.07176582940745292,0.12621164585715516,0.051903273127821455,0.10652002043594928,0.12994858622550964
3507,0.09417361880332763,0.43444664643843267,0.07393864278640803,0.12543978616526869,0.049191653908633816,0.10617494164448633,0.15964290499687195
3508,0.09871702075879182,0.49374625601167377,0.07294827791266335,0.13306227478395055,0.04805584881699052,0.11299344893585406,0.15635427832603455
3509,0.10480439596014426,0.6077788361089642,0.0737059393639946,0.15000206747041883,0.04839751043169576,0.11461245822604652,0.18372535705566406
3510,0.10418847303934799,0.655332410245692,0.06590599054417685,0.15010976478725044,0.0455917945173535,0.11527943646667851,0.21013398468494415
3511,0.10286492528301237,0.611261279026277,0.06444323182050678,0.1425600957070454,0.04719757207983125,0.11684058521476698,0.18880219757556915
3512,0.09951871659170192,0.615051386452069,0.061938788438296304,0.14095487386883526,0.04600951310257035,0.11008263202720034,0.1810617446899414
3513,0.10330210383526958,0.6315237893661578,0.06540534907202118,0.14627941197118358,0.048303916073875595,0.11382037350756453,0.15697868168354034
3514,0.10512366218979712,0.6609877754165621,0.06710234409057134,0.1519431199942843,0.047235728730631754,0.11480857838764047,0.09177837520837784
3515,0.1081486132359939,0.695417145379675,0.0742622456039447,0.1629986598576205,0.04741187220127927,0.11329947084744593,0.08789512515068054
3516,0.10776116710011592,0.6245286108142275,0.07854790117188082,0.1565451454065018,0.048539111967279544,0.11689448432326009,0.092510886490345
3517,0.1029180905077383,0.4983819093449753,0.08171931058407333,0.1412425389784879,0.04947527620511869,0.11614666061062458,0.07973083853721619
3518,0.10019322874635242,0.5056492939992062,0.07509591799307865,0.13660354313681114,0.04733274151799381,0.11458712997951481,0.10688786208629608
3519,0.09583274344986827,0.43995317228980735,0.07648432189797467,0.1284084433825222,0.05085715342817364,0.10668264727777886,0.14460168778896332
3520,0.0977300218890717,0.5035969486254149,0.07089406745877012,0.1327087647682908,0.05001814463917954,0.10887151446341065,0.1380072683095932
3521,0.10234784728436086,0.575166729709074,0.07204165973748423,0.14391666973342562,0.04784614692789132,0.11366411545334006,0.16717012226581573
3522,0.10106464085266373,0.6343189808712179,0.06424991540894015,0.14568835333212268,0.045079012934982454,0.11100631686110826,0.17275141179561615
3523,0.10001727012777506,0.5755546224709243,0.06355922108343605,0.13670142128164864,0.04594903634056285,0.11522834243194635,0.1555410772562027
3524,0.09415857334688034,0.5831479508203073,0.05550834528847575,0.13088543179302312,0.047141932456866334,0.10316213298526769,0.14567092061042786
3525,0.09569623065588541,0.5817926902719763,0.0603236957947705,0.13481926643437134,0.04712340153876753,0.1039647998271883,0.12998633086681366
3526,0.10065436190609743,0.630450715791405,0.06711930363538222,0.14759521965767117,0.04595823188720787,0.10744022513999882,0.1321984976530075
3527,0.10576416350273182,0.7146703853701368,0.07207723952814915,0.16387626036271882,0.04752680686380032,0.10587376580930837,0.15723617374897003
3528,0.10429169782663851,0.5980635746774396,0.07428322427821003,0.14910898862095712,0.05024059694244735,0.11237128165527697,0.1622389703989029
3529,0.09639410546051952,0.4261480707768725,0.07115623337213696,0.12186935300138489,0.05173577672708942,0.11317930150401369,0.11664960533380508
3530,0.09378094384183838,0.4503459575734637,0.06226516753944217,0.11770528040144522,0.05336085529033341,0.10821472683474927,0.1092626079916954
3531,0.09237547782208191,0.4554442587496685,0.06425133454548314,0.1201360380032239,0.05020648779669956,0.10498285393579221,0.1408657282590866
3532,0.09630247830134643,0.5256147346360125,0.062008489148270514,0.12823795278937652,0.04641710820704416,0.11200863695683454,0.14259199798107147
3533,0.10657109377552984,0.6733507594883874,0.06685759577265914,0.15349947630347746,0.05128369056191331,0.11388523687549015,0.15198224782943726
3534,0.10506657238790536,0.6860816760534676,0.06460992510859788,0.15339160381500783,0.0476633570597297,0.11300998330134437,0.1456344574689865
3535,0.10381972301169329,0.6046697288712952,0.06486101527023036,0.1419765457846682,0.051336552862211185,0.11635527696613712,0.16372476518154144
3536,0.10272017777780654,0.610406787273442,0.0578392535547429,0.1367774726574142,0.052442705717333386,0.11691283281106385,0.1834518164396286
3537,0.103676037892185,0.6355631152718861,0.05951470002073158,0.1418073307708965,0.048879731167720215,0.11825792500721916,0.16683648526668549
3538,0.10431478725437195,0.6345952900056243,0.06316098768699589,0.14479445944679994,0.051408503573508034,0.11518807230675339,0.10126586258411407
3539,0.10909487358563369,0.6859098833276741,0.07193201335581959,0.1596431376375131,0.054756196261478,0.11241148519887548,0.0982813611626625
3540,0.10730062107358464,0.6091868205160056,0.07360349221024937,0.15011539625392883,0.05313740158531894,0.117230509843016,0.10755046457052231
3541,0.10264302287606299,0.46412653397863773,0.0756185400894955,0.13111968207365868,0.05588380107034734,0.11864026515816796,0.1266927421092987
3542,0.09863809601388213,0.47871296618499687,0.06495544329289714,0.12406366084891138,0.05325444110990558,0.116101424824211,0.13895373046398163
3543,0.09012748435584092,0.38466724515816325,0.06801402451649456,0.1132501988938758,0.05143975330704003,0.10374687380276118,0.15681539475917816
3544,0.09445159518377336,0.48361542140270325,0.06603270207693575,0.1256873762663311,0.05026213220507024,0.10578606684290054,0.17019881308078766
3545,0.10224034583884105,0.5704607300458624,0.07398664401835382,0.14491151345085504,0.04992608530253965,0.1106780521475925,0.18037571012973785
3546,0.10017429116876624,0.6364934731400143,0.06179600161921576,0.14389564040790126,0.045663265553096806,0.10961525799823388,0.17559751868247986
3547,0.09905625695598448,0.5635037320677523,0.06126504462998524,0.13301342854966625,0.04682543915422267,0.11504569738805451,0.1842021942138672
3548,0.09357088527249278,0.5687419576235411,0.05388860247683708,0.1274390817835091,0.04703502570654856,0.10465509044555472,0.17359893023967743
3549,0.09546672687573339,0.5583628935109963,0.05743791706104189,0.12899862798246395,0.048072871956827426,0.10759593646138685,0.12737201154232025
3550,0.09962160737037494,0.6117481413440252,0.0634642284315806,0.14179050170478696,0.04890234164126541,0.10710318234073528,0.099014513194561
3551,0.10600715288646971,0.7003574787451966,0.07198370977623501,0.16175139105751526,0.051459764531818906,0.10495990929712434,0.12502387166023254
3552,0.10298182046917342,0.58862137007481,0.07229449510166529,0.14605547724068593,0.050868389269660856,0.11089162309367345,0.13728204369544983
3553,0.09702007737412376,0.4423364962786688,0.07057456775992442,0.12368341469117361,0.05390603059598723,0.11141444815257459,0.0934424176812172
3554,0.09295757920499122,0.4493051820190775,0.061336264802610396,0.11676039583353427,0.05284297611887274,0.10723039235536974,0.1182422861456871
3555,0.09057675604445116,0.42922758491302426,0.06513250132093772,0.11714608469123577,0.05160475237761336,0.1014290966869977,0.13418321311473846
3556,0.0936425142423405,0.4783431172130037,0.06444625979017811,0.1235743822791532,0.04966890743324554,0.10592903566808753,0.12646262347698212
3557,0.10168416502006679,0.5844561376053029,0.07156297969925603,0.1448334308286913,0.049331925680583276,0.1097367668595684,0.12354680895805359
3558,0.09908609153113111,0.628196426856511,0.06238320620284828,0.14321366629622867,0.046476542051907085,0.10650781940599174,0.11648934334516525
3559,0.09693624371095234,0.5386598138179902,0.05929263521688429,0.12777366073132798,0.04612130339632857,0.11441657659341946,0.15500424802303314
3560,0.09357513057367811,0.5674834892630296,0.05336147290266125,0.12680747523985672,0.046133800451600655,0.1060079928475896,0.17742003500461578
3561,0.09668847270494747,0.5672398146706557,0.05759263458038186,0.1303993745932781,0.0474552020934198,0.11027054533774489,0.14552827179431915
3562,0.10128422161218366,0.6244634915365299,0.06328872459686476,0.14345654844538833,0.04724199309523073,0.11167038558546344,0.07855354994535446
3563,0.10702533080590436,0.7200820225450599,0.06973014867900061,0.1626375592312948,0.04672048416110464,0.1111313717478875,0.07259903848171234
3564,0.10380848542903016,0.6067528390209083,0.06895693915555184,0.14578492485060274,0.04592917809826834,0.11772349484957073,0.10835471004247665
3565,0.09733666233445462,0.49575020073474474,0.06990823421442828,0.1307428008601878,0.046068761870152235,0.11296570403070272,0.059022676199674606
3566,0.09293513109205823,0.4827425940919276,0.0613160405420029,0.12151983390627787,0.04534451181119353,0.10956530800037269,0.0785926952958107
3567,0.0934238259680129,0.45854521471850795,0.06917416122121432,0.12479859743511341,0.04982358809142569,0.10412110907631371,0.13161468505859375
3568,0.09369327542677194,0.5158634533189996,0.06513124277113874,0.1295215585636903,0.04472027840306366,0.10519490007771312,0.08063408732414246
3569,0.0999088662642763,0.5803392268695635,0.06883560484797799,0.14190755085106163,0.04569397429221097,0.11059804772639621,0.0902751088142395
3570,0.09590465430760861,0.6168259064032428,0.0578702966762241,0.13772109806579821,0.042084585121114744,0.1064078265573748,0.09498187899589539
3571,0.09541435259654331,0.5516815816253604,0.05829429639359655,0.12877819428384854,0.04220423244661127,0.11277984625134177,0.10222701728343964
3572,0.09158968924408194,0.5642047939500543,0.05292345288851016,0.12596364446873073,0.04329501514282651,0.10377031826111277,0.10996755957603455
3573,0.0961084666653921,0.5603771305661238,0.060585293429316824,0.13198412730600356,0.04554003675836355,0.10896463977350707,0.10206948965787888
3574,0.09970097588295296,0.6141072831831442,0.06519657081761866,0.1436123868698366,0.0454709983601706,0.10872972160186431,0.13215234875679016
3575,0.10409694756134215,0.6853032048944521,0.06958190761959565,0.15754209294457514,0.04578762765903134,0.10835310026553521,0.13516174256801605
3576,0.09998085320809726,0.5673887196008316,0.06926023281836992,0.14042144521586447,0.04493156290001656,0.1127634642208716,0.12741556763648987
3577,0.09539802191111187,0.44218526329472996,0.0667258218078087,0.12036288487736889,0.048548173519176174,0.11454738415858068,0.1103309690952301
3578,0.09184902646582162,0.4490854041209939,0.057913496247235186,0.11379519737205787,0.04829654640355991,0.11075454697734391,0.11435074359178543
3579,0.09003786386966203,0.4418410182530524,0.06136184886234813,0.11571601591816302,0.04793940032090933,0.10440563643238229,0.15791259706020355
3580,0.09322019351616691,0.49999841494034525,0.060738743365659646,0.12349012501918614,0.04460853268512112,0.10926920667819015,0.15675829350948334
3581,0.10000129152558274,0.6126977651791753,0.06569983239219414,0.14384239421890574,0.046132195867048593,0.1087757853701425,0.1361103504896164
3582,0.10079731402219227,0.6584408282848344,0.05885662199760968,0.14451150861007034,0.04393177513759709,0.11230474028181979,0.15206098556518555
3583,0.09819659513231427,0.5636873446096365,0.057322289062426646,0.12966015414059948,0.04585877087983452,0.11646157722098444,0.179652601480484
3584,0.0967914182075976,0.5786166874794916,0.05324046702673128,0.12829421280569703,0.046888199401311094,0.11289178938976127,0.17781519889831543
3585,0.09804174993071255,0.5878288569547769,0.05446970242929261,0.13066386736150465,0.04725274198581296,0.11393777913055658,0.13037483394145966
3586,0.10125140943025496,0.6102580345983062,0.05917657980480064,0.1379025019181586,0.04849182156310218,0.11534634288709793,0.08755771070718765
3587,0.10520124053097378,0.694398825555405,0.06524712930275753,0.15512594305313573,0.04808172841847447,0.11149669892251898,0.09442377835512161
3588,0.10432757357687182,0.607625924100019,0.06271072103238762,0.14055575004204926,0.04987889991140171,0.1202705086271279,0.13396266102790833
3589,0.0980708883123007,0.5049118453874639,0.06331385332632056,0.12639928076362675,0.04971092159472844,0.11559851579526616,0.17056968808174133
3590,0.09462113443978587,0.5170586873384343,0.05659023547897757,0.12237144288747138,0.049132666644396875,0.11014202386902644,0.16376106441020966
3591,0.09384243390583545,0.4797376985898576,0.06468951999178074,0.12398211693436315,0.049678359412136705,0.10611377643786005,0.17594297230243683
3592,0.09550978855614746,0.5383222570352588,0.062180071789687284,0.13020038396762607,0.04713630884601631,0.10748231231746842,0.17948688566684723
3593,0.10023116559125005,0.5853027702060312,0.06290958557907213,0.1375371833829234,0.04823008244491827,0.11308934777657616,0.23762312531471252
3594,0.09953912368838123,0.6578682868179512,0.05415407333604675,0.14039896097631882,0.04489770943444373,0.11159800353363117,0.22903107106685638
3595,0.09713270338803,0.578886969761947,0.05650893360931134,0.13113436734540215,0.04405749311536157,0.11382205641391421,0.20548321306705475
3596,0.09238346594647652,0.579829920417632,0.05167537752973402,0.12712602651371946,0.04584367104589822,0.10270604598814492,0.18129457533359528
3597,0.09560462922726004,0.5760378833375972,0.05953859621526786,0.13332420866131492,0.045128707012880964,0.10676642916004372,0.13491329550743103
3598,0.09970437507527921,0.6196950994690564,0.06284608005346792,0.14239593996998057,0.0456497745481117,0.10964703125368708,0.13031256198883057
3599,0.10340677067114114,0.6871581818791511,0.06693901336965306,0.1555417517281528,0.0477889592671261,0.1064542472247691,0.11405281722545624
3600,0.10018148323210273,0.5354776353129761,0.0638847454628821,0.13125515829860981,0.04990192239383894,0.1169866332823899,0.1413312554359436
3601,0.09368507330454562,0.42466077712833633,0.061879100132753995,0.11370505398926575,0.05057749728642123,0.11388671922127432,0.11460382491350174
3602,0.09088541616768722,0.43833499969399004,0.05513469013529648,0.10987759150082413,0.05009080680811192,0.10996254594082085,0.12248221039772034
3603,0.09265328705791004,0.482695233796144,0.05963520913786057,0.12007235551761533,0.048548991649380355,0.1072528606381314,0.17295627295970917
3604,0.09715080291693164,0.5241261066011872,0.0593181477928138,0.12571928476543856,0.04790702880872328,0.1152416836441704,0.1419716328382492
3605,0.10522172920466083,0.6691256217049371,0.05946359852301622,0.14655817326329063,0.0524951350778537,0.11518811051431598,0.181303933262825
3606,0.10533078238130328,0.6940371957903728,0.057278962276655264,0.14824442420718636,0.0504020287407075,0.11584400521917693,0.18255150318145752
3607,0.10218927878996914,0.593293694507457,0.059324643042326076,0.13560593610877333,0.05187772541756317,0.11697231283687068,0.23049235343933105
3608,0.10176173796650385,0.5966945366185755,0.057739564976357606,0.13473313235381731,0.05174350209388807,0.11667772426614337,0.24191530048847198
3609,0.10496829627296486,0.6189512142960858,0.057202431280912076,0.1374522574259369,0.056248214681924834,0.11917490165627433,0.16856029629707336
3610,0.10724056605849688,0.6403405755392899,0.059284440814627686,0.142292460061008,0.05653194916178523,0.12094019859092237,0.09063540399074554
3611,0.11151960374286068,0.7361382056370633,0.0659031558589732,0.16165102011298607,0.054131897409297525,0.11786885746086877,0.1165468618273735
3612,0.10814670252384935,0.6397378859544429,0.061991456450618966,0.14452666066545097,0.05210461824368479,0.1253510628950919,0.1386612057685852
3613,0.10133812294727025,0.5391326909966705,0.06168757104755323,0.12989401675457,0.05401828553817735,0.1177565735988393,0.1490897685289383
3614,0.09833679677725722,0.5462273863107222,0.059918485271590716,0.12939118542003805,0.053688168047305286,0.11023175685353195,0.1587699055671692
3615,0.09856475650014028,0.5117068357670753,0.06591458020156392,0.12959918813949411,0.056710720804552035,0.10803191004934537,0.17656676471233368
3616,0.10217825660228916,0.5680825776629965,0.06480716697082813,0.1367036542125665,0.05289899895246158,0.11508788413689564,0.1476290076971054
3617,0.10562980125389922,0.6248116596284043,0.065153263119888,0.14510446262110463,0.05208920897324404,0.11793749080316779,0.13997675478458405
3618,0.10404095497952102,0.6744484948608833,0.05827028010237173,0.14629573935358767,0.047658007488179686,0.11640309770713644,0.18070298433303833
3619,0.1005415274321689,0.5666812355263289,0.05833165905999945,0.13095302712661797,0.049314539560809924,0.11875507958696507,0.19995345175266266
3620,0.09693570453347501,0.5957056983722738,0.05646134712656356,0.1334962544473793,0.04678208804568319,0.10882963778562653,0.17695699632167816
3621,0.10147531004586008,0.5983004905760404,0.06187394627745376,0.13850630974868045,0.05166291631195706,0.1126590298230574,0.159867063164711
3622,0.10787615556556779,0.6940945560164932,0.06309318113708645,0.15323623469128742,0.051203385501208544,0.11777476013687746,0.1244935691356659
3623,0.10893198494211122,0.7158180702067753,0.06518617080833987,0.15813358500811633,0.05188025178431001,0.11580085139743274,0.13740402460098267
3624,0.10283798907253373,0.5614517871907586,0.0629063124782936,0.13412709458007432,0.050289126754065126,0.12144027628209576,0.1921251267194748
3625,0.09591770392675478,0.4492659645431286,0.05901588647859715,0.11476589763067306,0.05217675787218977,0.11769886223357062,0.18189924955368042
3626,0.0949114466147326,0.46912410698640655,0.058046933209004746,0.11677224374863357,0.05193932454300371,0.11338385593533204,0.20015233755111694
3627,0.09433109605541318,0.4703360011029109,0.05892962467653847,0.11770196416602026,0.053008626242180786,0.11003874754521033,0.21883000433444977
3628,0.10095706039879072,0.5608198946524984,0.059145184083024244,0.1308129998786634,0.04887665369175552,0.12040346922255793,0.20529335737228394
3629,0.10766987595884792,0.6852542082101982,0.05931555310616943,0.14873536097817355,0.049515243031011784,0.12262288037879462,0.2301434427499771
3630,0.10690595032869302,0.704228065641232,0.05658274071263101,0.14910350141671685,0.04652489089725636,0.12281652012917922,0.24749070405960083
3631,0.10407891297080772,0.6027985677255816,0.05699280368779484,0.13496505569319292,0.047331781091206615,0.1267072784833716,0.2870917022228241
3632,0.10394628097185953,0.629549408898294,0.05864066934545231,0.14019906071014399,0.04580176823348615,0.12310154734693732,0.300641804933548
3633,0.10464707448424214,0.631026585194818,0.056960487516031826,0.1389699300415727,0.04568586417388221,0.12620563489314285,0.2194838970899582
3634,0.10564398901460423,0.6280405172107482,0.06101408833351016,0.14201786388740129,0.04305675672375265,0.1285806767554019,0.12709051370620728
3635,0.10921630883764998,0.7289330542853214,0.06204418781495993,0.15731402588215443,0.04339167975553992,0.12472735687055492,0.11895179748535156
3636,0.11027447187654639,0.6521830870095441,0.0639761220172421,0.14800568844471382,0.04484924642621619,0.13450672964843877,0.14397671818733215
3637,0.10377728745055254,0.5503163319193275,0.06326589369559407,0.132844527727556,0.04515528050865928,0.12963770828233107,0.18084421753883362
3638,0.10113139612338827,0.5641725888297637,0.0622412961954055,0.13394576657174237,0.04539292704209403,0.12118998242721091,0.1743621975183487
3639,0.09846250131981527,0.5190738976813152,0.06546580529949247,0.13026696135403856,0.047349734980676454,0.11535726933661633,0.18469204008579254
3640,0.10277271330409081,0.5901867264021161,0.06344778150220277,0.13869620220219042,0.044842563939588374,0.12202854121219332,0.18465928733348846
3641,0.10553027129275167,0.6348178458153768,0.06263568055339648,0.1443759898765365,0.04595997538550089,0.12366427645078434,0.1728873997926712
3642,0.10560227989702829,0.6633794283272056,0.059045437244264753,0.14537886454182772,0.044480459130901186,0.12427936150318994,0.2339605689048767
3643,0.10143069226562874,0.5900428009772836,0.05917049295997373,0.1350093941053037,0.04250050091177907,0.12361324559053165,0.22636431455612183
3644,0.09765159698777857,0.5955363057925848,0.057450151401825855,0.13431960202907714,0.04499787309957255,0.11163910097882265,0.21222399175167084
3645,0.1005861800788297,0.6128342931927624,0.05780751148539547,0.13709705172930503,0.04377440796930868,0.11834946798049475,0.19321714341640472
3646,0.10383109947794916,0.644937232299192,0.05868216256182244,0.14243288681001806,0.04419499512913531,0.12223612686760094,0.174851655960083
3647,0.10600478780326669,0.7146885402440742,0.05837370091820356,0.15213296367904222,0.044177226466797795,0.11974175008137342,0.20724773406982422
3648,0.10392739407632422,0.5571093060084247,0.06207053842973357,0.13279036236954658,0.047476104701849375,0.12806717502242013,0.22614583373069763
3649,0.09814828125985832,0.4875318047128488,0.06084286185888003,0.1217984251237327,0.04546181559778179,0.1235550628332852,0.19579258561134338
3650,0.09482758869982218,0.4615022558801079,0.05821785407950428,0.11582991147959051,0.045527985652924964,0.11958770893356,0.2185705155134201
3651,0.09378688535888431,0.4782542747946348,0.05864238905867045,0.1185869441638082,0.04620780777785817,0.11371852678797381,0.2632998526096344
3652,0.1020289817960605,0.5990810216502949,0.05718300386013703,0.13459700640158814,0.045473151421583036,0.12301831184389156,0.26389533281326294
3653,0.10737954832965389,0.6845808464180287,0.058024586633958264,0.14753262374596834,0.04546601637150468,0.12641994780375934,0.27884289622306824
3654,0.10765341135193408,0.6917285233856652,0.057608263920767656,0.14819687241575302,0.04683742825373723,0.12539186813201475,0.23021791875362396
3655,0.10356708252466364,0.582304302993286,0.0571001910459809,0.1321293498955959,0.04671428830361197,0.12832129351851812,0.25411754846572876
3656,0.09953955332125383,0.6139594050079394,0.05370272702405806,0.1337393953074697,0.04841360037367697,0.11434990041244476,0.2462630271911621
3657,0.10134194889476184,0.6200705560311622,0.0513209312018617,0.1325708776060475,0.048761056310447956,0.12002491728366158,0.21060413122177124
3658,0.10558618300570224,0.6594737637187189,0.052320899597806024,0.13905702304365072,0.04714405551251206,0.12743605952903878,0.15076735615730286
3659,0.10852062378176196,0.7168327958609423,0.05325191598333673,0.1480491845372804,0.0497342537027556,0.12537120693981388,0.15376605093479156
3660,0.10842830661841978,0.6285530771532287,0.0578869897576548,0.1394107165284511,0.04787302478910216,0.1343045695477953,0.17362003028392792
3661,0.10138397484740737,0.5337251933558337,0.05842261022480052,0.12632297924351957,0.04649508284884558,0.12759012649955073,0.2586991488933563
3662,0.09995924450196006,0.5627906389102069,0.0570899370745984,0.12933289447968535,0.04662848186715751,0.12092171807690269,0.21463163197040558
3663,0.09605103750583228,0.5178682145659994,0.058597864445914784,0.12420791446306974,0.04658500649276905,0.11469654730467985,0.28074443340301514
3664,0.10201388463127271,0.5954840904420808,0.05712398547426678,0.13403257189824022,0.044907932429872434,0.12396524144890135,0.25217774510383606
3665,0.10623608158736825,0.6201457543504241,0.058845790108906205,0.1390314992862659,0.048560032492549206,0.12800663405879947,0.27118533849716187
3666,0.10592200975629901,0.6804740549874668,0.05742707996087376,0.1464337906789585,0.04430049149722486,0.12439302992566191,0.26907476782798767
3667,0.10139421597210486,0.5840130926041733,0.054762397097592286,0.13036963931281814,0.04385454636408271,0.1263879314560002,0.2836015522480011
3668,0.09584471589790776,0.5769953983313839,0.05413553689126214,0.12882980281127954,0.04326728148390601,0.11298801996095897,0.23484466969966888
3669,0.09944965576433495,0.6192959044862565,0.053418740639236274,0.13425833547452487,0.044725333356298004,0.11687584312495113,0.17036545276641846
3670,0.10305903343080856,0.6651001919430789,0.051218402827367344,0.138915801272469,0.04402590471953453,0.12333834919172046,0.16425880789756775
3671,0.1040873731397103,0.6860461310883691,0.05164954768660174,0.14227763102971136,0.046132112281571915,0.12138175073683044,0.15571391582489014
3672,0.1032455815990496,0.5625900476757149,0.05545159944715644,0.12789994919409337,0.04834725521903015,0.12970904553590334,0.18130670487880707
3673,0.0978003087009978,0.47583062606561893,0.058910469715280855,0.11847049205104344,0.046665415895314304,0.12445692947468093,0.22629813849925995
3674,0.09330750748926779,0.472056389995531,0.0515824951615358,0.1116501944235351,0.04590600824074049,0.11873396826424529,0.24695083498954773
3675,0.09354340053572718,0.4914534213361443,0.05476938965704448,0.11715282275405874,0.04562762298176285,0.11481146145440584,0.3053089380264282
3676,0.10456928100732114,0.6286353277172921,0.05213604409853501,0.13449308461550033,0.04468674966303047,0.13078316777641863,0.2996746301651001
3677,0.10995889670493283,0.7075837756308223,0.054791976871408264,0.14804794812275315,0.04831925042306031,0.1305656672109785,0.3436688482761383
3678,0.10890889169989558,0.7116744949803053,0.054923805798680815,0.14874533282462718,0.04622888523225545,0.12889701137494053,0.3232601284980774
3679,0.10599913280324627,0.619979839755188,0.05827420962268387,0.13851787107018448,0.04750599400588733,0.12872673326736445,0.4065139889717102
3680,0.10582841055503046,0.6506851630655545,0.05716955858535284,0.14195750208252453,0.0464189243965011,0.12619875585718637,0.3625951111316681
3681,0.10454277419864443,0.6098693987087596,0.05527036041470246,0.13449879445671062,0.05002858304637314,0.12603117373107386,0.25298306345939636
3682,0.1050779550925864,0.6339497053737675,0.050556333430988115,0.13389824370852804,0.04777179382359918,0.13000309366400126,0.17839135229587555
3683,0.10602500073873745,0.6870652624264786,0.05086709247842643,0.14175254532814816,0.04439691092626979,0.12868797780891225,0.1883545219898224
3684,0.10649834502498931,0.5875378092965984,0.05121643173204821,0.1278337713841268,0.04718317529494576,0.1397306204745321,0.2043408751487732
3685,0.10437325215941477,0.5483931370682937,0.05523376304799438,0.12568510219375145,0.04719092599400941,0.13575991877409987,0.26853489875793457
3686,0.09952796923070113,0.5700370776314896,0.04883180792931171,0.1232897036010514,0.046990173488273626,0.12470702293126872,0.2981305718421936
3687,0.09583794868204798,0.4938895276384333,0.05641911497888805,0.11891488821596595,0.04555845583582441,0.11964018283031541,0.23276479542255402
3688,0.10337343884360733,0.5941400278681274,0.05635262961312504,0.13317940079241108,0.04567766122929505,0.12777702755092726,0.19428138434886932
3689,0.10692582832336389,0.645766184723406,0.05649466920724585,0.140676314280983,0.04342963148839079,0.13295332534104864,0.22209608554840088
3690,0.10685613255023041,0.6789021158310911,0.052313629094362435,0.14182627005675225,0.043550768665738475,0.13164945563095426,0.26882320642471313
3691,0.10352095418911206,0.6046253752336822,0.0523400712049523,0.13123797178048516,0.0418904523578324,0.1331952528990303,0.29477664828300476
3692,0.09921103962679188,0.5936773440779628,0.05113396233163201,0.12864015972396498,0.04432968667329584,0.12148174337607442,0.2554227411746979
3693,0.10210494492592433,0.62522129049048,0.05253419187674239,0.13434663453584778,0.04444056408889756,0.12434979974963976,0.23332342505455017
3694,0.10503936070876276,0.6816305340198633,0.05174064031268855,0.14172491084228495,0.042514720587672604,0.12764856444788475,0.21249303221702576
3695,0.10543325197607895,0.669398271112004,0.05205833019050358,0.14024975032214648,0.04208500748078673,0.13039852985665049,0.25138694047927856
3696,0.10517397575107026,0.5698985474522154,0.05282093124271133,0.12668916212978334,0.0470893713618616,0.13717221651025396,0.2510121166706085
3697,0.0994603985875875,0.5038111493219688,0.05387869674099846,0.11815476139542277,0.04345149832651971,0.13211061885916595,0.31787481904029846
3698,0.09535160048019825,0.4864425491468644,0.049625563586949833,0.11202799009550908,0.044406002489434715,0.1253371578087194,0.33309206366539
3699,0.09416934862794739,0.4998680966851191,0.050784874747215714,0.11493962073834477,0.04381192165396798,0.12005810913358163,0.34642109274864197
3700,0.10364006184090359,0.5994768573485268,0.05406451983256103,0.13198056804912758,0.04269381150934389,0.13217008794882235,0.33629536628723145
3701,0.10762761898607093,0.7015646024218014,0.05437925943878546,0.1468343084363592,0.04205516836548543,0.13069766001008104,0.34081992506980896
3702,0.11007815069252605,0.727007920305809,0.05332858067299678,0.14956848633482708,0.04344517509893061,0.1338279606499086,0.4043903946876526
3703,0.10471413788002347,0.6165044515568018,0.05247422805979444,0.13304997427365264,0.04199032638903927,0.1348036160902092,0.4368613064289093
3704,0.1026468292278099,0.6517470797098537,0.05049228941274306,0.13638583088375886,0.042468465310991986,0.12578127120607022,0.39583560824394226
3705,0.10281693396797408,0.6315277387235806,0.04975007314183741,0.1328611682249436,0.04352110252815616,0.12841208150296643,0.2845066785812378
3706,0.10590468851800144,0.6873214283145572,0.049868854705798014,0.14093350807847788,0.04062235781370698,0.1323765107688422,0.21637244522571564
3707,0.10976300954755774,0.7305682062798015,0.051463766051631145,0.1484786860842269,0.04360528960497374,0.1337747975277332,0.2604353427886963
3708,0.10744794294647943,0.6264195602200855,0.05024803122913261,0.13255824965641158,0.040947321759293505,0.14366446811407652,0.2819414436817169
3709,0.10468967717796372,0.5702574605808142,0.05492778805984292,0.12854631270569594,0.041781153284629516,0.13886007949786544,0.3081267774105072
3710,0.10010757759447078,0.5858966101467217,0.049741017849742,0.12633467389216765,0.04294469604383227,0.12717638969079473,0.3650799095630646
3711,0.09804047011208274,0.5215760322935948,0.056504976243398286,0.12294369853628351,0.04437703423427634,0.12320565163398764,0.36707237362861633
3712,0.1050717058860395,0.6148524569432664,0.05781889901394279,0.13739512157527473,0.04420421338162641,0.13004777309932014,0.3074384927749634
3713,0.10776942347762106,0.6504927795458829,0.05515945554827432,0.1402070732622184,0.04435832291848466,0.13487119290534275,0.30540162324905396
3714,0.10674177167773329,0.6811241699948183,0.05052544524678177,0.1406109773536441,0.04187661551558814,0.13386322835318828,0.32825255393981934
3715,0.10501964365190589,0.615636895437049,0.051591864804388925,0.13216972632334037,0.04119655642832999,0.13710852263502965,0.3721033036708832
3716,0.09797485510308465,0.5895376391938386,0.04877349364631323,0.12602551443881685,0.04045196403568947,0.12376305786828974,0.31004226207733154
3717,0.10258646097610974,0.6422965006543484,0.05059255066265539,0.1351216863757544,0.04274778067017498,0.12647698401911356,0.21544265747070312
3718,0.10596065045356151,0.688518556221593,0.05110478527884863,0.1421638954135264,0.040596936732140924,0.13147606061983524,0.18899916112422943
3719,0.10734775723237715,0.6797676510878731,0.051639143388385156,0.14137178734545483,0.04367370229009902,0.13329152895792756,0.17732232809066772
3720,0.1055187803496982,0.5583096206911902,0.0527820653998601,0.12500028758433582,0.046177385154423,0.14039618231525605,0.25987720489501953
3721,0.10126708446202869,0.5071857530074169,0.05424446493389464,0.1189503632301121,0.04305967239014911,0.13672570110285034,0.23611153662204742
3722,0.09713854820098683,0.49124790272811136,0.04940998018240852,0.1125296834032232,0.043866475611897174,0.13028436841448343,0.2769501507282257
3723,0.09594212147010742,0.5056078238410767,0.04965810433603404,0.11479377855104014,0.04552396854287324,0.1235628053356212,0.34230366349220276
3724,0.10330081989445884,0.6049213682858349,0.05255360987432112,0.13146328964739454,0.04283909238662908,0.13156267042999115,0.31366491317749023
3725,0.10692215924869902,0.6640864809806856,0.05053079066832722,0.1381816035700927,0.045161109717304804,0.13361106380744947,0.3553404211997986
3726,0.10831032153679425,0.700258144392887,0.048951472727888405,0.14199528296574532,0.043468487934886564,0.13557258468813121,0.39225098490715027
3727,0.10612953676717286,0.6118650170048516,0.04962269040576169,0.12994302277706024,0.0441961255678187,0.1394844713079563,0.4717445373535156
3728,0.1037193567452423,0.6483913124069636,0.04649175462439814,0.1324774057361932,0.04338109816686466,0.13135204013424068,0.44613149762153625
3729,0.10319341431104015,0.6318191400097495,0.04876107752743822,0.13205508645348268,0.044810439148393076,0.12902455445371908,0.2904280424118042
3730,0.10536230696804201,0.6840750619549472,0.05171511406299297,0.14205224947612927,0.04146618393520274,0.12916771492720003,0.2428349405527115
3731,0.10919801148424856,0.725983307258193,0.051890568936220884,0.14818953155364548,0.04471914519486945,0.13149943942673292,0.2702629864215851
3732,0.10865872793574849,0.6330258437836611,0.04891012608094774,0.1323552286099068,0.04498723808750169,0.14363684346307587,0.2742774784564972
3733,0.10739404631582516,0.6023821534465921,0.05405531939076167,0.1323877242558803,0.04573184917376405,0.1394790006175804,0.3064979314804077
3734,0.10255556752541084,0.5948695739681518,0.050974373443883746,0.12867368780449345,0.04538574243944813,0.12972580923143093,0.28235891461372375
3735,0.09950237887804607,0.5326911884432464,0.05626787594807312,0.12432834916166932,0.04626298201300142,0.12436412713678983,0.2758796513080597
3736,0.10480561254227724,0.6159878206523743,0.055822125701829976,0.13584579640905062,0.04606294316625686,0.1290452873628684,0.24574865400791168
3737,0.1073241200523937,0.6528484474112928,0.05302587928223896,0.1387148175863895,0.04481741044722657,0.1345506306146686,0.28034108877182007
3738,0.10755762970089021,0.6801897926992319,0.04956137979044064,0.1396511530631251,0.04501420174817894,0.13420129621755703,0.3330695927143097
3739,0.1069205102743643,0.6315763596731868,0.05134634236457242,0.13423634483723162,0.04089888627946651,0.14078807602739102,0.3269062638282776
3740,0.10053991037766394,0.6229084680484106,0.0496587334830653,0.13155155270668603,0.04085553260423247,0.12562855389152214,0.25991693139076233
3741,0.10348071061735874,0.6724178401944854,0.04912573477327148,0.13816746411915917,0.04220520636373177,0.1267458675252069,0.19209721684455872
3742,0.10876145880015656,0.7465040088597936,0.0511214572902104,0.15046182180015086,0.043050081680713816,0.12977109615467397,0.16563087701797485
3743,0.10850776168218111,0.726275791586876,0.05166193454859486,0.14803534269692076,0.04190779447229241,0.13219609960293655,0.18813171982765198
3744,0.10669952155092453,0.6065952515791069,0.052896628929178215,0.1319964321648823,0.04489486485561555,0.13864379937210686,0.2306509017944336
3745,0.10251130743619097,0.5251192134575026,0.05318327769531608,0.12060269708991414,0.043930081332933725,0.1379399143295333,0.23951494693756104
3746,0.09905536469173964,0.5015046775434638,0.0532130764245487,0.11725473372725086,0.04391146974598803,0.13138182486320005,0.2682885229587555
3747,0.09405003797160286,0.5030148354039058,0.050184057615783956,0.11487416872837279,0.04197805914334542,0.1213919050341544,0.3330426812171936
3748,0.10536284529028786,0.6585838265676727,0.05133276246266261,0.13808291447766402,0.04269595886864835,0.13156631037026834,0.3460114002227783
3749,0.1087599479593913,0.7293623559754316,0.0480254259685002,0.14535927311234756,0.04150115213747835,0.13558698479472842,0.40392348170280457
3750,0.11011948930056294,0.7361375206486922,0.04961818256646916,0.14769237372107244,0.04415552075328831,0.13496168791148241,0.3668847680091858
3751,0.10846177530147666,0.6525776617380681,0.05097815037832415,0.1369209377154304,0.0433261441119193,0.14055368548012975,0.43717727065086365
3752,0.10592777913832198,0.6805008809819189,0.047913896812432466,0.13828346597950195,0.04374491871773376,0.13202655602030428,0.4064740240573883
3753,0.10399115131129771,0.6602263651466432,0.046272056642758824,0.13397981500045658,0.04240362657128035,0.13164015473079888,0.28062599897384644
3754,0.10577294360971862,0.6683878487115655,0.05112626702091085,0.13930649297671865,0.043152189831153924,0.13122424746983768,0.24488531053066254
3755,0.10882668792686995,0.7636488119042757,0.04948737544949852,0.15151043780018097,0.04312887865673549,0.12896398989909044,0.2168065458536148
3756,0.10842687875798362,0.6571028603726436,0.04827604449878579,0.1352513039093369,0.04386314132346292,0.1414487770057551,0.24384775757789612
3757,0.10576207356998735,0.6058562695498855,0.05215538204453577,0.1312555088310143,0.04446519294367617,0.13709008826461105,0.3050724267959595
3758,0.10263729704865959,0.6031546994272617,0.0511643726285008,0.13002013359975237,0.046122859664232074,0.1281274477778275,0.33060842752456665
3759,0.09951132363438192,0.5158894335753779,0.05428597578648473,0.12022932689918375,0.045534857852214845,0.12861247833707648,0.30833762884140015
3760,0.10668639706192055,0.6441141859857378,0.053769977102758236,0.13810486408604106,0.04440287082092588,0.13369332387668545,0.35646852850914
3761,0.10548283141782554,0.6510045173251169,0.047620837522601156,0.13381850606581772,0.04363065091503125,0.1348097740407774,0.41059014201164246
3762,0.10645365866412143,0.6908824664056413,0.04802721362605395,0.13986367830885216,0.04327421173494016,0.13250190753801572,0.41250962018966675
3763,0.10733961502569468,0.6489754251318631,0.04892608960673078,0.13464742325317827,0.041658755181566316,0.14091603519025886,0.36420926451683044
3764,0.10017802811886184,0.6385852388372176,0.047195407668930434,0.13167966926440003,0.041615939974230014,0.12385591924306871,0.3347412347793579
3765,0.1036398759386541,0.6778159919362332,0.04833182423534232,0.13825813390689815,0.04115421844315658,0.12802385052500093,0.22906076908111572
3766,0.10611406227924336,0.7118309135273012,0.05019469312594398,0.14471415318328074,0.04144503593225884,0.1289243807918221,0.21681904792785645
3767,0.10593227005960197,0.7239212614895465,0.046926349878728485,0.14363990868027393,0.04235218018971386,0.12857066490266617,0.22873683273792267
3768,0.10465015733014806,0.5911155512461252,0.04830225661037584,0.12584701298691145,0.04496118681202331,0.1383307578338392,0.2384863644838333
3769,0.10220625710069346,0.5309796645772933,0.05116571966244682,0.11971056893599633,0.043610881639430846,0.13816093777340827,0.2492951899766922
3770,0.09792937681611763,0.5123697005529412,0.05056974635914718,0.11654116838683204,0.04278474983695891,0.12989560779850642,0.3137280344963074
3771,0.09639321627013352,0.5378272451474737,0.04955789252379449,0.1193106571843201,0.043568368946553915,0.12256219687835243,0.3398953974246979
3772,0.10873905675620955,0.6540082377695926,0.051246615062645585,0.13735541830649517,0.044056275859796774,0.14029717368407083,0.3761971890926361
3773,0.10999282787544112,0.7191046954780123,0.04500497927209035,0.14130493873007918,0.045126897933003125,0.13935241957726602,0.3782341182231903
3774,0.11132727620221235,0.7463575022918009,0.04792529834770621,0.1477013274825769,0.045632306370535045,0.136983079934611,0.37660473585128784
3775,0.10869196337805992,0.6643124400100598,0.050219585069248,0.13794713577507825,0.04431455233104068,0.13942392219681074,0.40611541271209717
3776,0.10525537219769333,0.6942168476153943,0.04775069680909344,0.1401030040671364,0.04197957956728502,0.13013001286353787,0.4115540385246277
3777,0.10526046622261044,0.681735717898182,0.04682328958842885,0.1375250650612507,0.042237143715005684,0.13217434943295442,0.3310692310333252
3778,0.10693951914784729,0.661824905754369,0.050685949706079834,0.13799151485583544,0.04508090996886294,0.13389530593496898,0.235444113612175
3779,0.10627124223779415,0.7135834467307365,0.04736587412451432,0.14253981306826033,0.0440904583473943,0.12894442866523614,0.20182569324970245
3780,0.10598005890481775,0.6319070592967737,0.04652499661579371,0.13015100557021944,0.04466407244417777,0.1384819687256513,0.18298788368701935
3781,0.10626069481942438,0.5877715192252015,0.05044448342282004,0.12720548853744595,0.04802129087535978,0.13889347876721203,0.19948437809944153
3782,0.10475855665517946,0.611592042876713,0.05096700844535421,0.13105629907840546,0.04577597182837571,0.13335779375830997,0.27867335081100464
3783,0.09898977398217544,0.5265080866148459,0.05145809665032808,0.11932238093097348,0.0446924107234853,0.128708935753331,0.2649392783641815
3784,0.10910825569226855,0.662379472385381,0.055884265117850516,0.1425264375846406,0.0460202084490567,0.1350693878742534,0.2787826359272003
3785,0.10657398202705094,0.6713458243491995,0.04899034770549306,0.13789827294030826,0.04382105225720118,0.13407404102656933,0.27296140789985657
3786,0.10668406079519692,0.6870641417810082,0.04808723764091672,0.13936965251807262,0.045038199287531895,0.13202429685688752,0.3041282892227173
3787,0.1081095121177507,0.6523028485757281,0.05134823535841054,0.1371988943894559,0.04355713398994441,0.13913963349183917,0.3204541802406311
3788,0.10058522500070106,0.6243111859618979,0.048846396732927407,0.13105565233706606,0.04252280167578926,0.12472822149067955,0.28844839334487915
3789,0.10260269304004822,0.6793736943775075,0.0470078745670478,0.13734584882568487,0.0430767899711861,0.12428759691287049,0.24558353424072266
3790,0.10911215871563952,0.7614236807481856,0.050762970088500635,0.15228592875416994,0.0428631561686568,0.12930298716053532,0.20591817796230316
3791,0.10743473945025386,0.7277707738560574,0.04688437405929378,0.14415385974454573,0.04399543439296477,0.13081490111787647,0.22502069175243378
3792,0.10584191610800281,0.5859821799236684,0.047870119234863534,0.12474327076183564,0.04868215676464762,0.13931802021133477,0.2665570378303528
3793,0.10242437577721795,0.5306658173047569,0.049199613766912835,0.11798049998660483,0.04622065557603816,0.13799102227003676,0.23028039932250977
3794,0.09810425930064266,0.5075224331694412,0.050128126562821534,0.11547017036376721,0.043409767713593325,0.13076676725907685,0.2395358830690384
3795,0.0960111349164065,0.5454970658244797,0.04768908271512486,0.11880450887360414,0.043431198166835924,0.1220743773597328,0.291875958442688
3796,0.10712699618956653,0.6674633975782371,0.04946294164405204,0.13774872106322134,0.04270958002053488,0.13669822607302123,0.3017454743385315
3797,0.11141770188800565,0.7418402201060588,0.04581002591856035,0.1452429108024887,0.042842190740240364,0.14182421634212766,0.3483826816082001
3798,0.11109599938670055,0.7552057924303848,0.0470911319822049,0.1482503691890877,0.04390166604734407,0.13738096748154874,0.3328496515750885
3799,0.1095301171818774,0.6626113595555456,0.04991318581885947,0.1374414963526718,0.045311351655324905,0.14129908024316568,0.3876156508922577
3800,0.10765568939425128,0.701243107346415,0.047973088393596874,0.14129737681542803,0.042243853572768574,0.13545456924451896,0.3963734805583954
3801,0.10783938960314515,0.6838259519487504,0.04882375537033698,0.1395383548815389,0.04332621791750313,0.13655182020948742,0.33108076453208923
3802,0.10696926182079486,0.6734008769481925,0.05071705580418601,0.13967188739618694,0.042171852668749135,0.13505219745036676,0.2607254683971405
3803,0.10694040886133555,0.6454347077149573,0.049742742782339706,0.1348415949155708,0.04373668423764495,0.13783013010960898,0.23318395018577576
3804,0.10844884404762335,0.5511303574431524,0.05612832887063588,0.12684290438099538,0.04590812614154862,0.14707716942373822,0.2850930094718933
3805,0.10802323445891543,0.5340972453253333,0.058233224968487075,0.1262137993051794,0.04233713047518465,0.14958183120419888,0.34147486090660095
3806,0.10435860726140063,0.5455472542528961,0.0576483758690407,0.12734821563816293,0.044439041863185376,0.13667231965517201,0.4462616741657257
3807,0.1029103787557947,0.5223845756076035,0.055928932501017735,0.12256545294481569,0.04414959487586513,0.13712787473533977,0.5258855223655701
3808,0.11288982520347625,0.6502605978158356,0.056308804861406374,0.14115906099775338,0.04848851086551077,0.14450539392920353,0.5101301670074463
3809,0.11870541594280311,0.708122332860948,0.05778306869523236,0.15068867786176315,0.0495171383905343,0.15125980462194827,0.4923112094402313
3810,0.12104335463928363,0.751947034600508,0.06205146353383412,0.16060797368621613,0.049759144176377904,0.14879799712826025,0.43888118863105774
3811,0.11989461236303565,0.6615949453691121,0.06542717566562861,0.15059399990898337,0.052818632562040176,0.15172413058620246,0.42614269256591797
3812,0.11644277070847622,0.6636215949783641,0.06436321889613561,0.14997155833645398,0.05313381775724367,0.14250041536632424,0.37471672892570496
3813,0.11613203586188808,0.6546644163695556,0.06408810263866632,0.14845614745736477,0.05424544048495067,0.14199920917066622,0.3088749051094055
3814,0.11586915668684851,0.6567655835751316,0.0660806812547759,0.1504642387291124,0.051975159595041176,0.14150570735519902,0.23830009996891022
3815,0.11374224349623972,0.6175716417350654,0.06643128719763056,0.14516562356012128,0.05429491903005739,0.13826319484825295,0.20025916397571564
3816,0.11373888350844803,0.5259238641481822,0.07261137448456247,0.13737030157936528,0.057919453024058584,0.14190339437023625,0.2020195871591568
3817,0.11593877431309624,0.5377466513946771,0.07768633673768473,0.14340923883154083,0.05481223548627158,0.14538783933292881,0.20653598010540009
3818,0.1079109167615461,0.5295265528333313,0.07001294915519894,0.13565774968064642,0.05215319451009132,0.13242044492735622,0.1972067803144455
3819,0.1054585999357237,0.5083958543754566,0.06772422518418135,0.13067731506864924,0.05139908783789942,0.13069429728001009,0.23217256367206573
3820,0.11315796360592204,0.6358494691085255,0.06449813370760879,0.1461197530505969,0.04880740099818862,0.14062314012359825,0.2813069224357605
3821,0.11602153106625761,0.6935071101839037,0.06337678220831273,0.15339540049054,0.04947064212294004,0.14155142314541333,0.27287328243255615
3822,0.11720834335709764,0.7263422214611193,0.06487600529282715,0.15937117903115464,0.04975712138893056,0.13933568136444402,0.302369087934494
3823,0.11804966931291574,0.6776406080336865,0.06797985641301647,0.15507424950168364,0.05122504630217057,0.14412470678214587,0.32394537329673767
3824,0.11421156724375607,0.6728844741199764,0.06488713811196499,0.15174390039882377,0.05330262898863758,0.1346660967063005,0.27475783228874207
3825,0.11015912032254774,0.6565210410659059,0.0616334226967429,0.1466173681780519,0.05017633360965668,0.13074309182276128,0.18114039301872253
3826,0.11451892094929401,0.6979109372854713,0.06481786812038731,0.15525973514397076,0.050301277160845856,0.13506114684384402,0.12760694324970245
3827,0.1154738002660598,0.7067935699729004,0.0665872016909909,0.15804525430269228,0.049928905292142375,0.1355755610861842,0.1590394824743271
3828,0.11507446066708817,0.6056132684197373,0.07055395029149927,0.14699099573839042,0.05034907097097615,0.14378220846379672,0.18684597313404083
3829,0.1151989290524468,0.6017590895558296,0.07043794834538596,0.14634096851830644,0.051891992114483476,0.14334321434053748,0.1726037710905075
3830,0.1095714762800904,0.5824713911600174,0.06571046342242946,0.13953345309922777,0.05259478884745932,0.13320934806689744,0.19332055747509003
3831,0.1068456088647019,0.5129878876539291,0.06719505960417346,0.13087974932556715,0.05254791790423552,0.13332621555185295,0.22852253913879395
3832,0.1133384221583853,0.6376560986807174,0.06750294188188394,0.14895339285314588,0.05140522082534023,0.13636687396688427,0.2429358959197998
3833,0.1151996230913007,0.6635950064312759,0.06421397881917947,0.14983983990662184,0.051920721704545855,0.1402584720913052,0.27431464195251465
3834,0.11593311862453373,0.7220215437846522,0.0656613826210653,0.15942711993014916,0.04906069185604957,0.13638924090454382,0.27221882343292236
3835,0.11598747151885083,0.6582722881271292,0.06725425935252949,0.15168540632032945,0.049486965089288536,0.14293972169342406,0.2593461275100708
3836,0.10603034271168776,0.5897606591503077,0.06536794857075058,0.14028119293925875,0.04904267149591438,0.1259250610763649,0.23905254900455475
3837,0.10797064184061175,0.6491060058136117,0.06210682676114587,0.14596385234006956,0.04756068110357365,0.12758529829849452,0.19957908987998962
3838,0.11351717102053248,0.6944799715734239,0.06611048649653932,0.15587755579323712,0.04872444013201281,0.1331454738718706,0.18406900763511658
3839,0.11261828732040113,0.6517791811617221,0.06799375060724504,0.15139166925788464,0.048476127212434945,0.1348159682195735,0.2045791745185852
3840,0.11172424238121927,0.5431148467515643,0.07105294783325666,0.13849036196444348,0.05040369206923368,0.1419593692688855,0.24454249441623688
3841,0.11230786653112457,0.5105295892053255,0.07344254637273259,0.13588355249167444,0.052215012578903215,0.14426038852383705,0.2007043957710266
3842,0.1048489485586407,0.5055116973483833,0.06498814358575779,0.12792007983756143,0.05061091218359776,0.13211999051774764,0.21114644408226013
3843,0.10341017579104421,0.544672130015147,0.06324567850937839,0.13202088586734534,0.047465352707254944,0.12732752467259625,0.23094727098941803
3844,0.1119498111821074,0.6715156960883677,0.061739594698141005,0.14885046632531626,0.04744552925446586,0.13610298461848602,0.2676987051963806
3845,0.11785370892411078,0.7194773868273798,0.062207194260321154,0.15610293605561523,0.04966551574193291,0.14405030421845,0.31563079357147217
3846,0.11993534095015446,0.7598156149407288,0.06682786789812734,0.16582611747564183,0.05075270279983289,0.14031571987188435,0.32546889781951904
3847,0.12037530431876187,0.7086088394234276,0.07006507421396761,0.16128561210103332,0.051022828627900856,0.1452622012387777,0.35233569145202637
3848,0.11528295495212144,0.6826204556151949,0.06501761621247779,0.1532465932700088,0.05124102884447931,0.13810145676815688,0.31177547574043274
3849,0.11119332642165762,0.6677559935652289,0.06170274879918486,0.14828178376576256,0.04743359497910481,0.1345306912577995,0.21839123964309692
3850,0.11463644367618255,0.6882088145325482,0.0673004518268016,0.15600164649905116,0.046524662051912906,0.13803970012740852,0.15083205699920654
3851,0.11498609207794849,0.7035701376443796,0.06611391450281906,0.1571790892373277,0.04920035124884529,0.13562974278895695,0.15925146639347076
3852,0.11717548383039862,0.6155231109296335,0.07118583109198101,0.1489482996402171,0.05094402438306435,0.14732679701322496,0.20949214696884155
3853,0.11731718024722415,0.6204789162110782,0.06891302827804519,0.14770815512562133,0.05160830183560199,0.14822034583879604,0.19972215592861176
3854,0.11098950749728348,0.5901495727838678,0.06431731960713664,0.13943621291809824,0.05176517991850993,0.1379199268854974,0.22115349769592285
3855,0.10867863244157122,0.52766658908977,0.06602172836706553,0.13197099418459474,0.050813255882543415,0.13893002040557495,0.24503108859062195
3856,0.11488882749769681,0.6419391120142435,0.06723334767018874,0.14933417114791084,0.051262342061138604,0.140422326560748,0.2579696476459503
3857,0.11510928084353077,0.66321373116829,0.06506393962347834,0.1505139098441657,0.04984875260894078,0.14123319267324141,0.23737682402133942
3858,0.11663061326818709,0.7289385521812104,0.0626526554283199,0.15783635496444712,0.04947941454016992,0.13933288817097456,0.2787664532661438
3859,0.11743443501697755,0.6783312578208892,0.06360845600182122,0.15142599911883092,0.05104861979146801,0.1457794047501767,0.28026631474494934
3860,0.10586677151813584,0.5985472544965187,0.060732034437204506,0.13756278015996368,0.04896962493994805,0.12791776721245085,0.24018199741840363
3861,0.10780024740398901,0.6496828994908379,0.0574947397514205,0.14209304828562297,0.04946759366931414,0.12883511865039976,0.18454626202583313
3862,0.11375477154787256,0.7164146111335522,0.06467818806038156,0.15778339135654879,0.045852339408711286,0.13464435733704694,0.16619464755058289
3863,0.11278980666534612,0.6892154666914576,0.06420676004586544,0.1534937181380929,0.04883786796435267,0.13313183049006194,0.20374616980552673
3864,0.11433201470259484,0.5738741063214233,0.07078620584985333,0.14265590591722047,0.05228557076477136,0.14383924833539297,0.22303767502307892
3865,0.11664426995524524,0.5762716601784712,0.06946155280640963,0.14186299671670416,0.05399131602938086,0.14939921872410006,0.2065807282924652
3866,0.10607941293135235,0.5388938148760443,0.059375898625745445,0.12787845809007384,0.04994648289056298,0.13612156220316174,0.23061871528625488
3867,0.10296163819646256,0.5209378748679154,0.059914338424872086,0.12577484363102115,0.04867928934650157,0.13049713868493967,0.2246297001838684
3868,0.11111549838669257,0.6591353240347351,0.05923882920304735,0.144938328464717,0.04717765107014736,0.1374661384703983,0.24125440418720245
3869,0.1158635388736073,0.7168941580120489,0.0602931242640617,0.15409327194234557,0.04843667031115033,0.14141103243061115,0.2570306360721588
3870,0.11907271585435363,0.748727028708895,0.06483532964764124,0.16253414379924894,0.049608282410531,0.14182534566591504,0.28133276104927063
3871,0.12058228728031381,0.6988921231988174,0.0660837446239788,0.15648494156324144,0.053556842356438615,0.14781472909114288,0.3075336813926697
3872,0.11270053114483272,0.6738937461329422,0.0614825530481554,0.14896986634598214,0.05210179952325448,0.13398875301270793,0.2494078427553177
3873,0.10911800246220146,0.6561959178025079,0.05806285933090869,0.1435104391125657,0.04963828438494873,0.13106937371072888,0.2006080001592636
3874,0.11324121207631553,0.7217520620439997,0.06340531074921589,0.1574548466484707,0.046936104863442595,0.13257125063694358,0.1281861662864685
3875,0.11611691334389297,0.7231333576656069,0.06360627164070741,0.1578244267871216,0.049587417172605154,0.13783614823094475,0.17283138632774353
3876,0.11747469795405491,0.6359594332729082,0.0703534612688178,0.1511543144122593,0.049396309944191995,0.14757362306175614,0.21337899565696716
3877,0.1176118757852885,0.6189941540100914,0.06931804842116525,0.14784320636244042,0.053843923229702086,0.14695642001641873,0.19989709556102753
3878,0.11075141962604192,0.6026834844848362,0.0644335114446899,0.14132636473613938,0.051037170946213295,0.1362483102495567,0.2744938135147095
3879,0.10952675752875685,0.5495620665702958,0.06637168314905288,0.135398880780659,0.052391846701686805,0.1368816966570287,0.317734956741333
3880,0.11450049798585957,0.6497062680395386,0.06871032926904302,0.1517097490933995,0.05147566010121924,0.13708913641582238,0.30087757110595703
3881,0.1156373956526103,0.6864691138829977,0.06496861470243341,0.15375440029965687,0.05067679342951102,0.13912554353165635,0.2752746343612671
3882,0.11703423933881263,0.7334480322093148,0.06438461418045698,0.15996510247029377,0.04978320023365438,0.1383143933157801,0.29148587584495544
3883,0.11835163839544903,0.6872778012208942,0.0664797291707008,0.15516516803501412,0.0517926868624144,0.1443788825522348,0.2913573980331421
3884,0.10758232519325407,0.6208466474596852,0.06203234709015134,0.1418629614286562,0.04991913722232732,0.1280420579618381,0.2590639293193817
3885,0.10859403511487117,0.6557004621823374,0.05792485290747577,0.14332136851817026,0.049478934162739456,0.12993333172009974,0.220594584941864
3886,0.11313660113203015,0.7125528665404064,0.06422198695007852,0.15684068403441107,0.047079362041396386,0.13269561279675138,0.17851464450359344
3887,0.1119442872329675,0.6831342065148147,0.06328697551993355,0.15183657994777372,0.049094327484756776,0.1320322458871964,0.17700155079364777
3888,0.11091218798410729,0.5344804721757199,0.06755881897876062,0.13426191229261195,0.05138055771878942,0.14257135569631885,0.27587997913360596
3889,0.11289613184748334,0.5175791569213157,0.07064011920684188,0.13448855316605243,0.05497915958805972,0.14468011392073105,0.19682735204696655
3890,0.10363331040785803,0.5032502220824947,0.0609766654740449,0.12415860213239487,0.048984357242779095,0.13349151416833238,0.22214031219482422
3891,0.10322599176305007,0.5233003779453684,0.06016740102977284,0.12632925487485794,0.049417915871400854,0.13009270294541125,0.22945579886436462
3892,0.11088444858465835,0.6423309348807107,0.06210499037452768,0.1449944110182681,0.048063822478026465,0.13600627929855275,0.2527492940425873
3893,0.11145122926531091,0.6432077753315311,0.06036244291505092,0.14362606183169094,0.04752754314206252,0.13923147612757072,0.2922816872596741
3894,0.11670021073290812,0.7384568475358004,0.06292888180265839,0.15943287690739297,0.049930380035448065,0.13773272969051142,0.31118255853652954
3895,0.11637827139667446,0.6567697567135045,0.064938725843725,0.1494860159679792,0.053059645056997576,0.14281279294400007,0.32489657402038574
3896,0.11036142294076559,0.6478149803504158,0.060440082716532596,0.14435078237851592,0.05080415988353289,0.1327333386078126,0.31653204560279846
3897,0.11022879670235577,0.6666760896918642,0.05925791653514281,0.14603194127181732,0.04857329839301637,0.13284960622474895,0.2833811044692993
3898,0.11342016969195515,0.7184738296245284,0.06600781534424317,0.1592172459557125,0.048641433122543445,0.13002912245940274,0.14783118665218353
3899,0.11625254032268066,0.7475865425825784,0.06750736681165491,0.1646615347789297,0.05095309638044949,0.131031683622915,0.14487722516059875
3900,0.11886316052358499,0.7023923579301414,0.07233038840397445,0.16233924119342685,0.05200630005199992,0.13932134285011027,0.12933047115802765
3901,0.12290768166684338,0.6876844050274341,0.07242554412173496,0.16031966710826343,0.055965017622418685,0.14874702544447246,0.13641639053821564
3902,0.11606225885474931,0.6903354863066984,0.06584436794104707,0.15505738485042583,0.05096026615085499,0.13890576722443995,0.19814541935920715
3903,0.11250482528792843,0.6292848488978275,0.0677776109376139,0.14799293064621585,0.0513398042752514,0.13497212648551937,0.2328163981437683
3904,0.11445557624133133,0.6673385715705719,0.06681886929944952,0.15260739819532415,0.049777265881397345,0.13766625359652984,0.2698048949241638
3905,0.1138976849610094,0.6846527136762901,0.06511840901943895,0.15362330968470342,0.050261798801674654,0.1348191637171951,0.2789463698863983
3906,0.11640590182406108,0.7468160890075068,0.06281380224809135,0.16052841464229356,0.04701477774973733,0.13851593667314088,0.3035905957221985
3907,0.11905318779622474,0.7004365535093122,0.06683226414506797,0.1573471626256743,0.049695108921682385,0.14623427883568096,0.27432873845100403
3908,0.10805748326576602,0.6242110394487519,0.06363127615034228,0.14371409947868652,0.047292760146351594,0.13002707680894815,0.23885686695575714
3909,0.10896515205340039,0.6772937587620376,0.05986138513002695,0.1480660099345999,0.04630360371966418,0.12958075619936996,0.20575641095638275
3910,0.11675395756472709,0.7781633445672165,0.06742874940416953,0.1689622629988905,0.04762240015324569,0.13156180304488035,0.17609189450740814
3911,0.1154069463772608,0.7423511713011471,0.06605000477315333,0.16266445713429528,0.04905158459330028,0.13211756602582106,0.2041822373867035
3912,0.11621545778477253,0.6450145490998977,0.07036431626416945,0.1524572066692735,0.0496356660888284,0.14276124524478534,0.21540293097496033
3913,0.11580869072401896,0.573651721361959,0.06964386149339269,0.1416449843317593,0.05327057250785451,0.14792278725639008,0.19171981513500214
3914,0.10647389279586504,0.5399074234741321,0.06345547154001165,0.13152003610202886,0.0463576837904602,0.1371602002827009,0.21634942293167114
3915,0.1027506147327193,0.5169437000823426,0.06216342318184346,0.12713203416762905,0.04621767209017521,0.13088319753939937,0.23032906651496887
3916,0.11241907404815542,0.6637778143426294,0.062878420931498,0.14872119141880244,0.04796055241117338,0.13705592778119852,0.22196179628372192
3917,0.11295215766280182,0.6814325243964288,0.06185004929423412,0.15036183145169052,0.047425085570291355,0.13755488117847087,0.20209571719169617
3918,0.11774604940897385,0.7655713790824263,0.061086998811166776,0.16172762456420384,0.04839744405110545,0.13994220083628242,0.24616731703281403
3919,0.11777345330658327,0.6835948158587454,0.06677138859592645,0.15488902106204344,0.05087634784658203,0.14383229879805665,0.25541502237319946
3920,0.11124301817960296,0.670230635437763,0.0636485319310411,0.1503031181462871,0.04800032427204732,0.13240278787786552,0.25400200486183167
3921,0.11024550765599365,0.6697687644670776,0.06146964338785641,0.14836951782774516,0.047442556905206164,0.1318395806626501,0.20376281440258026
3922,0.1141295987440297,0.7242103627410428,0.06702117126537409,0.1609053414761839,0.04886838814363631,0.130304383128739,0.11932191252708435
3923,0.11436821856390823,0.7298010843284795,0.06569174424617678,0.16056450711507717,0.05020759863357966,0.1300870085206729,0.12693816423416138
3924,0.11568849428102802,0.6680265973916071,0.0712948545815919,0.15654224641159406,0.04917339022554955,0.1381421772153264,0.12783966958522797
3925,0.11900172311627868,0.6409463134951285,0.07135244402779962,0.1527229968088466,0.05350245785754992,0.14680746573666945,0.1545523852109909
3926,0.1118897789980113,0.6382631565736773,0.0654867772871314,0.1473119743280665,0.047773546744345675,0.13699706130617037,0.23333527147769928
3927,0.10747350945351011,0.5623301775925316,0.06582998455243254,0.13675858355816098,0.0487907387840422,0.13319649394772504,0.24181833863258362
3928,0.11250116050768617,0.6556079675040727,0.06524709253619465,0.14958436038874864,0.04928168807022883,0.1353703989945317,0.26354140043258667
3929,0.11040084864643016,0.676308377970789,0.060839076740427524,0.14876326263047918,0.04896557501511569,0.13058960083778742,0.24201315641403198
3930,0.11522344527241463,0.7431634957947091,0.06151023208655612,0.15888926975914944,0.04646771207662432,0.13717711539283822,0.2566748261451721
3931,0.11616019538978341,0.6869477128048587,0.06548203647806129,0.15426284738188947,0.048346860251362325,0.14215704314280905,0.2589331269264221
3932,0.10574711482833532,0.6020494553606426,0.0632045022226928,0.14018235267097134,0.04739306631251618,0.1266760741673706,0.23501282930374146
3933,0.10771687231336843,0.6696125525611322,0.06082414060159016,0.1477939137386676,0.04683451273324107,0.12592152569884313,0.2000376135110855
3934,0.11576868550717653,0.7676731370590467,0.06619245785397887,0.16640398345470286,0.0494062808981529,0.12952990383598664,0.1777668595314026
3935,0.11354888219653834,0.7371579690462796,0.06406841241001053,0.16022406335804895,0.04915419801127695,0.12905344734232027,0.20228160917758942
3936,0.11427172817037881,0.6602537453873718,0.06818258658613784,0.15276418070059986,0.04862447107666804,0.13803218216343238,0.19868235290050507
3937,0.11497006180034161,0.5977888155146789,0.06819930076109473,0.14385494572589247,0.052929652741690654,0.1439811462918042,0.16011938452720642
3938,0.10819310189509884,0.5869907471024929,0.06273349340164854,0.13762738678748346,0.047174523814055236,0.13582935843517546,0.18157552182674408
3939,0.10474545791165832,0.5360988407869731,0.06366084364381575,0.13115198609283824,0.04781477007767059,0.1314540976078652,0.22004000842571259
3940,0.10967024471552617,0.6349116043825362,0.06352619205097186,0.1451526795269096,0.04778410878940836,0.13277348319091864,0.20765066146850586
3941,0.11022468549574449,0.6832100585158246,0.06038683649749729,0.1493615825001155,0.04778990205979154,0.1306103361233787,0.1771830916404724
3942,0.11352884514690166,0.7439537522584626,0.06134733310386636,0.1588625358402372,0.045049083756408384,0.1337816570069147,0.18575845658779144
3943,0.11474440144114494,0.6848153191725539,0.06546799792854548,0.15394618667768953,0.04665079596686078,0.14002474414916705,0.1867680847644806
3944,0.10600350686090781,0.5951571206136939,0.06667484640977707,0.14217231415319373,0.04558911301025342,0.12721839509948027,0.18768417835235596
3945,0.10775153916777368,0.6499393485628596,0.06216610135755043,0.146133708101166,0.044531344448920776,0.1294848117300516,0.15457871556282043
3946,0.11416527461014435,0.7457414265934792,0.06356694028859626,0.16102043833215096,0.04750535967283772,0.13149443192353186,0.13509654998779297
3947,0.11464672194171334,0.7140936382308718,0.06486241900670296,0.1576097360387271,0.04592092417747443,0.1371891576505354,0.16400493681430817
3948,0.1154181832596065,0.6309612258821622,0.06842472985965202,0.14878708643429633,0.04561057434761946,0.1473020507797416,0.20573966205120087
3949,0.11569286585847692,0.6014437681853442,0.06826774164538864,0.14443574543681087,0.05174698122122519,0.14649549528502998,0.20749428868293762
3950,0.10619380475616312,0.5811253137539003,0.064329084728769,0.1381571174466449,0.045272936766232966,0.13153166564318045,0.22782573103904724
3951,0.10609922426649457,0.526653657359807,0.06757057385370298,0.1331538714974321,0.0489889476440561,0.13239789998405793,0.19834087789058685
3952,0.1104890763390307,0.6216831110083758,0.06891849460636945,0.14788486837808465,0.048279861302210056,0.13220082146207657,0.18821752071380615
3953,0.1095334218757733,0.6468124419488492,0.06362188056652072,0.1469348179068534,0.04774206264578251,0.1308746396748202,0.15252962708473206
3954,0.11455535971326723,0.7303962134382596,0.06483006837838584,0.15991094624408206,0.04644144835636537,0.1344688939360934,0.18788589537143707
3955,0.1144486836441256,0.6792340757989179,0.06487479374345748,0.15264040546566612,0.0470497522663087,0.14000499200586747,0.2145574688911438
3956,0.10492835254859356,0.611317546941985,0.06411491128333428,0.14228671637742724,0.04399780797464452,0.12555401070056954,0.18306000530719757
3957,0.10856023511746433,0.6640850957344937,0.062327191843733594,0.14829260668527075,0.045772416716238065,0.12873375109670668,0.15917044878005981
3958,0.11469248106225977,0.7454734701112238,0.06476059492695371,0.16200529138184944,0.04746478934324521,0.13211800228675652,0.17250455915927887
3959,0.11267479211366101,0.696080800039915,0.0658455963408559,0.1558791968692929,0.04711356131020522,0.13223701490550693,0.16936235129833221
3960,0.11286542596566235,0.5920906566294363,0.07047450607970883,0.14499109901538418,0.04793094794235442,0.14157313031755017,0.17718881368637085
3961,0.11188390413939295,0.5605282670170587,0.07012107072125691,0.14017924162065715,0.04959078428913709,0.14163196371226067,0.19606441259384155
3962,0.10279061690451381,0.5263761443737016,0.06471515851016758,0.13066672791924389,0.04380636300950779,0.1300102419247553,0.19952434301376343
3963,0.1025783365962353,0.5161642972005575,0.0646352094162506,0.1291393648140087,0.04578463760222862,0.12903192352543943,0.2526147663593292
3964,0.11007541475213492,0.6540568703481712,0.06230786614144232,0.14684343817097498,0.04522182114142539,0.1346502886700207,0.24506989121437073
3965,0.11171445627218332,0.676455622506817,0.06278120952572382,0.15044898280873714,0.04587476628834884,0.1354314742885539,0.22659854590892792
3966,0.11790156661121945,0.7531416399336303,0.0644092926255188,0.16279962795524902,0.04894679307174991,0.13895118978222942,0.2668021321296692
3967,0.11757941380269443,0.6807868407736702,0.06685418686258586,0.1545588517070265,0.05043958080755733,0.1439697595071489,0.2952688932418823
3968,0.11108304537079171,0.6719736647266137,0.06378986566208499,0.15067326552844623,0.04918371428368467,0.13060351743406265,0.28203538060188293
3969,0.1097280596332753,0.6564576245155554,0.059312894213004,0.14461928425622564,0.048785226931426666,0.13252321670231132,0.2037394940853119
3970,0.11418395438548047,0.70750640066705,0.059094707614712035,0.15172494947933174,0.05210647941088461,0.135653374281132,0.16122321784496307
3971,0.11390619057042892,0.6706209848174097,0.0621229278402596,0.1490512216941382,0.049685476626087875,0.1393474130384817,0.21656717360019684
3972,0.11452502966316726,0.5678604750451408,0.06757885948845505,0.13904766171083874,0.050630429191418545,0.14897550203423485,0.24673594534397125
3973,0.11534642969758234,0.5871892186604897,0.0665551458559653,0.14093144197089735,0.054042388651690816,0.1466005798735867,0.23106417059898376
3974,0.10907405301486171,0.5710011184801294,0.06648373362535709,0.1385576457474674,0.05211547662345032,0.13311466371631667,0.2817763090133667
3975,0.1079070365722405,0.5039263749051138,0.06996331264455781,0.13195803582463725,0.053391290156285284,0.13456369034035415,0.32797184586524963
3976,0.11293296094660045,0.6050241044629496,0.0693472391921841,0.14587250565943632,0.05375630536247814,0.1358904329589761,0.29875075817108154
3977,0.11599205332829042,0.6622248209420085,0.0680500467020839,0.1529321573077874,0.053773150997682206,0.13811100188551279,0.2630634009838104
3978,0.11791006103954677,0.7191116105876791,0.06814183267437103,0.16113751523341507,0.0523116685347703,0.1374846320615915,0.3270639181137085
3979,0.11845880951052269,0.6893345655857259,0.06730510380410631,0.15616645548719482,0.05186595014215562,0.14373337122825575,0.3146834671497345
3980,0.10806215193296363,0.6009893407103245,0.06539091983873395,0.14190497996324689,0.04838782051324919,0.13066471739871588,0.24348878860473633
3981,0.11185690929610735,0.6536893978329998,0.06604596341459198,0.14999502547436452,0.04878787631825404,0.13367146149575398,0.1880449652671814
3982,0.11397070748976294,0.6935982172807496,0.06822043191580872,0.1575601155393717,0.051834364310566414,0.13019927572815226,0.16699054837226868
3983,0.11159823283815404,0.6512099002025452,0.06747723469339975,0.15086761548042052,0.048001852722437434,0.1328843556274229,0.19375914335250854
3984,0.11080665460970852,0.5376011306592127,0.07329881757824545,0.13962771944695504,0.05018824859204572,0.13862932814257273,0.25986143946647644
3985,0.1149482430803988,0.5811965936758284,0.07027823226295822,0.14326656960765397,0.05430771747281039,0.14323016727569038,0.2611847519874573
3986,0.11102112212781097,0.588822137332355,0.0683631852460596,0.14271446411553038,0.051014697080896516,0.13579506980460665,0.28274330496788025
3987,0.10728099361324132,0.5455982941245964,0.06753829425411566,0.13583257994989859,0.05021577582390883,0.13223042113433214,0.3154085874557495
3988,0.1115527473886503,0.6308137148735926,0.06494170701353129,0.14578056527925431,0.04839819055207144,0.13686364396637826,0.3390001952648163
3989,0.11273343519407134,0.6444761272595663,0.064318026156565,0.14719775488556516,0.04832370224721665,0.13893567179251204,0.3247162699699402
3990,0.11657099183695242,0.7068875323531141,0.06546414490119538,0.1570960573943266,0.04994478309403162,0.13940949212430573,0.2936350703239441
3991,0.1179467519315239,0.6891835723391417,0.06525764193375785,0.15438991770595556,0.05215476409426807,0.14362697123649507,0.3066342771053314
3992,0.11156344807805553,0.6600370953622424,0.06410988402368124,0.1492423427863328,0.049765883155894294,0.13266728451520401,0.2947198450565338
3993,0.1110339246506255,0.6590568567338684,0.06387932156690253,0.14890468373361193,0.04954655644806677,0.13169845763025126,0.2290460765361786
3994,0.11245714362440694,0.6901766028594067,0.06446068254559793,0.15384867116185633,0.04957339227158123,0.1312628394628612,0.19264362752437592
3995,0.11435569289314165,0.6859370572462005,0.06546161584804684,0.15410096461921166,0.04647828281553131,0.13897131395073942,0.253794401884079
3996,0.11571613530705761,0.5906282349619163,0.06903718069820981,0.1435501884501679,0.05027831316386501,0.1486194331821297,0.30968958139419556
3997,0.11548805721004364,0.6042325864672331,0.0673102546364112,0.14401344489795717,0.05383641741848205,0.1444735278007357,0.2884933352470398
3998,0.11026991192925446,0.592003323864835,0.06663632279267519,0.14168875151726948,0.053120908588819404,0.13278380521262206,0.27993133664131165
3999,0.10744840732563142,0.5116402720944435,0.07037101845398196,0.13340948325976218,0.05432388862342152,0.13121641974770062,0.26083555817604065
4000,0.11444258019896512,0.6117882967371624,0.07351732044104449,0.15041317419763273,0.05567021105982728,0.13439413344687662,0.22546686232089996
4001,0.11449120460836011,0.6317541537888147,0.06747018608706812,0.14808218147303193,0.0526560254702601,0.1392048815976098,0.200784370303154
4002,0.1171947387158391,0.7195725784088313,0.06619729906363424,0.15953662468437665,0.05076053229327275,0.1382755191131143,0.25348642468452454
4003,0.11718539844300038,0.6806910489568314,0.06587934760752424,0.1537095906574253,0.04850379502963114,0.14532313324207674,0.2949242889881134
4004,0.10979704090086706,0.6534145007699772,0.06670211065644549,0.15051816638695,0.04700640167520171,0.12910786542300165,0.2296503633260727
4005,0.11750654289817901,0.7256935523223438,0.07018168035561553,0.16382623349371955,0.05185833953350589,0.1344189915711701,0.19042935967445374
4006,0.12197775125820916,0.8129980718683265,0.07304177335438722,0.1787498159992357,0.05090474302058739,0.13449107681772998,0.1886693835258484
4007,0.12135348943207612,0.7886441038547053,0.07319257963280375,0.17539994023593256,0.05171483126251803,0.1349966708770651,0.21145503222942352
4008,0.11829232328225267,0.6853868571635572,0.07210600867239848,0.15971755845684973,0.05170167056105347,0.14031206363552956,0.28080427646636963
4009,0.11493223535513473,0.5614402865506662,0.06992133455965911,0.14013832770123158,0.05475600692608519,0.1455311044277183,0.2568953037261963
4010,0.10898175015709013,0.5462359202060643,0.06730211861538106,0.13572123312833578,0.052048806034715116,0.1354010286643283,0.3165358006954193
4011,0.10951645404101584,0.5706300148391429,0.07077938554201389,0.1421866182987466,0.0522152467106264,0.1310686167295922,0.3811328113079071
4012,0.11300325106794892,0.64062057322935,0.06888145125030971,0.1505584686758869,0.05053448508438375,0.1348026058966227,0.3838319480419159
4013,0.11509438078418706,0.6714408166365622,0.0670072536363977,0.15335490549356406,0.04799071592961231,0.1403321284112351,0.3653452396392822
4014,0.11857674429574677,0.7227354014604173,0.06786214954983506,0.16141547125134678,0.049928697019561596,0.14115989957625874,0.30789023637771606
4015,0.11758565613181685,0.6920451786163442,0.06545843585867663,0.15497082768120057,0.05029642800552874,0.14375170563660816,0.3235189616680145
4016,0.11147500020613631,0.6744795672923987,0.06583255700715486,0.15278212990504683,0.0487220829134221,0.13024006435071456,0.30870306491851807
4017,0.11187136527849151,0.6842013921602879,0.06658834208037968,0.15481877780608086,0.04855299850396919,0.12969595024455782,0.22406508028507233
4018,0.11344927475551536,0.7002648916125267,0.06909708240038083,0.15926391228783018,0.04934233738614662,0.1294550371129375,0.1771678924560547
4019,0.11521488223557406,0.6872496825262098,0.06842777674193255,0.15683090613968645,0.04793804960728516,0.13766808986922846,0.2260342538356781
4020,0.11719521319095673,0.6230985760801844,0.07437904359713694,0.1527675482375723,0.050205004998597744,0.14468585219348223,0.2681502401828766
4021,0.12265547674580536,0.6670162746006728,0.07274814192808333,0.15764358945273899,0.05565853384500593,0.15066320316543796,0.2459818720817566
4022,0.11665369666876191,0.6425951662043653,0.07201370239895652,0.1535253400854435,0.054828708998464815,0.13848787289067546,0.2708651125431061
4023,0.11534056082540949,0.5923874445195985,0.07699050947435242,0.1506186430522447,0.05622210162130646,0.1362008906805188,0.2850947976112366
4024,0.11840249797464138,0.6543196255165076,0.07608283226163733,0.1586880884409045,0.05825067386027875,0.13578545241672846,0.2751070261001587
4025,0.11953660153108604,0.7000301466335854,0.07158262064722153,0.16136083864527354,0.05707851913875128,0.13759121614946496,0.2680022716522217
4026,0.11837648572253491,0.7263506810746347,0.0678606478462152,0.16193065259313227,0.05401292237455963,0.13658470764024064,0.3364396393299103
4027,0.12211604624966586,0.7069845353783559,0.06668819806217242,0.15815910339305575,0.05458454506781274,0.14966843478332115,0.34122389554977417
4028,0.1140270792778666,0.6594018395796131,0.06762465884623135,0.15216425609385734,0.052965569152476855,0.1340858709235907,0.2905864417552948
4029,0.11951225989624598,0.7297796859848543,0.07078567817344393,0.16492767928935972,0.053768893185090275,0.13729921379953272,0.23280267417430878
4030,0.12471846753221189,0.8282511681653136,0.07097640857137048,0.1791585170847909,0.05607489131237152,0.13714655336606552,0.1981782466173172
4031,0.12279804121292744,0.7851583850682624,0.07214055906918158,0.17400024849762172,0.052752259235232926,0.13928616906930263,0.2100682109594345
4032,0.11670841478436969,0.6615633238706637,0.06936205133162178,0.1539622331229135,0.05271006013016254,0.14010988406057515,0.4015418589115143
4033,0.11302204704603672,0.5305103702515179,0.06788493980222123,0.13397428700926364,0.05417733414708993,0.14617796086479165,0.3432807922363281
4034,0.10668012638810492,0.49887778054087306,0.06818380092507481,0.12971151229876027,0.05221997922625062,0.13418029248290397,0.3170570135116577
4035,0.10630442394663674,0.5334844566751726,0.0683276602616146,0.1347786311778372,0.051131239122431324,0.12966602934051613,0.35855263471603394
4036,0.11532381923911723,0.6393262217505007,0.06768310126617814,0.14934640419250994,0.053111008709679726,0.13999026661815644,0.3655279874801636
4037,0.11796418059638607,0.6681240418674863,0.06702179113787572,0.1528935412421058,0.050985855839566274,0.14600702419359862,0.4202655255794525
4038,0.11843284330368437,0.7032679586460429,0.06882708551882717,0.15946149596557227,0.05186137883560106,0.14078280363410536,0.38207849860191345
4039,0.1203801545202323,0.6966930057282797,0.06631156333894145,0.1563660551088469,0.05177340953082198,0.14892339337092847,0.46238991618156433
4040,0.11479393744564498,0.6995469466347433,0.06800518503211887,0.1582254366896366,0.050763843599192025,0.1328177077227986,0.3875772953033447
4041,0.11327076886611294,0.6716695282523655,0.06701005584005572,0.15338998047038568,0.05154214625998025,0.13217900349274048,0.26562413573265076
4042,0.11524657034370503,0.701403149737593,0.06919339259601558,0.1595090721876695,0.052544070221547674,0.13138156883712382,0.18551428616046906
4043,0.1196184449256096,0.7251007521900706,0.07178335701248567,0.16511441346642636,0.05118004071061517,0.13969307614051502,0.23990486562252045
4044,0.12321969397785283,0.69314122410296,0.07528141734941782,0.16354710402849526,0.05293077830220673,0.14943601139973106,0.3051089942455292
4045,0.12590368062643995,0.6937229813773387,0.07207066947137274,0.16087814260079641,0.05915668141863144,0.15370465070571043,0.31888723373413086
4046,0.11727731442510145,0.6501633616537743,0.06729916085802923,0.1505654752574214,0.05957317467066703,0.13864129598195163,0.32292479276657104
4047,0.11830426024305929,0.5964181465925721,0.07544870556585927,0.14987291142681824,0.0625387531384078,0.13947650917384025,0.3322050869464874
4048,0.12206441027504701,0.6679879466139254,0.07528251199214296,0.15995471693811186,0.06077346931119982,0.14253996528823157,0.3462924659252167
4049,0.12168289199553683,0.6899133600148502,0.07078636705898832,0.15923308033839717,0.05787458065269145,0.14465874962052377,0.36645787954330444
4050,0.12410699331568172,0.7465592284012994,0.07315169578376579,0.1693527718719849,0.05398408582119095,0.14587448113659587,0.41761863231658936
4051,0.12526134381386214,0.7072977117099024,0.06875022698248125,0.15997129622925568,0.05115941852228166,0.15972932008052565,0.3922348916530609
4052,0.11514360225281729,0.6619787504513114,0.06641152881141964,0.15149256047426135,0.05132657152538906,0.13917816569555347,0.3081803619861603
4053,0.12194455647264736,0.7420480629907114,0.07214540231235488,0.16784578240926296,0.05132383127545004,0.14357411832565634,0.250990629196167
4054,0.12661198269758997,0.8268532872362043,0.07160562761325988,0.17949815041653766,0.05277827754607793,0.1449410779510838,0.23161296546459198
4055,0.12670566153908883,0.7991774050819243,0.07498752136239632,0.1784432190366146,0.0514499390626188,0.147284055895665,0.2557585537433624
4056,0.1202641710525555,0.6706937988567607,0.06938294857006903,0.15528449861102497,0.05090151136333677,0.15031371166696114,0.4329286515712738
4057,0.11830154219468901,0.5414112762194354,0.07086772402718167,0.13808823148321792,0.05334336157918206,0.15782659710579477,0.38794100284576416
4058,0.11122632408196965,0.5536526683281033,0.06526429457944964,0.13503406225782874,0.05208749814560452,0.1421410258724124,0.43020305037498474
4059,0.10956798992006615,0.5508875232456616,0.07005232574631819,0.13874306824622437,0.050875032131691644,0.13539613444950535,0.4779350757598877
4060,0.11871108500414275,0.6676937919083596,0.06837857010655696,0.15399503036395737,0.050215223601753414,0.14777151154139562,0.4789884686470032
4061,0.12081401384570803,0.6611826392966176,0.06719807154391266,0.1520530097942991,0.04948394978356988,0.15589369844506176,0.5226901769638062
4062,0.12185282491380618,0.7217990176133724,0.06748582275786087,0.16095913630864825,0.048216965059547603,0.15206617981579562,0.49631956219673157
4063,0.12336213537574955,0.7083731803706423,0.06632070369912872,0.1580424860807735,0.048384603740851996,0.15862216868938891,0.550417959690094
4064,0.11437499007232756,0.6966434156465873,0.06318226739504333,0.15367671714526393,0.04888561167521258,0.13728918498098386,0.4707152247428894
4065,0.11698062768763981,0.6816103046310928,0.0709536598907692,0.15819032342510117,0.0493608955472409,0.14008940954021015,0.34904661774635315
4066,0.11890703302615914,0.733784448548999,0.06861155878732482,0.16363625732470682,0.04949289787747619,0.1405063300200275,0.2175282984972
4067,0.12351589906901489,0.7402277252134492,0.07312009313140315,0.16842118342883827,0.049429819063699795,0.14904909525882015,0.2638896107673645
4068,0.12419337982570434,0.7133819059738438,0.06900164798217122,0.16105597055241014,0.04761298621168418,0.15894645735210441,0.2886587977409363
4069,0.12566186688069955,0.6782696785434033,0.0705780546567862,0.1573911437834458,0.05270415026433832,0.16173675163011267,0.3192506432533264
4070,0.117258284304005,0.6534060463442432,0.06542988551308472,0.14942647991753596,0.050572975716315534,0.14746075815639376,0.33226239681243896
4071,0.11971122604586365,0.6512280885919154,0.07310301802999741,0.15569231382455714,0.05226129235428272,0.14724646621964016,0.3919549286365509
4072,0.12390996623753586,0.6934477202464338,0.07112000993209114,0.16002396854842577,0.05455209375340283,0.1529983526391236,0.42397645115852356
4073,0.12251644534269616,0.6903503618838298,0.07038440682549724,0.15895097183383047,0.052837179410968306,0.15160559235321555,0.42779070138931274
4074,0.12295203058670631,0.7568853354904584,0.06793322534932916,0.1663549553694905,0.04756060143329794,0.15094197191100248,0.4979298412799835
4075,0.12692978759647391,0.7309071825111781,0.06853811798947995,0.1631622700640083,0.04887484110066539,0.16352444362121377,0.43674933910369873
4076,0.11504842515102034,0.6616875184504594,0.06467003206012197,0.14995824440159872,0.047931779544246,0.14322939821269176,0.3371921181678772
4077,0.12261328587847937,0.7520009089776405,0.07381255216584073,0.170696603138955,0.04993630332773445,0.14413274300746506,0.3063480854034424
4078,0.1260907861408346,0.8187309023944891,0.06993336824149389,0.17690444454906462,0.05132248682703353,0.14705109693320928,0.26795703172683716
4079,0.12560563884445533,0.7845560894481453,0.07303262486405775,0.17467883409035595,0.04929859052126057,0.14943526028708767,0.3026341199874878
4080,0.12123771757001368,0.682734457481251,0.06710402226582932,0.15505122729660384,0.04857418297959461,0.15523148932586395,0.4323447644710541
4081,0.1192534922828531,0.5767642555689497,0.06987099210034865,0.14228431545300596,0.05109453805058907,0.15874060696220038,0.37201201915740967
4082,0.11143781505454232,0.5619172963645402,0.06245511894199982,0.1338068585737913,0.04908818494423971,0.14642082832171438,0.34939515590667725
4083,0.11288036700052154,0.5841189734041609,0.07073653042024952,0.14407687941795114,0.05004618006056004,0.14056333220773698,0.43072664737701416
4084,0.12171823430880951,0.6922714994790812,0.06749448821043136,0.15674834696309561,0.050889106972818156,0.15304237215530164,0.4140176773071289
4085,0.12082635580774316,0.6790215540885671,0.0680670195203839,0.1553462387444101,0.04816069801221369,0.1542039088092479,0.42300379276275635
4086,0.12098672240326662,0.7270586394494253,0.06650547759544058,0.16087021500315268,0.048717932488535655,0.14932385755375588,0.43118831515312195
4087,0.12409242860292782,0.7095167315319628,0.06821718453262707,0.15983140553253214,0.04896820940149758,0.1585545155907755,0.4619550406932831
4088,0.11558729944649639,0.709801623229793,0.06400896351463438,0.15626505775965707,0.04847686187804174,0.1387158937948786,0.44133949279785156
4089,0.11854162190629185,0.6749643630650148,0.07305899731149539,0.15904547813342673,0.051178243492470056,0.14204370381964293,0.3368288278579712
4090,0.11932063035276652,0.7060184007738376,0.07047248057901952,0.16126475489256498,0.050307088876552365,0.14300637017213025,0.26327255368232727
4091,0.1210037302944,0.7207221414244112,0.07402388852655901,0.16640935322625214,0.047528044030926364,0.14556503570956875,0.223113015294075
4092,0.12428155527145095,0.7293143989594983,0.07120011896378166,0.16521644467745547,0.04776428807117563,0.15541613584143785,0.3280871510505676
4093,0.1289955326918053,0.7018333943077527,0.07497292640773763,0.1645244218220255,0.05555012981934774,0.162172482216263,0.23260807991027832
4094,0.12004374154476843,0.6884129368706381,0.06763830618273639,0.15632039628100805,0.05106727723292249,0.148656074923424,0.3407326340675354
4095,0.11972265067702188,0.6432029707191095,0.07524206035741358,0.15637933326622733,0.05394078167737137,0.1452071887861614,0.41041257977485657
4096,0.12571659870807425,0.7192680082509654,0.07080169860775158,0.16343974284249643,0.055343624937012025,0.15428519964013432,0.48054224252700806
4097,0.12333194363223644,0.7138138620220087,0.07041961797779987,0.16233308141268685,0.05338764710734726,0.15040720753362039,0.5192027688026428
4098,0.1249327018371655,0.759153369079989,0.06894535847031519,0.16754650284312575,0.05119754377324121,0.1521638892628841,0.5304642915725708
4099,0.13021175502462262,0.7392533990752097,0.06893922029290099,0.16469838869037365,0.05381941560627133,0.16687924755814781,0.48202070593833923
4100,0.11827549680754533,0.6793779102730624,0.06816021912113462,0.15547703214283862,0.05079924662152532,0.14476587230193128,0.41026946902275085
4101,0.12384589584160954,0.765193605096071,0.07669512749964401,0.17505205287056214,0.05166524723823559,0.1421985759692282,0.31437018513679504
4102,0.12959468115479875,0.8790316852403338,0.07227983533349502,0.18753009960590059,0.05183082346795354,0.14694456548607415,0.2789149284362793
4103,0.12826683122845803,0.8420633171395826,0.07418222366221841,0.1838795227304133,0.0501230635444261,0.1479815228877751,0.2620195150375366
4104,0.12868155837870382,0.7895555298696837,0.07296086723725963,0.17533153332760593,0.05027533337390843,0.15646827717761053,0.2845226526260376
4105,0.12544259705444494,0.6112413839910947,0.07235239009025468,0.14933653207608896,0.05608187582610313,0.16522603498530544,0.30342158675193787
4106,0.1150036817686051,0.5721925624536088,0.06798393212013998,0.14001373645349266,0.05118252171714941,0.1489633989643523,0.3314738869667053
4107,0.11484500688571626,0.5856153220574166,0.06969944826486595,0.14340171594951603,0.053922652938906676,0.1431649461583499,0.36852312088012695
4108,0.12449414748687934,0.7012818049452352,0.07076366299775276,0.1608376832759645,0.053845537040291984,0.15451108781219375,0.36551541090011597
4109,0.12547827930185493,0.7058300469346366,0.07298613895485652,0.1633924115233965,0.05152547988013562,0.15701211310201046,0.35525113344192505
4110,0.1262035872558152,0.7503080756371607,0.07019340005885458,0.16735263942718404,0.051453710379278886,0.1556043088728368,0.3798811733722687
4111,0.12948130108282765,0.7331635894829952,0.07044737172584305,0.16512111711972194,0.05272785739887077,0.16545572527400743,0.4431896209716797
4112,0.11954966070395688,0.7172779041412605,0.06665381022890925,0.15960010935924515,0.05266598909682574,0.14302873078681938,0.43382155895233154
4113,0.11880132775163484,0.685053713118908,0.07307565764861418,0.16050109414437047,0.04997699749777646,0.1425353211301173,0.3321904242038727
4114,0.12244536518299368,0.7686422171786371,0.07454076010049275,0.17369811111165623,0.04938584832524264,0.1415262897459461,0.18854743242263794
4115,0.12400239946487955,0.7808495475723053,0.07633596432799987,0.17698076193432918,0.048273119900486175,0.14390945192295523,0.22374577820301056
4116,0.12865965784577457,0.7953837246951828,0.07487681183708668,0.1778063708168147,0.05119465760005239,0.15343815921112136,0.21252135932445526
4117,0.13139691007504736,0.7248691939873666,0.07879174132238415,0.1710885202745245,0.05683282763472438,0.16191032328578744,0.24437636137008667
4118,0.12155354569248114,0.6883749415265465,0.07032184966637343,0.15861514850354103,0.05348735637792239,0.14868255888304266,0.3150827884674072
4119,0.11966975325197077,0.6464195706491505,0.07582632799913847,0.15733964837771158,0.05287701654625177,0.1451522396344517,0.3588097393512726
4120,0.12418411304638947,0.7262794130004684,0.07197951883365218,0.1654509322860545,0.05483814676214192,0.14875336671039918,0.4166402518749237
4121,0.12172430066912537,0.7090665778606403,0.07149812185583969,0.16257932985652548,0.05192813462293279,0.14704779542056876,0.4152684509754181
4122,0.12505934935594992,0.7700583775959076,0.07199462196700208,0.1717180156282743,0.05143939707511819,0.1486504746133938,0.41561099886894226
4123,0.1289532513304822,0.7358626478352628,0.06998169227299796,0.16510754306760722,0.05274641475821799,0.1639992280612289,0.3792414963245392
4124,0.11783492043381391,0.6724577681345797,0.06902277971715347,0.15522777806250007,0.05070576364016078,0.14385418220316004,0.3285861611366272
4125,0.12038450849047223,0.7400905536952911,0.07503945091446217,0.17004675131172345,0.049995099793781264,0.13852077863148207,0.26544710993766785
4126,0.12681417040850707,0.8684002980191725,0.0710263917151547,0.1849369497585858,0.049386069448997025,0.14370632681675943,0.236717090010643
4127,0.1269919493501776,0.8511314733689233,0.0739515809516274,0.18497727986838397,0.04885195043627695,0.14462728419641013,0.2640162706375122
4128,0.12717499934219836,0.7941839789338436,0.06929747857865269,0.17285269291510855,0.052214533790250685,0.15279742482385616,0.3074200451374054
4129,0.1235812591562003,0.6064708993197805,0.07100530762288638,0.1475003921510141,0.05551492542794445,0.1622100597979621,0.276131272315979
4130,0.11271602750667013,0.5503497058752218,0.065364408118629,0.13464802208385654,0.05390886856604633,0.14498179632467786,0.2505555748939514
4131,0.11207860947193303,0.5634891850933788,0.06992836604555122,0.14043705448095514,0.050616466035374896,0.14104434559602708,0.28078538179397583
4132,0.12279108720174996,0.7057278585113663,0.07136258869598364,0.16198619866960975,0.05339913979824086,0.14921331864544307,0.27200204133987427
4133,0.12335847531768009,0.7208420848708261,0.0708336363304455,0.16369198612192842,0.051117178174597204,0.15127778836416028,0.2762942910194397
4134,0.1253993563100445,0.7510083310359892,0.07255704717857343,0.16947865915820426,0.05206863907821957,0.15099434389575161,0.289396733045578
4135,0.1287351654437763,0.7258690402688436,0.07148767094267558,0.16497072370355673,0.05582112254006014,0.16082883950722004,0.35209545493125916
4136,0.11574867787791153,0.6872205414942647,0.06690311957293676,0.15551989413312647,0.05168366911969006,0.13700574631804224,0.3335709869861603
4137,0.11656177028282935,0.6590778148137657,0.07137898431241413,0.15533596009832148,0.05279556352009174,0.13842978511166915,0.2862607538700104
4138,0.1213166352746454,0.7434982020129026,0.07345358904498288,0.16917424804039996,0.05284150978571559,0.13935695890742372,0.1695571094751358
4139,0.12280312952851678,0.7630797094189461,0.07683646391674265,0.17487121327420027,0.05125578828760312,0.13984747983684315,0.1429794430732727
4140,0.12557354397586357,0.7831653266304646,0.0729428279444065,0.1744031848995577,0.05215545278999646,0.14708843795526494,0.18782271444797516
4141,0.1295891784671178,0.7200022735626403,0.07698393187561625,0.16884369497376256,0.057785481027866015,0.1580697117831489,0.2160712629556656
4142,0.11845346163455993,0.6873807135375095,0.06868664700655384,0.15707151365383323,0.05151043626379922,0.14323781331711144,0.23106534779071808
4143,0.11812201889570678,0.634155544829778,0.07616976304805402,0.15588201758830028,0.053195907481291056,0.1418923675273012,0.2697409689426422
4144,0.12349438305932804,0.7230961902219921,0.07334968125388278,0.16617061110646983,0.054921125499087835,0.14615428388328913,0.30967822670936584
4145,0.12195562281991243,0.7083084933641841,0.07209518715281715,0.16298280232586956,0.05386515772501156,0.1456359977102382,0.27938011288642883
4146,0.12499869979089415,0.7704043915053284,0.07359126679441957,0.17313599889597797,0.05370203403743186,0.14526314560822529,0.2925749719142914
4147,0.1286034366636829,0.733139820927461,0.06922032669018356,0.16406596872408036,0.05555886720766872,0.1614877193848475,0.2771686911582947
4148,0.11632607192484233,0.6751456155303772,0.06920976460830679,0.1557720290257454,0.050521791405750895,0.13938960491575714,0.253120481967926
4149,0.11936420717564293,0.7216148096319991,0.07538509808398076,0.16770362830512625,0.051505156303396506,0.1364438832005607,0.23726272583007812
4150,0.12616541897885258,0.8612096135929935,0.07100064222025793,0.18388763813064873,0.051980467808403534,0.14057030949517385,0.21319341659545898
4151,0.1270381956722536,0.8255575047197097,0.07478393507620708,0.18203730216813602,0.05312784467841809,0.14358553460796258,0.228966623544693
4152,0.12374986116068722,0.7425145193017122,0.06823296193189965,0.16455889869901572,0.054088965669135014,0.1489952368697579,0.26301485300064087
4153,0.12350011736846657,0.5950232738003878,0.07228161562642373,0.14695899536556145,0.0587075577248865,0.1596670888091411,0.22869256138801575
4154,0.11134156686435057,0.5528535181602519,0.06622834931159506,0.1357462305756889,0.052474328935102406,0.1414963193050217,0.19862915575504303
4155,0.1102935769114974,0.5396035960299917,0.06884785485754867,0.13609867502504056,0.051514570947939986,0.13914574628025986,0.24257898330688477
4156,0.12009615020713506,0.6845236323973584,0.07083600103748967,0.15850566266032806,0.0522280294773595,0.14587243244914475,0.2420174479484558
4157,0.12233273721927174,0.6938390293804169,0.07125810440814487,0.16019823654704088,0.0513518977846108,0.15130865981280206,0.22563539445400238
4158,0.12530595189752544,0.750609242526383,0.07336937134896483,0.17011792437431028,0.05236523128135503,0.14991860651948777,0.22223368287086487
4159,0.12679346154729837,0.7213784844364356,0.07106350383963772,0.16396564392489457,0.052406634748095336,0.15935627541620437,0.3003253936767578
4160,0.11577029388736979,0.6842530479284998,0.06587518941013387,0.15421488348418613,0.052698987265718075,0.13731867128410072,0.3036487400531769
4161,0.11461730703975648,0.6589418175254727,0.0699483701175028,0.1540902911757842,0.050919462187796784,0.13581406016619696,0.22633598744869232
4162,0.11980473339267562,0.7957607575315291,0.06996931159368637,0.17365380387052104,0.04821344818578754,0.1353291712805879,0.14266525208950043
4163,0.12407208090314024,0.7910606326583418,0.07271426327129403,0.1753351731837294,0.04863111305070696,0.14522772202850387,0.16551707684993744
4164,0.12450430297746658,0.7672141595444353,0.06779316139017483,0.16771044684078346,0.050427849352652265,0.15151582401877686,0.2064555287361145
4165,0.12971173514736747,0.7277536542167503,0.07269012544755278,0.16627062955743815,0.05723997822062626,0.16113548984945422,0.24912075698375702
4166,0.11857931912770442,0.6688910050640642,0.06959106192184944,0.15520533951359441,0.05366508820972111,0.1433315033432861,0.2748180031776428
4167,0.11978362833959592,0.6447607601009281,0.07413110884555306,0.15564963045346378,0.05484538703706011,0.14522183762968038,0.3010505735874176
4168,0.12461817402474788,0.7277610615810706,0.07783439234669608,0.17068105938017814,0.05607909281014085,0.14428484540152758,0.2984653413295746
4169,0.12487175000993397,0.7288521881413772,0.0747143408143196,0.16816260471818498,0.05487178906224851,0.1482422179694391,0.25888189673423767
4170,0.1286333398684854,0.7783938556076431,0.07728354089982704,0.17744215728665788,0.05448620501366054,0.15080436762555627,0.2856769263744354
4171,0.13110961555774764,0.743761038126911,0.07439219098214415,0.1700163120028251,0.05611152005070625,0.16268958973696607,0.28007209300994873
4172,0.11880662372147256,0.688549172519705,0.07205581627352906,0.16012629573726847,0.05287028107206878,0.14034621052587948,0.21158351004123688
4173,0.12102241188957409,0.7176932536787543,0.07483674965317556,0.1666733930854011,0.05140469584420009,0.14199330488292772,0.16032126545906067
4174,0.1277383978399176,0.8635803379432168,0.07284218370458911,0.1858047771672502,0.05132495398347324,0.14379207930289037,0.14659623801708221
4175,0.13046702564872242,0.849053204783887,0.07691470450513342,0.18722020454495536,0.05208707386563999,0.14939045192471578,0.16324388980865479
4176,0.1281837781803114,0.7730643053110698,0.07100145341688886,0.17129614654462902,0.054026159886748686,0.1553483718684009,0.25437119603157043
4177,0.12503678344040312,0.6168088025733588,0.07194566966754923,0.1497832600826649,0.05846657797350622,0.16163254616195893,0.2591365575790405
4178,0.11308757708180468,0.5509056038998017,0.06685163671263004,0.13600220345365457,0.05423330199321425,0.1445347697089527,0.21414217352867126
4179,0.11187887790246168,0.5469326348364548,0.06940057417568765,0.13761943998436868,0.05256433541559002,0.14125611075680572,0.26724743843078613
4180,0.12296263395119324,0.7190841349728586,0.07035803212983817,0.1630331896788411,0.0521693270998268,0.14984504118444697,0.24001245200634003
4181,0.12341036755816179,0.7054653999996434,0.0698189490731289,0.16062558491977383,0.051501031451820375,0.1537677214598,0.23794850707054138
4182,0.12653770772498774,0.7640468993105272,0.07106162971097689,0.1700595253680555,0.05295119583897306,0.1528443151875663,0.21772779524326324
4183,0.13063518777591557,0.7485006141839277,0.07212015056535313,0.16874593108229233,0.05680387335424058,0.16189068750180147,0.29156580567359924
4184,0.11829052406522113,0.7115578818167076,0.06794436279222556,0.1598891512242944,0.0523493515748557,0.13959025123010171,0.31729209423065186
4185,0.11683356679587197,0.6499414374449501,0.07203979048419368,0.15459716862144463,0.050910397988751264,0.14147318790472652,0.25863540172576904
4186,0.12040230897761656,0.7735028346459576,0.07095622315433095,0.1713200247959919,0.05132317497693011,0.13629354988713874,0.16199319064617157
4187,0.1259603868887246,0.7831853794999638,0.07499994149827516,0.1761692897842307,0.0529396626340769,0.1459207305779735,0.17303228378295898
4188,0.12698098356850906,0.7971095805970578,0.07210494503861893,0.17567703583268163,0.0544075119613472,0.14787372549362465,0.16204890608787537
4189,0.13186332408922163,0.7497046046522644,0.07996545514525105,0.1756424765033958,0.05943501170745998,0.15693133906086065,0.22584213316440582
4190,0.12096053418100285,0.6913161146081944,0.07299469518350706,0.16132632652989098,0.05452498983759829,0.14377156717620465,0.2124435305595398
4191,0.11859350190706097,0.6193361841154281,0.07723200953664695,0.15467546304790142,0.054067875467800196,0.14348170904317872,0.2551095485687256
4192,0.12424303371172142,0.719788641985829,0.07958539592062723,0.17104300250137033,0.057490002909135245,0.1417019629730415,0.3017922341823578
4193,0.12381906670424345,0.7254264934455745,0.07552471405420265,0.1683678253958272,0.05588895929303844,0.14427774683391204,0.27848413586616516
4194,0.12744484806419082,0.7712699781409511,0.0776838557810003,0.17676758754670757,0.055195412002384515,0.14750570757106912,0.3041718900203705
4195,0.1295709750908571,0.7462983568885629,0.07370985792542205,0.16979392920587075,0.05750436661552256,0.1574341726561379,0.2938125729560852
4196,0.11801317391747954,0.6932458538757502,0.07365400397825557,0.16216712539218334,0.05148633153703687,0.137589453460001,0.270529180765152
4197,0.11768643411189879,0.6915684316590257,0.07541242225264881,0.16343470931070264,0.05039351598388512,0.13653799667495733,0.22191445529460907
4198,0.1285522565154472,0.8816358175199723,0.076365017093717,0.19140370286889632,0.049096509745865095,0.14308101937956355,0.19555333256721497
4199,0.12899791334530394,0.8403326905382208,0.0745635990327127,0.18395918353349958,0.05128290489760139,0.1489074343223725,0.220604807138443
4200,0.12489854948343289,0.7300885588540422,0.07100277618009208,0.16515788799065634,0.05409677726826576,0.15162317897788363,0.30239635705947876
4201,0.12168180563025914,0.5836526593959724,0.07094748939223955,0.14419108510705853,0.0573488538847361,0.15827751886539232,0.2638763189315796
4202,0.10980161832058775,0.5267821031286186,0.06615468722029476,0.13195860377862675,0.05339769723843938,0.13976768699168352,0.23902475833892822
4203,0.10992502057042987,0.5378934707913787,0.07273849112997179,0.13918920251017278,0.049627201143040756,0.1370794533721203,0.2702840268611908
4204,0.12061848506275896,0.677298176921884,0.07303486747498648,0.15935819739597185,0.052110508971450024,0.14666571585109306,0.24721314013004303
4205,0.1229415011462402,0.708966790568604,0.07086066755559589,0.16201868512888276,0.051311069080890497,0.15142559321860893,0.23959939181804657
4206,0.1248747579052071,0.7509506567090458,0.07140367470220028,0.1684818149888925,0.051998080295194274,0.15048567586574363,0.26348018646240234
4207,0.12919666346298186,0.7483124192707862,0.07184055252039888,0.16847939062759704,0.052215726476570794,0.16218259705705323,0.3402305245399475
4208,0.11792142430490152,0.7259728272638271,0.06909470857146803,0.1629344398132336,0.05172757775995153,0.13645465146194216,0.3266310393810272
4209,0.11371873209532138,0.6526235920706815,0.06971947798234988,0.15299149428068295,0.04945265083458066,0.1355878862862781,0.2426200658082962
4210,0.1183988487067595,0.7407465565625736,0.06867587477595347,0.16468597217404204,0.04954417025095315,0.13814545932171785,0.18664193153381348
4211,0.12418348325477165,0.7815438411538452,0.07451697748383936,0.17552081515098303,0.05025887636029347,0.14394734887825508,0.17979395389556885
4212,0.12714916995323788,0.7864617345659293,0.07374235816432086,0.1755594119359792,0.05179841617484312,0.15072211777443462,0.2282475084066391
4213,0.1323908667800779,0.7751982732782177,0.07955219216493907,0.17893020375255028,0.0540070423770968,0.16025479328177294,0.23662549257278442
4214,0.11987227733571007,0.6893842951163791,0.07418008902069696,0.162066404177223,0.05184629037962497,0.14247515493596072,0.2663954794406891
4215,0.11945853937258422,0.6209102018774719,0.07931169990518733,0.15668291447265656,0.05258219948608668,0.1454040085607063,0.29902127385139465
4216,0.12512613169746276,0.7199293833429559,0.08160868295556145,0.17279735443947494,0.05513176716589411,0.14465888076332473,0.3080863654613495
4217,0.12481967895154461,0.7322898095989785,0.07771670410306868,0.1712271477453415,0.054109381395273604,0.14608465411870952,0.26930132508277893
4218,0.12785775619287054,0.7865985176374477,0.07787956791633233,0.17912513216220596,0.0536969974221708,0.1478894661440643,0.32244783639907837
4219,0.1289060133314493,0.7476888541970002,0.07337066162758056,0.16970183199464053,0.05561285175839768,0.15734118837757716,0.33652064204216003
4220,0.1180504014795912,0.7058092787410324,0.07308577557299634,0.16347484745414434,0.05312294570345888,0.13511553505597293,0.2784728705883026
4221,0.11794729522347248,0.6738299461481196,0.0750216022351958,0.16056565136561352,0.051364050370512684,0.13891657284543885,0.20870403945446014
4222,0.1268313752644722,0.830134610134837,0.07489912171264111,0.18278990577295476,0.0529982942881951,0.14247160692379235,0.19803501665592194
4223,0.1288367339945634,0.8308110152992512,0.07656794796337983,0.18431695758279001,0.05254648590157706,0.14704550543622819,0.21883143484592438
4224,0.12417073685336888,0.7353102618250763,0.06849790284648703,0.16375681127199979,0.05571045472876342,0.14943566859609664,0.2820567190647125
4225,0.12334726962051615,0.6190138263387026,0.07310744464524611,0.15109407060145416,0.05787115839718683,0.15636041608260853,0.26406410336494446
4226,0.11234765500553003,0.5620463820688508,0.06820308550980204,0.13875212787538044,0.0550374613031817,0.13939016073396576,0.2390061765909195
4227,0.11075178679556495,0.5448295566234246,0.07376223475488337,0.14105756645038925,0.050908931593814044,0.1365967278991257,0.3001540005207062
4228,0.12010363081686397,0.6918086077056269,0.07175904452395042,0.16033755354990417,0.052491642013242856,0.1440594386286223,0.3114948570728302
4229,0.12109926479547874,0.6866807865901143,0.06942846499395067,0.15760736807911688,0.05152802886911266,0.15002950585786567,0.2791040241718292
4230,0.12486797303464003,0.7640316039014716,0.06947159298729443,0.16869445168931976,0.05129226490676424,0.15089854882368664,0.28560253977775574
4231,0.12856055016433388,0.7579490632670763,0.06827908283675148,0.1668033657553693,0.0532817390474647,0.1609670462494384,0.36991363763809204
4232,0.1177069466646118,0.7425378552371327,0.06504494877097092,0.1618296496947083,0.052188843485677885,0.13642792179484448,0.36621522903442383
4233,0.11439152990216991,0.6708356344349131,0.07158104055486265,0.15718883968058414,0.04820701199182207,0.1348553370176118,0.18707014620304108
4234,0.1253931875718713,0.8698848290899891,0.07165166778221851,0.18568497654047147,0.05060614323101492,0.13807653602259545,0.14279817044734955
4235,0.12812974872827734,0.8421563991503607,0.07405926053401127,0.18378742319348976,0.05126749437432405,0.14668375613092555,0.21282382309436798
4236,0.1289665789890057,0.8193024325527858,0.06980082764969678,0.17687248549299522,0.05299901207090111,0.15352053185135642,0.2547825574874878
4237,0.13501365557395442,0.7922938635973272,0.07867205129507952,0.1806180244811149,0.05757245121367893,0.16287088659543003,0.28096118569374084
4238,0.12181181783786696,0.7031691292767117,0.07510721894695672,0.1648303489940646,0.05522937320761032,0.14243024212766853,0.27600163221359253
4239,0.12339669329507887,0.6540253188346432,0.08289187258287224,0.16448236490455384,0.05499554077664889,0.14729773909041458,0.3466818630695343
4240,0.12889225562633852,0.7471774814327421,0.0820191491436115,0.1770417680420587,0.057502532797120795,0.14922743973814886,0.41420260071754456
4241,0.1285176451018226,0.7449472169869726,0.07840780368747918,0.1736277198731211,0.055795327410605174,0.15267835765675158,0.354420930147171
4242,0.13102883205991267,0.8077112638705252,0.07744466977930699,0.1817684689351953,0.055623956682354474,0.15261091574940375,0.41373616456985474
4243,0.12991200275686945,0.7572776493799874,0.0723809614722149,0.17022334545903955,0.05547316731320899,0.15977355890567352,0.3839353024959564
4244,0.11895055066353172,0.7166814342522948,0.07152425481830946,0.16368956616602162,0.054642433832291885,0.13607351432618792,0.3228793740272522
4245,0.12017702178822862,0.6842763255263631,0.07582970701628071,0.16275065251772108,0.05213484038529922,0.14246200362748596,0.23470987379550934
4246,0.12898849539215676,0.8455695357334687,0.0748120801138039,0.18492028805947028,0.05121042508101218,0.14810398833050903,0.2195332646369934
4247,0.13031723686683075,0.8171910418350484,0.0775432079004006,0.18320718417677886,0.05210062811939201,0.15247806562463512,0.25181540846824646
4248,0.1255656964592035,0.719604651576314,0.07153525486939087,0.1641165972560942,0.054318519090444495,0.15417493845958835,0.3309580385684967
4249,0.12346390133810564,0.6073522914072225,0.07304583834105498,0.14937533163622177,0.056811485984662256,0.15911226326151698,0.3338024914264679
4250,0.11153556712311823,0.5500790519241161,0.06826555144536324,0.1370960515137565,0.054804952036356915,0.13880943148222588,0.3024753928184509
4251,0.11219507770275267,0.5546883992834928,0.074383634099057,0.14299860055397642,0.05237793900675975,0.13758199156692566,0.3807712197303772
4252,0.12325875204935466,0.6995019676531844,0.07349164301752083,0.1629216893940442,0.05259727435569757,0.15038247485470124,0.3776666522026062
4253,0.12454804040461803,0.7060696482182225,0.07216083933530536,0.16271924060429352,0.052971201145695306,0.15377797458145942,0.3532923460006714
4254,0.12869183876605028,0.7852578687347769,0.07284652095914719,0.17461957064137998,0.05398783972475525,0.1538710725362699,0.35599035024642944
4255,0.13012588735240882,0.7727887270194975,0.07177480876437477,0.17191965422939232,0.05310666398679175,0.16094816177996318,0.431328684091568
4256,0.1191982472921051,0.7566400004552233,0.06795251614063473,0.16633644247129023,0.05283387746518183,0.13602115010887594,0.43974769115448
4257,0.11815576038822086,0.6836689077418459,0.07447164454490147,0.16149982500160778,0.05185087332929318,0.13824648002806902,0.23188897967338562
4258,0.1277849899046686,0.8584379287375844,0.07562597518374602,0.18745625426286575,0.05083424543448565,0.1429045350026562,0.17280177772045135
4259,0.13101261584974272,0.8261531916939033,0.0796009408188139,0.1862512623723981,0.0527548085223874,0.15115438155385513,0.26385265588760376
4260,0.13050795103364238,0.783947984851103,0.07757660788308472,0.17848680459280164,0.053821847359708685,0.15562679488407,0.3476807773113251
4261,0.13110087692470404,0.7391309419253219,0.08321717695975805,0.17691914338341003,0.053336007150187235,0.15905415482603855,0.40732020139694214
4262,0.11796643155103649,0.6652403434901417,0.07693785398873798,0.16098106677465282,0.05164523838075245,0.13835966975437072,0.3703889548778534
4263,0.11973959439933339,0.6035690895519235,0.0839191101012504,0.15815482145134657,0.05264523958839488,0.14483383118839313,0.3790077865123749
4264,0.1271706181269851,0.7321853210140912,0.08284460934359872,0.17560756815366907,0.05432196382088456,0.1485308593714746,0.413472056388855
4265,0.12850160461665538,0.7253231611590472,0.08028116192823377,0.17243001896120713,0.05431651991904069,0.15497619117558542,0.37179163098335266
4266,0.12960809873804335,0.780411348859221,0.08129413111627666,0.1811680193652687,0.05328571869882737,0.15127525072353515,0.4245762228965759
4267,0.1291966772776563,0.7352661474642305,0.07444494495633736,0.16884797388603637,0.05510469720456295,0.1593322753092804,0.4391239881515503
4268,0.11704662678474,0.7024635298149118,0.07517838172750956,0.1647905457399956,0.04903997859427722,0.13477651486554632,0.3812006115913391
4269,0.12106554190120528,0.6781130830057496,0.08066697887591052,0.1660164223230304,0.049222609133324914,0.14459608770400362,0.2583554983139038
4270,0.13144776115082732,0.854300476088963,0.0809864476533734,0.19145988028702907,0.04811601201037364,0.15185243740454774,0.21288159489631653
4271,0.13346170330475793,0.8305190500507137,0.08389432115335882,0.19055499671012383,0.04746804438194417,0.15874952313252483,0.25332972407341003
4272,0.126419230832363,0.6989813238612987,0.07683354768421558,0.16571180142379888,0.05068355481727477,0.1583069480780588,0.40121978521347046
4273,0.12277324755335974,0.6035877674231034,0.07536015051637769,0.15082123864590993,0.05220879338904865,0.15997515274115048,0.39112338423728943
4274,0.11073744766160139,0.5557315110356078,0.06895241167947501,0.13849228301606542,0.049793368480310504,0.13977803601007488,0.36156898736953735
4275,0.11205448754055959,0.5610314990715792,0.07621441432433981,0.14547399785965973,0.04779551257927868,0.1390390191024678,0.4090411365032196
4276,0.12237314068487777,0.685573964517478,0.0733252694462603,0.16078936874214853,0.04810157687473258,0.15374655946864288,0.3804623484611511
4277,0.12567584313732272,0.7244855047981512,0.07267490823560732,0.16579070774454216,0.04855314784670129,0.15805769498529942,0.376045286655426
4278,0.12815137445011435,0.7812041790002715,0.07297611207905512,0.17415155021065745,0.050249620807598365,0.15606525509684055,0.38244765996932983
4279,0.13073487787764992,0.7737641362958743,0.0697507721553995,0.17032410988975302,0.05218636415080372,0.16482424937805012,0.47928375005722046
4280,0.11977930104636071,0.7635224005271861,0.06915029942500654,0.16834631386817506,0.04965360366481094,0.1386431500361292,0.3941025137901306
4281,0.11827645284393797,0.6997998435375378,0.0763626315650326,0.16542509041824766,0.04811019606989026,0.13841686964370878,0.23512418568134308
4282,0.12932729748233493,0.856104359440233,0.07953122654273799,0.1904702455280944,0.051158667529000494,0.14422476915146298,0.1974184662103653
4283,0.13271465954029507,0.817345814781516,0.0832791650731431,0.1881458293171964,0.052429090595697767,0.15446225881202907,0.25068122148513794
4284,0.12974215004499456,0.7534155940026281,0.07892648560612774,0.17528207251991354,0.052869978056274615,0.15715786836957044,0.34456729888916016
4285,0.13030164546106568,0.7228344474476954,0.0831194404491093,0.17450729859176445,0.055070174488116894,0.15744923607303446,0.2662794888019562
4286,0.1184879292886864,0.6561897617987711,0.074799961596135,0.15785564733936872,0.052777024318743204,0.14153821784303966,0.2842157781124115
4287,0.11814206251094879,0.5742512240187277,0.08516615103336296,0.15503544717412934,0.05427167681531087,0.14174693841434893,0.3689228296279907
4288,0.12600192324124257,0.7036322560313515,0.0846206741236095,0.17305090011042976,0.0544228185892962,0.14746578505115687,0.3497573733329773
4289,0.12648902360627165,0.7086607458796096,0.0779053133549144,0.16801323228701373,0.053716491359554884,0.1538313067264995,0.344995379447937
4290,0.12735232221280415,0.7811512635051732,0.07552321156167302,0.17632721898217305,0.055429230470193276,0.1474319928143909,0.368425190448761
4291,0.12679748465171106,0.7325883021269669,0.06993984908991281,0.16460391380949196,0.056785541138680236,0.15497730971255477,0.36606645584106445
4292,0.11737552481750026,0.7117959293801408,0.07115632034516102,0.1626762644930153,0.05517696664808563,0.1321611159996624,0.34308820962905884
4293,0.12244901697804823,0.7081992204903567,0.07819110720950222,0.16819226624962427,0.0564271101093848,0.14019284237549967,0.25427427887916565
4294,0.13241363003826406,0.8721862264815681,0.07925079129414335,0.192527282035204,0.057181764360505594,0.14564206700898025,0.226388618350029
4295,0.1314630352861009,0.7951777585330693,0.07989522867102189,0.18207844722274297,0.05537813855639519,0.15374883448003163,0.27875959873199463
4296,0.12496103483209176,0.6803148874315447,0.07281113919427601,0.15959738894245726,0.05813877702713312,0.15312370056486077,0.36743247509002686
4297,0.1201171368504244,0.6063657614700143,0.06759916290088736,0.14456581983933406,0.0604876555889781,0.15090033533889394,0.37152644991874695
4298,0.11138826285923331,0.574366638235658,0.06385715704463812,0.13678708292906955,0.05519303970640025,0.1383351155568556,0.3352501690387726
4299,0.11404594114464593,0.6097819170587204,0.07319709160825028,0.14985206667260315,0.05306951914135503,0.13606995056056284,0.37972337007522583
4300,0.123307029579535,0.7048160267369874,0.0756239135498295,0.1655085011479949,0.05180605268588011,0.14894409673908054,0.39471349120140076
4301,0.12708069273855227,0.7398497830532027,0.07272535740497278,0.16802884678329136,0.05353211236794708,0.1556060657736851,0.35258758068084717
4302,0.13002956460142426,0.8168196178732787,0.07143029213323276,0.1779144815246679,0.054383162247559354,0.15432086435321787,0.4139977991580963
4303,0.13008281469686464,0.7964725950117231,0.065867622523,0.17023976144996045,0.05704261370994516,0.15885566215146038,0.49340420961380005
4304,0.1224180639799303,0.7998062330217965,0.06550766113880498,0.1704074571220895,0.056475781766291804,0.13812684191747476,0.46675488352775574
4305,0.12059165843416654,0.7041023587270752,0.0708902509797094,0.16134912351504735,0.0549801279420208,0.14233896566902332,0.39166104793548584
4306,0.1275506141841921,0.8025360361989597,0.07551022829437655,0.1793710579950313,0.05656732218165935,0.14431810635192405,0.2588818371295929
4307,0.1316038550011838,0.7966971347199618,0.07900642023226684,0.1815336651590804,0.05618739857302124,0.15390467048766646,0.2881333529949188
4308,0.1302640142798806,0.7823475970270158,0.07425621345678478,0.17541212539538922,0.057683183632878776,0.15426764386993722,0.2557970881462097
4309,0.13011981189509808,0.7491532370291637,0.07697519000546606,0.17300062529456572,0.05626469235405367,0.15722232976897776,0.3329566419124603
4310,0.12188212803446428,0.6830008823523583,0.07760813998195677,0.16409281746344268,0.05389284983502591,0.14443839320861676,0.3131679892539978
4311,0.12086705984672683,0.5841209982075337,0.08704576759774417,0.15805651482771407,0.05394949314056208,0.14687915760625708,0.32705679535865784
4312,0.12964076272881034,0.706656643330894,0.08520746550248176,0.17398591947796918,0.05601431910453443,0.15526188874453772,0.4560430645942688
4313,0.1308857275316826,0.7144682572061933,0.0775583958969165,0.16854551894109893,0.0573271563047595,0.162297159872001,0.47229087352752686
4314,0.1306836618155456,0.7969923479727141,0.0758069418213826,0.17883342841442998,0.05776754976366161,0.15235421408692032,0.46058157086372375
4315,0.12751270900827427,0.7507956286297154,0.06355811034657641,0.16173489867273913,0.05613740106451665,0.16002168750265544,0.37532633543014526
4316,0.11702231210897121,0.7319342301957863,0.06563714747016237,0.16082244500239437,0.049020267346385496,0.13819898499448846,0.3232707679271698
4317,0.1208160246322723,0.7403922741578819,0.06595537593172628,0.16230350424974851,0.04990862580006391,0.14655845394516298,0.2452176958322525
4318,0.12734591670046652,0.9188443537675233,0.06458107897802742,0.18661868966224113,0.04492081595215983,0.1476042035136821,0.20487545430660248
4319,0.12478532436041982,0.8123783378892308,0.06481552976080955,0.17161021663629827,0.044366325712433756,0.15418016743601393,0.2771466076374054
4320,0.12021944973969778,0.7121036370942149,0.056341582388799216,0.15002187591814428,0.04664792985734625,0.15851740673061468,0.31986111402511597
4321,0.111351604566401,0.604988962626553,0.051033080582049827,0.13016963515983598,0.04263076394384341,0.15501656334188324,0.32804784178733826
4322,0.10737249942049885,0.6007448619437181,0.05699310901531369,0.1346719308622286,0.0374572807961689,0.1446613132052741,0.3268633782863617
4323,0.10700183396717869,0.5997788547273724,0.06323465021730723,0.13988382229017365,0.03926661320284862,0.13749841235334687,0.37659788131713867
4324,0.11578118622098695,0.7148766439187708,0.061196072464642814,0.15457901124380394,0.038124967118243584,0.1497822810409225,0.3680163621902466
4325,0.11838616972843209,0.749260025660867,0.06010390137368569,0.15855477627185444,0.03723588234378911,0.1542451404645002,0.28422942757606506
4326,0.1183806948242207,0.7962373533171422,0.05811403105865759,0.16356021995272685,0.03924209526114321,0.14809488495447065,0.3146132528781891
4327,0.11649956236679229,0.744821968628788,0.05363627913008225,0.15237709191561163,0.03900608968466908,0.1529135126084332,0.3931194245815277
4328,0.11087527198942074,0.7797158581061064,0.056309664345608725,0.1596534063113941,0.03694562552505883,0.13288284511401072,0.3955768346786499
4329,0.11061210297754967,0.7360139761119324,0.0542749309987323,0.15166622315776088,0.04018732987876634,0.13631142428130022,0.30656301975250244
4330,0.11398177937844821,0.8139133965815447,0.05432426070536106,0.16283699440195873,0.03959593058326801,0.13632108392865921,0.1892646849155426
4331,0.11643627788121283,0.8089269960040906,0.05654180164654906,0.16402540084048356,0.039162842852629574,0.14241005094186127,0.17305168509483337
4332,0.11320646645423776,0.772660023278571,0.04697513641810803,0.15064440596960274,0.041153849011658625,0.14349430964055018,0.18834857642650604
4333,0.11060108315822047,0.6803777123107992,0.04953314117693095,0.13965379419605498,0.04177480581153296,0.1454029536784668,0.23438362777233124
4334,0.10493795678169268,0.6482497846273582,0.05086549372033222,0.13620610670705022,0.038884670033297986,0.13537495150185022,0.2628360092639923
4335,0.1045947000944492,0.5687453662258036,0.05962486648116331,0.13235636644468335,0.042787007515521926,0.13438497304455568,0.2974100708961487
4336,0.11294966027252434,0.7296409330613269,0.05927039800150966,0.1550376172957693,0.042830429368618486,0.13747702491810265,0.32652947306632996
4337,0.11414547025704787,0.714036043226765,0.05799437882612476,0.1517146165976448,0.03998792445068611,0.14616031978959212,0.2812505066394806
4338,0.11489336524459262,0.7693287018987722,0.05593504888614856,0.15784842788795195,0.04168527104422716,0.14136476785697302,0.3037453591823578
4339,0.11400180630688168,0.7074991738925347,0.055259363104251835,0.1484364789311494,0.040854141353636846,0.1478756745947367,0.3140476942062378
4340,0.10817241493506012,0.7280343424409698,0.058297812814298876,0.15397445990382327,0.037026186641679566,0.13034857534410033,0.2937261164188385
4341,0.11096749053333811,0.7432640016093435,0.058199747305699795,0.15606606934907746,0.03931971846274796,0.13419803463133256,0.24033042788505554
4342,0.11885803538274463,0.8865898004574957,0.0573368407846106,0.17580154930930844,0.03906963458056644,0.13884731139890716,0.18868869543075562
4343,0.11867314438526888,0.8277203732251943,0.057638761203289736,0.16765042006356184,0.03915742499340058,0.14539428263464732,0.19946083426475525
4344,0.1138505027753654,0.7255597142130038,0.04977934865047786,0.14631940087369585,0.04158244016051203,0.14867477172732302,0.24112209677696228
4345,0.1071649579103016,0.5788749783969763,0.050367672403718144,0.12586871611704076,0.042079625932637525,0.14774883495986094,0.2779817283153534
4346,0.10337715608566561,0.5955101091724441,0.05111028320590353,0.1288816869154093,0.03777083102150592,0.13846622604077963,0.24030965566635132
4347,0.10474984489298161,0.5938855565834371,0.05706929192305744,0.1337573297316831,0.041477454935996416,0.13473163687147988,0.29119449853897095
4348,0.11263861717878441,0.7076672759363979,0.05630984567099687,0.14936090713748276,0.041666664710008995,0.1426070718751019,0.3133094906806946
4349,0.11726363149415531,0.753703796014761,0.05538570113937307,0.1551454289787142,0.04043988046668028,0.1513378408442069,0.25156381726264954
4350,0.11898119810074786,0.798443267592689,0.05416954264324794,0.16049436049316812,0.04464237300707736,0.1477036529643419,0.2763337194919586
4351,0.11905892063984248,0.737052084506655,0.056302406027867506,0.15355236009626574,0.04481865421140296,0.15383739424035675,0.339952677488327
4352,0.11472873662878924,0.7971507315977706,0.05789303855564154,0.16350128041880282,0.040383198655423114,0.1371051065392227,0.3470231890678406
4353,0.11192797873111374,0.7440262490057749,0.056760402979924206,0.15494123812647428,0.03852454859011944,0.13851937813354326,0.27440398931503296
4354,0.114586222346956,0.8003534879574219,0.05604765553057734,0.1623770601629837,0.04063608390179573,0.13747561039744705,0.1872083842754364
4355,0.11490602146854711,0.7936836744473126,0.05692476944703844,0.16217604158993473,0.03907978719396447,0.1398927088525928,0.1767880916595459
4356,0.1112379245930986,0.7637523800757128,0.04797448596830581,0.15022847084079252,0.03982674344945255,0.13960598012705672,0.15509530901908875
4357,0.11071881481643243,0.6749000637933469,0.05406323226579126,0.14275420819829923,0.0386241606256316,0.14577066802424976,0.19150173664093018
4358,0.10355235553898927,0.6257165973652299,0.05226875005278869,0.13418987109742317,0.034386763114304726,0.1372644227969586,0.18556763231754303
4359,0.10046925654596262,0.537315929835996,0.05784027783631112,0.12633679955055183,0.036368957869775946,0.13392291775861037,0.25858333706855774
4360,0.10629568929455586,0.6709305971004484,0.057176628929354566,0.14485576723951082,0.03731078606906875,0.1329174114150215,0.29751524329185486
4361,0.10920048961859408,0.6803649452739663,0.057326036529092496,0.14633159492121733,0.035300047769028044,0.14137365909716904,0.2883196175098419
4362,0.11019775511155873,0.7495142390928176,0.05649253581694924,0.15549563628493043,0.03736715511587214,0.13428888408108428,0.3028546869754791
4363,0.11137526289154066,0.6815827183978164,0.05389979673733095,0.14356878554597174,0.03851889575447999,0.14695525181384156,0.29930347204208374
4364,0.10484149372342146,0.7115411984028039,0.05584686989035805,0.14951748824927888,0.03359361183800585,0.1280918951630349,0.291716068983078
4365,0.1069224528801254,0.712863103711718,0.055771437423064875,0.14964167546430102,0.038010257244549296,0.12984130430010082,0.23107953369617462
4366,0.11593584157579327,0.8663230934579507,0.0556273387632617,0.1714410180053601,0.03758697187486837,0.13592407318823158,0.20325316488742828
4367,0.1149355781767001,0.8036290647039681,0.05479278401225728,0.1617693955396445,0.037205594846580474,0.14196972339797842,0.2175416499376297
4368,0.10842624936102348,0.6940656732913297,0.048487289227711006,0.14071277266537083,0.03799035618056269,0.14180694800262278,0.245864599943161
4369,0.10328383852269928,0.5378200959076032,0.05238307549585458,0.12173122126896152,0.03859914216214705,0.14374148793520306,0.2622181177139282
4370,0.09978529300470304,0.5465510674753563,0.0513953821996481,0.12213190866760641,0.03318764794925467,0.1385049437231799,0.19844350218772888
4371,0.10166043347687143,0.5799390465445348,0.05534774765301074,0.13028936178037132,0.03748362666763955,0.13276482716938692,0.27852991223335266
4372,0.10810195239607524,0.693549748579803,0.05364595012436988,0.14506077847514606,0.037809282847450214,0.13726906543193515,0.3073316216468811
4373,0.11379285988376835,0.7536000113629865,0.054828242570796826,0.15465278096968108,0.035078517183857995,0.1469154787960163,0.24142086505889893
4374,0.11419256755155187,0.7794763653181089,0.05641393310258743,0.15970856627623334,0.03689485541568026,0.14200156678634326,0.2532719373703003
4375,0.11395759607929218,0.7162757695206785,0.05169006637955607,0.14663088111400216,0.03733856203907478,0.15241012645911114,0.3191981017589569
4376,0.10964586013242944,0.7703324646429672,0.053103315685156915,0.15556462267912985,0.033776441656560026,0.13585268407045234,0.31682297587394714
4377,0.1098708094569902,0.7230101955944053,0.056473240954910686,0.15169280590340992,0.037211439740447085,0.13685351106834817,0.21179069578647614
4378,0.11208376527784779,0.8091245874961728,0.053185237853124144,0.1611765735164168,0.03618160466397228,0.135541948606241,0.14105530083179474
4379,0.11457184137695817,0.7996003006055268,0.052259040561754046,0.15902207771086443,0.03718744061334051,0.1433892352529556,0.2111503779888153
4380,0.10869961303666309,0.70743297024642,0.049062773841185285,0.14311565904193313,0.03750489866673374,0.14088094785574,0.20865367352962494
4381,0.10607369797838678,0.6000646263406595,0.051647149101062516,0.1299925029924335,0.0379667044022466,0.1447383629702186,0.20500005781650543
4382,0.10035344478058894,0.5997650639904382,0.051190092928236064,0.12955794593712208,0.03390904222671081,0.1329383585032658,0.2569740116596222
4383,0.09797962151584,0.5015695882853718,0.057594342085340276,0.12101937725677334,0.03646341344212588,0.13164651730702323,0.282363623380661
4384,0.10407135525175965,0.6457731959533775,0.058214590910017204,0.1421515344876401,0.03900582744317286,0.12768353525287773,0.33594605326652527
4385,0.10782390449939795,0.6582428963325083,0.05466793690562724,0.14089293110946738,0.03678496402106698,0.14104757913412674,0.40911585092544556
4386,0.10915020583377881,0.7485055260616624,0.05519999959713303,0.15424364623492295,0.03725415468920833,0.13260249023427687,0.32268744707107544
4387,0.10914271738100685,0.6507492018111738,0.05267651255895233,0.13811546816641254,0.037986437186084396,0.14605330561433405,0.3080766797065735
4388,0.10523426257415319,0.7016331556693629,0.0544993111086762,0.14694700318877432,0.0358226194995271,0.12947080222665758,0.2603030502796173
4389,0.10533818971701868,0.6991729324227316,0.054347165936914826,0.1464651325777458,0.034956350919737283,0.13093622366150362,0.24213533103466034
4390,0.11188067589149053,0.8094929396150398,0.05495212032480792,0.1627436659376982,0.035193274515476006,0.13447703580507153,0.20037437975406647
4391,0.11150688769656628,0.7714535112610341,0.05211536747395481,0.15487795944353758,0.03449402242535961,0.14094345703027228,0.2076578140258789
4392,0.10528625067729055,0.6488152238574725,0.0464914493398525,0.13253770284236965,0.03746667923026936,0.14078335504898992,0.2625925540924072
4393,0.10312192960868445,0.545892980235833,0.051910605720156176,0.12247951636525285,0.039767254509766134,0.1416193819082406,0.28073570132255554
4394,0.09786045501913453,0.5412023009070025,0.049556545071823645,0.11979165304827775,0.03396976510628415,0.13457501041737827,0.21557751297950745
4395,0.09866509126154593,0.5732156216303554,0.05330867429958505,0.12758109534683798,0.0351860667390053,0.1289077341441385,0.2374020516872406
4396,0.10290595414037379,0.638426591948064,0.053810740443761246,0.13732729065866164,0.03626915823199831,0.13109448110670044,0.28699806332588196
4397,0.11059595285295722,0.7114032007551622,0.05313139366104027,0.14717022324591483,0.036384373715128426,0.1435285980047195,0.27859607338905334
4398,0.11004575707682179,0.7626137663793563,0.05147008607218722,0.1530620404017828,0.03567690043506288,0.13747925872901995,0.2935606837272644
4399,0.1131440744502505,0.6899106382032726,0.05064792606616345,0.14197117065717904,0.03944353279812533,0.15240833921479757,0.3144837021827698
4400,0.1084625015751214,0.7504894295499647,0.05047665875231544,0.15047848315197962,0.036812927536164504,0.1343918949794577,0.29346275329589844
4401,0.10655260899904219,0.7184915964565699,0.05308160225557255,0.14814017285571504,0.03588732456429849,0.1319956145048542,0.18274112045764923
4402,0.11199366028926323,0.8190439449115938,0.053894031590549445,0.16320116206498433,0.038178923264431446,0.13177499113223504,0.11847779154777527
4403,0.112722959908156,0.7774232708507923,0.05291038700319748,0.1564122275528539,0.03843986767149069,0.13949255642612748,0.22198866307735443
4404,0.10626263713637894,0.7009803817855584,0.04923071699808592,0.14233781196772485,0.03720444581081698,0.135122776568818,0.1621289700269699
4405,0.10401910133792759,0.5812076309895502,0.048597970427808924,0.12468506479377198,0.039900374210633784,0.1420402695504458,0.23171338438987732
4406,0.09888636786673337,0.5830750960482063,0.048920614470462094,0.12522839755299697,0.036257065438316305,0.13063773151611763,0.2617184817790985
4407,0.09625038293049056,0.4909717738859827,0.05381559434057195,0.11626647713277348,0.03689303999388206,0.13067397557302543,0.255240797996521
4408,0.10316273963380612,0.6488024942871,0.05573552081023501,0.1404593741640729,0.03858259372297444,0.1270358120918004,0.2750357389450073
4409,0.1059445338563097,0.6647909176237288,0.05319381479317079,0.1405648294832505,0.036848843619323945,0.13611050414009904,0.2861272692680359
4410,0.10777269778658596,0.7367222504311708,0.05055067728168263,0.1485751877316095,0.03930366835991582,0.13198091983302676,0.3037009835243225
4411,0.10770463164743878,0.6448837448147116,0.048025229382851226,0.1332907315874027,0.03927919626626503,0.14518905015849734,0.30184265971183777
4412,0.10407282822269583,0.6927566495889453,0.050611357001934316,0.14234639880007877,0.03699363326785205,0.12927774955297403,0.23032593727111816
4413,0.10398490808820199,0.6959909400855164,0.05093076828542733,0.14308222139972576,0.035467111907218095,0.12972783059897958,0.1826789230108261
4414,0.1094753143339723,0.7792042647067363,0.054929058365797444,0.15839694498593154,0.037987120364784056,0.12922105723654764,0.16427114605903625
4415,0.10796520510131741,0.738841704330615,0.051373330836477805,0.1495830984784974,0.03619536666454721,0.13434815702845881,0.17789289355278015
4416,0.10327962558227834,0.6122604686183828,0.04866690171532181,0.12918026841575908,0.04046801185513105,0.1355767251142366,0.22924695909023285
4417,0.1012479169383941,0.5280595346564594,0.051211517943239575,0.11933266318798526,0.04005082322963476,0.13897122096516626,0.2516200840473175
4418,0.09650335974760046,0.537560619455567,0.049364135070811256,0.11910648998291921,0.03566521447345401,0.12995899790657467,0.2462308555841446
4419,0.09820333261585978,0.5890963585441404,0.05166977432164804,0.12844500063914693,0.03665469888358307,0.12559692761122562,0.28906193375587463
4420,0.10344381197441542,0.657748844484917,0.05363720554242329,0.13993886824849383,0.037253553654884204,0.12942711376418664,0.2973313629627228
4421,0.10920464476340173,0.7319036294745959,0.0492981543426313,0.14681322221862622,0.0373359499166543,0.13918224748098434,0.25149476528167725
4422,0.10911863780149354,0.7443140419168466,0.048772276597366854,0.1481353859287211,0.04015648575217323,0.13532086623332473,0.29223430156707764
4423,0.10984583130499172,0.658760663807421,0.047815972585351495,0.13509378561707572,0.04058711407963408,0.14835524885410611,0.34746667742729187
4424,0.10564646125477752,0.7199377027960293,0.051974673308907475,0.14739796323563917,0.037095108361614434,0.12909633080304128,0.31687667965888977
4425,0.10491748370730374,0.7111975680278312,0.05047065589006643,0.14486021476688998,0.036272726794755177,0.13003175632864578,0.2237522304058075
4426,0.10979754812762761,0.7649918173668765,0.05580708051619351,0.1571191857805768,0.038494378374973645,0.13078138871486927,0.1827886402606964
4427,0.10708757500441007,0.730297064909446,0.051397821270002496,0.1483834275042087,0.03651573024705566,0.1327040682297714,0.18164858222007751
4428,0.10353217700494134,0.636662936418995,0.04930276509141771,0.13321136099535733,0.03939534830860173,0.13368261612262453,0.19957458972930908
4429,0.1021813337429327,0.5571276382805431,0.05036228133596077,0.12275733232804398,0.03737562103201465,0.14088233360301367,0.18410716950893402
4430,0.09784831645538236,0.5727470019653809,0.05097054100357574,0.12551003542669076,0.0350402554095838,0.12860136577056125,0.2307645082473755
4431,0.0963355717471881,0.49797170960544057,0.054186351527668465,0.11758425982449305,0.03706248628386904,0.12960691945995043,0.24307042360305786
4432,0.10072713998808845,0.6139236798680612,0.05516058956561417,0.13498388818024945,0.03789933366856324,0.1257268158495321,0.21616367995738983
4433,0.10353802890072364,0.6467697928272031,0.05160995392376799,0.13663278805283016,0.03648388353953591,0.13325249183366972,0.21143682301044464
4434,0.10401438134567136,0.7048670933537047,0.04943424604773453,0.14306750994858738,0.037263965117467324,0.12824950801779833,0.242593452334404
4435,0.10583080766401745,0.6294378819405773,0.04860963829448519,0.13158510167249832,0.03720584313686593,0.14334264436785424,0.24603140354156494
4436,0.1024330823029922,0.674527421867764,0.05281868670208469,0.14163422029718173,0.03465869816286982,0.12743467268068348,0.2237037569284439
4437,0.10360244161393767,0.6933561749547535,0.05264317029110024,0.144173599528765,0.034648874363427104,0.12843704978266052,0.18298766016960144
4438,0.10985756713843271,0.8115151878568614,0.0553292521698828,0.16335581441087973,0.036048232015732026,0.1276297690074047,0.16690601408481598
4439,0.10707883938646884,0.7475162495254704,0.051655610618965835,0.15106427331989505,0.034552156147021174,0.1320524325292376,0.17511555552482605
4440,0.1027095447011823,0.5894187456165332,0.05056959931672602,0.12754804878812703,0.038532989029595004,0.1371303398377445,0.24411733448505402
4441,0.10036821858837061,0.5283263504856529,0.052809793584353504,0.12074073028453913,0.03793959968814074,0.1371673123919243,0.2698582708835602
4442,0.09552590819604974,0.5276298216474716,0.051836315585549984,0.11980681645153878,0.03361470617721026,0.12845241523898138,0.23121733963489532
4443,0.09740706211697434,0.5855250061540055,0.05284538469075528,0.1289424734712196,0.03473835036470664,0.12464869996524396,0.3038322925567627
4444,0.10333873693979441,0.6614386552862697,0.054703407870087685,0.14137987178668512,0.03440229231321799,0.1303721329970194,0.3430856168270111
4445,0.10942818797437606,0.7323152571857245,0.05146567270878366,0.14872989906263237,0.03579223978349127,0.139470645439176,0.32557904720306396
4446,0.10839477344313768,0.7332833728279532,0.049718653134903534,0.14737075594819632,0.03876103704076457,0.1352203081032878,0.31255966424942017
4447,0.11080028712249916,0.6695046080195376,0.051599209291136296,0.13987140910947934,0.03747892798146445,0.1495192446322969,0.40804290771484375
4448,0.10739084206131294,0.7418552594953738,0.05244629107262919,0.15093328656159272,0.03452005235399009,0.13305314411747565,0.3922581374645233
4449,0.10599419814081777,0.7203433400120669,0.053472766361892084,0.14873999116905992,0.033217110998807385,0.13227158049036494,0.2356264740228653
4450,0.10881489536881729,0.7766092417766245,0.05673909279280159,0.1595776855047763,0.03140226279539078,0.13213350750160135,0.17067264020442963
4451,0.10637118471480403,0.719536149985134,0.052028851673087274,0.14738703714623683,0.03161857939522178,0.1358908434919348,0.20651890337467194
4452,0.10442666951750003,0.6127142245504412,0.05264219368027817,0.1326524838045872,0.033162481680262215,0.14208524637388187,0.25204330682754517
4453,0.10103389244220139,0.5395051714478101,0.05029395640305955,0.12018127283802392,0.0330500755722673,0.14376577435704893,0.2980574667453766
4454,0.0973771194416654,0.5685757137938686,0.052158133318951506,0.1259320733867968,0.03123378600284074,0.13026695149864695,0.2850508689880371
4455,0.10232827160422148,0.555864504816319,0.058415874986435,0.1294799649621327,0.03411609591661323,0.1382561936427064,0.3206174373626709
4456,0.10196573625704332,0.644350552287623,0.056605957840694075,0.1405694713331125,0.03119641131145401,0.1301106273928734,0.32314515113830566
4457,0.10431649171219352,0.6574019723670311,0.05162681943751612,0.13816612699887543,0.031868352281549585,0.13809018283816032,0.3033818006515503
4458,0.10650363900390136,0.7157970461105299,0.05029224189016145,0.1453643567787855,0.034325640385160915,0.13565625974227566,0.3645252287387848
4459,0.10554663294665687,0.6338872500899133,0.04832431213979992,0.13197616041838756,0.030888435852691437,0.14774671886611224,0.3340902030467987
4460,0.1030002950484137,0.6843537691686992,0.0522408254892589,0.1425426745863218,0.03075732033850848,0.13161331582391123,0.29671892523765564
4461,0.10467728683496506,0.6965607882209002,0.053623446553242284,0.14547163822005052,0.031546057042401654,0.13297205544150825,0.18659716844558716
4462,0.10961975589363798,0.8078944511991861,0.05776168742077009,0.1649235108176867,0.02878525610312312,0.1319591576517959,0.1757291704416275
4463,0.10658228328684773,0.7381507773283288,0.053768535105071985,0.15153742685125152,0.0301582868174485,0.13411752957871875,0.1979970932006836
4464,0.10396549345892771,0.635588071714325,0.05088327262007952,0.13441252963354317,0.0336828869266702,0.13882161752186448,0.21765080094337463
4465,0.10101717233849863,0.5396901857289063,0.0509305503140538,0.12075335537331844,0.03325761141193974,0.14303762799377034,0.27997949719429016
4466,0.09781036262405975,0.5490461992522764,0.05007542583391792,0.12135696489368342,0.03235634680915415,0.1344793494761814,0.28285157680511475
4467,0.09930803981703852,0.5945350740517015,0.0538480262358819,0.13108903306671324,0.03470614158380271,0.12802633167765448,0.3015095591545105
4468,0.10498930988892673,0.6952364490716121,0.052812355849806064,0.14458722631006407,0.029332466227331107,0.13654087122432773,0.3555697202682495
4469,0.10771641430826855,0.738011840424952,0.048397643890972473,0.146913957681541,0.030882178224654326,0.14064852042981763,0.2672908902168274
4470,0.10807759887141638,0.7458996780463476,0.04814399099722753,0.14782337486138752,0.03405395865005465,0.1380707300738831,0.2883913815021515
4471,0.10857834545042375,0.6667598006895972,0.047928610952512364,0.13633306662923877,0.03228371203179732,0.15105076866025874,0.34252825379371643
4472,0.10612421948141897,0.7315847321856588,0.05090361901387289,0.14814377803841375,0.03219457455825436,0.13404554505181754,0.36181628704071045
4473,0.10649631870302932,0.7231187310645386,0.051014462468693816,0.14702935798238595,0.032747684487538335,0.13555996427214692,0.2715447247028351
4474,0.10765642729240535,0.7447577401833279,0.05450713797419421,0.1531143668612133,0.030839314349116027,0.1350957039950766,0.2104317843914032
4475,0.10653274539959576,0.7339160790868604,0.05250032715134991,0.14984543457070856,0.030176514397335326,0.13544584450184996,0.21018365025520325
4476,0.10507497537065232,0.6432049425151289,0.049641735666383614,0.13443647950191867,0.03348078127789012,0.14202857908696115,0.2056645005941391
4477,0.10509532130831033,0.6282800166482172,0.049230299219117514,0.13195168742327462,0.0321283120878652,0.14544213402560602,0.21284762024879456
4478,0.09939924402022457,0.6098765583842289,0.048494479378533815,0.12869191923649023,0.031528388471985656,0.13315515181070114,0.27329719066619873
4479,0.10120676673426822,0.5255210980808229,0.05613833238451668,0.1231930131982747,0.033262962611828664,0.14141962968539723,0.29829806089401245
4480,0.10441427369568684,0.6743295756469465,0.05517438694876873,0.14362512819136558,0.033147477635915024,0.1324632225642683,0.31694409251213074
4481,0.10545050941881105,0.6670485799577358,0.05007574300609382,0.13821471971347127,0.03371452807650593,0.13955080908550038,0.2762147784233093
4482,0.10605673165507444,0.7169446540528912,0.0491751495111438,0.14457079301710776,0.03465242113931193,0.13483569966458747,0.3393858075141907
4483,0.10526267289769126,0.6338583751457949,0.0448005667406191,0.1289516822270728,0.03242719945010117,0.1482658290011237,0.3524186909198761
4484,0.1031051148621815,0.7130403021744244,0.04629958876201918,0.1415482621066485,0.03497585195033644,0.12908046607113732,0.30818432569503784
4485,0.10426189243818626,0.733366770890179,0.048207533499670864,0.14608742455545776,0.03406212018186109,0.1290893525598582,0.2305140346288681
4486,0.11134517133175685,0.8828809401740358,0.049457547799838,0.16851803242472338,0.033959370790302736,0.12903149334918348,0.2114247828722
4487,0.10770294788125602,0.8032496846043964,0.04934254870009478,0.15704356811499504,0.03211064101462624,0.13067317368503545,0.2165532112121582
4488,0.10506480555443148,0.6912039447687623,0.04756512191788553,0.1395135251822965,0.03250536934518407,0.1384116825631411,0.25875189900398254
4489,0.09948497508466309,0.5523282608228602,0.04778119251763391,0.11985934513266626,0.031429626399062036,0.14120583139256127,0.28581130504608154
4490,0.09440688647304313,0.5518835534373515,0.043470486468951776,0.1161009246072946,0.031544543636691416,0.13042915308738084,0.2906312048435211
4491,0.09403984659137371,0.554091327879364,0.04835933770712059,0.12060676487458395,0.03146703065559646,0.1255450070373699,0.3216244578361511
4492,0.10163988994963652,0.7045884850705009,0.04358559977161869,0.1380145833857447,0.03339140488952126,0.12952945762064275,0.35469815135002136
4493,0.106295237643483,0.7616712585115868,0.04379312707516506,0.14634714585179673,0.032615064178481125,0.13571996974308514,0.29345107078552246
4494,0.10876515816535487,0.8091956557531796,0.0453926032336516,0.15450732502215558,0.03221341786723422,0.13572353492650982,0.29841849207878113
4495,0.10722995513706325,0.7129978227091793,0.044811461019205114,0.1402666555463443,0.030521184007800177,0.14544301701704748,0.3574867844581604
4496,0.10071378738852475,0.7360684343196391,0.0418902389572926,0.14105855258048494,0.0309816449901423,0.12642774244414423,0.3700699508190155
4497,0.10280272286484093,0.7407185833074396,0.047634691183891985,0.14664667577297022,0.029925949121842904,0.12820644109535112,0.28020837903022766
4498,0.10887406497140723,0.8583971758729547,0.04714652682947885,0.16303947669283253,0.03087373116203237,0.12972962179836312,0.20273835957050323
4499,0.10671880613191592,0.8032878586301779,0.04826024560797837,0.15612133318257831,0.03082598103556886,0.12989781692188998,0.18363462388515472
4500,0.10796557908700381,0.7456975541857835,0.04713443276986213,0.14692916440070805,0.03137798894968569,0.14088658330766596,0.18849357962608337
4501,0.10486275087083477,0.6780176397590993,0.04659961888237635,0.13680219329333676,0.030915798419647977,0.14161932214593398,0.23146772384643555
4502,0.09741322587860078,0.5951562653257476,0.04598073020322874,0.1244343780778743,0.03141895475601548,0.13151470493649858,0.2634757459163666
4503,0.0976095028074437,0.5662944130956674,0.05132494825234237,0.12489201465853166,0.03248279001912353,0.1307231786275219,0.30787786841392517
4504,0.10265673645151416,0.7157656173030751,0.04908365842921772,0.1443239382683402,0.03349259194607241,0.1267165613040529,0.3637293875217438
4505,0.10476212570341797,0.7075079411978529,0.04813472529535231,0.14233089899570953,0.03203788213468222,0.13552316219530663,0.31689268350601196
4506,0.1067469099586992,0.7652003872641602,0.0470129164913869,0.14961112660178313,0.03319674764164825,0.13359711242342037,0.3384160101413727
4507,0.10573809732275033,0.6670687622395038,0.04425735529787991,0.1332304134323976,0.03175156789348197,0.14642053397741875,0.32147663831710815
4508,0.10066434434302364,0.7400295601260329,0.041566554827395324,0.14134698415577213,0.03102808544769175,0.12599876104028412,0.2892334759235382
4509,0.10335596181134946,0.7635449452569123,0.047990523336053394,0.15021258361046183,0.03163036522658542,0.12511631474879467,0.2538692057132721
4510,0.1109286050191855,0.919197400005952,0.04591299874655754,0.17066791321218533,0.03285984087354422,0.12696687897774672,0.21045424044132233
4511,0.10565671178509412,0.7770763890877905,0.04841312005643781,0.1525078727752025,0.03217746873308047,0.12895628358926123,0.27197107672691345
4512,0.1033872447960552,0.6752197459358859,0.04770976176875525,0.13735404522120245,0.03303505569619723,0.13522445988642712,0.23027561604976654
4513,0.09837341183959564,0.5457885775424375,0.04547457141506306,0.11694800086183085,0.032612638213935764,0.13966132336759224,0.2267058789730072
4514,0.09414914097905523,0.5493961266362015,0.04407731676129065,0.11626571817199219,0.03177477723457136,0.12937470421165878,0.23575524985790253
4515,0.09487948342576039,0.5685279810775901,0.049092729035696024,0.12329776504168088,0.0319691636479539,0.12506001681741064,0.282266765832901
4516,0.1024784719469996,0.7381809034697583,0.0451993219935814,0.14419669077589234,0.03303800522431276,0.12673543885406946,0.3025805652141571
4517,0.10795456004880567,0.7914045134268834,0.046405778952823405,0.15283416959197485,0.03166197210055823,0.1354409161532492,0.267959326505661
4518,0.10995211853648489,0.8235922297448338,0.046452213060625004,0.15747221544408344,0.032960402172905225,0.13573978556046837,0.29016372561454773
4519,0.10890551354082391,0.7214518025785107,0.04569693749986589,0.14223334679681515,0.03155761640286655,0.1474230694375443,0.35068631172180176
4520,0.10144181484131765,0.72635129494186,0.0423547344191777,0.1400685287795609,0.03166778181018974,0.1286957190475917,0.3626782298088074
4521,0.10463559215814934,0.7408618442299846,0.04844881740985276,0.14736496409844305,0.03149324768038815,0.1312469431284334,0.25663086771965027
4522,0.10856836471560599,0.8354202139378216,0.04483739504639147,0.15777779774516718,0.03428066644906398,0.13051184679796418,0.1972656548023224
4523,0.10759148411241623,0.81992061001287,0.04795293011494154,0.15823402724321703,0.030604464620896357,0.13064290092804542,0.19238921999931335
4524,0.11033807144508119,0.7746860863736601,0.04763611735816183,0.15150039864609013,0.03220850610907139,0.1426844048132069,0.21593284606933594
4525,0.10588136157881888,0.7087639439667084,0.04545077690264837,0.14020980076894266,0.03138586527788927,0.141027536550774,0.16381973028182983
4526,0.09755488180442683,0.6052885406876705,0.044360736349926565,0.12449327982674714,0.03150550717176411,0.1317769863384764,0.31218916177749634
4527,0.09812974051605079,0.5763331004815956,0.05035446574389815,0.12549427070642635,0.032376118619710216,0.13172019575877014,0.28190332651138306
4528,0.10283351028464473,0.7403944438566858,0.04566512509136341,0.14491217062926662,0.0347982176375044,0.12554556354934837,0.34834325313568115
4529,0.10461933916248613,0.7235778981376849,0.047167386959520406,0.1437974599849725,0.03201912137526012,0.13386367400663335,0.2723577618598938
4530,0.10817791312579567,0.7727841392123589,0.04739561507049281,0.15102254709075938,0.03279246989862283,0.13665112123022868,0.3454335033893585
4531,0.10606161195740205,0.6807515716241471,0.04421086988687887,0.13514525584934575,0.03029370912512529,0.1469103385301935,0.3336118757724762
4532,0.10091757655478496,0.7229607213087472,0.043346227025126194,0.14043401192278632,0.030692835102579134,0.1277873443784639,0.28994110226631165
4533,0.10051472958998192,0.7249083398731696,0.046338509226624795,0.1432770564618455,0.028738424590751908,0.1259019604514275,0.25116586685180664
4534,0.10848399664057894,0.8868549875719751,0.04469200676554789,0.16500100402360893,0.031174119704952322,0.12667775749910098,0.20810489356517792
4535,0.10526996137768219,0.7819756702130065,0.047833818461113314,0.15271122585424093,0.031119576004580825,0.12864044216215698,0.21641413867473602
4536,0.10200041266194894,0.6445955865206271,0.04745468775597472,0.13276053043663935,0.03342373649579978,0.13508990125447534,0.3042204678058624
4537,0.09710953060677176,0.5358617246013675,0.04614822022536619,0.11610729227908065,0.03192857378303026,0.1375198263642753,0.2492973804473877
4538,0.09232046768379125,0.527255201997795,0.04352774532641476,0.11263166770804052,0.02977806233642623,0.12927277234151752,0.23826603591442108
4539,0.09357601817181425,0.5567217063965352,0.047760346798795705,0.12046911245561563,0.03069147511377315,0.12506853584927408,0.2903565466403961
4540,0.0993907875193293,0.7061632857618132,0.043236615649479226,0.13794042566552694,0.03100455092219575,0.1254978111638982,0.3379495441913605
4541,0.10528166690223287,0.7553860529739496,0.0454148113916143,0.14683927447480505,0.03121300683145534,0.13372883783816256,0.29459717869758606
4542,0.10740624223894026,0.7887190234281152,0.0458138717679911,0.15194317914800884,0.031862323496531335,0.13453735134311307,0.30998221039772034
4543,0.10551155783857383,0.6883707686715757,0.04431729136665299,0.13632493098164195,0.0303327394226317,0.14433132245233857,0.3755483627319336
4544,0.09928004795286903,0.7176127926969136,0.04170099407983024,0.13825982245369928,0.029944263867454995,0.12584155633937985,0.3756345510482788
4545,0.10210379969573548,0.741210487012702,0.0458384775799946,0.14517733607038139,0.02995071899664708,0.12754840097962267,0.27980107069015503
4546,0.1076819707515358,0.8594744012501072,0.04343560068745359,0.16001257219640413,0.031594743804822085,0.12846901806565045,0.19467687606811523
4547,0.10695788085459283,0.8272579148953884,0.04855984886443245,0.1598024297259976,0.03024921104912375,0.12783898667189914,0.19071665406227112
4548,0.10881219845615808,0.7838307040384869,0.045736497043903625,0.15117852661455838,0.0316526319759271,0.1392562819877599,0.17732307314872742
4549,0.10403133289919615,0.6816537522740045,0.04465534978676541,0.1356551215706567,0.03131519753138562,0.1399871362585024,0.3325181305408478
4550,0.09466281433587914,0.5839479286845399,0.04293257308098797,0.12022048102435254,0.02968050357325592,0.12915937790076024,0.24470561742782593
4551,0.09532222461242107,0.558647345911868,0.0478433891724282,0.12081538299234817,0.03187532913095305,0.12853174457626937,0.3019509017467499
4552,0.09953464198500571,0.7156648023923124,0.044866406886375186,0.1406947491015091,0.03189150670992576,0.12270729162376023,0.32341697812080383
4553,0.10314419945472088,0.7113905702919328,0.04564075067694618,0.1407478677648014,0.03128943169878737,0.13311391146984228,0.31457754969596863
4554,0.10613232044266147,0.76539999998122,0.04522241507995927,0.14810492720871077,0.0330239252496663,0.13337613531623912,0.379813551902771
4555,0.10423079454491684,0.6708700889316176,0.043024675067351505,0.13271687704796095,0.030753422729569362,0.1435981726931823,0.31448933482170105
4556,0.09782751122397841,0.6960396435867436,0.04156907866316148,0.13506487365224465,0.03041742421987898,0.1242286452278325,0.2827978730201721
4557,0.09896371311390953,0.7071265214213789,0.04614486339888401,0.14057081454495468,0.03129461303838839,0.12176796192782599,0.22814485430717468
4558,0.10625327698336391,0.85957377943589,0.0428985174224762,0.15956641199582103,0.03212853561949282,0.12446343254085113,0.23010772466659546
4559,0.10385480498786666,0.7708561621562694,0.04675525090628663,0.15019823822771272,0.031998985214060534,0.1261781432050817,0.20083491504192352
4560,0.10101191921301247,0.6612295952444429,0.04423749547356228,0.1323792240122595,0.03379202330112898,0.1323829364365694,0.22305847704410553
4561,0.09604802537452319,0.5233266080662283,0.04535278976699093,0.11363476380973912,0.03322951638881201,0.13562582460620648,0.22350148856639862
4562,0.09153042913890386,0.5281630058798078,0.04173593402249457,0.11122551571639647,0.03128404108023062,0.1270128179349369,0.20308801531791687
4563,0.09171149123423518,0.5317911944236028,0.0460406604377506,0.11543359386430092,0.03330907909300459,0.12205676205650448,0.27427124977111816
4564,0.0966399245986061,0.6758110816826839,0.041455483517040294,0.13207771182641795,0.032995105737207805,0.12132107727799425,0.29871511459350586
4565,0.10257712394601139,0.7450107082416072,0.04220747573836919,0.14260793752454606,0.031891852599638885,0.1293997744928695,0.24901263415813446
4566,0.1051304748145465,0.7776838958105963,0.043122240659671573,0.14805961996694653,0.033534766186615925,0.13021371785563574,0.2887505292892456
4567,0.10312205832773405,0.6698562946978445,0.04251471481533701,0.13213494051283808,0.03141565210081914,0.14047889186431856,0.344120591878891
4568,0.09705850631909171,0.6990109140676131,0.04034973575021548,0.134444189795558,0.03119343754862045,0.12197796845134606,0.3537740409374237
4569,0.10119375434021706,0.7322975882567022,0.04599635378410729,0.1440393872801923,0.03095560568495228,0.12516220559109545,0.24758614599704742
4570,0.10640135101620016,0.8759374128129214,0.043289397203589354,0.16223911371920824,0.03160438682647781,0.1229906523170752,0.1475980579853058
4571,0.1059725510458319,0.8261965704480664,0.04899045539789707,0.1600199004050641,0.03180079420705678,0.12358140759043197,0.16265390813350677
4572,0.10720424801995637,0.7866294297585429,0.04552256272009398,0.15139497229701523,0.03195777980729083,0.13437802396361215,0.15385542809963226
4573,0.10353062074992686,0.7029929563547326,0.04419634046943488,0.13831014273876313,0.03159552607966707,0.13604174684617243,0.24736127257347107
4574,0.09451682718389849,0.6216177404101693,0.04171860248079384,0.1245613364707046,0.029969817428429215,0.12470651509397876,0.2451506108045578
4575,0.09599399295497553,0.5823547705739737,0.04782620515178148,0.12418742878352321,0.031187830948500615,0.12803012836066185,0.3082126975059509
4576,0.09988153699486899,0.7156710461460974,0.04484750827597888,0.1406794422574244,0.03346386398845047,0.1222988337707492,0.3657667338848114
4577,0.10095523563041656,0.7138292718213344,0.04355490071504805,0.13930838230166037,0.031417703498975116,0.1282415729080895,0.2578684985637665
4578,0.1043373085153462,0.7456029685700589,0.043031002734946165,0.14339842642567655,0.03229074658364237,0.13319957203404797,0.3338179588317871
4579,0.1027359226715554,0.6584184466610403,0.04281680624496806,0.1307598977329784,0.03026772862484589,0.14162461428368112,0.2901386022567749
4580,0.09767393691981642,0.6935851446862025,0.041837166990611165,0.13494402094712418,0.030556425404696236,0.12379043597165226,0.2561522126197815
4581,0.09653868736416421,0.6737017771326663,0.045730105619804985,0.13544034440735658,0.029505266366108483,0.1211539808246696,0.2208554893732071
4582,0.10569958920167535,0.860259817531772,0.044263004381967064,0.16083397768908209,0.0312225213161682,0.12262443367501326,0.1931121051311493
4583,0.10375674741180689,0.7896309654430069,0.04789511477659975,0.15385737915751507,0.03082927485306768,0.12373023312320904,0.2499067336320877
4584,0.1009654030658378,0.6578965262635188,0.04478008569617326,0.13236814863436547,0.033246081044978545,0.13274240746162796,0.2188788801431656
4585,0.09530730025731654,0.5280444842973946,0.04514964326833795,0.1141346205582032,0.03163841794111221,0.1345436670207195,0.22880305349826813
4586,0.09022294692251039,0.5252446557321436,0.04009641721754908,0.10940330843391972,0.030860381175127356,0.12538237562898735,0.2276926040649414
4587,0.0933477332508033,0.5833265762434586,0.04534393264853581,0.12219859601923908,0.031505462929598924,0.12221521485947585,0.27641037106513977
4588,0.09900730320999176,0.7074864234611835,0.041180514704835636,0.1363670730985996,0.03225801108858777,0.12472313516368841,0.3688700497150421
4589,0.10165097912937085,0.7488791605297692,0.04186357414950628,0.14286580077525812,0.03161873871073765,0.12686622055552355,0.26618024706840515
4590,0.10474499565011731,0.7895631789221563,0.04094668164197109,0.14789189553914042,0.031649041364764055,0.1309504182469062,0.3011173605918884
4591,0.10571845934945066,0.7004374337708011,0.04279237328639617,0.13674166764131115,0.032251661244928266,0.14285660043552986,0.4020354151725769
4592,0.09873465767349948,0.7079144229431971,0.04081414831440882,0.13611418754709287,0.03198936786236461,0.12442969761884828,0.3857863247394562
4593,0.10000087938726047,0.7356814221303668,0.044918931996643985,0.14359928773003297,0.03126740879333749,0.12199405885701714,0.25040701031684875
4594,0.10748401832505045,0.8953127455898577,0.04170964828699156,0.1636529479016867,0.03193686190831789,0.12443996681013467,0.16204659640789032
4595,0.10658879800701088,0.821049081908957,0.046375169544100314,0.1570428713105084,0.031424690261665104,0.12821007814362806,0.19888728857040405
4596,0.106933917836067,0.7566812493917109,0.04400517986803915,0.1458160469428494,0.030650853275710432,0.13965973635794438,0.26356303691864014
4597,0.10257382828188004,0.6887994556142498,0.04224308294470051,0.13460827904035041,0.03055061215167099,0.13756399798215135,0.27810293436050415
4598,0.09481713450611688,0.6268192441040992,0.04065268073359791,0.12439076121509808,0.02967464470552954,0.12593988971127223,0.349932998418808
4599,0.09780692936846852,0.5974413336787157,0.04539736957759222,0.12426079302060986,0.0319587719531781,0.13227693641122396,0.3485494554042816
4600,0.10140870084538879,0.7420143636038352,0.04456982470177678,0.14420475883064227,0.03367540784812372,0.12322878148089896,0.3352522552013397
4601,0.10430105138536608,0.7256366982591413,0.04611613051072048,0.1431904973319235,0.03153596415278403,0.1339422375106376,0.2814047634601593
4602,0.10939178742242399,0.7928721392144444,0.044990967343815726,0.15183113475390556,0.03337277466507033,0.13877399467006207,0.3855206370353699
4603,0.10637953612807292,0.6846633867426237,0.04258725171754823,0.1343124138639876,0.032064878063246996,0.14696359391587033,0.3475066125392914
4604,0.10008541144387192,0.7115643551798958,0.04222872835746466,0.137848103617812,0.032286654331764655,0.12636696826476818,0.41334688663482666
4605,0.10343961627830321,0.7416164350867401,0.04740895113301106,0.14658144884068663,0.032790587849724814,0.12750841266122384,0.21200303733348846
4606,0.10780355570663547,0.8681747037795845,0.04206296840487791,0.16007893060126457,0.03513498146812418,0.12564760513253237,0.18871094286441803
4607,0.1069826670719054,0.7879789361406726,0.0461251474260208,0.1521042600995425,0.03279596627667968,0.13241463636854545,0.20144028961658478
4608,0.10333637275348383,0.6780323527253811,0.044727405894452045,0.13519954115601335,0.033029673820934115,0.13697446196725152,0.25324496626853943
4609,0.09616499465364736,0.5355353407046699,0.04383316797715351,0.11407633550965587,0.03233372229876426,0.13634493471516265,0.2621539831161499
4610,0.09183427931093745,0.5464102898503855,0.04002430194427318,0.11236515735943209,0.029537562777481596,0.1283793879852785,0.25934895873069763
4611,0.09606333515280915,0.6103632061186948,0.0451637745157642,0.12590655045904,0.0323253532096183,0.12572125596014916,0.3571828305721283
4612,0.10176781460413684,0.7473901967868506,0.03976077826016825,0.14085069519255144,0.03260107380255468,0.12809119229065843,0.4339498281478882
4613,0.10789184167543048,0.7992949601072831,0.04205423742555506,0.15023148352294477,0.032716044145466756,0.13662347789757373,0.36540257930755615
4614,0.11062732333724344,0.8255087811909756,0.042919518581338766,0.15471798466842973,0.034814373276672535,0.138384325975455,0.38309088349342346
4615,0.10855919161683385,0.7296519620924576,0.042650271290330756,0.1407933699763489,0.033078190245390014,0.14640016175227155,0.46628084778785706
4616,0.10062542782866965,0.719351155343442,0.04169259370947163,0.13850095965718168,0.032812320999387405,0.12682080595434359,0.40969595313072205
4617,0.10470139161201081,0.7718079796093722,0.04528471665503223,0.149073754219938,0.03290227114759804,0.12869980473643575,0.25507399439811707
4618,0.1078523416548717,0.864339154629735,0.04145713882593684,0.15901171251219373,0.03356239315077065,0.12809159709580334,0.22412927448749542
4619,0.10693093017080582,0.8073642328861181,0.044790249853885855,0.15372939028706187,0.032232358600631714,0.1313435276929841,0.24220643937587738
4620,0.10960256679365722,0.7668443974642091,0.04539526525203998,0.14845942699663553,0.03220263849412995,0.14332775137813758,0.2908884286880493
4621,0.10503256235619216,0.719159566095031,0.04352400381550392,0.14004336985543633,0.03243524307348138,0.13792076016672544,0.28694581985473633
4622,0.09571271276313005,0.6350146930321414,0.0380764484984738,0.12335334057471203,0.03210120654200455,0.12718723137148064,0.33405405282974243
4623,0.10218504658596506,0.6269122946309329,0.04523638767314011,0.12833294580996762,0.03714079252871859,0.13621935706505345,0.34194961190223694
4624,0.10289280125475511,0.7510375754925027,0.0431007529731429,0.14423458476162287,0.03744759492375825,0.12398329622586807,0.303798645734787
4625,0.10651309888009726,0.7170214387884469,0.04398509311455426,0.14013314249653894,0.035806926446421916,0.13896346159517678,0.3491286337375641
4626,0.10794165365221285,0.7794199547837052,0.04276077717079827,0.1479978025440707,0.03302687050241785,0.13844295862790787,0.38626453280448914
4627,0.10533128922649687,0.6756732078001473,0.04206700490954194,0.13258217675105696,0.03328075766794929,0.1445309777562359,0.37712734937667847
4628,0.10136990614009375,0.710667704304256,0.04304008134098475,0.1384154560500235,0.034528119014064586,0.1274416137041808,0.28954991698265076
4629,0.10406257615957387,0.7522888533645127,0.04699922556047165,0.14775488667533465,0.033101711607493416,0.1279225609413536,0.18825356662273407
4630,0.10908574954018584,0.9141359762384604,0.040574965170520845,0.16536939532308365,0.033163571075795796,0.12626946563649155,0.1999427229166031
4631,0.10746459984440339,0.8108623766056137,0.043931929192122465,0.15349342167976404,0.0339801923902324,0.13148823726086234,0.20177805423736572
4632,0.1060532885255918,0.7118225661063221,0.04422208678233954,0.13959358382862275,0.03327520455639201,0.1403863536084895,0.22606676816940308
4633,0.09924260645818726,0.5715728121240128,0.04349492307731084,0.11893462151255399,0.03440573654927524,0.13874435445591435,0.24199073016643524
4634,0.09246344414584796,0.5450203809512255,0.0395048985511531,0.11172139603687772,0.031380381421583524,0.1290604161249283,0.2480812519788742
4635,0.0957068630761245,0.5919091475102313,0.044363354663510934,0.12258418221304243,0.03343477673824557,0.1266772843769654,0.3163331151008606
4636,0.0999855814202673,0.7203416119847923,0.04007783836564771,0.13725837745409694,0.03237144134848325,0.12653425745347743,0.3382401168346405
4637,0.10649133876268779,0.7754466463765062,0.04076002504998055,0.14571525666805565,0.032936401390894605,0.13653098079581,0.3219606280326843
4638,0.10736823155471577,0.7855222846012647,0.04195103474815318,0.1481754990128834,0.03270819481356269,0.1369894046773281,0.322564959526062
4639,0.10601098555661959,0.6988052016045041,0.04188903774175786,0.13573420400786446,0.032762116159264616,0.14409593013446592,0.43088310956954956
4640,0.10026732182903965,0.7046957267965035,0.04046149045333409,0.13535209564521544,0.033362593555126975,0.1281097819795594,0.45407041907310486
4641,0.10447001629023403,0.7416221927253599,0.04431480497851701,0.14393014608520888,0.03233218803925333,0.13306300243923913,0.3775639235973358
4642,0.10757644341777861,0.8467058569730175,0.039900649788762,0.15515853652936995,0.03501428598278475,0.12943399970075586,0.22289323806762695
4643,0.10541801868238211,0.7984129823734198,0.041694356567801266,0.14979701739717538,0.03348166915131774,0.12953070064661937,0.15013034641742706
4644,0.10822201911424165,0.7878799329939009,0.043200838163964785,0.1495835659968128,0.03232543435308586,0.13844017725800317,0.1566973179578781
4645,0.10568150549172133,0.7287408016564884,0.04231953268730836,0.14037971396861978,0.033134405021389104,0.13879928598597585,0.13396263122558594
4646,0.09433345411732576,0.6027347855043792,0.036207406625787086,0.11713988932272881,0.030873966646754403,0.12990487484934804,0.21971294283866882
4647,0.10023682761239376,0.6138797332027175,0.045124309224558186,0.12637508407858095,0.03445183546352816,0.13492772133473735,0.26602503657341003
4648,0.09985146964436108,0.7388439187397046,0.03977410417659955,0.13964122054275743,0.032687670729648836,0.12380376165863748,0.2793596684932709
4649,0.10368316450732208,0.7116911729076085,0.04142328322332098,0.13717583889250493,0.0317606784442166,0.1373092497255044,0.3090173602104187
4650,0.10549493332620727,0.7607165684391548,0.0415218335649711,0.14426393854699732,0.03178545333686055,0.13606784874869432,0.33934125304222107
4651,0.10385988486699972,0.6716962474819355,0.04072494272179336,0.1308637005446708,0.03180830360271931,0.1432766797552829,0.2942003011703491
4652,0.09970189842741056,0.7154074267533777,0.04076907338780434,0.13714598101145767,0.031620637254466545,0.12650942969269535,0.26788994669914246
4653,0.10270472375622322,0.7709415260630869,0.04647076157073932,0.1499665850696461,0.030744783048320404,0.12431554322639317,0.2231566160917282
4654,0.10988398684640176,0.9396367327437154,0.04014010047233999,0.1686396193682508,0.03228537130779029,0.1263715969860689,0.19255702197551727
4655,0.10561593664641791,0.8095481155177182,0.042532124819874666,0.15210583777670947,0.031378201509240124,0.12989529140244335,0.19739432632923126
4656,0.1068245461445593,0.7399381552991305,0.042969792356071075,0.1425367013479367,0.03192404954900562,0.14111434486271354,0.17020736634731293
4657,0.09801693839944926,0.5643309613684244,0.042146137017359524,0.11674396906751168,0.03240103819598471,0.13904469924292617,0.2669191062450409
4658,0.09213986285010765,0.5367883705109628,0.03769448105734853,0.10899360812215056,0.031439820668745164,0.13050537264576234,0.21189989149570465
4659,0.09598632217366196,0.6030268321430468,0.04433253804318527,0.12414600862887978,0.03297938136040929,0.12647766973694244,0.2679016590118408
4660,0.10200565362617464,0.7361847043261533,0.03959217293609401,0.1391053917061025,0.0320198436485824,0.1307809665366309,0.3544550836086273
4661,0.10599422209502336,0.77662330910516,0.04040834969745903,0.14558191532713058,0.03150527341942424,0.13653282060807875,0.28790462017059326
4662,0.10488884083249671,0.7664694514364976,0.0406922363436804,0.14437469564265432,0.03219544604291227,0.13394543831449515,0.27894145250320435
4663,0.10304854690812716,0.6751019667436584,0.039448593220423336,0.13025621800945691,0.03162437601241953,0.1417379842282078,0.2937915027141571
4664,0.10030277115082636,0.7343638432436134,0.040401004011133716,0.13953855247291652,0.03089512889317907,0.12670314946943886,0.30024534463882446
4665,0.10301624656341907,0.7615314888030953,0.044742327447005424,0.14714077906930398,0.03154836565953724,0.12694167641166632,0.3045182526111603
4666,0.10836327417242618,0.8641830065693927,0.04313902869689215,0.1604310255358208,0.032966721243879844,0.12877597554193387,0.21004419028759003
4667,0.10447270522428843,0.7833025856271364,0.043200456350288595,0.14892933196126684,0.03289719324924265,0.12820172980759736,0.18065495789051056
4668,0.10723586389935537,0.7512168573234427,0.043203791681467096,0.14434851534460647,0.033319261627784195,0.13943932087238542,0.17668208479881287
4669,0.10440959845670082,0.694448973429397,0.045931941117278365,0.13857723144758102,0.031063625093531617,0.13869064628245364,0.12966957688331604
4670,0.0956802656767608,0.5875333963247525,0.040292430286106067,0.11846971114876985,0.02903087236789603,0.13405772003400962,0.313866525888443
4671,0.09861507692251442,0.5962630021282127,0.047120221358441766,0.1255691900398376,0.03178804555897995,0.1335038803879493,0.29382210969924927
4672,0.10161351394719474,0.7247754718023542,0.04387719427203637,0.14114837677636746,0.03207699407662638,0.12786496385841584,0.30113714933395386
4673,0.10489497402388072,0.7101030299069551,0.044663478740863814,0.13972627176459115,0.03235820886030919,0.13788725801888418,0.31944605708122253
4674,0.10671554268287027,0.7513946078783063,0.04607345134931647,0.14683361656774357,0.03140078253819328,0.13751264316019846,0.2838834226131439
4675,0.10408352369410201,0.6459131964580631,0.045876112580751506,0.13159569599179605,0.030948090081959208,0.14400387734424466,0.2856617867946625
4676,0.09906284979938204,0.6846354380987476,0.04211726930608581,0.13390557913360893,0.028572512661141334,0.13025450662789415,0.2632075250148773
4677,0.10010658632070779,0.7393600066669975,0.04847071177898154,0.14716918247726957,0.02859172597352146,0.12150231748750429,0.22479456663131714
4678,0.10832807482663932,0.9033867243496552,0.044394754409512405,0.16710789297238993,0.03078517120708856,0.12474577461621449,0.1986016184091568
4679,0.10524037780966711,0.8060181727598508,0.044783819065853665,0.15353158387928184,0.031596034000182946,0.12742437333205286,0.21756072342395782
4680,0.10626865796746462,0.7379393095523177,0.04360444232540286,0.14279513764353352,0.031020668063871777,0.14014997941654808,0.18488191068172455
4681,0.10150856254886312,0.6347308147863403,0.04764853800458221,0.13151743468769048,0.03004356358783664,0.13778267351828735,0.18548807501792908
4682,0.09667307131526198,0.5901558378598837,0.044739959556480025,0.12265651359982341,0.026759494245631146,0.13511193925219772,0.20842425525188446
4683,0.09677315333389909,0.5907181381135402,0.049525894750645755,0.12683907237391637,0.02964584110439687,0.12920187237469838,0.28731533885002136
4684,0.10174089832370058,0.7297444284523618,0.04407698828045661,0.1420294797335859,0.030889289257438595,0.1284835475230302,0.3544432520866394
4685,0.10458225760957705,0.7438769756857063,0.043434090491520194,0.14349735980497536,0.032415843771566824,0.13367715529686253,0.2891486883163452
4686,0.10710825872027506,0.7712499777007714,0.04527248169177828,0.14898355255020587,0.030396501801524613,0.1375901639229922,0.24098911881446838
4687,0.10480769899834598,0.6630258246970921,0.04527416948896351,0.1335244059472676,0.030488551654368718,0.14470983434401968,0.2641257047653198
4688,0.1013049651776823,0.7196045990595067,0.04381932910873626,0.14036008195884633,0.029251018283780444,0.13017894152632792,0.2717144787311554
4689,0.10308997357868628,0.7600747875906276,0.04747881818638162,0.1492782423869882,0.029074514912182565,0.1274387647046129,0.23781698942184448
4690,0.10765848766632337,0.8649071017477776,0.04674787090357091,0.16362776102417187,0.029893374996121335,0.12672984706463275,0.14722312986850739
4691,0.1040261669306867,0.7907668863888011,0.044856265117557935,0.15141492529916412,0.031085927357477013,0.12638371298482742,0.13213098049163818
4692,0.10637789513189513,0.7758994659608043,0.04195474889227915,0.14680399418778275,0.030183420073258745,0.13767522413430033,0.10504772514104843
4693,0.1036146760383604,0.7030380325114567,0.047504092015546395,0.14115179780067644,0.028189530367176634,0.1367666969586197,0.11351871490478516
4694,0.09430836744339678,0.5701255826145364,0.04406522238540702,0.1192167024181398,0.027386584310564423,0.13107013458172495,0.18662771582603455
4695,0.095602324872902,0.5781216174428823,0.04987241231095244,0.1253365844726567,0.02867162940140029,0.12814920626068066,0.2156326025724411
4696,0.10054354868404548,0.7293314443206229,0.04466526145565352,0.14247471615064913,0.02954088010352667,0.1259811121587212,0.2879764437675476
4697,0.10286052918507638,0.714403638918087,0.044697059218854064,0.14036942774731592,0.03078958749985702,0.1331023169176837,0.25814226269721985
4698,0.10538179230590798,0.7570500877624454,0.04522318844448908,0.14691274548991137,0.02916521779223096,0.1357317109693724,0.2698231637477875
4699,0.10319213252202948,0.6603194435901502,0.04649980061500397,0.13418832104002484,0.028435694005363377,0.1414823512708664,0.23115676641464233
4700,0.09755435436641804,0.6933075364071117,0.04391171293949878,0.1366825448634435,0.02985202802297607,0.12255672323203255,0.22359013557434082
4701,0.10060765490727369,0.7488410303297104,0.04686786887036689,0.14714974907884454,0.029991685942492907,0.12167229535133241,0.2357834428548813
4702,0.10681936708641385,0.8486895492497916,0.04551317134171612,0.16025265390001261,0.03215212769069136,0.12539907559577215,0.2214188575744629
4703,0.10232630819433548,0.7673863246769079,0.0445250625299417,0.14779095712236545,0.030336239396001868,0.1255360505808512,0.23216116428375244
4704,0.1033703730790026,0.7170271857920325,0.04345752904882468,0.1396817657264258,0.030852884613388254,0.13505070691991988,0.2142047882080078
4705,0.10040405758631742,0.6424210279661651,0.047942336357106985,0.1328678637298296,0.030553251270804032,0.1331176827368185,0.20092274248600006
4706,0.09645381046372993,0.609499592041617,0.04587178468667755,0.1263900428802403,0.02916631624484914,0.12913616454080407,0.17679427564144135
4707,0.09789938023282191,0.6102647656457495,0.05127507436193032,0.13113074454533308,0.03027994940734387,0.12798893843166792,0.22357863187789917
4708,0.10091260899665656,0.7185903157657274,0.04667259204762821,0.14266083829307097,0.03156012361586873,0.12506633307048332,0.23938901722431183
4709,0.10494374716297795,0.7534007584008391,0.04690136242019244,0.14782984756028483,0.03186978350569878,0.13135812751545375,0.186648890376091
4710,0.10813761157484375,0.775598281203852,0.047166755559365,0.151228402080006,0.031671676983198734,0.13734086265051615,0.2018488049507141
4711,0.10568188018834693,0.6702189522562734,0.04781319311965382,0.13672830156774232,0.03013087409791761,0.14462339181050157,0.20315922796726227
4712,0.09917506638425247,0.7105641958186215,0.04540294999251446,0.14042598511052976,0.030384574740291017,0.12327219268722611,0.13441041111946106
4713,0.1027989798934687,0.7906635049895859,0.04908121335217456,0.1550215407289476,0.030566768517386125,0.12030742411649686,0.13677158951759338
4714,0.10977926247520019,0.900273786320378,0.04607516334461955,0.16810353805544218,0.033791713400083426,0.12523462678321556,0.12212912738323212
4715,0.10696872536056166,0.8198705184486466,0.046098880222684435,0.15663768568353614,0.031131435783074663,0.1298660134582601,0.1355135589838028
4716,0.10902654421323209,0.7833982146034107,0.04364315294067298,0.14932244746392123,0.031402693595806434,0.1416884981591265,0.1603780835866928
4717,0.10376364337440194,0.6956314777477826,0.0471371077046917,0.1397791605679904,0.030581461250024995,0.13628447518884196,0.2205582857131958
4718,0.09530987484163621,0.616920456777655,0.043794166948221906,0.12566935120956949,0.03156708994330224,0.12452026980573679,0.1964351087808609
4719,0.09843821478684518,0.6286756285995475,0.050121045151993664,0.13277169993021562,0.030266188186899943,0.12804693856134813,0.2533974349498749
4720,0.10212008391286388,0.7562386752314902,0.04607668850432217,0.14752840089391764,0.03453204702642735,0.12152733883007383,0.2768875062465668
4721,0.10506238826825844,0.7289482976181993,0.04733287552931531,0.14470650725629874,0.03209813855090281,0.13421750265640942,0.21700133383274078
4722,0.10767312087292921,0.7460844412424004,0.047650972305825136,0.1474271821539073,0.031198193721628662,0.1398038785094614,0.20262087881565094
4723,0.1040882005776814,0.652811326937829,0.04812811493242336,0.1345114309331956,0.030254342424725626,0.14207249990044274,0.21903151273727417
4724,0.09750357071404663,0.6603144206211429,0.04337859324766092,0.13151228287244404,0.03150507995047503,0.12549462699357403,0.19537338614463806
4725,0.09908452055372496,0.7216646287000332,0.04658790752234798,0.14302743911916016,0.03062026562483231,0.12054068987175018,0.18958918750286102
4726,0.10771650431636609,0.859140930241411,0.04633339176299595,0.1624487544027695,0.034150048442108026,0.12419643438073888,0.17938368022441864
4727,0.10809470321601031,0.8041986401372294,0.0463129054277209,0.15458229610050783,0.032034682985616174,0.13397057714366983,0.221798375248909
4728,0.10573335273222745,0.6999143847105966,0.04308771408598999,0.13692009560379095,0.03208653568358195,0.14288591763717423,0.21889743208885193
4729,0.10019643390130364,0.6124947104024665,0.0465374319547684,0.127388471733011,0.030830245506559988,0.1370988156439604,0.24979758262634277
4730,0.09267065079236875,0.5390176445756805,0.04184997747924774,0.11287392992159527,0.03165839872497401,0.12837850211326596,0.25870373845100403
4731,0.09381495526874652,0.575879303386677,0.045989864430342864,0.12168835570981916,0.03061321124380253,0.12472725590463399,0.27752816677093506
4732,0.09807522652130524,0.6896015759570215,0.04489252546293063,0.1369938183906579,0.03347330336182898,0.12054814140016339,0.2425752580165863
4733,0.10215312263244361,0.7053969565314173,0.045096069634146606,0.13942476776232812,0.032854199798794885,0.1301769906232373,0.16860857605934143
4734,0.10400261234602332,0.7356506316658888,0.04616519139436256,0.14466311143315203,0.03142810786000707,0.13192736707004987,0.14359012246131897
4735,0.10262517522091263,0.6407863734827722,0.04839390538347054,0.1330214008262279,0.03211153226191154,0.13772791540538773,0.18861083686351776
4736,0.09793921083991565,0.6833699689121624,0.045361470766381674,0.13650554193006464,0.03385230406445241,0.12026971456456562,0.2003270834684372
4737,0.10327438214472155,0.7693924394937843,0.05018498222088109,0.1529289046884387,0.034948733597245644,0.1196116173980104,0.18750570714473724
4738,0.11143372742235766,0.918974057652489,0.04861380776326618,0.1729509863188694,0.03653287456827841,0.12314437213522916,0.1689283847808838
4739,0.11111433689178396,0.8226024586018521,0.05470718590135809,0.1644065105728572,0.03496256024224171,0.13111648948919435,0.24614247679710388
4740,0.11270246788012878,0.7773971140340918,0.053515041907005956,0.15692676649658965,0.03542618639176145,0.14162295289304697,0.25274351239204407
4741,0.1072712876448382,0.6759528233762685,0.05778494109898027,0.14609463856716426,0.035143849980521606,0.13641236354407987,0.24161066114902496
4742,0.09891795347132519,0.6174364662145431,0.05208038543421789,0.1328455398314072,0.03382082053363279,0.12619130672673426,0.2851491868495941
4743,0.10163891563466863,0.6316140719285086,0.05370329139720962,0.13626197433025236,0.0343334392825942,0.130236031084098,0.30553340911865234
4744,0.10323158889193461,0.7352783901655857,0.05201847570007134,0.14962703490943058,0.036551278359122516,0.12098084534283618,0.28534963726997375
4745,0.10724112553210546,0.7161175793095937,0.052719570882347515,0.14749071494338267,0.036185345678051546,0.13419654216953508,0.23683452606201172
4746,0.1101996722381275,0.7471163245978943,0.05208768950468934,0.15137749451800434,0.0360973249693645,0.13900863160340293,0.23317787051200867
4747,0.10667082235367448,0.6546227843224832,0.05035351154299964,0.13667769336864016,0.035436850129133,0.14274453591205327,0.24675489962100983
4748,0.10065539717538113,0.6802569144016788,0.04718893645780873,0.13762721902121874,0.03424416749093993,0.12641487903415927,0.20362350344657898
4749,0.10065236771831611,0.6989785743503151,0.04973515407630519,0.14248421411544945,0.03376351303161606,0.12257724997168697,0.19489170610904694
4750,0.1069376018723196,0.8275826363979684,0.04718811709656453,0.15867304842533653,0.036140053443591155,0.12361694101356717,0.1812518686056137
4751,0.10690838541650029,0.7453793896130188,0.051270963177917094,0.15042930981150304,0.035047481046909884,0.13170586789426447,0.2241884469985962
4752,0.10569594129606218,0.6478362758544896,0.05123363699399002,0.13646258540263284,0.036352807583075644,0.13945036970167607,0.1532265543937683
4753,0.10167737519701404,0.57734878028982,0.05300665195093355,0.12791267028506018,0.03622933561391449,0.13598852663018582,0.15213455259799957
4754,0.09548211885803103,0.5325668779634761,0.04752580929004374,0.11681739052910552,0.034310985033649925,0.13033849824217428,0.17132237553596497
4755,0.09706882174984818,0.5679666067793938,0.05219367777639681,0.12587552477682498,0.0348982630317084,0.12626219547961579,0.21316896378993988
4756,0.09943393839876809,0.6531002080069834,0.049988977615977336,0.13614772481469248,0.03739696770509608,0.12159172464179728,0.21658770740032196
4757,0.10348383148310933,0.706869339587358,0.048832751098923155,0.14283797802584242,0.03586859644958525,0.12821228391255138,0.1671571433544159
4758,0.10725296130841264,0.737376471566938,0.05039281212592314,0.148533334903211,0.03574636642321255,0.13370090493751416,0.1688448190689087
4759,0.10509018273391839,0.6495793909814599,0.05105055589697679,0.1365546751947601,0.034520698346444646,0.1393070506697214,0.190286323428154
4760,0.10039234721733938,0.6863142745360065,0.04831350336848613,0.13945647067813188,0.03420636565902214,0.12412397305267353,0.2079392671585083
4761,0.10501860355044929,0.7441344470553519,0.053956653499585394,0.1525534811504092,0.032761955784757685,0.12665015244546451,0.2234952449798584
4762,0.11047039894547085,0.8667371320682602,0.051065678905970364,0.1675901722148689,0.0347248155658448,0.12676798279192036,0.16891039907932281
4763,0.11139243859901732,0.7916345587881893,0.05797323886767917,0.16278199885632347,0.035763586821438535,0.13260181867925588,0.25381866097450256
4764,0.11195368600503945,0.7294960156142192,0.061588272863184745,0.1570036646847611,0.03541666421729788,0.13950484872455687,0.26978379487991333
4765,0.10756035876230287,0.6464245607699078,0.06611859615530312,0.14901944824310379,0.0345761522077136,0.13514483620186768,0.21225880086421967
4766,0.10026562333589473,0.5928690851596179,0.05832425871712386,0.13468780535176586,0.032416048983759604,0.12951459163012574,0.19099001586437225
4767,0.10095465515530058,0.5737729194164111,0.061207787706361226,0.13443137795065405,0.03205422668022083,0.13195039762506108,0.2089206576347351
4768,0.10299260413521653,0.6933180107303853,0.05742497085060843,0.14826683369057653,0.03379898654599056,0.12392206866484926,0.2433401346206665
4769,0.10611471722458508,0.6853740478125829,0.05560273530005542,0.14557006565898795,0.03470264671914099,0.1340768490367462,0.22227168083190918
4770,0.11004491105346154,0.7418198280482149,0.05846946485825328,0.1560909453139621,0.032765020518140876,0.13737453529392912,0.23643893003463745
4771,0.10602071224671167,0.6523202427684026,0.057631544576657374,0.14258707288976386,0.030993230828209463,0.13967419292523048,0.2151215672492981
4772,0.10192418429279716,0.6875076989475054,0.052095172624855274,0.14286839067094817,0.03255661902961093,0.126794623317203,0.19469760358333588
4773,0.10331104479743067,0.7157322605394857,0.05393023568297428,0.14847338209104732,0.031363283202721345,0.1267482910608867,0.19732974469661713
4774,0.10591230121567169,0.8052424036034648,0.04969366769887049,0.1576292013995268,0.03284790225169292,0.12459136264827984,0.169759601354599
4775,0.10424241310053219,0.6814318347858987,0.05488283035377022,0.14438983098693145,0.03491162971715948,0.12977785791038396,0.21621012687683105
4776,0.10419161937947387,0.6205060476303024,0.058442248861446534,0.13873707725699738,0.03548335356652578,0.13408407632297042,0.11476757377386093
4777,0.09921121706296031,0.5064333050810929,0.05993035665277724,0.12371649214253662,0.033136919300882514,0.13558411191014919,0.10353436321020126
4778,0.098499519263173,0.5684493262153324,0.052906755320641756,0.12655569401988329,0.033581181339395784,0.13075391203435655,0.12503013014793396
4779,0.1005323873986505,0.640078975264616,0.05373343926265458,0.13749708726293478,0.033538522852779695,0.12680790649503867,0.17912469804286957
4780,0.10442452159208168,0.7037834156100499,0.05209557759404824,0.14519384016776277,0.03421345537888719,0.13018605077490591,0.20257264375686646
4781,0.10892172278561407,0.7685160281455867,0.05087883172688726,0.1533984312152729,0.0373617295725047,0.1326195969711333,0.1675192415714264
4782,0.11161945050845169,0.7417535304937426,0.05437062636999072,0.15256818410195527,0.03670280099457901,0.14134137693877463,0.21005898714065552
4783,0.10847260042796769,0.6640038110801174,0.054835995382801955,0.14185996905384704,0.03430376863072394,0.1441563807029116,0.24840940535068512
4784,0.1076030701549256,0.728489770154362,0.05420419863342385,0.1505307088507007,0.03669877015141587,0.1320826487991934,0.2584770917892456
4785,0.10989781552305197,0.73673355478183,0.05387612197178521,0.1514271838017916,0.03520327908899008,0.13891733765895892,0.24706509709358215
4786,0.10999535465886931,0.7696341578148802,0.05472028337943722,0.15685083687021478,0.03633726547625297,0.13344763575873128,0.18591955304145813
4787,0.11107184200114385,0.7743732530114291,0.05844602993884635,0.16072134752064388,0.03625475369245379,0.13309347694168513,0.2032192349433899
4788,0.10988684042573205,0.7044126159915765,0.060785708979342774,0.15273240998109044,0.03539614599005638,0.13757632469600964,0.1572330892086029
4789,0.10672292763716928,0.6282745182475792,0.062370920273642404,0.14321429141277622,0.03441856271451537,0.13805930364083535,0.1102864220738411
4790,0.10202085557094637,0.5648902980635861,0.059688847963011264,0.13186048369166484,0.03602849272728479,0.13365449845352156,0.21723993122577667
4791,0.10114759994101358,0.5580612412266006,0.058402893131354904,0.12978265714496143,0.03352225674720048,0.1352641001821457,0.21553997695446014
4792,0.10384033579877171,0.6456569395008025,0.05533405089458981,0.13966589212404876,0.03728509024144363,0.1307288138768164,0.28413641452789307
4793,0.10840879344767056,0.7249228999101154,0.05327055893285101,0.14922089335817448,0.03650096654222126,0.13561755456824773,0.3758377432823181
4794,0.11277171441296323,0.7498839893450204,0.05637380619480143,0.15544668950197554,0.03614933638232259,0.142475691986888,0.31907668709754944
4795,0.10830987794387671,0.658646803259425,0.05585559217853046,0.14196862233294397,0.03514171654463851,0.14288061782777628,0.24595297873020172
4796,0.10355420426449148,0.6840938789899362,0.05724670353894575,0.14679630003194438,0.03830863049405812,0.12280724751709943,0.20793606340885162
4797,0.1060876985538063,0.7328141926212796,0.057594904781952484,0.1540548030447135,0.03649674865748546,0.12500856328354323,0.23918594419956207
4798,0.10967176726174839,0.7937983381976866,0.06038483224164457,0.16515819023536485,0.03776552203374157,0.12403911173433996,0.2020631581544876
4799,0.1073502599196743,0.7149844488335633,0.06539948156895818,0.15819733403533037,0.03821798310459466,0.12334981228166997,0.2021912932395935
4800,0.10620143803315649,0.6432015684717325,0.06588520500306301,0.14835897121287292,0.03511900843061202,0.13151072240313094,0.15441979467868805
4801,0.10121490029203546,0.4944025707407576,0.06713737515446744,0.12817526023822318,0.03547557014381227,0.13514649921881652,0.11793369799852371
4802,0.10291665927363884,0.5764049347958526,0.0653987254841116,0.13839961252864605,0.034784835369051685,0.13148442109202124,0.14379185438156128
4803,0.1055999575330108,0.6881056380435984,0.06074534682734862,0.15036824557252718,0.03524607516323965,0.12798735257198374,0.21312154829502106
4804,0.10907995615854665,0.7373328287833264,0.05965757630586457,0.1564683266597877,0.035377763259509705,0.13210455075661806,0.23628230392932892
4805,0.10961845872842342,0.7509574922070079,0.057683804415604466,0.1567229026715192,0.03551250517690398,0.13324477963579406,0.19891580939292908
4806,0.11031081850384931,0.7117636235812411,0.060220755412926597,0.15329830800840008,0.033585111559557325,0.13983175876362292,0.1970568150281906
4807,0.1078310299687654,0.6475523325276498,0.05705356368280421,0.14141053066063927,0.034135008669959846,0.14293298549983063,0.26234927773475647
4808,0.10589090003666084,0.7010599930112469,0.06144965350757076,0.15282255915095308,0.035124310595102404,0.12674646407301873,0.259196400642395
4809,0.10855216040284411,0.7502188661820635,0.05834183877995389,0.15718141412311243,0.034969850907338625,0.1303860842061767,0.2239827662706375
4810,0.11099097621308324,0.7654270067864508,0.06021603629501332,0.16096046065093297,0.03797936842391031,0.13115283414549106,0.1829146295785904
4811,0.10958649834014746,0.7515025734282128,0.06559605528742021,0.16358270073610487,0.035825668241028126,0.12688054758041412,0.16212806105613708
4812,0.11085220663944906,0.703899257530467,0.0691591676709115,0.1598363233651337,0.034685854042671604,0.13463666302665522,0.17888250946998596
4813,0.10933339238389501,0.6471939085838747,0.07226935226718731,0.1544014317409998,0.034426869334277466,0.13544206561484368,0.11378249526023865
4814,0.10379521675587453,0.5729524907761038,0.07275800817691792,0.14421436283394448,0.03385928931545467,0.1296224004479307,0.17950548231601715
4815,0.10032498124393792,0.5331237746705485,0.06700594760728416,0.13359420861632193,0.03359947238664064,0.12959922754323702,0.18756908178329468
4816,0.10512044112368849,0.6596576885843581,0.06707054858643687,0.1517258543004256,0.03399513191653404,0.1265753501503037,0.21848396956920624
4817,0.10634264943912299,0.6733515212452184,0.062116208912863395,0.14943553924605693,0.03403468197780112,0.13190584238671244,0.27817073464393616
4818,0.11021667061299333,0.711220954722579,0.0631022258814354,0.15569061571588447,0.03271336696643636,0.13824235933870097,0.2581409215927124
4819,0.10535613556450202,0.6196235682178244,0.059676177073868276,0.13966866152300486,0.03262620685024381,0.13897136297578794,0.25885769724845886
4820,0.10151414648209454,0.667605244300792,0.06073799095632173,0.1474333128626746,0.0336100783129488,0.12075093554708947,0.21948111057281494
4821,0.10475368740121627,0.7127856319576955,0.059100592277310494,0.15248416937450834,0.033671923337574135,0.12518605923027254,0.26041504740715027
4822,0.10916084076601568,0.7561359615004493,0.061695449165230426,0.16090123664169026,0.03673097064423853,0.12726413073135545,0.2104312628507614
4823,0.10571231073872306,0.682303363559334,0.06789122940735745,0.15566439142906838,0.03493164059564493,0.1239373265098643,0.21299712359905243
4824,0.10747278374315793,0.6187431629435816,0.07175188984210222,0.14989350028517068,0.03401556066350648,0.13462972696359177,0.14758414030075073
4825,0.10138277562034993,0.4943063361959221,0.07171249661871902,0.13208304512974803,0.033127383444575546,0.1342435079534292,0.15007686614990234
4826,0.10210664011526917,0.5417280929420014,0.0710210270458995,0.1382648936024855,0.033461626345912765,0.1305325553621417,0.16920198500156403
4827,0.10236825917718621,0.6084513621210621,0.06409251691476157,0.14185806622994734,0.03293941932332387,0.1285649128781498,0.23811563849449158
4828,0.1053856320214169,0.6590749645475691,0.06434375542601993,0.14930535672909837,0.0337573848310298,0.12963058919378428,0.24133217334747314
4829,0.10640730351424584,0.7006869546786404,0.06116099999312067,0.15252185066248064,0.03332499678762809,0.13000409314533093,0.21888679265975952
4830,0.10876187015213995,0.693617175222937,0.06098974188227722,0.15136508950237149,0.032546103876004144,0.13817284871230617,0.21633048355579376
4831,0.10676238025407957,0.6282689910428838,0.059056769339531356,0.14037280101143887,0.03341803075554746,0.14152956790260576,0.2462749481201172
4832,0.1031619111445679,0.6702908262377816,0.05996514184208679,0.147154525327186,0.035990030705283824,0.12344376911915059,0.2540964186191559
4833,0.10659517282737326,0.7134030483069469,0.059695753979249,0.15308251031177728,0.03515244642523483,0.1284311381303909,0.2320859432220459
4834,0.11105464200722036,0.7722844269997033,0.0604830598823607,0.16216896947055254,0.037846663366917006,0.13038658678707024,0.14501318335533142
4835,0.11172610877611268,0.750537467959913,0.06802548903504434,0.1655272003100256,0.03533452145399644,0.1314927925907906,0.16561050713062286
4836,0.11268148719456471,0.6883879730571192,0.07100138576024466,0.15919946965979812,0.034795471497625984,0.14012851627230682,0.15969522297382355
4837,0.10770590664021785,0.6141927095086832,0.07227752319423873,0.1496939783820165,0.03399437857796698,0.1354639309206135,0.14098051190376282
4838,0.10318496862623898,0.5607033174963535,0.07347721411796797,0.14308094317202305,0.03457428951219736,0.1283103351234643,0.1951403021812439
4839,0.10247696206957482,0.5495767167936266,0.06936281124772802,0.13796479775428497,0.03534251598885944,0.13016774616607943,0.1826176643371582
4840,0.1055136993653254,0.6498780037918523,0.06853141941607094,0.15158093146975402,0.03600002229088882,0.12602933871408237,0.22096186876296997
4841,0.10955061644202715,0.6998475577817509,0.06148608109210385,0.15268057776205343,0.0362715826623251,0.13593105484424345,0.25389161705970764
4842,0.1135530253715031,0.7220505245823676,0.06509381284649991,0.1589447716659096,0.03829288376956059,0.13968787126559717,0.22991028428077698
4843,0.10674390242944795,0.6139938680189706,0.06104804123777055,0.1400403022065134,0.03664976978328852,0.13894191868990513,0.23774337768554688
4844,0.10435928106395463,0.6683628182319574,0.062156136590523915,0.14875709111072874,0.038997325509360914,0.12270290838329678,0.1912500113248825
4845,0.10701446493668497,0.7000853627218975,0.06197965177220625,0.15313761047930502,0.03958692117761092,0.12565581337608223,0.18034867942333221
4846,0.1088694275175381,0.7536620400338239,0.060013912606485725,0.1591065022389626,0.04006949044757439,0.12511193207250992,0.16499678790569305
4847,0.10818385094721869,0.698226625637727,0.06562901318696159,0.1560001006799281,0.03910522621182887,0.12678842907456409,0.19572782516479492
4848,0.10845024040508405,0.6109995748035661,0.06758765760981598,0.14521793149463744,0.03867697287067183,0.13733011979433557,0.19316937029361725
4849,0.10159980874661882,0.49603943331652334,0.06637996914966456,0.12775989260207293,0.03799899221983517,0.13436044983403214,0.17570807039737701
4850,0.10329542999833725,0.5873933723472995,0.06712508810419192,0.14144912871035015,0.035411203812467824,0.1293096415379617,0.18823806941509247
4851,0.10670255491270372,0.6760203444502209,0.06104132735128528,0.1488954726511332,0.04078426014799867,0.12746225981069487,0.2832207679748535
4852,0.1083968959846791,0.697088054382295,0.06076290808023269,0.15166650040909874,0.03870399901513232,0.1315172769616653,0.2960382401943207
4853,0.11100022688568884,0.7383074004866961,0.05662893088432066,0.15401156939894572,0.04080742720682086,0.13478400190559853,0.26656389236450195
4854,0.11321309608738582,0.7151564195395296,0.05953105762404933,0.1531918236119751,0.04198440641610062,0.14055681296574474,0.2806346118450165
4855,0.11006225592916884,0.6422326700311795,0.05837130972360894,0.1417800754818333,0.040580984686519175,0.14310527615790586,0.33644694089889526
4856,0.10449711691240982,0.6942486865795068,0.05998558537141513,0.15059459982971396,0.036936904048539124,0.12327700561565555,0.28543171286582947
4857,0.10941770685268898,0.7504899505358401,0.05794830564458717,0.15688282634333758,0.040660689511787744,0.1280481174716601,0.20507004857063293
4858,0.11255412690467076,0.7964411061535466,0.05801675555606029,0.16350594849855835,0.040161773564354616,0.13131459218279573,0.16857947409152985
4859,0.11442937865264474,0.7446863078502044,0.06949035614769822,0.16594692067662767,0.04123233604700114,0.13339894166159785,0.2206573486328125
4860,0.11659604893787953,0.7147097819575381,0.07423953138621404,0.16573528146783173,0.040021808258615954,0.14060168106852697,0.20577368140220642
4861,0.11112917790792087,0.6252508142999607,0.07447555553548046,0.15315773535897761,0.038893715519006944,0.13756021972854593,0.16331204771995544
4862,0.10497684076398008,0.5928731366089146,0.07259092188519783,0.14691695256001452,0.035008466242034554,0.12950157064915227,0.21017524600028992
4863,0.10689326864787306,0.5750916501639894,0.07027832241428374,0.14239451209281312,0.039805647774465366,0.1345313488977823,0.2379487007856369
4864,0.1090819091895713,0.6832019028311676,0.07004279746679078,0.15763695537598746,0.039260117435841915,0.12769031156097038,0.22723820805549622
4865,0.11215048147012786,0.6818680362306346,0.06455590618741402,0.1527433533364455,0.041059140042751976,0.1388366423360538,0.25859323143959045
4866,0.11427915286477712,0.7198338238874207,0.06674468579766896,0.16004313409620494,0.038541005796938144,0.14050654797163686,0.27283719182014465
4867,0.10930530450603654,0.6233068489063573,0.06301711207005814,0.14305850304667228,0.036880391456327724,0.14314305470147548,0.25332552194595337
4868,0.1041328880951924,0.6764983666224539,0.06230730306453639,0.15004888357281035,0.03473559530996046,0.1246790232393547,0.21653713285923004
4869,0.10888333779632475,0.7223911656153964,0.06124346163359995,0.15569313363099943,0.03843091418023736,0.12957063710506087,0.17641019821166992
4870,0.11023513827099964,0.7747758817767065,0.058553451517565795,0.1608709415545859,0.04040987843513715,0.12702591275424135,0.18012270331382751
4871,0.10890493391753933,0.6785319438152746,0.06554832704577064,0.1531174151556998,0.039487860484603975,0.13095895208796743,0.16048230230808258
4872,0.11037093027435976,0.6182403214515283,0.07104471460388058,0.149215515582116,0.0369401599309274,0.1406338421805764,0.18551091849803925
4873,0.10374860474171908,0.498672665035799,0.06948450757875865,0.130797101501193,0.03664609821804015,0.13879586328539842,0.18641838431358337
4874,0.10454543171314756,0.5877995163274656,0.0720999200878168,0.14577129097919522,0.03326445843306578,0.13084365647542742,0.20605646073818207
4875,0.10824025891218665,0.6779456979620562,0.06624835043392992,0.15363368579509082,0.037978042411778955,0.13000044982750225,0.27205750346183777
4876,0.11158050948203603,0.7098193959564374,0.0678387941646176,0.15955030870630615,0.03769856621436809,0.13425363552000913,0.313281774520874
4877,0.11470672163154189,0.7595693306075877,0.06309944961087126,0.16259514689611645,0.0378038126151685,0.14009439491436587,0.2850073575973511
4878,0.1140918639441884,0.7146907921856479,0.06542044359664492,0.15817335053793105,0.037813986282088506,0.14226370612900102,0.26061898469924927
4879,0.11218040696371209,0.6520125753190512,0.06123606129802553,0.14563270615817206,0.04083968402082743,0.14533277774358372,0.31945091485977173
4880,0.10749694198666494,0.7280344211728338,0.06255818791778894,0.1576262212399382,0.03690907600782221,0.12539820537153828,0.29199081659317017
4881,0.11151878341994102,0.7544666587662339,0.05841128574419033,0.15784776760448224,0.03989605791689556,0.13365080707363228,0.2291763424873352
4882,0.1126620480232322,0.7768413600909867,0.05849828536531779,0.16111872461184193,0.038760511167394686,0.13492630075705653,0.18587730824947357
4883,0.1137454960206372,0.7387561581584586,0.06610645566916956,0.16219927031049658,0.03770101208861153,0.1378873669575327,0.24022263288497925
4884,0.11386146268767008,0.6966202974393334,0.07197257361773125,0.161207962735103,0.035234990631573024,0.14123143819525125,0.20327886939048767
4885,0.11041083756658251,0.6085926193296751,0.07431283861945433,0.1506385215780573,0.03614334134864545,0.14019567324723697,0.23450016975402832
4886,0.1044685902565662,0.5705854946131526,0.075396904846367,0.1461381319559078,0.035133315614643806,0.12867610658132436,0.28072670102119446
4887,0.10863933117362036,0.591683356323972,0.07361904214686138,0.1476282298864486,0.03990097492343287,0.13467010651880967,0.26473554968833923
4888,0.11146925991471215,0.6815273653444157,0.07287930080188881,0.15982902430796408,0.03871412402776927,0.13281520997169172,0.32543545961380005
4889,0.11471524976404218,0.7094452978270961,0.06873378633889606,0.16026400226578177,0.03906318848546066,0.14105564494377884,0.34678587317466736
4890,0.11517153136859502,0.7086615015026577,0.07304507589642961,0.16384742241160508,0.03834191984618136,0.13980603678807318,0.32083049416542053
4891,0.11035846650132615,0.6182406946691051,0.06499542949303237,0.14403046737532849,0.039233856241243245,0.14312949971414662,0.2981262803077698
4892,0.10550639745036343,0.6729543696367027,0.06529665072814222,0.152104896286508,0.03820059323075136,0.12362528966089745,0.22764720022678375
4893,0.11022138203884078,0.7198053953094692,0.062399547765518704,0.15631466884322592,0.039705580224895266,0.13159108267220612,0.18677940964698792
4894,0.11031161921044873,0.7452876133594535,0.06079991346440835,0.15858387059227194,0.040217045695344025,0.12940615107707004,0.16005338728427887
4895,0.10823323736478913,0.6550660608369498,0.06594477814738471,0.15010496138875112,0.03834741550095482,0.1327455729746774,0.16962210834026337
4896,0.11015703677932744,0.5921243714016868,0.07144671650704802,0.14582923863485356,0.03998222615813003,0.14034681944928978,0.1599828451871872
4897,0.10604004364074573,0.5031371846346829,0.07141432448313516,0.13308901879049914,0.04134985285015099,0.13897610732648188,0.18392102420330048
4898,0.10769793649256544,0.6175451502278515,0.07191705520183962,0.14986392591984132,0.03757227087601977,0.1321626531581765,0.20507845282554626
4899,0.1119204354730568,0.7011616001474257,0.07030659598270443,0.16042873943480745,0.04113556577788161,0.13141243048980328,0.28886038064956665
4900,0.11587655819440626,0.7166899310644834,0.07213223136536431,0.16421190275095277,0.04016859388930167,0.13982760047439458,0.3423151671886444
4901,0.1177014478298199,0.735320071362143,0.0692311693060471,0.16438672674263222,0.041286835883155744,0.14371461423444026,0.3049296438694
4902,0.11729596327397665,0.7078309915536949,0.06925350601559759,0.16047886109246862,0.041390718121907234,0.14592801719085688,0.2917347848415375
4903,0.11248306306841706,0.659777466417582,0.06254220410617461,0.1478615272935185,0.040456639572616956,0.14455002743027834,0.33745276927948
4904,0.10730064931227391,0.7159562476162287,0.06257952046625495,0.15591905291625124,0.04030928887273277,0.12337698654339224,0.29353877902030945
4905,0.11226090378051401,0.7446895930749967,0.06182503520095492,0.15937711489724662,0.041613406138310924,0.13285077949030066,0.21652567386627197
4906,0.1149079000578671,0.7640771983905387,0.06320713689085525,0.16333143139081002,0.04264191811745156,0.1357700443394056,0.1783193051815033
4907,0.1139349518481319,0.6853595128273352,0.06560185347352955,0.1541386619526446,0.04246665685833108,0.14129146362275896,0.19187355041503906
4908,0.11613638901943539,0.6613480132519461,0.07143414802530058,0.1557075573433928,0.042250688282779385,0.14616160488054666,0.21268285810947418
4909,0.11185283491957998,0.5775003481547459,0.07692631028995407,0.14843688712778147,0.0423011381470367,0.14069952391337903,0.24306783080101013
4910,0.10473125846192823,0.5610945030913285,0.07710927332544558,0.14625002043485738,0.03624364089706511,0.12832900710487044,0.28524214029312134
4911,0.10934208005189826,0.5737693730577264,0.07709113018542303,0.14804516488146638,0.041210750269332075,0.13509179438577157,0.2812744677066803
4912,0.11272885075114737,0.6705500307254348,0.0765731804770742,0.16142701622684003,0.040177999146262744,0.13359995111419032,0.3275718092918396
4913,0.11620324591188225,0.6764979995551079,0.07398743815880661,0.16006037550113536,0.04197479163021446,0.1427781550177451,0.32101970911026
4914,0.11576710834872124,0.6918521787341221,0.07321471953689011,0.16159149942220896,0.04070761321295012,0.1413478244032192,0.3163549602031708
4915,0.11048025345593232,0.6152054330412275,0.06498878188454714,0.14359116062121574,0.04161037398552181,0.1417693542229185,0.2860284447669983
4916,0.10500835638045163,0.653417554890781,0.06712851734357637,0.15088409413603418,0.039106007668582,0.12253164096720277,0.253792405128479
4917,0.11164504493560766,0.6956311493935269,0.06639872293777273,0.15628906957430905,0.04344107327364174,0.1322599985809641,0.20630435645580292
4918,0.11150877012057724,0.7040456459623559,0.06706474335651623,0.15806201515735044,0.04298921254961092,0.1307292935879962,0.1959613710641861
4919,0.10981970287332618,0.6233490581706329,0.07044879213304406,0.1494345444241282,0.04230311444080729,0.13423373139482847,0.13993674516677856
4920,0.10967183137197725,0.5761793651753353,0.0713620010250393,0.14347876733222442,0.0393986903026705,0.14157976084240442,0.1641136109828949
4921,0.10630577677387686,0.5108987636344444,0.07260442588997709,0.1352179027106153,0.04099757771588947,0.13815234075496968,0.2013482004404068
4922,0.1065915992538128,0.5982134103104984,0.07311649654661452,0.1481303413700265,0.03547315966590029,0.13247383454154926,0.2340344488620758
4923,0.11196638671054444,0.688985439432615,0.07289740641867855,0.16090998256352665,0.04103135317308137,0.13120889468446525,0.32871896028518677
4924,0.11581417619997997,0.7067925116947421,0.07262377704962518,0.16321931057035616,0.03813447488797468,0.14230442227390538,0.3684699833393097
4925,0.11963272314930222,0.7329548834646207,0.07098672220105966,0.16555360238156838,0.04208210344525081,0.1473087460621143,0.3367920219898224
4926,0.11462540294573036,0.6608863601989757,0.06889233440443933,0.15346290951794453,0.04059412445751293,0.14541995337223315,0.3601173460483551
4927,0.1138476780853669,0.6418350921482612,0.06447457372581884,0.1469546477861677,0.04418179963824718,0.14583672323839592,0.3867594003677368
4928,0.10961945456991727,0.7124019187473921,0.06796146149074862,0.16002438395598342,0.03979663782731689,0.12661010600688474,0.3649507462978363
4929,0.11665547311571234,0.7279340641568877,0.06850040680161605,0.1627052149952263,0.044055009146879716,0.13988735494386617,0.28289759159088135
4930,0.11536074236804805,0.7068267459961346,0.07202198478907905,0.16270837924722986,0.04274340059821951,0.13747173414736397,0.20429739356040955
4931,0.11579828696889266,0.6826808080261774,0.07464880395037866,0.1615105188183499,0.04428605651341736,0.13837328574915847,0.1656244844198227
4932,0.11743387470701215,0.6732770210926258,0.07672549273461281,0.16194713964290036,0.03948702900772421,0.1466882578749869,0.15710961818695068
4933,0.11302412097949648,0.5673225625910583,0.08222496475176837,0.15152462158595265,0.03995999558702117,0.14326729266726318,0.28125473856925964
4934,0.10757093579993962,0.5779070753515597,0.07948697650692749,0.1506898477704464,0.0379956773075797,0.13072023900656113,0.17669710516929626
4935,0.10948665994553565,0.546754166218741,0.07823142947379425,0.14516324900878663,0.0432723433953763,0.1362071714965805,0.20879259705543518
4936,0.1160414119834558,0.6828942296147722,0.07891223364694368,0.16519537592806202,0.04156072104273923,0.1382022981050523,0.2632788121700287
4937,0.11714395719188526,0.6634150772276923,0.07361521162306439,0.1578723352808684,0.041488664919139,0.14770500710267798,0.2504638433456421
4938,0.11643124829056659,0.6849756612820221,0.07316992355716512,0.16057074323214468,0.03962651258228421,0.14501333396143284,0.32327353954315186
4939,0.11239691683002496,0.6169628863351705,0.06864297789626694,0.14697439338753887,0.03830209098022854,0.1469745974607722,0.30463045835494995
4940,0.10738207667045935,0.6572181073597886,0.07430126682185292,0.15757510118441515,0.03904578133072066,0.12325743864301938,0.2931005358695984
4941,0.11279793596659969,0.698673899495782,0.07094861211448149,0.16062365316895294,0.04272725927256216,0.1322622755218234,0.2304699420928955
4942,0.11316182643048724,0.7076172996598731,0.07183459315837372,0.16266069408715936,0.04380763836828586,0.1305352317853254,0.1917484700679779
4943,0.11403362561446993,0.6480668975909617,0.07527698954831424,0.15710411926869247,0.043789790484635285,0.13781029940563055,0.17982544004917145
4944,0.11593030202397331,0.6344571298066716,0.07726813194597144,0.15686656021178574,0.040365554965731444,0.14623022978559902,0.1550038903951645
4945,0.10900730338133476,0.49536157582393825,0.07912197164846882,0.13858477224496446,0.04006428497936171,0.14345215922738522,0.267795592546463
4946,0.10795837961294273,0.5897364187783133,0.07475214143174212,0.14832132390982375,0.038270975510748546,0.1336172819425918,0.2825911045074463
4947,0.1114123722050112,0.6824990199345344,0.07232526187268408,0.15949294159580557,0.04144465177777018,0.13056362936190197,0.3651151955127716
4948,0.11672249202241378,0.6972554796654591,0.07157959553461375,0.16096186469616308,0.03961956588941572,0.14547810129925642,0.44088560342788696
4949,0.11780126665241952,0.7219276140503877,0.06904372029145883,0.16231284797130582,0.03953994255778854,0.14733229158119615,0.327719509601593
4950,0.1171733524351824,0.7048717467229787,0.06951478671402346,0.1602800667153028,0.04131636713643361,0.1458298395764822,0.30292585492134094
4951,0.11479773698501396,0.663252342299447,0.06638919825735663,0.15165536169194097,0.040358707647884275,0.14768146603644128,0.3178246319293976
4952,0.11069122913996839,0.716130287944985,0.07360723368730988,0.16539624143840634,0.03891209561825225,0.1256310852103368,0.31667619943618774
4953,0.11422893515319234,0.7287413216201413,0.07162795662195598,0.16550129447883957,0.04008623054236288,0.13424048727772675,0.2094583809375763
4954,0.11562190848128537,0.7236168518434816,0.07278874847479459,0.16576419181317845,0.03934991018975006,0.13848540907097226,0.20525437593460083
4955,0.1138871798314735,0.6722045509032515,0.07287755572339104,0.15849569789194248,0.039452244536400075,0.13998529491175232,0.17823496460914612
4956,0.11592123500537534,0.6630757722043497,0.07749302595357546,0.16114770398940034,0.03732520030414536,0.1451196050079297,0.17410430312156677
4957,0.11226088111445956,0.5603467518727037,0.08144059063162,0.1498557565232034,0.03668528106239838,0.1454940151773622,0.194004625082016
4958,0.10922641944417895,0.565122840841319,0.08220162859865461,0.1511903732047495,0.036716906521376776,0.13595378371113162,0.2399768829345703
4959,0.10724438250109763,0.5324017772557205,0.07814244640272028,0.14303663652457743,0.040673775019772505,0.1341754417767123,0.272908091545105
4960,0.11362611612865652,0.6547983511761003,0.07837222777428986,0.16071881683169134,0.03787806452486536,0.1386995481668183,0.3861343264579773
4961,0.11445919167868951,0.6484305917119548,0.07319236479062577,0.15536925435081564,0.0378461198333506,0.14569932470525068,0.3832857012748718
4962,0.11616548232573219,0.6702497787616105,0.07776145067418082,0.1624026404009565,0.03773064285507336,0.14433845354673747,0.3680868446826935
4963,0.11325301684901129,0.6071543707599356,0.07033686583590713,0.14702508082505408,0.03916096023188078,0.14853301040996306,0.3648723065853119
4964,0.10880222506366756,0.6605609915804502,0.07800173745732726,0.16122448804634484,0.0385215461204191,0.12442833902916735,0.2823936939239502
4965,0.11278293232911377,0.7061294694841966,0.07516476577871997,0.16530258059378808,0.04068906842305225,0.1299103710153276,0.2446090430021286
4966,0.1145678945723831,0.7429678205473405,0.07452380579391674,0.17001580790154872,0.040862323856097414,0.1305433447861132,0.2327108383178711
4967,0.11496406751832765,0.6846166720177215,0.0772423579826219,0.16401011713049327,0.04063050505484485,0.13709064126323017,0.21176579594612122
4968,0.11662602132289995,0.6394274757871257,0.07911499917171172,0.15915963868819946,0.038967334799050235,0.14736045683663143,0.20318789780139923
4969,0.10969819700909898,0.48167926653452275,0.0805276793841713,0.13783504897707863,0.03828668621051511,0.14756352348587765,0.1933024525642395
4970,0.1090585454216952,0.5726010043417028,0.076773340953062,0.1476058642942964,0.03886580014360915,0.13674829352649448,0.2373610883951187
4971,0.11067617918032187,0.6490804540868361,0.07435120985312506,0.15645538760079805,0.04261064101122991,0.13017671771036066,0.30856937170028687
4972,0.11244680830583453,0.6521798127039644,0.07101046893202244,0.1540346608994427,0.03860393771687398,0.1406699490517679,0.33300283551216125
4973,0.11522274974526313,0.6866543226155475,0.07007500526066024,0.158157764882787,0.0383505285631159,0.14491780503430857,0.3020252287387848
4974,0.11585587499071782,0.6645658872122604,0.07370498380422763,0.1581136842910895,0.04020343753633388,0.14507617462547856,0.27195918560028076
4975,0.11445594343160409,0.641233982768497,0.06579511148166114,0.14800066452263771,0.042135459852264634,0.14838473560887172,0.3267563581466675
4976,0.11055977086047308,0.7006911199568286,0.07013468051349181,0.16021417186253992,0.0414345029464546,0.12759677940843078,0.323917031288147
4977,0.11508249797601909,0.7237023909502385,0.07016015238114887,0.16352332931959027,0.0426791374663063,0.13604971099639301,0.23527327179908752
4978,0.11387222510213514,0.7024675386487704,0.07192309995977618,0.1620008769153468,0.04133106250318548,0.13523317203965593,0.16435426473617554
4979,0.11396190916548173,0.6636676771075998,0.07398117041221115,0.15822209994012384,0.04216273334451283,0.13805852108101768,0.15240438282489777
4980,0.11772217866229262,0.6601241474777857,0.08063372524564935,0.16341807127881167,0.040064669254196224,0.14568859335492282,0.1486205905675888
4981,0.11502608070380264,0.5712099377719855,0.08351185365759477,0.15318300853107916,0.038730316829993325,0.14839756224451883,0.2045232504606247
4982,0.11110537976790437,0.5670474985129528,0.08162196664234407,0.15096847119528817,0.03966488848893981,0.1387356046380375,0.2268093228340149
4983,0.10850808719734543,0.5570198647427315,0.07792116152936947,0.1463638334169926,0.0406984820612593,0.13471771374922953,0.29462364315986633
4984,0.11185617530755926,0.6359422305253994,0.07639913593896426,0.1563338637370264,0.038305262591951834,0.13729524655793196,0.3498498797416687
4985,0.11587834763071868,0.6607747871621541,0.07626999333514241,0.15977067816757265,0.03934424504714563,0.14443989817159786,0.3208448588848114
4986,0.11621162247707026,0.6777716647441209,0.07736539665703546,0.16313772066947624,0.03863212849545293,0.1430333437926302,0.3142814338207245
4987,0.11372501447524219,0.6161124140836509,0.07267140779344908,0.15030583726347793,0.03745047491982824,0.14845701664652317,0.3059520423412323
4988,0.10769898403934809,0.6438290395474475,0.07581092119972978,0.15695636667797516,0.03855634973257934,0.12509857924897205,0.2757636606693268
4989,0.11301686913054311,0.6933720226170128,0.0732410918454879,0.1618312248128486,0.041027703255022856,0.13329482804960607,0.23182712495326996
4990,0.11574871391408942,0.729118031960055,0.0774595752495883,0.1705536404939407,0.04072773907749363,0.1334377561387409,0.21406710147857666
4991,0.11632155312726108,0.6778670598179669,0.07927583976765755,0.16478887120341604,0.042028411321008506,0.1389191488910965,0.20631681382656097
4992,0.12077511648014765,0.6754593966357505,0.0838432318036416,0.16835982677965713,0.041176458479855065,0.14878732071833284,0.18882185220718384
4993,0.11155815430093229,0.5160243097318188,0.07922250805913479,0.1416227654409468,0.03901755088295085,0.14872464754415332,0.1910559982061386
4994,0.10736132240549975,0.5587347835163669,0.07524301655628335,0.14431326897915242,0.036475577468922285,0.137053395973059,0.194817915558815
4995,0.10840535278769545,0.6348737284714547,0.0711751139210658,0.1517034874282642,0.03807466389822273,0.13205883775548638,0.2404576987028122
4996,0.11233804988714223,0.6468407134223031,0.07304708951073423,0.15501760721238694,0.03679644812260961,0.14109233877151922,0.2484334409236908
4997,0.11489425279786261,0.6773654676563636,0.07113118261766255,0.1577360804803341,0.03831316700595174,0.14441610364362206,0.20988130569458008
4998,0.11470945904789881,0.6551107634032405,0.07275788297176909,0.15595115160483644,0.03884280342974261,0.14500630172646506,0.22886578738689423
4999,0.11297245347353377,0.6333781105189892,0.06722525238319359,0.14810423211687865,0.03765873598605004,0.14813164996215522,0.24000440537929535
5000,0.10520324583079464,0.6517226997517708,0.06989295979226921,0.153011494072198,0.03859853851836197,0.12165014751794537,0.22437931597232819
5001,0.11237580791288612,0.7110146344004993,0.0698206894069658,0.16141982440604202,0.040154105900403976,0.13265628274229657,0.2064487338066101
5002,0.11448246564756216,0.7024808462081358,0.0750455800943063,0.1646791895391391,0.03885708010838836,0.13673254458920936,0.17594072222709656
5003,0.11512829404999568,0.6558133792434171,0.076046617823823,0.15887044088376504,0.041650242838029615,0.14114721038091785,0.15759967267513275
5004,0.11944468817223625,0.6545471917532577,0.08162438179298248,0.16347049750159323,0.04145705570103705,0.14916128342134816,0.1334121823310852
5005,0.11640792472406973,0.5912999712374543,0.08438951049959363,0.15680529060500228,0.0405208809203161,0.14746139290653817,0.15697963535785675
5006,0.11084688385893089,0.5812384752031232,0.08181561501496684,0.15316173789898918,0.03799126280180215,0.1375700549988675,0.21871937811374664
5007,0.10754800423304647,0.5676204651795342,0.07631733222271396,0.14650349407368826,0.03932352491801545,0.13315837002313705,0.275722861289978
5008,0.11257941419809772,0.6462850172877683,0.07615537371903099,0.157602465657422,0.03725790395904562,0.13909056563035957,0.28991231322288513
5009,0.1147275029683808,0.6644327651002632,0.0743452381572381,0.158643456291956,0.03803770849067535,0.1434046139782448,0.25113537907600403
5010,0.11701565875582426,0.6867844039958686,0.07385474137669105,0.16141612175085923,0.04120765125717201,0.14449726019648934,0.24370773136615753
5011,0.11287445676101827,0.6201851057905785,0.07019353857406667,0.1487637624621398,0.04024644180025644,0.1450208273632036,0.23292818665504456
5012,0.10661514873330179,0.631529282455767,0.07531128719612527,0.1547710008046455,0.03888226445560157,0.1237450519138637,0.20283125340938568
5013,0.11289357372317516,0.7108099906945582,0.07491399821188045,0.165756282852263,0.04015908204787301,0.13028138345111273,0.1835157573223114
5014,0.11752311759502966,0.7477675697831063,0.0811652117340154,0.17639412002674268,0.0394626681688563,0.13431388371518244,0.17724095284938812
5015,0.11658625218671949,0.6865173696265662,0.08339511306578717,0.16955543543161275,0.038671852580817664,0.138413316502602,0.17581705749034882
5016,0.12172508714970943,0.6910509228518575,0.08426901086063172,0.17095214114509255,0.04181309220210367,0.14857441048290426,0.1680060476064682
5017,0.11174955006491812,0.5381776478856022,0.07919750259001718,0.14476609477510075,0.03948339609240996,0.14609295816945295,0.17621010541915894
5018,0.10797057181719248,0.5506848282199583,0.07653560643908087,0.14427120955063483,0.03824169072026361,0.13722028476024317,0.13799545168876648
5019,0.10802020184218998,0.6288925364310498,0.07063280761109592,0.1503841974425179,0.04017465677494054,0.1303165576257463,0.17877449095249176
5020,0.11195387440492312,0.645309000379306,0.07403431958455374,0.15564498826951834,0.03747741855625022,0.13889104864099114,0.18800318241119385
5021,0.11430284063893176,0.67656842789009,0.07178424181636726,0.1581819826840419,0.03834821487644996,0.14236888889163196,0.15000136196613312
5022,0.11463579265465026,0.6560011425605579,0.06950890724833382,0.15329351229293728,0.04292058373226054,0.1435610957782401,0.17668797075748444
5023,0.11299336497589785,0.6394776861323374,0.06604607999292848,0.1479648808699869,0.0408756314071251,0.1454963054412461,0.19094526767730713
5024,0.10935566286928884,0.6732581048940571,0.07019582186647,0.15634757658469672,0.04119332352524525,0.12787978529434513,0.2157401591539383
5025,0.1128228801454175,0.7050102804968374,0.07182110192049768,0.16227669885997478,0.040245494755832716,0.13305600098606649,0.1675928682088852
5026,0.11566031548156683,0.7078987554364122,0.07848220949812865,0.16839885891788348,0.03916023892043002,0.1364516569657845,0.12287035584449768
5027,0.11604998575053703,0.673488469901643,0.07951899706455291,0.16437177889842292,0.039977920190316804,0.14033147411132957,0.1326507180929184
5028,0.11897519117480923,0.667971195464488,0.08151631833469526,0.16529558649609427,0.042096374925203725,0.14571380948708967,0.12159771472215652
5029,0.11457178510037118,0.5848380914589058,0.08337061492081084,0.15500882585482437,0.03956199383254628,0.14482294179957136,0.0907696858048439
5030,0.11088174810966372,0.5672310378471884,0.08357744106657201,0.1526708120352315,0.03862910856727835,0.13753737677437908,0.1452394276857376
5031,0.10897837873285435,0.5638353395187091,0.08047186352278156,0.14952378866505692,0.040071928116168436,0.13379428933177723,0.16038665175437927
5032,0.11268857021221888,0.653622306451413,0.07904173749290422,0.1611246759155483,0.036992600752791406,0.1365409509988046,0.2038557380437851
5033,0.11613269086939691,0.6613407995342033,0.07705346835072564,0.16052308709122246,0.03874064931870634,0.1450091305321538,0.20489434897899628
5034,0.11624838781713369,0.6862979644810461,0.07470686734625426,0.16207702407979593,0.03905720281656262,0.14369061796280388,0.1910799890756607
5035,0.111377037952571,0.6095258060597633,0.0695359416652815,0.14667735086449318,0.03668787923238486,0.145842278034802,0.1935431808233261
5036,0.10505774638464488,0.612185913413622,0.07491084012682074,0.1516644220249352,0.03641120401608011,0.12434262977188498,0.1817876398563385
5037,0.11086782632206148,0.6855935701176032,0.0772434768969471,0.16415063307132655,0.037813622090634234,0.12816779911895337,0.16309823095798492
5038,0.11285879905524925,0.7049392486422434,0.07912503028137853,0.16852706147578783,0.03511840935719458,0.1321719104230758,0.1683330535888672
5039,0.11370103070158268,0.6577432084556762,0.08070380940990783,0.16313800927358904,0.03971325628458876,0.1351829770659468,0.16333205997943878
5040,0.1198740124471198,0.6701653399149643,0.08428690246050231,0.167983822096854,0.04123169193415429,0.14658995945244713,0.1669715940952301
5041,0.11418154819017969,0.590813912400723,0.08098724086643816,0.15381962251419315,0.03804701892619998,0.14611594626265018,0.1407027542591095
5042,0.10835259931706726,0.5678223034684957,0.07992066723458412,0.14962090098228575,0.03648142787855969,0.13513011036869516,0.14792081713676453
5043,0.10693521554446676,0.5896886941461189,0.07690424604285569,0.15015916720046474,0.03800692652077436,0.12942651074119943,0.1684238165616989
5044,0.10961340636457714,0.6527249962894004,0.07780493319950658,0.1599363707837771,0.03398987594910152,0.1317514016113183,0.1803322434425354
5045,0.11283210761727559,0.6870093895790105,0.07206453654240576,0.15991380126192073,0.03656524859648671,0.1383691273214014,0.14319944381713867
5046,0.11239249708564271,0.6704419100955826,0.06998000657805485,0.15576027850913027,0.03610220498871402,0.14119969392490372,0.14829377830028534
5047,0.1112303113878979,0.6414032391028168,0.06670357295965104,0.14880352526581758,0.035718360331181156,0.14442670641934535,0.1813964992761612
5048,0.1084635470909459,0.6706887728963242,0.07426338512597107,0.15946701195030724,0.035920834829212024,0.12731038856802188,0.17836688458919525
5049,0.11168188838875821,0.6983450506050911,0.07551690787520095,0.16449235683661384,0.0374537800250578,0.13042232331512243,0.17026080191135406
5050,0.11307883614834675,0.6905669439388664,0.08253748774217307,0.16939883862741498,0.034687326013188136,0.13239140534742583,0.11180528253316879
5051,0.11502054122507076,0.6559769210957516,0.082422293470074,0.1643586688451708,0.04011775391095411,0.13738961845733533,0.11065921187400818
5052,0.115834316894521,0.6453125639243313,0.08561075520960866,0.16556815645456904,0.03781744755968718,0.14058196794745853,0.09378114342689514
5053,0.1151074155964029,0.6044605005388198,0.08598672209653437,0.16005440473114657,0.03720098767560325,0.1439469245342019,0.08347928524017334
5054,0.11067522436689471,0.5657304526275481,0.08561773261182577,0.15420526404264323,0.03654941260349812,0.13744652494358672,0.09834451228380203
5055,0.10957705057116707,0.5844266313925108,0.08457371432910026,0.15598127390958746,0.03824796762873999,0.13138630272467283,0.13359902799129486
5056,0.11201403073187165,0.6609128696477992,0.08383621394139303,0.1662757361851653,0.03497619403936809,0.1319431455661803,0.15025924146175385
5057,0.11353081873409526,0.6573346022864583,0.08013955141087292,0.16259598725024227,0.035291368698730806,0.13905831506341054,0.1292273849248886
5058,0.11579335674066488,0.7113091150390614,0.07756086477602454,0.16809632909931554,0.035341747172011675,0.14042341429941718,0.15752539038658142
5059,0.11162350630247041,0.6200518639466381,0.07387516079199093,0.1519004040997977,0.0362165600915832,0.14236229866433533,0.15349258482456207
5060,0.10588772369813283,0.6178646525120906,0.07912831360881682,0.1560906477378559,0.03696698879358042,0.12226580820485852,0.14966891705989838
5061,0.11151353665036008,0.7131632433301822,0.08040409151491733,0.17079825605995516,0.038279548141637455,0.12371914711209664,0.14878511428833008
5062,0.1150947133171753,0.7484239518065112,0.08342114190022083,0.1784215433154052,0.03686882944876829,0.1281313854535803,0.15397991240024567
5063,0.11285477092644301,0.6666687475110031,0.08211475985682433,0.1656224723788499,0.037177304258186515,0.13290081549031146,0.16510358452796936
5064,0.11758282269412676,0.6555167733094622,0.08664921075618363,0.16791600540665197,0.038186517503015834,0.14301305486288932,0.12151391059160233
5065,0.10955700268098538,0.5128621248345745,0.07906796474102559,0.141038559040104,0.03797924745833004,0.14464117668658003,0.12813575565814972
5066,0.10645574299214307,0.5567545242397575,0.07621371855686443,0.144862405082992,0.035366901588187206,0.13505264989111163,0.09953099489212036
5067,0.10667795179374882,0.6301138737189964,0.07437404830087947,0.15376545193203903,0.03773840550428054,0.12579849217602962,0.11794596910476685
5068,0.10774349347952471,0.6315966415265895,0.07377874171109386,0.15346701311330752,0.033876988268019326,0.13236860586003196,0.12539738416671753
5069,0.11147060656571632,0.6756218517481403,0.07191581468773527,0.1581595342677931,0.03646438226688379,0.1362482410878776,0.0934479683637619
5070,0.1119055034797292,0.6624663919221703,0.07029965876125689,0.15489490635567307,0.037895039717426623,0.1390489317552931,0.12704427540302277
5071,0.11237616619209435,0.6309457212718557,0.06959216230056293,0.14978552786789048,0.03817375029755309,0.14457008863349635,0.1650981307029724
5072,0.10849506695880917,0.6659052257733251,0.07474195065765238,0.15919384710274848,0.03768969152319757,0.1260883378390224,0.17905080318450928
5073,0.11134896748353006,0.7068129176563673,0.07689211497593569,0.16688080107314024,0.037826759093653975,0.12709054543376275,0.14075317978858948
5074,0.11724612572887544,0.7366521011077447,0.08180996619890644,0.17535884261445475,0.038312274018780824,0.1354646187003263,0.10576583445072174
5075,0.11634851429662613,0.6700771543731331,0.07953987551056362,0.16390234391950212,0.03911793743872595,0.14231566812727234,0.13339240849018097
5076,0.11839689171831594,0.6687448294870231,0.08416832607116738,0.16767925513057538,0.0392088317652934,0.14456437619148366,0.14271284639835358
5077,0.11481229453673288,0.6057621987286435,0.08427642814003557,0.15877439536697954,0.03778440932625412,0.14374485586943594,0.1328466236591339
5078,0.11039054616267796,0.5866167992239408,0.08833199050043596,0.15951553460379378,0.03453339380853238,0.13378118958657897,0.1385054588317871
5079,0.11142329214133748,0.5986015340551485,0.08556766899280865,0.1588582211445715,0.03789427252230525,0.1342556214301609,0.16577090322971344
5080,0.11344089755964006,0.6731914749870904,0.08549989051787006,0.16945583115633012,0.03585902832568829,0.13231196624224406,0.17830653488636017
5081,0.11677775197941422,0.6567875199701878,0.07999872936164659,0.1623971280200096,0.03894566706317214,0.14496387224560509,0.155394047498703
5082,0.11770804312698542,0.7336713281070957,0.07543822842052927,0.16947152837575302,0.0374865658236914,0.142608786174696,0.15682978928089142
5083,0.1131727470749432,0.6209617209933355,0.07628369940526325,0.1540948453464164,0.03810947848096171,0.1430462711071379,0.18478158116340637
5084,0.10629282486338464,0.6178555823334084,0.08046050902778325,0.1572312337857297,0.03350229721904644,0.12541342874512865,0.17850762605667114
5085,0.11139327828482772,0.678934660633248,0.08051024465596367,0.16599944693843285,0.03712780548541268,0.12859516941241136,0.17033018171787262
5086,0.11457395285770898,0.7158852876465267,0.08405728613029624,0.17431842920404342,0.03618230904885616,0.13089022438741252,0.14198675751686096
5087,0.11387877074918083,0.6473549741977588,0.08106541982213993,0.16196392759008546,0.040463656803646504,0.13604248321573176,0.1446545124053955
5088,0.11613579250354146,0.6374726307403746,0.08256010110398548,0.16183331962346964,0.037570328276127225,0.1448952374725917,0.1321900635957718
5089,0.11030931771971043,0.5170606631448301,0.08018981110845728,0.14259993282793912,0.03834331079171254,0.1450252855620085,0.14723747968673706
5090,0.10670720759032398,0.5512824753324372,0.0798791307676212,0.14722246570545203,0.0329578770699226,0.13578702094493816,0.1118239238858223
5091,0.10710929407632165,0.6009588608731368,0.07716656311915285,0.15199403422686483,0.03649218019677779,0.1296251210891973,0.1415938287973404
5092,0.10708451426858248,0.6197486480769892,0.07504259332497594,0.15285774400383498,0.033952467850070875,0.13102347886643423,0.12928687036037445
5093,0.11168184334737777,0.6747665384542529,0.07236000871010921,0.15841808438784402,0.03933501781950212,0.134091104773861,0.09948233515024185
5094,0.11053097536876898,0.6591131584821577,0.06951774507966024,0.15374566128001702,0.036523519928390806,0.13747464870675785,0.12876929342746735
5095,0.11170422286432222,0.6210699037896774,0.07076473332174135,0.14937975767430364,0.03904336060768511,0.14231638438014593,0.1560775637626648
5096,0.10551596266118626,0.632978895025349,0.07559198610761325,0.1552186873815755,0.03382428247771962,0.124756298691379,0.1988622397184372
5097,0.11200687617778855,0.7066168155827459,0.07792191857575326,0.1677354752910379,0.03796401475131058,0.12803185570186354,0.15719598531723022
5098,0.11614788770799832,0.72976110990783,0.08100058694180126,0.17368066165123391,0.03655749989870048,0.1354482998408028,0.16196441650390625
5099,0.11338849388761107,0.6508438941972363,0.08068300442918062,0.16213456011033142,0.040100235785965395,0.13486291178167073,0.16492369771003723
5100,0.1149779528565149,0.6480745252648051,0.08496279035612826,0.16540732391451066,0.0368772700175671,0.1391903506648479,0.13349351286888123
5101,0.11612998121427634,0.614643106122198,0.08424785320110417,0.16001860361840328,0.03963738465005099,0.14465845860436244,0.10101332515478134
5102,0.10982034894563238,0.5665510890161798,0.08788037325720514,0.1562619040799158,0.03420460497139681,0.13534776418059052,0.14039558172225952
5103,0.11001335013162454,0.5788144304120899,0.08198124203968081,0.1529574118071678,0.03954953128162553,0.1340931376592733,0.1920832246541977
5104,0.11212643377304655,0.6550208715227885,0.08243354829560245,0.1642317373280576,0.03649667736293986,0.1327103300212552,0.2127457559108734
5105,0.11342089123319686,0.6284388641074222,0.07584128892062574,0.15478379966159667,0.040233757418165254,0.1412670884464997,0.16897186636924744
5106,0.1131143654436376,0.6876916298971509,0.07242418248489059,0.1603195321152135,0.035581180903724294,0.13965138107843272,0.19124433398246765
5107,0.11095594033900956,0.6183216495978572,0.07044535412823462,0.14871339633818068,0.03795514341773555,0.14179386364584956,0.15694789588451385
5108,0.10437916055194715,0.6010756828357373,0.0764729114371466,0.15141616449408812,0.033541203466105056,0.12520499455268563,0.17730529606342316
5109,0.10940658623938075,0.6822628910711197,0.07420580874354891,0.1610711062189162,0.03877838283440484,0.12599980923664117,0.15746334195137024
5110,0.11195200105454349,0.6984670604203647,0.07589353937250508,0.16483261380791356,0.03869897129293733,0.12977786593675006,0.17077836394309998
5111,0.10963931208064998,0.6071847274020072,0.0765219804243571,0.15233094427830712,0.04020791428509739,0.13303660697880848,0.13557477295398712
5112,0.11150999404178695,0.5949749195657758,0.07720157731815444,0.15116919763924322,0.03762579609952823,0.14145686409348912,0.16818416118621826
5113,0.10779644100016066,0.47865936591901626,0.07440481330728084,0.13215546368038592,0.04029883551798789,0.14554270095186472,0.1280931681394577
5114,0.10550414121910526,0.5423464564110265,0.07368770766957117,0.1406389574897791,0.03578590639645206,0.13576463245208725,0.13808554410934448
5115,0.10654214241205798,0.6229498801065971,0.0684403569610409,0.1476560031246918,0.03840826483488818,0.130184657168527,0.17858995497226715
5116,0.10813079459754499,0.6359240694481701,0.06749460876465728,0.14869881743373053,0.03783068765699644,0.1341463681888626,0.190372496843338
5117,0.11190786336564139,0.6890252376549907,0.06868236694705691,0.15730277704819032,0.039109478858746126,0.13588590033694442,0.16516897082328796
5118,0.10892433968969613,0.6422206112070163,0.06515930924936644,0.14759663810045928,0.037664551916853695,0.1374383928815155,0.18001239001750946
5119,0.11041433714289607,0.6112217713825693,0.06323428837720879,0.14151821452083171,0.04067828633845292,0.14421748889109018,0.1970674693584442
5120,0.10781232725177564,0.6511286724021949,0.06965063165610257,0.15271892319125863,0.03660911892050212,0.13082186309459237,0.22951312363147736
5121,0.1094772703068879,0.6828149055095449,0.06899772766245066,0.1566858959263213,0.038053523842127845,0.13066550104654873,0.18037380278110504
5122,0.11361008846245961,0.6814923833442526,0.0742728865070038,0.16101852891232507,0.041309253226752385,0.13539093390007118,0.14743824303150177
5123,0.11158445760731661,0.6312863934611485,0.07597154885963993,0.15530224094556974,0.04066068495193847,0.13538969825980102,0.17009863257408142
5124,0.11369846424417561,0.6315734164934808,0.08011409010401148,0.15889399387393568,0.0403115840604481,0.1383658959788971,0.12211261689662933
5125,0.1170546547697333,0.6378892848243144,0.08222072836749152,0.16160195071846623,0.039026275122450924,0.14635060300596409,0.11034175753593445
5126,0.11123730867468429,0.5833182319566674,0.08537881019801251,0.1565130133063918,0.03839318444220978,0.1353596758253554,0.14598439633846283
5127,0.10884154293276506,0.589434831390508,0.07686671635572585,0.15009073278926616,0.03770155297719145,0.13499599301945348,0.19605155289173126
5128,0.11048052175982309,0.6494366513215692,0.07819715919981508,0.15980280093149427,0.03807226796812473,0.13068074955234688,0.23886142671108246
5129,0.11115883135917258,0.6372900606292782,0.07294994489646922,0.15356996142972765,0.03878775828872764,0.13737378148407625,0.2079620212316513
5130,0.11360581916856329,0.6949831566003908,0.07004203837476211,0.15931934097842332,0.037803329636358414,0.139933665925615,0.24780277907848358
5131,0.10991797803221931,0.6190891557134287,0.06556758205451989,0.14464209257722113,0.03742191122845704,0.14296843625863476,0.20624785125255585
5132,0.10299004122634135,0.5953401287901146,0.06958598590623287,0.14469372060393024,0.035309967559910775,0.1257193862290778,0.23896531760692596
5133,0.10634084500859622,0.6858400528356463,0.06906504229439993,0.15717575808600653,0.03770384982598971,0.12191766685064284,0.19851094484329224
5134,0.11055433635519357,0.7069667784843905,0.07129503526869888,0.16210528429951193,0.039325446651013216,0.1277725353950728,0.1999078243970871
5135,0.1106936098680381,0.6519249175949987,0.07623074188191162,0.15847276698378118,0.040874648883189584,0.1299784382535053,0.16848185658454895
5136,0.11339278405976096,0.6428488751791019,0.07662187217939902,0.15751144403649947,0.039805858959543146,0.13917751604280534,0.15707656741142273
5137,0.10867827106154562,0.5069578021327212,0.07405213259310865,0.13589579967019616,0.03995856679511319,0.1449926747621048,0.16493543982505798
5138,0.10590728399315873,0.5251269799553353,0.07473376362397277,0.13907565167131028,0.036339845600016525,0.13775647086877557,0.14915670454502106
5139,0.10381360169897468,0.5732001498603875,0.07045726100564326,0.14227767369917815,0.035812930282513165,0.12965812618820044,0.17117765545845032
5140,0.10501454497583641,0.6121259679255485,0.07094096707660921,0.14825311005502909,0.03547649192106911,0.1280265969544642,0.18163466453552246
5141,0.10705540247465292,0.6536463098811991,0.06675725045278653,0.15059854465684547,0.03839779102114611,0.12903056308705288,0.15744706988334656
5142,0.10795088434415089,0.653721625133048,0.06454451297688064,0.14871267185633316,0.036335316175379904,0.13494794241866606,0.17921136319637299
5143,0.10801590573010317,0.6033682980051723,0.062005025366897615,0.13934263574379402,0.03859186417635889,0.1413510533276499,0.18565687537193298
5144,0.10339348431423195,0.6111951371698802,0.0664452240972095,0.1442666402504482,0.03438872820558026,0.128008634465113,0.2338639199733734
5145,0.10593342078981106,0.6545901385032051,0.06567226105123619,0.1498033864015175,0.03637393679522921,0.1284117493748271,0.1908404529094696
5146,0.10911280879266881,0.6520976400266054,0.07063214806984318,0.15369864692080923,0.03819884860912919,0.13214991559114309,0.1353711485862732
5147,0.10798124889858682,0.5998160301760509,0.07111650923131342,0.14664501222341877,0.04231164850069862,0.13161135633751106,0.14192338287830353
5148,0.1055867662250491,0.528046891132512,0.07298411847140994,0.13799308599442453,0.03939380897172493,0.13515007402350426,0.1304236352443695
5149,0.10667207084829311,0.4739377787043293,0.07541721360367988,0.13234872290377267,0.039447966094077365,0.14302609195968727,0.11933685839176178
5150,0.10559292482359202,0.49090206485735177,0.07696090147979133,0.1360953533908714,0.03711944107717335,0.13881759810533892,0.16883936524391174
5151,0.10410822128724323,0.5290102435385604,0.07420671771491773,0.1391786499754381,0.03870855149960638,0.13064630724925497,0.1562710851430893
5152,0.10649498059416555,0.6037396809289302,0.07413513447428481,0.14979292682494844,0.03830961801257166,0.12827146990112517,0.22057919204235077
5153,0.10888178003399246,0.6389701666267964,0.0698370060759166,0.15114174329747088,0.04240990030843269,0.13006720693831367,0.18717829883098602
5154,0.1108490287002752,0.6450105246757942,0.06937935210215646,0.1516123767555333,0.0411325723059292,0.13618299849697713,0.21256646513938904
5155,0.11105910694743662,0.6031187580615339,0.06831232880759672,0.1447132472724449,0.043231137347591424,0.1409612075629189,0.2004319131374359
5156,0.10438712129292721,0.5720372905234611,0.06704036930980484,0.13918278662604144,0.04127430980826658,0.12916462417553032,0.18862523138523102
5157,0.10720068326453386,0.6406459058264422,0.06649257121731925,0.14851447616147967,0.045045516751005356,0.12543688517904375,0.17748822271823883
5158,0.11058820278724225,0.6684225957204721,0.07129124197351222,0.15659572108022082,0.046703524180475194,0.12623071806180722,0.146969273686409
5159,0.10757085478416896,0.5970062656930171,0.0751164348767116,0.14967212499332666,0.04590347343974995,0.12469120202752262,0.151309534907341
5160,0.10733865766963774,0.5564012171456303,0.07384959481545957,0.14278554086262682,0.04664761777766415,0.12942729478124917,0.16332730650901794
5161,0.10464280565017635,0.48105727610826193,0.07273732476586113,0.13106874638620408,0.042757133621379506,0.13567007053134933,0.1341458559036255
5162,0.1028720166150753,0.515388531736475,0.06866170515660305,0.13247982323944194,0.043041430343122036,0.12931694880671363,0.1473863422870636
5163,0.10485676814304194,0.6110779870802532,0.06452344402155318,0.1426026644585103,0.043614045196304504,0.12541649144540234,0.16270308196544647
5164,0.10618814195804721,0.6400226391945718,0.0651494060798281,0.1472741536676486,0.043176623818981845,0.12537296008382814,0.18090778589248657
5165,0.10690826696465311,0.6680125385172181,0.06392136854647396,0.1502201071137231,0.04458890491047011,0.12353984863162695,0.1629468947649002
5166,0.10635011562398411,0.6414369202689412,0.05938719402888271,0.14253715492031965,0.047228799278482905,0.12641760804200408,0.1846252679824829
5167,0.10730615598958693,0.603750740370974,0.06159090176830181,0.13904230728296924,0.04474722172102506,0.1342760910928691,0.24342836439609528
5168,0.10586753289661316,0.6237255329092428,0.06144991036007378,0.14177499929566934,0.04628423261193692,0.12658388754653066,0.2816111445426941
5169,0.10686522007324797,0.6626050522115905,0.06263442957008047,0.1483445185188676,0.04632520303889941,0.1235433488383858,0.20416264235973358
5170,0.11048481771678859,0.6773631034774004,0.06942429362523946,0.15627269503269098,0.04654963494483561,0.12636370999083282,0.16750332713127136
5171,0.10712808013796654,0.6005470010705241,0.07239241092697384,0.14784306666176672,0.04740124174113197,0.12376345052687163,0.14253607392311096
5172,0.10886241761325403,0.5696092314440229,0.07263116045138839,0.14362802773605043,0.051520275283270335,0.1286168832945429,0.1650553196668625
5173,0.11029324054332725,0.5615478048892593,0.07700379511489418,0.14622436793980348,0.04729802602957817,0.13397431677094102,0.11649150401353836
5174,0.10689462020243644,0.5515664570416539,0.07267588583542062,0.14108882457916821,0.04726733744464912,0.12914856378586004,0.13687311112880707
5175,0.10652791963028362,0.5511271947188939,0.0717267016212904,0.14021248634951947,0.049368319835578246,0.1270685735713194,0.1401059478521347
5176,0.10638523449872302,0.6416678449004403,0.06932518791383853,0.15108842462621022,0.04500503976133163,0.12097761353238924,0.17033237218856812
5177,0.10744778847972189,0.6542175263896709,0.06436168118194907,0.14862680192590938,0.0449466406726956,0.12610465604545584,0.13653594255447388
5178,0.10893985420057892,0.7020441433107129,0.05837367162197509,0.1503265961489376,0.04853827851487832,0.12557783372075307,0.1793186515569687
5179,0.10466668803058883,0.6178852424686923,0.057715188800725375,0.13773948218186347,0.04115464669462628,0.1313010293171908,0.18039970099925995
5180,0.10080494485714032,0.5838900362350934,0.06259805694136823,0.13706833969761467,0.041659874499522985,0.12082641093464042,0.1773868352174759
5181,0.10742272724920042,0.6931238085874157,0.06623137051163931,0.15578743309389306,0.04447533145101769,0.12018258095850423,0.18584203720092773
5182,0.10959274030470847,0.7005351679580761,0.06773315243481465,0.15813344036670915,0.04517481308441858,0.12348531406821159,0.14653553068637848
5183,0.10556945220269999,0.598772078608388,0.06862649946279413,0.14436158219787898,0.04554978252519783,0.12414354942473284,0.1551719307899475
5184,0.10721161036040927,0.5562669220936324,0.06880718187987776,0.13844428762469985,0.050726606712517386,0.12930739594606044,0.13282428681850433
5185,0.10590986265651914,0.5225960698253524,0.07026332471693858,0.13488228830385487,0.044633710707127724,0.13417562317081788,0.13134083151817322
5186,0.10504417243692223,0.5430858844287376,0.0671317687539094,0.13512521385031345,0.04631308414770363,0.13011296345327117,0.16778896749019623
5187,0.1031151237895375,0.5867034462259367,0.06152583239825707,0.1365512058022113,0.044702648481452494,0.1249694679230223,0.22440069913864136
5188,0.10272473275902866,0.6257115659021901,0.061176061234364476,0.14182399047262528,0.042429117290610385,0.12127154579449755,0.23544661700725555
5189,0.10417427466991139,0.6656235563962671,0.06054355690409385,0.14698355683154718,0.04151650386749554,0.12154170223059396,0.18415731191635132
5190,0.10599044445699658,0.6667681881658345,0.05652707026875444,0.14370437282548018,0.04483672785834088,0.12650025915839722,0.18254853785037994
5191,0.1051126919932376,0.6295232776728212,0.05685288750863612,0.13866294324637685,0.039788162375787715,0.13291518556200932,0.20043210685253143
5192,0.10010071630948732,0.5919568747233406,0.060739822907328544,0.13662797316675881,0.039430811861455486,0.12122553295140262,0.17873896658420563
5193,0.10528115183521747,0.6637549823270441,0.06327063611467927,0.14905411414501707,0.041827041656861484,0.12250215622020427,0.16321523487567902
5194,0.10876727464029018,0.6906218987659407,0.06552289583625236,0.15482275339763643,0.041748923749746134,0.1271097877568383,0.14459848403930664
5195,0.10486545964362284,0.5883079737437296,0.06743960051136412,0.14184936811598778,0.04290544303995724,0.12671955425851092,0.14487817883491516
5196,0.10647169971177824,0.5699553337131447,0.06998800246530079,0.14141190692927846,0.046391954319055406,0.128468795615098,0.11899228394031525
5197,0.10643110627720422,0.5589513412530043,0.07198252999839512,0.14154950303476785,0.042407180597235576,0.13172344408430853,0.10758393257856369
5198,0.1043409571160805,0.5454377323486559,0.07185716109992252,0.13951152842117015,0.044075779154093504,0.1262987379408657,0.15056897699832916
5199,0.10290865175283746,0.554154855877929,0.06751186958319465,0.13703229619672813,0.04350927553273539,0.12502491705702246,0.1988115757703781
5200,0.10268938198875457,0.6295077735171815,0.06401871327801763,0.14480286474075532,0.04012640573398951,0.12058268880367334,0.20862969756126404
5201,0.10442240140731301,0.6480460417174018,0.06069991619399229,0.14460650555447938,0.040728805952377246,0.12499320630161129,0.1799260973930359
5202,0.10569395442537989,0.6753425051826668,0.057759422998604294,0.1459855775963275,0.04259698474041697,0.1256486326251433,0.2121853232383728
5203,0.10372161326212764,0.6274951051285214,0.057861072291845915,0.13923736269708528,0.03987339719447495,0.12851252156573578,0.19348680973052979
5204,0.09929256143426114,0.5884656320691216,0.0610321354238,0.1363797778017031,0.04156561927873094,0.11735232149883834,0.1928696483373642
5205,0.10583068072026867,0.6883015553340216,0.06438457279631983,0.1535155703017058,0.043924301800739016,0.11827448389109965,0.18656261265277863
5206,0.10845836669739084,0.7005231122537513,0.06687575746726616,0.15739680815104976,0.043708695297331346,0.12229319290049136,0.16330744326114655
5207,0.10248234194364748,0.5607608824066173,0.06528873519933405,0.13607047051466023,0.04520397230121366,0.12321130288114088,0.17010129988193512
5208,0.10110387959252504,0.4684586624968349,0.06628243132639229,0.12373617863645554,0.04815966799160597,0.12762680307989002,0.12923535704612732
5209,0.10105233623619357,0.4642052044522482,0.06483414496144523,0.12188715346013138,0.0446252774801953,0.13219554757674645,0.11308344453573227
5210,0.10032508136597683,0.4978275505906246,0.0612832615608274,0.12364673142222703,0.0455643164597326,0.12783430685972158,0.14398615062236786
5211,0.10276269559052231,0.6178872645471644,0.05875591529406435,0.1386318223302215,0.04521479434525703,0.12173162328289269,0.1980036348104477
5212,0.10513863040971975,0.6516027647274145,0.05908984895418159,0.1437345512075006,0.04173622404785408,0.126844305278294,0.1873440444469452
5213,0.10845851287266733,0.6916122698142967,0.059879061753268015,0.15012666290484353,0.04655374308429981,0.12616555515933467,0.17283348739147186
5214,0.10824931837292341,0.6492100041919044,0.05799422840249111,0.1424536249438359,0.0507155274840201,0.1286626171511654,0.21701976656913757
5215,0.10823117848938907,0.6166986351569009,0.05814656837119798,0.13793972076915553,0.047965624818569856,0.13496856345656025,0.24387657642364502
5216,0.10613708015198166,0.6157211163584082,0.061444034785992696,0.14062647501062348,0.05167354506582238,0.1236144528510594,0.18743371963500977
5217,0.10952366568899072,0.6774697091954466,0.06183132201510633,0.14977966304086923,0.051210590103471544,0.1253236091434263,0.19385866820812225
5218,0.11140467289537405,0.6980032958560559,0.06479128066845861,0.1552501399809725,0.048408634975436696,0.1281614223754206,0.1578831672668457
5219,0.10890363307349013,0.5784674299464483,0.06765083110752702,0.1406246309416586,0.05314203217830306,0.12993916072213135,0.16543982923030853
5220,0.10868411349216879,0.5543823124994774,0.06646549237233756,0.13616789524764328,0.05400064965515726,0.13248383531351374,0.12767620384693146
5221,0.10932921430631551,0.5550159985654601,0.06660707254095137,0.13637977625873834,0.05248127116175416,0.1354019228494367,0.10038670897483826
5222,0.10832213389100948,0.5444835391203797,0.06429533356608393,0.13289364864526904,0.05335512937462973,0.1349181874328647,0.17257384955883026
5223,0.10661412663655462,0.5586264133110596,0.06543036190587669,0.13588694067804566,0.0522134930964127,0.12860096869787413,0.2259713113307953
5224,0.10638609207665689,0.6201866483809654,0.06459658063298451,0.1439665903112675,0.04809983590364365,0.12450363027275921,0.23631159961223602
5225,0.10861686480680718,0.6570351533761553,0.06245784164933251,0.14739745761030718,0.050094992090369286,0.12589048473062786,0.1846296489238739
5226,0.10997061671897641,0.694158000591867,0.06135848471545097,0.15175841555493896,0.046775077934287444,0.12870238917411198,0.1691502034664154
5227,0.10803914403235519,0.6290284098568493,0.0606997936016558,0.14188959592382627,0.04616165626422507,0.1325628004244318,0.14541944861412048
5228,0.10335314297677484,0.5918980320486537,0.06001609237446112,0.13599922661363148,0.050097079883329156,0.12138687500129025,0.13292813301086426
5229,0.10889461755640374,0.6988817928224442,0.06042487134383257,0.15163300298363427,0.05064696750580168,0.12246522410185384,0.15510781109333038
5230,0.11035818003413755,0.7237570150669295,0.06062934341881735,0.15536186793997622,0.05225620961272397,0.12181917723526559,0.1309635490179062
5231,0.10494704631708195,0.58512485628523,0.06046799719643175,0.13541897706626008,0.054568513367591005,0.12236532324235565,0.14944815635681152
5232,0.10173979509008758,0.504945977206202,0.05874721137219696,0.12248989220562624,0.05331266259245736,0.1259572010494177,0.12721683084964752
5233,0.10205271538275044,0.4823523144529734,0.05845502100438362,0.11901177721132501,0.051538905512228075,0.13141311991945478,0.10563860833644867
5234,0.09938562544523709,0.5057658378792669,0.053140909386330426,0.11780161345674996,0.051657412839216696,0.12503382196543122,0.14742474257946014
5235,0.10230361264346834,0.6299328142833293,0.05414399399357956,0.1363995397492581,0.047730329667718806,0.12022129902968315,0.1890333592891693
5236,0.10469578935388581,0.6713066937390779,0.054918639456967504,0.1429740757829833,0.047282749130915604,0.12143869892352449,0.1825435757637024
5237,0.10810182159991845,0.7056253617524426,0.054897024191206255,0.14785821527138285,0.049583641053758634,0.12451838511527691,0.1734023094177246
5238,0.10654225126011249,0.6646264500244087,0.0572130024219512,0.1439863520794451,0.04523723941715568,0.12742054840578365,0.1937979757785797
5239,0.10885310029623409,0.6401439298979905,0.0590095554688878,0.1420287518159025,0.04809472153500212,0.13298798663260225,0.24441605806350708
5240,0.10525624983534372,0.6458218053939455,0.057463229643658374,0.14151445475084226,0.04871214733956413,0.12300641021808965,0.22246095538139343
5241,0.10670702368126377,0.687586626766731,0.059455206903469206,0.1491882668839352,0.04819453453864949,0.12073436387871381,0.17298810184001923
5242,0.1100546055266029,0.7359995074807125,0.0575764030539986,0.154493989400672,0.051697614267533165,0.12223251198847843,0.12765224277973175
5243,0.10526166603561325,0.5989080643397436,0.05660201322680201,0.13407430624293654,0.05318709592396393,0.12561585470189854,0.13735131919384003
5244,0.10453441567202476,0.5619466394292321,0.05372759398730517,0.12633031476472328,0.05479682944993599,0.12898339191024122,0.12518766522407532
5245,0.10635311218422218,0.5869632127469238,0.05359445270043126,0.1297899898499302,0.051732807713439896,0.13363861063866217,0.13656342029571533
5246,0.10362427975042365,0.5703057742435393,0.053936767684919895,0.12770376862186555,0.05091441489581305,0.1286758587356963,0.2506493031978607
5247,0.10299240815226661,0.5694470672986907,0.05375732568232499,0.12742728877037723,0.05113289609063983,0.12698896066534324,0.2466631680727005
5248,0.10452120174690836,0.6428660054614097,0.05504923914542393,0.1390230629048505,0.046871647496909655,0.12477543320245787,0.23815509676933289
5249,0.10696441191358298,0.685678248168268,0.0537915683329434,0.144061094023704,0.04707774556272409,0.12690564812422855,0.18344296514987946
5250,0.10854109944182443,0.7223142312895656,0.05123516833167405,0.14710360589708715,0.04584875212606158,0.1296547101947621,0.16257576644420624
5251,0.10463795104367733,0.6392619612662869,0.05231695458590652,0.1361662412545323,0.044296926474685035,0.12984909360704752,0.13539518415927887
5252,0.09809027457470411,0.6068903571114961,0.050791775941696614,0.1302344303945251,0.04414631176219526,0.11716510569330596,0.1331697404384613
5253,0.10401860036801866,0.7055060515760758,0.05431464700545785,0.14734199051554614,0.0451120774876426,0.11765384150926117,0.14837178587913513
5254,0.10494812134748824,0.727962742364797,0.05353143376260552,0.1498787635629186,0.04564724028115387,0.11752208034202927,0.13666413724422455
5255,0.09802790131528653,0.5815672025031524,0.04991648581392643,0.12586658819810156,0.048184540743898364,0.117281990792788,0.13344073295593262
5256,0.09785190002366023,0.5432459018836239,0.04777118773881378,0.11855328975950094,0.04981679380309305,0.12176890194779594,0.14220021665096283
5257,0.09846937261160882,0.5322409097653675,0.04779190515823687,0.1169989058163984,0.04745364679693303,0.1268947911452592,0.12215925753116608
5258,0.09455020010328957,0.5159416738401932,0.045138972475160105,0.11239650124159341,0.0449362447903098,0.122346897506131,0.14392536878585815
5259,0.09787766592751228,0.6332046897070002,0.045025922252043125,0.12905146045989413,0.04496080286736826,0.11690285088930422,0.192300483584404
5260,0.10295962426035989,0.7225484546396594,0.04841433834561137,0.14471921210190392,0.04305868315474389,0.11883330836642284,0.19190268218517303
5261,0.10364650230243813,0.728995167983702,0.04757185219950875,0.1449180401686792,0.04322826470971757,0.1203998645631077,0.19426077604293823
5262,0.10222930657841948,0.6712869994102548,0.04568669313101503,0.13505816545662072,0.04604393633638593,0.12266625402177277,0.20635972917079926
5263,0.10485688231721207,0.6533399794911621,0.04947604962356315,0.13574232531893443,0.04656516127816111,0.1288373755998746,0.2655273973941803
5264,0.10169257990989591,0.6570544582922884,0.04768632482452092,0.13473891531991627,0.044471110261507185,0.12284582236846825,0.2558811902999878
5265,0.10352942647936449,0.674991763471593,0.0504955354335302,0.1397092822961106,0.04403930192478051,0.12392591162497266,0.21460272371768951
5266,0.1045067358567596,0.713932705952868,0.053193287428242066,0.14758463293176005,0.03974772308536661,0.12347771209110307,0.15699295699596405
5267,0.09790199803763154,0.5733376175259861,0.05077814990187569,0.12542950241960574,0.04375804088142443,0.12119139421508536,0.1298370212316513
5268,0.09550976491138204,0.47654031326747204,0.050777489222655826,0.11160074980048672,0.04430787737823156,0.12623180472492218,0.1330207884311676
5269,0.10184372032414282,0.5096397449062282,0.05101937817261648,0.1165365734202753,0.045826969523914914,0.13800213081522628,0.16885583102703094
5270,0.0996757278381054,0.5311604818593505,0.05226454631681942,0.12067825139432387,0.046970648174170786,0.12741546443235702,0.258139967918396
5271,0.10338093718819592,0.6040653248191399,0.05379481132697018,0.13240488468299444,0.048401803237285206,0.12609172533729415,0.3247620463371277
5272,0.10982464071217057,0.717258108714427,0.05627943675090738,0.1507049613171245,0.04867630659403447,0.12755915253620498,0.31506943702697754
5273,0.11269118126022054,0.7214818209499458,0.056808767412477895,0.15176206077497328,0.05417390192957646,0.12970678109912545,0.250252366065979
5274,0.1108185468830909,0.6688019777907258,0.054548349848453394,0.14229886812592088,0.053046486236666905,0.13382381886123562,0.25212180614471436
5275,0.11154437905016788,0.6315136432267368,0.059218386140441844,0.140974851438484,0.05504336920425974,0.13523109932556093,0.2490488737821579
5276,0.1094404604145412,0.6218764948078852,0.0591972062605837,0.13957996176734105,0.05659350737828635,0.1293094806375643,0.2077716439962387
5277,0.11067866528738558,0.6622692970221415,0.061241362669071715,0.1471024961480817,0.05908586495705685,0.1239515135733141,0.18373119831085205
5278,0.1118423394995769,0.6957406849534583,0.06396877383777788,0.15422190399716082,0.06008839425160902,0.12004492265616287,0.14973890781402588
5279,0.10363500769458854,0.5672985792003835,0.06269058003280377,0.13477743705674375,0.05927452495455289,0.11520080440023393,0.1157098039984703
5280,0.09977992365424614,0.47818333585241846,0.06394027007236731,0.12311785089808891,0.05970739391269962,0.11442270083973693,0.112972691655159
5281,0.10176095589329413,0.4980100327264236,0.06104950854958088,0.12347244057484412,0.05363262747568757,0.12487569416234363,0.10510231554508209
5282,0.09880689991434428,0.5143157553404021,0.059433396716807176,0.12441659080589217,0.05150758277716959,0.11778532287926777,0.12657369673252106
5283,0.10190281011981747,0.6152146333233082,0.05454497107583464,0.13464063711118798,0.04917291670506813,0.1193958682402739,0.16080468893051147
5284,0.10553834272966474,0.7219805262902977,0.053595684770121,0.14907923355871766,0.04494866133007377,0.12045603447888556,0.17640547454357147
5285,0.10619758640555457,0.697342304991079,0.05230987827897702,0.14445736780927732,0.05032274418116671,0.12161076462363654,0.17273929715156555
5286,0.10369393187339461,0.6664562708430095,0.05187286772780825,0.13967049674426557,0.04995725268498928,0.1192340319012372,0.18659257888793945
5287,0.10503250719607893,0.6479867309245269,0.05335724894493865,0.13830431779916555,0.04711844164370249,0.1265944802767075,0.19515110552310944
5288,0.1027289332368317,0.6245987081672879,0.055736672559650056,0.13700267764645546,0.05145538423751452,0.11760376225281345,0.15525935590267181
5289,0.10481559939451777,0.6701665252893088,0.05730171351240909,0.14485382948053763,0.05195263780232607,0.1160372394624182,0.09197255969047546
5290,0.10836566086257458,0.7375989624798219,0.056621180977651425,0.1539037211922472,0.05071188424730081,0.1189669126124756,0.07226763665676117
5291,0.10447200205597422,0.6169183008512487,0.05307981070930664,0.1336281664438698,0.052130318931356404,0.12475933095060618,0.08352193236351013
5292,0.10497494717302001,0.5816233598377254,0.054836428743871346,0.13009170461442193,0.05293857230955828,0.1285296124173224,0.1246008649468422
5293,0.10477908766774799,0.5977095740046476,0.05486685600023761,0.13241581571515332,0.04943701584669074,0.12902126346969342,0.13438093662261963
5294,0.10044765971142779,0.5749841149973236,0.0561970907450165,0.13030952278106037,0.05181404810488271,0.11687293968122614,0.16936753690242767
5295,0.10024357194717058,0.5766168271069954,0.05559991394677338,0.1300309015410908,0.049412727004439994,0.11865664787737963,0.14564864337444305
5296,0.10022832228532277,0.635271107565519,0.05292407045714779,0.13611650432977224,0.04685862205603746,0.1155246506970542,0.1705712378025055
5297,0.10434987482709132,0.6657737581826303,0.05158542810404367,0.13932661811527033,0.05097452640436791,0.12044865431981763,0.1628352552652359
5298,0.10374982801982516,0.6730386071903722,0.05147038956258381,0.14026584922369645,0.04966530996257279,0.11912226276653358,0.21953421831130981
5299,0.10364513425167815,0.629842114574888,0.05434603969920169,0.13655976468144262,0.047787892606026346,0.12371991906557961,0.20339275896549225
5300,0.10177437617138133,0.605428668092332,0.059584902264803084,0.13756258309730723,0.05395509243622806,0.11230156837945526,0.1769808679819107
5301,0.10637139203588887,0.6931006625676602,0.06237923263021875,0.15248229404985328,0.05062074095624066,0.11480617246836222,0.13126039505004883
5302,0.10683287890690905,0.7282232708300562,0.057165904526437626,0.1530312425698117,0.050633913487145375,0.11558340544416243,0.12272953242063522
5303,0.10268234331741906,0.6116415742678322,0.05536202717908781,0.1348305339060513,0.05298554549782603,0.1180373746445098,0.09788057953119278
5304,0.09908109388723378,0.5242418969463414,0.05613312353537603,0.12300580545122822,0.05388920358885934,0.1176898752798163,0.11647869646549225
5305,0.10074204766130355,0.5289875216938273,0.05501060524477996,0.12272159330892958,0.04962856361149105,0.12623424376321676,0.10801232606172562
5306,0.09776139733986193,0.5192244084248061,0.0528977101749891,0.11951580992496295,0.0503230208363179,0.12023486576849955,0.13057343661785126
5307,0.09942103352532104,0.594776505216837,0.054110854236112706,0.13134880437621618,0.04733933354232828,0.11705572151590647,0.16910752654075623
5308,0.10117829767564603,0.6736820563587416,0.05137590062390295,0.14027678001459418,0.04329545323168525,0.11761461451753205,0.18474629521369934
5309,0.10547456970045256,0.6972183233535177,0.05042208780441367,0.14282155002571426,0.0502826863344455,0.12108885986110474,0.1685783714056015
5310,0.10353970943375647,0.6680618464488792,0.05178315189646374,0.13982296540395167,0.050410561876987246,0.11827986457200876,0.20716844499111176
5311,0.10452203733710035,0.6392090159182137,0.054559865160023785,0.13808117241119378,0.048417789230514936,0.12424901124053087,0.23524388670921326
5312,0.10396506376369788,0.6294607699728084,0.05658705187767915,0.13842615446269763,0.05446197824975718,0.11712680922677116,0.18663592636585236
5313,0.10498707801852881,0.6678338522774797,0.05928487802646817,0.14622044577661267,0.050805822853985126,0.11631647949918113,0.11759085953235626
5314,0.10773185106620865,0.7505119991573485,0.054521025940573974,0.15394830782868457,0.04993038038339897,0.1178687382465007,0.0894140750169754
5315,0.10463884130115247,0.6270941434969424,0.051919860908096194,0.13408761556364565,0.05333176185397899,0.12376485833774772,0.09489643573760986
5316,0.10213128587092521,0.5764937697917164,0.053947943979826406,0.12859734766723926,0.05278787424061574,0.12214896697567118,0.09314081072807312
5317,0.10617415399131437,0.6225046471152965,0.05606994835220417,0.13698919103264592,0.05273250088360119,0.12597244304939834,0.10352279990911484
5318,0.10226277506150806,0.594396048392594,0.05193289347789066,0.12942762989427686,0.054977609231171246,0.11986804718438004,0.16499781608581543
5319,0.10101074511144849,0.5710958910230488,0.05663756210885581,0.13013160909659768,0.05095562143275539,0.11932822234329941,0.16079968214035034
5320,0.09926959755471731,0.6346039325232714,0.05243558523366199,0.13560249198932048,0.044508673166426024,0.11539412376419443,0.16315296292304993
5321,0.1024359846650278,0.6534354784911142,0.051997095987239596,0.1379168649163645,0.048668782272602615,0.11843651653848022,0.1522243171930313
5322,0.10288574135801962,0.6949137148294228,0.05359383149208099,0.1452109576831298,0.04573005224057362,0.11586240505131343,0.18248829245567322
5323,0.10211141919209017,0.6181090976935868,0.05545878962605257,0.13583740506427175,0.04528317587556229,0.1223258944558932,0.1818436086177826
5324,0.0994262144283193,0.6004259341339504,0.058021543572951674,0.13550788508166578,0.05080394123171169,0.11039924165367275,0.17816609144210815
5325,0.10626234855635489,0.7017719207208939,0.061309887329900815,0.15280446352861413,0.05150323434198746,0.11345222289319955,0.14964911341667175
5326,0.10852341103825346,0.7578352332976075,0.05735695789030473,0.15742528294849084,0.05017366337826551,0.11679030231928521,0.13811257481575012
5327,0.10488667506247222,0.6283824123616562,0.056333890585997894,0.1380551079825205,0.05293321984100137,0.12132356957621696,0.13815997540950775
5328,0.10365287542682027,0.5920941416215024,0.05810313275675769,0.13438756259457835,0.054449085322942715,0.11981334049592476,0.12689240276813507
5329,0.1025114295668029,0.5694671669480642,0.05403173112829098,0.12766536481683002,0.051443186857868035,0.1251864485933472,0.15501751005649567
5330,0.09772578547378248,0.5315409581976188,0.05055578991252191,0.11926795681039289,0.049970445999152534,0.12066230759454957,0.182847797870636
5331,0.09875257030723793,0.5946176675273089,0.052969930132013156,0.13034817833134113,0.04816260386693343,0.11537263392141406,0.18423806130886078
5332,0.10121410622061079,0.6736665083012918,0.04933286010245171,0.13852338127371458,0.043513237644327143,0.1190567505533931,0.1642424464225769
5333,0.10475081832632122,0.7001462409066519,0.05168877110801553,0.14432555250782073,0.047287145401076806,0.12040363972709801,0.15782582759857178
5334,0.10391575577625561,0.6791004609049535,0.0543004431870343,0.14355758857530848,0.048337826392339286,0.11785984028801116,0.1837988644838333
5335,0.10568999508652413,0.6558743126143626,0.05783621892171994,0.1432702323063832,0.048027704969420326,0.12326179137161329,0.23640841245651245
5336,0.1028922584039608,0.6406875405039675,0.057874475602998354,0.14113348487456537,0.05055643421920042,0.11522503140384711,0.20185691118240356
5337,0.10589887014719519,0.7060539141285359,0.060253868094131434,0.15251101752761778,0.04997636964273487,0.11404542913072818,0.13829782605171204
5338,0.10794121261400624,0.7647086085520979,0.05632137795533995,0.1575195537548768,0.04815632955458612,0.11687193679273708,0.10673384368419647
5339,0.10454492846632744,0.6149137455545224,0.054384812065516985,0.13446037399251773,0.05073491994519159,0.12545267108690478,0.11550571769475937
5340,0.10536178857626334,0.5893512927386932,0.05732509809678334,0.13332884018848473,0.050755436419908255,0.12867117655238036,0.15625956654548645
5341,0.10640072514129453,0.6202086822177036,0.05580482670982778,0.1364339489252386,0.05222439009125572,0.12752594749912738,0.12366799265146255
5342,0.1010618026614838,0.6013950349941317,0.05112804517563102,0.12973761514970253,0.05226079656945896,0.11867134706481419,0.18977078795433044
5343,0.1023823070865101,0.5986712178251705,0.059096256823822545,0.13617839410972937,0.05042521629745349,0.11827318538161768,0.23212526738643646
5344,0.10114852366647735,0.6479030016241044,0.05680331107210523,0.14124612400810513,0.04462342060606034,0.11552258854541791,0.20748774707317352
5345,0.10502238938356076,0.6529283719194074,0.05815374605367949,0.14312154974878347,0.047453341531115405,0.12205854093488054,0.16307996213436127
5346,0.10549407931434017,0.7170697033467381,0.0567104599421128,0.15104749471420215,0.04467267588466094,0.11885356884043025,0.16464945673942566
5347,0.10546386291919942,0.6278931740975944,0.058291017852870275,0.13966275445925944,0.04665447255341848,0.1269980493917052,0.19489865005016327
5348,0.10136683119704025,0.6093640667010047,0.05985355671663204,0.138355058142971,0.049470391302855764,0.11441151752676226,0.155655637383461
5349,0.10667813830666763,0.7001527409130375,0.06316787667483283,0.15416571442314778,0.04906480196664621,0.11553817850226623,0.1337684690952301
5350,0.10733905589216469,0.7332341643174025,0.05843716771758692,0.1548367386604177,0.04851626660580495,0.11724852409550808,0.12499464303255081
5351,0.10314789724477345,0.5964870761009393,0.05732864115705707,0.1343512747204688,0.05230662656136065,0.12033105380152621,0.107682004570961
5352,0.0977748913642003,0.5019734760003567,0.05642988472863031,0.12007896919601979,0.05099551184111426,0.11919078034405856,0.1337740272283554
5353,0.09929918057537059,0.4998821231846323,0.05269863515681488,0.11658199058936024,0.05068768205594608,0.12671178301762606,0.1252027153968811
5354,0.0963734953127108,0.520719872046409,0.04926704364678303,0.11661744770387249,0.048014065570608847,0.12097453799478355,0.14657475054264069
5355,0.09912944505897386,0.6035506891824811,0.052376643167906856,0.13111579259856035,0.04678830562400468,0.11693988796743371,0.1655324548482895
5356,0.10325120029409343,0.712017713100066,0.04998126038094553,0.14455789648367703,0.04247051749081073,0.12029093858108017,0.19260986149311066
5357,0.10553823709669295,0.709105166807487,0.05212629927407066,0.14598042320741583,0.04713018468685643,0.12125837010841736,0.17461523413658142
5358,0.10570659480483932,0.6987648111620474,0.055333553486034116,0.14725230458260746,0.04794676759695876,0.11989394755618765,0.22620204091072083
5359,0.10738544079174363,0.6605180498285208,0.0576902432474524,0.14380850133046216,0.04876346685181697,0.12680949001780073,0.2796889841556549
5360,0.10511013925725242,0.63525372542883,0.057196559798664004,0.13977615488868772,0.05067634603428816,0.1224069446498403,0.24184054136276245
5361,0.10615132465830103,0.6840956084307135,0.0597126389242597,0.14891020599661026,0.049780625494484754,0.11806166525561976,0.15313085913658142
5362,0.108769143490334,0.7571724451204287,0.056508607898355705,0.1566034417872233,0.0493502658807833,0.11890565038891278,0.12349843978881836
5363,0.10522801399219008,0.6241544589339459,0.054251356053339174,0.135666085036283,0.052174013859923894,0.1250169519443417,0.13465510308742523
5364,0.1069524329930232,0.5988082045483474,0.055973876129216026,0.13352163733194908,0.05376816269990502,0.13024061570294151,0.15239976346492767
5365,0.10812524824930216,0.6251645619191839,0.0556474102931153,0.13700700338255367,0.054485027764179406,0.12978890543218946,0.14400768280029297
5366,0.10150209444771431,0.5937100696147499,0.05285043911690491,0.13011610061659704,0.0504938357153175,0.12109706544078915,0.2141558825969696
5367,0.10095440758311951,0.5520676079409799,0.05822486932741078,0.1287738319864921,0.0494019558260055,0.12172080651764325,0.27050262689590454
5368,0.10013881935306083,0.6352543618943847,0.055878500760625664,0.13864648092259124,0.04447060952100975,0.11515429908276645,0.21834024786949158
5369,0.10381079471580645,0.6380072009031122,0.05708494739229459,0.1400738407509828,0.047966827274073406,0.12094410094654355,0.240557000041008
5370,0.10573454113013794,0.6842729618992447,0.05898788296801974,0.14831432281533757,0.046886679767784226,0.11996911084764778,0.28106626868247986
5371,0.10632531725897497,0.6442928177145246,0.062094217808534545,0.14526544636653313,0.04856348691165023,0.12279430584377077,0.2389260232448578
5372,0.10094444741598352,0.607528146059855,0.06286410643463174,0.14067325495252075,0.049779318705280594,0.11095122844337846,0.21275223791599274
5373,0.10536087303890596,0.696779301045277,0.06281854411085015,0.153384366530054,0.05145265245014357,0.1105100092493185,0.17392778396606445
5374,0.10842482321642115,0.7653080707136567,0.05879593705648584,0.1597262418646531,0.04957857858215836,0.11502654595419813,0.178053617477417
5375,0.10349113986930675,0.6244956765857417,0.056715937259690284,0.13782732859198335,0.05248472289505589,0.11807758958943422,0.16243231296539307
5376,0.10111016604614348,0.5557489357179388,0.05941096781887042,0.13031639180445165,0.053859960684959074,0.11689864819866014,0.14232544600963593
5377,0.10239735201544574,0.5591403473504694,0.054241883280569926,0.12637023529055555,0.05288292633069998,0.12474620162387717,0.16316230595111847
5378,0.0965916862476457,0.5357628561033412,0.05250902648902347,0.12154528786249744,0.046930045510873174,0.1182112204793264,0.19609007239341736
5379,0.09935015236694161,0.6020603406926671,0.054058547819725696,0.1323445182301459,0.04888791378062908,0.11463454099966132,0.21708127856254578
5380,0.10283639299655901,0.6959399677485874,0.05146927478707745,0.14353651663872172,0.04410247690810398,0.11861596138706479,0.21962720155715942
5381,0.10494378560918576,0.7097446446493273,0.05164393065616766,0.14565831836947618,0.04919576743448959,0.11809808534679073,0.19454969465732574
5382,0.10543222543756108,0.6938359841007884,0.05510386963638467,0.1463513145598709,0.04973641392590976,0.11836185752823487,0.2352829873561859
5383,0.10605299461098797,0.6642336082188929,0.05610936157156935,0.1429842539497584,0.049960240856755864,0.12281930222451692,0.2720603942871094
5384,0.10210308422876543,0.6378189666775668,0.055756114410527885,0.1389079504486763,0.050662791213526126,0.11490908267467784,0.25779610872268677
5385,0.10372893135712152,0.6943203534694002,0.05666581299807035,0.1477593187796889,0.05048580490112171,0.11179007801137487,0.17097266018390656
5386,0.10725072253949848,0.767229336100759,0.054676097189220306,0.15646941703372583,0.04955587103114783,0.11466735992685637,0.14553439617156982
5387,0.10375682428962853,0.6466061542748538,0.05459194841259851,0.1391654063929207,0.05212155257433187,0.11795517770013245,0.13619744777679443
5388,0.10450612377856583,0.6075975502198583,0.056453459349289546,0.13518832947365647,0.05356163465587992,0.12223562177771169,0.13787847757339478
5389,0.106110204844272,0.6394269325241021,0.056030546054418345,0.13937288697865888,0.05285542475648257,0.12360329055349926,0.17172321677207947
5390,0.10103941877808476,0.5982629591104208,0.055631221053130064,0.13315004077560016,0.0496663435369359,0.11789406536626404,0.23666523396968842
5391,0.09900559835129892,0.5686890592218972,0.05620541380490276,0.12941736315018768,0.04947509983151125,0.11573449035708547,0.26165542006492615
5392,0.09927965913810487,0.6381046989277923,0.05495260227499604,0.13826004465396693,0.04541630825625919,0.11230225383334051,0.25786569714546204
5393,0.10144790755426727,0.6580347898286879,0.05458645052264921,0.14079335613779762,0.04893889067254974,0.11296602981518108,0.20086334645748138
5394,0.10375009366786862,0.6912239653686956,0.05533540273178602,0.14617662596563025,0.04789950397165355,0.1154961438915154,0.24522507190704346
5395,0.10366744273829101,0.6330356397566181,0.05758156747839649,0.13978929208957103,0.04851081242751677,0.1203228760778485,0.22763243317604065
5396,0.09915459536028354,0.6057559911434023,0.05717368695785562,0.13554258755579085,0.05093781750387933,0.10950478281356833,0.21103350818157196
5397,0.10462420177777068,0.7133791766681075,0.05905159720859512,0.15252696570281116,0.05176803492795775,0.10895842933694658,0.1928604692220688
5398,0.10885352081020706,0.7658531141942728,0.05717863873993179,0.15841784951912333,0.050419369372298815,0.11661461569807505,0.16709747910499573
5399,0.10451586633840643,0.6305997037871598,0.05622819702005464,0.1382812694153554,0.054304107805635486,0.11890642736225067,0.16170381009578705
5400,0.10114946727897527,0.5685039565547889,0.058400305972766124,0.13127225605591222,0.052991493170490234,0.11693025444407984,0.13343100249767303
5401,0.10160522238120845,0.5591437538665733,0.053090617330893784,0.12538392255027658,0.05204650969628465,0.12416273333258213,0.17399252951145172
5402,0.09811389637298383,0.5484231947562596,0.053752987818124744,0.12442016023785829,0.05029197887839644,0.11694009329898264,0.17814995348453522
5403,0.09804087314186302,0.599222548169285,0.054233091932427646,0.132088728537693,0.04587737326629614,0.11389206206163285,0.22143709659576416
5404,0.10217124615707932,0.6878557629608342,0.05146202978909342,0.14237542024219924,0.04559183398575329,0.11649957948250964,0.21490728855133057
5405,0.10237040747460958,0.6977081517376482,0.051528658812389445,0.14384001494456927,0.0462391738038107,0.11519933040034389,0.18303127586841583
5406,0.10274863355477909,0.6778219933011401,0.05333818251508774,0.14255015548452382,0.04694323837842284,0.1167520226455642,0.21347643435001373
5407,0.10392351225582531,0.6475161140882332,0.05601354019547147,0.14051390789443746,0.04811362103587032,0.12074057088950033,0.2786298394203186
5408,0.0987225416117184,0.6139956499070001,0.055208171109557704,0.13503495379490663,0.04883085155430406,0.11060440975166624,0.23248566687107086
5409,0.10294639814240412,0.6967989337554166,0.05641294531700871,0.147896657951067,0.052011241400463835,0.1081831829590219,0.1659107655286789
5410,0.10724221114559604,0.7785396391693018,0.054920096665494876,0.15829431702318159,0.05018205517043718,0.11249925498097266,0.10854142159223557
5411,0.10323468141433083,0.6209305051036492,0.0529067258675747,0.13405298004415678,0.053341235969297664,0.1199254348776371,0.1604335606098175
5412,0.10438544387043174,0.6121714607163614,0.05382923198776526,0.13359240752042184,0.052105494607540055,0.1245743062817206,0.16616587340831757
5413,0.10531349385026396,0.6393999197234268,0.0548409223207224,0.13834935052110872,0.05204754381343747,0.12301482554549799,0.15013599395751953
5414,0.10083068490157504,0.6101045089121314,0.055094490026644384,0.13438163558171395,0.050355962050709566,0.11563898555096079,0.2607710063457489
5415,0.09943799901131768,0.6006005031576334,0.05638134695383872,0.13412694069723793,0.04967112142065568,0.11263119292796668,0.29673197865486145
5416,0.09894101250351123,0.6387684051324019,0.05556863199751091,0.13888288530249532,0.045780560178129245,0.11050726958910935,0.24875283241271973
5417,0.10174730734308947,0.6594373837106067,0.05514341725485359,0.1414711267485326,0.048043463187217084,0.11397982899971512,0.19739405810832977
5418,0.10454443362292976,0.7076343058051442,0.05505050653923029,0.14827676357721797,0.045523358970087545,0.11792208523416456,0.21535256505012512
5419,0.10483712194374627,0.6504597384063177,0.05723560867709724,0.14198191292412873,0.04682658373387843,0.12309465076954594,0.25181424617767334
5420,0.10026551050492022,0.6163251820115965,0.057938768217278724,0.13770825590218125,0.050392260713125095,0.11114220185013758,0.21547627449035645
5421,0.10482361511286314,0.6934339501247776,0.06000027570567202,0.15049080062268708,0.05182772385661105,0.11123623264098774,0.1750594973564148
5422,0.10578852381308575,0.7251995950883874,0.0563333453500461,0.15188566674123768,0.04966505571181695,0.11456155833956294,0.14680658280849457
5423,0.10136959974481466,0.6060956870047387,0.05386842013986506,0.13275802969198988,0.053117734233103,0.11612510586378408,0.13376617431640625
5424,0.09746706555613806,0.5113365480629405,0.0554916270515137,0.12061233005314612,0.05241375258409044,0.11663660797179774,0.14040006697177887
5425,0.10012520407014912,0.5369774692658772,0.05277601624023639,0.1219476523867565,0.05162021953745318,0.12347242325922661,0.16428127884864807
5426,0.0975735131270227,0.5385122453307436,0.05276678691597375,0.12215899526094086,0.04760614591207917,0.11978266257291989,0.20933015644550323
5427,0.09903427406993982,0.5795439603672456,0.0556670044996967,0.13050656962363225,0.0493697155992814,0.114952504122285,0.26674625277519226
5428,0.10249846548111549,0.6752662080969212,0.05460383541088292,0.14326988865174548,0.04565182065084637,0.11656428443329975,0.3336767852306366
5429,0.10388339743056146,0.6942348226010588,0.05283093606381626,0.14446006271199377,0.04986479147385614,0.11564509552142535,0.27277883887290955
5430,0.10510108163996183,0.6941638621247274,0.05343775469758211,0.14497005575860283,0.049465163472445166,0.11889715768272803,0.3152001202106476
5431,0.10571084069945677,0.6477825333905993,0.056739913052661815,0.14117457310093862,0.05043510797270979,0.12304634098406375,0.34486475586891174
5432,0.10175416635821054,0.6308727611382485,0.05668709109719292,0.1387136153887723,0.04938058319508366,0.115241533724205,0.3068487048149109
5433,0.10115022976771444,0.6742007415554553,0.05611256497767009,0.14441087591735366,0.04921364671130922,0.10874167456113468,0.1685764193534851
5434,0.10682001535624011,0.7900130727482915,0.055209057428105675,0.16018105961670365,0.0466443731346443,0.11278278857223084,0.12534207105636597
5435,0.10279959510909788,0.6399736391466948,0.051977819874870435,0.13597722262798823,0.049793117396861354,0.1201498390282758,0.15788935124874115
5436,0.1022551736898582,0.6017098043221527,0.05251591668073723,0.1309721863437966,0.04886489597004277,0.12384428062250062,0.21057426929473877
5437,0.10308184232224177,0.6424490503737355,0.052840744055106255,0.1370705021006247,0.05028739553467693,0.11953690595527591,0.22536137700080872
5438,0.10059862207366267,0.6114432898448774,0.055920612593960584,0.13528099505837726,0.0507316123791644,0.11388517919472342,0.193793386220932
5439,0.09821902878626419,0.5850187239464291,0.05578517209174041,0.13138996521383878,0.048561070507110345,0.11264517290639603,0.30270785093307495
5440,0.09675459558492965,0.6251125038674294,0.054058307104388394,0.1356374780705371,0.044125881462668305,0.1087821982670018,0.295886754989624
5441,0.09971446571783399,0.6699454460060952,0.05083903808903926,0.13928281064861867,0.04582208955441454,0.11224799304638941,0.2639971077442169
5442,0.101581955200601,0.7060502176340098,0.052611753936397304,0.1459601058931991,0.043687648591885946,0.11340859162720338,0.2786121070384979
5443,0.10242663145127485,0.6594142240043257,0.05537098095050772,0.14166287281533887,0.046255049537860284,0.11724505443195657,0.2951144278049469
5444,0.0991686868714876,0.6227670142602594,0.05885349295227051,0.13941256742484037,0.048879506717776015,0.10795832402180154,0.24259990453720093
5445,0.10370628755209173,0.7150926695416486,0.06059233440981596,0.15409238228579206,0.04978849943942395,0.10679651925868824,0.20781399309635162
5446,0.10574536127585929,0.7677027818402021,0.055878930764513814,0.157568052346755,0.048902682787552956,0.11013785026609355,0.18057939410209656
5447,0.1002828623577913,0.636579776457047,0.05403077334110823,0.13725205950052807,0.05158787272364973,0.11054293078777049,0.1382298469543457
5448,0.0960679704394543,0.5344325471415234,0.05524225271223993,0.12369800905928043,0.0506977955909691,0.111590589639531,0.1512845903635025
5449,0.09857283605654255,0.5581137839844927,0.05161878956816429,0.12397521734192549,0.04966882406369318,0.11913676292557562,0.18747948110103607
5450,0.0975820466488999,0.564193100251855,0.053956737195054845,0.12684764620316916,0.04866995931383985,0.11477272345709186,0.23005622625350952
5451,0.0960703015220906,0.5815320243931014,0.05433663272946295,0.12965026010998273,0.04690553076077614,0.10970701217383516,0.2551513910293579
5452,0.10121125097630995,0.7002771289848152,0.05207954059581466,0.14467919607995758,0.04288403421681871,0.11421311367517313,0.2720707654953003
5453,0.10285889004858871,0.7295869660076679,0.05064759044902991,0.14763892981454965,0.04673688177984202,0.11278311248852624,0.24853515625
5454,0.10353410479489843,0.7116939700536541,0.05346231132154175,0.1474954054261292,0.046474319380102054,0.11499527898051834,0.27693456411361694
5455,0.10417710216743382,0.6762680756848984,0.05536570996610495,0.14406604792593258,0.04819708997392442,0.1182567852980682,0.3222799003124237
5456,0.10235996252236439,0.6421335795327142,0.05849839933134743,0.14187485364582839,0.0499462335018148,0.11364644568231426,0.29534897208213806
5457,0.1021945464392596,0.6848108394327528,0.05816445868357822,0.14768537021917458,0.04921365809282774,0.10874835293496186,0.2203548401594162
5458,0.10668986181339711,0.7879741700946581,0.05582709797781985,0.1604195368516539,0.04780039389236916,0.11120468058582189,0.16271017491817474
5459,0.10127779958729301,0.6622449592992382,0.05347515185272389,0.1404422672022259,0.049642402702821276,0.11218986269813948,0.15722869336605072
5460,0.09852060591257045,0.579046085055587,0.054647791798693786,0.12956183369253568,0.050009046569045645,0.11380714603068506,0.21663282811641693
5461,0.09964957708822823,0.6063061881899451,0.05272268477787124,0.1318060424081675,0.04977545044215674,0.11515253074859393,0.16250638663768768
5462,0.0986198481054549,0.5828275544380167,0.0565889948405473,0.13176593192590008,0.0495984784130049,0.11251072324345918,0.2252965271472931
5463,0.09466472321215572,0.5473355021840167,0.05656061084454452,0.12667130960732625,0.04742797399469765,0.10799111568165728,0.2319294661283493
5464,0.09693415470172964,0.6389811557815854,0.05399111777321621,0.13756112320298325,0.04460090617091218,0.10717714972759802,0.20162135362625122
5465,0.0985245230394213,0.6466261274507962,0.05372118891665631,0.13842189442153344,0.04592191028644683,0.10964160923892582,0.19575239717960358
5466,0.1024193750349271,0.6994419961986054,0.054637886205562904,0.14675275906171184,0.04483328006506858,0.11401549711011666,0.26176366209983826
5467,0.10063113232354862,0.6388604244554785,0.05811070513122549,0.1410749507489759,0.04408195086253303,0.11472332497968837,0.24754098057746887
5468,0.09945369656055632,0.6190297002642018,0.06127348458699514,0.14095294396945324,0.047927548667143736,0.10822723448450752,0.21940669417381287
5469,0.10485756698758751,0.7224742425196116,0.0634348371763972,0.1575833236539992,0.05033768170777158,0.10642742952431619,0.1936507523059845
5470,0.10666159609282576,0.7792888584038117,0.05772675081738571,0.16080705190116085,0.04908225603574834,0.10966624481047528,0.14919108152389526
5471,0.09995544073840015,0.6520252809095931,0.055922041328207016,0.14107964698269074,0.050334764501414386,0.10738985198200846,0.1232403814792633
5472,0.09751613537003855,0.5643187733275123,0.057044158767466956,0.12951196084747343,0.050680235674355416,0.11050120031100573,0.1590203046798706
5473,0.09736427300848582,0.5449408686610259,0.05328034716504706,0.12351756452161544,0.049872670886637716,0.11603529479111445,0.1373894065618515
5474,0.09561409535917663,0.5462253006290458,0.05677812129138018,0.1266991469110467,0.04617437448423793,0.11167443101686167,0.18101619184017181
5475,0.09513145541225286,0.5744705738813909,0.05612730666040428,0.13017634483483095,0.045644762464064854,0.10776803349716156,0.19576554000377655
5476,0.10035479260480357,0.6993650890778157,0.0537868104675821,0.1460122788404726,0.04241435967551288,0.11110237096172253,0.2336946725845337
5477,0.1002041014097252,0.6994197123069645,0.05203250451952,0.14451639134629776,0.04506243492784182,0.10967980588687218,0.20153486728668213
5478,0.1029046776936724,0.7138127463663817,0.055512037648277085,0.1495549960365777,0.04488772288015167,0.11285048460546082,0.23583826422691345
5479,0.10194574878587469,0.6603076773309211,0.05652140588428368,0.1427765875195176,0.04688826877184082,0.1143940599062168,0.31397774815559387
5480,0.10107097909154673,0.6401278475881768,0.06041856062656715,0.14323417304965425,0.04867899981783403,0.11002116624270128,0.2667575180530548
5481,0.10147315599447201,0.6738851374074065,0.06026463861020851,0.1479247098669511,0.04854321120948991,0.10714174804291215,0.21938183903694153
5482,0.10541342657686434,0.7749421838707651,0.05675579366597481,0.1593538494095163,0.0471400650339952,0.1092047479483044,0.15387146174907684
5483,0.10028777448572233,0.6683542692235307,0.05562794847873823,0.14316028001370856,0.048745948265783615,0.10787343009118079,0.14509542286396027
5484,0.09533463538852636,0.5405123052910626,0.057096593214511486,0.1261559806540188,0.05022162580707512,0.10783984166499035,0.1307232528924942
5485,0.09962421544298795,0.5924288460360643,0.055048025723732276,0.1318167143397797,0.0493308913727532,0.11546243746975055,0.11217422038316727
5486,0.10126816017704215,0.605820931537604,0.059696003681608184,0.137713850518179,0.048468340673691705,0.11557802319397903,0.20848867297172546
5487,0.09617650751556402,0.5698020624948584,0.05824960237414534,0.13132852524853292,0.046245049319546316,0.10910851792073172,0.174386665225029
5488,0.09631887252837092,0.6285514562503078,0.05695355298434026,0.13861039630804992,0.04227887239535372,0.1065987893375418,0.1910245567560196
5489,0.09679957158722975,0.6409591781993618,0.05312713714778829,0.1371031430122988,0.043306491359456224,0.10834039178959619,0.179572194814682
5490,0.10087664124862207,0.6871677289667282,0.05734869796038888,0.14732284524700878,0.04327598641568552,0.11063678572885319,0.23137785494327545
5491,0.10131262187646298,0.6436750610991409,0.060059231309301186,0.14343292127927826,0.04552525139321284,0.11327130907184346,0.2514899969100952
5492,0.09902579935042502,0.6074346740493117,0.06269573018375114,0.1405155793074027,0.04761418973727072,0.10770740029957962,0.18901942670345306
5493,0.10364664451783862,0.7145253765531641,0.06274453297639775,0.15585608205879295,0.04935487120565008,0.10546868831766859,0.15460902452468872
5494,0.10620188786732006,0.7800863533214929,0.0584256723061759,0.16152005530836405,0.047503733820074556,0.10915937614774635,0.1296667456626892
5495,0.10080812673352897,0.6623319735490417,0.05688574329094604,0.14337806189924543,0.050031358994974705,0.1079891052347621,0.1201472282409668
5496,0.09884108637612585,0.5869380462831925,0.05801734709876131,0.13357744698225146,0.05025020190128045,0.11096379476125565,0.12117776274681091
5497,0.09967408220878594,0.5747482668407593,0.05497023690361983,0.12922424118035403,0.04958316254522727,0.11764724781427766,0.12710519134998322
5498,0.09854908053012029,0.5550593577203645,0.05832312628744319,0.1292854450635748,0.04810606878322121,0.11579239684188428,0.16757291555404663
5499,0.09395175977861267,0.5435434621541502,0.05706008142730551,0.12655770724542617,0.04560782558361772,0.1077224981657714,0.1716829538345337
5500,0.09735411696993729,0.6439185416467259,0.054469188443412336,0.1386762389010286,0.04158483212019045,0.10999538452376094,0.18059204518795013
5501,0.09794039368701063,0.6703717504578909,0.05049087027724212,0.1390452817316205,0.04471572790611922,0.10854519920625695,0.16588380932807922
5502,0.10240399691841812,0.6996659541334711,0.056679734580608016,0.1485349088024456,0.045191624848331516,0.11210027458121985,0.1999617964029312
5503,0.10215844538016462,0.6597023984855479,0.056858149604501695,0.1429787565875083,0.0471698139078078,0.11455572561205112,0.23123325407505035
5504,0.10083361809575825,0.6382081242792448,0.059927581385850304,0.14253908751347807,0.0475807707347722,0.11093757379611616,0.22374580800533295
5505,0.10080470398625212,0.6907194003484174,0.05795150115633984,0.14834691532663663,0.04746251108653144,0.10587968785067121,0.1593407839536667
5506,0.10578992796592096,0.7845570549237492,0.05425945003226814,0.15858767930247972,0.0462774730022972,0.11166529363960286,0.1083858460187912
5507,0.10095483408930167,0.6348434919830157,0.05505025105004815,0.13787785689761495,0.048956041866476806,0.11414613232699933,0.15134789049625397
5508,0.10058043911504787,0.5900934192769108,0.05561545983409544,0.1319694540402119,0.04971284160012683,0.11762419888108525,0.1899510622024536
5509,0.10343649990734366,0.6562762207473942,0.053829481294492006,0.13989330121633517,0.05050531869709023,0.1178515823209478,0.09684358537197113
5510,0.10196395773621815,0.6448552052626171,0.05511143099195078,0.13936054160204597,0.04933024397577095,0.11529644639401014,0.18953494727611542
5511,0.09875604653772264,0.6163807864571991,0.056369064152798236,0.13637073876771263,0.048186386878650005,0.11009164303816996,0.19662462174892426
5512,0.09903932757587587,0.6644651101482022,0.05565697822462379,0.1426295684994207,0.047125644993792626,0.10632233902709701,0.1657608151435852
5513,0.09811466736303927,0.6362801329164864,0.05393466571298309,0.13712687531348355,0.046434447531297184,0.10919917775917479,0.14150458574295044
5514,0.10106944689688467,0.6800914102687698,0.05482042044347631,0.14414484756137538,0.04568804043354386,0.1118372019708785,0.18469345569610596
5515,0.10170464027521273,0.6584306816264343,0.055958938780635965,0.14202633061575,0.04561152989102895,0.11550463281340342,0.20621035993099213
5516,0.10055854848573258,0.6377025063464855,0.05904630244647885,0.14171147443219406,0.04885160793362347,0.10979331126567424,0.17268924415111542
5517,0.10289056672327393,0.6867756110323183,0.0615800789788681,0.15089372641507529,0.05144676274912092,0.10590113047033164,0.1409309208393097
5518,0.10587940507785719,0.7669849166886303,0.05657876557774157,0.1580653585935828,0.04877309112029144,0.11018472046446723,0.12333888560533524
5519,0.10041366604900626,0.6564282749325017,0.054096000994834297,0.14014346870021535,0.0507819365771701,0.10907785201705489,0.1202441081404686
5520,0.09938093662223065,0.5768806111172271,0.05621031850167921,0.13059178887532893,0.050455745593769426,0.11488098305067322,0.13575734198093414
5521,0.09987554316502861,0.5804031756250845,0.05316479212384052,0.1284845611954468,0.05035974985538965,0.1181689715343468,0.14694474637508392
5522,0.09613306115609538,0.5441790131233507,0.05352489572769279,0.12361834106992964,0.04813267556524524,0.11408377862348427,0.1706640124320984
5523,0.09224688418066665,0.5260397704923515,0.05048070462397547,0.11841771403374347,0.04891038738063843,0.10726684275924914,0.19049249589443207
5524,0.09656744430199117,0.6485317030799916,0.048902163563994884,0.13456352635199442,0.04395546113068589,0.10935635778313044,0.18064336478710175
5525,0.09739509249902985,0.6708186576346655,0.0470115760016252,0.13612687337777382,0.046229468558835425,0.10827470517779902,0.1532978117465973
5526,0.10104926335047684,0.7049360750021767,0.051207347578504814,0.14459716578188653,0.04575950792150964,0.11132338472333969,0.2042006552219391
5527,0.10075625334206824,0.6620157778456321,0.051636733353701864,0.13883373970969187,0.046849642053445474,0.11460673764794246,0.24424290657043457
5528,0.09826166765849198,0.6249219817538713,0.05706305015401716,0.13818575466828203,0.048843367626720445,0.10656910405272582,0.1907052993774414
5529,0.10067807494335149,0.6907110637670901,0.05733748303431041,0.14781942313899318,0.051132797410407334,0.10278151311349107,0.13336028158664703
5530,0.10677846235867437,0.7863253160282424,0.054548720536210245,0.15908823417792914,0.04941596624232841,0.11119959611862922,0.1215791255235672
5531,0.10230037392423097,0.6409426910812414,0.05216480234328038,0.13627592930584623,0.05193687212978843,0.11663982703545483,0.16199956834316254
5532,0.10392613078207381,0.6066518356906616,0.05451007303518824,0.13338746770025586,0.05212483328814245,0.12347359628585447,0.20153464376926422
5533,0.10605715151265277,0.6566264224562524,0.05444035194490707,0.14046693344652783,0.053646706089358134,0.12180773206589493,0.21292346715927124
5534,0.10186948476035017,0.5948626392650387,0.0571752276877984,0.13398771505597556,0.05411661097500048,0.11554979781385893,0.27136391401290894
5535,0.10036363707316574,0.586073387161552,0.05823731692073375,0.1336424698122792,0.05580374695766883,0.11023456227750122,0.29094409942626953
5536,0.0994994474396345,0.6251442733728604,0.05636165899498813,0.13761631819182701,0.05321581297189848,0.10664536569073502,0.22340166568756104
5537,0.09971859197385839,0.6200637392044273,0.05395404813390323,0.1348268611439781,0.049382214266176845,0.11304318694422498,0.20822905004024506
5538,0.10335808886635613,0.7073426007495542,0.05336489005436118,0.14679027729653163,0.0469315980166871,0.114728103483413,0.19505928456783295
5539,0.10465743156163669,0.6720640022374185,0.054728935132288825,0.1429196590044502,0.04859084832870813,0.12023624287798734,0.22800995409488678
5540,0.10252693071603472,0.6466689917334963,0.05785760302643458,0.14197351569887198,0.05242969670555705,0.11184624861522008,0.18555006384849548
5541,0.10639570538715525,0.7000336355686481,0.06010549560366032,0.1515238013129443,0.056238317075428035,0.11079633622485117,0.16062292456626892
5542,0.10680034172101802,0.754639927427631,0.05491594290605239,0.15487651212342077,0.05258364045243036,0.11217330622892982,0.12069215625524521
5543,0.10293154644506221,0.6581790194466899,0.05549333219419492,0.1415912875159799,0.054871874951188504,0.1111564855651487,0.10894905030727386
5544,0.09885824185046864,0.5463908782373726,0.057115553022698155,0.12701202805336592,0.05187682244971414,0.11533242089859372,0.1205984577536583
5545,0.1026552974413141,0.5726884437044142,0.056778565455725606,0.13047997663410968,0.052413842245100664,0.1222699764443047,0.10147417336702347
5546,0.10061839899943298,0.5601284409659089,0.05597341267370823,0.12799555957259404,0.05198641569808134,0.11921636888659973,0.16556024551391602
5547,0.09737135167368885,0.5484591691992956,0.05460512195239297,0.1251557001305219,0.052691193283533666,0.11215518536534574,0.218032568693161
5548,0.10060957036321684,0.6558154623018897,0.05112052889837854,0.13750551938459443,0.04898750656304122,0.11349492079466512,0.23032808303833008
5549,0.10012606778853515,0.6762740709209869,0.04841880318114392,0.13811241285826434,0.04964758103761061,0.11105669175958105,0.17754323780536652
5550,0.10252415714009161,0.7022697767241143,0.05228594041242076,0.1451407741712341,0.046429894690734476,0.1143170968810294,0.20494799315929413
5551,0.10277098850956441,0.6534321497883592,0.052262796310867866,0.13814413252193808,0.047838769362301706,0.11988517925259232,0.22004005312919617
5552,0.10139525552920409,0.641231042879048,0.05602283920476239,0.13962401115823175,0.05115090694849678,0.11190889936192375,0.1777295172214508
5553,0.1028782871436411,0.6822891547179317,0.055700411120785887,0.14521308877752098,0.05374582085644046,0.10882624371529678,0.1408676952123642
5554,0.10813687230406609,0.7897796265584351,0.05364370464882288,0.1588059792073389,0.05065922565289509,0.11409434458347699,0.10862920433282852
5555,0.10331653250372579,0.6400921757793319,0.05173755674578887,0.13578821660772358,0.052811267844343465,0.11909591548968723,0.15018495917320251
5556,0.10266487790000073,0.5679747070460609,0.05538216385190797,0.12860967002250126,0.05090246354753313,0.1252552973512219,0.17638617753982544
5557,0.10310834348461406,0.6139030130993064,0.05379398376044326,0.13380955938028086,0.049935088290490585,0.12277137787076367,0.16642910242080688
5558,0.09836805755446884,0.5613183996185429,0.05591027276549542,0.1281114337445022,0.05107271725601229,0.11372602614933913,0.2079249769449234
5559,0.09717329452300576,0.5348424149324161,0.057028804817567974,0.12528789197683202,0.05030579455637664,0.11358208422170829,0.19100548326969147
5560,0.0990591424543072,0.614842621487707,0.05733110414034621,0.1369756066185406,0.046736915678190605,0.11166418473970502,0.17719310522079468
5561,0.0996194334849546,0.6300115712948768,0.05497934569177352,0.13712680649221687,0.04592995822532369,0.1137787729557772,0.16299161314964294
5562,0.10230783192605274,0.6988027541513804,0.05311413371637466,0.14535536520708975,0.04505147063073054,0.11474055643855227,0.18705838918685913
5563,0.10263168359722502,0.6625873207258518,0.054118515771435165,0.14104263076492327,0.0460360063387174,0.1185433224266833,0.20088820159435272
5564,0.09971372323263146,0.6335516961992229,0.05510212190184072,0.1377377753728953,0.04840557872136092,0.11133730405726232,0.1672953963279724
5565,0.1042908658315485,0.7063396188374943,0.05568231992139544,0.1486333626236953,0.05058155090412091,0.11248683169991919,0.1454392671585083
5566,0.10639556875991657,0.7599638764957832,0.053827861712531254,0.1547044352529958,0.04876643424987348,0.11455080327475997,0.13162872195243835
5567,0.1004879012731099,0.6317004622384745,0.05420734086085414,0.13670635820051422,0.050436653933851515,0.1125915928834822,0.10278061777353287
5568,0.09622499571749925,0.5045596733549973,0.054623606138662274,0.11890018716956728,0.049795505961800546,0.1170100067331761,0.10616611689329147
5569,0.09834349256806663,0.5224402990475957,0.053603495235289546,0.12058018149419043,0.049804392132899326,0.12135810263847965,0.13478899002075195
5570,0.09634873803245057,0.5306323697875007,0.05439745730305365,0.12243101622940322,0.046263203569677794,0.11735158726504316,0.17469237744808197
5571,0.0975571532410124,0.5958687784302824,0.054273569872875904,0.1316443139525054,0.04698254310482725,0.11198367148761801,0.23265942931175232
5572,0.10240663686721999,0.7113866982642912,0.05186540381884974,0.14608273159676996,0.04381161849969284,0.11546069505045005,0.24600252509117126
5573,0.1040409276208518,0.7342895034495113,0.05103638063774175,0.14864396961085166,0.045896395545201106,0.11588973144579628,0.21349000930786133
5574,0.10397550611849869,0.7232129835992215,0.052945876728910136,0.14869832056752605,0.046024446437578366,0.11555022069640505,0.2499973326921463
5575,0.10310059597449782,0.6827582963569294,0.05232666858036961,0.14238832969130674,0.046760324472975935,0.1180215665361217,0.2542359530925751
5576,0.0995767841571758,0.6422594989951633,0.05481565313191692,0.13873620254095212,0.047908566149035554,0.11052198382849428,0.23028971254825592
5577,0.10226058925800116,0.6690894040070098,0.055465053899620836,0.14312567534353354,0.049949414301286646,0.11227591702028553,0.17140115797519684
5578,0.10847586661500896,0.7719888962231779,0.0535401686371045,0.1561757011494007,0.04858780927883529,0.1191405615665682,0.14896264672279358
5579,0.10411377294581146,0.6405446839319079,0.05331140108089464,0.1372018700596108,0.051774416822065086,0.12095862457951503,0.1681317687034607
5580,0.10304449845181715,0.5635927493644346,0.054509415205447005,0.1272356057995881,0.05247357051244128,0.12612684146947145,0.17455105483531952
5581,0.10461605412088501,0.6121761127089189,0.05423937251166578,0.13394462111127337,0.05216181152852028,0.12485102027261433,0.1925858110189438
5582,0.09965866938475632,0.5624670778355774,0.05669496525675666,0.1289481241965882,0.05077823576786663,0.11680077583918194,0.25048184394836426
5583,0.09827819828764715,0.5292923599689794,0.05840507495073296,0.12567468709619675,0.04964687841250152,0.11685867547091876,0.26991814374923706
5584,0.0990587603922902,0.5989245071286237,0.05504378687458129,0.13274103262515877,0.04579363779490876,0.11619375446123893,0.2393074333667755
5585,0.10087919345621672,0.6495390478467273,0.051906780833899324,0.13728281897858902,0.04701553914076617,0.11615671865016017,0.2093755602836609
5586,0.10243358236241674,0.6881857265571646,0.05386599669665918,0.14448310096244565,0.045223919396408366,0.11569870868264875,0.268020898103714
5587,0.1033440471492519,0.6672653436130729,0.05326207849592724,0.1409768306555195,0.046243308708944116,0.12037850771653705,0.2583063244819641
5588,0.09991661245007301,0.6374059548193367,0.0557776597558736,0.1388674161935112,0.04879940972387028,0.110562211559992,0.194019615650177
5589,0.10475804876708959,0.6942446440588431,0.05764183157568356,0.14858509050184918,0.05032980954292192,0.11403409657032162,0.18030214309692383
5590,0.10625499037989018,0.7636182556117442,0.05558606497405197,0.1567335207794366,0.04977589371885823,0.11150548585869002,0.1507663130760193
5591,0.10017402772090502,0.6349860886553795,0.052047846528974935,0.13532473826131847,0.05339825760144818,0.11034595485256796,0.1359325498342514
5592,0.09385074048783143,0.4926623323902858,0.05268964384621639,0.11554288506679775,0.05084924778018717,0.11249642010042465,0.13642056286334991
5593,0.09974521540554836,0.5565611920375908,0.05382994779893968,0.12564869697588985,0.05045662839603563,0.12020718266482323,0.14520861208438873
5594,0.09717717359640556,0.5557141370022894,0.05326387597987473,0.12504248469736254,0.047773418521824075,0.116023312073327,0.22261179983615875
5595,0.0975908198961338,0.6003127109424631,0.05320064303449742,0.13135950987849251,0.049359287635311604,0.11024580688978934,0.2679153084754944
5596,0.10328310617556453,0.7134849607699745,0.049109949767223326,0.14402066562475918,0.04728720031057294,0.11663415928938689,0.31651055812835693
5597,0.10579906367996554,0.7407951598377018,0.04881915485010139,0.14767286984833003,0.050665252660860936,0.11740156792436314,0.289317786693573
5598,0.10437985345094938,0.7284597946284121,0.0519171529347539,0.14856610174813364,0.04603164169987467,0.11677157147310352,0.3233906924724579
5599,0.10508375855169251,0.7062179466372835,0.05207885138951268,0.14552729356776567,0.04863121682554718,0.11909163942300569,0.3488461673259735
5600,0.10237348405124774,0.6628731016722439,0.056038083431671444,0.14272880032318183,0.049586371404287836,0.11325130587939533,0.30702751874923706
5601,0.10420890481591917,0.6913487870493036,0.057502419550242656,0.14805190062153709,0.049523681675196496,0.11369585373413589,0.2258242666721344
5602,0.10945766747789101,0.7922360292056694,0.05563520977535688,0.16086389826540154,0.04519751914949055,0.12070484532616971,0.16156664490699768
5603,0.1027808937240542,0.6399771531422058,0.05224368884137485,0.13620561231292214,0.046002320631221484,0.12321551641502346,0.1910637468099594
5604,0.10186574857397551,0.5702770778248993,0.052832219139075355,0.1267529132370502,0.04680471853353431,0.12826788077917117,0.20796693861484528
5605,0.10356717355923074,0.6236867212398471,0.052763362999320586,0.13432384274796727,0.0472998735358787,0.12588897553951936,0.25013309717178345
5606,0.09959560035457007,0.5729459230556301,0.05530996474431308,0.12925795878878696,0.049362863680421545,0.11759468131451029,0.2633614242076874
5607,0.09844951547656568,0.5336392724207262,0.05619172451039637,0.12439851706901492,0.04907442946924346,0.11894733933957952,0.276639848947525
5608,0.0991216251790172,0.6190648335217159,0.052673493992045205,0.1335865424962839,0.04687910074254314,0.11467703140832364,0.20886348187923431
5609,0.09912595371671187,0.6288991343127449,0.05099173660082947,0.13354993627396025,0.04358316384294455,0.11760491011866596,0.2118614763021469
5610,0.10297541735566948,0.6928796757595262,0.054116640365061364,0.14536850256427064,0.04250078040049675,0.1187967751339196,0.2875933051109314
5611,0.10353175698184672,0.6805367943156064,0.05343991335494901,0.14302518206361436,0.046644558898195194,0.11875130835849515,0.2728331387042999
5612,0.10087286917909913,0.6639402828079068,0.056179612554692275,0.14300256544800866,0.04881205497933235,0.10956259736859922,0.226509228348732
5613,0.10571025014892568,0.7137142658091262,0.05874661391571823,0.15231342132906223,0.04970683300428335,0.1139354653678683,0.21628648042678833
5614,0.10693736518347907,0.7775329267295432,0.056642466555922096,0.15962681800929654,0.04876398600142863,0.11173580074518288,0.18095384538173676
5615,0.09994617417415717,0.6486975024661741,0.05372679358627289,0.1387226091405445,0.049535494634078504,0.1101261381761371,0.1352127492427826
5616,0.09521547315699941,0.5039157104640571,0.0554140292314572,0.11948569797897148,0.04763970698917446,0.11560782183462065,0.1734892576932907
5617,0.09895303199858128,0.5524520659641088,0.055354644245040684,0.126368561633479,0.04754379336453406,0.11994752737283713,0.20238958299160004
5618,0.09572704740056137,0.5557044780251259,0.05116062954469142,0.1232383221847535,0.0455331634111202,0.1155743304551543,0.22924478352069855
5619,0.09799666832151127,0.5941058419413148,0.052526989943008466,0.12989539737133793,0.04743641229224059,0.11432550442852482,0.29241934418678284
5620,0.10421033470664173,0.7133511621318278,0.05393297541262493,0.14813557351536819,0.04274903771173116,0.11955438561955284,0.34589871764183044
5621,0.1049553529319544,0.7323380706117683,0.05177606701738683,0.14899921038801273,0.04529405391396427,0.11862061429864472,0.30095773935317993
5622,0.10643962788985868,0.7405538224190202,0.055155859194277394,0.1530698539406692,0.04530428887902393,0.11913160172987983,0.32003843784332275
5623,0.10570927201499748,0.7214630004523954,0.05426225923808684,0.14957665084013091,0.04656080149827481,0.11908022724513809,0.35010579228401184
5624,0.10036358126411381,0.6602980825218099,0.056938005137047165,0.14313230190629897,0.04747620686414794,0.10921740330217192,0.27919602394104004
5625,0.10486074553749387,0.692934543983639,0.05793734748507554,0.14865123269915603,0.048574111859131526,0.11579487373960658,0.2104078084230423
5626,0.10909727475835505,0.7869722050797804,0.05650394159680542,0.16085655066580187,0.04890997736520292,0.1164717935583472,0.1806730479001999
5627,0.10515637788975085,0.6740422426878555,0.05549378871077828,0.14385785356464645,0.051884687290176486,0.11790531594884474,0.16051754355430603
5628,0.10223483348425694,0.5586443825965683,0.05454292457970349,0.12655741858211275,0.050197611816367886,0.12648514048303605,0.22697417438030243
5629,0.10430153924376061,0.615536020130967,0.055539492134342644,0.13553899613386042,0.050368810821809905,0.1241599018341301,0.29850631952285767
5630,0.09855681319858886,0.5630773054012115,0.05572826762327124,0.1282067015915484,0.049250340849957996,0.1157563241598012,0.29078659415245056
5631,0.09701859239508441,0.5130126098459494,0.05708526434222716,0.12221774227133035,0.04820879920433889,0.11767790529527153,0.24354587495326996
5632,0.09959232776668392,0.6068687029306578,0.05687324185946629,0.13544402201249364,0.04687639950110435,0.11434853253398251,0.22192955017089844
5633,0.10051260194117631,0.631703736648115,0.05513791369615481,0.13750445983214912,0.044760741323225044,0.11692760432728244,0.21391147375106812
5634,0.10284031183310066,0.6772981555664456,0.05657509662493789,0.14524981933086753,0.04221126361013296,0.11878240996765135,0.2918432354927063
5635,0.1046480777869896,0.6748787420214757,0.05834442275093652,0.14642075407529928,0.04583436981694211,0.1195589805085102,0.3289218246936798
5636,0.10103470017645524,0.6816240327793621,0.0585145481528254,0.1475301888137592,0.045909705655537994,0.10858551782461684,0.2842342257499695
5637,0.10550353639303832,0.7061602998849834,0.06033475193343819,0.15259554449794463,0.04664366640222829,0.11580041554320408,0.2256869673728943
5638,0.10701867056284504,0.7632396837220305,0.05683694217778434,0.15775161954124808,0.04835632267505271,0.11395689460856066,0.1755221039056778
5639,0.10270385919473381,0.6725236546187232,0.05660114453582774,0.14459007454766995,0.05066594994131109,0.11158659135765958,0.12647490203380585
5640,0.0958340950247735,0.5001473130024705,0.057425446413449245,0.120671427354738,0.046271749175306874,0.11746848185433786,0.21128974854946136
5641,0.09936305351457207,0.534159278583691,0.06057658826112527,0.12823125830720608,0.04715938020051087,0.1197815884708209,0.24240484833717346
5642,0.09685430727469037,0.5406469681558886,0.05670083480184548,0.12583599670956594,0.04717904705550411,0.11496118171096231,0.3052024245262146
5643,0.09954654902641134,0.5920497852660627,0.05662326034579072,0.13311276390582955,0.046557050847983894,0.11654192191304442,0.378618448972702
5644,0.10553394001604756,0.6969479249884181,0.05555203046347529,0.14718001539560996,0.04828314821488032,0.11918806688495182,0.3965374231338501
5645,0.10477948433068379,0.6974581727255236,0.054899054857325824,0.14669321455278264,0.04888680294067048,0.11701106660260893,0.3702619969844818
5646,0.10759581149653613,0.7298015324349933,0.06172244785185224,0.15716231707801526,0.04568048331126393,0.1184010312748551,0.3743324875831604
5647,0.10876416840428771,0.7267674075127731,0.061753186292343054,0.15675521789526164,0.04859772536844259,0.11941763775605002,0.4332490861415863
5648,0.10077358815819841,0.6572604525621503,0.06095630166271976,0.14614260893406697,0.04862097052806719,0.10670923540567821,0.3594588041305542
5649,0.1053375727672624,0.6817268954485839,0.06225453892525318,0.15075058985715756,0.048690593028033406,0.1151672900854295,0.2691686749458313
5650,0.10913411920290024,0.7872155681161574,0.06051236021626041,0.16432710420195998,0.04756054686924006,0.11471713312067561,0.20346514880657196
5651,0.10521433730235673,0.6424826825545462,0.06098812685090699,0.14405877766571257,0.04898005300190837,0.12043045074731265,0.20890972018241882
5652,0.10383970460492688,0.5815436753196462,0.06193369811535793,0.13616369485882768,0.046465942980817486,0.1257582545538594,0.2635161876678467
5653,0.10622094902340931,0.6210785895377857,0.06341175447379632,0.14307844519722338,0.04794882588732383,0.12495874761539681,0.3045847415924072
5654,0.09961832461341967,0.5551541036092498,0.06052789953619806,0.13118878583234833,0.05026977455570306,0.1151741523473591,0.3366050720214844
5655,0.09888058375737091,0.5314368313902924,0.05912210552918484,0.12659563779505736,0.04873489909059509,0.1185073855578241,0.2930353879928589
5656,0.10215621765244508,0.6076325978689578,0.058118615550291575,0.13662061302438677,0.04790768285692205,0.11946733964807879,0.25460097193717957
5657,0.10150844109111552,0.625048081880174,0.0551443728303177,0.13655918840886863,0.04339192144725677,0.12169099187645796,0.24066662788391113
5658,0.10302906859574512,0.6700563918200542,0.058223751861636676,0.1456284147128392,0.04133166290884161,0.1197398707193284,0.30537718534469604
5659,0.1052372953238445,0.6899866240639658,0.05664717959027099,0.14712424308651312,0.044022326392888854,0.12214931384609563,0.34920355677604675
5660,0.10159028296285713,0.6831613573245185,0.06044021733337542,0.149400380189253,0.04473085780250168,0.10950844490507178,0.282351553440094
5661,0.10812593299429137,0.7410334709820368,0.061670121624941066,0.15872202867595472,0.04674361708690189,0.11756387569180168,0.2351294308900833
5662,0.10973858314314162,0.7814701271937226,0.05856660159123687,0.1618385338201634,0.04653671674961083,0.11945275939508704,0.20451682806015015
5663,0.10492685468841673,0.6980685667353738,0.058552243732408915,0.14991171844711815,0.04364187632464186,0.11918945496785593,0.14091472327709198
5664,0.09819325484467187,0.5210144008812494,0.05858971410693812,0.12465038364612543,0.04313372382268943,0.12322035678763463,0.2381896823644638
5665,0.10011299574377917,0.544905241407368,0.057483138144891865,0.12711486718238846,0.04388858796996816,0.12568271503708062,0.27340397238731384
5666,0.09530172589764527,0.5339758214186945,0.05268968092624893,0.12144484385374114,0.04189590087174116,0.11915659458372752,0.310667484998703
5667,0.09781356873063657,0.5890009353902893,0.0520277884709802,0.12873823803088152,0.0423666342228925,0.1192705507871983,0.41579851508140564
5668,0.10354804369983786,0.6927432622977634,0.051375309412514274,0.14299930268183556,0.040891921686363145,0.12385229885238025,0.4412667453289032
5669,0.10598182676136232,0.7203927054392991,0.05195463994542452,0.1474457921588352,0.041528598594174286,0.1260974316848631,0.4177030026912689
5670,0.10763987450814899,0.7340081675722133,0.058874481969792676,0.15532215134156704,0.04074940476971569,0.12444704330003736,0.42819759249687195
5671,0.10704528485766689,0.7318892974440241,0.055559681070952514,0.152178197695677,0.04478968907256411,0.12202763243637296,0.4406604766845703
5672,0.10040753454160391,0.6955737988132287,0.05637373456476019,0.14768802945739856,0.04296899359615484,0.10929582481755154,0.3653501272201538
5673,0.10602152615284172,0.729874346299938,0.05831266792898557,0.15425005055340738,0.04509195669931768,0.11713494057418031,0.24444608390331268
5674,0.10985727711891285,0.7986082949184174,0.05819390945523666,0.16396739309283395,0.045218674679461265,0.11906970277625205,0.2149086445569992
5675,0.10597626261478837,0.6843459776430261,0.058266108859686194,0.14770609011444905,0.044197486324863436,0.12351909280626965,0.171402245759964
5676,0.10512768620251588,0.6055889475177667,0.058768841092448176,0.13688599915320798,0.04339730113540585,0.13135324930438153,0.29453155398368835
5677,0.10597854968263921,0.6360000917038844,0.05720157051776553,0.13988707354435392,0.043966748088250664,0.1305689176987288,0.26316070556640625
5678,0.09758714532016712,0.5435651323692983,0.0552006303685994,0.12496698779727065,0.04472687637936957,0.11988251847589938,0.32312771677970886
5679,0.0977868392660351,0.5264873053589681,0.05596635338856288,0.12318363224147791,0.0473353923888581,0.1197096614300525,0.35594671964645386
5680,0.1018329208870158,0.6097255402848388,0.05656071594802157,0.1355842622818526,0.04398196153988936,0.1229200865952692,0.2931481599807739
5681,0.1011047446715108,0.6196890942770908,0.053953904009759045,0.13477321690509217,0.04081226207814592,0.12440075373632137,0.34186503291130066
5682,0.1052014672689744,0.6867187999471442,0.05948642280353081,0.14909104810976131,0.040949836788619444,0.12301826070359644,0.3461856544017792
5683,0.1057609285108719,0.6955774618118664,0.05591771118831415,0.14729767556310733,0.0436749527525559,0.12374150362869238,0.3404472768306732
5684,0.10126873411038385,0.6872800315113942,0.05845193559003897,0.14828452072166115,0.04330213372410723,0.11085069616350827,0.27758005261421204
5685,0.10846025665176261,0.7507538253885685,0.061864356394316276,0.16027713767920945,0.046848588260801564,0.11703069559483753,0.2163027822971344
5686,0.10883686274272854,0.7573062667050793,0.0582772359302513,0.158138526040941,0.04499167358845781,0.12156244786677949,0.2268511950969696
5687,0.1049762470743595,0.6772851898112826,0.058280964674480275,0.14671013969402344,0.04485372260832389,0.12106629993993474,0.166206493973732
5688,0.09817674397779283,0.5101695115223608,0.061710117629485715,0.12577574532846786,0.043249859094955934,0.12208864206843448,0.2450922131538391
5689,0.10104306108638962,0.5477704787201713,0.05798436614936466,0.12795381080233703,0.04465671267671138,0.1268342099434041,0.2718883454799652
5690,0.09881484959804138,0.5567397001828888,0.05514864950098012,0.12680451388410993,0.04277227952078721,0.12336114216532876,0.2815927267074585
5691,0.10052719567300028,0.5660689168489523,0.05559886224145122,0.12852315575680853,0.04728356140142842,0.1226189105872934,0.39234811067581177
5692,0.10545801238958918,0.6668785283585575,0.05444682012142341,0.14193706415529972,0.04464994097953051,0.12674590457839383,0.4156350791454315
5693,0.1050400689564074,0.6818738358353791,0.05217368799779828,0.14213085197459555,0.0443672672337907,0.12567433532278238,0.38431477546691895
5694,0.10914556340242011,0.733912190207245,0.06026983318906887,0.15650445562023688,0.043624162530300874,0.1250377584749348,0.40296146273612976
5695,0.10750470937237915,0.7222493478551224,0.05786533093573076,0.1527773333527867,0.04335004932884434,0.12402649092761542,0.4299659729003906
5696,0.1011464987729337,0.694291598009504,0.059174085591923546,0.14990515879443506,0.04269381471503163,0.10962876980478432,0.34759557247161865
5697,0.10628670401598961,0.7195231704222433,0.05977911465673567,0.1540282654803796,0.04704055323789308,0.1163532196654828,0.24018742144107819
5698,0.10956925759223682,0.7681719851040626,0.058295770139090576,0.15970665799122943,0.046209362995497924,0.12113894001526476,0.20273347198963165
5699,0.10560431624121279,0.6432892454381355,0.057476824391578696,0.1411643131125154,0.04724193573472968,0.12555640192199571,0.2348448932170868
5700,0.10714701463714257,0.6315971784466301,0.06022050857110819,0.14184574712475417,0.043613061697687035,0.13237783253250604,0.22841757535934448
5701,0.1072507230671183,0.643169389075424,0.058555302303516764,0.14207160041378922,0.04617840970876592,0.13022072957733954,0.39358872175216675
5702,0.09849137189309067,0.5456352782423096,0.0584160364562678,0.1280187852828452,0.043264843599186795,0.12097809743422136,0.3748511075973511
5703,0.10084305446739349,0.5551595116297219,0.05990350760935644,0.13065436532655153,0.045386116389967576,0.12328297828337784,0.33143043518066406
5704,0.10354226035858383,0.6173751783413,0.05953396854816003,0.13922556994718002,0.04476395768211655,0.12375037931047099,0.3315418064594269
5705,0.10378685166131495,0.6143403735526594,0.05736776368336712,0.13693527937898028,0.04359822239519268,0.12744702801621477,0.33511126041412354
5706,0.10616192405573871,0.6853584826973553,0.05878178744185284,0.14829274390692462,0.04331632294751792,0.1242873576556442,0.3588026762008667
5707,0.10762598306293064,0.7034640464172044,0.057050967067240804,0.14939569268866418,0.04411544615801871,0.1266492069322117,0.3958730697631836
5708,0.10394400000445327,0.7022019140209943,0.059804643153951266,0.1515756818492431,0.04657711834046811,0.11246229984624916,0.30727946758270264
5709,0.10960197689696001,0.7556424726803906,0.06104404871006658,0.16027239499154147,0.04824301215580703,0.11895445521271014,0.25485730171203613
5710,0.11112641535604918,0.7545072703304729,0.060037548626966815,0.15924750887032485,0.04806882040406018,0.12419585411404842,0.2377486526966095
5711,0.10684767734683427,0.6834423664403135,0.05807095015677233,0.14740972391156393,0.0472678234099291,0.12348825879748787,0.17012685537338257
5712,0.1011981531772391,0.557283641479609,0.060170362431896975,0.1311865451529987,0.043656634669298845,0.12530713889289713,0.20634415745735168
5713,0.103140028101685,0.5755113690731648,0.057076296181223125,0.13113844945150052,0.04492112800567121,0.1295829470046085,0.2722035050392151
5714,0.09892036699747693,0.5598193037009782,0.05540297813018985,0.12746245321173102,0.04269433737730336,0.12314381747765643,0.28703877329826355
5715,0.09890378869474943,0.5478591900169605,0.054308988835198725,0.12481616043259325,0.045585631913053475,0.12288385060812007,0.38877150416374207
5716,0.10334082383872296,0.6366398436372139,0.05406679989957982,0.13729152043352755,0.04379973333903102,0.1257324185054994,0.4087444245815277
5717,0.10380211384059286,0.6463803645949131,0.05226420380179647,0.13713794105795601,0.044687633142387946,0.12635843563632942,0.35064494609832764
5718,0.10768370398733267,0.7267058558795307,0.05756856497334465,0.15315960653137126,0.042861777744714405,0.12461147472358983,0.3683524429798126
5719,0.10838184005080352,0.7342631040793686,0.05685575630311734,0.15362823455686753,0.0439050660190381,0.12520842213579225,0.3760530948638916
5720,0.10065061087527556,0.6842769333632832,0.060105707916936424,0.1492730258378431,0.04489745066924194,0.10689001296330838,0.3452218770980835
5721,0.10673513964165693,0.7278246824722867,0.059346208705383686,0.154843133529227,0.04763486692387107,0.11635338361809573,0.24662481248378754
5722,0.11046005105758962,0.7858692792989501,0.05894123896804976,0.1627881018724641,0.04705426638665146,0.12015306818164531,0.2457299530506134
5723,0.10603520806882968,0.6753576834326915,0.056430244706777655,0.14484845023905107,0.046470683089607015,0.12419258052670579,0.21505606174468994
5724,0.10440461836302034,0.6299611959390508,0.05774539524464283,0.13949050962955825,0.042946304785634326,0.12748048788501243,0.29568248987197876
5725,0.10493824556001868,0.6267138988070492,0.05732163797447787,0.13866338952198806,0.044448010208267885,0.1283577005260774,0.2967590093612671
5726,0.098812469422045,0.553894054984059,0.05771675051994233,0.1285992225862447,0.04207878168521421,0.12239103717309718,0.34627869725227356
5727,0.09985811927700082,0.5451889020008333,0.05755068063052688,0.1272132836834278,0.046314814425060136,0.12277274216682534,0.3975612223148346
5728,0.10119857655212901,0.5825017636497491,0.054922191944689204,0.1302907021882692,0.04478891009903009,0.1251014247669679,0.3994683027267456
5729,0.10193235832662317,0.6116671074137506,0.05212465920135737,0.1320592946602707,0.04380078463427585,0.12643641601548555,0.443278968334198
5730,0.10504381541398487,0.700678394602541,0.05652891232091906,0.14855026693257933,0.043171055082968986,0.1211143356248536,0.39547136425971985
5731,0.10646491149803873,0.7038396172321411,0.05850408028013119,0.15069487127327547,0.04241599732138003,0.123806496599283,0.3403335213661194
5732,0.10127062413857345,0.6770243532767204,0.06291689277239314,0.150646529987297,0.0439627334643508,0.10821111086088513,0.3054993748664856
5733,0.10892907185946958,0.764193766653354,0.06177534667193519,0.1621208352407093,0.04775885330412948,0.11591022013680738,0.223568394780159
5734,0.11060345168558496,0.7815080449050865,0.06300078518425721,0.16564467943009,0.046989731980195217,0.1181043821513591,0.19523575901985168
5735,0.10631721322275309,0.6943685458682806,0.0592907400259986,0.15001614086061035,0.04728186272248913,0.119736583227359,0.15481670200824738
5736,0.10442571613116351,0.6258266859623943,0.060959991915020904,0.14165523392178853,0.04406986716953185,0.12466125590579434,0.1716897040605545
5737,0.1030561594579623,0.5879886566213768,0.05805576441124555,0.13376046329840716,0.04364135111392504,0.12817785089860562,0.2518864870071411
5738,0.09756518285711156,0.5420443509148904,0.05632941868445557,0.12571726614594628,0.0399145019409491,0.12337645578102334,0.23681436479091644
5739,0.09931267742665559,0.5579086986401156,0.053231681686065846,0.12532839839378723,0.046376961370749474,0.12286767312933324,0.3168250024318695
5740,0.104161929548443,0.642697233549348,0.053328095110278896,0.1375236863158602,0.045142826750548516,0.1266121073251106,0.3490133285522461
5741,0.10458913130838701,0.6652269334590619,0.04993565313930857,0.1378344074707019,0.04559300199212558,0.12712112781809026,0.27589941024780273
5742,0.10820493915387332,0.7200548194844698,0.05654097568516762,0.15132866765649652,0.04511945134240358,0.12567147854911406,0.3099759817123413
5743,0.10890950224925042,0.7305099452904786,0.05721289846196239,0.15339819086603615,0.04434480090076968,0.12647601338948353,0.35799965262413025
5744,0.10327723860775008,0.7045799235169704,0.0593266883943527,0.1515057219832981,0.043219731368237535,0.11362763448871911,0.3507980704307556
5745,0.10940558578547045,0.7401221260052429,0.05941367147454594,0.1566577364075026,0.048001934258909355,0.12178814907693321,0.2378402203321457
5746,0.11131429362958119,0.7953149404117298,0.05914308279985705,0.1643104910301246,0.048669314985251365,0.11975697721789427,0.13317067921161652
5747,0.10642639371770027,0.6990336503537407,0.056248406522720895,0.1480748699271523,0.047322224068920664,0.12170012547711193,0.1288953572511673
5748,0.10565681754523239,0.6347650829440137,0.05727885787500956,0.13977689002772445,0.04482487045668868,0.1290297078255276,0.16904312372207642
5749,0.10706335308035554,0.6570409746578003,0.05808478473693927,0.14364995472563372,0.04512479402126823,0.12924631581743856,0.2605324387550354
5750,0.0994297255356964,0.5629503551146529,0.05824314562229371,0.1303441755497736,0.04197587994374293,0.12265169666633813,0.20997442305088043
5751,0.10273383400223836,0.5673085575716303,0.05759562704033061,0.13041175997337343,0.04920998593248154,0.12534901583853242,0.2666480839252472
5752,0.10312532770360132,0.590186358825172,0.054940386943685894,0.13140409721246962,0.04913972628032199,0.12561880562871097,0.24117016792297363
5753,0.10409835593230078,0.6230747777591761,0.052348261325547187,0.1338806208160656,0.04777453975455469,0.12732221331453436,0.28010091185569763
5754,0.1051820660230185,0.6700068109688094,0.05313780521157224,0.14126194889117755,0.049248746146052014,0.12255382340572502,0.34497880935668945
5755,0.10847193659284983,0.7209113118506403,0.055357115122435276,0.15043628608360743,0.04929656794840561,0.12353157835232559,0.281913161277771
5756,0.10183229689609002,0.6864231643370222,0.05815490363022526,0.14790751230262483,0.04807668764709329,0.1085526415082442,0.27199995517730713
5757,0.10826463050555596,0.7457009644677964,0.057611480880624476,0.15590997853593475,0.05100699755524969,0.11667537981049249,0.18824706971645355
5758,0.11154197164282205,0.7805886134972674,0.05817310965198084,0.1613753244870218,0.053203963476169305,0.11898354504996844,0.18296651542186737
5759,0.1079584487546475,0.6857821221156983,0.05585722524251684,0.14584649622439994,0.05253963280277466,0.1232978711765029,0.14802540838718414
5760,0.10376645136945967,0.5916582532154059,0.058166987903297405,0.13438002580502717,0.0494576952550777,0.12449973533842232,0.1613757312297821
5761,0.1034884959521584,0.5869313319074985,0.05615615594869058,0.13198118108566315,0.048105916737855095,0.12701715327285712,0.25277382135391235
5762,0.09828276681208038,0.5464367148118296,0.05193412777867417,0.12257735449769638,0.045019027306027325,0.1236307746549628,0.21881480515003204
5763,0.09923778664831205,0.5498168057747992,0.04980225634876009,0.12123290626676567,0.04974148494328488,0.12330132097406385,0.29678893089294434
5764,0.1047891973485992,0.6415820181615188,0.049254426316115124,0.13387265372260135,0.049949704754713324,0.1273257290409975,0.35371503233909607
5765,0.105306883288939,0.6661451941383326,0.04706458450700148,0.13550467159719165,0.05056026167562376,0.12678711243086876,0.28188788890838623
5766,0.10836259232795274,0.7167321199277866,0.05225119125264422,0.147177038206236,0.0503056098647202,0.12519981183978335,0.3170122802257538
5767,0.10879690261872083,0.7335080576001851,0.05498862528853058,0.15191997276162406,0.04954592270631107,0.12290882366703906,0.3427230417728424
5768,0.10217584134791524,0.699899634379294,0.054381065684802,0.14659800406972945,0.047911017927758856,0.1107881694589647,0.30646979808807373
5769,0.10680851434269477,0.7205075292969824,0.05356116551832018,0.1488392174867005,0.05054252329815871,0.11926439125565881,0.21019917726516724
5770,0.11011195370028413,0.77675768711377,0.05321486982706678,0.15657812943945298,0.05212590553862081,0.12019184206996678,0.17311598360538483
5771,0.10770201212892577,0.6742719385638304,0.05214233169328738,0.14101798981765068,0.05275311106551854,0.1266308200817728,0.16611731052398682
5772,0.10605922446121975,0.6055170983430754,0.05259998268074592,0.13158814206107872,0.049192832466326455,0.1334795145568748,0.22072237730026245
5773,0.10799444294823775,0.6441518912561659,0.05483906026642928,0.13902660755067736,0.049161499186900263,0.13232012471227333,0.2610606849193573
5774,0.10160843313009454,0.5562239961310068,0.053544484651339014,0.1253558434341487,0.05166982263714231,0.12452573329538033,0.23610299825668335
5775,0.1040458840431932,0.5525656759880037,0.05737209370785617,0.1281140340335915,0.05478067599404392,0.12609330984460027,0.2246919572353363
5776,0.10607687518195363,0.5885382634348328,0.05703342477694421,0.13296268744235687,0.05320929416493963,0.128810922843988,0.3184870779514313
5777,0.10590156143877251,0.645240105311923,0.05327948304396201,0.1378452862250993,0.04896792056816673,0.12776773801251662,0.28248488903045654
5778,0.10632916686938308,0.6894387887317799,0.051193328518134025,0.14237125140579773,0.04567587825109425,0.12786397044102293,0.40515846014022827
5779,0.109202437331923,0.7337433139743894,0.05036654250052847,0.14799179556822287,0.045901014333982304,0.1306504939983587,0.3293994665145874
5780,0.10054269010926785,0.6950441932963918,0.05101557332446566,0.1430196618918837,0.042784987025551946,0.11391332999773035,0.2575984597206116
5781,0.10572191920372073,0.7598535605088967,0.05201466561453349,0.15313450774229967,0.0423240179975366,0.11970906778787525,0.22925935685634613
5782,0.10429359833862482,0.7872159886387108,0.04905260744111218,0.15450451904076914,0.037517563972431826,0.11878807279466737,0.17217394709587097
5783,0.10164696618858947,0.7213223669606006,0.04792775010783042,0.1441269810867976,0.03593789341509858,0.12197239182946187,0.17688578367233276
5784,0.09591684157553514,0.5697684626254366,0.04613607304775843,0.12094070013028389,0.03335120275570228,0.12876589930748372,0.29978445172309875
5785,0.09635456428977789,0.5747279747073688,0.04500201160512766,0.1206771491911621,0.035612729040397625,0.1282214083442744,0.2834143340587616
5786,0.09417397934143296,0.5594480217005158,0.04653508796899098,0.11980836421635167,0.03499062077991027,0.12352933131721144,0.270976722240448
5787,0.09315131338466517,0.5485956225432974,0.04750759183735485,0.11909159622391807,0.03613916882199865,0.12033919239265206,0.3187260031700134
5788,0.09560514369287822,0.6144075198466664,0.0445079392167759,0.12592216502104595,0.03226168095718077,0.12450327992446675,0.3317551016807556
5789,0.0973220100649241,0.6474053451492146,0.04422486099835552,0.13039350159133536,0.032192986363889,0.12537235071771993,0.26500529050827026
5790,0.09844030068649366,0.7246635451244314,0.04528324987681965,0.14233757776933562,0.0323913188112539,0.11782304237984177,0.3068753480911255
5791,0.09983644883917742,0.7270806920522338,0.042429411202500156,0.14023673703817638,0.032601098314618986,0.1233171283740419,0.38111457228660583
5792,0.09423978203258479,0.7139717332164623,0.04547677092638402,0.14097605125353804,0.031481221512670944,0.10825928691917533,0.3305802643299103
5793,0.09822087954198144,0.74600725452181,0.0465157352797508,0.14644309517147353,0.03276164102776984,0.11330327456611097,0.2517964243888855
5794,0.09842238046415665,0.7971779160060068,0.04479574534709054,0.15227891258407858,0.03334690152947751,0.10823895892706921,0.16098274290561676
5795,0.0951519157381429,0.7143620138282049,0.04318958512323993,0.13907136065252063,0.03034678020062943,0.11342689503338665,0.13344706594944
5796,0.09323902441912146,0.63485741741327,0.0446429663630623,0.12895931651309195,0.028791107700007288,0.1183756959661222,0.16334351897239685
5797,0.0965640041085988,0.6480354589770854,0.04395426663974891,0.130251579830797,0.031088490894530998,0.12437844941398474,0.2096751183271408
5798,0.09343516137008188,0.5939180098779959,0.0469138700056038,0.12505731855880267,0.029746050225569646,0.12149374608139937,0.23091678321361542
5799,0.09288731845187509,0.5963163872570842,0.04806287837726595,0.12638480821724,0.031324733624333544,0.11744427663127964,0.2705766260623932
5800,0.09516069178152273,0.608562452838149,0.04538877313335459,0.1258421559483252,0.03263238670853946,0.12302667757443086,0.3200494647026062
5801,0.09632201924556134,0.6412477772024987,0.04542799349967281,0.13054510545721937,0.0314648443833908,0.12312684681475979,0.2951568067073822
5802,0.09656279885119569,0.6921874379880972,0.04642138720453435,0.13867368017361476,0.03184269575566913,0.11634586790266474,0.31911781430244446
5803,0.09942510703207902,0.7076251012495582,0.04550046110866979,0.140089695414511,0.03244119670508388,0.12245451373357177,0.2932662069797516
5804,0.0933215463727676,0.668274020093796,0.050956388671217434,0.1391446217315858,0.03208359751145225,0.1068095606874526,0.2649259567260742
