window,spectral_l1,dc_l1,non_dc_low_l1,low_band_l1,mid_band_l1,high_band_l1,prediction_mse
0,0.1556233235565401,0.5109283164236548,0.14762829049592088,0.19952829419988288,0.08389959281514803,0.17996473864233326,21.15866470336914
1,0.16681667611630463,0.4420221887518282,0.1546805454272806,0.19572935161650168,0.08877108775466398,0.20980797487006775,23.527097702026367
2,0.16883168227069967,0.43335817866391607,0.14818778482081724,0.18892641251268852,0.0896553176087235,0.2205281123881886,25.703336715698242
3,0.14700025689015606,0.43695214000175,0.13209176827639788,0.17564324995144817,0.09653521018865523,0.16609455382533872,22.576570510864258
4,0.13535236988260738,0.4502912240792474,0.11358185006009443,0.16168318920568772,0.09859566778371254,0.14447501731144508,19.59912109375
5,0.13965777875774532,0.47803380317697247,0.13058365862433022,0.18021939356042196,0.08943872668258702,0.14810803637116676,20.524259567260742
6,0.16288326995087407,0.5437018484433971,0.14366223762913602,0.20081075345974472,0.09947879905733566,0.18517563391245834,22.346694946289062
7,0.17308107267692155,0.4628849100867783,0.16100412143666157,0.20412994838667825,0.10043739803305408,0.20947652174426845,24.11675453186035
8,0.16946824472893285,0.44875928768005435,0.14499314768573238,0.18838831054206406,0.09580796268676507,0.21736593392933978,24.291868209838867
9,0.1436837243694713,0.44879739148002584,0.13441156154609457,0.17932382296522761,0.08831546195797121,0.1609458677082471,22.0955753326416
10,0.12913484737753622,0.43473392067787797,0.11878233937967814,0.16391827956513524,0.08049353651295428,0.1412604912198962,19.926738739013672
11,0.13871724949455733,0.46302959370438357,0.1365396049899432,0.18318103194914898,0.07391765960469132,0.15651108100042246,20.106882095336914
12,0.16913015157656494,0.5317604808667254,0.14813497649525983,0.2029386199768978,0.10109229363374712,0.1990808674262393,22.308103561401367
13,0.1816056067970614,0.4263066682155089,0.15873737763315574,0.1969615620020633,0.10998405455582949,0.23083800420376255,25.957439422607422
14,0.18077474909445765,0.42020231242543593,0.16136334568512664,0.19834034093374228,0.097667388739759,0.23812379654544497,28.67635154724121
15,0.15880099089292798,0.4176926136040503,0.14095131300744482,0.1804857845212456,0.10384430082564367,0.18791390027702382,24.86748504638672
16,0.14709655094997773,0.44591713273579225,0.11919047049103515,0.16586570795457187,0.10526954849565717,0.16727216571848838,20.548368453979492
17,0.1457852276569279,0.477015384334334,0.13035877680068508,0.1798811493054921,0.09724299141516253,0.15842575292597888,19.894315719604492
18,0.16598490566259358,0.5484663696849419,0.1417722484144386,0.19987140859593908,0.1141517380629452,0.18168823724560867,20.975536346435547
19,0.1748662046229755,0.4623055819250429,0.1510396231561343,0.19550618869454986,0.1092259106013316,0.21424147582928632,23.357341766357422
20,0.16962913019608009,0.4337355927956883,0.1405730257977813,0.18245339251176798,0.09315334508367126,0.2253242126432109,25.253173828125
21,0.15079812926390213,0.4031640584209556,0.13910242680177196,0.1768255170330839,0.09717123723591392,0.17494769549035774,26.182710647583008
22,0.13509522141885696,0.44238668292040717,0.12052259696626634,0.16650318067400072,0.08757470374907907,0.14919371003166176,23.052345275878906
23,0.136509578026547,0.46600018921194175,0.13849285778565099,0.18527961941797821,0.07660741679447088,0.14625018288711128,21.83326530456543
24,0.15667273082412328,0.5341685711957027,0.1501930010242091,0.20504665390585106,0.0882551487481656,0.17421093244407448,22.734636306762695
25,0.1729933802631731,0.47402705710479975,0.1614795786366717,0.20612921841783288,0.10211313103306636,0.20601973995418926,25.925973892211914
26,0.1781808851119452,0.42289053273010646,0.1694683078532906,0.20567148283569286,0.09893252452132206,0.22346892762046122,27.38414764404297
27,0.15268092802905625,0.3951530173400877,0.14427839722360747,0.18011762866881892,0.10685732626809455,0.16876946651010544,24.684513092041016
28,0.13801596197643662,0.42114032682841085,0.11843577912102297,0.16167928593636408,0.1052125891845033,0.14601350470444174,23.129314422607422
29,0.14063464923483956,0.4573421928669973,0.1281422186824403,0.1751707864230913,0.10105669024475274,0.14504624331144522,24.145017623901367
30,0.17037624940031534,0.5598320815787328,0.15339572795599868,0.21145806418781785,0.12274739915850633,0.17610490542283358,26.095806121826172
31,0.18347266687804523,0.5190978673692052,0.15780989904708542,0.20942246595024536,0.12980548917888302,0.20772537317663708,27.760812759399414
32,0.18084821481601565,0.5163072262573751,0.1461213359044923,0.19900503452633275,0.10731814270284049,0.22929981066851646,26.936477661132812
33,0.15356318391693125,0.48460275800932917,0.14728822572745703,0.19547601605343878,0.10046939594844209,0.16334652026991509,23.955894470214844
34,0.15506682805395963,0.5495092773824302,0.1668374629357027,0.22150486499952088,0.1046566603515972,0.14104244246616063,20.864246368408203
35,0.15849720298220982,0.5617086502804729,0.183077009664099,0.2371672440378667,0.09584099062597826,0.14448510287021266,20.113933563232422
36,0.16245160634930766,0.6080499759325848,0.1517755842899378,0.21695764023888736,0.09929312414937796,0.17002249862086394,20.783672332763672
37,0.18552718181047245,0.533497631970951,0.1609725345297838,0.21419040559280772,0.10734821946415032,0.22885345305396093,24.710237503051758
38,0.1804090307446309,0.45814319048261787,0.1601775619372128,0.20274408030084207,0.10102104444356443,0.23033035039637928,24.12079429626465
39,0.16078583762220908,0.4815229857062045,0.1398233759375869,0.18863760590453227,0.11068473177785002,0.18025400798899052,23.222068786621094
40,0.1589071456540732,0.5406307460914371,0.14370759308665024,0.20041090065876263,0.1136621095621537,0.1621807666053996,21.030881881713867
41,0.1588605078275209,0.6062439757233764,0.15126791263142195,0.2162644930731297,0.11290399414541574,0.1488439702094551,21.592313766479492
42,0.18021823742383417,0.6766222345826574,0.16730479313355762,0.24006442762628616,0.12587085297354486,0.17540678239069185,22.16511344909668
43,0.1985223587592599,0.6728528864141842,0.17833458326622229,0.24898005514450253,0.12161947897233057,0.22166189423573573,23.559768676757812
44,0.18578485400157874,0.6411353079574197,0.1684399280914968,0.23596783950091435,0.1071964651730195,0.21063958191464938,23.63653564453125
45,0.1608473531502103,0.562430161286012,0.16474826562321496,0.2215599650036145,0.09933233986799624,0.1615494544004189,24.7045955657959
46,0.15457587145169646,0.6071923037329108,0.16215254229728882,0.22572965107380627,0.09577271285192057,0.14376907805715428,22.96725845336914
47,0.14298169930563775,0.519861215250327,0.15059881900577748,0.203350589897856,0.0860004251588735,0.14001753491586555,21.609174728393555
48,0.15635697073739388,0.5429521308206811,0.13510064275504033,0.19336514105013186,0.09310713846488726,0.1793184249521914,22.894811630249023
49,0.17297406097821702,0.531185073187179,0.14371792063925695,0.19907037100324582,0.09775488903580164,0.2159565651559303,25.280256271362305
50,0.16931072281825738,0.4277834649974836,0.14307771472982625,0.183749964768063,0.1039158239115215,0.21389692265557136,23.553144454956055
51,0.14851338615774254,0.4077800819186749,0.1341165585775382,0.173211347626272,0.10300567575973951,0.16672191647103188,23.63373374938965
52,0.15136264376914335,0.4955335331569112,0.13413321321848495,0.18576183035254584,0.11150364412059835,0.15613998020114303,22.36084747314453
53,0.14595780602661115,0.5096186824653508,0.1300938820357409,0.18431171066854232,0.10183146229016514,0.1510086902343117,22.830366134643555
54,0.16214549007038948,0.5700008487334315,0.12720443538882023,0.19046106586662184,0.1052948793418428,0.1871136456361646,25.533628463745117
55,0.17859460708437602,0.5624592958744464,0.15024954765631351,0.20913665454461824,0.11052482938520959,0.21143137104343468,26.216928482055664
56,0.17114210006188063,0.48184355767283193,0.1471091372170246,0.19492834013928279,0.09832822886173408,0.214041277294282,22.857250213623047
57,0.14904568086713005,0.45191627292421066,0.1469800204215358,0.19054234220763222,0.0884351630640853,0.16577030527185474,22.06843376159668
58,0.15129410048935898,0.5448358838185947,0.15218257691135126,0.20827590646952893,0.09465044289777372,0.15099822064934745,18.899290084838867
59,0.1423784980699128,0.5134478712928044,0.1476993163756151,0.1999491099352136,0.08199020402407628,0.1448439699778816,17.856781005859375
60,0.1589865093383044,0.5702139461447083,0.13537487709398846,0.19749474410123416,0.08947350161777325,0.18611568567620568,19.458011627197266
61,0.18095486241638808,0.5408965380618987,0.14989999600297563,0.2057566448685361,0.10009807854951816,0.23000298865426982,20.947988510131836
62,0.17119036512400265,0.4178949147639468,0.14355248917033922,0.18274426425514026,0.09947582932555668,0.22383092220789746,18.999868392944336
63,0.15507985180319903,0.4247127413535483,0.13334724994549615,0.17497089157521792,0.10991398994125443,0.1771953211318841,17.883501052856445
64,0.1581287448466443,0.4660642678346305,0.13997430388634816,0.1865585844503885,0.126518926548491,0.16091122620425224,16.14366912841797
65,0.15161286529762194,0.5209784178733756,0.1384983044802681,0.19313832067928344,0.11058497397347565,0.15117749674729608,17.592777252197266
66,0.16376238052597725,0.594713001496086,0.13083681549592815,0.19710484206737927,0.11385117673735642,0.17826002999229368,18.195940017700195
67,0.18070323327844826,0.5931809501572456,0.15334183147467698,0.2161759912864725,0.11791130233054578,0.2046075096008417,18.959436416625977
68,0.16712037771508517,0.49104540402462654,0.1448614639076899,0.19431631249582368,0.10129536499511636,0.20092082091191166,17.912206649780273
69,0.1516119879397313,0.43328119682602,0.14192720682238688,0.18354920539433445,0.09538160927628336,0.1728685039974705,19.44395637512207
70,0.15221820050285895,0.5060004614843024,0.14814340435232104,0.19926584108546122,0.09936753558460767,0.15729584679655179,18.353858947753906
71,0.14611414030747633,0.5000206670894813,0.14305158092625347,0.19404716466385746,0.0881952563037952,0.15485176749886387,18.902416229248047
72,0.16159279764036957,0.5595649820435591,0.13538421823289315,0.19598147020584542,0.09780519343025033,0.18731686282943255,20.064990997314453
73,0.1722412234257237,0.5195076284239801,0.14987093144883387,0.20267617387385475,0.10089133435473327,0.20804179472072565,20.83016586303711
74,0.16592457736587488,0.42768398427510534,0.13819672264198446,0.1795520457324303,0.09653825859627584,0.2147135714685381,18.50424575805664
75,0.1483146502033996,0.4044635515431155,0.11957420267045445,0.16027268108083462,0.10696342710657632,0.1740336933953644,17.57390022277832
76,0.15818547061385865,0.45921661671507774,0.1283744541671766,0.1756376202454482,0.12351506087680374,0.17325144820614088,17.2059383392334
77,0.1547159795828762,0.5377287390090253,0.12869696191598912,0.18713007292927994,0.10878124347152925,0.16654654200220137,18.767988204956055
78,0.17643528763271707,0.600149773747938,0.13281443231802464,0.19957662395086942,0.12910080309163305,0.19760429232778226,21.098716735839844
79,0.18721782604229995,0.6130001967540398,0.14353026774833508,0.2105974004634358,0.1284154092604606,0.2182128131079156,21.222740173339844
80,0.17002775451637853,0.4879910975628954,0.13354781260691637,0.18418256760062765,0.10831685962980364,0.21163932609341357,18.10118293762207
81,0.14322946638790007,0.3916196434692446,0.11766947570995079,0.1568052139612785,0.10193547587577396,0.16748292895930428,16.629640579223633
82,0.14950942486481694,0.453754391208236,0.13251575600232482,0.17840698960316928,0.10978064642925643,0.15898673684987402,15.516769409179688
83,0.15358836250867167,0.5129601716277276,0.13608206865741582,0.18992179765317463,0.11416308080010307,0.1562937282522291,16.373003005981445
84,0.16836097066112898,0.5810243898648542,0.1353849571798809,0.19904773327773423,0.1122415873003808,0.190614513812254,17.788497924804688
85,0.17868805603706078,0.5586408349398284,0.1376512215540744,0.1977925948948964,0.1129661367100783,0.21947826394756434,18.983306884765625
86,0.17335418613419895,0.45111471511246937,0.13584997554033926,0.180887795479215,0.11495188319240547,0.21786429303137922,16.836692810058594
87,0.14930699772167946,0.40363099843362216,0.11316122483301676,0.15465690677596042,0.11230812813652195,0.1769998381861965,16.382150650024414
88,0.15546006879802687,0.45721604910778774,0.12808251441172103,0.17510159079687343,0.1148065596631357,0.17384555754206588,16.46516990661621
89,0.15443101879957494,0.5654118071727106,0.12694858593583505,0.1895861889696744,0.11386431435171684,0.1591661112926138,17.439632415771484
90,0.1607632069281939,0.5971967732773311,0.13087417678405192,0.19749169056880614,0.10840616563691098,0.1744381948725308,18.371315002441406
91,0.17390503805919236,0.6113323441126806,0.14499022458223457,0.2116105273722983,0.11498739063690318,0.1924656764047277,17.724342346191406
92,0.1663077257325463,0.5115954123820534,0.13718912497332425,0.19067573746028557,0.1057406478264045,0.19798190863864848,16.57980728149414
93,0.1448384083265163,0.36681537145952603,0.11469834405592134,0.15071506225643633,0.10675719044529533,0.17301740178390462,17.472572326660156
94,0.14735138151046423,0.3995156540798872,0.1269809834313588,0.16591450780972,0.10843516540219941,0.16516033509334718,18.66160774230957
95,0.14728031029766767,0.4608406316221155,0.1270841375599057,0.17476363671164993,0.10889350510732074,0.15682085422698677,19.267152786254883
96,0.15788154488680248,0.5144959457092602,0.13102257109119597,0.18580448175091943,0.10583072258691457,0.17899344464310202,20.199180603027344
97,0.16982675504410097,0.5150969238350975,0.13958725401641983,0.1932314925619452,0.11289019138504096,0.1991671029176648,19.956031799316406
98,0.16425116148437166,0.44727673569262394,0.1363327544672671,0.1807533232137466,0.11229654133655534,0.1952720626005079,17.88310432434082
99,0.1462151492213038,0.376384947564933,0.11494124781065769,0.15229034777555417,0.1099992705545627,0.17258824431973324,16.98580551147461
100,0.1530922967267448,0.43397510059387356,0.1280459687384191,0.17175013043205548,0.11393096173604549,0.1710328603514599,17.229814529418945
101,0.15399352516504122,0.5279184530078329,0.13049095094452037,0.18726630838213643,0.10531895432849685,0.16747008933205917,18.669475555419922
102,0.1588096939497664,0.5575059618959775,0.12822176985031777,0.18954808299969775,0.10430178099223067,0.17960802736892023,20.79283332824707
103,0.16844073993035058,0.5679128652286471,0.13831113016064442,0.1996828065989305,0.10586073020342882,0.1958614401063997,20.581138610839844
104,0.16446306754688858,0.521347089070717,0.13510859674680178,0.19028552422164682,0.10613252793660345,0.19290764011547468,16.95099449157715
105,0.13934440325637715,0.3736140279139054,0.11715844251585499,0.1537949547155765,0.0914887131666448,0.16857389955809357,15.37173080444336
106,0.14280258051162112,0.38218525262677394,0.12963119267785195,0.16571034409912652,0.09871585596557116,0.1613341713503476,15.256488800048828
107,0.14866559536477955,0.4418388209733438,0.12655365604757235,0.17159439389411113,0.10125739276164558,0.17008507392935673,16.020639419555664
108,0.15452034774626364,0.4933208887684779,0.12387377894182378,0.17665193748848868,0.10004235125118457,0.18282345365501093,17.035356521606445
109,0.1617698815038939,0.4764998352603528,0.1373012602161778,0.18575819950820277,0.09831779387236057,0.19630067992771527,17.981563568115234
110,0.15216512907669494,0.4242712152784611,0.129980668062649,0.17202217480776502,0.09165802186922047,0.18773393286854878,16.189502716064453
111,0.14127146514643557,0.39176624362237755,0.12303851079992013,0.1614281869174141,0.09029165946873889,0.168241663564814,15.563081741333008
112,0.1514284933196364,0.4494294775707014,0.13216216411705403,0.17748606603900366,0.10726761581533038,0.16726888500645776,16.747220993041992
113,0.15516335533646058,0.530334581926607,0.1305410163188232,0.18765438283422084,0.10799696249337505,0.16800430001362013,18.53155517578125
114,0.1542797240441671,0.5722467810691372,0.12234122812111636,0.1866134499708336,0.1087160093836471,0.16585596418628892,18.400005340576172
115,0.15669324129444567,0.5362888713102055,0.12980963345092045,0.1878780960022469,0.09728921959678351,0.18138501241057403,18.417064666748047
116,0.15421761933120856,0.4998401254688775,0.12776162361148904,0.1809156953054017,0.08968518700512831,0.18732268113910977,16.7760009765625
117,0.13880724300316807,0.40068087851662715,0.12423181302636073,0.16372453666782735,0.08918822853534025,0.16042124870594054,17.1435546875
118,0.1493068190660411,0.41920684529831254,0.13376671572342694,0.1745438770912677,0.10853164758061522,0.16290266834371536,18.40185546875
119,0.14675095151183795,0.41026344530610653,0.12463887284353237,0.1654423831953287,0.10786426664122642,0.16442179805056864,19.93845558166504
120,0.14405092152941357,0.450062419061218,0.11909790112018738,0.16637854654033463,0.09584283837215214,0.16669632240746132,19.85238265991211
121,0.15065987529641373,0.42622204345881537,0.1287162808067524,0.17121710404276141,0.094759526245152,0.1815851055632136,19.772092819213867
122,0.14352548450542624,0.4090661222771165,0.1266997364784566,0.16703779159255086,0.08394484741752763,0.1750852732561034,18.44406509399414
123,0.1375141385942698,0.38662863257332397,0.12876453326714662,0.16560226173945766,0.08837991777102801,0.15592947406256702,17.970035552978516
124,0.15318213491386704,0.46273782025264104,0.13407347741722844,0.18102552639371597,0.11511470255497831,0.16212817068302685,18.235523223876953
125,0.1584592291010949,0.49086494026636696,0.13335895152894692,0.18443123563429267,0.11728272061785812,0.17176316830737903,18.92583465576172
126,0.1524012743168802,0.5063234302057293,0.12377109993753893,0.17842143283299472,0.11246400152393951,0.16457874930910316,19.504375457763672
127,0.1558762708906312,0.5026603065483293,0.12104911089107658,0.17556499598496986,0.10385437203493655,0.1841677979318177,19.222190856933594
128,0.15081608038972147,0.49036547537202807,0.12312862155668751,0.1755910292445933,0.09646989868074864,0.17669090913705987,16.45395851135254
129,0.1371596836650801,0.3832384148525756,0.1225133408141541,0.1597597799625,0.09149865693229293,0.15733799779602642,15.518338203430176
130,0.1401178772547903,0.3967549498742055,0.12840754527906859,0.16674288879265958,0.09950141697342711,0.15236039490534745,14.705965042114258
131,0.1441990282354748,0.4266428847095039,0.12056517604741024,0.16429056299913794,0.10941120475873449,0.15705828085941734,14.682450294494629
132,0.1422149585020565,0.44012429758821536,0.11856203855595399,0.1644995041319913,0.10231220906520097,0.15763088683311216,15.33258056640625
133,0.14855830614120105,0.41954106904477295,0.12191717251480418,0.1644348720190854,0.09817972696759461,0.1787475677749578,16.25217056274414
134,0.14507687034167277,0.41499180032357963,0.12121537178071977,0.16318343300112834,0.09321918153052423,0.17460910572440416,15.333755493164062
135,0.1367035331310941,0.3763786914659348,0.11433656307012423,0.15177115284095427,0.09441291965431665,0.16052365267714672,14.317859649658203
136,0.14247458948179287,0.463165421975637,0.1173202860028289,0.16672673399894436,0.10179615745265629,0.1568475910547798,14.009193420410156
137,0.14172352936532182,0.4796981693931819,0.1153522693645684,0.1674016836543703,0.10485568517511437,0.1515145080288359,14.444912910461426
138,0.14057543141733764,0.46809977900980815,0.11344850719163217,0.16411297459422872,0.09947902723259129,0.15593943479921096,15.064203262329102
139,0.14608853417203657,0.429904845127029,0.11472696138382328,0.1597523733471384,0.09692185105353945,0.17715352262250747,14.30787181854248
140,0.1511945417101792,0.45017222547784463,0.12499561717789544,0.17144941836360253,0.09363455895402617,0.18383650955006775,13.815743446350098
141,0.13545230433263544,0.3850079770393763,0.11320947498383734,0.15203783242034288,0.09258305173479865,0.1584505632789986,14.79140567779541
142,0.140286410728482,0.421271650761591,0.11779123197305418,0.1611455775142737,0.1023958841126852,0.15518885057973641,15.745199203491211
143,0.14167875731697083,0.4135876513931025,0.11994239383681797,0.16189171634485858,0.10845977008184293,0.15305903199830598,17.20749282836914
144,0.14325960837856444,0.4379110630627105,0.11756011827003304,0.16332453895470125,0.10190883425359129,0.16188472148379623,17.68118667602539
145,0.1527410931282774,0.4273880442729306,0.12057466009160385,0.16440514354607913,0.10360393791111562,0.18553005982771748,16.753149032592773
146,0.15312270397127864,0.37363251837744216,0.12220716801016891,0.15812507520549365,0.10881221400066475,0.1875173078656277,15.516822814941406
147,0.14262984444114848,0.3885046430014779,0.11722007275784825,0.15597501136408104,0.10096963344806174,0.1674055080025334,15.133031845092773
148,0.1524503539831055,0.5309153266318765,0.13022972834417137,0.1874705280995578,0.10805954031998077,0.16064966358644392,15.30049991607666
149,0.1467960592220658,0.4936109843436605,0.12810603613367902,0.18032102873510497,0.1065107925268223,0.15271131925649456,15.947957992553711
150,0.14946549001006057,0.49965426882060837,0.12468603213783346,0.17825292309251559,0.10722954278551027,0.1612329398843939,17.345548629760742
151,0.15587862105190353,0.4791973807188603,0.12178496000173833,0.17284387724704148,0.1090310651985668,0.1820256332528275,16.424339294433594
152,0.15354200503952334,0.46328431734607745,0.12242987570670127,0.1711233673694693,0.09626823784821292,0.18827285929321724,14.1810302734375
153,0.1464202436415536,0.39034045072457646,0.12329469881410458,0.16144409194417197,0.10050114524821263,0.1734535874709358,13.658540725708008
154,0.14869580709730898,0.420824081218535,0.1275690248972715,0.1694626043717377,0.11008407726964133,0.16431012308139303,14.544448852539062
155,0.147645947417457,0.4272711716083112,0.12652890288462454,0.1694920841308655,0.11577150106254548,0.15642071835377228,14.691879272460938
156,0.1470629244749923,0.4646583207880504,0.12280802536206208,0.171643781851489,0.10456099881206136,0.16274385922562232,15.356512069702148
157,0.1569818313238143,0.49718236813351535,0.12289906577392985,0.17636810896815636,0.10684371148662088,0.18388969324255916,15.55688762664795
158,0.15501375993337427,0.43114359227583,0.12604694306390365,0.16963217866560742,0.09739639395582635,0.19263783877302465,14.546875
159,0.14830783532817848,0.3942021932875272,0.1270549519898984,0.16521884360384537,0.10020876612932159,0.17559738863596977,13.725990295410156
160,0.1571768330063797,0.4817133665998113,0.13647145327921986,0.18579172661073293,0.1174673128556025,0.16688463123450067,14.329988479614258
161,0.15161947430199474,0.4728884846571076,0.1347865706368654,0.18308684406832856,0.1161700203277751,0.15510379798389487,15.744037628173828
162,0.1458314395745764,0.4729426355700742,0.12884464868907802,0.17800150395779177,0.10112277582217508,0.1568027140226141,16.671525955200195
163,0.15013395289733136,0.4709866206752836,0.1207137710531921,0.17075274957063374,0.09953649957385702,0.1763652774662319,15.979105949401855
164,0.1528745414514198,0.4756200082019138,0.12489591173238368,0.1749993540851737,0.09623539738195944,0.18307458145766298,15.17458724975586
165,0.14791331721640943,0.40990997039173516,0.1226634547790959,0.16369867129518725,0.10229651881333841,0.17401583100016596,15.562172889709473
166,0.15283034994837805,0.47503967350855203,0.12136282684181739,0.17188809065135094,0.11433516530387403,0.16983811339721785,16.51127052307129
167,0.1516228273186228,0.4739518577719384,0.12665078636015137,0.1762652251332638,0.1179911830818076,0.1594884179380252,18.12353515625
168,0.14830334338403714,0.46682037192534154,0.12104206905965698,0.1704389694690405,0.10749312482705921,0.16464361179701484,19.504993438720703
169,0.1478516715259198,0.4426665514456163,0.11178349701387857,0.15905250478984106,0.09835682456213823,0.18135893351329752,19.115867614746094
170,0.15481872817070697,0.435755289779461,0.12320937513133386,0.16785879150963773,0.10537117086296177,0.1866752853934196,17.473369598388672
171,0.1511329957077374,0.41066258165066916,0.13006775854765143,0.17015273327665398,0.1018310279171046,0.17762994715173908,16.94390869140625
172,0.158044119411693,0.48758813599056816,0.12911964451397676,0.18032942901063267,0.11539418152873375,0.1758631691602101,17.198780059814453
173,0.15747993892372325,0.49564855632643473,0.13321776196943938,0.18499358973472443,0.11646595663556791,0.16929272896623312,18.742088317871094
174,0.1543962006564349,0.4983466520294548,0.1337973700550167,0.18587583890850784,0.11062364063504104,0.16515250720459068,19.89909553527832
175,0.1549681802789598,0.4896637395844249,0.1283987740054969,0.18000805480248663,0.1005728062893663,0.18065424231176824,19.343364715576172
176,0.1515492688692037,0.4229005702018502,0.11900425162219756,0.16241801141929077,0.10109996043696103,0.1861822640160899,16.554441452026367
177,0.14762036475067675,0.4139183461872283,0.12349439935906925,0.16498353462023482,0.10042520356137115,0.17372335715545587,14.891389846801758
178,0.15205097792100628,0.5000822416574909,0.12246865562325465,0.17641345362814556,0.11158560019423322,0.16614101718818586,13.853947639465332
179,0.15212754978424364,0.4854047955729715,0.13177497667309238,0.18229352223021797,0.11256354532658579,0.16035082779446674,15.197530746459961
180,0.15245074768143443,0.5070378421827486,0.12402482469548563,0.17874097005080894,0.11139469464820022,0.16537084951231168,17.21446990966797
181,0.15269941085393846,0.500346873076216,0.1162256260673319,0.17110008992574394,0.1048928693291543,0.17842954050029486,18.789234161376953
182,0.15788262655893484,0.5489011447852206,0.11626353810926066,0.17806891049154064,0.1108286120553746,0.18139189080851992,18.560863494873047
183,0.15019434386734326,0.4735838492961198,0.12443783150649823,0.17431583404787274,0.10420496668963565,0.16932874498987416,16.727811813354492
184,0.15454817410330787,0.5545630916767132,0.11991989617811853,0.18201178124934633,0.11722080261615031,0.1631789679017871,15.05372428894043
185,0.1568184306940792,0.5386341158760887,0.13427119097802853,0.19203732310632285,0.11635938856749974,0.161403561694123,14.557506561279297
186,0.15179342110605912,0.5277356947888225,0.1270056237927032,0.18425277679214885,0.10958391732512203,0.16032480068905064,14.132814407348633
187,0.14873105590847882,0.4692290538553905,0.11861150924403237,0.16869972990279786,0.09478005769656032,0.17846558959887843,14.334478378295898
188,0.15354370955522378,0.5149646756282307,0.1199492341798668,0.17638001152963304,0.09935809199802777,0.1809743606901622,13.8018798828125
189,0.1476828838915757,0.4895390865267695,0.11663339470580052,0.16990563639451037,0.10174174101811641,0.16843647546578472,14.416542053222656
190,0.14680332924422243,0.514566313411389,0.11702079258394565,0.173813009845009,0.10710298244495846,0.15790766216789018,14.95300006866455
191,0.14978059874517982,0.49906885659459577,0.13764368117438888,0.1892758490915613,0.1098758246778965,0.1501389320009689,15.817309379577637
192,0.14653896801606747,0.48918598425531545,0.12386596991190342,0.17605454338953372,0.10479812998989001,0.15723607283718988,16.45096778869629
193,0.14783430604323045,0.41686683876320074,0.12374495933924823,0.16561951354267004,0.09786644536561255,0.17599412757413646,17.02089500427246
194,0.1501683841870252,0.46353969283835555,0.13046502187349357,0.1780471177256167,0.09932710046794535,0.17026061559495242,16.04722023010254
195,0.14550095744629174,0.44644046074420696,0.12503876622439078,0.17095329401293594,0.1090569074660788,0.1551187066831643,15.045354843139648
196,0.14670880010494408,0.5004657206474763,0.12723299235973953,0.18055195354370193,0.10680795523799277,0.1520092801046134,14.192859649658203
197,0.149541955811449,0.5163447193056401,0.13586844199315282,0.19022219589493675,0.10550132179651205,0.15248230050146705,14.776239395141602
198,0.14462417248693848,0.5070120177860933,0.11929363633188132,0.1746819765396259,0.09832645515964782,0.1588340966022163,15.670320510864258
199,0.14554316531741493,0.4768928500972625,0.11468950853898534,0.16643284304731062,0.09172771483745716,0.1743532164737192,16.553667068481445
200,0.14848646254183262,0.4983728296557026,0.11713968832183348,0.17160156565524337,0.09652445749073238,0.17372750173731094,14.856452941894531
201,0.14766755923383715,0.5095237898955123,0.11963038008444732,0.1753294386288852,0.10284495559908984,0.16268319294357403,14.758460998535156
202,0.14313339255029456,0.507070079748826,0.12045586045694552,0.17568646321292844,0.09572793991709598,0.15612922677453872,15.001668930053711
203,0.1438124175116638,0.4952838481784112,0.1322584013552205,0.1841191794728192,0.09722603341747463,0.14930708687806835,15.85815715789795
204,0.15090897195403147,0.5154957270181479,0.12273657691027062,0.17884502692568163,0.1027225014878043,0.16862808551178626,16.369417190551758
205,0.16090333932073733,0.47556862043991593,0.12897345939823546,0.17848705383276126,0.10613516238642338,0.19343974394024105,18.169143676757812
206,0.1665476073622134,0.48906689426588945,0.14166919163920466,0.19129743487158818,0.11356491186081986,0.19125136685522987,16.7785587310791
207,0.1577348601132388,0.4296371028747218,0.13937930660150383,0.18084470606910638,0.11422263097157474,0.17558694540081074,16.413602828979492
208,0.16937888542794777,0.4930772796441578,0.14924866463547504,0.198367038208144,0.1358276349775913,0.17337159588933798,16.24178123474121
209,0.15981572419609333,0.49636494404096365,0.1368509961201004,0.18821013153736657,0.13687338663087978,0.1550451631420411,16.78550910949707
210,0.1533379540187184,0.4938991302651422,0.12270134223831486,0.17572959767071877,0.13220857033692832,0.15223347654478436,17.678590774536133
211,0.14747163891389378,0.4689991658702879,0.1141057754433462,0.16480483121862358,0.11008760137945825,0.16501612848988623,19.401023864746094
212,0.1488569984120359,0.4884004089219143,0.12443563431680572,0.1764306021175355,0.1041011421772039,0.16389146937520166,18.34077262878418
213,0.14946761118782018,0.4462711045060457,0.13577604064611057,0.180132478340387,0.11649244966492733,0.1514891187618555,18.918407440185547
214,0.15521693962139252,0.46688858343476863,0.15459403261413743,0.19920753987422762,0.1116247692219918,0.15486831349963748,18.98540687561035
215,0.1479063960835258,0.4544260101726366,0.14701450557036855,0.19093043479926397,0.10423797150601766,0.1484702337125745,18.504087448120117
216,0.14119246976032523,0.4730214548735401,0.12406028828233373,0.17391188350964892,0.09104872221553163,0.1564387618313614,18.322416305541992
217,0.14240230330275855,0.4680561678147654,0.12381825724188832,0.17299510160944218,0.07624481365092084,0.17352140822976833,19.834850311279297
218,0.14849504758089901,0.48076107842255833,0.13419324651626477,0.18370293678859242,0.0889482549919041,0.16979158803953787,19.308591842651367
219,0.14684221553660243,0.4095241190804612,0.14371135581827646,0.18168460771287429,0.10188865471901758,0.15568948809775127,17.974897384643555
220,0.16266410058422415,0.5095308178477358,0.16408420342289273,0.21343371976929884,0.11923533080726435,0.15624085735212362,17.15997314453125
221,0.15244087374599216,0.5136380180454015,0.13840112247131706,0.19200639326761484,0.1094818717881163,0.15541017087771367,16.5424747467041
222,0.1480609933382668,0.5034308289098518,0.1208660956508268,0.1755182004021161,0.10988648970743717,0.15743862783437465,17.21879768371582
223,0.13690996315109524,0.4402779213470969,0.10755675332933641,0.15508834876044508,0.09011533197217883,0.161949178024466,18.523345947265625
224,0.14193978707647217,0.4743202733141324,0.1237622712216409,0.17384198580628255,0.08969707387823973,0.1597377372363415,16.884286880493164
225,0.14628325082437676,0.4178466798478361,0.15044735654451774,0.1886472598735632,0.09851833865573181,0.15100904105390292,16.742769241333008
226,0.16768631284782068,0.5112760589660925,0.18277516603676514,0.22970386502666904,0.12383919644047299,0.15178718154775755,16.450925827026367
227,0.16071307283572714,0.4959480282033645,0.1475509674649109,0.19732197614183283,0.12970386310277005,0.1558133409592221,16.252525329589844
228,0.15214758021311342,0.48748276314078154,0.12309077951427609,0.17514677717520546,0.12113868837933293,0.15915606322584083,16.62909698486328
229,0.14097326979491645,0.4432627444841075,0.11687452977405331,0.16350141758977532,0.09007606477542376,0.16579619486647107,17.22456932067871
230,0.1514368643600269,0.4773929768194353,0.1381038351060512,0.1865737124936775,0.09828347238491178,0.16720134022130828,16.901151657104492
231,0.15810062981705644,0.44714266020405086,0.1723927824103623,0.21164276495231782,0.10950998866169595,0.15376807258464317,15.677785873413086
232,0.19135487565166906,0.6222469594941304,0.1971193249452509,0.25785184416651946,0.13882021630714658,0.1791378551276322,15.924756050109863
233,0.1687199436422602,0.5675970464892486,0.14652227823102448,0.20667581655362796,0.11678955695766646,0.180947643193833,16.08690643310547
234,0.14946892314148522,0.5109753385043199,0.12286187492940952,0.178306655440111,0.09741295698072532,0.16978487777085263,16.893028259277344
235,0.13472091582797796,0.44471721805865716,0.11151914592802488,0.15911887051811524,0.07666188073307866,0.16417436118214473,17.625957489013672
236,0.14732104166471716,0.48726491875445277,0.13448567354265772,0.18488270857291414,0.08960390860618599,0.16495707454625946,17.139753341674805
237,0.1588468713359621,0.46479152439998217,0.17116583678564554,0.21311236358769356,0.10468845985256706,0.15875317566366773,17.560035705566406
238,0.180133674771983,0.587630401851105,0.1891363006060809,0.24606402935537006,0.13404405051047313,0.16277303574034044,17.770488739013672
239,0.16063591455542914,0.525819263895657,0.14084475514371528,0.1958411135368498,0.11885399248774188,0.16639054725591237,17.36968421936035
240,0.1424915050731885,0.47077358038645983,0.11542096880949726,0.1661856276062062,0.10787584076795466,0.15204785412387767,17.812061309814453
241,0.13174083093679093,0.40951093471462724,0.1064060040447785,0.14970670842618544,0.085497307913144,0.15648377077926173,18.935537338256836
242,0.147519496767685,0.45573930140459384,0.13991529826622562,0.18503301300027822,0.09704755693079188,0.15885811742144745,18.853424072265625
243,0.16123499319467974,0.45100350563211083,0.1744609218225417,0.21396700522390869,0.10417115053015272,0.16502534500056554,17.958045959472656
244,0.19051179837151969,0.6156881011755844,0.19022495966283837,0.2510054084503735,0.1471481792703325,0.17552305626606135,17.259845733642578
245,0.16949509309824565,0.5615317776636966,0.14733886758006698,0.20650928330629975,0.12354419138648262,0.17731471566399093,16.896940231323242
246,0.1420722083608696,0.4942464043948499,0.12320133494861774,0.1762077734409366,0.10050077395064258,0.14857859402475954,17.408945083618164
247,0.12651986396000092,0.4237615210453691,0.1076763284065455,0.15283135592637745,0.07637972306209953,0.14736993177508517,17.436325073242188
248,0.14136311620216846,0.47279686849683356,0.13358094611357577,0.18204036359689832,0.08712208856235912,0.15323142391661304,15.982038497924805
249,0.1515300655666844,0.4457054918154534,0.16502947438471582,0.2051260483033926,0.09894974372936706,0.15064136227971742,15.200272560119629
250,0.17614040853640694,0.580281809311034,0.1739602980041941,0.23200622819088548,0.136713138617192,0.16175667751805126,14.823813438415527
251,0.16344034783431763,0.5539243376301118,0.13803000671521995,0.1974434825602045,0.12232496180944175,0.16966356772093302,14.493233680725098
252,0.14631353282233323,0.4885715647563463,0.11833559171722619,0.17122644500852904,0.11111053261031792,0.15531735984492528,14.82856559753418
253,0.13559863714813716,0.4166468923918718,0.107509521569642,0.15167200311567486,0.0900582253919645,0.16138230221319283,15.80834674835205
254,0.147146922095448,0.4477608759665811,0.12992061829985554,0.17532636939510202,0.09605972617455737,0.16719120213902997,15.952369689941406
255,0.1520627799915047,0.45021369889455065,0.16015715614090933,0.20159380510571526,0.09990903531833946,0.15435765960559006,15.779196739196777
256,0.17843078729328044,0.6104857048936264,0.17166837009909294,0.23435656078402628,0.14140956363904308,0.16188930618633546,15.806998252868652
257,0.16887851915705437,0.5759033923701398,0.1437124070606321,0.20545397639056182,0.1338759974521222,0.16750220056955106,15.350604057312012
258,0.15526954701399334,0.49391219869139846,0.12093421805411984,0.1742167867165882,0.12480441978976227,0.165347698595425,14.990217208862305
259,0.14125036210529174,0.4338866576471868,0.11451137336101173,0.16013641397332248,0.09834502614653316,0.16226723568467855,15.25049114227295
260,0.15253529047330797,0.4791426200087613,0.13384459256140896,0.18317288219674502,0.10476777867976506,0.16752397053465057,15.414383888244629
261,0.14941460987587984,0.44675019365200863,0.15688835782722027,0.19829719151647573,0.09873731660749585,0.1509849825501944,16.21757698059082
262,0.16489883009165654,0.555224626443129,0.1587700718964139,0.21540643683165892,0.12464075464360261,0.1559304902112017,16.730772018432617
263,0.15309604029805524,0.5033405505493276,0.13744255194344707,0.18971369460142998,0.10880560803963125,0.15980972100872337,15.944801330566406
264,0.14163144860267426,0.45002641948424094,0.11910514222995505,0.16637961040913876,0.10845713656477471,0.14900433005517993,15.870499610900879
265,0.1291127714777258,0.4156891284092127,0.11745955876691387,0.160063783001528,0.08594162679244957,0.1398053879940156,16.87161636352539
266,0.14265939963037122,0.43709986754522745,0.1315385554120879,0.17519017143110785,0.09980045935233033,0.1516965470480125,16.47324562072754
267,0.14898228597098445,0.4082932310023565,0.15753410104987545,0.1933568339002299,0.10800519059938907,0.1460095149830407,16.011289596557617
268,0.16294886196984304,0.5440538871373771,0.15442652957251166,0.21008758065320673,0.1282515969459766,0.1520625900177829,15.930805206298828
269,0.15401118395107347,0.519978848576428,0.13264932054217926,0.18798211026135764,0.11455409864413002,0.15881157307315033,15.32216739654541
270,0.1447316233280254,0.484572913724877,0.11529378412336444,0.16804794549500907,0.11053981616053608,0.15424767270346781,15.874404907226562
271,0.13438042509786421,0.48215386852959274,0.12149525182844133,0.17301791135717723,0.08334651496918287,0.1452272959835616,16.584653854370117
272,0.14254871888948586,0.48128976595367046,0.14117967835376186,0.1897668337251774,0.09188710195601928,0.14556178322503904,15.6597900390625
273,0.14644050713266885,0.431954852179644,0.16603807695805942,0.2040261877040001,0.09583149117174017,0.1403359255985666,15.443560600280762
274,0.15314726000486995,0.5139226929862022,0.15185810512629488,0.20358161767771024,0.11235698147644466,0.14470869075350679,15.454450607299805
275,0.1432686720311103,0.47484185539369794,0.1278190766994972,0.17739375937009733,0.10185075712171036,0.1496498961552216,14.831870079040527
276,0.13967413722628533,0.4378619368233326,0.11590595279386727,0.1618996647980766,0.1036005119759588,0.15179122269500364,15.948196411132812
277,0.13501703426068914,0.44407334376823937,0.12621255154673072,0.17162123614980335,0.08356420793534633,0.14800958064238912,16.779003143310547
278,0.1425263841453771,0.4417552617558898,0.1399238889181006,0.18304265646635617,0.09401809859358089,0.14951939572234216,16.96843719482422
279,0.146755427477098,0.41627148280185994,0.1548310809819499,0.1921797098133656,0.10222588243524543,0.14597253234448487,16.514198303222656
280,0.15795601452783936,0.5405726927404648,0.14190850771167388,0.1988605341443583,0.12263169222345487,0.1530733418797217,16.474220275878906
281,0.15221720184677842,0.5104600828453474,0.12470706754475465,0.17981464115912502,0.11298349789718444,0.1623989334043699,15.89674186706543
282,0.15051473741322824,0.48335498944645094,0.11711503941952615,0.1694350322805154,0.12344805686559639,0.15764282488352988,16.398990631103516
283,0.14251592154453066,0.4714692398065285,0.13394358836120912,0.18216153856768333,0.0992001328300898,0.14572732177440786,17.73451805114746
284,0.1523490286840919,0.5158799773716257,0.16067018494563523,0.211414441006491,0.10484590464068637,0.14223202643997246,18.58806610107422
285,0.15388101941419988,0.4401188123787087,0.17396447693832298,0.2119865248583781,0.11234683956337414,0.13938110952001653,19.394359588623047
286,0.1664891410934383,0.5152802195739492,0.168383778956831,0.217940413330705,0.12998176789585605,0.1534132294337144,20.10070037841797
287,0.15580408525353828,0.4755755924327165,0.14264594087617757,0.19020731966996887,0.11833217334380608,0.1584891780601772,18.63614273071289
288,0.15300632360259495,0.46002698925729,0.1304094056530801,0.17749763188225293,0.12262973918825334,0.15815594022044316,18.26247215270996
289,0.13471335801229917,0.43682089050396145,0.12333572491141849,0.1681193199960675,0.1019105382807091,0.13418560854164316,19.341398239135742
290,0.14996102602325437,0.4542551950541058,0.1494254365377943,0.1929725448972674,0.11346262183201676,0.14426205067582587,19.455644607543945
291,0.1524673167446564,0.42919824236346116,0.15159826556629633,0.19125540510874847,0.10698712961734362,0.1583229031624746,18.640789031982422
292,0.15774369728749704,0.5263842701916669,0.1427432389850083,0.19754910058595954,0.1238955856100032,0.15253106711914943,18.37822914123535
293,0.14877052943432598,0.5075055828106322,0.12567336664047943,0.18022082609335838,0.10839908730108405,0.15657653172425923,18.492658615112305
294,0.14883479675918096,0.5057231629817006,0.11874932921519082,0.17403130546754936,0.11725714660722504,0.15441829552232,18.876934051513672
295,0.13329922699374117,0.47111831157677475,0.12098537080486066,0.1710043623437055,0.08990820286255422,0.1382743796773109,19.691564559936523
296,0.14920904179036432,0.4949530573790848,0.15188753154495246,0.20089689237839997,0.10694529339971036,0.14096295236765533,18.61431121826172
297,0.14930319082717272,0.44054561232533684,0.15756955135309625,0.19799470292055918,0.10331248446332879,0.14693998581382303,17.96205711364746
298,0.15589810433514895,0.5193988071000196,0.145699329125197,0.19908496883588597,0.12143906629371849,0.14826125618325575,17.531156539916992
299,0.15140433760006614,0.5213992444095155,0.12448488117321414,0.18118693306411432,0.11099807961809303,0.16070004230325047,17.424707412719727
300,0.15480584619938426,0.5134530385408217,0.12391979809942182,0.17956740387676465,0.12165054064711613,0.16215037558991102,17.988771438598633
301,0.13734204626320837,0.4431063638671511,0.11446090891650168,0.1614102596237373,0.10727195148516852,0.14259369250353043,19.51817512512207
302,0.1570151598319867,0.48001934367290466,0.14182548356645733,0.19013889215309268,0.13326272809274362,0.1488152718228566,20.400217056274414
303,0.16324846296615067,0.48336374759968814,0.140045520187182,0.18909098124611148,0.13378095335733756,0.16642033037889647,19.7734375
304,0.1751352247728416,0.6056115308151389,0.13034186962171782,0.19823753550649226,0.15223868611663413,0.1749551742050788,19.77102279663086
305,0.17163191633143174,0.6385336192951534,0.12389218331957519,0.19741238845894352,0.1239636638808214,0.19078372411414302,19.51797866821289
306,0.1739892723661741,0.6448504076990815,0.13342201298653386,0.20648321223118352,0.12022948246370671,0.1925968911489498,19.132612228393555
307,0.14612138842254724,0.46340204527028106,0.13035192841390011,0.17793051653624023,0.10077001477875089,0.15797085326138766,20.58938980102539
308,0.15755077765562128,0.5260663436612696,0.15009610329015266,0.2038061376288837,0.11125187735164767,0.15758887544499367,20.9893798828125
309,0.1588051375376093,0.516721898973354,0.15920833967488104,0.2102817052889486,0.10105733330555908,0.1642924694582314,21.782499313354492
310,0.1632358042019762,0.6257563862676857,0.13925350085250662,0.20875391305467508,0.12650722313835955,0.1555449673865293,21.38463020324707
311,0.16799436291068867,0.6113711663684605,0.12797480347078322,0.19703142674187998,0.12304801868454086,0.18191498325627564,20.445146560668945
312,0.183368471524352,0.6087356217877742,0.1382063928424968,0.20542485412039357,0.14518966276372192,0.19747559441836698,20.27336883544922
313,0.15168880103800222,0.41392860935166076,0.12777748733525043,0.1686562190518805,0.11722457209277118,0.16699851060293594,21.425260543823242
314,0.16834195176032463,0.4310876644681434,0.15430718898323373,0.19384725690964938,0.13131596266335727,0.17842255021451187,22.14430809020996
315,0.16638511363833128,0.47197553777694246,0.1588746158303103,0.20360331896554346,0.11055845656766729,0.18266750891385158,21.927104949951172
316,0.16045360060195388,0.5831110772240444,0.1323490405728949,0.19674361723734485,0.12306107667642305,0.16141829448082617,21.49636459350586
317,0.1617384840978171,0.6022001045654468,0.13029862691937308,0.197713123725955,0.10980020914643089,0.1757066650056594,20.69149398803711
318,0.17270769644653877,0.6075246009178012,0.1376184690899613,0.20474791649393845,0.11712761003357677,0.1933050795164058,20.355958938598633
319,0.14645834216266002,0.4375346451295443,0.12992422378866106,0.17386856969450154,0.09784961585971488,0.1650070285873757,20.962982177734375
320,0.16254444520391173,0.47264113391760076,0.15558736562805428,0.2008807610979895,0.1141695835235963,0.17132817276686968,20.380443572998047
321,0.16606530973485045,0.4800462325805876,0.15912990501000904,0.20497509466294886,0.10878914897031335,0.18213588859173424,19.70954132080078
322,0.15435642127859256,0.5779819024648988,0.13031060428656047,0.19426364688346595,0.11799182540137798,0.15125662026689113,18.575096130371094
323,0.1513229618659625,0.6020434030307233,0.12111206467066597,0.1898165415792456,0.10299542637923305,0.15992767316772813,18.442350387573242
324,0.1694843781190958,0.6113284539867649,0.1352241323376587,0.20323903543038815,0.11767316345739665,0.18528386580070177,18.17311668395996
325,0.143954574665939,0.4288523248540897,0.12423841763114445,0.16775469009156518,0.09919250912619984,0.1622962810157878,19.866954803466797
326,0.16023851129720174,0.4291485125220369,0.15073451125488244,0.1905079400073331,0.1106022391213379,0.1771844993297177,20.38197898864746
327,0.16294006640803485,0.4579221868263426,0.15541835565241344,0.19863318867726049,0.09855609900762148,0.18804455589782415,20.22147560119629
328,0.16038589777193565,0.5563686150229709,0.13722537362832685,0.19710297954184744,0.11383618230733077,0.16898945225479214,20.40866470336914
329,0.16497003216490375,0.597242427101464,0.13977931072579716,0.2051311844937496,0.11189273765544952,0.17627165657293611,18.883766174316406
330,0.18509576030819253,0.6300753974787756,0.15510076649854393,0.22295428521000557,0.13545746379813356,0.19540306046540779,17.72164535522461
331,0.15418628653519828,0.45841903912013815,0.12929261989196975,0.17631067978170806,0.12122598418343286,0.163667707002297,18.805986404418945
332,0.1638679746543761,0.4431305883019395,0.151366081770101,0.19304672556036362,0.12933743193267236,0.16855079249312788,19.53593635559082
333,0.16404525809122217,0.42523027638253774,0.15220186534451377,0.19120592406423148,0.11830299884699899,0.18030415220353432,20.849868774414062
334,0.154063967146889,0.5291636964201043,0.1325536646466086,0.18921224061425082,0.12027625898113091,0.15287347250798575,20.98192596435547
335,0.15364905013516972,0.5626629156065618,0.12114692287682434,0.18422063612392967,0.11013770104173581,0.16497134285175935,20.34023094177246
336,0.17433697318039704,0.605452487344931,0.1353443421297108,0.20250264858902797,0.11369087623155061,0.2027573420280856,20.160947799682617
337,0.14599727354139772,0.4227178902859209,0.12725456207884936,0.1694636089655739,0.09409253927497709,0.17088087252836165,20.529584884643555
338,0.15441824493758524,0.3801512279468914,0.15075971129969498,0.1835299279635802,0.10719035069442025,0.17026992975260902,21.289684295654297
339,0.16425425306030145,0.40367949325445374,0.1544919215297431,0.19009014606184463,0.11219577244252366,0.18719901722450677,20.9787654876709
340,0.15664848961670846,0.5141041523832857,0.14530711396998305,0.19799240517188346,0.11705162602602247,0.15511981914778067,20.6159725189209
341,0.15203301049535456,0.5431134159189974,0.12891062300804937,0.18808245056675624,0.10780765727950949,0.15918693449674245,19.696184158325195
342,0.17208305686398617,0.5976086625989284,0.1395957745775679,0.20502618715204796,0.11249655628916087,0.19539600586490424,19.710023880004883
343,0.14270490451035817,0.44542938092881146,0.12041649854098724,0.16684691031067642,0.09637509056723514,0.1621192366353123,20.16501235961914
344,0.15666866241857244,0.4373391353424288,0.144021167805653,0.18592373459662095,0.10757424295964325,0.174028091289343,19.977075576782227
345,0.16776993039474425,0.4299225815132247,0.15410178845358097,0.19350475889067292,0.11123335529551123,0.19472145867263557,19.640140533447266
346,0.15556844220703245,0.47671727673306696,0.14277802997408853,0.1904836366539426,0.11174161273862995,0.16336612285083824,18.068939208984375
347,0.15032236052428713,0.5244173979542951,0.12749276219135922,0.18419628158606433,0.10853902735405441,0.15724309611918574,17.24578094482422
348,0.16719917565173079,0.6125687317082805,0.13814473084678391,0.20591958811271202,0.10951526401284668,0.18379223743239576,18.10930633544922
349,0.13741300589843683,0.4186198217778102,0.11423494150573525,0.1577184958303174,0.09343807963877215,0.15812376268524786,19.080411911010742
350,0.14786397461136416,0.37585604143578377,0.14160905794489842,0.17507291272931064,0.10270858372030259,0.16356712078783991,20.664810180664062
351,0.166241985192862,0.3770469375036092,0.16009691021525482,0.19108977125644833,0.1218474417309493,0.18334539791639765,20.517210006713867
352,0.16719330219642473,0.48558334515240376,0.15166067820557907,0.19936391634083975,0.13185743322660629,0.16996290016865268,18.214155197143555
353,0.16179217389590628,0.5206236481323746,0.13183637887288877,0.18737741733852958,0.12743215523589,0.16947010221112513,15.718911170959473
354,0.1845533155598445,0.6384739416277246,0.14731334234200003,0.21747914223996068,0.13181203468964617,0.2018918379761663,15.202139854431152
355,0.1458089436140204,0.4425237698103033,0.12008925243782749,0.16615132634818122,0.10255439679787812,0.16585708718575415,15.475615501403809
356,0.15180758668357047,0.42563034908627545,0.1487056678315388,0.18826633658221548,0.10189038487699144,0.1635837321030128,18.01211166381836
357,0.16429290761445167,0.41836222046804616,0.16741802220466276,0.20326719338514612,0.11041986055723493,0.1773293237401587,20.035737991333008
358,0.16339581179669202,0.4997916509703891,0.1481715586947109,0.19840300044837925,0.12797315413375787,0.16375934718153304,21.00033950805664
359,0.15467463715541122,0.49865599535223304,0.12690155922172705,0.18000933581179934,0.12423768580020515,0.15913910826687694,19.440635681152344
360,0.17305314506918598,0.5969451694011347,0.1381867315269729,0.2037236512232817,0.12574515263000574,0.18761094556863495,19.057029724121094
361,0.15177454548299343,0.41593369433653543,0.11255601536810846,0.15589568379216945,0.11671422049265094,0.17884633382901416,19.188133239746094
362,0.1558970384134484,0.388295133522426,0.14125291814379431,0.17654466319788456,0.11006747169670342,0.17793123760421864,20.17479705810547
363,0.16061480383387766,0.3747746162282365,0.16680068809832746,0.19651124925974303,0.1050985660697559,0.17778212212985206,20.174699783325195
364,0.15692933469338496,0.44756091375301654,0.14706475906189334,0.18999278116062523,0.1267097752760595,0.15444093352470956,20.05186653137207
365,0.14168225058590875,0.48528009398305555,0.11869097629518739,0.1710608502505971,0.10499525690606926,0.14807709534916585,18.7077579498291
366,0.16241692102949548,0.5968581843119305,0.12711531080958496,0.19422143559563435,0.10761960170547658,0.1825356251926405,19.422649383544922
367,0.14088582239024713,0.45488882612181325,0.11789144027391568,0.16603392396647246,0.09651304185505515,0.15770741647934294,19.948057174682617
368,0.15053251560895628,0.42864871339578214,0.1488833721434404,0.18884984946520353,0.10083514421048338,0.16049004845840373,20.036985397338867
369,0.15611703834755944,0.3843516129763937,0.16961419067250527,0.2002909652873465,0.09495244480586248,0.17098387162423062,19.186710357666016
370,0.14854095743828613,0.45444006341065685,0.14303259635000998,0.18751937735867383,0.10772579076370414,0.15014811084820612,18.06987190246582
371,0.13254039521973818,0.47418544834717213,0.11049551581733526,0.16245122046445482,0.09243275296262839,0.14146261010558214,17.153291702270508
372,0.15038218131724018,0.5515854250238188,0.11728542634963501,0.1793282833030898,0.09877295240668585,0.17021241737635684,17.773691177368164
373,0.13832967873670698,0.41434866925319097,0.10494968937921782,0.14914954364692828,0.10176976882684076,0.16085221811139633,19.440465927124023
374,0.14814646066614381,0.3655039179649089,0.1450056915876132,0.17650543821294115,0.10741680393694943,0.15897080495074126,21.265178680419922
375,0.1557415005306493,0.37275403397001117,0.16408080503250727,0.19389126630929354,0.10084834761037362,0.17039196427957692,21.393186569213867
376,0.1436743046110072,0.42887372934441603,0.13730900950472705,0.17896111233896836,0.10503230754499006,0.1466100952818062,20.84776496887207
377,0.13334265243033738,0.4785564300053251,0.11300966422371012,0.16523063076394084,0.0929358792490164,0.14079659792209015,18.26408576965332
378,0.14983611081857626,0.5528223149949612,0.12075615886981335,0.1824798954591202,0.09475687451989022,0.16946713101945066,18.352733612060547
379,0.14096244520304005,0.45886004294004884,0.11452237811554196,0.1637134730904715,0.09833437337110076,0.15835485865448434,18.731779098510742
380,0.14515742507880733,0.3953432549067385,0.14275820720308954,0.17884178544646795,0.09692589661683162,0.15788619716133304,20.201274871826172
381,0.15393059029396278,0.39743277381745273,0.1570409656001215,0.19138265248831168,0.09849977529666902,0.16966199899653955,22.244272232055664
382,0.14210817880417956,0.43227888256002145,0.131064872280112,0.17409544517724188,0.09942018605551141,0.15147131438283457,21.528697967529297
383,0.12735196179055194,0.46618096656510644,0.10441416989546587,0.15609514084827167,0.09303454399165292,0.13222942068908378,20.1551570892334
384,0.13839407846655494,0.5085739631384802,0.1130373270421275,0.1695425607701779,0.08991434510831613,0.15355892313934383,20.965553283691406
385,0.13194778470513696,0.4100584570504876,0.10639162736263325,0.14977260303232676,0.08948189202223496,0.15350872476638522,21.942331314086914
386,0.14476880961321903,0.3560250841275821,0.13832717878238274,0.16942687954598262,0.09903543404922195,0.1632097020405483,23.176441192626953
387,0.15322313785604982,0.378995766816507,0.15312661103444017,0.18539363328902114,0.09472401814637799,0.1762606840981628,23.0102596282959
388,0.1378264968614259,0.39182558171053283,0.1262945849769992,0.16422758451036112,0.09746397125800121,0.15004275507160417,21.507694244384766
389,0.12521214493925653,0.45917042969962624,0.1073127560491796,0.1575781379992434,0.0912134065140389,0.12664079713383347,19.956268310546875
390,0.14180693470032307,0.5212313289929253,0.1136642092439238,0.17188808349378118,0.09133762878712555,0.1596465721800951,20.78875732421875
391,0.13408971572349263,0.4449505493509679,0.10753952627510106,0.15574110100022492,0.088131094116691,0.15535854751230327,21.44757080078125
392,0.14609031275350223,0.38689052470182506,0.14187029321739053,0.1768731834294526,0.09585722977357951,0.16310924851947795,21.662525177001953
393,0.15186462606522844,0.39078684655923535,0.15032590532562065,0.1846774683589942,0.08979222169079984,0.17746674288580838,20.7142391204834
394,0.13291832135949225,0.38295244670306,0.1256639958042262,0.16241948878977389,0.08891333132014674,0.14560916614242322,18.623788833618164
395,0.12194448475684672,0.4412795540266781,0.10929021061785622,0.15671725967625935,0.087245887230011,0.12187957953834193,17.54973602294922
396,0.14425997748139027,0.5006318689219365,0.11416531851856464,0.16937482571904633,0.09580727208295829,0.16468060249706923,18.605043411254883
397,0.13330625695145606,0.41072848931862177,0.10571451898814192,0.1492879433210676,0.09336980512157791,0.15426667672918934,20.221403121948242
398,0.1448501902810716,0.344852867088965,0.1393392464603293,0.16869833512156296,0.10820775964722874,0.1560451903502541,21.92100715637207
399,0.15096852499665453,0.34827151617881325,0.14325815747348078,0.17254578014567112,0.10144301007670795,0.1754232522962183,21.61471939086914
400,0.13392615329673777,0.3769964055493451,0.12026821051099186,0.1569436669450423,0.10165706508742187,0.14202128103762277,20.49211883544922
401,0.1218765200492386,0.4339915101227756,0.10606527919796445,0.1529118836157946,0.09247744329553378,0.12044476908799379,18.97616958618164
402,0.14929281293248134,0.51991888827686,0.12084273309138689,0.17785361240359734,0.10485223967380704,0.16318761499659484,19.361536026000977
403,0.13612586492167142,0.4314575441742818,0.11167948566605124,0.1573620654529413,0.09706044673382316,0.15172643037117747,19.753921508789062
404,0.14634385200878364,0.3565212330403158,0.14568763809521476,0.17580672308737205,0.10509992359963628,0.15665227717302266,21.29119873046875
405,0.1546571130843061,0.3506173606410756,0.15145233539648037,0.17990448185999397,0.10074942381880521,0.17973489351289249,21.86041259765625
406,0.13675138801170422,0.35601617525015267,0.12866930102738472,0.16114742591635153,0.09790041460151223,0.14939945657905576,20.772504806518555
407,0.122507169121728,0.3973794048446224,0.10707914786495641,0.14855061314776583,0.09217670439937696,0.12625831223100203,19.586071014404297
408,0.1483788277208009,0.48746876040848197,0.12359511213256646,0.1755770618862687,0.10197998331462442,0.1651793616814211,20.2487735748291
409,0.136982975338809,0.40060327372335336,0.10349848412083668,0.14594202549262475,0.1066783035986252,0.15566039422688102,22.706111907958984
410,0.14563888721693855,0.3375959061307338,0.12950783250527143,0.15923470016605176,0.11695239638062811,0.1588432303682361,23.986608505249023
411,0.1547743042862192,0.3566557842084108,0.1380768057370534,0.16930237409010446,0.10939837731751226,0.18176617930543815,23.0242862701416
412,0.14059731907006293,0.3816458956235258,0.12768428203809445,0.16396451255029895,0.1073210126250286,0.14926779291426145,21.561717987060547
413,0.12513440268630063,0.4152615625649314,0.10748774111519387,0.1514554298937278,0.09254880349475701,0.13061590317240251,19.93533706665039
414,0.15020692238310762,0.4854750930799269,0.12300003234183728,0.1747821838758501,0.10022485040366082,0.17243788155897397,20.703153610229492
415,0.1357672744676174,0.4171089282957039,0.10980451533501878,0.1537051457579738,0.10158091928126341,0.14998469787661528,21.05788230895996
416,0.14862795398059447,0.37290320810526667,0.14137414671957393,0.17444972691753002,0.11327587668100765,0.1569669702979144,20.99863052368164
417,0.1567047484355869,0.3575981326284331,0.14784920320341832,0.17781333597842042,0.11005906590159628,0.17904970655284938,18.76436996459961
418,0.14010307423374335,0.36654019440253083,0.13374636108206475,0.1670026229849885,0.10975948818080769,0.14311660687272262,15.809181213378906
419,0.1227462149853066,0.37777543718359713,0.10860195264281748,0.14705530757721455,0.09477366235792181,0.12595174251634886,15.261280059814453
420,0.14454292697881865,0.4532063822214102,0.12120280145983825,0.1686318844257771,0.10068121171240148,0.16184409007084502,16.81654930114746
421,0.13077694327803854,0.379133859877513,0.10036406510046503,0.14018832149718616,0.10036280260455255,0.14915436042558466,19.148338317871094
422,0.14080284518397962,0.3368188821754855,0.12475896043557368,0.1550532349698468,0.10757528822115682,0.15740786646381577,20.914257049560547
423,0.1564408905043762,0.3839263335391725,0.13554569896882193,0.1710286467645863,0.10809137131341069,0.18598243306878728,20.267690658569336
424,0.14056507172758467,0.39827636456431326,0.12543856883804494,0.1644153967989404,0.10805794052634068,0.1481397770912369,18.587852478027344
425,0.12035451411284029,0.3981885808524491,0.10311232307519869,0.14526607418623444,0.08969549835671428,0.12538353783523065,17.273569107055664
426,0.14556009825668642,0.46853511519871716,0.11959688720272482,0.1694452054878666,0.09886277239815924,0.16552078955561503,17.10240364074707
427,0.13333212164958116,0.3961871072967454,0.10441560647390968,0.1460972494486005,0.10233148761964574,0.14928818960163276,18.56905174255371
428,0.14353623781342745,0.382705063028877,0.13040377857883445,0.16644681921455481,0.109054884302894,0.1536606634091577,19.88513946533203
429,0.16099984825889765,0.39295955624056617,0.1410600250147327,0.17704567233270893,0.10773387639019884,0.1935674775794243,19.699003219604492
430,0.1422718445307207,0.4012317765811338,0.1330200683726258,0.17133602668812692,0.10627718472576297,0.14833601247232825,18.466136932373047
431,0.12023683274631812,0.37742874554366457,0.10767300239899431,0.1462095371339472,0.08501097081209776,0.12833334559958545,18.183155059814453
432,0.13731242652091538,0.4312563135457995,0.11390779147197934,0.1592432946253822,0.09047983899434632,0.1591014310152548,19.243057250976562
433,0.12697431170743076,0.3529547667274911,0.09864710646530832,0.1349767722170487,0.0995595659681987,0.14396006128334315,20.726057052612305
434,0.14014554482551378,0.33766889085709273,0.12411245773888054,0.15462051961291085,0.10864764949407338,0.15504060030155167,21.462478637695312
435,0.16071279911718442,0.4254979771358566,0.13694373408790653,0.17816576880904228,0.1059236981564594,0.19338191397744325,20.28061294555664
436,0.13771660928510812,0.41263220862656863,0.12022388038648209,0.1619964987064945,0.10553948099592612,0.1446266932944293,18.757158279418945
437,0.11837066626604814,0.404822850962952,0.09930250434836274,0.14294826815044695,0.08484037279384125,0.1262042714053802,18.503562927246094
438,0.14427451798553384,0.4602811112695162,0.11802512429884231,0.1669188367232243,0.09853440491640897,0.16448333802553894,19.629003524780273
439,0.12599780359894977,0.37334997278227194,0.0960756766795623,0.13568629040852082,0.09554805562278444,0.14416390711971983,20.66716957092285
440,0.14005775005122134,0.37690675252658307,0.11832972657020036,0.15526930170682648,0.10645298041652618,0.15615181578292514,20.383853912353516
441,0.1635279130598419,0.45802620802127925,0.13701010194598082,0.18286954567102345,0.10664607854118031,0.19637558972888694,18.688194274902344
442,0.13497959086805247,0.4388794163405764,0.12145450055252449,0.16680091709367476,0.09521931375925549,0.14192617289083034,16.033586502075195
443,0.11745938188255742,0.42750177633355774,0.10161793442785882,0.1481727689858158,0.08026317066268397,0.12313185298459561,16.149324417114258
444,0.13472693363976035,0.41376216575707836,0.10728104920540876,0.15106406585564727,0.09353442546757017,0.15647538760152568,17.620004653930664
445,0.12554676820934166,0.33636568675477657,0.09564941948149268,0.1300374576633904,0.09637123331014134,0.14714600797384925,19.59809112548828
446,0.13486327499004033,0.3085408615334796,0.11433484184197629,0.14207855894076246,0.10097585496464898,0.15820139405537587,20.85960578918457
447,0.15912140564531915,0.4567571104030794,0.1339115608144653,0.18003235361283879,0.09598766935101224,0.19606634543125803,20.522674560546875
448,0.12734462217398743,0.4367130305544564,0.11175955822964923,0.15818148284747882,0.08704248395630665,0.13562674002515313,19.004344940185547
449,0.11690731789961474,0.4268525083513215,0.0997501517707663,0.14647905985370274,0.08115653306622514,0.12231398041900368,18.806385040283203
450,0.13477021241701825,0.41426598284609734,0.10527443577365107,0.1494160853554291,0.09753966441695487,0.15453180309596426,19.59025764465332
451,0.12334746044160924,0.3357884248122765,0.09475334701847675,0.12918692956044814,0.0930830826313289,0.1447192555466205,19.82839012145996
452,0.13307292530069115,0.3280257657237292,0.1099312131757298,0.14108757782544404,0.09540573420429152,0.15901889655088203,21.521726608276367
453,0.15647902860047183,0.44759260437808956,0.13161685145917992,0.1767562447333099,0.08946909876470888,0.19737015309053116,21.840322494506836
454,0.12148753501025623,0.397839460297329,0.10711887276281347,0.14865038526774427,0.08000301697849939,0.1340189943127415,20.13414764404297
455,0.11300422236581564,0.41193013004624096,0.09475366062618269,0.14006458482904818,0.07854877585959194,0.1194749209034329,20.19356918334961
456,0.12957327320033826,0.3973857030194645,0.09972439636218967,0.1422474401703718,0.09142675857533834,0.1518615773984338,21.284954071044922
457,0.12504083747335767,0.3260803506586795,0.09688727448383809,0.12962914250881544,0.09287217662972536,0.14917364880551037,23.7745418548584
458,0.12746536720891236,0.2799169050547027,0.10333520871972941,0.12856116533901132,0.09100430983479606,0.15840996904742752,25.90719223022461
459,0.15305008329479522,0.44682613647990044,0.12476334929233605,0.17077231889055952,0.08459760700814588,0.19743904389931963,24.374584197998047
460,0.11882981960473743,0.3671341512302574,0.1048084014617423,0.14228350857153016,0.07983386373093596,0.13242930314837004,21.528335571289062
461,0.11035045878348876,0.39434609360403494,0.09132239691480863,0.13461149644184095,0.07715074452280911,0.11817180081052533,20.568185806274414
462,0.12936666784079076,0.40470883457304274,0.1005034226594929,0.14396133864714286,0.08793466672916579,0.1528493318579045,22.133630752563477
463,0.12545488802028368,0.34582815910203957,0.09593328818557663,0.13163255545935706,0.09291208359264343,0.14852438288527964,24.170005798339844
464,0.12983715775117344,0.3239358534249426,0.10121304022127454,0.1330305849646557,0.09106158045693061,0.16097153907183892,24.60738182067871
465,0.14694396389599815,0.41117142197313616,0.1167931686303223,0.1588472048221528,0.08331475538831071,0.1922041855298393,22.864391326904297
466,0.11788301429878571,0.36452331086846335,0.10370279915159886,0.14096287225400808,0.07599280398030596,0.13434207261663594,18.49693489074707
467,0.10736347425243958,0.38655535914341577,0.09168823841187786,0.13381211280209754,0.0726937071770886,0.114556961712421,17.14910125732422
468,0.12770381559290736,0.38334925700431055,0.10096272253254661,0.1413036560285129,0.08820705709712774,0.15036361889555971,18.919570922851562
469,0.12657873694842334,0.33627208149589194,0.10005604265399244,0.1338011910599781,0.09528304097773033,0.1476428235751693,22.434703826904297
470,0.12954250579697577,0.3057224809107487,0.09967614221051091,0.12911133345340203,0.09164312403610922,0.16308174063836103,25.162120819091797
471,0.15416973367317655,0.4595336863121888,0.11809040890502348,0.16686801996318998,0.08476602715093016,0.20378697637638038,23.983121871948242
472,0.12093795609536405,0.38300330665718885,0.10607120981217862,0.1456329379328944,0.08054745633496839,0.13467153427787115,20.68589973449707
473,0.11027119990332303,0.39075354541533436,0.09329467248675523,0.13578879719083797,0.07298057427039184,0.12057259970556221,18.86974334716797
474,0.12813734272207672,0.39231893312164384,0.09987596331596675,0.14165353043106346,0.08318352140865408,0.15564527212595813,19.931690216064453
475,0.12711658034733767,0.33848974352196903,0.0980702412778749,0.13241588445560265,0.09415576010628532,0.15132040696352655,22.069761276245117
476,0.13260649909207867,0.33260170392078703,0.09585157619884004,0.12967302301626105,0.10205187318621758,0.1619085883260475,24.532726287841797
477,0.15237346232517515,0.4353405903389679,0.11374977395834944,0.15969131915558066,0.10147933901111598,0.19050269549837204,25.00420379638672
478,0.11839440612946354,0.3543280729041548,0.1027560382702457,0.13869490036080415,0.08479185573660093,0.13003370527079533,21.902599334716797
479,0.10790811427240014,0.36952600981845596,0.0922770051202058,0.1318840057913844,0.07552857248387593,0.11526130825824757,20.4503231048584
480,0.12443133328508688,0.38234945927062236,0.09882372423775355,0.13932740067102053,0.08226649395552012,0.14829150873576588,22.2409725189209
481,0.13241654887214935,0.34551528635705153,0.09932443394856427,0.13449455572120533,0.10689011802229567,0.15293391987284732,26.4188175201416
482,0.14002111772139098,0.3456802699724599,0.09726712456627057,0.13275471676715475,0.11664235373358615,0.1668356370456769,29.47404670715332
483,0.1585251478353424,0.4542661284924934,0.11174216855382761,0.1606741628307799,0.11367229446963364,0.19589100640932977,27.128633499145508
484,0.12410859906124072,0.3833250999063349,0.10490731151670445,0.14468128128665164,0.09108825326045279,0.13500030468969557,22.2445011138916
485,0.10836154288000283,0.385207331511881,0.09456592035547168,0.13608612194924444,0.07679634656924897,0.11172208296632605,20.196758270263672
486,0.12151600873947893,0.4141453212410039,0.10182516296155264,0.14644232843004565,0.07981113397441178,0.1361972444296668,21.905494689941406
487,0.1269450652807387,0.3785519378522363,0.10333618478928164,0.1426527209411323,0.09610004760384198,0.14019025704517896,24.64220428466797
488,0.12988441022487895,0.3379113965449406,0.09687041245116433,0.13130483875027524,0.10239965645840063,0.15269069481082576,26.773914337158203
489,0.1365437552572781,0.3713998835663145,0.10219638045650037,0.1406540237579024,0.09634480839899422,0.1681213488202302,23.940345764160156
490,0.11609299235276428,0.34002618222889613,0.10419149746641972,0.13788216671820205,0.08015256187189658,0.12847534145376546,17.94256019592285
491,0.1060488083926331,0.37226519969653993,0.09350008811379185,0.13332367548275587,0.07118608465651935,0.11268818295787522,15.942163467407227
492,0.1199700656935014,0.4034364520908922,0.10717934475544673,0.14950178866051037,0.07489810697718756,0.1335677719741432,18.556303024291992
493,0.12999896887267226,0.3956511898556083,0.11425315466164987,0.1544528739750725,0.09477834479242556,0.13941984797828788,23.407575607299805
494,0.13354798982034072,0.3608473921106583,0.10737672123972826,0.14358681707843254,0.10518563491652369,0.1495810765103503,28.451122283935547
495,0.15012254052344104,0.49139675952414497,0.11239461853874912,0.16653778153666282,0.10529478123844549,0.17498349401124308,26.2420711517334
496,0.12126656717768068,0.3957411673561535,0.11125793899234139,0.15189840018717168,0.08340530677541298,0.12759231614636027,20.998157501220703
497,0.10865513494261499,0.4119079694164499,0.09496414307924839,0.14024183255599146,0.07131756589711544,0.1136871474457227,17.03167152404785
498,0.1228809567031616,0.4332646418817513,0.1074339823712354,0.15398121944416626,0.07806229343236985,0.1348845571667253,17.855613708496094
499,0.12676769870931254,0.41132442539927183,0.11037164457159858,0.15336489897555192,0.09076344154757565,0.13499887349287285,20.455459594726562
500,0.1257236583424647,0.3635411152959206,0.09940777628488466,0.13714111042931834,0.08805344674820292,0.14869482291144684,24.398508071899414
501,0.13352719876902377,0.41280791518421056,0.11399063385845383,0.1566788169049905,0.07596544355332273,0.1636360687137914,25.095762252807617
502,0.12175145117231728,0.400879384227536,0.11165905081727467,0.15297624130445486,0.07426170679146694,0.13598328613994093,21.278377532958984
503,0.1161923866056732,0.3973484907968202,0.1084898716106019,0.1497553886372045,0.07297872442746613,0.12463671423401451,19.25005340576172
504,0.13248692237137413,0.420821632620875,0.12980370058940127,0.17137769087961183,0.08650161194922404,0.13869464654604746,21.2225341796875
505,0.1389814506438696,0.4161953255037232,0.13599903962494111,0.1760270804647671,0.10329972394559103,0.13778803541157802,26.349435806274414
506,0.13609646831024982,0.351117290627901,0.11968588475280244,0.1527475141635308,0.10318332682333739,0.15032580198967738,30.56405258178711
507,0.13458914225700916,0.4286364723314465,0.10528369265002897,0.15147694689023147,0.0934434620240804,0.1558147834067522,28.36016082763672
508,0.12415074176442677,0.4335540693792437,0.1051553458686984,0.15206944922734772,0.08288887304360097,0.13582600786509352,22.338993072509766
509,0.118632203990307,0.4615233519807557,0.09958343194473691,0.15128913480702533,0.07402770523346516,0.12908632593791505,19.05797576904297
510,0.13394271222641096,0.46998638506525797,0.12043399426272035,0.17037005009165432,0.078866102761602,0.15026082487603085,20.53691291809082
511,0.1343913305595952,0.4754895337002891,0.12442413927049688,0.1745763384747529,0.08370228319616999,0.14358236507682937,23.52217674255371
512,0.13112041677079322,0.3964984965014763,0.11986625243665523,0.1593851444459154,0.09375264515230279,0.13908558022124057,25.435611724853516
513,0.13447700223626746,0.3895838794693971,0.116340288493389,0.15537508720424725,0.09463454120259042,0.15105333129375248,23.046218872070312
514,0.12481091166855748,0.43203702333718,0.1128180619654699,0.15842077073285704,0.0861914040116493,0.12919435418709002,18.341331481933594
515,0.12243453553230679,0.45565031347905605,0.11641928391957375,0.16488085957092838,0.07817161413469616,0.12402405822142222,16.216896057128906
516,0.1324786518122412,0.4568679934582403,0.13485280352644502,0.1808549735167015,0.07547503036776597,0.14002753908475424,18.914188385009766
517,0.13180808906348285,0.45896224549691356,0.1386656053467006,0.18442226822530247,0.07735584357040978,0.13341639710332967,24.81075096130371
518,0.12356304299610323,0.3640312029312246,0.12132153570301962,0.15599434530704892,0.08524659757558006,0.12871254321698355,28.222692489624023
519,0.12815473673200756,0.4204350860766244,0.1032682920144087,0.14857783402329666,0.0864150629168581,0.1468067411903854,25.095603942871094
520,0.12141615351906844,0.45750623775181454,0.10202428340974878,0.15280741974432963,0.0833677591096907,0.1272411406801704,18.637971878051758
521,0.12183278416164535,0.5060986482266697,0.10446617390440467,0.16184224166472824,0.07769304224545313,0.12544678302311602,15.397069931030273
522,0.1303124124210868,0.4936049114614346,0.12435666451897293,0.17710641408218178,0.07634301950872364,0.13659087976594642,17.191558837890625
523,0.13050219535951094,0.4788983732084309,0.1303337604737951,0.18012870515017168,0.07969336293546535,0.13153672766372274,20.456775665283203
524,0.12798757892236096,0.374403882234266,0.12668771446148436,0.1620757384290246,0.09051208471806896,0.13095149678278573,25.06209945678711
525,0.12843453578531666,0.385938941020339,0.11040781323672223,0.14976940292009605,0.08673377315901885,0.14625469434039523,26.073400497436523
526,0.12749815893345692,0.45059458383280987,0.11125846670771779,0.15973505486844525,0.0837368433180377,0.13758202615383397,21.802080154418945
527,0.12701055587841856,0.48892946650997043,0.1130696592356412,0.16676391741768823,0.08078329141717393,0.1326752209351467,20.360855102539062
528,0.141978002628419,0.5109809471824065,0.13579312354724685,0.18939138406655537,0.08785057333360062,0.14785279450301586,22.549427032470703
529,0.13791948711933524,0.4884808648798532,0.13416228180527157,0.18477922224449753,0.09188345942782619,0.1371987431148887,27.867097854614258
530,0.14203711375540487,0.40556929689223264,0.14318058460576677,0.18066468636097616,0.10534145204489447,0.14034669172222664,32.24895477294922
531,0.14059741306069412,0.4689710158442529,0.11506006565760642,0.1656187728271273,0.09526172680284947,0.1583724487406791,30.0900936126709
532,0.1347149877355369,0.5035911690666914,0.10967431272253479,0.1659481493431286,0.09460678189521562,0.1424806514391752,22.646028518676758
533,0.1323981018282923,0.5374143031753782,0.11256265272605899,0.17325574564739027,0.09045559291645229,0.13334735878444148,19.754474639892578
534,0.14780602940947074,0.574735727282593,0.1394218472335733,0.20160954438343323,0.0948839152823536,0.147034803668481,21.3377628326416
535,0.14472120669741056,0.5531643645973237,0.14039810815857687,0.19936471622125498,0.09588365040373024,0.13964099762101695,24.702957153320312
536,0.14490980560223224,0.4436199643365018,0.1492276599288315,0.19128370341564155,0.10290075858458923,0.1410905611559368,25.925697326660156
537,0.137306063490359,0.42508842862746654,0.1194869153079121,0.1631442743535627,0.09482476450587543,0.15186876559647894,25.329715728759766
538,0.13430059540899622,0.4886103875175869,0.11859436627150699,0.17145379787808984,0.08862982274802678,0.14175346932688754,20.36628532409668
539,0.13080053071786304,0.5073669832731686,0.11787373338307812,0.1735156262245196,0.0819093298233187,0.13620462293226487,18.708660125732422
540,0.14476178627343902,0.5441780197388545,0.1369235053716986,0.19510272170986373,0.0890147817207845,0.14949209675014014,20.035022735595703
541,0.1405679134224573,0.48909852918833374,0.1376391977288445,0.18784767365162866,0.09192707044311499,0.14175886082885691,24.839622497558594
542,0.14294541927036408,0.3984730173242653,0.1445096103811584,0.18079009708731655,0.10183563394937359,0.14580238833639736,26.7166748046875
543,0.14319589226263782,0.47280568830821057,0.1230698714489324,0.17303213100025785,0.0949508183800832,0.15930362301445555,24.35727310180664
544,0.13619006811274806,0.5106354050914077,0.11839207180047379,0.1744268336991786,0.08846721730682224,0.1444903926798064,18.612998962402344
545,0.1314304564300907,0.5160395742457967,0.12017283639640446,0.1767252275177462,0.0793592459559042,0.13735984089330527,17.012632369995117
546,0.14383468007657133,0.5477938615735863,0.1402299340815841,0.1984533522947273,0.08694810758492817,0.1458190928158727,18.185808181762695
547,0.1466656625700722,0.5239173865520552,0.14920651549109604,0.20273663992837587,0.09815818016012653,0.14004760449025902,20.87208366394043
548,0.14732833816314816,0.39796389730207926,0.154078523354253,0.18891929106108535,0.10561867855645382,0.14743220653331068,24.149200439453125
549,0.1436568675667704,0.44083841972192495,0.12798633645836435,0.1726794912103016,0.09664437865613408,0.1593979996754874,25.832561492919922
550,0.14422955187433092,0.5310966103990924,0.12875883004850802,0.18623565581287724,0.09037001495073718,0.1546013057362474,22.794788360595703
551,0.13595360297917009,0.5220251363114752,0.12191794710597521,0.1790761169924752,0.08150180308313806,0.1458667281265561,20.8024845123291
552,0.14607176498905694,0.5357433621840688,0.1421308431843441,0.19836120304144764,0.0864218366872638,0.15251219395728408,22.35984992980957
553,0.14873239447407693,0.483039215037784,0.14815347823100317,0.195994297774829,0.10112778950460047,0.14903225843421086,26.8177433013916
554,0.15033090989948508,0.38179621289796484,0.1532091916277772,0.1858644803806612,0.11076110309346217,0.15386261668372608,30.62706184387207
555,0.14985241769684798,0.46356028023384227,0.12857188077227086,0.17642736640963821,0.10550255013451859,0.16540547169019482,29.1091251373291
556,0.14601894780515165,0.5309146160948504,0.12172993612097933,0.1801848904029609,0.09583304887599613,0.16003640959507956,22.519611358642578
557,0.13737512858102366,0.5129368152746516,0.1171350826598877,0.17367818731913973,0.08049771964986761,0.15537768499993365,19.76519012451172
558,0.1490307115214561,0.5435030349383374,0.1374157549954206,0.19542822355869444,0.09096586068887313,0.1592396329673827,21.16978645324707
559,0.15188034340477843,0.5427263474167933,0.15514821332123532,0.2105165181920293,0.09947191435916922,0.14643106588084193,23.738994598388672
560,0.14967570443214245,0.38393725975833537,0.1544201946905236,0.1872083468430681,0.1081275338292078,0.15318929160015024,24.41744613647461
561,0.14663404797749802,0.4307269272340378,0.1389351271394158,0.1806196700100761,0.0969928990406962,0.16033263401869374,23.028087615966797
562,0.1450812088655911,0.5457298875135617,0.13313256279878458,0.19207503775803847,0.08777189748342858,0.1541072560440919,18.002199172973633
563,0.1382449155661743,0.5328029901770934,0.12733933591157395,0.18526271509236247,0.08020040491634058,0.14789328779936423,16.73094367980957
564,0.15076003782282996,0.5508924225344655,0.14170601632342664,0.2001612172107179,0.09652617024641072,0.15498863998779486,18.38027572631836
565,0.15587968265621707,0.5350949006797727,0.16329681953394007,0.21641083112620188,0.10709669223358913,0.14560004436477977,24.03571128845215
566,0.15080584317188367,0.39950199872556225,0.16015762473831163,0.1943496781650617,0.11017961438190851,0.1482529377440811,27.71242904663086
567,0.1465365308857297,0.4319448925826224,0.1366884780894911,0.17886796587422413,0.09620950250234302,0.16228267510626043,26.843278884887695
568,0.14432916845888963,0.5295726856190597,0.13093936336777054,0.1878869808322404,0.08766926126036709,0.15579350143091492,20.886699676513672
569,0.13658430394663085,0.524226408523427,0.12787314178724782,0.1844950370352734,0.07933844528338214,0.14475253882441122,18.33479881286621
570,0.1492443641049113,0.5561286203420859,0.14098908856786774,0.20029473596418462,0.09275533053384592,0.15400319310272936,17.939735412597656
571,0.15156446524765801,0.5386582105722693,0.16326875451986556,0.2168958196702089,0.09859154980677617,0.14075083113869757,19.104354858398438
572,0.1469056664544621,0.3540219648558083,0.1606644271714498,0.1882869325549296,0.10688266732751853,0.14571718285262864,21.30783462524414
573,0.14748277293195852,0.4271999938445692,0.14925859914900527,0.18896451267694298,0.09743591602611716,0.15497725044770827,24.438085556030273
574,0.14418217232580874,0.5174058302498086,0.1427108537266304,0.1962387075156559,0.08367865998392435,0.15157327733384135,20.963634490966797
575,0.13450762829588037,0.5128092152476462,0.1395578288063405,0.1928794554408127,0.07348526055750737,0.13682685131514094,20.51970672607422
576,0.14723646824712286,0.5315007949939845,0.15065691598170342,0.20506318441202925,0.08607089661995018,0.1501579667766058,21.0783748626709
577,0.15093714448387732,0.4959725915291818,0.16344829124877405,0.21095176271740373,0.09317925780622129,0.1489625043724908,24.410682678222656
578,0.14974206309785767,0.37964719555273324,0.16192701546069846,0.19302989833098913,0.10116021601562983,0.15437432346581703,27.312957763671875
579,0.15364973615141586,0.4394409383448905,0.15156235538900162,0.19268786723984288,0.09945928316422133,0.16690801781283734,27.300140380859375
580,0.14619423409621196,0.5017180318853108,0.13498629003724752,0.18737653887268513,0.08772808958227306,0.16131759386649452,21.986021041870117
581,0.13610391480117592,0.5108274597467002,0.12760080426699671,0.1823474693355258,0.07457882519489475,0.14947525798911582,19.71942138671875
582,0.15069833296240406,0.5435737232832665,0.14419282636013533,0.20124724020629695,0.08628319205202237,0.16283128742058178,20.42363929748535
583,0.15046598525394336,0.5123123352652337,0.1564761550130451,0.20730989504907202,0.09044103043012663,0.1532493996540454,21.86271095275879
584,0.14862317818695228,0.3737974964603925,0.16828072509664016,0.1976402638628905,0.09383651020059292,0.1536715627085708,22.449504852294922
585,0.1555977506521341,0.42351395384720836,0.16631690815442948,0.2030593432533979,0.09709775833761557,0.16525635040123193,21.681346893310547
586,0.14600205537948652,0.4756984132974227,0.14818766414059323,0.19497491402014028,0.08227424389724611,0.1589126391158749,15.920049667358398
587,0.1375176509904004,0.49808311752247847,0.1432761591901326,0.19396286752332487,0.0699292267881418,0.14726795770106776,15.053396224975586
588,0.1518959485637469,0.5261910682173359,0.15787056943904731,0.2104877835502314,0.0841499793493399,0.1599058160131791,17.65910530090332
589,0.14913417053326858,0.4928217828797391,0.15947444786524215,0.20709549572445596,0.0937916727635474,0.1468426965394856,22.518285751342773
590,0.14433380539959828,0.3689861731562102,0.1639800777734958,0.19326666282816932,0.0982682187941114,0.1418249434293997,25.94688606262207
591,0.15475729447919798,0.42948702986702014,0.1664146357227281,0.20399640631476984,0.09789090961911742,0.1614311583756431,24.78180503845215
592,0.14517920801226494,0.480970255028629,0.13991492522504964,0.18863711519698953,0.0928878662490826,0.15290846326841548,18.448593139648438
593,0.1370659269200236,0.5092503148528142,0.13391920825951895,0.18753793777284683,0.08325823781812823,0.13998464538796165,15.00338077545166
594,0.1473319270052006,0.5331170283331443,0.14954280309893628,0.2043391209895374,0.0871051994605114,0.15014901887050885,15.5071382522583
595,0.14122447598300927,0.4798889265382603,0.14376751332323437,0.19178485806823806,0.09294701044033478,0.13922692400827424,17.87689208984375
596,0.1447093170456988,0.3601071490885278,0.161112331135555,0.18954016227169396,0.0969744973558144,0.14725029470160186,21.79595184326172
597,0.1516040878417351,0.4209897945369464,0.16286119812532793,0.19973671189841627,0.09608326563991007,0.15806876121873598,24.37360191345215
598,0.1420004912116913,0.4886780681926161,0.1429773669811336,0.19236318143991685,0.0888874538542446,0.14440704494975995,21.542051315307617
599,0.1351552423544368,0.49762881478477916,0.14152428126055108,0.19239635747829795,0.0765686001936727,0.13633257851172687,19.507644653320312
600,0.1544531475514329,0.5192207862125309,0.16452330855297692,0.21519437679005607,0.08746055388112653,0.15992309142915573,20.919477462768555
601,0.14890461285432294,0.4703461816479916,0.1490287580050558,0.1949312470969038,0.09385218751150126,0.15680218006703361,23.813447952270508
602,0.1449759187276421,0.3769801643304984,0.14911393276919657,0.18166625156366825,0.10029258192496744,0.15196979719845954,26.415014266967773
603,0.14821214755682988,0.4076606303046202,0.14868750169573033,0.18568366292557176,0.10031075814613787,0.15733828734353633,26.05782127380371
604,0.1343091985436982,0.4872341547764144,0.12229745582503859,0.17443126996094943,0.08568115586010691,0.1417519234017458,21.197446823120117
605,0.12403458921924203,0.4789618971582479,0.11539908476060552,0.16733662938884014,0.07430743386129642,0.12965656500904604,18.815095901489258
606,0.14231948967121355,0.5191657403326315,0.1410433124773419,0.19506080217095464,0.0838454874145639,0.1473355932085086,19.47565269470215
607,0.14284551763993625,0.49951306651412225,0.14254710832328474,0.1935422452076901,0.09062727681027084,0.14417684174410883,21.52351188659668
608,0.1465852779292143,0.3806698251025084,0.1645744243552806,0.19544519589059886,0.0982903755321668,0.14609088931041941,23.397905349731445
609,0.14649323593730254,0.4088787082268027,0.15845285877983734,0.19422798012940382,0.09410536848858984,0.1505647187868375,22.86124038696289
610,0.13679261069956158,0.5031054322362681,0.13509592707344684,0.18766871352527845,0.08417537961738868,0.1383160979239606,18.282657623291016
611,0.13164303025356994,0.5042708770285227,0.1362920397469336,0.1888604450728749,0.07610954692714432,0.1301695901973005,16.684370040893555
612,0.149748303081068,0.5584865277048858,0.15224862378759882,0.21028261006149698,0.08801805272705918,0.15079475353295044,18.729814529418945
613,0.14650259362877738,0.497528911442765,0.1421598232463506,0.1929268358458384,0.09445098565235537,0.15142653866821826,22.76618766784668
614,0.14464040797546984,0.3837318565725715,0.1472084097357336,0.18099747356956758,0.09942290580628059,0.1523932899786749,24.244966506958008
615,0.1431552540170885,0.418798257752823,0.14076398225199596,0.1804831644663998,0.09438805641442093,0.1531646302762752,22.896194458007812
616,0.132744444484189,0.524887319135098,0.12099580870759268,0.178694595911522,0.08161040752934809,0.13728034432075842,17.499296188354492
617,0.12944364907307448,0.5324331642055657,0.12070733918670906,0.17952531418940287,0.07706536906317075,0.1314531871049529,16.01988983154297
618,0.1466280781949073,0.5628997550457161,0.1329375177449722,0.19436069450222135,0.09042968203961424,0.154035635561889,17.457914352416992
619,0.1411914462076078,0.4917439319137401,0.12797090262489022,0.17993847823758305,0.09067978562442289,0.15148549619166618,20.10338592529297
620,0.14191289958748524,0.37497585478867457,0.14772435729320824,0.18018885693541772,0.09383856219825873,0.15048648212361754,24.0488224029541
621,0.136922671878102,0.41781854785073347,0.1305498164861789,0.17158820668111524,0.08857905089607596,0.14889099728473815,26.545469284057617
622,0.13136688071299304,0.5356734243277699,0.12261888184121966,0.18162667362501253,0.07718149323964882,0.13480177595415221,24.168312072753906
623,0.1289557596593709,0.5572608874634524,0.12278102981253841,0.1848495809055261,0.06930606637316994,0.1322421476944109,21.90718650817871
624,0.1475524662015471,0.6023808007544231,0.14205809341778206,0.2078184801801594,0.07944895040720515,0.15441028029031068,23.651681900024414
625,0.15651141028174245,0.5346734113241087,0.14043837908634035,0.19675766940602157,0.10084372924456367,0.1700051544555297,28.271804809570312
626,0.15301063802718026,0.4064965809769928,0.15348605937048512,0.18963041959998625,0.09710628142607217,0.16988464117694463,30.7257137298584
627,0.13882411131366867,0.40892862195352214,0.12554647237579372,0.1660296366011835,0.094877038147541,0.15347296570745494,29.07817840576172
628,0.12887837848115147,0.5125829857965064,0.1138201335926781,0.17078625533608216,0.07902821997007624,0.135827874930278,23.795019149780273
629,0.12478432835847673,0.5449806084422995,0.10835965308282036,0.17073407527703166,0.06967618102840607,0.13279792871855303,20.462501525878906
630,0.14040540608732643,0.581496131624387,0.12584848284662672,0.19094100410059248,0.0790972959829427,0.14983135416705448,21.060039520263672
631,0.1425688371288288,0.5121773528538125,0.12558195671741512,0.18080987045118618,0.09054548203936373,0.1546283686750481,24.100021362304688
632,0.14084276994705694,0.3802430804876137,0.13656002498280603,0.17137189005492143,0.0918113813976752,0.15703225483338462,25.519624710083008
633,0.13199800357979383,0.41903714196763914,0.11571137137790527,0.15904362431929583,0.0894226402717295,0.1455865283272859,25.04045867919922
634,0.12703701455450256,0.5129119510335649,0.11863994957337355,0.17496452121054376,0.0754846964561399,0.13020872456653382,20.38283348083496
635,0.12462833005448494,0.5457477547816116,0.11544450073285911,0.17691639416839516,0.06662656775638356,0.12962781596565218,18.08442497253418
636,0.14055289177714075,0.5955714212902188,0.13085656992551117,0.19724440583475508,0.07697534835106541,0.1465781674745441,19.510446548461914
637,0.15002094380103584,0.5614198358053332,0.13538444991663415,0.196246647900734,0.09241618055983793,0.15997762054984807,24.752824783325195
638,0.15327776677086694,0.46583047020211144,0.1534797605875751,0.19810129053250883,0.09348157236370709,0.1663788535856952,27.509593963623047
639,0.13719304530514986,0.4396998153220739,0.1236934634823998,0.16883722803092466,0.09261416654007038,0.14851090433954145,26.39089584350586
640,0.12581519585385542,0.5036959571902038,0.1156939650634522,0.17112282108155957,0.07573844406298992,0.12998818159662165,20.75989532470703
641,0.1218697662397215,0.537785417538621,0.10808730721794794,0.16947275154947267,0.06649439728097886,0.12867060193258908,18.883638381958008
642,0.14340897781153097,0.6000742470788638,0.12996798231089773,0.19712602013489292,0.07969984953034014,0.15215205302463125,19.098020553588867
643,0.15244681424893594,0.5524981857237099,0.1400015096269931,0.19892960621223832,0.09819177388539713,0.15924753159914284,21.4149112701416
644,0.1516033678055723,0.4488636714618762,0.15262172663548057,0.19494200446782278,0.09234141490967816,0.1655362695100105,24.44893455505371
645,0.13768524247501351,0.45886329306566565,0.12267798718100877,0.17070445945024545,0.09430029135609785,0.14675525985073679,27.019763946533203
646,0.12996917330121507,0.5080149609088233,0.12393178391522879,0.17880080920002797,0.08022848748438347,0.13076459197948143,23.625730514526367
647,0.12337384443703657,0.5417686019300527,0.11489167551547164,0.1758740935746975,0.06690772212029249,0.12684398346873432,21.652029037475586
648,0.1450169980353289,0.6241696345571883,0.13129348556360124,0.20170436399125652,0.07971708627340097,0.15255297561557912,23.354215621948242
649,0.15197819427376746,0.522778697899603,0.1399378151614291,0.19462936983831108,0.09718725298339961,0.16260048928386361,27.875198364257812
650,0.15582717630121046,0.4607220926079746,0.151909006091784,0.19602516130838268,0.09762330427865974,0.17158232743966667,29.659055709838867
651,0.1467490319328197,0.47572762862268525,0.12529250999680908,0.17535466980050568,0.10430926864338004,0.1588538916768542,27.68951416015625
652,0.1381889157286971,0.5232323426992462,0.12602427290714402,0.18276828287744434,0.08878948304914731,0.14240647306814938,23.443357467651367
653,0.12835277893185695,0.5535414845696188,0.11335107824671271,0.17623542200712786,0.07540404726817591,0.13278560644671583,21.566984176635742
654,0.14854610911206023,0.6226156258837979,0.13589707515450108,0.20542829668725776,0.08713021989628274,0.15251309804756774,23.274747848510742
655,0.15121159419787122,0.5563198377067905,0.1436838952564872,0.20263188703510196,0.09333599007304584,0.15685999157451655,25.041929244995117
656,0.15247878846004495,0.487475067475451,0.15056211070609637,0.19869253310171844,0.09176969292244512,0.16516222049398047,25.1584529876709
657,0.13674781549063064,0.46498065891060497,0.13124615464555842,0.1789225123977079,0.08778538291468817,0.14268708420088766,23.025964736938477
658,0.1260551115850608,0.49029597275852893,0.13188404074123325,0.18308574531513264,0.07260176206817928,0.12292498789851927,18.266738891601562
659,0.12166380576315489,0.5141498533175322,0.12337190809307459,0.17919732883942568,0.06351437763542632,0.12220272268318044,17.007638931274414
660,0.14427368798804674,0.6150387202395752,0.135233048573885,0.20377671595469787,0.07791377917352378,0.15027345872993464,19.812498092651367
661,0.15126589537908808,0.5404865504117289,0.1430928365390436,0.1998633670922843,0.09064265332465779,0.16178844442766782,25.7655029296875
662,0.1531440813828631,0.49994927328837246,0.15121074112765684,0.20103053143633046,0.08887300721639288,0.16748062748174053,27.78173828125
663,0.14049332325299455,0.508303381322621,0.129262934096836,0.18341156941480527,0.09005401428845095,0.14707425320538586,24.36505699157715
664,0.13142003128644522,0.5385446174245581,0.13550172895230503,0.19307928444834116,0.07566018343401823,0.12625805164065987,19.14122772216797
665,0.12572451909462706,0.5533744300347412,0.12560191136420693,0.18671227117428324,0.06697673143425772,0.12376455022775108,17.79976463317871
666,0.14676346499045226,0.6490005627596023,0.1400397544844563,0.21274844138090573,0.08014398487625478,0.14731865574872832,17.588809967041016
667,0.15761952275953908,0.6035050543313447,0.15091645918577437,0.21557197277799872,0.0912250426048371,0.16500629912875114,21.04643440246582
668,0.16282732980083484,0.5197400369842587,0.16296101894987458,0.21392945009764372,0.09072271303004076,0.18120451421557182,22.770206451416016
669,0.1396617345129083,0.4525956562058169,0.13442116740449353,0.1798746658046826,0.08665897653227085,0.15085283286566356,23.681636810302734
670,0.1307599494974437,0.5270129857768727,0.12971261705786932,0.1864698125891555,0.0766250166567113,0.12938188552783675,21.208444595336914
671,0.13038476087339798,0.569305929910069,0.12479338342520062,0.18829517578018182,0.07114534086061478,0.1315476403411475,20.89311981201172
672,0.1532285433687379,0.6792649899818322,0.1380936571091585,0.21540384751954042,0.0847292856555341,0.15876200273583893,22.748779296875
673,0.16370538369698656,0.5797874464403077,0.1546541119342734,0.21538744543513547,0.09945336266855086,0.1747040980759875,28.290178298950195
674,0.1672608601162202,0.5389392682360383,0.15971007687211455,0.21388567563838937,0.09577598136340582,0.18901341544303485,30.11572265625
675,0.14690924672360917,0.5102659642554612,0.13659040651642962,0.189972629050577,0.09010522268250738,0.15893230822347643,26.57499885559082
676,0.13435369814857367,0.55100541420584,0.1290635077904387,0.1893409229926389,0.07794152500891251,0.1356005279072201,21.891761779785156
677,0.13420445953827023,0.586110951496986,0.12369713692216355,0.18975625328999532,0.0742514509776977,0.13805552249601177,20.984384536743164
678,0.15587384203663526,0.6744877581207513,0.13976469175579256,0.21615370123650096,0.08177875005442604,0.16796217072118588,22.598438262939453
679,0.17001316287311105,0.6532029401294341,0.15793342604526625,0.22868621377157597,0.09527426294069428,0.1840707807778189,24.788917541503906
680,0.1684521488070026,0.5873756904125337,0.1541078666186105,0.21600327001774236,0.09016139427977207,0.19534932795893203,24.841581344604492
681,0.15132343397257045,0.47471886919592776,0.14009004229419872,0.18789416042301715,0.09457790702556641,0.1689763844070582,22.801401138305664
682,0.1368647519922667,0.5790971668346134,0.13497991918280225,0.19842524027591812,0.07755879298961069,0.13489203887139573,18.793834686279297
683,0.1393369253761966,0.648960008205604,0.13454403016097347,0.20803202702449214,0.06862559625324254,0.1411011244165229,17.348825454711914
684,0.15723947935107915,0.718739383772875,0.14482719079759004,0.2268146469369165,0.07771856446152833,0.16594200824182853,19.965301513671875
685,0.16637518815127061,0.6228181688857601,0.16085896607227046,0.22685313790276898,0.0922024849050856,0.17835809745912143,25.052734375
686,0.1704546817219412,0.5402430236604102,0.15541657664976344,0.21039178336557013,0.09759201122342379,0.19926455446996857,24.824283599853516
687,0.155975164336597,0.5829890981981524,0.13692011004706947,0.2006442512115099,0.09420874362805291,0.1709353314410243,21.341947555541992
688,0.14258513281648577,0.6727108845178947,0.12977531140929138,0.20733753613909187,0.07970914661877855,0.14094326783219924,16.902198791503906
689,0.1432174755625071,0.7077438953878035,0.13366668555373817,0.2156777155300332,0.07241774653954769,0.14176452848601118,15.750701904296875
690,0.1586955310468136,0.7545291727889092,0.14439805188740315,0.2315596405876183,0.07551281035429767,0.16772431580456093,16.479820251464844
691,0.17129145169392015,0.7024428173531703,0.16366235640532947,0.24063099368359245,0.0926147710305574,0.1794614480333993,17.65041732788086
692,0.1656820069568292,0.555115271078018,0.157661332387753,0.2144404664863623,0.08960662495217002,0.18958431412256443,19.86046600341797
693,0.15790624775668646,0.5555825505545021,0.1465580442588014,0.20499011658675867,0.09553043122606183,0.17128670199466978,19.792789459228516
694,0.15331051939003093,0.6956313531070011,0.1453207406590773,0.22393654243735212,0.09228965100291069,0.14490600906235515,17.1500244140625
695,0.15043357775338764,0.7251378626225335,0.14541646815774065,0.22823381022413963,0.07908723012697953,0.14478642851458673,16.971643447875977
696,0.1640136474028481,0.7530874335733317,0.15885826223945512,0.24374814385858037,0.07787444076754732,0.16961776880997054,18.997535705566406
697,0.17077070540991132,0.6572236767306676,0.16879121539347453,0.2385672812987878,0.09176505097906203,0.18057864913413754,21.977636337280273
698,0.16808788922689566,0.534557997318674,0.157833710387963,0.21165146566377888,0.0927802903650716,0.19586390884871885,21.258527755737305
699,0.16333705887764272,0.6283162660289682,0.14707852996048118,0.215826777970265,0.09533311204298466,0.176912008151924,18.07106590270996
700,0.15840812032583568,0.7672721828676337,0.14577762408227732,0.23456256105161397,0.09234420296611748,0.14957891238053317,15.707666397094727
701,0.15676865342049348,0.7680554956889776,0.1482610955910174,0.2368031527478689,0.08604950177241731,0.14861772420110667,17.079219818115234
702,0.17005762063207283,0.7892926513979475,0.16192569104308724,0.251549542522353,0.08808897452394092,0.1704747543226931,18.682836532592773
703,0.17447987418247676,0.7004881322094354,0.1685700214182464,0.24455832295984484,0.10138710131955615,0.1771174077573352,20.023204803466797
704,0.1697648327092981,0.5302877036714088,0.15802991047998,0.2112095952216127,0.10392789223761564,0.19110798842374493,18.443286895751953
705,0.16240685819874998,0.5577868912455668,0.14998425470053187,0.20824177420696538,0.10764525858316842,0.17021770635519534,16.58673095703125
706,0.16031259267687628,0.7280377695097768,0.14481609629124523,0.2281334781796069,0.10319556245112073,0.15094671930952308,14.477543830871582
707,0.15631831277674976,0.733009046569068,0.14744135523816623,0.23109388257115218,0.0905450643676869,0.14844128156457773,15.39208984375
708,0.16839057868337484,0.7249957417919449,0.17124947389501224,0.25035608359457406,0.0933709430211004,0.16231294309056565,16.7910213470459
709,0.16910306589416968,0.6104601313548292,0.1674142309442915,0.23070650243151114,0.10262544558206367,0.1733679766970887,19.376890182495117
710,0.16692792871185758,0.48258751822136076,0.15935861799996856,0.20553417517445313,0.10236486697842152,0.18964014207384294,17.831064224243164
711,0.17034081226638317,0.6552146711552767,0.16135440214662383,0.23190586914785996,0.106219078248863,0.17257790476042123,16.180204391479492
712,0.17280841580898515,0.8073502713298915,0.17136543395471293,0.2622204107225956,0.10736832444352833,0.15183300020435073,14.797301292419434
713,0.17054347718684876,0.8296044954223762,0.17637049590672724,0.2696896386946771,0.0967365037065295,0.14837168766277836,15.363144874572754
714,0.17593249487859863,0.8230440000545401,0.17955872796180772,0.27148519540362664,0.10194349942553593,0.15706425294062892,15.859918594360352
715,0.17301738461725766,0.6601950939715553,0.17568515334501264,0.2449008591488044,0.10391949344942455,0.17057999917400818,16.503211975097656
716,0.16887721089994628,0.4907544572636289,0.16332471684030245,0.21010039404363479,0.10278356676133363,0.1906388642705049,15.9016752243042
717,0.16938058756650068,0.6133539568605629,0.1607839079732006,0.22543677209996668,0.11172195376195927,0.17078273067869165,16.05930519104004
718,0.17065316470657546,0.76834075533376,0.16657414218483346,0.25254080120610867,0.11041928215325233,0.1517061300036416,15.149981498718262
719,0.17360804267883012,0.8149672376158886,0.1794110517712307,0.2702047926061818,0.09925643407925941,0.1541435440170218,16.246116638183594
720,0.1757842405974537,0.7969895454068538,0.17796258431952303,0.26639500733199883,0.09936290124736122,0.1633684916360577,18.399822235107422
721,0.1737066762774612,0.6606256588076356,0.1726772257528332,0.2423841447606621,0.1001179819070253,0.17800399892879187,21.026004791259766
722,0.17175693008764326,0.5192335218334534,0.16139258323919822,0.2125127173240918,0.09838545324637958,0.2002956584918565,19.0706729888916
723,0.17132153304848405,0.644200864133923,0.15982741941148956,0.22902362580040864,0.10731390979576881,0.17683887223667583,17.525249481201172
724,0.17595117027758847,0.7761859247881482,0.1637273744122969,0.2512214530374185,0.11659629517182069,0.16202518858028392,15.300592422485352
725,0.175462033591574,0.803947706407196,0.17233415444684486,0.2625646618697522,0.10543541317148997,0.16052052671574163,16.26559066772461
726,0.17568123161561336,0.7836077506937782,0.16581453835065593,0.2540707115425305,0.10099968335802172,0.1724367914049535,18.635051727294922
727,0.17413317309930879,0.6600371476921194,0.1647677862026646,0.23552055212972953,0.09915008841225174,0.18602941554886557,19.568769454956055
728,0.17137877325927858,0.5333453995938511,0.15230200654731993,0.2067367769825387,0.10222618588362496,0.20094903395512292,16.811378479003906
729,0.1688064847266895,0.5941175862393998,0.15359788574074795,0.21652927152626963,0.10692045591061707,0.18119932149112022,14.981805801391602
730,0.17449501320351612,0.7343938258336695,0.1703125224661962,0.25089556580440664,0.11234437643170672,0.16202633685307016,13.223732948303223
731,0.17705390086599446,0.7824278083412587,0.18215280255964972,0.2679063748141653,0.10625093234724413,0.15951058361525144,14.0686674118042
732,0.17242780636264318,0.7630617452002739,0.16890771902406296,0.2537868656206645,0.09907202300051107,0.1654249399537402,15.841381072998047
733,0.16863078037072304,0.6355610759499659,0.16267463633911664,0.2302298419978094,0.09379970160977284,0.1802087953628539,18.106473922729492
734,0.16802476603738048,0.5061998398887624,0.15469873780029142,0.20491318095578728,0.09511756471596233,0.1995412041400154,16.84701919555664
735,0.16563009310974736,0.595742729537754,0.1527408945960479,0.21602687101629162,0.09974483054842624,0.17918251718267708,16.44150733947754
736,0.17245441587478538,0.7468262017954519,0.17215849202924102,0.25425387913869973,0.10674500712565685,0.15837561817434784,15.267396926879883
737,0.17381488858941355,0.794289559778087,0.17924108265874553,0.26710515081865144,0.10214100838016492,0.15490055432192296,15.1496000289917
738,0.16607840201087157,0.7496327434427255,0.16399122979786332,0.24765430317570078,0.0885480691892864,0.162538529710533,15.751379013061523
739,0.16584645964760603,0.6194242887824388,0.1549756289152512,0.22132543746770658,0.09083230632393587,0.1829397382132295,16.51053237915039
740,0.16981842878465764,0.5161658017680077,0.1532163406246522,0.20506626364513156,0.09695634188298995,0.20273089932070226,16.64255142211914
741,0.16702492960843374,0.5854882484244618,0.1512247581653542,0.21326239963094099,0.10229818970987992,0.18320304074997448,17.794647216796875
742,0.17650284652854956,0.7353550106532157,0.17241510794792625,0.2528350940486819,0.11283161719053167,0.16542445561919944,16.50505828857422
743,0.1792178123647274,0.7824574647727307,0.18752616040114134,0.2725163467399398,0.10634655274439142,0.1613439469542105,16.65799903869629
744,0.17240166673665372,0.7623545323760558,0.17255722500141432,0.25681398319779164,0.09716916399560487,0.16436932973157575,17.594133377075195
745,0.1707866723457218,0.6219372633261708,0.16056496944254764,0.22647529714020806,0.1000829718108127,0.1839248636185918,20.306804656982422
746,0.172256931867013,0.528740251287941,0.1593918533407741,0.2121559101903694,0.09966372175657869,0.20086438468070617,20.373762130737305
747,0.16906046513597975,0.6009083470386123,0.16129261681036694,0.22409486398583053,0.09998493685230724,0.18134645339057381,19.514251708984375
748,0.17165927284500024,0.6928457900719812,0.1628715132945582,0.2385821242627615,0.1080721530370873,0.16874050768638296,17.566539764404297
749,0.17363058134980922,0.7360743249399617,0.16930447877837107,0.25027159965859835,0.10249185380674777,0.16881607692979755,17.24340057373047
750,0.17111827013880812,0.709029146255282,0.15878617623320643,0.2373923148077887,0.095132184257098,0.17961630619994653,18.32276153564453
751,0.17153864448195183,0.6267230979173439,0.1509187546923342,0.21889080372447847,0.09833916626576247,0.19415504858390673,19.057373046875
752,0.16036964740816806,0.4916240927640448,0.1328991074022837,0.18414553388253527,0.09186745008340133,0.19950516940226756,17.90407371520996
753,0.15697997179746442,0.500393393575671,0.14648204537427661,0.19704080940304722,0.09698976799218596,0.17441816722219805,16.637758255004883
754,0.17722156310222775,0.6933100676093381,0.16864188582844722,0.24359448322571736,0.11328056809906766,0.17509362862193945,14.850167274475098
755,0.1750126417372759,0.6973899761388703,0.17497041225754884,0.24960177852630908,0.10188598988557072,0.17373296741711391,14.89637279510498
756,0.1673125026466736,0.6401143185959169,0.15539703577400396,0.22464236189142012,0.09928553396916236,0.17667247340034276,16.31212615966797
757,0.17107539521446546,0.5273934026087734,0.15385156956421775,0.20721468857058284,0.10733425757894986,0.19522700895893894,18.48141098022461
758,0.15796184159932222,0.4483748903956453,0.1341219875844025,0.17901525941458002,0.09235447335092983,0.19694654822831498,17.660728454589844
759,0.16024543052164783,0.573344046880744,0.1488824037140587,0.20951978130929946,0.09300237376876216,0.17596804824122755,17.488431930541992
760,0.17692007527154843,0.721823971230812,0.16678867227540203,0.24607942926903198,0.10984329973563585,0.17509781911767375,16.000755310058594
761,0.1730631934809461,0.7154047528906897,0.1691827112484348,0.24721443148304262,0.10020954000187692,0.17192780702329719,16.083885192871094
762,0.16673964504690902,0.6427588747852993,0.151311669753583,0.22151841332954245,0.09870882715864604,0.17833518845183488,17.015657424926758
763,0.169452104614925,0.5433031507578813,0.15278718949176598,0.2085751839583539,0.10581306708934655,0.1909035680243058,16.293453216552734
764,0.15888577044459334,0.4657228464865106,0.12966542262001857,0.1776736260295174,0.0939567799592331,0.199259263482475,17.297691345214844
765,0.15863070037039256,0.5207016591126079,0.1464876065264797,0.19994675689592661,0.09764781978605337,0.17583917142184707,17.740514755249023
766,0.17793726222758643,0.6964081021254109,0.16904354692320203,0.24438134052351757,0.11409233343872027,0.1756630064089045,16.6042537689209
767,0.1741629960969996,0.6730409961422656,0.1780172265296441,0.24873490790287578,0.10609491448709082,0.16847214467552807,16.132827758789062
768,0.16931434341163318,0.6034847329996362,0.15829837110086095,0.22189642280068597,0.10581586136658834,0.17886619573562615,17.463844299316406
769,0.1717061682431544,0.45252443066487114,0.1618372652204703,0.20336400314109898,0.11158057953023863,0.19661545283125414,19.076122283935547
770,0.16849177610507682,0.49355834261330256,0.13974999441362138,0.19029404415643297,0.09927392211209714,0.2099804138039974,18.510704040527344
771,0.16504466730254042,0.5889634363570152,0.1431567963946872,0.20684345924644834,0.10596163727492072,0.1801683756257882,18.635879516601562
772,0.18997226124160574,0.7605461488218574,0.1785335988601311,0.26167824885466345,0.1201405879354005,0.1883322362231098,16.98301124572754
773,0.18496357806079836,0.7213348841729861,0.1652319621910302,0.244675236759881,0.1189327961799194,0.19049281084487002,17.796710968017578
774,0.18293054522711036,0.6276078384926835,0.16173395076761352,0.22828736329976637,0.11120107210384604,0.20600661839639253,19.45707130432129
775,0.18223208508218416,0.4973843895010274,0.167307461491594,0.21446130835008453,0.12046184151989281,0.20808047783977637,19.89280128479004
776,0.16582081551750885,0.48584628480524267,0.1385679536269727,0.18817914379529702,0.10325429339345638,0.2010029851329902,18.152591705322266
777,0.16251034173620232,0.5293192490275878,0.15625493812344307,0.20954983968117805,0.09435948339280649,0.18098278208481994,16.63344955444336
778,0.17492283966485667,0.6257793950386936,0.17125762495236982,0.2361893063932732,0.09903146532680299,0.1877196338232892,14.604141235351562
779,0.17759598247813435,0.6574924826625436,0.16462386136712823,0.2350336644093304,0.09346074487973786,0.2009563436869347,14.748587608337402
780,0.17801833102827172,0.553395330922183,0.16234496692298625,0.2182093046371572,0.10749402394605592,0.2045599978174357,16.529685974121094
781,0.1751089111244929,0.4378366066311492,0.1666006327313325,0.2053486290027349,0.1162896363717717,0.20011602338966222,17.677104949951172
782,0.16646349363699753,0.4900167294879588,0.14098333628138207,0.1908452495966073,0.1047515259804819,0.19912742887179014,16.729785919189453
783,0.15996384662690655,0.6179500403018336,0.13592639375335616,0.20478691468885296,0.08734571412499477,0.18428452801187625,16.606765747070312
784,0.18005240812969492,0.7259365811161156,0.16595224484338994,0.24595000716806498,0.09837256382555634,0.19386187273724234,15.583084106445312
785,0.18238349431061673,0.7150601543880455,0.1623832897493713,0.24133712755489617,0.09458184951059034,0.20762550442189537,15.725083351135254
786,0.1787667174312038,0.5807269720253888,0.16235379231031039,0.22212138941246445,0.10094300369502199,0.2089271289667598,16.641111373901367
787,0.17729586983475681,0.46205606995185133,0.1657381212078585,0.20806925674271462,0.11081585316510731,0.20853917087623705,16.913545608520508
788,0.1623130170172326,0.4918800993202469,0.13916738069329626,0.18955491192571777,0.09876790307400829,0.1940783336726294,16.68434715270996
789,0.15958918024245874,0.5632819344335303,0.14620487590339387,0.20578731283627047,0.08677588624414001,0.18287744647140236,17.57448959350586
790,0.16833827253208214,0.6197240247120749,0.16375279389474331,0.22889154115436214,0.092632329663494,0.18159686249760176,17.0316162109375
791,0.17416781831406045,0.6502265202324489,0.1625129398147319,0.23218630844583435,0.09565441127708153,0.1921008706061148,16.697954177856445
792,0.18250645122843245,0.5517873796540123,0.17334808410871108,0.2274108406151827,0.10907638456321633,0.2074664188470901,18.161273956298828
793,0.1859580363216221,0.479328245630245,0.18045176434091711,0.22314840452510684,0.11777899817774007,0.21307312251946975,19.411977767944336
794,0.17210682123495655,0.5270384793422133,0.1561726119255449,0.20915345012792613,0.10656649914628133,0.197038802781199,18.699430465698242
795,0.1648183991735687,0.6286066357873085,0.142756119602398,0.21216333620024236,0.09369646352062677,0.18562327297155345,18.760454177856445
796,0.17518093856650266,0.6841995598742622,0.17248286713709582,0.2455852518138339,0.09103605672561499,0.18720393608586464,17.674236297607422
797,0.18376854002084622,0.6832474102730781,0.17292350076200516,0.24582691640644413,0.10329975359147532,0.1998776488091475,17.826114654541016
798,0.18570760733840164,0.6120023134338105,0.1770399209119624,0.23917740555794076,0.1124766162863642,0.20299865106683762,18.96014976501465
799,0.17699381555696372,0.5094735742977103,0.17035053482658014,0.21879668332245591,0.10961676861345741,0.19937122233772606,19.959888458251953
800,0.15915809982868726,0.5002352991935541,0.14666653458600726,0.19717635810137107,0.09205238888086599,0.18460962091943253,18.02120590209961
801,0.15827645200643153,0.5515105347402813,0.1483089061385898,0.20590913879597425,0.08971724653117362,0.17658715585643234,16.6916561126709
802,0.1697110167323439,0.5963674765387006,0.15623831659515533,0.21911391087280466,0.10060793515869819,0.18694868073638074,15.559930801391602
803,0.17792642097566896,0.6292357039796571,0.16034316349328145,0.22732781213419231,0.09441235683918818,0.20777500983138175,14.911138534545898
804,0.18356383550389452,0.5876137176808945,0.17634868812993068,0.23510083520863984,0.10343952767503552,0.20857773011249398,16.328800201416016
805,0.17604428186989507,0.5116841372215273,0.1736200047314964,0.22191488080150082,0.10611730769870807,0.19709361020452865,18.0596866607666
806,0.15880684480644683,0.5092680318683287,0.14955532549926553,0.20094285498056028,0.08743845787249868,0.18438517447130218,17.582836151123047
807,0.15644989767316322,0.6135136582094183,0.1446470661421604,0.2116280078660544,0.08537023286280578,0.17036375796344622,17.982585906982422
808,0.16274191503209945,0.5952414657795577,0.15010413702616346,0.21369518399093407,0.08937260737587925,0.1823559488923118,17.145126342773438
809,0.17481274798692403,0.5802587351454246,0.1626390043023899,0.2222989658513949,0.09462076247975662,0.20343029467428356,16.60062026977539
810,0.18156993754364262,0.5778698819730206,0.17917254455011264,0.23612930703909946,0.10407598445283141,0.20163769818957766,17.33922004699707
811,0.17358462732796606,0.5366621079511283,0.17209920793718866,0.22417962222489435,0.0987398630759044,0.19480317551370777,18.04117202758789
812,0.15813683766481096,0.5395449045661085,0.14719113441226464,0.20324167300567092,0.08485187873945321,0.18279444580124654,18.752294540405273
813,0.16580756734930693,0.6763151376752923,0.15947915863031367,0.23331286992245345,0.08784906655898883,0.17495411578933198,20.069889068603516
814,0.16498353899383345,0.6222868836440325,0.15549771022877418,0.22218187785952534,0.08564464454141252,0.18435652513222134,20.129619598388672
815,0.16784241318709434,0.5580146428638236,0.1562395660782703,0.21363600561906362,0.08953044285256587,0.19629599385183355,18.764297485351562
816,0.1717141292080501,0.5953630864582136,0.1618122303070339,0.22374806690005958,0.09421608034683046,0.19399522648110906,19.401147842407227
817,0.173714723724036,0.5672919817263282,0.16429306917616274,0.2218643423976149,0.09462960532330641,0.20078328598529294,20.734514236450195
818,0.15528895351347605,0.5212558217905681,0.14530412738841006,0.19901151230300407,0.08514554077288783,0.1784072007206537,21.079530715942383
819,0.16806045874764652,0.7120203053174632,0.16401079841250626,0.24229787082750012,0.08701989836165777,0.1740132135155148,21.336990356445312
820,0.16878932305212338,0.6180702092128854,0.15808521033796258,0.22379735303438014,0.08747941943952206,0.1918034624786749,20.835081100463867
821,0.173626615128764,0.5580350857704806,0.1663662529804435,0.22231894337902022,0.09389915657594534,0.20078235414350618,19.883831024169922
822,0.17174969221318828,0.5534424268165147,0.16713494874756743,0.2223217313288456,0.10055944097788072,0.1897906278178823,20.113618850708008
823,0.16795990204188252,0.5381101456699874,0.1621169777638545,0.21583028746473065,0.09444901584013013,0.19039534022342375,19.929895401000977
824,0.1532198963131193,0.5175406913559718,0.13836597856556418,0.19253379467847956,0.08726737454232954,0.17652869179287012,18.453672409057617
825,0.16471577858924336,0.6762418906989562,0.16758488053967302,0.2402501677052849,0.08958377947224608,0.1643636873400796,17.608219146728516
826,0.16654337939154393,0.6138365753746967,0.15563080433067578,0.2210887716226788,0.08921034090778521,0.18648256986258976,16.420087814331055
827,0.16925339878090392,0.5693628350797022,0.1597305071415521,0.2182494111327164,0.08848572918841849,0.19705359886649276,15.248340606689453
828,0.1689672090581294,0.5714766705351944,0.16378106599372508,0.22202329521393496,0.09665942726135346,0.1858124427439785,16.302738189697266
829,0.16424942416540536,0.5379397946866142,0.15303781213889095,0.20802380964570855,0.09539089704337413,0.1861980481019174,17.249608993530273
830,0.15022217462285067,0.4909877713598915,0.13309115110895023,0.18421923971622758,0.085498991161612,0.17710752819472966,16.837974548339844
831,0.15820426364599624,0.6503124240473344,0.16230620225374462,0.23202137679568602,0.08565253104474849,0.15709705566610951,16.521728515625
832,0.1644892794803409,0.5887099244182747,0.16082110874693373,0.22194808241426817,0.0839032835444411,0.18472557335706685,15.691807746887207
833,0.16503003690737586,0.6022262316124555,0.1644499116646075,0.2269893859428715,0.08194273156511342,0.18351699867579685,15.386723518371582
834,0.16246655980699515,0.6056615046311589,0.16399752936273818,0.2270923829725126,0.08688698638354474,0.1720510912826865,15.725292205810547
835,0.16390969263154181,0.5430135716490491,0.15715360550396398,0.2122764578104047,0.09174148209984202,0.1847359573152741,15.887853622436523
836,0.15541631878888787,0.5296592322109477,0.1396044454383898,0.19532655783446945,0.08327671471761737,0.18361701318636564,16.23892593383789
837,0.17535250869474298,0.695106816983589,0.2022463010258956,0.27265494616270897,0.09618992786929269,0.15948013413254175,17.277050018310547
838,0.18083879517941567,0.6419051076189991,0.19713617181649887,0.26067459121685604,0.0926479196003361,0.18814948977835003,17.955949783325195
839,0.174472212086598,0.6682738366900067,0.1814973130248645,0.2510368164055991,0.08263929247999084,0.1878319879632533,17.419605255126953
840,0.16395637632002907,0.6423923541805785,0.1617404825917568,0.2304050356758742,0.08611598436711865,0.17392414234246126,17.167924880981445
841,0.16153183853856137,0.5268271964922054,0.15153724778926295,0.20515009760396902,0.09507469113553942,0.1815158658339739,18.157752990722656
842,0.15212474665596246,0.4888105814385287,0.13159282989418944,0.1826239372576665,0.08444933720382278,0.18465393815009362,18.63844871520996
843,0.16975483797034238,0.6920067952539541,0.1922171651616502,0.26361568374626504,0.09647136238864244,0.15174963905039757,18.340923309326172
844,0.17539599507791273,0.6398587785686014,0.18599731449654552,0.25083466650683917,0.09047360993034585,0.18369424458172312,17.745363235473633
845,0.16461854001651366,0.6758818161191232,0.16238487680616617,0.23574158242230286,0.07737237013305957,0.17872627655947038,17.691186904907227
846,0.16061899053735545,0.6441495964110683,0.15549609834246578,0.2253037409236947,0.0904846991637555,0.1653873389012086,17.667226791381836
847,0.160301245937958,0.5282418980374509,0.1586839757434431,0.21147796464258706,0.09716531060185561,0.1707655604904971,17.57706069946289
848,0.1552849968434782,0.5292938751608451,0.13430298675422178,0.19073025652659656,0.08938118759491791,0.18193622771323995,16.571617126464844
849,0.16764728350872202,0.6544881481142766,0.1966894580449224,0.262089270911973,0.1080733854178285,0.1371377053604092,15.61617660522461
850,0.1711949160155937,0.6299616045460668,0.19631693660424068,0.25826617488164444,0.10117728485961765,0.15627299176927842,13.940689086914062
851,0.16627935276815892,0.6812139725974098,0.167353085959329,0.2407617840504834,0.08526473631431178,0.17199501479324125,13.320687294006348
852,0.1608831984104359,0.6746818034621853,0.15860226766544872,0.23232791563641106,0.08941111064043412,0.1609071476364592,14.295734405517578
853,0.15779328884390267,0.5273206170813598,0.15050207664893375,0.2043332967107089,0.09428789206533672,0.17263800414169245,15.753913879394531
854,0.1506418711442841,0.4870332148071533,0.12532371008445276,0.17699649647340995,0.09016342259548292,0.1805002164615,16.181562423706055
855,0.16505638632812422,0.6871749235227863,0.19209218425702643,0.2628182898664207,0.10079708122360069,0.13574161269857282,15.458490371704102
856,0.16373482817901594,0.5993701268619137,0.18542728305337267,0.24456197502602137,0.09320511782326188,0.154724571249171,13.883574485778809
857,0.1619942265401644,0.6584156399126329,0.15927285320283827,0.2305789655899518,0.08251072924851867,0.17153064000179044,13.217756271362305
858,0.1609361741090978,0.665326220279435,0.15506265320264578,0.22795744849932995,0.09204011620218933,0.16257660968618964,13.471390724182129
859,0.16132791232413676,0.5291411010298112,0.1568572918836875,0.21004069319027657,0.09605664189329159,0.17581659069325384,13.212148666381836
860,0.14903258183192492,0.4866075206634751,0.13180386886976722,0.18249010484029693,0.08876626937531858,0.17249027259912997,13.806382179260254
861,0.1641626144278703,0.6269235669544198,0.1924670893958129,0.25453230047561387,0.10223629739685255,0.13927466653823517,14.519941329956055
862,0.16676795335463454,0.5984118726050167,0.18696578990179172,0.24574380171653815,0.09665767815698613,0.15901057683591124,14.5310697555542
863,0.16408643791501037,0.664238217195467,0.15955431625682415,0.23165201639091595,0.08176115549690066,0.177001178864439,14.41280746459961
864,0.16307340650816202,0.694348175354171,0.15010561684153803,0.22785455377191416,0.09578685758346014,0.16526563296149305,14.366249084472656
865,0.16068840770670192,0.5342952031020279,0.15108554558681755,0.20582978237470476,0.09640151028168756,0.177440740119087,15.05978012084961
866,0.15002624830381944,0.44343659750888076,0.12820303723044635,0.1732364029845084,0.09170019430853668,0.18075266020408906,15.228252410888672
867,0.16033289565506081,0.6167039078894252,0.18363975523722745,0.24550606275897,0.0999269828515095,0.13866154814224763,14.895862579345703
868,0.16311312926330127,0.609309508357758,0.17768986493846164,0.23934981399836114,0.09217425676203403,0.15847754355873261,13.893806457519531
869,0.16082429672671636,0.6773489371705688,0.1532799204681435,0.2281469228542043,0.08136528036623114,0.17144363818058905,13.555571556091309
870,0.16197223736592356,0.6930682039131966,0.15101869486937383,0.22845433901849135,0.09089915892972171,0.16598934205160337,13.878602981567383
871,0.16014999720872783,0.5419370552806883,0.15613626418195034,0.21125066291034145,0.0930838354597021,0.17411980625021345,14.264989852905273
872,0.14612486144194678,0.4666310613343509,0.12709181937823064,0.1755974253719621,0.08572717694273845,0.17318434193999063,13.523414611816406
873,0.15537833584381763,0.5736105736784489,0.17417469827789725,0.23123696619226178,0.0832183351692891,0.1521420348791415,12.60412311553955
874,0.16445816244088676,0.6057041285146654,0.17669935599062117,0.2379857520654846,0.08855575583158716,0.16653612730250078,11.29089069366455
875,0.16824416173776005,0.6805986289257691,0.15781084864050765,0.23249481725268786,0.08497566598505717,0.18488477194581326,10.58994197845459
876,0.17176828206791736,0.7236423080901628,0.15474001337432516,0.23601176976230193,0.10004744330853678,0.17831096424978887,11.965678215026855
877,0.16945916230708846,0.5662735361873528,0.1567294885562415,0.21523578107497168,0.10194723515992428,0.18847755713895933,13.173345565795898
878,0.15127429079246932,0.45988763696612345,0.1264074292669604,0.17404745893826945,0.09275504126389732,0.18255211200239477,13.594635009765625
879,0.16161668173439392,0.6321407496287834,0.17676526990195998,0.24181890986293478,0.09112538075571723,0.1531196204782628,14.041732788085938
880,0.1680237561142775,0.6189836482735465,0.18372124273020374,0.24590158637925266,0.08841953815194785,0.1695343453494626,12.825826644897461
881,0.16781942338713457,0.6574268572318084,0.16278398820745757,0.2334472552109363,0.08605602186249141,0.18193804687537085,12.353440284729004
882,0.1665040798373849,0.66845048952037,0.1550821016994595,0.22842044281673243,0.09693485312894522,0.17320033560034065,12.191442489624023
883,0.1667512406865561,0.5452016144397009,0.16136842069867774,0.21620173409025245,0.09483352087325382,0.18641006379496128,12.057101249694824
884,0.1463377893155321,0.439302705406,0.125470989453026,0.17030409173202227,0.08244808312485216,0.1812707676179481,12.5747709274292
885,0.14913614737372263,0.5477310457007774,0.16788529598308555,0.2221489745141844,0.08367532838022822,0.14252814024512625,13.597383499145508
886,0.1682781031237332,0.5898591533073112,0.18738989581127974,0.2448855040249985,0.1003034177789225,0.16072447701183545,13.759734153747559
887,0.17389442694008345,0.6515367210504065,0.16736510944925972,0.23653248253513784,0.09577484487089445,0.1874407626049512,13.366247177124023
888,0.16682644474166308,0.6819691241698536,0.15104885307735294,0.22689460609056736,0.09978079908279303,0.17293174351288315,13.743989944458008
889,0.16403267074364178,0.5644801790374119,0.1532541701311663,0.21200074283205853,0.09531644426181653,0.18218730583787418,14.628304481506348
890,0.14566542007301136,0.4298442469503443,0.1251930490633547,0.16871464876149608,0.08485209513742917,0.17870900428922165,14.595389366149902
891,0.14865501580839674,0.5654099106911155,0.16224216198350197,0.2198375546560182,0.08253051227153772,0.1442292349114796,14.8416109085083
892,0.16440049661962955,0.5825356332036585,0.17799166955369472,0.23578366436083242,0.0946123144520054,0.1630048842427482,14.352827072143555
893,0.1651599205783718,0.6210103325648731,0.15826361481465315,0.22437028877897028,0.09077923312342902,0.17843394992592315,13.495415687561035
894,0.16346836337661685,0.6468951175591483,0.14315123418720294,0.21511464609748085,0.10266011766777686,0.17148508099109594,13.396764755249023
895,0.16110168825212853,0.5385973123131158,0.15056112306351624,0.20599486438488762,0.09273930789990945,0.18163724194415606,13.929285049438477
896,0.1406918041883671,0.40135740523364305,0.1219262493417342,0.16184498589772117,0.0832074259311263,0.17248160116776803,13.018474578857422
897,0.1500646018743626,0.5494409925376351,0.16666147611777876,0.22134426417775824,0.08516480113800522,0.14448222300320412,12.116207122802734
898,0.17095259472825355,0.612064116183484,0.18649788987801363,0.24729306506450938,0.10104905014461486,0.16532028469471352,11.014333724975586
899,0.17080864484321848,0.6647216978065086,0.16795971934433787,0.2389257162675051,0.09178064332687373,0.18035570867376932,10.019366264343262
900,0.1669415648425243,0.6849726253066452,0.1555738183739059,0.23120221936429722,0.09417296335179226,0.1743860184403635,10.498409271240234
901,0.16493533578666983,0.5488815127604239,0.15400710941462314,0.21041773846402326,0.09059855371303402,0.19018291775841695,12.34949779510498
902,0.14929214492582502,0.4156339540216031,0.13268252508186895,0.17310415778754523,0.08315089685165619,0.18633022573671754,13.043725967407227
903,0.15318151222016596,0.5713298520354757,0.17001191079434327,0.22734304525736218,0.08298991161488369,0.1497078213422413,12.91652774810791
904,0.1742554139806545,0.6162363333201257,0.19027108916033922,0.25112326689745157,0.09858079997112983,0.17321132993679106,12.193251609802246
905,0.17074104537951745,0.6404509934581823,0.16783902081091315,0.23535501690338018,0.09168596880927053,0.18337701229510364,10.800566673278809
906,0.16005090481628034,0.62483865664403,0.14712071639888455,0.21536613643390531,0.0917682292738633,0.17139741825047344,10.474477767944336
907,0.16147337636313114,0.5161712811105112,0.15019490708848293,0.20247724623448698,0.08699174018147356,0.19076642188464524,10.23885440826416
908,0.14452263098158102,0.3984436843989825,0.1270984000099659,0.1658620120655397,0.0810593127039109,0.18138107602607853,10.316267967224121
909,0.15488241304753297,0.5586496353245766,0.17915416973862763,0.23336780767947748,0.0840250495635698,0.14820788579304933,11.14814281463623
910,0.17038638695362912,0.5986547375728115,0.18913854854863868,0.24764086126637766,0.0968745030726471,0.16711162032583346,12.08320140838623
911,0.17102449675041023,0.6464987174952622,0.1779237894954145,0.24486306492396417,0.08415599197051445,0.18242569128095942,11.685140609741211
912,0.16188086390892434,0.6442147209188673,0.1552163577269247,0.22507326675434505,0.08953663900197596,0.16988870821276109,11.850314140319824
913,0.1583149862703574,0.5304870414694269,0.14484318970954513,0.1999351685323854,0.08279966909443756,0.1879732293200127,12.81240463256836
914,0.1449874797309598,0.40863349277683425,0.13303813715008728,0.17240890223962255,0.07806019495310779,0.1795551092165003,12.843541145324707
915,0.1562692320494217,0.5908101337514812,0.17672479853831488,0.23587984642591003,0.08415491134120172,0.14970997508968684,12.412866592407227
916,0.1652668050265812,0.6000626602649186,0.18261642216928284,0.24225159904008794,0.0914355064512284,0.16250749651819646,11.89064884185791
917,0.164233376999202,0.6284157987768362,0.17013978558763077,0.23560778747180297,0.07783176171720009,0.1773821812074279,11.123161315917969
918,0.15615764279831035,0.6255476402795579,0.1486665611829571,0.21679242962532866,0.08273414904961032,0.16734776135478177,11.103641510009766
919,0.15438819417254465,0.5143054056348413,0.1433297939229916,0.19632630988182728,0.08262836618255806,0.18048219241816066,11.585817337036133
920,0.1412221270527856,0.40499721781074205,0.12550069128901536,0.1654287665064049,0.08079722773335603,0.17291310443536972,11.063653945922852
921,0.15148478376352087,0.5468375649701577,0.17255293030418203,0.22602216382789284,0.084276895301903,0.145071478611111,10.445706367492676
922,0.17315038609988956,0.6041879734082454,0.1903589269911866,0.24947736219362354,0.0997634444138898,0.1705778559931222,10.57060432434082
923,0.1736362155618911,0.6465901419518383,0.18117437928764646,0.247662345382531,0.09065084056216596,0.18147555509359065,9.369935989379883
924,0.1639052986216112,0.6496393036213712,0.1563545135643972,0.22682376928682205,0.0916290675402766,0.1720933389857196,9.097189903259277
925,0.15697175367634333,0.5312115226561591,0.14010921392623174,0.19598097231622136,0.08434995244655566,0.1863827634425143,10.75930404663086
926,0.1453252244242108,0.4173199404282185,0.12505688140319762,0.16680874697820064,0.08519457812917501,0.17914145769762604,11.370065689086914
927,0.15842088811532384,0.6135066830498799,0.17797580209288025,0.24019449937245163,0.0880399885843167,0.14845226535496822,11.083386421203613
928,0.17426642641713608,0.6114631107515482,0.19117349398573014,0.25121486780941843,0.0983313458981658,0.17337973565298803,10.636855125427246
929,0.1741216460326758,0.6405615533674041,0.1793444354157178,0.24523259512310158,0.08757072328526606,0.18763162298253686,10.813326835632324
930,0.1617405836907072,0.6209256310849565,0.1531904023995274,0.22000972078316008,0.08921171396855901,0.17421784974169058,10.521221160888672
931,0.15628783997307394,0.505479925534027,0.14407196555778873,0.1957016741258228,0.07983791074836628,0.18869442316103793,12.243169784545898
932,0.14640583692581666,0.42704337767922484,0.13477742439476895,0.17652970343540547,0.08265395937472053,0.17583034658713553,12.703704833984375
933,0.16957193332522863,0.6260453451228943,0.202656634987784,0.26314073643565694,0.0910734461049432,0.15638540692135366,13.782265663146973
934,0.18444752497595154,0.6497539288867337,0.21939170458449672,0.2808720223419591,0.10519791184750915,0.16941950126808197,13.98305606842041
935,0.18069999344096588,0.6508995391054986,0.19328956708068498,0.25866242022708696,0.09746727466787244,0.18531149892956675,12.91352653503418
936,0.16613597523983803,0.6578922750908882,0.15655323130673368,0.22817309470447003,0.0886545350013653,0.17964975591694873,12.76598834991455
937,0.16087640654924226,0.5217322119728647,0.1412989575300718,0.19564656530761365,0.08456355894742305,0.19722625928725912,14.20208740234375
938,0.15450037039502262,0.4890362405881083,0.13256176697721997,0.18348669177877544,0.09352387931651462,0.18249176887793336,14.942909240722656
939,0.16639407023708727,0.6477036263000339,0.1766186306813667,0.24391648719831918,0.09479896196941717,0.16120767513022072,14.909354209899902
940,0.17285334658980192,0.7439267659321012,0.15856479022522324,0.24218792961192007,0.09936392295820455,0.17648883212309624,14.693305969238281
941,0.17822919021171763,0.77754785526916,0.15161625154502703,0.24103505207704604,0.09928585765005533,0.19234947707100974,14.608084678649902
942,0.18217545866971027,0.7340015419734698,0.17016979040431454,0.25071718348562244,0.09961419561408882,0.19444255462945587,14.610543251037598
943,0.17521747165678556,0.5914146931177382,0.17003757403736852,0.23023430533456418,0.09636742053416299,0.19607153692102403,14.445744514465332
944,0.160832048516326,0.5046069991554545,0.15394191365058382,0.20403692586556535,0.09301603875278719,0.18236678937883805,15.294854164123535
945,0.18567034839728078,0.6650314314692336,0.21929463266944618,0.282971318212273,0.10656225614644702,0.16975158052864214,16.05478286743164
946,0.19023984253939208,0.7791878111124206,0.17793754175246632,0.2638304373753169,0.10820323533819488,0.1976301033590055,15.095688819885254
947,0.18794163206489137,0.8379751735098737,0.156940819238546,0.25423144127730707,0.09694332863389118,0.20956156450615282,14.559200286865234
948,0.19129865440625507,0.8204963607286234,0.16448515678604028,0.2582010430635522,0.10335287238265901,0.20971162360176665,14.754461288452148
949,0.18501236067225663,0.6759245009759807,0.17261873542303285,0.24451955907345393,0.09711832880713926,0.20985083995318665,16.33415412902832
950,0.1732298176097287,0.5574711096279255,0.1617542796702546,0.21828525537849333,0.09508737574089032,0.20218094619729315,17.036151885986328
951,0.18433031770896766,0.688781248344079,0.20321795006524526,0.27258413553365013,0.10124955442991025,0.1798038949815457,15.966913223266602
952,0.18618090074825144,0.7734782812895538,0.1687005581302711,0.25509737572445434,0.10148608146386857,0.19998695201790892,13.405997276306152
953,0.19373886020574604,0.8073535576662392,0.16849198037164645,0.2597579199851597,0.10804214803682624,0.21095680604656392,13.529163360595703
954,0.19616360938699653,0.7910879798241034,0.17459514974515647,0.2626655540421489,0.11230231401223942,0.21135304126665072,15.476995468139648
955,0.18737944240067472,0.6078602721507884,0.1721850129283581,0.2344243356744196,0.1033703113106671,0.21972315048990465,15.373273849487305
956,0.17626839018483337,0.5083380060958412,0.15928962054661971,0.20915367562507994,0.10488976215047072,0.2099500649546849,16.686532974243164
957,0.18277150406117781,0.6505342053466479,0.1920802757609473,0.2575736942731902,0.10089332129134258,0.18896299754927276,19.029422760009766
958,0.18877884123522623,0.8234800485859685,0.16197008135218408,0.2564715052427247,0.10203940303416933,0.20544476865458994,20.539304733276367
959,0.1987046545461494,0.873275660051228,0.17454182009734256,0.2743609400907548,0.10617371156196251,0.21346997980578328,19.471712112426758
960,0.20446486845665177,0.8591086277502236,0.18224361065699216,0.27893861309888235,0.11863486231558433,0.21440159726813407,20.44248390197754
961,0.197107843922627,0.7076323197819873,0.18867479194015466,0.26281158163184504,0.10992080603446011,0.2159057315792072,21.681045532226562
962,0.18180056727344,0.5841589800974241,0.17474703903418418,0.23323445918607558,0.1066321820567155,0.20256824891451775,22.057117462158203
963,0.1877955228965469,0.6886062995161952,0.20160105363215045,0.27117323161558543,0.10114633715490957,0.190658065291321,20.452171325683594
964,0.1868841993753951,0.7856198546698387,0.16726378057291091,0.2556003625867578,0.09701884680885194,0.2053897400611781,17.24553108215332
965,0.19768306780087153,0.8331611125764363,0.17486085338764767,0.2689037475574746,0.10214829788706561,0.21895789668842397,17.617717742919922
966,0.20154951679828173,0.8016349276528751,0.18141592320344666,0.2700186381247936,0.11792241047388433,0.2148127536714315,19.759952545166016
967,0.19050865193317915,0.6249808073269023,0.17849133486789606,0.24227554521918268,0.11152731605090481,0.2143212892049161,20.91267967224121
968,0.18466216748490466,0.5688062943144168,0.16990404958133506,0.22689008454320386,0.11658814046780552,0.20727751369885455,20.395244598388672
969,0.1863956943627863,0.7060948875698357,0.19609247661638393,0.26894996389544845,0.10958975993047397,0.1813659011499802,20.765714645385742
970,0.1853360143479309,0.8342472078461921,0.1629323511661576,0.2588344735490197,0.1046077281128539,0.1916621130026706,18.83647918701172
971,0.19784585813916164,0.8428618748405081,0.17417895871555725,0.26970508959055023,0.10527675445595817,0.21596699634199965,17.24369239807129
972,0.2009320014747404,0.8052325157820285,0.18314266162139373,0.27201264078719867,0.11840906323398194,0.21094401303700308,18.9992733001709
973,0.19260405002776526,0.6640448317317935,0.18601258883651428,0.2543029092501256,0.10860482765531657,0.21211686778409253,21.15489959716797
974,0.1811153410542621,0.5614609626220362,0.16844263360645942,0.22458810918011324,0.11119819872354629,0.20425416848351866,21.917051315307617
975,0.1823751769383862,0.6820709812644055,0.1947662191486619,0.2643811851651967,0.103710204360919,0.1794517707452109,20.806528091430664
976,0.1815985349213614,0.7969753879892765,0.16479384156779273,0.2551054910565761,0.09957253353328378,0.18905269951761644,17.985868453979492
977,0.19808253319426586,0.8021728631704244,0.17799419912899692,0.26716257970634366,0.11036873246268783,0.2143870681363286,17.04387855529785
978,0.19880279073404397,0.7555173453117758,0.18156955224459073,0.26356209411133147,0.11911534884147258,0.21186491193491735,19.933582305908203
979,0.18985801211567327,0.6035340127318563,0.1777458027838248,0.2385726899192578,0.10784975804563825,0.21898989134881744,21.866409301757812
980,0.17800186827819742,0.544754152911608,0.15628497942377534,0.21178057563632288,0.10756258370459058,0.21007987334174358,21.605632781982422
981,0.18581182622771417,0.667293955423133,0.19550710238617386,0.2629052242485966,0.10895952578171816,0.1856008658496886,23.256372451782227
982,0.18562064439185919,0.7774115010586051,0.16891890422486636,0.25584641805825764,0.10270891258134807,0.1967208577679578,22.53945541381836
983,0.1962771660187355,0.7283022367209536,0.17560853099153587,0.254564774667167,0.11090241046544039,0.21997841956049125,21.594526290893555
984,0.19723100530625762,0.7081962151425518,0.17818074469935496,0.25389724047695456,0.11790969801715193,0.21705419340986534,23.504024505615234
985,0.1944818592866995,0.6103997956757568,0.17885614037825862,0.24050523399218696,0.11206113495656045,0.22632954020826962,25.69536018371582
986,0.17863246858097026,0.5636645043765254,0.16281951443636072,0.2200830844278128,0.11233021813274822,0.20037764885717738,24.9707088470459
987,0.1835610150506409,0.6938582649868554,0.18567963286058856,0.25827658030719813,0.1118712231462988,0.18091346336745262,22.311124801635742
988,0.18321532630826323,0.8017587152196648,0.16579618664363424,0.25664797644021003,0.10377966704702242,0.18846795929639562,18.469755172729492
989,0.19336154603214017,0.758182055315419,0.17603622659747162,0.2591999164143213,0.10942652901771825,0.20919611183535097,18.709964752197266
990,0.19487714861182148,0.7360902935422657,0.17837489675915608,0.25804852487102886,0.11830874759462892,0.2065995452750585,22.432226181030273
991,0.188684958169124,0.5925869647544757,0.16722723258995478,0.22799290861345778,0.10753640434801448,0.22529548612380285,24.33509063720703
992,0.16800354888500058,0.5448212266591566,0.14504292632093943,0.2021541120835419,0.0999152717343054,0.19769904859313525,23.472063064575195
993,0.1752856495759863,0.6450315461250609,0.17683322673177915,0.24371870093081935,0.1007135117360386,0.18065735025046165,21.189218521118164
994,0.17496662545784075,0.7512066642018114,0.15913233213507702,0.24371437957318193,0.09515712984706126,0.1846456492663493,18.296520233154297
995,0.18699672901081177,0.6704038629730513,0.17042732537198754,0.24185254502928238,0.10959101312713278,0.20672789139286912,17.67392349243164
996,0.19375724557649662,0.6632133222783796,0.17792779472940667,0.24725429866497423,0.12155727287883501,0.21012230023453252,19.418838500976562
997,0.1875128022101524,0.5426749606483041,0.17151384959118562,0.22453686545648827,0.10698142003972345,0.22558170626873375,21.04789924621582
998,0.16640386867858978,0.5219972620707225,0.14529593124203954,0.19911040707470853,0.10106352131324045,0.19495845152666655,21.96669578552246
999,0.16985678497194148,0.6449418350731058,0.16816150927028553,0.23627298438497416,0.09826157907526581,0.17438841564512914,20.36821174621582
1000,0.17319746626268817,0.7493300805163163,0.15187507741044046,0.2372257921398513,0.09486667875647022,0.18571212018811115,16.84585952758789
1001,0.18325314637178966,0.6848914769022559,0.1691434567308108,0.24282174532673156,0.10262322109412549,0.2016818069041717,16.32790756225586
1002,0.18821520881428846,0.6714897343548756,0.1761292763815048,0.24689505609198634,0.1139504185480232,0.2018520339292849,18.816612243652344
1003,0.18360136827898632,0.5389368689071641,0.16975117170632958,0.22249198559216307,0.10708494389033928,0.21652394947002282,19.425241470336914
1004,0.1636070485827058,0.5053778373066706,0.14463789956292147,0.1961721763834571,0.09903869002899303,0.19160987549154707,21.673473358154297
1005,0.16842444804985554,0.617814408325689,0.17688778120073875,0.23987729936144594,0.09970200995767933,0.16603533648286814,23.405208587646484
1006,0.17097657387881252,0.7101480508911409,0.1575152788659439,0.23646281772668631,0.10068678987604808,0.17517967151434186,21.20978355407715
1007,0.17843041473451907,0.6194355462003147,0.1626794112802994,0.22793028769744442,0.10276764146003405,0.20132295250713367,18.215347290039062
1008,0.18451935037696107,0.6415880738886958,0.16837922739670766,0.23598049118127734,0.11505796552720045,0.2002695639167248,19.785642623901367
1009,0.18670966545215248,0.4943419127614524,0.1736104513765395,0.21942923157438418,0.11310540388647124,0.2224837739651708,22.700910568237305
1010,0.1701581615161558,0.49161843379283254,0.1494860149355368,0.19836207477229334,0.11110351695061838,0.1971525514118807,22.62102699279785
1011,0.17094886302028425,0.6186040270545013,0.18550441596559128,0.24737578897829274,0.10503137212413798,0.16175310734115478,21.035459518432617
1012,0.17611223063236195,0.6965502423649959,0.17521656341390898,0.24969280326406423,0.11081525661848245,0.16886408184176704,18.066875457763672
1013,0.1802035175152785,0.6136596109169852,0.17448034510434826,0.23722024022043922,0.11558646522706947,0.18685380590044573,16.92837142944336
1014,0.17985189492557502,0.6281440115764788,0.17021654813448475,0.23563475719762678,0.11520861360357412,0.18760476159428052,19.043611526489258
1015,0.17576307281702688,0.5108591981852644,0.16265488700800954,0.21239836003333165,0.10462254091128374,0.20595516192028546,19.41903305053711
1016,0.1639534057057321,0.49360068070569696,0.1484933704953706,0.1977944148111315,0.10634833725327653,0.18474695763440635,19.93391990661621
1017,0.16975845593377192,0.6089478660671465,0.1850070125400878,0.2455699916153819,0.1063536185263977,0.15890259494381564,19.03432846069336
1018,0.17508692093798214,0.6969576130732666,0.16639851708258044,0.24219267365267846,0.1148587243596653,0.16906905931865013,17.59203338623047
1019,0.17644862148516915,0.5837096801300588,0.16520568131508692,0.22499196686008288,0.11430222699533298,0.1883512894607263,16.287094116210938
1020,0.17715869619282706,0.6133821307520368,0.17077171867404975,0.23400177754233362,0.1159145586776147,0.18100962033781964,17.583467483520508
1021,0.17396713082200016,0.49028458693791654,0.16703385832496287,0.2132125338410991,0.10783311487608338,0.19749466713296573,19.364734649658203
1022,0.16087274690840725,0.46895737840920987,0.15306737630762335,0.19819451946499284,0.10482238696484462,0.17726026087201216,19.73277473449707
1023,0.16651399304528436,0.5882286519639196,0.1875668062087775,0.24480421274522637,0.10080871886294582,0.15550216571738135,18.284772872924805
1024,0.1735288703433559,0.6567648799316846,0.167907485344319,0.23774425599965696,0.10705454206105781,0.17550544514110333,16.63717269897461
1025,0.17369778524351775,0.5739879236811084,0.1657951397388724,0.22410839458776324,0.10853274467837178,0.1866079125618057,15.385836601257324
1026,0.17494513457179703,0.6129597192321432,0.17250687457657324,0.23542870952736897,0.11061828022029796,0.17830800404323324,17.300840377807617
1027,0.17090651024317918,0.4801301896706911,0.1674608784345676,0.21212792289687094,0.1053057124896141,0.19223847220556833,18.26996421813965
1028,0.15947803812979586,0.45844957088653127,0.14961796753838583,0.19373676801669232,0.1059559671720935,0.17633346156675103,20.145275115966797
1029,0.1691848286451353,0.5872670962305182,0.19442918283360852,0.25054888474745274,0.1020639471771846,0.15672205084006435,20.883922576904297
1030,0.17513505410179994,0.6696218646139415,0.17302874123000755,0.24397061599914097,0.10917385700727343,0.17261998489933725,19.802074432373047
1031,0.16945180376654936,0.57930855570691,0.15762902255833564,0.21786895586527483,0.1031067393973814,0.18513872700318662,16.457603454589844
1032,0.17144802708073706,0.6041848908423051,0.171378587674492,0.2332080595556081,0.10494452554196984,0.17559856251164624,17.662376403808594
1033,0.169379020089153,0.4805036609769494,0.17387707319260293,0.21768087144750956,0.10103004813349391,0.1869202506117928,20.05485725402832
1034,0.15758959311172055,0.4561913994980368,0.15843179329390902,0.2009688798944987,0.10076816941011045,0.16935146291569855,21.044628143310547
1035,0.17009811585950796,0.582061653104283,0.19922817443779595,0.25391867139015123,0.1022237185629766,0.15614522740465997,20.86086654663086
1036,0.17055493492199156,0.6519205866106078,0.1694921875417866,0.2384105302659039,0.10349423766371212,0.16985939909706277,18.65053939819336
1037,0.16829915214482455,0.5849376476906045,0.15288480378812544,0.21460663863133675,0.10381720566756367,0.1842018046367297,17.486753463745117
1038,0.17075439219040356,0.6081976187039302,0.16833364574922305,0.23117135617132403,0.10423932236608205,0.1760902348033795,18.96170425415039
1039,0.17008508992722282,0.493344339384485,0.17751161876680407,0.2226305788550442,0.09877152970560796,0.18650715230929216,19.591106414794922
1040,0.1592383795746578,0.4728273930141174,0.16387026040504282,0.20800699363491063,0.10003025069320225,0.1683729550432102,20.06385612487793
1041,0.17248042296751862,0.5904023157370913,0.20356136092802032,0.2588243544721733,0.10642704642549318,0.15472618737521804,19.22420883178711
1042,0.17350037955689343,0.6496258999882569,0.17884663527946806,0.2461008159521522,0.10471187306954031,0.17016494088747608,17.23571014404297
1043,0.17063161066062735,0.5838276121619377,0.16026059854877797,0.22077017192208653,0.10383005746026532,0.1852117286071674,15.232355117797852
1044,0.17455911553396608,0.5919418896463389,0.17442000694280077,0.23406599018616334,0.1097371281771594,0.17920983915049934,16.076507568359375
1045,0.17258003924591644,0.48824264015218144,0.1825289879352381,0.22620236682337286,0.10170577049595739,0.18767548777185622,18.187091827392578
1046,0.1602673567685515,0.4723144519672089,0.17026127580288808,0.2134117295406482,0.0994550182809972,0.16697682676957687,19.07624053955078
1047,0.1703856531193328,0.5660136342356478,0.20436860303713922,0.2560321789226404,0.10535686915841723,0.15234512900723973,19.049856185913086
1048,0.1732539160490956,0.6495498200710431,0.17898224730741616,0.24620618627364857,0.10432036178437183,0.1697375395842451,17.40816879272461
1049,0.175734379217827,0.6389688066998465,0.16171368778748046,0.22989299048924702,0.10771179041580366,0.18786535955710493,15.783214569091797
1050,0.18025133802078824,0.6708166523009862,0.17582359791169366,0.2465368913958783,0.10869155580256397,0.1848662882585307,15.13003158569336
1051,0.1818528666799936,0.583938370776041,0.1913767762972599,0.24745700407994292,0.10139539304432825,0.19484953588624504,14.829719543457031
1052,0.1627089091426235,0.49162521858591657,0.17290695617640126,0.2184381365206177,0.09486479753238326,0.17330943284583883,16.194833755493164
1053,0.17339734355149522,0.6006168208234919,0.20287690002314962,0.2596968887089128,0.10615280508384624,0.1567242126979477,18.946372985839844
1054,0.1715182797312966,0.6455463147384595,0.1745388930784122,0.24182566760127613,0.09883838832368803,0.17359422032672206,18.97720718383789
1055,0.1737846163400535,0.6189267692940901,0.15850509775025626,0.22427962225651824,0.10527767749366813,0.18954505765373403,16.595718383789062
1056,0.17806233524892223,0.6305907576769147,0.17382210283513344,0.23907476781253076,0.11305767899392379,0.18155553097888844,18.32862091064453
1057,0.17905225823530524,0.5112469760221201,0.1885402127466483,0.23464117892885852,0.1086285599271662,0.19203268864806772,20.1053409576416
1058,0.16365678519651708,0.48458978180098444,0.169026638151498,0.2141070872442818,0.1010227950448309,0.1743175122874484,20.64797019958496
1059,0.17656323439992158,0.6034871232884108,0.20467494827616217,0.26164811613505484,0.1076999328772568,0.16236935171401168,20.314157485961914
1060,0.17315079608345763,0.6383433685408422,0.17554153969558908,0.24165608667348235,0.0999077437330053,0.17729633762383168,18.315160751342773
1061,0.173715638399877,0.5904647704488579,0.1561502931751896,0.21819521849999937,0.10090952873738816,0.1985013517669477,17.03215789794922
1062,0.17553676419969375,0.5861586964839206,0.16770248952770542,0.2274819476643076,0.11076612430196967,0.18675903857866527,19.014629364013672
1063,0.17507028145749678,0.4935693433702246,0.17892981127695343,0.22387831586170645,0.10509070485919254,0.19359538087732955,19.475975036621094
1064,0.15938889827597452,0.48752771454310573,0.16274278856148897,0.20914063513029132,0.09833618348378116,0.16927725397161647,19.55729866027832
1065,0.17231761757491781,0.611269467646427,0.19527249142273947,0.2547006308832663,0.10403293351921095,0.1599815794788564,19.729185104370117
1066,0.17275358754422343,0.644901444853193,0.17959085297727007,0.24606379467383047,0.09937966505518427,0.1728093384837266,16.919754028320312
1067,0.17737401158031768,0.5817123943985583,0.17500814129186745,0.23310874887853755,0.09926677639555462,0.19694994723104303,13.878666877746582
1068,0.1750391196595406,0.5791811626141623,0.173364133918972,0.2313379951611421,0.10690441164018595,0.18539547311257462,16.773143768310547
1069,0.1771871844585746,0.5051634585216622,0.18181825754933234,0.22801042911680808,0.10634547603362386,0.19470334025445213,19.21154022216797
1070,0.16310416783685483,0.4924229249851849,0.16576543225877025,0.21243078836254378,0.10182263182996361,0.17356471888290678,21.44618797302246
1071,0.17156800320804402,0.6204490897817578,0.1916896018028248,0.25294095722838666,0.1035022570056705,0.15992419636732108,21.52861976623535
1072,0.17364657962020377,0.6385004787890978,0.17772404411802536,0.24354924907103573,0.10117078552119783,0.175898063687356,18.297513961791992
1073,0.17828165638892693,0.571828128123972,0.1668895686655704,0.2247379343024849,0.1009336650447391,0.2053119056407281,14.92599105834961
1074,0.17554930978323705,0.5431388351235061,0.1728607047429612,0.2257575805116105,0.10670936726363332,0.1918520226005636,15.73562240600586
1075,0.17860809066179326,0.4723415544358812,0.1797302718150026,0.2215318836179853,0.10932621604321817,0.2016714121163784,15.502840042114258
1076,0.16445812779297267,0.4727015665790375,0.16299066981665186,0.20723508363984983,0.10240868574989613,0.1813215532146472,17.710525512695312
1077,0.1717447368478584,0.5994674002529492,0.18981042691470926,0.24833285167731498,0.10077770572636188,0.1668262886033934,19.98591423034668
1078,0.17911184616090417,0.6310114553098088,0.18759381263636063,0.25093919016113897,0.10769538634252118,0.17875232250178386,19.215660095214844
1079,0.18554838500375848,0.5598266010136261,0.1784385885878983,0.23292259036300228,0.1086529874619583,0.21137942816349525,16.444629669189453
1080,0.17947080154602457,0.5448360967842757,0.17573017915128694,0.2284595959559996,0.11339017813128487,0.19442615192519358,17.696245193481445
1081,0.17741078023161352,0.4869429530215134,0.17644214498609867,0.22079940327687222,0.10737720791499308,0.20072511084405514,18.413646697998047
1082,0.16193203897435252,0.47963362057405234,0.1584230114453129,0.2043102413208471,0.10213897662181834,0.1771700414796372,20.627445220947266
1083,0.17323808764871315,0.6315085987501151,0.18630501120053788,0.24990552370762037,0.10274614324726743,0.16783453244843438,19.865232467651367
1084,0.17715152333496997,0.6256802242900524,0.17925912835418867,0.24303357063074063,0.10628375538113345,0.18151402891077767,17.72051429748535
1085,0.18219254878107802,0.5442335675074368,0.16527176657602546,0.2194091667090842,0.10755633010106859,0.21493469943908083,16.7424259185791
1086,0.1745790710836315,0.5112069758810676,0.17675771000341212,0.22453617655736288,0.1059743135552158,0.19089576663148028,19.247575759887695
1087,0.17167614010885035,0.45725902628759485,0.17392936862520728,0.21440503400554833,0.10227850130053391,0.19501129190651645,19.46165657043457
1088,0.15826057163060275,0.46952743028664934,0.15700597224135712,0.201651894819256,0.0992962959644196,0.1718869050484414,19.7869815826416
1089,0.17203611221918666,0.6119948556175129,0.18808870695031957,0.24864672818849004,0.10390464854766393,0.16461685395862857,19.53046226501465
1090,0.1797211088258817,0.6283641081788909,0.18686103963214892,0.24993290656739778,0.10646183297311552,0.18238765217322547,17.838844299316406
1091,0.18645789745491348,0.5574125842324268,0.17816875515979605,0.23234644502731475,0.11059189871372276,0.21268816722760428,16.772048950195312
1092,0.17573646484803843,0.5455434809120534,0.18253066545097818,0.23438963908827465,0.10574511096197299,0.185657372038139,18.207429885864258
1093,0.17004284492179417,0.46307306984213586,0.1774458234792804,0.21824971581683114,0.10213899780195838,0.1872776991184931,19.278602600097656
1094,0.1548331310943446,0.4403192844466377,0.15466222697249382,0.19547037804022865,0.101789803775306,0.16568845142085478,20.30826187133789
1095,0.17050729696425404,0.6275870934732953,0.18386465780363417,0.2472535771850143,0.10264437973364451,0.16273435434787215,19.224260330200195
1096,0.17147607511201182,0.6878949996138117,0.16243848892214058,0.23750370473523646,0.1002846021063221,0.17599443807166876,18.437095642089844
1097,0.183751448438926,0.6439057822603794,0.1596843757825706,0.2288588624222576,0.10934664418353258,0.20938666492698005,18.461673736572266
1098,0.19144673616517932,0.6555412638408339,0.20095606588884676,0.2658968084534164,0.11621041361379388,0.19213470514543418,19.228811264038086
1099,0.19865304274891774,0.6661407127820881,0.2218663197301045,0.28533409016610217,0.10989552453008292,0.20046995470036177,18.02646827697754
1100,0.18034199254178368,0.6368564915675485,0.19364425998247844,0.2569602930660599,0.10731111958704413,0.17720299341843904,18.883621215820312
1101,0.17705753738184907,0.7082299487335191,0.18459127663353314,0.2593968012192454,0.10291845909705243,0.16988237502332432,19.93317413330078
1102,0.17969528686316957,0.8466973924977591,0.16379396051104286,0.2613515936520023,0.09936350540731483,0.17853632719681378,19.492082595825195
1103,0.19055697716154973,0.6969416755159868,0.16654757019396982,0.2423181566685437,0.11402200086363166,0.2122340493536083,17.228960037231445
1104,0.1860233207806635,0.6351488945576607,0.18399665289421363,0.2484469731318489,0.11792228293437979,0.1909910330888745,18.260520935058594
1105,0.19211901649753307,0.6761546497855546,0.20086341033368124,0.268762158826806,0.10952140825008987,0.1973291741759321,19.770444869995117
1106,0.18410115472217922,0.749719013436147,0.1732644744770048,0.25561512289973937,0.11284093000817837,0.18387912919156482,21.17609214782715
1107,0.1777135077335486,0.6996685743795601,0.18872663602798037,0.26171834150677753,0.11007725379369548,0.16339100037934484,20.348918914794922
1108,0.17412487939111382,0.6752276627057379,0.16335645823009973,0.23648091601233376,0.10881437653323918,0.17671003734818666,18.568449020385742
1109,0.1851526562065817,0.6691317039888385,0.15849873739331966,0.2314463040498223,0.1142227008604348,0.20670942527162467,18.248374938964844
1110,0.18423296481033136,0.7549962213725145,0.16774988115140022,0.25164221546870225,0.12068935693718087,0.18085052737326351,20.03506851196289
1111,0.18720331479680877,0.697960017106205,0.18304997441080761,0.2566085519387215,0.11892673545408108,0.1862157392225218,19.685667037963867
1112,0.18619443754686615,0.8296488017646507,0.16851572921341804,0.26296331100645126,0.1185056057827929,0.1782494010632933,19.029052734375
1113,0.1788534432724309,0.8918080866182081,0.159991874754285,0.2645370478777026,0.10767216351356057,0.1661639090318297,17.832027435302734
1114,0.18398426616327984,0.7583629176571713,0.17049413935807192,0.25447539340080044,0.12047013455894096,0.17787939498424582,15.911428451538086
1115,0.19877668261351006,0.7543127681192996,0.17500693982235474,0.2577649152933469,0.12998123845760287,0.2073579926550716,14.959866523742676
1116,0.19520679749592879,0.8137557021867936,0.18083494063081704,0.2712521922816708,0.13037505261660762,0.18539485382781043,16.411466598510742
1117,0.19182573591221905,0.7910565879370209,0.17616574645195038,0.2640072952355319,0.11581476607802577,0.19517647010923939,17.594940185546875
1118,0.18572890295482597,0.8159817560996533,0.16236297914812406,0.25573709014119966,0.11630699200626325,0.18521591124674133,17.9616756439209
1119,0.1739014838418112,0.7844502945346055,0.1576613816620106,0.24720265492952415,0.1077878486244014,0.16761238995529593,16.696184158325195
1120,0.1791710470384139,0.7059265942610315,0.17175109143777822,0.24806187755538586,0.12449414998487443,0.1667338552579105,15.156779289245605
1121,0.19370454220371405,0.7130167833859952,0.1821180394680231,0.2579607171705906,0.12393884493100228,0.19852537422131983,14.81732177734375
1122,0.19088169766439333,0.76363416697893,0.17859826001204918,0.262174818150175,0.13137040338301195,0.18057259973554302,16.9638671875
1123,0.18983743990725907,0.7859541439663124,0.17600644737253854,0.2631418326002205,0.11925881426353245,0.18745239373917866,15.975427627563477
1124,0.1836049899892637,0.8763024135096102,0.15064455914167163,0.25430996690852,0.12066132383530277,0.1768138430696302,17.898412704467773
1125,0.17905802057050996,0.8071033770587369,0.14546109307177543,0.23998141935562708,0.11882593750972682,0.1784531193117177,18.45785903930664
1126,0.17985161264081315,0.7408911953827981,0.16470063668738966,0.24701357364387655,0.1250289173500446,0.16905475514255514,18.235645294189453
1127,0.19867032796278278,0.7195076423644753,0.1806070738177564,0.2575928693244305,0.13370477969064073,0.20395795900946526,17.002716064453125
1128,0.19396648973960035,0.7705191294214154,0.18252369700612694,0.2665230444940253,0.1313347268156503,0.18528229688793468,17.996610641479492
1129,0.18970129743475078,0.7871444525429998,0.17520299409204196,0.26262320244217874,0.11801281824562736,0.18862204984373437,19.55675506591797
1130,0.181337209233289,0.8603855251409749,0.15194544741440186,0.2531511728039123,0.11530590333114087,0.17627738377337318,20.447662353515625
1131,0.16953016183074096,0.7908021608255562,0.147232675508471,0.23917117341091174,0.10921116605717136,0.16137339799996497,19.703447341918945
1132,0.1789597211854321,0.7047567718810822,0.1705934710226534,0.24690251400242896,0.12051369005072131,0.1706500547134318,18.402605056762695
1133,0.1941681604323655,0.6773710383323618,0.18375316094109903,0.25427000056842225,0.12769381752118822,0.19974410036059592,18.241741180419922
1134,0.18870308092957308,0.7503458503531296,0.18079847869422547,0.26216238893121174,0.1283158904477524,0.1772649780997323,19.753707885742188
1135,0.19405858814557062,0.7909804746379332,0.17720345540375546,0.26488588672292374,0.1301742678991586,0.18798348210599725,19.775222778320312
1136,0.18498737052891878,0.8831779636101792,0.14979150698955737,0.2545610007925033,0.12072781881451514,0.18033755179838545,19.273651123046875
1137,0.16997887923354946,0.8143684250340913,0.14137928932466673,0.23752059442601306,0.10660455930810099,0.16633240837491114,17.993635177612305
1138,0.17606251592753105,0.7416295546587326,0.15168958307331035,0.23596672187122777,0.11924231510527113,0.17336401144627386,16.72232437133789
1139,0.1918842698273906,0.7058595908160887,0.17280795583393607,0.24895818940281503,0.11824404383817301,0.20637978793945955,15.167571067810059
1140,0.18594003595759476,0.7669823293804059,0.17212972356816622,0.25710866725562903,0.12103049551732588,0.18046333145704999,16.947179794311523
1141,0.1883351056654058,0.7796961784047228,0.16660338541129105,0.25418807012463845,0.12680567581083496,0.18455201288632667,18.392847061157227
1142,0.18081874159687394,0.8735077234403873,0.14714649620078865,0.25091238580644565,0.11884846051060712,0.17371079886398222,18.096797943115234
1143,0.16585848661685085,0.7969428999064049,0.14054926598901887,0.234319785120074,0.1043051080585392,0.15981405666505333,17.297462463378906
1144,0.1730836372693003,0.7021064269549377,0.15294965457814932,0.23140062206054765,0.11725663841305166,0.17090489957617638,16.958168029785156
1145,0.1894507050875178,0.6457143304167805,0.17553968925412697,0.24270749513450604,0.12109381692182351,0.2026632909413857,16.22609519958496
1146,0.18548680599250603,0.7105630903982254,0.1758154195216002,0.2522079439325467,0.12105948777486186,0.1834797137354091,17.662363052368164
1147,0.18717632493171274,0.7529082381873604,0.16811853486407358,0.2516599210531145,0.12462175410538125,0.1854884277985262,18.2471981048584
1148,0.18003036725676116,0.8458827642320662,0.14862041184984362,0.24822931933301828,0.1182473330240353,0.17441643914367133,18.9843692779541
1149,0.16759743772398708,0.7926987649517603,0.1457454188679617,0.23816732545136152,0.10541877068695957,0.16025511961993358,20.024730682373047
1150,0.17447549781451113,0.7121903340836739,0.1515234725687714,0.23161873849947176,0.12382492313871848,0.16879441505648918,19.967153549194336
1151,0.18674746882124973,0.6472704752098353,0.16787481238540258,0.23635990707460725,0.12177451457580797,0.2001879203143235,18.335735321044922
1152,0.18393941324273377,0.7271619443636012,0.16998383802254366,0.24958071035698046,0.12005799679647237,0.18239951765824658,20.52601432800293
1153,0.18565155638998324,0.7333576823652961,0.16678036955089692,0.2477199856672396,0.12038620364553955,0.18844886442377212,21.79619598388672
1154,0.17518338458778845,0.7742583298192214,0.1441822453358387,0.23419311454775052,0.1193810788941997,0.17237688835471177,21.278606414794922
1155,0.16398053305497062,0.7382365626219849,0.14600488017470137,0.23060940623859905,0.10963901996962457,0.15322909296897358,20.26153564453125
1156,0.1705931431619093,0.7220583163048715,0.15582142765407597,0.23671241174704674,0.11962747283407271,0.1573337446867711,19.51609992980957
1157,0.18226468949549615,0.681271675162761,0.1806140272394574,0.2521365483713579,0.12036636834338606,0.17528784398721348,19.358325958251953
1158,0.1886872794096333,0.762884088584669,0.18229623629397865,0.26523735804979154,0.12204624780810595,0.18001686325083133,22.108970642089844
1159,0.1886921547622014,0.7626901806790827,0.16863951757943837,0.2535038980222447,0.11738923740624954,0.19437193209612136,21.51528549194336
1160,0.18707256562232077,0.909245264376539,0.15188796873508312,0.26008186811243394,0.11861226057157796,0.18309219286287182,20.52511978149414
1161,0.17425416555843,0.9015674014495223,0.14510470219246696,0.253170802086332,0.10903333651399445,0.16227033401039692,19.075624465942383
1162,0.17936076626651473,0.8174916062552284,0.1468923619420289,0.2426922539867717,0.12382554670601435,0.17253903162672773,18.072589874267578
1163,0.19187895054290066,0.774159861812979,0.17290989142332647,0.2588027443361339,0.1262358863316569,0.1907583121586598,17.097867965698242
1164,0.1896784006619405,0.7831354935356755,0.17758341384423726,0.264090853800157,0.12589003159285264,0.18038232710145297,19.5872802734375
1165,0.19363368916732615,0.8013366778226487,0.16865011158738405,0.2590339067638504,0.12225622588473614,0.1988637791426337,20.53795623779297
1166,0.1897928549851402,0.8674680102405188,0.15079025534990056,0.25317279176284607,0.1299288627453873,0.18671640351443136,19.678110122680664
1167,0.1803355420086061,0.8636617502688257,0.1489854915367322,0.2510820999270313,0.11548379146138435,0.17517758555880303,19.4196834564209
1168,0.19095480099590098,0.7597773883238597,0.17050694980680636,0.2546884410235282,0.12797595672582868,0.19029435470804035,19.0875301361084
1169,0.20022508680701223,0.7205174595931731,0.1868954062520454,0.2631271281579208,0.12887862774471848,0.20761395230447416,19.524702072143555
1170,0.1917565531673685,0.7211912744661049,0.18781719954990658,0.2640134959665063,0.12020068767058198,0.1911431105278111,22.05289649963379
1171,0.18707023753626625,0.7370607319137614,0.17284147953217152,0.2534442298723986,0.11110160639654507,0.1954655464894065,21.656389236450195
1172,0.1851689468134868,0.850687485489683,0.15646625781936233,0.2556407189151224,0.1152337673279381,0.18469942827441077,21.192310333251953
1173,0.17662687155656934,0.8546686799988499,0.15185681146615462,0.25225850697082536,0.1034309983241379,0.1744955796474728,22.479534149169922
1174,0.17944865733817064,0.7915843900064781,0.15795636716884856,0.24847465614565278,0.11296465303593502,0.17722441214607992,21.848649978637695
1175,0.19623620570625444,0.7325514678183009,0.1772345060435868,0.2565655005828317,0.1210373986974167,0.20924702882198237,20.216524124145508
1176,0.19260595115287485,0.7360428637253423,0.18192666831505333,0.2610861248022375,0.11760505685617828,0.19831158171929203,23.145536422729492
1177,0.19128019678622762,0.7690555523550608,0.17345348661656465,0.25853949600777837,0.11015846447924749,0.20340982573597832,24.142162322998047
1178,0.17930911610823771,0.798403770877354,0.14961923649567324,0.24230274140734195,0.11440039613635886,0.1809848239469155,23.807270050048828
1179,0.17680875769723034,0.7974797823555972,0.16090171690723676,0.25184144054271684,0.10463671080930115,0.1743057012343677,22.771160125732422
1180,0.18050190802228103,0.7510808146933685,0.16664264186412994,0.250133809411164,0.11145485061297677,0.17999016954014957,21.939598083496094
1181,0.19555842231977835,0.7068289418569538,0.17854692806852387,0.2540157871811567,0.11910634308859169,0.21130379739336058,22.182170867919922
1182,0.19091950230490407,0.6944384767063374,0.1830496001006312,0.2561051539014464,0.1148559772703009,0.20043764156320742,25.973615646362305
1183,0.18868754588300754,0.7240051511561452,0.17091852204232047,0.24993089763000972,0.1130075549052236,0.20131960520994158,24.739055633544922
1184,0.18321295180201594,0.8301913875919004,0.15414821089582284,0.25072580756669105,0.11738457908255932,0.18173902913744966,21.750164031982422
1185,0.1777643731608867,0.8428267523298474,0.15288803282755287,0.2514507070421664,0.10564289742040896,0.17639512228768497,19.27122688293457
1186,0.18295710586267389,0.7913402456021259,0.16535223567966809,0.25477909424001927,0.11196708032626972,0.18222913837685042,17.73526382446289
1187,0.1995805123096868,0.7461288256793651,0.18539954224895064,0.2655037255961527,0.1212332872473544,0.21045152261356995,16.72806739807129
1188,0.19299533059052856,0.7032868812469972,0.18455728226221865,0.25866151068861554,0.1186361040273538,0.20060174624748034,19.805099487304688
1189,0.1900435873624846,0.7338510647321328,0.17106178970799032,0.2514602575685821,0.1150279539504846,0.2019426801676493,21.559974670410156
1190,0.1852767758846185,0.8227940942147463,0.15731573816690933,0.2523840747451717,0.12178065230368061,0.182116997514955,20.359880447387695
1191,0.18136423509587393,0.8273728572026937,0.16347765707482123,0.25831982852166013,0.10927335204905299,0.1771076135142793,19.18533706665039
1192,0.18935837656628138,0.7615192786395584,0.17982448774345164,0.26292374358575266,0.12218717549975498,0.18376348135745468,18.81285285949707
1193,0.20480691797830974,0.7090991423136815,0.19685339732860993,0.27003136089790586,0.13017916600147952,0.21303481340338953,20.00307273864746
1194,0.19986615360327215,0.687405305725786,0.19397625579316505,0.2644661200692538,0.12198840295597568,0.21148421476192258,23.387266159057617
1195,0.19643576638701132,0.7004073241234083,0.18124688658828303,0.2554126633790152,0.11860828546357537,0.21293002732701433,21.833086013793945
1196,0.1878289314799349,0.8125066557894122,0.15994844443629147,0.25317104605816587,0.12495648951466655,0.18566796794359264,21.552921295166016
1197,0.1779867609660282,0.8097502262291306,0.15930910798011186,0.25222926772997173,0.10830939170125362,0.17399226565425535,21.1107177734375
1198,0.18366296642369798,0.7321276480002291,0.17911755829311793,0.25811899967984814,0.11429598181736862,0.17921004885510478,21.19420623779297
1199,0.20626911372361192,0.6891537359764135,0.19661288837098623,0.26697586660033296,0.12684715262088359,0.22264492092136837,20.12201499938965
1200,0.20172362344933645,0.6908973955487964,0.19532138789856637,0.26611796042002783,0.11728100900767394,0.21926586623643624,22.97786521911621
1201,0.1968753056732738,0.7044658727745334,0.18239379783982276,0.2569755228304957,0.11276542842199244,0.2178837582555758,25.509614944458008
1202,0.18744430925728348,0.7937216021526851,0.16753250502783354,0.25698809033138376,0.11956681002242867,0.1859863126479436,24.626981735229492
1203,0.1776326564366438,0.7814211360783916,0.1621548702763153,0.2506214796766119,0.10972067159299294,0.1731904228398662,22.48042869567871
1204,0.18688198347204663,0.7271021657690686,0.18150636131173167,0.25944861909135125,0.11701210524467968,0.18452232075410116,21.37090301513672
1205,0.20644181690169502,0.6753278698832713,0.20229597407192382,0.2698719591878306,0.12725862278390485,0.22022573725439284,22.059646606445312
1206,0.2031488573786209,0.6863356786226398,0.20249610799187376,0.2716160466534117,0.1141066803178206,0.22115197169137918,25.747024536132812
1207,0.19826397219441266,0.6745845241015094,0.18939514293921259,0.25870791167668356,0.11235840091854492,0.2205429000138099,25.3239803314209
1208,0.1902873511395662,0.7872106810143148,0.1759101175566978,0.2632387694792145,0.12109872621470297,0.18699490690162934,23.013029098510742
1209,0.17429064167333708,0.7712192288216504,0.16272981715731064,0.24965687596650202,0.10501750824180912,0.16895917841940472,19.89542007446289
1210,0.18536938752157603,0.7223580471174856,0.18877650332057525,0.2650024381487053,0.11190512678613722,0.17997169636634688,17.83292579650879
1211,0.20243812932977653,0.6706909141120887,0.20425296095613266,0.2708869542641264,0.12291380519776547,0.21212919112773007,17.20354461669922
1212,0.20421836127610876,0.6710028688847741,0.20964270042199717,0.2755512959166796,0.10984329166867599,0.22438022937211294,20.938840866088867
1213,0.1986460926383895,0.6502860605177,0.1905847426452929,0.2562563594842082,0.10904867653198602,0.22663484824140126,24.438980102539062
1214,0.1939610863623931,0.7636011982293078,0.18474238939148227,0.2674365049397431,0.12225747061644864,0.19241075888491327,23.915023803710938
1215,0.17721102799555355,0.7330460159070773,0.167103487929423,0.24795242049765934,0.11251919808857422,0.17191766072481784,21.60541343688965
1216,0.18792154675398487,0.6893717072583871,0.18422681314649383,0.2563903694481929,0.12176165876705244,0.18590122888511867,20.34232521057129
1217,0.20138182161317433,0.6369564233560059,0.18972761405799518,0.25361744395771096,0.13064231737503512,0.21757271827007663,18.9521541595459
1218,0.20291560459966976,0.6293862828469123,0.19415997675409133,0.25633516333878004,0.1132567307369892,0.23462500533279382,20.547344207763672
1219,0.1976744149475379,0.6604786007050802,0.17737281609560415,0.24638792818267216,0.10905149782546651,0.23259514334860787,20.45928382873535
1220,0.18435182583176743,0.7642541040199495,0.16112472567951527,0.2472860654424345,0.11375599196421056,0.191055720806546,20.9468936920166
1221,0.16659667262790087,0.7141150958883622,0.14492736935323783,0.22623990171539843,0.10447210495624137,0.16876784388904265,21.484403610229492
1222,0.18739108260779325,0.6917364290357868,0.18737704586600457,0.2594283863188306,0.11406902660929623,0.1885152408593204,22.96161460876465
1223,0.209794305177999,0.6521045438175372,0.19700567675618694,0.2620198006220941,0.13398614549769955,0.2304291363846778,22.199079513549805
1224,0.21115085895247762,0.6748712169169693,0.20067893067194073,0.26842068584980194,0.11955049648536907,0.24119007757603877,24.672277450561523
1225,0.20459560360843554,0.7165010671747241,0.18390038469700695,0.25998619647953797,0.11445942746413539,0.23499798897248347,26.60787010192871
1226,0.18995962185939366,0.8055392506935661,0.159889982242266,0.2521255920210232,0.11658420911763241,0.19976788411700902,25.572830200195312
1227,0.1733384384254793,0.696939039295382,0.15473331307863672,0.2321912739667432,0.11396544309682954,0.17379357823944194,23.974111557006836
1228,0.19033401573222578,0.6767868110529687,0.17848168117368202,0.24966812829929438,0.1228157027643725,0.1974951910829124,23.135828018188477
1229,0.2059501184380891,0.6142748786662016,0.18934284299376566,0.25004741951839937,0.1380616448594704,0.22676739437410906,23.209787368774414
1230,0.21036579956086313,0.6536754813283945,0.19618231099908115,0.26153847818898307,0.1281079429326879,0.23756533031091157,26.053409576416016
1231,0.21094243463150833,0.7105766460250871,0.1933705200991597,0.2672571095171493,0.12537004113272882,0.23654293841800458,25.618253707885742
1232,0.19782142991455165,0.790291452320315,0.17029244997202642,0.2588637360217819,0.13663130611071125,0.19795077039908543,23.7257080078125
1233,0.1865035828256415,0.7392486088990025,0.15028110908758532,0.23441932334635923,0.13114067025484188,0.19301985836946306,20.747867584228516
1234,0.21201093963527995,0.7343774911820102,0.19942050760661964,0.2758429338316754,0.136489312337541,0.22223936859895543,18.98350715637207
1235,0.21850587891314402,0.6508038002126747,0.19338977005212996,0.25873463150363635,0.14392184858328413,0.24856674693509062,18.268917083740234
1236,0.22480504870705761,0.6561292979087213,0.1898768288667152,0.25648432444414465,0.13585520997660744,0.27491679132625046,23.214641571044922
1237,0.21522126838662492,0.6941605734410696,0.18320570805747527,0.2561992602551316,0.12056783711125811,0.2621872778676274,26.989362716674805
1238,0.19605105835948497,0.7674009068107186,0.1631972965349798,0.24951209800294247,0.1221576361402188,0.21392939311331755,26.173683166503906
1239,0.17785091880200357,0.7013512716067447,0.14543666806723152,0.22485304000144768,0.1148614054695816,0.1918398869183592,23.229467391967773
1240,0.20416044647409787,0.7077330187222863,0.20401757156090036,0.275976921155384,0.1264183189512493,0.20934539271046504,20.10219955444336
1241,0.20758356953772256,0.6275725779894936,0.19566287356300335,0.2573642599096448,0.12468998290101523,0.23655735376940956,18.656278610229492
1242,0.2095590058581644,0.6172359034346953,0.19197925085819575,0.25273020122626705,0.11708422628860225,0.2526996420344413,20.275312423706055
1243,0.20838487526603122,0.6733089690729164,0.1853582343276505,0.25506548214840274,0.11213264403820146,0.2517600465683071,19.977195739746094
1244,0.1945824767846731,0.7431432010187345,0.15855141294828687,0.2420645255297794,0.1250994837979378,0.2138333029960985,20.066743850708008
1245,0.17080951908399913,0.7025623240663865,0.13561361435221245,0.216606287168523,0.11093843598324936,0.1831245447231967,20.55931854248047
1246,0.200541986747446,0.709007877560776,0.19655450494654422,0.26976212960572016,0.12266168241184974,0.20811962804010284,20.619199752807617
1247,0.22090683282197415,0.6500137788637037,0.20599508975361233,0.269426331055054,0.12616185826734266,0.26135412460333185,23.574527740478516
1248,0.2228102730306368,0.6777474985074504,0.1965578673443542,0.26529924322479653,0.11903213125601442,0.27643829816354165,26.098464965820312
1249,0.2136234164838303,0.7289271756993692,0.1865874466819136,0.2640645508272644,0.10357249738998231,0.26578197814044247,27.52767562866211
1250,0.1969967410504056,0.7538933394291951,0.16443328369700658,0.24864186308731925,0.11568427970328707,0.22295566294683483,26.683902740478516
1251,0.16733250260124347,0.676269355845533,0.1371925429657089,0.2142035162342552,0.10521951954943129,0.18066922584269388,23.4561767578125
1252,0.198852682122512,0.6967649601298893,0.1928078526258125,0.2648017251263949,0.12476977138695032,0.20596981638773085,21.122905731201172
1253,0.20909736250513114,0.6289900080942785,0.20243954457923863,0.26337532508138717,0.12387518857480481,0.23617354743994268,21.10973358154297
1254,0.21415682318146734,0.6612045621956688,0.2009623809290317,0.2667112639671227,0.1173381422631495,0.25288803329754694,23.966829299926758
1255,0.21577650107433416,0.7137678534401044,0.19012621284993822,0.2649321615056762,0.12076349172376342,0.2559016813786592,24.512102127075195
1256,0.20275030001101288,0.7572647961019336,0.16666267243060193,0.2510344043836493,0.13279999281737656,0.22170822747938768,23.364500045776367
1257,0.17209700458445992,0.709900345012306,0.1458347223722777,0.22641552560656747,0.11643970093176191,0.17326843938622663,20.018413543701172
1258,0.1970562346201242,0.717690937599207,0.20062927771527259,0.2744952291272632,0.11913724688724427,0.19747622869264742,17.557056427001953
1259,0.20964076875478047,0.6571072280910042,0.2141606405310016,0.27743872446814477,0.1171294128082363,0.23126499395881284,17.568857192993164
1260,0.21351100078598603,0.6916079885408069,0.20562858058361685,0.27505421029178684,0.11734200282164978,0.24380856568720452,21.4902286529541
1261,0.2154565992460732,0.7585431359402075,0.19206073031910073,0.27298678826497313,0.1169232384964186,0.25133437451048357,25.173643112182617
1262,0.20111511669011933,0.7793170930799153,0.17115634576031427,0.25803645252025725,0.12556588819724873,0.21741452277001042,25.05007553100586
1263,0.16884891199407026,0.6794520461150135,0.14801071631119203,0.22393090628316653,0.11193292456304627,0.17045365599325704,21.96220588684082
1264,0.2013469502195141,0.6927445520500557,0.21195838641840992,0.2806421243657879,0.1240929220504987,0.1995609474894129,18.920825958251953
1265,0.2148132499936849,0.642344416493309,0.22753677174773193,0.2867950067113858,0.12227534341812756,0.2327998811193093,16.18393898010254
1266,0.2141772479187873,0.6528791311789308,0.21539627107509043,0.2778938225184962,0.11663059489123988,0.24377856654314597,17.03842544555664
1267,0.21600760316690584,0.7042886537208011,0.19574909840102017,0.268397606303846,0.11915396573188854,0.2549132831777233,16.87919807434082
1268,0.20017022229986656,0.750131012603075,0.16888977339886116,0.25192423614232023,0.12475891200543757,0.22087035669534497,16.53643798828125
1269,0.16695490359238474,0.6600789971552279,0.14232579336593254,0.2162905367644033,0.11041229942616726,0.1732610032123087,16.48948860168457
1270,0.1975186640794692,0.685066519460259,0.19844296931844443,0.2679606193387037,0.12480135899097558,0.19950959518007091,18.81759262084961
1271,0.2259855457933674,0.6751064068387835,0.22723951324685163,0.291220498045699,0.1253962379291205,0.2569206069537933,20.125707626342773
1272,0.22521238911540575,0.7353883882214407,0.21501781611393614,0.28935646927215114,0.11999630735067043,0.261150390522397,21.95873260498047
1273,0.22051570476112908,0.7661557150230793,0.1927568502734486,0.27467097380911015,0.11954682896619019,0.2614776106647172,23.371793746948242
1274,0.2060633359590894,0.7745672626887591,0.16784523330679815,0.2545198089327926,0.13347973291786172,0.22717457476817327,22.925626754760742
1275,0.16972317127655756,0.6716937623618684,0.14502472875111175,0.22026316212407698,0.11351114218288583,0.1746862047419408,19.890474319458008
1276,0.19708976833440014,0.7072913387419688,0.1972291123749642,0.2700951447131077,0.127284333288298,0.1942898196683704,17.661012649536133
1277,0.21616160890517228,0.6693451880737782,0.21703909797127832,0.28165425370020686,0.13482039459726414,0.23002910722893666,16.85660743713379
1278,0.22461020924390718,0.7085591461607246,0.21292042780764012,0.2837259590009379,0.13531179987677586,0.2510200364027452,19.09415054321289
1279,0.22090006855737868,0.7427616700720888,0.19193803987123906,0.2706271298999319,0.12751583102402717,0.2591000977243271,20.393613815307617
1280,0.21183383879979065,0.7608904304319781,0.1737581918547857,0.2576342259372418,0.13752538766739295,0.23677839479536894,19.063732147216797
1281,0.17574733792076885,0.679784223500539,0.14724084448365263,0.22331847005749353,0.12294527415586061,0.18032440309542952,15.935620307922363
1282,0.20481042959771925,0.7376195000374278,0.19602427091991823,0.2733950179367053,0.1363801384253505,0.2046754195769292,14.062566757202148
1283,0.2154983528384978,0.6923537097022663,0.21396978831233984,0.28231034851090075,0.13038319665434497,0.23151361828627892,13.377462387084961
1284,0.22702538292892188,0.7500535456309106,0.20917613976362892,0.286444340601812,0.1358758799038981,0.2547896101120387,15.778708457946777
1285,0.22060358871357763,0.772234331212188,0.18335012404008502,0.2674764393503854,0.1297731477226261,0.25906648027345336,20.1940860748291
1286,0.2119815877085471,0.7806039833757222,0.16779944390504975,0.2553429495437172,0.13891684528681142,0.23797204572179195,20.272415161132812
1287,0.1774884373760306,0.6986891502577713,0.1481987108358596,0.226840202181847,0.12402520860592367,0.1810859683447848,18.345783233642578
1288,0.20686661235302078,0.7072162088337901,0.20261832211351316,0.27470373450212415,0.13471618303940583,0.21064075612196842,16.49997901916504
1289,0.21910520803996014,0.6575782722059684,0.22392680680686805,0.28587701614959665,0.13363848265855593,0.23546326065275686,14.38930606842041
1290,0.23372008161828903,0.7046864038721388,0.21412250176479417,0.28420305920870054,0.14031897400928478,0.27127344538455767,16.14909553527832
1291,0.22443586513449218,0.6793237454094554,0.19598533973800322,0.26503368340535355,0.12645946504164116,0.27464212422873313,16.737207412719727
1292,0.21877760521462433,0.7200015671626112,0.18015034501005125,0.2572719481747027,0.1379667748183811,0.25580453172126866,16.385149002075195
1293,0.18004490154325178,0.6892122793755393,0.15351595028984777,0.23004399730208944,0.11747285977466217,0.19104622930178475,15.555624008178711
1294,0.19905299723722328,0.7108546535086671,0.19385355458287376,0.26771085442941567,0.12329074363375632,0.20526934409708852,15.591032981872559
1295,0.22125658535285694,0.6999624465498309,0.21672804243869134,0.28576152874028266,0.1319859844721525,0.24292653565947586,15.462757110595703
1296,0.23640580691120697,0.7771476612977446,0.20942125325108177,0.29052502582917644,0.13796188497045903,0.2751899220561381,17.253604888916016
1297,0.22829135922082325,0.7555865228434486,0.19064459174809376,0.271350581904573,0.12918017533501502,0.2773368252726243,21.100557327270508
1298,0.21935582881629154,0.744545863598832,0.1646116901940556,0.2474594292518808,0.14252965409323784,0.2619880813178229,20.644641876220703
1299,0.1803888891157729,0.7070207596459981,0.14829636637437973,0.22811413684175377,0.11828757750752153,0.19296794501275952,17.75066375732422
1300,0.20137681560083387,0.7181260641917947,0.19208547652218178,0.26723413190355505,0.12590669558487652,0.2097880188499155,15.930025100708008
1301,0.21788941001670334,0.664417332622738,0.21432344341487305,0.27862257044456806,0.13294044978873168,0.2390782348417969,15.466256141662598
1302,0.2355862027999284,0.7663571310583839,0.21231513519031942,0.29146399174290005,0.13621918966645438,0.27363927396661797,16.805084228515625
1303,0.22487709006548845,0.7262248427128901,0.19650827704795837,0.2721820721429486,0.12453755454354079,0.271282324329415,18.768388748168945
1304,0.22171125782649803,0.7270153239287879,0.1797111575360916,0.2578974670207625,0.14204232102109682,0.25975864448624275,17.050765991210938
1305,0.1821457986832815,0.7360514864003159,0.14740662893713088,0.2314987514318716,0.11820948501788961,0.19490623948548313,14.370596885681152
1306,0.20181692652448546,0.7230324247744531,0.19452845881611303,0.2700290253815902,0.12073323447034041,0.21307957057189575,13.740072250366211
1307,0.21934317382923163,0.6800004434078047,0.21122393699805544,0.27819200934230537,0.13386172748613998,0.24264670830549728,14.675728797912598
1308,0.23145592752585464,0.7484417854592624,0.2026670049268616,0.2806348307172046,0.13749088534527357,0.2706437991414319,16.145578384399414
1309,0.22040329905077255,0.7008786915293259,0.18282491408190193,0.25683259657439106,0.12720248220201463,0.2700783784602695,18.68869400024414
1310,0.21702663968484864,0.7109679787324505,0.16441042675645068,0.24249007703873637,0.14573674186420243,0.2571247925932624,17.391197204589844
1311,0.1781559590473036,0.7167840444354643,0.14214894022960137,0.22423966940186751,0.11798707266861566,0.19048048806841217,16.58232879638672
1312,0.19986903585985677,0.7029261841282113,0.19494605449030175,0.2675146444385745,0.12203392726729252,0.20878484837197242,15.837301254272461
1313,0.21827688927553826,0.6475247283192259,0.21291979537469255,0.27500621436676875,0.13469645754769236,0.2417716075825767,16.586410522460938
1314,0.2294060498305461,0.7325175374935493,0.20745431467888462,0.28246334650955107,0.13810145152433817,0.26287243875434874,20.06029510498047
1315,0.2183461174102386,0.658752236628616,0.1900542852531668,0.2570111354496596,0.125684641249656,0.2655930182662549,21.660749435424805
1316,0.21427268887743828,0.6702188125838513,0.16903665216359073,0.24063410365219942,0.14336947585514012,0.2532467623440332,20.29777717590332
1317,0.18117653874621295,0.6930398629386019,0.14404854355976374,0.22247587489959772,0.12460394792689591,0.19454063657890364,19.364900588989258
1318,0.19512487585002722,0.6851257361128642,0.18692735530769697,0.258098552565578,0.11662750536897944,0.20870810789483712,18.96401023864746
1319,0.21700984052961314,0.6625830169491751,0.20188022454113275,0.26769490917085303,0.13802171021523357,0.24177501949361033,18.893455505371094
1320,0.22944116923156124,0.7342888796384961,0.19580136248048433,0.27272815064591455,0.1391722714307566,0.2705503460697062,22.381614685058594
1321,0.2196545407751989,0.6715789098163216,0.17730212588709962,0.24791309501984563,0.1292629189616193,0.27402097489801513,25.410673141479492
1322,0.21725436125652006,0.6517755188499224,0.16241014107047716,0.2323194807532551,0.14428453654548143,0.2679209783190357,23.4841365814209
1323,0.17747926281453708,0.6866796814680752,0.13798141266176175,0.21636687963409226,0.12447162794956161,0.18983427860427987,21.24201202392578
1324,0.20165981163136168,0.6906866489978318,0.19890406304720498,0.26915871818300885,0.12448400030411212,0.2101271033100138,18.97193145751953
1325,0.21616583434776138,0.6529605395914468,0.2065752436249915,0.2703445716201994,0.13396347992604227,0.24068649935338227,19.85076141357422
1326,0.22283981190305316,0.7142647087668996,0.19364341696663243,0.2680178872238134,0.131926626720859,0.2628580330318079,21.70392417907715
1327,0.2132943650492847,0.6615748011602159,0.1729622720570411,0.24276406192892322,0.13212906030340274,0.2585280219322477,22.506752014160156
1328,0.21471431876829544,0.6636916766582943,0.16160329529537107,0.2333302069186458,0.14300622423935921,0.2611699993495581,20.853164672851562
1329,0.1782034179865563,0.692940295395079,0.14317347803283534,0.22171159479887015,0.11730985441578899,0.19341563140020313,18.560667037963867
1330,0.19573985556616477,0.6746126066201055,0.18727025920462703,0.2568905945496954,0.11885510832100721,0.2095071127950884,17.22609519958496
1331,0.2167877031397471,0.6418303574720723,0.19668730543929325,0.2602791700154045,0.13622250613112993,0.2492272170060868,17.872806549072266
1332,0.22438662986239113,0.6889531996071963,0.18859191956375376,0.2600721024271027,0.1347621950905804,0.27158322179360306,19.270217895507812
1333,0.21458693944587787,0.6100757137918685,0.16738889260546705,0.23062986706066724,0.13176406128832616,0.2730193961707949,20.65195655822754
1334,0.21143214705251123,0.6372315833683655,0.15606903138181752,0.22480653880846724,0.14038067693993364,0.26189959061455503,18.759044647216797
1335,0.17471478008798333,0.6696158361553095,0.14493096527802943,0.21988594683192658,0.1176884363467958,0.1850880599605721,17.876413345336914
1336,0.1954284556545126,0.630720723266641,0.18810720189754035,0.251337704950269,0.12726795431241333,0.2061483011950627,17.236438751220703
1337,0.2151937758421673,0.6252483438164009,0.19530239472280142,0.25672324459331564,0.14219638687497668,0.24272820603120435,18.28350067138672
1338,0.22026192589906038,0.6759831024667021,0.186526705357304,0.25644904780150374,0.1328885550710304,0.26504989370894877,20.678882598876953
1339,0.20612655579115727,0.5971928084151852,0.158878799888683,0.22149508682104044,0.12621170999036463,0.26260458121570307,20.984785079956055
1340,0.20021762748529975,0.6654657798050891,0.1445165670935604,0.21893788319520735,0.13505073292193084,0.24085843648207836,21.32818031311035
1341,0.177583350036728,0.6819612034216377,0.15276317608326673,0.22836289427446257,0.11572951721780253,0.18727335254527008,21.33742904663086
1342,0.19100237751254204,0.6393352050794816,0.1746876558831724,0.2410658771969309,0.12329802469615338,0.20643812400304187,21.584928512573242
1343,0.2150717148516147,0.6327026234049984,0.18354008979453038,0.24770616602459722,0.14676606192142808,0.24628401638916822,22.938507080078125
1344,0.22357926700151687,0.6744877126734046,0.18207411741548807,0.25241891673804756,0.14139758458036147,0.27025354560056347,25.25969696044922
1345,0.2101021380518837,0.5947616727288441,0.1629069784331487,0.22460050618967659,0.13451603514298632,0.2635539059766002,25.614755630493164
1346,0.20372203271310135,0.6558445160356055,0.14715607566811625,0.21982585286347187,0.1426734318038141,0.24304871587715346,24.801921844482422
1347,0.17413785296588633,0.6759513014598351,0.14944897640252552,0.22466359426785545,0.11684588446436492,0.18005830176549453,22.250076293945312
1348,0.18977660746722014,0.6265603902596604,0.18037740930139812,0.2441178351525784,0.12752112388923834,0.19670158137326574,20.463655471801758
1349,0.21030506407675842,0.654157242931889,0.18316681181161576,0.25045115911451193,0.14727905439498384,0.2303249893902767,22.34432029724121
1350,0.21700341825488492,0.6711528754598217,0.17516932440249858,0.2460241174106876,0.1418541668145669,0.25736590150383587,23.64584732055664
1351,0.20293040861885328,0.6259621725000084,0.15320449260217803,0.22074130401615383,0.13099539518083184,0.25028901190448416,23.101667404174805
1352,0.2038628038991268,0.7364629387066461,0.14996679967280302,0.23375196239192345,0.1412946852921107,0.23245689399906894,23.556034088134766
1353,0.18572891840211414,0.7412292587010494,0.16546708023600185,0.2477188200167229,0.1234000917631253,0.18602547779844664,22.773902893066406
1354,0.18044098375342668,0.633107484600941,0.162454941323481,0.2296910189345467,0.11897293276609365,0.19113174758386303,20.573806762695312
1355,0.2055828095408205,0.6614429596498647,0.17009641599546613,0.24028877937466595,0.14096150197406632,0.2317587300571157,22.596790313720703
1356,0.21651304581267858,0.6950566862773132,0.17880072840628913,0.2525515795307211,0.13959025790709598,0.2522867682267762,23.93642807006836
1357,0.20603671695356238,0.6606025736492324,0.16147013058850945,0.23277476531146987,0.12721995357821786,0.2516055925938197,24.4183292388916
1358,0.20435321016293975,0.6916100181697249,0.15029670295176703,0.22762717655433246,0.14223619018086173,0.23834088205478943,24.616214752197266
1359,0.18553024308749275,0.7201006837087529,0.17204142323177582,0.25033560329991544,0.12648445682997084,0.18049061587695459,24.253156661987305
1360,0.18504649725689867,0.615630434365478,0.1701478661845158,0.23378823306751043,0.12396999115887332,0.1958394212583856,21.423131942749023
1361,0.20451307212319228,0.6766112374318634,0.164223068065059,0.23742137797460247,0.14203182180647603,0.2303893985303352,23.417512893676758
1362,0.21478620004076204,0.697907926131313,0.1687517773077447,0.24434551285396874,0.13688245575367178,0.25708757758041006,25.667638778686523
1363,0.20089703966770028,0.6579554127703737,0.14939597669744273,0.22204732470786143,0.1241064298620825,0.24958232383747483,24.238798141479492
1364,0.1981459511381633,0.7108652965915212,0.1368045989478743,0.2188132700398239,0.13999141034128826,0.230947270296476,25.347759246826172
1365,0.18644471009320032,0.7268924591411117,0.16360761017752767,0.24407687431518252,0.12849096288214823,0.1867260952086364,28.157386779785156
1366,0.1792333410109268,0.651004433506627,0.1549945639826934,0.22585311677182676,0.1267762811927354,0.18434096456105684,26.51019287109375
1367,0.20555820141225076,0.666039624559285,0.16052012350018244,0.23273719508005422,0.1454379945081284,0.23438176299402977,27.631139755249023
1368,0.21803167369044238,0.7189371144365737,0.16442475176226387,0.2436408035728796,0.14934534821792786,0.25572421983176,29.222511291503906
1369,0.20520331296307406,0.6477108534861248,0.1580188216206149,0.22797482617283057,0.13253458338768667,0.248863377283001,28.400644302368164
1370,0.2009256370940116,0.7381857163462516,0.14478517770619892,0.22955668322620643,0.13773014015254306,0.23116953155212605,28.13033676147461
1371,0.18126481637258018,0.7059044322505846,0.1581658023929284,0.2364141780868793,0.12320582801288094,0.18381073968730524,27.32146644592285
1372,0.1853791252251731,0.7121675500596769,0.16943387921756917,0.2469672607664417,0.12593840321234576,0.183500138387787,24.570110321044922
1373,0.20220457691530466,0.7237153425950191,0.159790133660853,0.24035087779430533,0.14379141923790884,0.21993807661390047,26.534971237182617
1374,0.21615187507595082,0.7863269036441296,0.16505168613621368,0.25380528863734453,0.1504743223709856,0.2406729968265759,29.03575897216797
1375,0.20839733104185124,0.733556688209827,0.1493863934394893,0.2328392926923947,0.1415236503637857,0.24552508519093308,26.92452621459961
1376,0.20547900203588768,0.7631740769503879,0.13729969949018694,0.22671032484164425,0.159952794293103,0.22673702635578716,27.179492950439453
1377,0.1833920257678729,0.779138737614568,0.1449563445641456,0.23555382928563454,0.13655028196139737,0.17873697352049744,26.779340744018555
1378,0.17744244641822057,0.7534581806738522,0.14278083576138031,0.23002045646316205,0.12529009460393073,0.17706999546640043,24.00212287902832
1379,0.20111546516125525,0.7331580604208379,0.1484082080508807,0.23194390124658887,0.1445057848929716,0.2236740538213365,23.631324768066406
1380,0.2204230371048733,0.806654079360831,0.16423840024327038,0.2560120686886362,0.15508838426808985,0.2464504557012663,27.028884887695312
1381,0.21726276524277954,0.7909073507098542,0.1615025674342548,0.25141753647362614,0.14433696307572222,0.25118741731196403,28.209609985351562
1382,0.20760354681086132,0.7475285895850534,0.14223928769536176,0.22870918796531767,0.15565007868074907,0.2345953954145602,29.28813934326172
1383,0.1903639873868783,0.7976192817891781,0.15672712415908696,0.24828314667767143,0.13987414726164138,0.18386333311701658,29.230173110961914
1384,0.1795843173592927,0.7295006662409145,0.15534046665841564,0.2373633523130583,0.12153927783374323,0.17981707135960365,26.087173461914062
1385,0.19995149005908575,0.7194487833439691,0.15396403632882175,0.23474757161669996,0.1408666601023377,0.22120414490832785,26.301286697387695
1386,0.21744904959886283,0.8012968562401013,0.15356476497086688,0.24609792086647178,0.15360143934455417,0.24824794621222496,27.381057739257812
1387,0.2123335623835949,0.739302483063873,0.1547063230927406,0.23822006023147382,0.14768690234375045,0.24624870430156476,26.602643966674805
1388,0.20738991771117343,0.7307007140918179,0.13932373333705536,0.22380615915916427,0.15831014668402452,0.23597050609293674,28.63129234313965
1389,0.1875772349705812,0.772862598892132,0.14572055200681922,0.2353122729904353,0.14048033175106037,0.18701886702028964,32.17393493652344
1390,0.1782448090353976,0.7641259490503886,0.14410098680292074,0.23267598140970186,0.12106968903296426,0.18064576321001052,32.04196548461914
1391,0.20034397668595802,0.7409615209254942,0.15045846381474393,0.23481604340199397,0.13542083067037433,0.22698867107306225,28.346696853637695
1392,0.2173889256621841,0.8306094730347747,0.1507394557181226,0.24786374390621577,0.14894233499476292,0.25061422653264986,29.368711471557617
1393,0.21302843085366527,0.7616434740755189,0.15879038814207744,0.2449122575611405,0.14219803549899016,0.24710667841996514,31.1474609375
1394,0.20586930837633163,0.719946284255368,0.13786948207675165,0.2210233109594111,0.15455691118439766,0.23750790365907937,32.12385559082031
1395,0.18424928883156905,0.7562429006466932,0.14397791495260445,0.23144434148033138,0.13925198422818444,0.1823262592918635,31.794902801513672
1396,0.17982527706362947,0.7281275479347196,0.14015174269295708,0.2241482862989231,0.12192737627549147,0.1917033071723682,29.747257232666016
1397,0.199237659114078,0.7300036416152955,0.1471488417563079,0.2304138131647347,0.13369470278120785,0.22930861111101478,29.08760643005371
1398,0.22191004735947245,0.8184393181211178,0.15681494758940773,0.25133271480822345,0.1506450976918297,0.2585220443010027,30.217437744140625
1399,0.21440103801774543,0.7518183951619872,0.16039623800169583,0.24488511759602316,0.14880048598516918,0.24512795141525667,28.97222900390625
1400,0.20560204741106666,0.7213391009934519,0.13790638603677408,0.2212539167448709,0.15649679999475324,0.23487375323326226,28.222496032714844
1401,0.18548151781356106,0.755633353225445,0.14347150713910695,0.23092319943715522,0.14476203147618158,0.1813495969381233,27.47311019897461
1402,0.18115886386799976,0.7787686094569197,0.14371608295511187,0.23443787245537015,0.12336518040589192,0.18510920438339507,25.352981567382812
1403,0.20191091732775623,0.7686073399677933,0.14893143890111102,0.23745656762492276,0.13988144461640187,0.22508426194017053,22.90387535095215
1404,0.22836621861538872,0.8782422383728282,0.15785777948876992,0.2607698450436354,0.15760859932663604,0.26192596236833143,24.25486946105957
1405,0.22041274947180936,0.7941408865288953,0.1584556785729518,0.2492678511380866,0.15563378342993447,0.2518461308004573,27.242185592651367
1406,0.21134109497470366,0.7214941776855954,0.135568864379786,0.2192724805663302,0.16899339655488627,0.24145536869937068,27.963367462158203
1407,0.18345647494425502,0.7424080088580981,0.14516517471120552,0.23048557958933305,0.14931486693382853,0.17217991538893498,26.770479202270508
1408,0.18571530098526798,0.7697473193686795,0.15043376776087672,0.23890713227627708,0.12959682229080136,0.18827611746329326,24.661516189575195
1409,0.20349711352386127,0.7725897748848822,0.15714852572909319,0.2450687041799202,0.14219612279983426,0.22076033858333327,22.582752227783203
1410,0.22774025683217625,0.8908517211515927,0.16327644777870337,0.267215772546259,0.15772152681776502,0.2544655693449636,22.560569763183594
1411,0.21839301246505763,0.8001686828728262,0.1651250452332422,0.25584556489603993,0.1491389330420234,0.2462193485831031,21.693714141845703
1412,0.20470869181955942,0.7245298651448673,0.1313295306733438,0.21607243559784717,0.15740529573060247,0.23615588759139486,24.107189178466797
1413,0.17674024497419882,0.7350274192693826,0.1386521704863138,0.22384863459818075,0.13918396333265476,0.16838215048956567,26.233875274658203
1414,0.17857776651580207,0.7559849279725803,0.14023357531548783,0.22819805426650103,0.12947075345386122,0.17812865116313875,26.691987991333008
1415,0.2021290754248082,0.7791201635412015,0.15647791361107166,0.2454268064582331,0.15089740772119506,0.2090712700112229,23.21019744873047
1416,0.22112651322033552,0.8843991405577034,0.16365835213469174,0.2666213219094077,0.15709254149206345,0.2373482808796355,23.430315017700195
1417,0.21007803932681482,0.786955926057348,0.15475052401559272,0.2450655814501292,0.15311617064789315,0.22930557506297117,24.779638290405273
1418,0.2001173433323803,0.7050407871436439,0.12862670418235722,0.21097157317682672,0.15474433441398996,0.23032127502208116,26.351655960083008
1419,0.17527642837583882,0.728229628714925,0.13923558941125097,0.22337759502606153,0.13789582036694495,0.1658959395646761,26.091630935668945
1420,0.17687152861792776,0.7336744959918029,0.13975575521902114,0.22460128961513282,0.12791536106156579,0.17794463435719007,24.879436492919922
1421,0.19748712129407958,0.7683745018156648,0.15774123487278138,0.24497455872176474,0.1408128543251602,0.20552559714265944,23.717082977294922
1422,0.21990899181458892,0.8793103690360529,0.17302419632581034,0.27392222099870217,0.15044576271090473,0.23342774174421355,24.52535629272461
1423,0.20797396355806183,0.7975211440056279,0.15740577475647388,0.24885082750635304,0.14601942536633053,0.2264169285210719,24.369197845458984
1424,0.195717702554796,0.7159469608166598,0.12135620016367053,0.20629773739981183,0.15132482912321846,0.22530393631803752,24.954862594604492
1425,0.17519095194398432,0.7323962600696583,0.14108154645690463,0.22555507697301228,0.13321815004355697,0.1678485442064588,23.305904388427734
1426,0.17611291571896145,0.7374728781298387,0.14119225987605144,0.2263752053408782,0.1248684614333094,0.1769723097997299,21.76464080810547
1427,0.19665928552792256,0.7623420404808791,0.15585706270377117,0.2424977738147866,0.13835973565594908,0.2075627144148933,19.847393035888672
1428,0.21811138021812662,0.869075353167746,0.16826871299535354,0.2683839473056953,0.14684157172030546,0.2364839664520976,20.58675765991211
1429,0.20551894653347305,0.8044231051122169,0.15281181906698174,0.2458991456448725,0.14055495670440152,0.2270297634114362,23.2841739654541
1430,0.190677596963976,0.708614152712383,0.12545446813274497,0.2087629945012647,0.1380730793960173,0.22088182699081216,25.21175765991211
1431,0.17693357575119184,0.7553943269803316,0.14657095522769173,0.23354572262092602,0.14100150361924849,0.15883851035562488,25.028358459472656
1432,0.17884951684049977,0.7343893109550994,0.14933548016203732,0.23291459884676044,0.1333639053634111,0.1713424801274742,23.097322463989258
1433,0.19843248835658384,0.757398818719877,0.16356937627091603,0.2484021537636247,0.14066056053842507,0.205259467966312,21.390087127685547
1434,0.21667016454741414,0.8656763480839855,0.17568103388302989,0.27425179305459496,0.14601664135770168,0.22810807239462938,20.18276596069336
1435,0.20473702513245892,0.7954178155504976,0.15601219826655233,0.2473558578785445,0.14228687420151004,0.22208942854421432,20.146068572998047
1436,0.1896402280343075,0.7131705372584713,0.13102396615843503,0.2141877620298688,0.13238792226177418,0.21825690333915798,22.536489486694336
1437,0.17378624969423348,0.7523863192749028,0.14855746161236433,0.23481872699272696,0.13333175781746828,0.15578051245022118,24.989233016967773
1438,0.1790551723588777,0.7382930916372303,0.14739070399930068,0.2318053308047192,0.14069872949366397,0.16646067122582836,25.007789611816406
1439,0.19652910784485556,0.7414247619094967,0.15869357254515107,0.24194088531148614,0.14758992197134874,0.1996155902008722,22.231517791748047
1440,0.20833204357876528,0.8405905961950298,0.16357726371788503,0.26029345407176285,0.1397457726675753,0.22287879644468364,22.00864601135254
1441,0.2012120510691199,0.7940843673966231,0.1547214233083025,0.24605898674949114,0.13807935628319337,0.21721209028648075,24.000608444213867
1442,0.18465032812174845,0.7188138309075914,0.12374956537515423,0.2087587461655024,0.1300566735786788,0.21132491005864962,26.406700134277344
1443,0.17176785552562776,0.7439243754562332,0.14702266883983883,0.2322943412136095,0.13583640183481055,0.15024720252810875,26.627511978149414
1444,0.17293679526571126,0.7141833555903494,0.15606800637738652,0.23579877055066692,0.12383284576092095,0.1608985227080666,25.2613582611084
1445,0.18932700274706554,0.7170915989247932,0.16828001737932619,0.2466816718858215,0.122160564504554,0.1979123007128517,23.094696044921875
1446,0.20630736236984212,0.8137075643667455,0.17103299857055498,0.2628436508271537,0.13028307191990882,0.2233593641133862,22.40935516357422
1447,0.20234811631240077,0.7763972215028326,0.1657629782749034,0.252996441593179,0.13493917899925,0.21701365184072663,22.6081485748291
1448,0.19134029612500092,0.7087073003760458,0.1398071955981998,0.22107863913789208,0.12740371295859657,0.22126375625932504,22.604320526123047
1449,0.18001585272487095,0.7548773017638962,0.15220982274780356,0.23830517689295969,0.13424295915471393,0.1690639759516807,20.926183700561523
1450,0.17918376501015237,0.7569435440242658,0.15680741151356667,0.24254114472938082,0.13598744054456804,0.1615428416632138,18.36015510559082
1451,0.19616685932968467,0.7148469243246052,0.17568300862608513,0.25270642515444514,0.13456937343207423,0.20059253939342847,16.05406379699707
1452,0.20088520484960962,0.7928757458742777,0.1685881596665542,0.25777210055337185,0.12781146593383133,0.2150486926601236,15.800301551818848
1453,0.1947354220812131,0.745501471968975,0.15836697844997702,0.24224333466697673,0.13022299123207567,0.20961437556166512,17.91581916809082
1454,0.18561054373227515,0.6869409086817053,0.13385041797022462,0.21286334521472186,0.12921533429140544,0.21111015069589528,20.071237564086914
1455,0.1816219404305853,0.7632161608362157,0.15366381460368705,0.240742721208334,0.13853228349439423,0.16759470706922236,20.19971466064453
1456,0.1827397164452546,0.7704417326933709,0.15917683402371793,0.24650039097652549,0.13886205256934106,0.1653420821218169,18.60820960998535
1457,0.20223312766904095,0.7359281495385479,0.17970029421677272,0.25916141640559776,0.13972539151042893,0.2071151441633392,16.265729904174805
1458,0.20205852671708893,0.7718009914863382,0.1621604492108729,0.24925195525022506,0.12863935627259263,0.22500605088952902,14.976645469665527
1459,0.19516477551655714,0.7042941630644419,0.1493841017542839,0.22865696765573504,0.13128227734874304,0.22175629329161373,13.920825958251953
1460,0.18842098637721197,0.6555920376325395,0.13284666225779648,0.20752457302561694,0.12988453508608735,0.2229247429395917,15.706328392028809
1461,0.17927436977047703,0.7570269727670029,0.14948697849282414,0.23627840624627824,0.1344996363260717,0.1685737296180056,17.266223907470703
1462,0.18063345027700914,0.7813098953225357,0.16204930137540685,0.25051510051071096,0.13373794372304096,0.16052057455724214,17.78668212890625
1463,0.20209769172445702,0.7427472739243344,0.1843391909852896,0.264111774262296,0.13488744214310106,0.20664433788753436,15.846502304077148
1464,0.20438854048868188,0.7754584003810909,0.16562422031186555,0.2527433888931835,0.12884827341998847,0.22817578181984982,15.18086051940918
1465,0.19699806782673998,0.7091873889993622,0.1485205839546111,0.22861584181814695,0.12877182025498343,0.22903048220954586,16.141759872436523
1466,0.18898146637295632,0.662654202664406,0.12836652107845511,0.20469333273359094,0.1315700931048359,0.2254685349170064,17.830520629882812
1467,0.1812519138212278,0.754500449875831,0.15050046722836163,0.23678617903514296,0.14109155341037624,0.16779974711854717,18.113126754760742
1468,0.1774636786036645,0.7531287776509055,0.15398852636885058,0.23957999083771558,0.13823630334317855,0.157435858751795,17.71136474609375
1469,0.19776816710698875,0.7388242778524909,0.1735765837465341,0.25432625433309936,0.1333366171170352,0.20465744702535135,16.78647232055664
1470,0.20152653782603966,0.7444877876491895,0.15983272029962162,0.24335487277813134,0.1261671848595137,0.2308661785886696,16.99981689453125
1471,0.19425566286370824,0.6777345050839192,0.14430751663611893,0.22051137212866181,0.1274239589468227,0.22975965818414873,17.026411056518555
1472,0.18590640462351704,0.63688852515078,0.12710511610914535,0.19993131740080744,0.12908330599932832,0.223354817239553,17.333602905273438
1473,0.1828986567386078,0.7490596141523977,0.15240498586992715,0.23764136133885153,0.13982551737838333,0.17268778715359095,16.212648391723633
1474,0.17956548960138596,0.775482076466724,0.15248950537062786,0.2414884440986416,0.13779149012506656,0.1619351539580668,14.471185684204102
1475,0.20330052994118447,0.7794912136216685,0.1729168975055221,0.2595703712364002,0.13904204953521446,0.21029058916309443,13.296785354614258
1476,0.2042513965055612,0.7450254090998042,0.15743432912058852,0.2413759119747622,0.13382031279487402,0.23339464371686167,13.257933616638184
1477,0.20123683816010046,0.6949267908089722,0.14835893243723258,0.22644005506176682,0.13458340251557435,0.2375057795601027,14.38763427734375
1478,0.1921170475275489,0.65722245502377,0.13481785559478848,0.20944708408464296,0.13222619988942633,0.22935775722344884,15.563886642456055
1479,0.18512588230549418,0.7542315712771228,0.15490262750388212,0.2405210480429165,0.1486477273303195,0.1685734978885275,15.463966369628906
1480,0.17766540158109542,0.7590524948822337,0.1472321705827141,0.23463507405407405,0.1404648598747067,0.1603674121603293,15.144390106201172
1481,0.19753190477309646,0.7668532907628804,0.16805693221048548,0.2535992691465419,0.13761561602980038,0.20089971359671566,14.7699613571167
1482,0.2032178543094359,0.7202152589525481,0.157685422532699,0.23804682773553457,0.1309896342471317,0.23594219511611572,14.780433654785156
1483,0.197405163867921,0.6564710010018402,0.1469711487101685,0.21975684189469305,0.13026950734726844,0.23659114505006645,14.245532989501953
1484,0.1890495427339535,0.60404627575824,0.1328035640390058,0.20012395142746783,0.1324430111030947,0.22889015030412993,15.403563499450684
1485,0.17869293549210916,0.7117702225941651,0.15370611881640636,0.233429562213229,0.13830816871129534,0.1661350580443414,16.786378860473633
1486,0.17266866951654852,0.7345650471448475,0.1447316935006565,0.22899360116411235,0.12862799667620423,0.16191994306023144,17.7757625579834
1487,0.1979779427009074,0.7837840401779299,0.1674355464035564,0.2554853312284669,0.1372647318724606,0.20078303721418378,16.331541061401367
1488,0.20225624660639727,0.7361124928780297,0.1519658983711306,0.23541541187211618,0.13306722738758212,0.2337823688153565,15.8660249710083
1489,0.20040952139274582,0.6566925929326402,0.15212462386707035,0.22420576230500888,0.13291344712666855,0.23864687557733325,17.447866439819336
1490,0.19562824462037404,0.6308554165817652,0.13686412099360395,0.20743430607762697,0.13286417442150467,0.24021650226928828,18.7375545501709
1491,0.18013644829386527,0.7369723520993285,0.1548907956692932,0.23804530373072683,0.13100394375201593,0.1724571412607296,17.693504333496094
1492,0.179643387568884,0.7358146952694915,0.15662180331065653,0.23936364501906154,0.13073045803914426,0.17018697563850096,17.336992263793945
1493,0.204035830811428,0.7930284524781526,0.18323639405908834,0.2703495452618118,0.1448821936519826,0.197770763181857,16.82182502746582
1494,0.210475909543489,0.7523597251821531,0.16980116775397044,0.25302381881513936,0.14198516049157744,0.23317589435121755,17.409191131591797
1495,0.20713008099103264,0.6963895498662855,0.16011744858405702,0.23672774876723254,0.1496263111018332,0.2315479203399073,17.440330505371094
1496,0.19912688421043223,0.6285848203279694,0.14037855021882661,0.2101223030915613,0.15264952102195137,0.2301735854793651,18.223697662353516
1497,0.19978056816397133,0.7482633443583775,0.1685135725918695,0.2513349685585135,0.16901328922004177,0.18159183689468528,16.918256759643555
1498,0.1897530356238243,0.7499914016144136,0.15620621625013162,0.2410326713021719,0.1555173825517926,0.1748395508432979,16.01839256286621
1499,0.21246652683988537,0.7960599258688259,0.1755516911540486,0.2641957246847311,0.1656792304780541,0.2081423630422477,15.0276460647583
1500,0.2122603441488094,0.7534224882577577,0.16710129006856903,0.25086146123845315,0.1492571936768608,0.2336121233583261,15.360369682312012
1501,0.2068795741477161,0.7123198506450208,0.16123865602096835,0.23996454096726155,0.14623746887652395,0.23099207029290691,16.574295043945312
1502,0.1948799780943525,0.6214451082848595,0.13823592090350834,0.20726580481512993,0.1430155773743147,0.2294237303437054,17.263465881347656
1503,0.20157698495768603,0.7594688327198063,0.1762712004309802,0.2595851479008125,0.15986778177786684,0.18731539516479218,16.899921417236328
1504,0.19176762624873642,0.7144344338234867,0.17199462770758592,0.24948602858128605,0.14426124999685805,0.18283210342814907,17.386497497558594
1505,0.21495949353522728,0.7810692694615899,0.19767594909213196,0.2810178520020546,0.14737653856888594,0.21629351547230213,18.12734031677246
1506,0.2235578195199171,0.7413989249325859,0.19389010344505944,0.2721056493718489,0.14649156693397458,0.24851143941217646,17.787370681762695
1507,0.2133615989467102,0.6983538223669388,0.178186864047964,0.2524964295221032,0.15412899131556707,0.23094715387049153,17.99263572692871
1508,0.2001588334675252,0.6126375584822532,0.14640253331487207,0.21300753691021224,0.15235557988381362,0.23074406484092164,19.660255432128906
1509,0.20254801070638342,0.7445492642718533,0.17886501679849776,0.2596770521518343,0.1679122918363444,0.18286635345289806,19.689504623413086
1510,0.19640645556669745,0.7288413541043999,0.17930120159087734,0.2578069376642377,0.14195304625459582,0.19032776687943864,20.261117935180664
1511,0.21654493695487656,0.7926742875691077,0.1957921190689079,0.2810610002832221,0.14615899436653498,0.22168108130737302,19.03784942626953
1512,0.2288532865915255,0.7729324529070772,0.19221072077904452,0.27517096822590636,0.14839404002138398,0.2587271559103161,18.34849739074707
1513,0.2173250949057384,0.7138403974684178,0.1735088959342629,0.25069911043914217,0.16064162694254272,0.2377208657818064,20.27718162536621
1514,0.19890407230935925,0.598523159445197,0.14103327219869266,0.20638897037676474,0.15910130063849484,0.22718221171238584,22.337963104248047
1515,0.2015561294389644,0.7346562699393976,0.18105494410941647,0.26014084779941377,0.17133782151503502,0.1767355203070093,21.216901779174805
1516,0.19378143578613508,0.7106509351050448,0.18296362204592476,0.25834752391151333,0.14294290075585306,0.18176982682792586,20.95047378540039
1517,0.2132714934671565,0.7780342128104332,0.1983969093942597,0.28120223845371306,0.14358740931555497,0.21480566523657074,20.371501922607422
1518,0.22445568672589145,0.7611393306196983,0.19579850719084066,0.27656148196639174,0.14462595637345774,0.24871412994883313,19.85053062438965
1519,0.21280192703787443,0.7268955099455863,0.17905336186348064,0.25731652587521003,0.15393116156168726,0.22536357284686948,19.69308090209961
1520,0.19363445035977211,0.6194880820042085,0.14043801382599125,0.20887373785145086,0.14812070761930557,0.2201245987024615,20.764429092407227
1521,0.1975750299827244,0.7237818565240556,0.17201950949103137,0.25084270192432057,0.1517422144205694,0.19106953065071336,18.87734603881836
1522,0.19110044408029989,0.7239480144474177,0.1642148474739642,0.24417672847017186,0.1337921159199368,0.1948034823794796,17.551876068115234
1523,0.21628622805781356,0.7974359771469033,0.18186596278152622,0.26980453626229434,0.13642389821945314,0.23933724698745826,16.645877838134766
1524,0.22820595794365287,0.7744703345781789,0.18466796883552505,0.2689254496559042,0.1456559644300929,0.264807647019798,16.537906646728516
1525,0.2153858199117712,0.7296540946750647,0.17651264499737143,0.25553285209418475,0.15323304726062456,0.23464084282191255,18.331388473510742
1526,0.19884817188127987,0.5950614894120472,0.14266066785791945,0.2072893566513663,0.15081697539383612,0.23348943213396758,19.216764450073242
1527,0.19520633704021703,0.7249889979632864,0.17157255627111598,0.250632047941426,0.156300162900146,0.18075174237422126,18.274002075195312
1528,0.19059334704007408,0.7013168935258416,0.1644076453417227,0.24110896651088254,0.13529901345487075,0.19477472189016964,18.29814338684082
1529,0.21723964260649611,0.7639817229879813,0.18962777093805175,0.27167833551661313,0.13590020158694882,0.24077779720224762,17.660898208618164
1530,0.2267261772730837,0.7397001723006538,0.1846371409036565,0.2639318596746561,0.14357270996238677,0.26693048906856753,16.947622299194336
1531,0.21221200480774333,0.7045349908226581,0.17349989369605215,0.24936205042842444,0.14858864137091962,0.235376157896868,17.647476196289062
1532,0.1911939288785793,0.5985384145437129,0.1328329054508869,0.19936226389271924,0.14973108415151565,0.22032662487738763,20.22667694091797
1533,0.18515118550387435,0.6832711365399757,0.15370782469171554,0.22935972638432411,0.1499176230767833,0.1772980793571855,21.41978645324707
1534,0.17883365644555865,0.6636227045301875,0.14925013604812892,0.22273193154556586,0.13606573230799676,0.17784459935341904,22.468387603759766
1535,0.2116521131143294,0.774705174565107,0.18782347752468018,0.2716637199590269,0.1371504925888443,0.2243308750850187,20.853271484375
1536,0.2212330939316983,0.7358744735574159,0.1793511989659126,0.2588545239075559,0.1373459898237561,0.26171555879727226,19.795013427734375
1537,0.20626703716033887,0.6704504620164855,0.16753208962457486,0.23937757139484778,0.13772389966089857,0.23727056501715377,21.69800567626953
1538,0.19252797302629768,0.5916118116986425,0.13434846429379654,0.199671799637346,0.13418520017975555,0.23732705098235474,23.751270294189453
1539,0.17188083259803008,0.6648521063335622,0.1359438561814186,0.21150217763172482,0.12553969326679018,0.17776065260838203,22.958213806152344
1540,0.1785829818371389,0.6414801463036495,0.14764063361324456,0.21818913542615956,0.1323911028170098,0.1843454915893587,22.31915283203125
1541,0.20903303986006272,0.7317436425888068,0.18704162528136173,0.2648561991824253,0.14016356408207226,0.22044856675873709,21.041091918945312
1542,0.21732832202527416,0.7197717642364423,0.17698605812840576,0.2545268732866967,0.1494632012066284,0.24416157038784442,20.57054328918457
1543,0.2129956499797552,0.6852603120522532,0.16563996976898807,0.23987144723802592,0.1565583310027113,0.23886198148368185,20.39430046081543
1544,0.19837550744776183,0.6020166262656126,0.13533290913132562,0.2020020115790809,0.15891899039727622,0.22972676875203263,21.433332443237305
1545,0.18274291835654724,0.6580313687685778,0.1451811385513966,0.21844545715385105,0.15324079186170217,0.17731755759189585,20.62841796875
1546,0.18381977912468475,0.652660119653266,0.14907981980763532,0.2210198626427254,0.13816959914659402,0.1912136135272286,19.901609420776367
1547,0.21825768964334588,0.7334596671487209,0.18851596324314457,0.26636506380108405,0.1470386635801973,0.23848038506058006,17.663928985595703
1548,0.22380901078056012,0.7150893608388137,0.1788735009964829,0.2554757666882444,0.15068971421363236,0.2600799838573982,17.944271087646484
1549,0.2181666577821427,0.6630224350372107,0.16540271246273625,0.23649124425908977,0.14466970859394124,0.26644247515449015,19.885459899902344
1550,0.20496319113480696,0.6557268093258954,0.13342259640515522,0.20803748396526098,0.14854844730658492,0.251636085757854,21.619083404541016
1551,0.17052194950271726,0.6059955500106639,0.13357599143551555,0.2010644998033939,0.14147592019335345,0.1692124936353186,20.897626876831055
1552,0.18373613185356213,0.6165914013000836,0.143614560880686,0.21118268094059994,0.14290254580409859,0.19544978919568468,19.443115234375
1553,0.21597755183646197,0.6823880554896393,0.1889374444384854,0.2594303888743646,0.14186575315751335,0.24280414327237734,17.730318069458008
1554,0.22026148524973904,0.6838088188785678,0.18253412518685067,0.2541447957142388,0.15226220901972226,0.2501129552945664,17.64507293701172
1555,0.2155578142306524,0.6207611956484183,0.16720519133542625,0.23199890623728225,0.15065475806860196,0.2579620328666453,18.276611328125
1556,0.20356549967446017,0.6686180754892742,0.13757805572872145,0.2134409156945147,0.14751617010993195,0.2439676740258747,20.805747985839844
1557,0.17052279538065296,0.6061857377983777,0.1376196137673856,0.2045576314860988,0.1374668795848121,0.16966624010974862,21.26841926574707
1558,0.1775833486296541,0.6052099561301366,0.1446253863152466,0.21042318200308804,0.13220548591503037,0.18855412430319524,21.420202255249023
1559,0.21690838801019005,0.7183001121825573,0.19066081918930688,0.26603786104548555,0.1408224758281193,0.24049527226361836,19.74158477783203
1560,0.22422225238098417,0.6899950088216368,0.18199663387597212,0.2545678302967813,0.16090782973856468,0.2530699915167788,19.794111251831055
1561,0.21797334105631627,0.6269896696746957,0.1667216586865913,0.23247423168489192,0.15260926729705954,0.2624786262956622,22.231298446655273
1562,0.20470358769062524,0.6395435833520846,0.13540424479104907,0.20742415029976843,0.14308435123464605,0.2562399273066067,24.74370765686035
1563,0.16401114325361174,0.568041917056762,0.13272955556441687,0.19491703577760905,0.12973348999526793,0.16696143389616497,22.759401321411133
1564,0.17236571969367864,0.5729443822823898,0.137771787909297,0.19993930139116742,0.1257430111911138,0.18903370564812016,21.11233139038086
1565,0.20323760949090364,0.6710898443011228,0.18251936066270935,0.25231514403962557,0.13175036917105687,0.22284610204063782,19.924896240234375
1566,0.211041960654293,0.6709708430618432,0.17718122536774417,0.24772259932404397,0.15221225395691043,0.23042239517847063,20.20798110961914
1567,0.20727300423058176,0.577928154675089,0.16428541173242336,0.22337723215280417,0.14496788133991673,0.24769878732796913,21.392423629760742
1568,0.20152732343778837,0.6764809832344856,0.13651307262324777,0.21365134556771034,0.13800214550464246,0.2465033347656092,23.380815505981445
1569,0.1644986854412397,0.5793524797114181,0.1355276379462915,0.198931186769881,0.12783859163601016,0.16644782885825432,21.12114906311035
1570,0.17400152822060153,0.6029906994195467,0.14167316439907168,0.2075756694019967,0.125625245346877,0.18695340220138967,18.060836791992188
1571,0.20798588375121801,0.7038823785785615,0.1911777692066731,0.26442128483122856,0.13488497294313773,0.22256820476327907,15.231649398803711
1572,0.21244392311808527,0.6723161328338365,0.18237190470246464,0.2523639372926606,0.14919349196345974,0.23285803797562915,16.144603729248047
1573,0.21341199600093785,0.592845130917703,0.16703324043459156,0.22786351050360748,0.14833341888903817,0.25771067578401413,20.120912551879883
1574,0.207217267138073,0.6400498099693408,0.13809421175753006,0.20980215435921729,0.14943990029890322,0.2555106868038453,24.079538345336914
1575,0.16352543799930133,0.5704446735110511,0.14103193967638736,0.2023766159384822,0.12437109990876669,0.16379070313173594,22.032983779907227
1576,0.17535077087286058,0.6056852213073216,0.14214228692482292,0.20836270612232274,0.12811739043838563,0.18779453540974678,18.620641708374023
1577,0.20767491353803055,0.6611715151619889,0.1881642114746395,0.25573668342997513,0.13751480587824186,0.2270109590848941,15.255309104919434
1578,0.21526443679418766,0.6686632625507838,0.17921370575409049,0.24913507101076096,0.15429353630240536,0.23897716978499564,15.642049789428711
1579,0.21120098056136155,0.581568554246018,0.16637132506451574,0.2256852149475875,0.1458954603259341,0.2556696056794129,17.663530349731445
1580,0.20427023799411267,0.6550461427290997,0.1336041024222363,0.20809582246607392,0.14581380575183678,0.252072229793138,20.785449981689453
1581,0.16527284824080765,0.57096745960343,0.13982847906601417,0.20141976199993072,0.1279373558407577,0.16631285455161873,20.896787643432617
1582,0.1731848128934935,0.6125670335697664,0.14006403120072522,0.20756446011058824,0.1259467206748556,0.18443595226984374,19.906591415405273
1583,0.20459683143080454,0.6800141730437433,0.18405311751758005,0.2549046968784605,0.1388303337452012,0.2181231346390084,16.71250343322754
1584,0.2079871169373468,0.6477461439949906,0.1706956501436557,0.2388457206938464,0.15150626862873157,0.230406580920448,16.471773147583008
1585,0.20761147831079232,0.5810245282070653,0.15830745196069027,0.2186956057101724,0.1495272434216762,0.24873657236431135,20.508085250854492
1586,0.2000300999638694,0.618649414330663,0.13710562704489,0.20589759665714327,0.14141542295320159,0.246183882741589,23.916019439697266
1587,0.16039259021184085,0.545764332583862,0.14122780522523748,0.199018737705041,0.12015752216870615,0.1618003956930335,21.4130859375
1588,0.1699889253239432,0.5892574592971371,0.14475655401211487,0.2082566833385466,0.11694280916793791,0.18291998869766984,19.103992462158203
1589,0.19496839368572225,0.6641025449044994,0.1775607193389681,0.2470666944197583,0.12718380692712686,0.20869389395721177,16.614940643310547
1590,0.20019992968598285,0.633285249190003,0.16858313539231562,0.2349691516491281,0.14738412736624326,0.2159906874980029,16.15160369873047
1591,0.19792970669456664,0.5499615179995405,0.14977625025112493,0.20694557421518428,0.14557237694792863,0.23585348614233437,18.599586486816406
1592,0.1893960388288112,0.5927731181037676,0.13018790094250102,0.19627150339411054,0.1342558987542449,0.23162762989941985,21.180673599243164
1593,0.15924867698260428,0.5635070635696494,0.13506685793721393,0.19627260159899043,0.12194243339342367,0.15949570608379937,18.34532928466797
1594,0.17114912081948602,0.6139130854322887,0.1364421447395221,0.204652279124203,0.12332037424884275,0.1836840105521715,15.355276107788086
1595,0.1979679074608972,0.6697418916149622,0.17281546541957182,0.24380495487605616,0.12820669182266875,0.21890155465608305,12.811553955078125
1596,0.2063056052922006,0.6295556024565694,0.16654696598359553,0.23269105690830605,0.14689134172202192,0.23520581575201466,13.53969955444336
1597,0.20724562444584826,0.5718474352121923,0.14493663218742048,0.2059238897623879,0.1443759289530178,0.2634131258501027,18.434873580932617
1598,0.20163999377362504,0.6075076252379354,0.13727860881239753,0.2044541825874744,0.1337352516148647,0.25859422795042225,22.585222244262695
1599,0.16938507824274265,0.5773425392353398,0.147882645114754,0.20923405856055194,0.1336921864389579,0.1657485007929712,20.307628631591797
1600,0.17982123970031563,0.6153504767699485,0.1550223445654647,0.2207835063089624,0.12508913013075254,0.19186985229111744,17.12289810180664
1601,0.19817562382476872,0.6510744432097366,0.17101129985211813,0.23959174890320648,0.12900060065363705,0.22246465965587595,13.12756633758545
1602,0.2057958835329406,0.6203062510383707,0.16677440475599145,0.23156466851061705,0.14899489663413573,0.23294906021392792,12.51888370513916
1603,0.20190481612190203,0.5343481707160527,0.1391655019703125,0.19562016893398965,0.1454524573823311,0.25679969630844984,14.815607070922852
1604,0.19444843593518443,0.5689002742226079,0.1284808699145045,0.191397927672805,0.1342547432585393,0.24978711175683088,18.27083396911621
1605,0.162368218507239,0.5622307440932448,0.13032224674578674,0.19202346065256645,0.12144426882381416,0.17222833760307413,18.6757755279541
1606,0.16887181935647033,0.6115827174293005,0.1271364479939667,0.1963430579133001,0.11843199037192546,0.18896933598072102,17.793663024902344
1607,0.1906398405502054,0.66949574483482,0.1556600654888476,0.22906516253827222,0.11943072437389383,0.21932566046491955,15.337963104248047
1608,0.19853645802707828,0.6439795364573515,0.16059626038160849,0.22965101410671465,0.13920756299236578,0.22322400461276987,14.96923542022705
1609,0.19383285661714317,0.5525998911747141,0.13824319881840155,0.19743701201216046,0.13294323021085636,0.24395764375200393,19.658119201660156
1610,0.18847260956795422,0.5402751901122973,0.12573830982721387,0.18495786415365437,0.12739370852256057,0.24499205022018605,23.943586349487305
1611,0.16549712413166115,0.5532461762604415,0.13546017510907618,0.1951438895592712,0.12486602571892395,0.17510841549364733,21.5625
1612,0.17627967519424584,0.6161263743425245,0.13396713802135743,0.20284702892438128,0.12733798673852673,0.1958572180791315,18.102622985839844
1613,0.18498820533919788,0.656524138876013,0.15228434565399898,0.22431860182857238,0.10854126863291566,0.217465178028992,15.229954719543457
1614,0.19303033216345755,0.611319579667294,0.16344897723219712,0.2274304918657824,0.12801627640436428,0.21981749121312996,14.326116561889648
1615,0.18513230082824741,0.516681766122071,0.13910477085988185,0.19304434161162315,0.1198222793718373,0.23535553391715255,16.835342407226562
1616,0.17848419507603805,0.5362875544102692,0.1236476362843516,0.18259619601662555,0.11572254130432506,0.22980264130327283,19.492069244384766
1617,0.16367110347516023,0.5628844704768972,0.13953994765275657,0.20001773662763384,0.11914166085531604,0.17083106175910942,17.394729614257812
1618,0.17157229116511427,0.6377746075149087,0.1306487991230434,0.20309534317902414,0.11733914401792621,0.19144362440673265,14.740923881530762
1619,0.17864358190018576,0.675392545210344,0.14352765994419536,0.21950835783935943,0.10383120627612331,0.20834773162446346,12.078020095825195
1620,0.19589304156372728,0.6326290314168566,0.16582799710584228,0.23251385915027292,0.13276981173167202,0.21908265227854817,12.51263427734375
1621,0.19190200010822053,0.5438538824217614,0.14804851299879637,0.20459213720207708,0.12922104147057323,0.2356439689590375,17.416128158569336
1622,0.18056979912776827,0.5183919620951591,0.12372536928782572,0.1801063111174448,0.12477935769239498,0.22979198739275292,21.834875106811523
1623,0.16534884214897386,0.5502245568125887,0.14261745848843982,0.20084704396331826,0.12460544277323696,0.1699383900151923,19.7531795501709
1624,0.1757037968156564,0.612554906901196,0.13589024784550055,0.20398519913917132,0.1249034584430395,0.1954078658586206,16.450119018554688
1625,0.1841516070209671,0.6631498587381794,0.1577278172436859,0.22993096602861354,0.10623584918388719,0.21227095599672138,12.35729694366455
1626,0.20110092706901816,0.6098707099538294,0.1803619414048655,0.24172033691186035,0.13161459045442192,0.22635948799430294,11.339784622192383
1627,0.19581622652439565,0.5076123129205463,0.15910391701801707,0.20889083071837838,0.13133275079524767,0.2407989891176653,12.914527893066406
1628,0.18524136978739225,0.5188604087292956,0.1233499000594026,0.1798514012979587,0.13064452127775986,0.23772983466157482,16.05995750427246
1629,0.16907223246820222,0.5706721516777209,0.14489594602597536,0.205721118261939,0.13024803615208672,0.17097562917528356,16.54662322998047
1630,0.17586813282103886,0.6252248240466265,0.13230753006021242,0.2027242863439859,0.12719185505911854,0.1949607415301405,16.754772186279297
1631,0.1873337268742353,0.68093132194442,0.1528468844344977,0.2282875183644866,0.10578639330102221,0.2228530761968269,14.749503135681152
1632,0.20255886679752796,0.6315465193787875,0.1724440921532051,0.23803015318543116,0.12809981143879104,0.23667316464700747,14.155938148498535
1633,0.19709652444410206,0.5389265174547044,0.15230671213572847,0.20753811289558216,0.12237779684940049,0.25333902119442064,18.047330856323242
1634,0.18641083986886867,0.508979519482281,0.12165472967433405,0.17698684250404076,0.12320837982841722,0.24995899009848815,21.734458923339844
1635,0.16339779009924266,0.5342113024641616,0.13484842087518667,0.19190026110218308,0.11536245865084493,0.18048904298901775,19.83769416809082
1636,0.17526768523336167,0.5899161444465305,0.1314712200965548,0.1969633521465513,0.11707959679368185,0.20719855406904053,17.039268493652344
1637,0.19099468265082892,0.6689945920447797,0.16286743110224658,0.2351713112368942,0.10479623873018011,0.22776377106858947,13.884109497070312
1638,0.20572321347701727,0.6382055480474695,0.18060034063057315,0.2459725131187012,0.13303090763863046,0.23411084389913228,13.084325790405273
1639,0.19627807195366467,0.5324079292539103,0.15584642697425308,0.2096409272999184,0.12061314381227758,0.2507923856494064,14.672163009643555
1640,0.18532339413720814,0.5171073419201083,0.11988350757549963,0.17662976962472943,0.12396170622204407,0.24662179251139557,16.89457130432129
1641,0.17055576755371984,0.5743440981548462,0.1444130543269468,0.2058317748737896,0.11704359044295552,0.18651241612057756,15.67464828491211
1642,0.18099040589824986,0.6303070747892114,0.13590186927134384,0.20653118434532494,0.11896055585929131,0.2129183435411479,13.879304885864258
1643,0.1965912736079246,0.6917003727650363,0.16317693725603766,0.2386802851858946,0.10417293580700004,0.24062943405300985,11.263790130615234
1644,0.20865215194469694,0.6391901696442441,0.17921856840412856,0.24492879715271648,0.13097019441102,0.2448818002296472,11.89551067352295
1645,0.2063973573760208,0.5766131079519552,0.15344672461861494,0.21389906509480644,0.12082158482407603,0.274712164105035,15.948698997497559
1646,0.20350215335188243,0.5760700698777845,0.12210671371754318,0.18695862174043482,0.1267361129490779,0.2851480288643531,19.999263763427734
1647,0.16414145514684017,0.5578315995203305,0.122356943594615,0.1845676087268601,0.11787579109712287,0.1867510268078254,19.519853591918945
1648,0.1881133478177808,0.6360607061355499,0.1398360903570919,0.2107253211825859,0.13293585314603465,0.21660817896135423,17.00579261779785
1649,0.20818872056133236,0.6686997128189982,0.18838247689108867,0.25699922488079,0.11758934688508393,0.24475398124852432,12.37390422821045
1650,0.21715697168572046,0.6093759697332627,0.20334775073859632,0.26135178202354864,0.13971049818886766,0.24625217694986704,10.188544273376465
1651,0.21200465500361804,0.5347086664896057,0.17524184638264018,0.22659424925506383,0.12707769540109504,0.27354984968581053,10.283005714416504
1652,0.21518230227430202,0.5908824119265674,0.1372102764618749,0.2020205815282595,0.13342540100865966,0.2982360965345263,13.31098461151123
1653,0.17587849084848675,0.6236837117855345,0.1437298046966555,0.21229464856649535,0.12982923785776243,0.184307449212113,15.394988059997559
1654,0.1898480810971324,0.7119571568296974,0.13925436049128406,0.22106904568248598,0.13478617996902434,0.21070890057204247,17.410505294799805
1655,0.20954269693270006,0.6989058196155159,0.17388164227221692,0.24888509617840252,0.11357245596449471,0.2590920584398901,16.291643142700195
1656,0.20246727145463728,0.6349860251259565,0.17711353642337202,0.24252389195231266,0.1110342210579917,0.2474216476162361,14.394891738891602
1657,0.19917410476960765,0.5902061060031514,0.14792415264575715,0.21110728883967061,0.11330703384817754,0.2638662557645539,16.38885498046875
1658,0.20543514893951234,0.6107328095375417,0.13412612040806907,0.20221279028370803,0.12171512406040688,0.28150973453255845,19.922849655151367
1659,0.1776881082210135,0.6090293103688385,0.14419865583863406,0.2106030350572347,0.13000355908764252,0.19061152773101947,19.298870086669922
1660,0.19618622049454632,0.6984436461972425,0.14574109200488258,0.22469859974664827,0.1454140255824777,0.2156635591970171,17.035808563232422
1661,0.20641279535017992,0.6699597328054144,0.16858690028411086,0.24021159064429712,0.1143278758837238,0.25741315400097653,13.887140274047852
1662,0.2033092046308903,0.6023682271614907,0.1771088207264454,0.23786016450288044,0.11542737669566835,0.2499737141862182,12.502920150756836
1663,0.2018485519093316,0.5456263336367008,0.15580273332852215,0.2114918190868334,0.11908437432342912,0.26582934851668216,13.20832633972168
1664,0.21876396492498687,0.6782705138516336,0.15320074061113498,0.2282107082169205,0.12470578407547772,0.29279897278786543,16.317903518676758
1665,0.18232653324534026,0.6641879712088395,0.15223683878608782,0.2253727148464809,0.1240130064501913,0.19568546029009765,16.84886360168457
1666,0.19685527213308995,0.7617825922253257,0.1525549439965785,0.2395874651721138,0.1403706121503547,0.20888868070883743,17.33725357055664
1667,0.2123989086251849,0.7154827011004388,0.1758240314102848,0.2529181270803068,0.12837845366224793,0.25046249056952297,15.848377227783203
1668,0.2109796415431396,0.6553672978216704,0.1881669335741668,0.2549098427523816,0.134297161174209,0.23963788580786716,15.330646514892578
1669,0.20508506798022583,0.5724083093566396,0.162411224005075,0.22098223619815563,0.12347990588308713,0.26257956262453347,16.769243240356445
1670,0.21362289507896423,0.6384084508951385,0.13600812522779912,0.2077796003231333,0.1348011287728345,0.28770482350817983,19.544370651245117
1671,0.18449666675703816,0.6400845137134465,0.15098785793815359,0.22085880876319544,0.13290902653482017,0.19781897769609136,18.86260414123535
1672,0.20049615494145667,0.7419026984910844,0.14689816131948655,0.23189880948685768,0.14275537270266145,0.22354201667317652,16.76601791381836
1673,0.20574707623499033,0.6740174280759597,0.1658433980784862,0.2384396880781252,0.12222515213489311,0.2502227244598324,14.706310272216797
1674,0.2057115997052242,0.6228496140605795,0.18133517736267887,0.24440866831952177,0.13858145648834116,0.23059053998248652,13.715678215026855
1675,0.19593670647443495,0.5323430008980033,0.15606681996462726,0.20982056009796665,0.12660432531794705,0.24445416806577158,14.114615440368652
1676,0.21485475790845054,0.6297207822872515,0.14467175586869538,0.2139644739284891,0.13288086441793318,0.28736091319511947,18.25460433959961
1677,0.188398785627978,0.6451940556653091,0.15529907953658706,0.2252840761264045,0.14050086320011562,0.1980348385662345,20.089738845825195
1678,0.20216271126881116,0.7260975142916436,0.14651074102723044,0.2293088514935752,0.14847828284698267,0.22538371344124253,21.355480194091797
1679,0.2051225441694877,0.6866384251076731,0.15458080569986066,0.23058903704383388,0.12657690052646267,0.2515668010920816,20.397151947021484
1680,0.200259674389389,0.6294694624848489,0.16941185927690636,0.23513437402089815,0.13174632379614012,0.2296934939809112,17.66984748840332
1681,0.19270700633703217,0.5554502511522841,0.1490673557361958,0.2071220550813513,0.11927470229527445,0.2443471047222909,19.361509323120117
1682,0.21110697177796453,0.6530581739448036,0.14495043548925765,0.2175372552686214,0.11841161081890413,0.28658891456281765,24.0987491607666
1683,0.18553205370691417,0.6818935112101889,0.1469523994260827,0.22337255825238359,0.1285480183723097,0.2022826431474074,23.375272750854492
1684,0.2053480540528048,0.7782115687083244,0.14991015924768106,0.23966750345634438,0.14462910002915802,0.22844762059539864,20.709022521972656
1685,0.20762053706333494,0.7138728901735775,0.16303975954897432,0.2417302067810605,0.12433104358396645,0.2506528828547725,18.111438751220703
1686,0.21287649562630967,0.6974423695350306,0.18611151952131041,0.25915878380898466,0.14266368400847526,0.23381570363207416,16.64000129699707
1687,0.20723693350367967,0.6602113798569545,0.16929951782874034,0.23942978383277094,0.14246508558504606,0.23574355639452915,17.438493728637695
1688,0.21366265174307325,0.6752646231444392,0.14721297952563328,0.22264892861403413,0.13174707478777214,0.277475789316871,20.847448348999023
1689,0.19750131405993984,0.7749044738900226,0.15610227759635928,0.2445025913525969,0.1491012182809265,0.19872528023550157,20.190532684326172
1690,0.2184239402355205,0.881697388900646,0.15021195899892173,0.2547098775563109,0.16266542859474317,0.23546244276550904,18.503311157226562
1691,0.21102055877464299,0.8064151752983955,0.14830492339290205,0.24232067366511537,0.12579013502671224,0.25820957902491903,15.659728050231934
1692,0.21645970202575707,0.7905431276016341,0.17899835684502854,0.26636189552454365,0.14282485332132502,0.23722577533069683,14.522698402404785
1693,0.2156846743933429,0.7621059805698559,0.1693271568744814,0.25400984597382065,0.14424418824261162,0.24466057464231478,17.80203628540039
1694,0.2149034667833714,0.6574913851532675,0.1477971962558865,0.2206106518126552,0.1365837383414326,0.2784394422694446,24.257043838500977
1695,0.194160567068041,0.7786068869894973,0.15700510469075205,0.24580535930485853,0.13646827579358348,0.19945212872597595,24.254459381103516
1696,0.2157870495579177,0.8651835450480719,0.15277211492589723,0.2545451763719222,0.1526800083633004,0.23709234964095394,22.309494018554688
1697,0.21577186092257278,0.7836623131634561,0.1651500905479658,0.2535089794930358,0.13141930256695078,0.2565603707345868,16.831525802612305
1698,0.21887442018985456,0.7345228127312222,0.19374164672465222,0.270996099011305,0.1491024424586708,0.23431843173587122,13.789690971374512
1699,0.2214356293603581,0.7018284529491812,0.18437043487091379,0.2582930088820949,0.15248462753414058,0.2495175488767788,13.601603507995605
1700,0.22285227106725944,0.6430102562141928,0.1614233152137884,0.23022144964241756,0.14220818054869042,0.2869678190177439,17.769725799560547
1701,0.20096947986972016,0.7670159001507154,0.16481724508532836,0.25084562438038366,0.1443698432512453,0.2068525354640552,19.522144317626953
1702,0.22360765580892544,0.8676299854460933,0.15710241043935028,0.25860634972602786,0.15753976747394602,0.25079320092456786,20.70158576965332
1703,0.22042195496496272,0.8068291686799418,0.16208861643807784,0.254194409615487,0.1406453035494659,0.2606756271343137,17.73613739013672
1704,0.21781130939078716,0.7643528912805464,0.17848602885293444,0.2621812949140218,0.15424964725677956,0.2346040264252135,17.12895393371582
1705,0.2198775214852452,0.7430155020479783,0.1725081356179959,0.2540091879651362,0.15514034108830263,0.24665734616266533,19.632822036743164
1706,0.2191140940278603,0.6474932103593829,0.15710331183858625,0.22715901162727148,0.1396224898923333,0.28162994474696157,24.25237464904785
1707,0.19339110261143777,0.73374832235151,0.16409175853712113,0.24547126765346242,0.13847968378205214,0.19586844967537864,22.35137939453125
1708,0.21463244792766015,0.8470645234058722,0.15586424177728073,0.2546071391527938,0.14925712667726887,0.2368579991997606,19.682640075683594
1709,0.21251633288929203,0.794574695617329,0.15728725388932013,0.24832831699332142,0.1309975380619354,0.2525097922722033,16.12602424621582
1710,0.20749709539975328,0.704620185565957,0.17048370925936607,0.24678892016030765,0.1468849942719939,0.2261523372210577,14.907748222351074
1711,0.21434156818916864,0.6939215045140222,0.15877638915419354,0.23522569134845475,0.1584183398975563,0.24500078517995413,15.542263984680176
1712,0.21477035585774173,0.6329791896633199,0.14745239336669105,0.21681336426620942,0.1414496622634732,0.27713833039531754,18.968900680541992
1713,0.1967673012234967,0.7340107589510874,0.16844360467752573,0.24923891243089166,0.14847935039178717,0.19310659839477196,18.120010375976562
1714,0.21263719774558165,0.8484609514166607,0.1613047184393903,0.2594698945790003,0.157813301467993,0.21962949725923037,17.499927520751953
1715,0.2115948482270217,0.8127420002037565,0.16351450560054118,0.25626129054385766,0.14107586651548717,0.23421582019738302,14.343558311462402
1716,0.2076938695914712,0.7434509711388577,0.17782847531017587,0.25863168899998756,0.14566613418824487,0.21739754608684256,14.525096893310547
1717,0.2150800223126947,0.7473287170938933,0.17073578578223,0.25310620454103905,0.1535281236497312,0.23566502419298635,18.135883331298828
1718,0.21334377383446032,0.6399147413101852,0.15380674993471266,0.22325074870263734,0.14062896517243534,0.26830062840407726,24.93284797668457
1719,0.18664780243915088,0.7124704747298912,0.1614049514786711,0.24012859765741681,0.1290633311432484,0.19023851900708275,25.6827392578125
1720,0.20168750655767734,0.8274887636611628,0.1502328804069205,0.24698372087181225,0.1378844043507847,0.21788103346384044,23.188291549682617
1721,0.2089181489614685,0.8120455343504455,0.1560477825271188,0.24976174707330828,0.13630021438208062,0.23672069337057303,17.337764739990234
1722,0.20944272720523285,0.7353531102192898,0.17385033538910796,0.2540650175077054,0.15851800703887978,0.2149573533361284,14.498712539672852
1723,0.21461700682560966,0.7303425440509888,0.16414228520728286,0.2450280364706694,0.16220886658918648,0.2338644785930527,14.79262924194336
1724,0.21639818954255105,0.634902746771822,0.151799556178703,0.22081429769200572,0.14441837003976316,0.2755164369767177,20.207847595214844
1725,0.1886174174377188,0.7262037449821677,0.15445092208745134,0.23612989678669652,0.13977749801881076,0.1897789274989078,23.75276756286621
1726,0.2054746059099775,0.8502465201711003,0.14823480289807156,0.2485221910799328,0.14282991137328985,0.22262207660586825,24.72127342224121
1727,0.2124025575362554,0.8574501530222278,0.15286277003207596,0.2535181104592405,0.1347684313854161,0.2443563091106278,20.0316219329834
1728,0.20882082255664694,0.7738362847529827,0.16723890655119464,0.2538956748657358,0.15466247769414518,0.21676887854088323,19.185880661010742
1729,0.2205516786727734,0.7936461624457926,0.1634854723865181,0.2535084281092716,0.16136924709589515,0.24349915054560595,21.615074157714844
1730,0.21273131284627683,0.6296085519487091,0.14181592313857916,0.21150058439716915,0.1372677808644355,0.27983879072335716,26.420032501220703
1731,0.18550133781324207,0.7072510655978127,0.15488378293375904,0.23379339474290955,0.13385066830000772,0.188440123823863,24.96075439453125
1732,0.19648909115258129,0.8254426369412684,0.1423455015497794,0.23993080660570637,0.13533536038673025,0.2119871045512165,23.09554672241211
1733,0.21037580705295503,0.8534529508132904,0.1471784360573147,0.24807479530816837,0.13750051256902396,0.24115507500308303,18.407909393310547
1734,0.20685838377252336,0.7108271402937445,0.1679827135797334,0.2455319173960207,0.14942213385498518,0.2232757605298091,17.206865310668945
1735,0.21582996743141403,0.7454381207973576,0.1642847694401055,0.24730667677685578,0.15318183685420747,0.24310496100920825,18.132890701293945
1736,0.2134309390559076,0.6224416800573027,0.14533109177109302,0.2134897472405515,0.13574779140336526,0.2813522360903188,22.798526763916016
1737,0.18653435695103096,0.717296109314561,0.15951907863559636,0.23920151158973416,0.12689740620711285,0.192632928543094,23.797645568847656
1738,0.19457912265416344,0.8388262647429214,0.1492381095538952,0.24775070315232753,0.12307498664774372,0.21062010872388714,23.4891300201416
1739,0.2060388021197219,0.865973713931106,0.15463698183307586,0.2562565149899373,0.1248842324387754,0.2331085518291116,18.512134552001953
1740,0.20476764378862794,0.754214652557492,0.1644167534017751,0.24867359613830606,0.14666507637954343,0.21718968196560856,18.0634708404541
1741,0.22221110382683573,0.8135325458303694,0.16607598441724908,0.25856977890483773,0.15644641194810424,0.24794136852747398,22.40428352355957
1742,0.214267284547637,0.6368637037987885,0.14152434735683203,0.2122871125628258,0.13653494960177068,0.28401572811197984,30.483171463012695
1743,0.19132886972671767,0.7223425245423286,0.15931675828206243,0.23974901060495762,0.13674647182171132,0.19672084462513825,31.615345001220703
1744,0.19247415876066495,0.8366966072074375,0.14309358473657485,0.24217973080384092,0.12092962344234905,0.21158325162641245,28.9774112701416
1745,0.2022252980071107,0.8589145926201966,0.151988402831407,0.2529778585155198,0.11868038621472743,0.2309186053805881,20.32013511657715
1746,0.20342829383228353,0.7464038110242364,0.17765321370014167,0.2589032990321552,0.1342876055568887,0.21538576652336622,16.171297073364258
1747,0.21991815976709483,0.7964647087298058,0.18269563957043586,0.27037693516463157,0.14591836261077346,0.24051655380603132,16.58639907836914
1748,0.21343681039399237,0.6267892170133849,0.15205217666570783,0.2198717538582331,0.12810486723877293,0.2824716851235987,22.986894607543945
1749,0.19078628835508626,0.7101435606826946,0.1596132655461138,0.23826045056562536,0.1358009605584256,0.1973585582429426,27.94384002685547
1750,0.19289332792177635,0.8468624078605993,0.14083725048686155,0.24169798725453834,0.12265129227698654,0.21165103219480075,29.49870491027832
1751,0.20416272570302627,0.8883443155901342,0.1505365720930175,0.2559376783068913,0.12091459677557623,0.23170175498616313,22.856931686401367
1752,0.20380541344275296,0.7841147379712536,0.18039724765811824,0.2666426034171376,0.13243926599534,0.21126825123165277,21.059276580810547
1753,0.22466425155052183,0.8560017507122365,0.19431586304884763,0.2888424184293317,0.1439549840161304,0.23912896462415562,23.71571922302246
1754,0.21697745087158363,0.6470492729354569,0.1690170493967538,0.23730736704513997,0.12363398206517617,0.2808643094253285,29.885202407836914
1755,0.1887512491167042,0.6835667727035479,0.16203111197421008,0.23653620636411551,0.12921183316294918,0.19903640048475502,29.155540466308594
1756,0.18895665963026778,0.8181047136424975,0.1393666380186739,0.2363292202506487,0.11757676146479741,0.20996307998222105,26.534971237182617
1757,0.2038677256893535,0.8716835252169182,0.15274842817662673,0.2554534420395255,0.12036268663734866,0.23179713305345723,20.815818786621094
1758,0.20421036421352518,0.7636533681881253,0.1851081160320139,0.2677574377686013,0.13448793226226044,0.20961380281019032,19.875282287597656
1759,0.22894696984301832,0.8256107752393664,0.2093505754362346,0.29738774683668195,0.15243196502557227,0.236011919188828,20.89468765258789
1760,0.21545874016715566,0.6170049021680959,0.17571102944885875,0.23875301126589263,0.12377328523066468,0.27530102602519047,25.835813522338867
1761,0.1992544571963947,0.7031314156502932,0.18326099099814033,0.25752819451987646,0.13516860868301292,0.20434005448755727,27.524328231811523
1762,0.1949396634039064,0.8215429649578354,0.1527373091777318,0.2482809742891752,0.12155649795830228,0.2124762861441997,26.415176391601562
1763,0.2059842875711948,0.8770019409812098,0.1503530943502759,0.25416007244040933,0.12470465559558108,0.23495015378929412,19.869298934936523
1764,0.20578098723846205,0.7954184288278208,0.18258615163028644,0.27013361980136275,0.14335318903357971,0.204096757175196,18.4143009185791
1765,0.2329659020976198,0.8766456344733606,0.20878666849473512,0.3041950922059673,0.16154662873039885,0.2331322249491341,23.187475204467773
1766,0.2185339663654668,0.6736589491590036,0.17379125931251646,0.24520092929058604,0.1331602460750087,0.26990237906013825,32.21982192993164
1767,0.19961352033743693,0.6920381936231522,0.18267615205083285,0.2554421579897356,0.13386034495616866,0.2082974908502852,33.65022277832031
1768,0.19657351199609768,0.8005656057744398,0.149874985698566,0.24283078856654797,0.12031584496703382,0.22282385364738455,30.263626098632812
1769,0.20703495961935833,0.8642506005342541,0.15501355752967852,0.2563331351017607,0.12273695832721011,0.23765980720288585,19.850461959838867
1770,0.21084665372391517,0.7869657935416922,0.19532734863433387,0.27984712647824217,0.14555651136064185,0.2076001146317432,15.340553283691406
1771,0.23631653852621873,0.8530265952977053,0.22027202279082095,0.3106655331489473,0.16711580568137827,0.23181180947056668,14.795520782470703
1772,0.2176567730413976,0.6488069484994883,0.177497360635666,0.2448273017590692,0.13258187836373156,0.26832309325639275,21.158422470092773
1773,0.2034606023875409,0.7096684059070425,0.1829626424216411,0.2582063229195556,0.1372510212483447,0.2134914804188247,27.343244552612305
1774,0.1961594389171574,0.814582808206862,0.13863832327530543,0.2352018211226706,0.12136820677390071,0.22743968261268305,28.965829849243164
1775,0.20727069640150136,0.8797305232317156,0.14987708236998643,0.25414185963594776,0.12529023932379507,0.23799132851435378,21.298748016357422
1776,0.21230779865747076,0.832308266418449,0.19294461303447732,0.28428227780361615,0.14758941530984376,0.20595871483376724,19.27609634399414
1777,0.23658387858641408,0.8942522839743188,0.21879681369333523,0.3152904523049043,0.1715431149430431,0.22462629477068474,21.874113082885742
1778,0.21807746378504111,0.6808679095174531,0.1795673842579879,0.25118174500934015,0.13947542927171502,0.2578879979129398,28.01986312866211
1779,0.20086768177388753,0.7003410750361857,0.18381846078806252,0.25760740568065155,0.1368089934256988,0.2072717756601341,28.018020629882812
1780,0.19619671957438586,0.7967172734523653,0.1423336768404231,0.2358170477849863,0.1195850203692375,0.22856416919461534,25.70541000366211
1781,0.2056371180819955,0.8571240566998465,0.15612821092842885,0.2562704746100599,0.11930437258249284,0.23687408343200392,19.467105865478516
1782,0.21111540625885816,0.8020747096505633,0.20351911583974883,0.28902705781272237,0.13557409561148925,0.20904135796567475,18.082618713378906
1783,0.2353158456472095,0.8520759451722557,0.23257428752396092,0.3210745243308602,0.16401676954611705,0.22266369338747105,17.39835548400879
1784,0.21704285732490233,0.659388903015332,0.18619914311131178,0.2537976802404575,0.14087731485881017,0.25152723693162216,21.722015380859375
1785,0.20361563057641946,0.7138461783394727,0.19005087218082548,0.26487877306063223,0.14249087383473064,0.20349454305171102,23.723766326904297
1786,0.19268383205256062,0.8014300999791929,0.13908231940891477,0.23370343091895449,0.12238361254619352,0.21830437511253722,23.5429744720459
1787,0.19931725428537553,0.843391411515596,0.14703190233890556,0.2465118322212899,0.12004744175573494,0.22738308455488587,18.56996726989746
1788,0.20944227190984888,0.8323559206417527,0.20108747341174793,0.29126868015889146,0.13536337625804512,0.20266319838726493,16.594045639038086
1789,0.23460905451469197,0.8655678600088602,0.23203665635459045,0.3225411140194861,0.1641577196110215,0.21931342048870878,18.85786247253418
1790,0.21944118736827226,0.6923963048852588,0.18814068781701362,0.26017720454104865,0.145276613920764,0.24869117410866265,25.02206039428711
1791,0.2063264517771943,0.7046936524788217,0.19257888978080562,0.26573814159480796,0.1538187992985047,0.20028541910563583,26.129104614257812
1792,0.19956446076806722,0.7968829593282567,0.13958920275631334,0.23348831083801952,0.13563490755187552,0.2258194510210266,24.644203186035156
1793,0.20631374589798168,0.8384747059061773,0.16024173016972373,0.2571321552749314,0.12740618496876518,0.23089175350621516,18.4951114654541
1794,0.21400938864747576,0.8118496271557734,0.21387021237704343,0.2992958430597191,0.1351677002569913,0.2083702183784367,14.550960540771484
1795,0.2396917459888642,0.8463293988219329,0.2443069333034157,0.3303101426632039,0.16174910268736245,0.2286004617876309,13.186731338500977
1796,0.22404163602377558,0.6645225063271887,0.18811394888448438,0.2561723142334421,0.1436718721802223,0.2662508359534264,16.315032958984375
1797,0.20815620945156377,0.7194695247019653,0.19264871003566056,0.2679088264165613,0.15049286751284593,0.20632809380356898,19.62172508239746
1798,0.19939005945832677,0.8099865816954386,0.13743079871886468,0.23351019628694666,0.13330724972519437,0.22735739824977524,21.24099349975586
1799,0.20418805699313933,0.8364221483040403,0.15992081617576995,0.2565638636226657,0.12326139737304116,0.2291700533598896,16.769601821899414
1800,0.21363392503006914,0.8285899392170812,0.21166337340876953,0.2997957399528141,0.13282602704930338,0.2089492477058374,15.884248733520508
1801,0.2354959435641553,0.8579754990725017,0.23869470385322566,0.3271633888845508,0.15883731951495997,0.22236322495185518,17.431612014770508
1802,0.22125272048123287,0.6531951230489215,0.18316402940516965,0.2503113284971342,0.14774896947492602,0.26014222059783776,21.195037841796875
1803,0.21146984790502268,0.7073045364999453,0.19652510572217427,0.2694935958332844,0.15799053617480205,0.2074934662317367,21.18719482421875
1804,0.20613206471851458,0.7906734749526734,0.14570954692128987,0.23784725092577322,0.1466036646042672,0.23046862688712977,19.714494705200195
1805,0.20467747024970853,0.7970772069398904,0.1605310590890822,0.25146622306776906,0.1373497409097869,0.22264907470633688,15.527316093444824
1806,0.21830611518766976,0.7985200428030406,0.22226787405950155,0.30458961245143573,0.13892084343611305,0.21227016786448677,15.131582260131836
1807,0.24096776411964987,0.8421411783888251,0.2507086571520105,0.3351990173286983,0.15737179781951677,0.231661888074349,14.137924194335938
1808,0.22015228579991752,0.6208856884335496,0.17760431271847396,0.24093022353491333,0.1404063644879357,0.2717492714297803,16.245996475219727
1809,0.20594578709801006,0.7077274791515623,0.1816973013952786,0.25684446964617624,0.14547686721842362,0.2143197447630028,17.505657196044922
1810,0.19793581089665038,0.8028054859828091,0.1390092698791223,0.23383730075107753,0.13040785531525012,0.2256089684077519,17.66634178161621
1811,0.20175519726916155,0.7972902398904268,0.17159588451828542,0.2609807924285913,0.12729649601667423,0.2150841651005869,14.05330753326416
1812,0.21866741574960866,0.8253720861426237,0.22269174714883477,0.30878893843366173,0.13655705665973605,0.2116576476047008,13.07631778717041
1813,0.23794006108444374,0.8601731112818816,0.2369660926069687,0.3259956667033848,0.1536273259162924,0.23466504944000274,14.99392032623291
1814,0.2214740117331149,0.6470490110179615,0.16947968617652986,0.23770387543959154,0.13912857268076131,0.27932514016075727,18.26025390625
1815,0.20798604363563944,0.7182539915340027,0.18130464266790178,0.2580116925059162,0.1489221548427701,0.21589450356790793,18.85986328125
1816,0.2033487151389305,0.8070761362764839,0.1422821474796991,0.23725271730781122,0.13638692002742545,0.2322742839637268,17.037925720214844
1817,0.1987607831940676,0.763424431144401,0.1713959950802734,0.2559714859465773,0.12724288676348045,0.21127957766238536,12.194308280944824
1818,0.2176261312852337,0.7871382812926957,0.2326150922849337,0.311832690714614,0.13426810176786894,0.20813366761222007,9.808180809020996
1819,0.23868781731582853,0.8505076566454781,0.2426215701016894,0.3294624396079449,0.15683417007752107,0.2308819641437457,8.780699729919434
1820,0.22895919607537243,0.6066991706674207,0.17020124843808704,0.23255809447084902,0.14611647176698425,0.29829754374917006,11.871184349060059
1821,0.20655389208865224,0.7107871933926544,0.1766107489794068,0.2529216696098708,0.15134357642894106,0.2142911129598333,15.40112590789795
1822,0.20510182569255261,0.8070443631750868,0.14645832307508497,0.24082775737508527,0.14117069868190207,0.22978137160465573,17.609189987182617
1823,0.20498653127552327,0.7662057308861454,0.17862743924127197,0.2625671951905396,0.13283586582251714,0.21773528262126424,16.101943969726562
1824,0.22315916310404563,0.8152750974685486,0.23346195142418935,0.31657811514481216,0.14120263174363035,0.21312954500873837,15.027185440063477
1825,0.243602742454907,0.888241937365102,0.24062263026993858,0.3331396741406762,0.16330062127322417,0.23552228326383162,16.14780044555664
1826,0.2318104724243047,0.6299765888190498,0.17173953473104123,0.2372019710293282,0.14445205459364566,0.30353152674673584,18.93320083618164
1827,0.20381750039853952,0.6813720739999761,0.17445964910919967,0.24687570980788204,0.1456213601540881,0.21706318987925988,18.865007400512695
1828,0.2049812142032918,0.7670891934854837,0.14870468402960285,0.2370453282375858,0.1389284373891126,0.23472129413569132,16.667436599731445
1829,0.19976534269728183,0.7305442199522092,0.17643742750319116,0.2555955407101937,0.13123995865937807,0.2108736304691497,13.603533744812012
1830,0.22783291604332986,0.7745965242568912,0.2494203704971052,0.3244455353199318,0.1482429764742737,0.21293807129922734,13.67377758026123
1831,0.24697931151163965,0.8477871480025589,0.24874589557989255,0.33432321735455917,0.1648463736935135,0.24241971448994543,13.41120719909668
1832,0.2315559432022506,0.6071987883384578,0.16927138571440373,0.23183244323212573,0.14139980193889032,0.31020062928155,15.50617504119873
1833,0.2060965908410763,0.6972577296706437,0.17864436937373865,0.2527319922732965,0.1396709318738446,0.22341306618421128,16.678415298461914
1834,0.2111891528548853,0.7955961702375163,0.15864157516198343,0.2496350887442024,0.14030907212550242,0.2395690295899429,16.39261245727539
1835,0.1956142714738455,0.7385752754698192,0.1738018084078349,0.25448373227383264,0.11969695351158842,0.21053114649083166,13.322722434997559
1836,0.21358466100029053,0.7942296580146817,0.2294306948519218,0.3101162610180303,0.13116606845098447,0.20123577946541102,14.306600570678711
1837,0.24086996105650169,0.8764907671091273,0.2488196243708535,0.3384869304763213,0.15934736275539038,0.22678738632763207,16.708572387695312
1838,0.22712676253062805,0.6058268154708343,0.17617262354271526,0.23755179381816083,0.13710484521324592,0.29677403780674627,18.438316345214844
1839,0.19190101145072935,0.6337259772631896,0.16611172776150496,0.23291376340460276,0.13425914600071795,0.20645148575985012,17.60793113708496
1840,0.19974614236344712,0.7223981912317451,0.14790627196115003,0.22997654614266358,0.13581533784696917,0.229233993008551,15.745537757873535
1841,0.1932804864978643,0.7063375431472155,0.16147256830672688,0.2393104218553681,0.12109237741064226,0.21616888851136784,13.067806243896484
1842,0.2121838091539493,0.7168646252887627,0.2197715638405144,0.29078485833312134,0.1327162737013802,0.21294198464317182,11.232747077941895
1843,0.2371205961856484,0.7895003059275223,0.23096405159965627,0.3107549450750657,0.15818723331535897,0.2417572334189115,12.211546897888184
1844,0.23857743440869603,0.5734517025796714,0.1671643151132892,0.22520537046562947,0.14639456074472856,0.33093800481485086,15.804449081420898
1845,0.19593376520228495,0.6316442302410462,0.16279079271344987,0.22976985521739218,0.14068947645686497,0.21466593909130866,19.110916137695312
1846,0.20735871132525022,0.7314714009991078,0.15312738102962656,0.23574795531098106,0.14629300200730583,0.23595061849093715,19.449663162231445
1847,0.20086855601283082,0.7057683657998097,0.160044005636836,0.2380046285172608,0.13046409924978355,0.22997839223912092,17.117563247680664
1848,0.20970485704814387,0.7261962177423749,0.20760490609701146,0.2816893791892062,0.12615667775657408,0.21982305705483776,15.80798625946045
1849,0.23525722080447078,0.7745735999095572,0.2269231339094809,0.3051589147666346,0.15136824714161048,0.24749609054258018,18.285369873046875
1850,0.23899577248996584,0.5890476144762327,0.17268585029233408,0.2321661023186053,0.1450494540126229,0.3271747625575814,22.32019805908203
1851,0.18712202753670537,0.5857583308408049,0.15638393497406444,0.2177231343835988,0.12706107083021387,0.21289939616385367,21.944435119628906
1852,0.19918872482921204,0.7006673447535432,0.15139280056587753,0.2298605925926869,0.12980441227394005,0.23306211402203456,18.834049224853516
1853,0.19851267402841002,0.6990972486681583,0.1676180292288969,0.24354363200593426,0.12223503963615655,0.2258535158912982,16.091150283813477
1854,0.21481774089158173,0.7735960343752959,0.21912185558570538,0.2983324525556469,0.13351294613704745,0.21288406359574227,15.909703254699707
1855,0.2414561346797937,0.8089724803976575,0.2369533488699543,0.3186703676596262,0.15971219733273645,0.2454196260011154,15.897995948791504
1856,0.23693790768759235,0.5809705441433914,0.17524105861404474,0.2332024136896657,0.14694001373977766,0.31895462214011594,17.605430603027344
1857,0.20532584401423157,0.683353976624216,0.17845266785352076,0.2505814262493344,0.14280439126943045,0.2204334807102175,18.45866584777832
1858,0.20413850285296053,0.7449295269817277,0.15285609498814298,0.23743801384436933,0.1356528473536481,0.2349263792973762,16.885976791381836
1859,0.2163083932925999,0.7085773505841484,0.16948829316653155,0.24650101565476248,0.13161757597380425,0.2639943138796539,15.302245140075684
1860,0.21807587225245503,0.6242782675764815,0.16949969549924312,0.23446806293884861,0.1320053891353133,0.2790443781293597,16.009096145629883
1861,0.23277383811648342,0.6153406507292698,0.18106760454106233,0.24310661113937768,0.14118115139271517,0.3038762626047482,17.862911224365234
1862,0.24035765872439702,0.725592903974297,0.16885304590096614,0.2483873113400134,0.14518123840720576,0.316611080463275,19.701642990112305
1863,0.2104743607012282,0.7525425547029236,0.15956872649830595,0.24427927338467992,0.1359371931592603,0.2461150837024299,21.024127960205078
1864,0.20912646091611656,0.7651155977677546,0.16848050295642358,0.25371408792947087,0.1295265920587439,0.23976217252963264,20.95553207397461
1865,0.21914139603449828,0.7730567807988199,0.2043837193794461,0.2856227281536423,0.12943690264257915,0.2394616621481764,17.74962615966797
1866,0.24168080051531388,0.7882179775313727,0.21870444285838841,0.3000635192402433,0.1519536049642442,0.2691072177381866,16.729413986206055
1867,0.2512149313896146,0.7908272852899412,0.1905540631420725,0.276307380591768,0.1611793877102717,0.3080401390571553,16.397598266601562
1868,0.2595650561610572,0.8306635893178329,0.17750214480928309,0.2708109225962188,0.16317119213132994,0.334069554056302,19.363187789916992
1869,0.22354263180329384,0.7824940302913294,0.17277593126363366,0.25987851683901875,0.15692606130181366,0.25003823158582983,23.574575424194336
1870,0.22113355656816297,0.7778323518625667,0.17896139576043665,0.2645143894893124,0.15932892553161748,0.23725437991913456,25.210187911987305
1871,0.22023047117134664,0.766371396929977,0.20325849054934916,0.2837031914608674,0.1531371035719769,0.22339853756746447,19.710031509399414
1872,0.24168841347705727,0.7890048296489454,0.22373813196568362,0.3044905173490067,0.14923087172112506,0.26763692162554215,17.29654312133789
1873,0.23989229062407355,0.6899525591388875,0.19652959193428368,0.2670185872492271,0.14536702207710497,0.2988663910556617,18.481229782104492
1874,0.2441328267736618,0.7232666966761512,0.18310076064290834,0.2602673229333716,0.14533927587370382,0.3164594996713789,22.745882034301758
1875,0.2145523448770107,0.7514561938185481,0.17246758034779133,0.2551802394150423,0.14045227898145998,0.2438404948148399,24.403396606445312
1876,0.2227488042829343,0.7747267412613648,0.17817607006872035,0.2633975945248124,0.16344647147154717,0.23907065403125477,24.112974166870117
1877,0.22730908012838394,0.8005660758179003,0.19760924339693853,0.2837459337427902,0.17964345702053183,0.21963425343514908,20.660022735595703
1878,0.24199807586710564,0.8498320266062567,0.20426705912430576,0.29649062590744163,0.16053257962728568,0.26559940379165403,19.075054168701172
1879,0.24357239168238706,0.7809692799024069,0.19636032883241475,0.2798758932709851,0.1491472654430749,0.29442881325176196,17.78731346130371
1880,0.24795070693463914,0.828358044435155,0.19224399202199663,0.2831174280810193,0.1453477784877853,0.3069573883225536,18.861398696899414
1881,0.21537480763402653,0.8151283453504954,0.18602646737681314,0.2758981642301963,0.12953612323833702,0.23752571945860632,19.761850357055664
1882,0.22407325924525923,0.8302067231476231,0.18930957926982916,0.28086631410951396,0.15270225779090443,0.2368289625115967,19.523664474487305
1883,0.22645526193102208,0.7675799656751867,0.21196129230109606,0.29133538849739476,0.17296792191345656,0.21648657370081587,16.035348892211914
1884,0.23815278417965152,0.8184548195432256,0.21885293268658945,0.30451034509468033,0.1579491418189099,0.25026810544465017,14.62341022491455
1885,0.231578582765415,0.6685395714786923,0.20145046338644934,0.26817747882819837,0.14378528151406295,0.2763736873054127,16.670846939086914
1886,0.23473843306393985,0.7268462513548001,0.1833297160639855,0.26097493539124467,0.13642186710659335,0.29780848874022625,19.47702407836914
1887,0.20592428094409465,0.7837734672227639,0.17758822737601818,0.2641861187826961,0.11990668222444986,0.23021057171500764,20.8673152923584
1888,0.22119432074058604,0.8189646411195843,0.193353645743478,0.2827266450829217,0.1468632258462774,0.23239324497356237,22.468549728393555
1889,0.22554620749228216,0.7895944747935607,0.20646373475168103,0.28976812618623526,0.17110129921323283,0.21699132337924143,19.243070602416992
1890,0.24131534108151842,0.8780210136030991,0.21378056307087015,0.30867205600404574,0.17016977339013645,0.2446305872542663,16.858476638793945
1891,0.23207979603092133,0.6736252412810011,0.1886346328890424,0.2579190055164651,0.16758558510429505,0.26590292229186857,16.17241096496582
1892,0.23419410512532257,0.7004245046482225,0.16015310195012614,0.23733473090699705,0.15778021604974438,0.29830821050748835,19.476289749145508
1893,0.20375653237274174,0.7724786413834963,0.16421086448691002,0.2511062611864224,0.1172147790166663,0.23804955384733728,24.25969696044922
1894,0.2152458329762639,0.7638332788637165,0.18536334402212204,0.2680019061423498,0.12856544053830612,0.2449296123391519,26.644119262695312
1895,0.2151925323703291,0.7174424887508246,0.20266683020755774,0.27620620999945306,0.13828372207227774,0.2291007734556405,22.237796783447266
1896,0.22739678465298888,0.7918173153371506,0.216124236423095,0.2983661048393887,0.14546497428031557,0.2369889635659782,18.493816375732422
1897,0.22519559110616774,0.643573361329852,0.22316198582080507,0.28322075375066896,0.14309159982782296,0.24626456616078096,19.310951232910156
1898,0.23516685225419073,0.7317718542101554,0.1969913872443636,0.27338859681090527,0.1385862824908319,0.2862308243100044,22.97076988220215
1899,0.20897301748827823,0.8229922278371637,0.1849647512623327,0.2761115336301657,0.11867124119197893,0.22924087012338865,24.995826721191406
1900,0.22217957200342084,0.8123294563145136,0.2009564362661759,0.2882954391302241,0.1382117905433801,0.2377999970450036,25.7569637298584
1901,0.22096513306945056,0.7507208147124247,0.2061859595448233,0.28397665314019493,0.14971277609830244,0.22817586535730383,23.43517303466797
1902,0.23169800534733723,0.8431867801588799,0.21074091061663638,0.30109032055124263,0.15567633522346477,0.2374986909023084,21.19234275817871
1903,0.23113421002431733,0.6734329912000712,0.19436277657300985,0.26280137866259007,0.16259112747078117,0.2634006347001729,19.873620986938477
1904,0.2302983572505922,0.6717921069164521,0.1657851388411707,0.23807184856621091,0.15807575669835486,0.2866913278326335,21.506942749023438
1905,0.20647375848197783,0.76456239518117,0.16153254097732328,0.24767966300644423,0.13021502673893656,0.23714498229823083,23.330642700195312
1906,0.2124551914289248,0.7435998094118157,0.19271084826792842,0.27140927128848374,0.12660721039890246,0.23598735495308018,23.661073684692383
1907,0.21173833646994422,0.7005203260523567,0.19899436725834083,0.27064093280034307,0.12955576894660895,0.23210831126376352,19.827980041503906
1908,0.22710531145476034,0.7727234310716853,0.20506562872818113,0.28615960049153877,0.1363951680125518,0.25480418405951166,17.23869514465332
1909,0.23617609059928865,0.6145447539007278,0.2112625486137348,0.2688742922261623,0.14670496078143852,0.285852402766393,19.15557098388672
1910,0.2385929516020437,0.6766891728770081,0.18986402533660315,0.25941047498523245,0.13914497427570469,0.30739459880230013,21.718908309936523
1911,0.21318108338137645,0.79660021892307,0.1766431194105819,0.26520841934093736,0.12284034686998845,0.24670530886422523,22.734708786010742
1912,0.22258826148083707,0.786442164719263,0.20397630838442482,0.2871857164322589,0.13524264176040218,0.24249290565372347,23.60548973083496
1913,0.20945070075307878,0.7123804653309369,0.19258944443649564,0.26684530456427297,0.1400293290985395,0.21997412261600577,21.62544059753418
1914,0.22098899742852227,0.8121538667419375,0.19355475594837993,0.28192605749031674,0.15044092901156256,0.2293986297392919,18.418684005737305
1915,0.22375533835453576,0.6958170058884781,0.19500279919223087,0.26654768586312333,0.15066344943932422,0.2502674370853318,18.215988159179688
1916,0.22781359386121205,0.6895835065827365,0.16159386647923926,0.237020957922596,0.1350945734059346,0.3008862932058689,22.05066680908203
1917,0.20813110794924758,0.7974335875157906,0.16442443840894336,0.2548543168527787,0.1225471859094228,0.24213423194350447,26.85380744934082
1918,0.22062143450303412,0.7788161575708887,0.19490614834572131,0.2783218639493167,0.14701796857220417,0.2345365914270131,29.309349060058594
1919,0.20953569583289602,0.7198865005418242,0.19646741924621727,0.2712415737170183,0.14480434297118436,0.2121829864382868,24.904239654541016
1920,0.21927613215181976,0.7988066030085514,0.20021121643054227,0.2857248430845436,0.14965694271220992,0.22205030084534497,21.335859298706055
1921,0.22353559673533205,0.6848441880605429,0.20458673453189183,0.27319494217884205,0.15324949530851661,0.24158400822072423,21.989280700683594
1922,0.23160170345088146,0.6623531865353713,0.19632088955605329,0.26289693198167013,0.14775632386062457,0.2775830856279162,26.295934677124023
1923,0.20662358508063636,0.8068260375546223,0.1844547427978345,0.2733649277630899,0.1312560062828286,0.2141715416815712,28.88916015625
1924,0.2114837076744866,0.77801457937208,0.1962767526415253,0.279382156460176,0.13031668984487868,0.22309370558791528,29.923526763916016
1925,0.20935078724444525,0.7269242522722645,0.19022924867211952,0.26689996347214023,0.13943095712055523,0.22017510940361584,27.4927921295166
1926,0.2170172534631739,0.8109029541331891,0.18622083667669295,0.2754611391704781,0.14840007819544385,0.22591888182854653,24.80050277709961
1927,0.2159973384424286,0.644639068764414,0.181515303637691,0.24767584151293714,0.14952098003769615,0.2464454618598746,23.783817291259766
1928,0.22609044020243543,0.6700453316352984,0.17945041243605,0.2495354008930855,0.14157747074449306,0.2795249478738163,25.639698028564453
1929,0.2017176765852443,0.7912624156174811,0.1807486040326386,0.26796486283047327,0.11615584653389432,0.21861798991560027,27.25127410888672
1930,0.21227134430630576,0.7714894618400161,0.19469497963970492,0.27709419138260655,0.13271193275041338,0.22516583822594843,26.972871780395508
1931,0.2080915576491882,0.7138809601397262,0.19867404119079937,0.2722750296120746,0.12993740857310004,0.22031590012323976,22.10063934326172
1932,0.21306505325931566,0.7765974693307705,0.1927833955238943,0.27618540606773373,0.13741615886230774,0.22402752714933175,19.58009147644043
1933,0.22181969231726198,0.6345981840546375,0.20023955263354123,0.26229078569369785,0.14884121615271922,0.25026365225685543,22.463571548461914
1934,0.23226820764018122,0.5862008344790779,0.2034130503941163,0.25809701954911085,0.14047480125463666,0.2899872278072193,26.132610321044922
1935,0.2096838150607357,0.7323826077899396,0.19324119349170707,0.2702613955343117,0.12515663132467358,0.230639717915411,27.565874099731445
1936,0.20953083429325428,0.7153311667661608,0.19403691917580793,0.2685075259744298,0.1296935227041698,0.2277838767126747,27.73372459411621
1937,0.20766754489720773,0.6989352251640704,0.191662708160379,0.2641302105894778,0.1348309388731253,0.2219947426875436,25.2338809967041
1938,0.20838533815659224,0.7728119149915671,0.1879524283671341,0.2715037835991959,0.13863304574676635,0.21418995425291165,21.70096206665039
1939,0.21791938252978127,0.6441708048174526,0.1895880120759018,0.25452841103898055,0.14969836097709857,0.24557987644282933,21.741222381591797
1940,0.2267230298816764,0.6152993579760213,0.19154206369554552,0.25207882002132775,0.13897601203556426,0.2813153541248296,26.67388916015625
1941,0.20814688171429088,0.7246134794631867,0.18652212518450553,0.26339231865288854,0.12330249766935701,0.23404596043233505,32.471641540527344
1942,0.20426794563328932,0.676869795927931,0.1884821980578407,0.258251854896425,0.12441130401662052,0.2269065864426308,33.889747619628906
1943,0.2064834259551789,0.6587043740220666,0.197652923837074,0.2635174167206443,0.13120773298051278,0.22244491538822944,28.301300048828125
1944,0.21206726658926411,0.7451517369805098,0.19951581557019393,0.2774638043430962,0.13649819978319702,0.22096822950996967,25.37447738647461
1945,0.21951154671271417,0.6105351762696745,0.20098737018581023,0.2594941996263623,0.14695391899654364,0.24801464966492134,26.991554260253906
1946,0.2261758789074573,0.5432582686839964,0.20361021264340484,0.2521313635063465,0.13976432589562165,0.2790749387687854,32.49989700317383
1947,0.20662540941813765,0.6847584262547917,0.19208001503068148,0.2624626452055544,0.12629648166961632,0.22805563988410418,34.41038513183594
1948,0.20701886812536385,0.6700695976328224,0.19023347790380576,0.258781495007951,0.1316084787450638,0.22771066031086262,33.676029205322266
1949,0.2065634986466808,0.707868863548105,0.18862031119282308,0.26279867581500616,0.13273261720635868,0.22195973988467804,29.608264923095703
1950,0.2107897064359001,0.7721786723760793,0.1940104184076206,0.27660588326025753,0.1415363596030304,0.21379723019334818,26.566255569458008
1951,0.2162055896749915,0.6435829969344152,0.19322118290503756,0.2575585849092344,0.15093402036260836,0.23713434199336422,26.21965980529785
1952,0.2223317556579725,0.5439698731474291,0.18304549625063063,0.23460612152160185,0.15078640022205342,0.274193871533726,28.796035766601562
1953,0.2011653539578027,0.6652714314032762,0.17454372797432974,0.2446476856070364,0.1294632941737601,0.22585761607576052,30.23726463317871
1954,0.19950212418747465,0.6623123255252881,0.1782234310763525,0.24737898742620043,0.12540164474015822,0.2224477883699915,27.56050682067871
1955,0.20309798763135875,0.6738685757867013,0.1879279833500056,0.2573480679838193,0.12946252935505742,0.2200601933147194,21.81404685974121
1956,0.21024480572535745,0.7382186175117618,0.1984611649210798,0.27556937243403434,0.14143133141356853,0.2132975998780805,19.163057327270508
1957,0.22226763085769993,0.6121511387517171,0.20906317321077714,0.2666471682880543,0.1536029814070892,0.24351710387542425,22.287229537963867
1958,0.23021949644970058,0.5053767911602041,0.1997048704179628,0.24337228766685443,0.1586073326574888,0.28137144745287634,26.5325870513916
1959,0.20238512738969805,0.686896215177038,0.18089244534034987,0.2531786981741625,0.12680893342058083,0.2240699226762693,26.23979377746582
1960,0.19796964016124718,0.6810810785604743,0.17646707164495937,0.24855478691860436,0.12305837713481098,0.2192549918966913,24.669164657592773
1961,0.19803481041665547,0.7131504056003195,0.17378437041050857,0.25083666115191017,0.1263564891508304,0.21455172213090462,20.122440338134766
1962,0.2096256589122296,0.7579921711004644,0.187291112293561,0.26881983498026146,0.14877518824640368,0.21107491668529932,16.9376277923584
1963,0.2208653799634554,0.6419771442105355,0.1951193457885431,0.25895617413454197,0.16078263137551607,0.24010834007820153,17.726673126220703
1964,0.2287835513639297,0.5229166568902676,0.18686142096469324,0.23486931181120388,0.16618120042740017,0.27823556804202815,21.319143295288086
1965,0.20482087776444258,0.6710691760929688,0.16446030078078303,0.23683299725395243,0.1324754964104079,0.24011248189590173,25.0325927734375
1966,0.20132247034206194,0.6579016992202391,0.16860252244291674,0.23850240483967708,0.12524517128653737,0.23535766433023264,25.888404846191406
1967,0.19707016844771266,0.651677253628568,0.16142528137949017,0.23146127741507275,0.13080185470102376,0.22496272262962547,21.010009765625
1968,0.20801286264643243,0.7181201741621516,0.18417321389381222,0.26045135107500356,0.14741804022400196,0.2151496548910593,18.572343826293945
1969,0.22103707627650715,0.615118943142128,0.19928391840126392,0.2586889219356731,0.16366443181643014,0.23829277522730435,20.565673828125
1970,0.232188462306791,0.5529180148046396,0.20033835581588524,0.2507068785285645,0.16331423690649777,0.27624979533799576,24.538789749145508
1971,0.20557547089822148,0.7211332162188357,0.17873114736010864,0.25621715719706967,0.13129025591267407,0.22626355849908342,24.50362777709961
1972,0.1982553563189162,0.6897477124277641,0.17931150750014072,0.25223096534694406,0.13294809181759984,0.20817055485804364,23.49188995361328
1973,0.20001847234717376,0.6898970610261197,0.1699018546551921,0.2441868841367532,0.1435723767940887,0.21076144564024119,20.79336929321289
1974,0.21269202298909343,0.7334489143420014,0.17717473075667542,0.25664247126886486,0.16577985585426508,0.21528352698726833,18.945466995239258
1975,0.227895628906154,0.6602646608844683,0.1952398739948058,0.26167198640761474,0.15879764251501546,0.2588020541846221,19.985666275024414
1976,0.2258787875001074,0.5169419118508543,0.19465819856756306,0.24069872903660464,0.144826346948073,0.28383222413870246,22.039926528930664
1977,0.20053017991264543,0.6735252611255897,0.177761926080115,0.24858525965804001,0.12143075428661657,0.2276939825582005,21.2961368560791
1978,0.1967437036476267,0.6633120080670527,0.18159238167567995,0.25040947116016177,0.12313554746972308,0.21419329372982426,18.70757293701172
1979,0.1916759680501727,0.6532002130103707,0.156856940929669,0.22776312265548354,0.12453120657911003,0.21885137405770555,14.971348762512207
1980,0.215388226901662,0.7200919661908348,0.1870850464745091,0.2632288921482699,0.14787567304436328,0.23260112943601652,13.8087797164917
1981,0.22873036338708924,0.7009898652214414,0.18875324166378682,0.26192990217202317,0.1538797664078579,0.26517503930709946,17.002269744873047
1982,0.22779726644039713,0.5787082552673513,0.19313564347059406,0.24821744515584507,0.14652853493594933,0.2810397501307721,20.27490234375
1983,0.19986641499950816,0.6513926329771856,0.18334033380092293,0.2502049479689604,0.12568451659466856,0.22072935975547214,18.618478775024414
1984,0.19792986537368432,0.6560166777691578,0.18895536789694956,0.2556784121644079,0.11800295433616312,0.21733593408963228,15.98792552947998
1985,0.2024901525622722,0.6660039224264414,0.16657938678940626,0.23792574902326843,0.14281729592829015,0.22369775521363483,13.765205383300781
1986,0.21588196390245215,0.7094350880808742,0.186089013525275,0.2608527384617892,0.16305593220518783,0.22275531389813855,12.949795722961426
1987,0.22456910382349615,0.6756446823578033,0.19926693809357124,0.26732090155989013,0.16600298006875353,0.2384066390895512,13.98585033416748
1988,0.22689000209721477,0.5544813676997722,0.19588950263820212,0.24711691193271212,0.14964715270790588,0.2767789492067999,17.206462860107422
1989,0.21064265506229624,0.6486224671471779,0.1973843084140583,0.2618469025187896,0.14064282809819045,0.22708878713145703,18.83548355102539
1990,0.19993035316258964,0.6154657713709257,0.19713422973701997,0.25689587854186363,0.13413891759569804,0.20765302457675502,19.704559326171875
1991,0.19320179471505672,0.6310434089972498,0.1695204434296804,0.2354522956536189,0.1282318988027265,0.21308126531710384,17.07848358154297
1992,0.2080547745325089,0.6993437487734315,0.18752398835773998,0.26064109698855303,0.15222241932592892,0.21089505318922785,15.651105880737305
1993,0.2186636967693306,0.7254659355186042,0.18711317274588465,0.26402071028484453,0.15890064411985166,0.2312689810115499,17.56064796447754
1994,0.22581003742940045,0.6200064696912424,0.1929790533248482,0.25398296994861874,0.14630630611363407,0.2707244863763799,20.74107551574707
1995,0.2057491938008214,0.6698581641527914,0.1988376692879885,0.26612631141153176,0.13058188506713528,0.21869061103342527,20.090553283691406
1996,0.1990403769735723,0.6441907640509406,0.19552293078397856,0.25961833553640173,0.12960039069897059,0.20679465122137308,18.889116287231445
1997,0.19866623417885254,0.6882625638939504,0.17670276457903142,0.24978273590973407,0.13364611168456883,0.21083190234682941,16.568449020385742
1998,0.2132988298039211,0.7338772832412357,0.1988158973346523,0.27525323817844993,0.1516308853735761,0.21304817385276031,15.689435958862305
1999,0.2190438881569872,0.7340085344082852,0.1964113868455585,0.27321097935451943,0.14893731602589133,0.2329909339738554,17.37100601196289
2000,0.22419985094678446,0.6185940341195256,0.2056077658889485,0.2646058042076024,0.1386766533971234,0.2636774396995223,18.97106170654297
2001,0.21137330370393467,0.6530417719198272,0.21754463852061534,0.2797585147205027,0.1344431114077258,0.21885016232362042,17.828392028808594
2002,0.2058323321591172,0.6070010494330984,0.21815530385360601,0.2737046960792478,0.13350907237241302,0.20972686604236898,17.388992309570312
2003,0.18853893102760325,0.6450060591368973,0.16580400398351977,0.23426144043400227,0.12745335145955755,0.20198161741904408,14.804717063903809
2004,0.20656243621820786,0.703006790589333,0.18351934957067106,0.25773184114476566,0.15252950070672816,0.2090680254800145,13.647762298583984
2005,0.21326656882605144,0.7269231342293252,0.180739026777206,0.25876532784179446,0.1491701774365556,0.2295394971530851,15.96661376953125
2006,0.21828016629518557,0.6043353046986907,0.18539791679064213,0.24524611506322053,0.14707287822259238,0.25699133818667397,17.841814041137695
2007,0.20124004599844295,0.6580981980900755,0.19459718176888938,0.26081161267191594,0.14178648465327068,0.20113679133617984,16.078218460083008
2008,0.2004675051166407,0.6227112267395023,0.20482845564152252,0.2645259943698054,0.13862478272482395,0.19852870911296125,15.216927528381348
2009,0.18737205266085522,0.6729324805299075,0.15862999172496212,0.2321017758399543,0.131702817635607,0.19694412552623575,14.788016319274902
2010,0.20438557638484944,0.7522143591037073,0.17590523955518242,0.2582351137764003,0.15510874366921829,0.20038445979341984,14.190923690795898
2011,0.21190261826249948,0.7270014209825398,0.171226166934453,0.2506226317984654,0.15517819777786546,0.22765647434258413,15.375377655029297
2012,0.21416208613768897,0.597177670676783,0.17634350656745204,0.23646267286878503,0.14342690572742148,0.25654235560696403,17.90483283996582
2013,0.20797609522956909,0.6480433809865187,0.20052849476571658,0.26445919279725977,0.15173775642546541,0.20776193131143048,18.443944931030273
2014,0.20360236852245883,0.5902778862934052,0.20022534821820584,0.25594713937180574,0.14614718166550164,0.2080739825291179,19.17031478881836
2015,0.18735947933334893,0.632492872578128,0.16091609005709687,0.22828420184581563,0.13474209254528088,0.19759056057450008,17.488250732421875
2016,0.2036012439158526,0.7171189398753203,0.1742455177970308,0.251798863808215,0.16244098470126506,0.19744355332279967,16.63328742980957
2017,0.21014827617454898,0.7118419424440093,0.17032312317320622,0.24768295449760666,0.15776214004876926,0.22314330175193078,18.563798904418945
2018,0.2140617059321155,0.5988739115727602,0.17879534259992777,0.2388065667389038,0.1395432674976085,0.2576135863563692,21.367090225219727
2019,0.21102321592504983,0.6832939317974352,0.20882041388181538,0.2766023450126182,0.1464231829558879,0.21016650682144422,20.330310821533203
2020,0.21066555420174,0.6314898938397953,0.21037429805787525,0.2705336688838638,0.14976902980343157,0.21156541270340148,19.542768478393555
2021,0.19341946755236208,0.6965652277764158,0.17458702532778428,0.24915533996330305,0.1434867347288795,0.188341720413336,17.968019485473633
2022,0.20415397190192888,0.765091453513492,0.18359751926782528,0.26666808130292047,0.16002539790239653,0.18806662842565197,16.988758087158203
2023,0.20680925881164394,0.7030276367493713,0.17516030171679484,0.2505699210071629,0.15360929720294703,0.21506864579817472,17.880075454711914
2024,0.20837878727158052,0.6063694311068295,0.17665207889720325,0.238040272070007,0.13459997696641152,0.2469814470899803,19.036619186401367
2025,0.20378205855493048,0.6662110729685673,0.19984162774620182,0.26646583420653974,0.14291948041555128,0.20218851073172917,17.504104614257812
2026,0.19999733368722009,0.6068487224011809,0.1970836738089062,0.2556215378935169,0.1393298424213804,0.20441020986432007,15.75075912475586
2027,0.18652407650133232,0.6628663441366569,0.1708465514813584,0.2411350932892582,0.12995472824087692,0.1882376165397957,13.099318504333496
2028,0.20316216914512034,0.7309101416508246,0.18386356028688358,0.2620130719103037,0.1620488432698947,0.18764178936640735,12.412031173706055
2029,0.2087530337032778,0.7305599031969305,0.17704818963170835,0.25612129156959723,0.15517996727184544,0.21418224119775167,15.350716590881348
2030,0.21125047603907243,0.6277912759853432,0.18141851178420154,0.24518604952722178,0.1375994202527763,0.24600152304995093,18.752689361572266
2031,0.20711772271738563,0.7104011957450197,0.20354556138230384,0.27595350914840605,0.15072908897654763,0.1962264641134759,17.824491500854492
2032,0.20014548951578615,0.6475491676045944,0.1959701485510721,0.2604814369872896,0.14566052065288895,0.1950258832332557,16.028514862060547
2033,0.19211341982350075,0.7267357947905411,0.1718516408053937,0.2511208056604147,0.1460334872799311,0.1808018981918244,12.423572540283203
2034,0.21065527216811508,0.7918982195731864,0.18879859952961675,0.27495568810726956,0.1727499704722779,0.1875595472052124,11.00949478149414
2035,0.2180187822066177,0.773308334092512,0.18367483351384326,0.26790819073936734,0.162415360374075,0.22301854384393652,12.005032539367676
2036,0.21313452722122547,0.6575815602191875,0.17407135184149433,0.24314423875259333,0.13913067998911635,0.251629395959374,13.917776107788086
2037,0.2038881668418352,0.7116649496711341,0.19551673848652393,0.2692521972271825,0.14779379379090643,0.195777216674219,14.703201293945312
2038,0.1945177631361106,0.63047043279102,0.18467736304493684,0.2483620872943773,0.13757256633753068,0.19723102669638465,15.053318977355957
2039,0.18355201049481493,0.6775796984908837,0.17311607710979815,0.2451823087356675,0.13171978632928957,0.17497869567890362,13.647582054138184
2040,0.1947200434732634,0.7335821254350554,0.17892539194342694,0.2581620681565167,0.15922039662082213,0.17027046287130293,12.873556137084961
2041,0.20469259188182629,0.7276857384234874,0.1788242381718882,0.25723302392211667,0.14940833945875948,0.20709343471675573,14.544078826904297
2042,0.2084720883250543,0.6406501518317365,0.17832352353087053,0.24437018471670852,0.13652805985989733,0.24001227888936927,16.54469871520996
2043,0.21000455056974943,0.7302321899510795,0.20177455380283607,0.2772685018240137,0.15871387198879358,0.19602793698060456,15.736191749572754
2044,0.20061134185109236,0.6502795587562364,0.1849814229334096,0.25145258519381347,0.1553227811037828,0.1957527445801073,14.952116966247559
2045,0.1864735129493236,0.7183814677195424,0.17162117567460547,0.24972978882388214,0.1446116695848217,0.16775338450302402,13.846868515014648
2046,0.19759904797103225,0.7698575181572918,0.17836396046282452,0.2628630401334627,0.167107687593157,0.16717299515954653,13.103764533996582
2047,0.1994035868534338,0.7336540967351307,0.17295385393729404,0.2530538886226993,0.1441297204811188,0.2008242058811021,13.927278518676758
2048,0.20323778294295144,0.6587913125622995,0.1703571850832858,0.24013348900885917,0.13218262440950423,0.2331273038520484,14.673849105834961
2049,0.2040214134635877,0.7353704261001497,0.18807152154226423,0.2662570793362478,0.15265684596778947,0.19450920238383348,13.286687850952148
2050,0.1957010707558475,0.6630980714968493,0.1752992900169723,0.2449848302283833,0.14776532585232277,0.1945215580079629,11.925386428833008
2051,0.1829261128869913,0.707244579847335,0.1690294718231863,0.2459173443980647,0.13397865061651013,0.17063781480147305,10.3794584274292
2052,0.192557923755128,0.7384009957182759,0.17367198840362344,0.2543475608771453,0.15774531946827564,0.16895302002435875,10.087528228759766
2053,0.2013361145302883,0.7075891473698193,0.18240625490021456,0.25743238239587246,0.1450487393032597,0.2015033334715522,12.050032615661621
2054,0.20741484429284657,0.6120848328014707,0.18048131341476772,0.2421389590414396,0.1391906763181677,0.23672739086567168,14.173205375671387
2055,0.20644368307687702,0.7201001318006464,0.19379658094299065,0.2689828024940843,0.15535784617690768,0.1964220608742938,13.6333646774292
2056,0.19425696938328255,0.6560761104970687,0.1724994069766439,0.24158179319384745,0.15360280875463056,0.18842013909910882,11.662561416625977
2057,0.18530463861485647,0.7429338209683534,0.16782839176273137,0.24998631022067738,0.14238471465175997,0.16626310942747258,9.946554183959961
2058,0.19729607896919105,0.7632279458407488,0.17543976878803877,0.2594095083669973,0.1649403309328589,0.17125810777790115,10.054851531982422
2059,0.20595206008561576,0.7425457746017716,0.18296655409298712,0.2629064427370992,0.14704408389550488,0.20766145443191472,11.844124794006348
2060,0.21738679205901112,0.6522703353118896,0.18662830978713804,0.25314859914781684,0.1502001308812404,0.24488353938685553,14.232186317443848
2061,0.20818391563445582,0.7213093960960333,0.18859058780337698,0.2646932747023279,0.16300102161896987,0.198273258713618,14.807072639465332
2062,0.19350490133110929,0.6460805889451928,0.16754523234577268,0.23590742614568985,0.15401731711747482,0.19095432830528147,15.432482719421387
2063,0.17836761761740913,0.6903150310840598,0.16815665049790107,0.2427507048673523,0.13519298818981024,0.15981021702285791,13.665266036987305
2064,0.19195249518457597,0.7266062112694651,0.17516753360392265,0.253944487556143,0.1582493005350287,0.16719979717780872,13.042238235473633
2065,0.20463460763058328,0.7323385173160575,0.19028184499622855,0.26771851247048983,0.14427892110104149,0.20224741660901419,14.833599090576172
2066,0.2124986869740453,0.6751578578047712,0.1865885676650535,0.256384180542156,0.14206607426128162,0.23572741622561674,16.59528160095215
2067,0.20888306882102914,0.7507209263127975,0.19612016551312964,0.2753488456273679,0.15545468096171103,0.1974753534923862,15.526899337768555
2068,0.19539945024971575,0.6677479637149017,0.17928018906766086,0.24906129973155242,0.14345966553701586,0.19389264357672098,14.51641845703125
2069,0.18482796521147413,0.7180199217455336,0.17039668116581022,0.24862857267719926,0.13392029120498172,0.1735466484346454,13.337532043457031
2070,0.19492337035638085,0.744179790360235,0.17580873132158548,0.2570045968985354,0.15453493106343894,0.17594218151331986,13.11239242553711
2071,0.20369921383717096,0.7081125211275786,0.18550459194306446,0.2601628675408522,0.14211830598937777,0.20817681121326898,14.631843566894531
2072,0.2097493978737627,0.6280957160568683,0.18640541886061265,0.249504032745792,0.1382257596946897,0.23754727576742596,15.77804183959961
2073,0.20476424489983838,0.7061354537855691,0.19412360291367617,0.2672681530382323,0.1495116024679912,0.19841938740660994,14.622069358825684
2074,0.19050357277401825,0.6495933689788023,0.1674674479755772,0.2363425795474665,0.13936486198232814,0.19514081378997988,13.476553916931152
2075,0.1789471599607357,0.6796823395015879,0.1657941345370936,0.23920673524630706,0.12606689253060618,0.1724902655872241,11.665288925170898
2076,0.18922087508456953,0.7256027895423002,0.17293722915603124,0.2518894520683554,0.15205839850171515,0.16690303723375455,10.944693565368652
2077,0.20026111405573327,0.7160852908470564,0.18180805574581296,0.2581333750459906,0.14236347033455418,0.20028332394528978,13.364400863647461
2078,0.20874839791545907,0.6647748182901851,0.18163227710645258,0.25065264013270006,0.1429894511258266,0.22962126441630154,15.500738143920898
2079,0.20716692498774228,0.7500557409790285,0.1966328687150505,0.27569327903847596,0.15202465324870454,0.1954558529650084,15.106192588806152
2080,0.19124171230648948,0.6961965237570995,0.17040916857365737,0.24552164788557768,0.13760651809932042,0.19067756360606025,14.000981330871582
2081,0.1804693453441294,0.7187676198592663,0.16672114454579048,0.24558492673342988,0.12741889254835628,0.16991235782479291,12.473923683166504
2082,0.19091789301210724,0.7625995697057392,0.17301509708426088,0.2572414503159006,0.15031945125566065,0.16840841690817876,11.720451354980469
2083,0.19765574934341637,0.709344720375617,0.17520720686919447,0.2515125659415406,0.13965349193666282,0.20128301005096713,13.553596496582031
2084,0.20154804987690353,0.6441465034568115,0.17266167980901068,0.24001665461583938,0.12841997374316177,0.23187508734735868,16.038511276245117
2085,0.20443714840132302,0.7331957153106957,0.19874554437312716,0.2750955687927798,0.14352599670875968,0.19590828828979112,16.332551956176758
2086,0.1925637483311706,0.6799280947260169,0.17104069452202078,0.2437388945511631,0.13647923109056628,0.19685944797420596,16.801462173461914
2087,0.1764266092364629,0.6868940281083068,0.16430195395182637,0.23895796454560925,0.1224247455641008,0.1689633040542766,14.589727401733398
2088,0.185689180895632,0.7434228447343774,0.16683865437130962,0.2492078244231765,0.14339792964320833,0.1671152126549013,13.72882080078125
2089,0.19245579964658716,0.6822066378746993,0.17015008150783584,0.24330101813167346,0.13134702725211989,0.20143640931729542,16.076740264892578
2090,0.20158664584767913,0.6419046685499642,0.1734093245974365,0.240337230876369,0.13331443572409332,0.2274180678057131,18.266983032226562
2091,0.21165286779778061,0.7431570553057879,0.2164017837568776,0.2916525368352933,0.15224076221465996,0.19363874977518752,17.2546329498291
2092,0.19905272568875337,0.687031154357457,0.18937454486523153,0.26046834622126375,0.14816795033804356,0.18983823615467782,15.86910343170166
2093,0.18453396743494957,0.73103249602851,0.16479072819132698,0.24568240931092453,0.14252523027195194,0.16778672581109444,14.491684913635254
2094,0.19247024165356408,0.7906462641459753,0.16063333360180373,0.2506351808223997,0.16226265806694704,0.1680075555191229,13.827972412109375
2095,0.19457266853322122,0.6987437982729419,0.16191782095581073,0.23860724628682942,0.14732999972415944,0.19737974820674323,15.195917129516602
2096,0.19750773056093227,0.654028410225779,0.1623907759375811,0.23262472369303794,0.13992057492223342,0.21716912275420128,17.127464294433594
2097,0.21255409381809473,0.7513053088523123,0.22014249674456143,0.2960228984742401,0.15076046895648393,0.19358831149787703,15.957837104797363
2098,0.19243514648109344,0.693035102051035,0.18687338678620283,0.2591822032526075,0.13343600502608338,0.18565572057915253,14.770956039428711
2099,0.1789079171981083,0.7134674021873457,0.1661022699849131,0.2442972888709749,0.12537718869308417,0.16853160442624615,11.906817436218262
2100,0.18983417475351694,0.77102420795168,0.1682168305871078,0.2543321702106181,0.14851135074165805,0.16955589973892995,11.706912994384766
2101,0.1926810126306671,0.666089850612425,0.15335448702678636,0.22660239611044902,0.14261295982639516,0.2068093482895958,14.305908203125
2102,0.1961407686695096,0.637090682982991,0.1602289248494958,0.22835203315428082,0.13347068616940097,0.22279223443292995,17.387149810791016
2103,0.2120582290408186,0.7575132116352852,0.21434156787894829,0.2919375169869965,0.1453224088678148,0.2005576947392914,17.481401443481445
2104,0.1975778488367194,0.7199794288996465,0.17075891978694532,0.24921899251733118,0.14223616803869712,0.2008158188144536,16.255149841308594
2105,0.18815512722437305,0.7273501006622708,0.14635185641397153,0.22935160559229997,0.14403525638098919,0.19071309564039785,12.367164611816406
2106,0.1941419450992201,0.8132191839056007,0.14755292317119903,0.24264810327611358,0.1531701931100383,0.1875493396849723,11.941729545593262
2107,0.19556208169507816,0.7143504528790285,0.1460061303639197,0.22719817643750664,0.14900496475834885,0.20861797611509136,13.111830711364746
2108,0.2006927619854055,0.6798339262596834,0.15763386598159088,0.2322338745927469,0.14531719423712192,0.22154791023372994,15.287450790405273
2109,0.22223798349672433,0.7850546983559381,0.23732796740809403,0.315574643257786,0.149446727705602,0.20426075502302743,17.20233154296875
2110,0.201976828670146,0.7258480834222774,0.18586017872740157,0.2630013079695267,0.13841386461050026,0.20419800283537792,18.771909713745117
2111,0.18287068989179536,0.700539580273625,0.1523917794545568,0.23069860814299512,0.13238444918210576,0.18519672204297394,15.258780479431152
2112,0.19199479291568824,0.8107182976929443,0.15113497699607206,0.24536116566705382,0.1498062640983077,0.1822141794734513,13.860431671142578
2113,0.19315959644820213,0.7129882582486412,0.14193300290051972,0.2235123250931085,0.14547185677320465,0.2083277310995318,15.967368125915527
2114,0.196765094842033,0.6703127938328257,0.1582580872281445,0.23140875960024182,0.1406526315241026,0.21555029358178937,18.374357223510742
2115,0.2187807731110938,0.7746258435697577,0.2292256178633321,0.3071399358213928,0.1517660394897559,0.2001043976582528,17.478437423706055
2116,0.19745514344994586,0.7342321984667813,0.17142564477533043,0.2518265810169663,0.14136972641648807,0.19895487548307852,15.999785423278809
2117,0.18303535488441236,0.7364721243324983,0.13979312127030552,0.22503297885061882,0.14221711295889147,0.18200339559881248,13.13471794128418
2118,0.1886343909154144,0.8689531103691783,0.13801143669516006,0.2424316757914484,0.14490920884859063,0.1798213009573554,13.145729064941406
2119,0.19539321408899202,0.7825156610966552,0.145660061979984,0.2366394332823656,0.14117840046454586,0.20674073421618044,14.473040580749512
2120,0.20041239246998763,0.7102793786496262,0.16231964777957286,0.24059960933243763,0.1393350173047647,0.21869128098491386,16.561071395874023
2121,0.22576842457279253,0.7803530236591012,0.23517861502453888,0.31306067340090493,0.16065416760406628,0.20636268169582955,16.41588592529297
2122,0.20938030998958965,0.7061530332064461,0.1831876802793937,0.25789701641182977,0.16390155702853398,0.20672210071105324,15.916647911071777
2123,0.19107021024162602,0.6867430703989217,0.14285883619100279,0.2205565839349912,0.15843165425292918,0.19382836975004122,13.034292221069336
2124,0.20324265173898495,0.8311269816649194,0.1489382360036038,0.24639377109807745,0.16758046593320466,0.19668983487983685,12.348563194274902
2125,0.20133477157714194,0.7494826857752844,0.14728745051126824,0.23331534126327053,0.15435834291882328,0.21445614817780825,14.244498252868652
2126,0.2010453734316612,0.6931535608578236,0.16000524446557315,0.23616928966446604,0.14288134932221316,0.22120546782372402,17.58119010925293
2127,0.22212982061570619,0.784376358398446,0.23298620992919536,0.3117562311390883,0.15170655511880732,0.2053270687175333,18.657255172729492
2128,0.1952979268902052,0.7467144242351036,0.16736795600749552,0.2501317371828681,0.14355004774335559,0.19259773713761863,17.208391189575195
2129,0.1909378264871524,0.7261366185899922,0.13620194298788432,0.22047832521675684,0.1580348075326287,0.19388003168395682,13.007088661193848
2130,0.20554282793657536,0.8895824084079693,0.1374710309809291,0.24491551347050627,0.1622043588850151,0.20901288851450095,12.174202919006348
2131,0.2041848943378086,0.8000771498629552,0.14870976923781307,0.24176225218426195,0.14835897403066253,0.22015238649091468,12.538490295410156
2132,0.2005831041169593,0.7064831724978955,0.1573717578792593,0.23581624568192164,0.13918378527548034,0.22347850923391127,15.172415733337402
2133,0.21902706057956475,0.770653852511737,0.21917578713971683,0.2979583679071483,0.15447872416245012,0.20644196103290446,17.766340255737305
2134,0.1977431023045747,0.7054608179266706,0.16715297291980669,0.244054093635073,0.15195387621665205,0.1972865577173211,19.299407958984375
2135,0.1936670174644849,0.6860352264926499,0.1443412455261531,0.22172609994993836,0.161689784279495,0.19709539932657932,13.969267845153809
2136,0.20437147416834564,0.8624632475508305,0.148960036368018,0.2508890665369912,0.16553627738622484,0.19764937803013644,12.365100860595703
2137,0.20613671337684106,0.7822529092706225,0.15855352356063085,0.2476534358049154,0.15205062054881716,0.21713491247679695,14.67007064819336
2138,0.1998008739859733,0.7016040194140485,0.17019056505692473,0.24610677282222812,0.1326257863344122,0.2180614141993662,17.993186950683594
2139,0.21978533336955988,0.7955090378070953,0.2289636792914238,0.3098987305079483,0.14787389048753982,0.20385862339523766,18.803007125854492
2140,0.19959333393438533,0.7526445667185893,0.16591273211502375,0.24973156562981882,0.1488736265006391,0.2001021252054089,17.66404914855957
2141,0.1937866763822088,0.735331365068836,0.13609902241027624,0.2217036427900705,0.16354307748618474,0.19582247980935094,13.221898078918457
2142,0.20562572683140387,0.9172776378538048,0.13831580178526615,0.24959606408077167,0.16634825290549157,0.20151947142338034,12.605452537536621
2143,0.20565762519331984,0.8437548427076611,0.15193071375246078,0.25076273217463224,0.14869389795828233,0.21603391791532925,13.683035850524902
2144,0.2037852109577654,0.7224633536985614,0.172672212928337,0.25121380446694047,0.13832628331211813,0.21956175332717853,15.811140060424805
2145,0.22020552937586893,0.7934940097290271,0.2253490599647067,0.3065126242167525,0.1525234113590763,0.20390867465478943,16.84624671936035
2146,0.19989551686182472,0.7376643391924725,0.17683210114009093,0.2569509922904311,0.1453993050715443,0.19765616117828938,16.422819137573242
2147,0.192991936286338,0.7111003746333534,0.15194721636972855,0.23182623897881785,0.15381307995312124,0.19329342072198286,11.4534912109375
2148,0.2054468565717813,0.8830549074610313,0.15237052529325668,0.2567540084600816,0.1669237337569221,0.19426083113252032,10.601790428161621
2149,0.20321563007598328,0.8036431098059924,0.16035644966694618,0.2522545439725242,0.14755354943265223,0.20901090097942468,13.24776554107666
2150,0.20078617334546767,0.6908635713532382,0.17080930380739592,0.24510277059965913,0.13528255035904047,0.21932482086117389,16.743379592895508
2151,0.2208082038474277,0.8073502291545248,0.22364717465047126,0.3070333252939075,0.15045888158219295,0.2069168795638383,18.300186157226562
2152,0.2008883118378213,0.757693372803968,0.1774721960399047,0.260360935577628,0.13650070286758956,0.2051889239144433,17.794572830200195
2153,0.1968128792858589,0.7691986516530434,0.14765484046147595,0.23644681348884272,0.15460366883854976,0.19906624599964357,11.909608840942383
2154,0.2111669995863983,0.9365467672393002,0.15151391653842694,0.26366146663855167,0.17299669082666877,0.19863336108052743,10.08699893951416
2155,0.20920252771535172,0.8698757692357251,0.15327646168759904,0.25564779133733134,0.1554081149617712,0.21563303320550245,10.356740951538086
2156,0.20812555357368429,0.6848410274120049,0.1818439923016245,0.2537007116031074,0.14242856883806562,0.2257321519416054,12.554795265197754
2157,0.222083102809811,0.7647553252308241,0.22852403389167852,0.30512850408298503,0.1532656670070495,0.20963363302320007,15.303499221801758
2158,0.20135065724838955,0.71610717289182,0.1846009483332022,0.26053040898443336,0.13663473486323105,0.20619480656636482,16.79646873474121
2159,0.20076041490525381,0.7323062904750592,0.16736102879832607,0.24806749475214507,0.1551924189482379,0.19923871650161287,12.203023910522461
2160,0.2209883392092224,0.8998199167411868,0.16523167210654222,0.27017284991149143,0.18604942158862922,0.20852344526275596,10.918864250183105
2161,0.21249765156419229,0.8251388447824519,0.15665629911536488,0.25215380563923445,0.16520047270274102,0.21918354825230024,12.528655052185059
2162,0.20430227682864183,0.6532687137044824,0.16475613132355002,0.23454364309225464,0.14210845457860558,0.2322606758167623,15.408706665039062
2163,0.21302129545113632,0.8226997666523199,0.19441665032011501,0.2841713812247157,0.1482729088597534,0.20741980866671433,16.499879837036133
2164,0.2078232978286044,0.7323902067513137,0.19479343738973778,0.27159297586996295,0.13907919356302062,0.21217592077480146,15.53253173828125
2165,0.20645252707046852,0.7583174099071064,0.1661351762753586,0.2507326382227511,0.16428862264320238,0.20460084618607907,11.505975723266602
2166,0.2294241370998072,0.9571009798970193,0.16876999749046417,0.28138870926282916,0.19892870378968416,0.2106386406035206,10.639715194702148
2167,0.21664083430913458,0.8928731865265369,0.15565794529122365,0.2609744083248398,0.1685649353973751,0.219915368593182,11.512045860290527
2168,0.21107944082123026,0.6784263252276193,0.17596530530536394,0.24774545100854325,0.1463417058702031,0.23564219998948016,13.451604843139648
2169,0.21066233852445926,0.7856652021632713,0.19457114630353978,0.27901315428350143,0.14728677343834962,0.20630899418564336,14.71010684967041
2170,0.2043573780012358,0.7027852380092119,0.19289455349017284,0.26573607985003556,0.13318664939513944,0.2129254014138703,14.822254180908203
2171,0.2067856522375623,0.7176389903119904,0.17321431503371199,0.25098926864489457,0.15704789266070648,0.21162802751089543,10.824442863464355
2172,0.23630712302997062,0.9777611503325494,0.17480938400806845,0.28951677919728,0.20384100671447958,0.21815652565962956,10.08229923248291
2173,0.21910067225902916,0.8295713535138233,0.15958826865785705,0.25530013792299505,0.17501278017164526,0.2260030453795199,12.555407524108887
2174,0.21915897921064198,0.6504987721916363,0.18363983632812952,0.2503339700229162,0.1475456014287535,0.2545425678090545,16.21575927734375
2175,0.21408309826235666,0.7884791076335053,0.20471480122094352,0.28810970213702375,0.13848395876265454,0.2154590669342623,17.27268409729004
2176,0.20374479101250154,0.7183020771565383,0.19598988109854507,0.27060590910682975,0.12256030974175132,0.21627773379187076,15.711902618408203
2177,0.20816517918046723,0.7414844411344869,0.1733444178675897,0.25450727833428927,0.147091337920426,0.22105545352340905,10.74971866607666
2178,0.2361466534788927,0.9806229134841733,0.17320720215051733,0.288552303769611,0.19288425528755757,0.22814630789193235,9.766939163208008
2179,0.21877497750917277,0.871811311900706,0.15436390380595774,0.256856390676636,0.1636079953715053,0.23372485035810142,9.504999160766602
2180,0.21922787458355275,0.6507244169681755,0.1805174877133249,0.24768990617830355,0.1445960497182331,0.2596264436953005,12.94082260131836
2181,0.21149786985869345,0.7169463751040854,0.20338188643753422,0.2767482419613273,0.1399541606840584,0.21700453979669457,17.094118118286133
2182,0.19618271221790587,0.6563739960072682,0.1888564788842364,0.2556446956160981,0.13115689258309712,0.20105106892494543,18.58740997314453
2183,0.19104798918472018,0.6818858682749794,0.15996820900111489,0.23452787461166696,0.14363015908390417,0.19449369077435583,14.476042747497559
2184,0.21746945836960171,0.883853575244089,0.15912884592450735,0.26266095011301904,0.17682192359243884,0.21349349602412898,13.473709106445312
2185,0.20485641210017966,0.8078786238772938,0.15025966953756034,0.24420523444323658,0.15003657685040198,0.21839354839356023,15.230403900146484
2186,0.20336280657279826,0.6327050737365086,0.17778807630453794,0.24277621879481945,0.1328429981796854,0.23058090322250346,18.77423095703125
2187,0.20533123982441753,0.7352166496288302,0.20329568207541757,0.2792843917259051,0.13484764644488834,0.20229537611770398,19.675365447998047
2188,0.19433987785750712,0.6926497604684572,0.1856787007444264,0.2581031378478594,0.12407111197881274,0.20003219550980647,17.860694885253906
2189,0.1930815934195106,0.7127958393898807,0.1589209763668171,0.23804595679868332,0.14052522343500276,0.19972459919917868,13.2814302444458
2190,0.21871667597953823,0.890297326327505,0.16067179418123756,0.2649040130592758,0.17547758412761022,0.21613696140520477,13.04516315460205
2191,0.20836925182633503,0.8607302708070783,0.15585495461486443,0.2565514283566093,0.14725807702659233,0.21968212531211984,13.769875526428223
2192,0.20343171828811552,0.6709751652755547,0.17370127524776244,0.24474040239458988,0.13391528156760307,0.22811350182539875,16.503551483154297
2193,0.20128368707356348,0.6828234445897947,0.1980506955730886,0.2673039454326181,0.1372828856721741,0.19951666223560646,17.766281127929688
2194,0.19005826613322704,0.6424307003040096,0.18001139164612742,0.24607129288296775,0.13887651582151334,0.18583089924995336,16.82907485961914
2195,0.18389679131856046,0.6832036359363771,0.16016144965253992,0.23488176197880237,0.13060797338634506,0.18591265768153728,11.793401718139648
2196,0.209218913400026,0.865212199521076,0.15945045288492696,0.26027355954723397,0.15906740498054045,0.20842866788826883,12.368544578552246
2197,0.20426583673440682,0.8240949158691943,0.15994583985642985,0.2548242792868248,0.14243718365309135,0.21412727094719214,15.834464073181152
2198,0.19909286821690567,0.628861572749212,0.17420695551321486,0.23915761511835726,0.1311296131137168,0.22350406289342573,21.136568069458008
2199,0.2017896489434066,0.6601712319933283,0.2009495518856401,0.26655264904388126,0.1343095234071507,0.20416713369971518,23.64683723449707
2200,0.1949034375400678,0.6988441602367748,0.19042798248699364,0.2630588650226766,0.13315394302848052,0.18929824619042396,22.406858444213867
2201,0.1960190406744916,0.7254807145148483,0.17380723394040523,0.25261773116532565,0.14241621445494584,0.19339765943711432,14.757589340209961
2202,0.22160340563093764,0.8866684519216961,0.17298197662579207,0.27493718738234973,0.1778228978635727,0.2132442908948964,13.658232688903809
2203,0.21312499447800076,0.8588472203177009,0.1624107456657453,0.26190167061602465,0.15346538122930328,0.22264756444984013,14.66888427734375
2204,0.19772019459831877,0.6204944149383362,0.1660664798288367,0.2309847562730509,0.13453352844555516,0.22390203601659625,18.540922164916992
2205,0.2032952143780561,0.6562272402781683,0.20375892808964643,0.2683972584022924,0.1338583277834565,0.20708820162712405,22.748212814331055
2206,0.1905248055876119,0.6739390628940256,0.19549356596538847,0.2638429226694795,0.11960453531186678,0.18842668963225473,23.729825973510742
2207,0.18128523959580028,0.6886177330226804,0.17737339753028528,0.25040830260062746,0.11405022742561566,0.17963319511548811,16.589475631713867
2208,0.199456710354411,0.8268584096740088,0.1621540901521867,0.25711185008387555,0.14473064688565898,0.19689376862628755,15.845292091369629
2209,0.20504514767090445,0.8023778375511689,0.15741237065531036,0.24955029449757588,0.14353647352076598,0.2199232340789381,18.093284606933594
2210,0.19749555648218384,0.6218054748352515,0.16355625538740926,0.22902042959424387,0.1368550160864782,0.22297176535537366,22.517837524414062
2211,0.20347322223162295,0.6766910093046077,0.19391080544453634,0.26287940599597515,0.13803872721083368,0.20874799458100543,23.738601684570312
2212,0.1926425840959295,0.7013665190888727,0.1880172270738516,0.2613528402188546,0.12462060470045315,0.19204034195941175,21.0985107421875
2213,0.1908594806549349,0.6821116221471136,0.17600698362653977,0.248307646272336,0.1341385751445899,0.19022312806126085,15.246797561645508
2214,0.2090812544840113,0.8420226761750055,0.16097659466196232,0.2582688920209685,0.1648567237615048,0.204738536021367,15.34136962890625
2215,0.2115024777612878,0.8465118769693021,0.15264290752330004,0.251767046015586,0.1569121096809202,0.2240375526090984,16.239858627319336
2216,0.19960768228175257,0.6397926858820363,0.1637213040900311,0.23173150148888896,0.1463331296114872,0.21811457406199045,19.86776351928711
2217,0.20655818736484502,0.6825194087597036,0.20097408473059022,0.26976627387760643,0.14410137336951093,0.20590082391209602,21.936185836791992
2218,0.19015915686310086,0.6818268850666813,0.19369275891633028,0.26342620550923757,0.12460113365547272,0.18341375960440592,20.42184829711914
2219,0.18260291158888353,0.6710683597854822,0.17888428436074513,0.2491962951357076,0.12196125853095888,0.17739514741109652,13.763163566589355
2220,0.20190358409365014,0.7851547362689899,0.16142583272133978,0.2505299617995755,0.14516098317210185,0.2090052794073202,14.36219596862793
2221,0.20376693603933516,0.7833213728410938,0.14664182912692256,0.23759604965751846,0.1433383575616126,0.22704146779143203,18.29416275024414
2222,0.2021816161049481,0.6111519992302158,0.15697568333957124,0.22185801418109188,0.13538151291332148,0.24341485808099558,25.88787841796875
2223,0.2059277221646206,0.7086001477429715,0.1933352216176788,0.2669444967784349,0.13116706479112286,0.21795361957934367,29.9516544342041
2224,0.19510809611984745,0.71445022023704,0.19072521631699238,0.2655430740198563,0.12309845832744042,0.1964859235256958,26.938997268676758
2225,0.18850367537961804,0.6706434802389492,0.17859481996162718,0.24888748571553032,0.13193510441998116,0.18516534092537704,15.781265258789062
2226,0.2028900842146846,0.8192053859586459,0.1629736491686141,0.25672104013861863,0.15335998478592722,0.19912683478140508,13.277079582214355
2227,0.20384112284447298,0.8123887015092764,0.155606709854011,0.2494327086619061,0.1521878259851539,0.20914512000612323,13.76141357421875
2228,0.20371844512542303,0.6427100745621117,0.16805419821149645,0.23586218054729866,0.15253130857691682,0.22038142111122486,19.68631362915039
2229,0.20940017068914596,0.7015502590565901,0.20127355906945224,0.2727416590676148,0.1526545096647273,0.20362882175435199,25.881406784057617
2230,0.19394596044266166,0.6795945521056392,0.18845415077933936,0.25861706525452505,0.12882768290947294,0.1943372365738213,27.03294563293457
2231,0.1900210999978573,0.6391064982882995,0.1813403238064526,0.24673549158957359,0.1360986848159441,0.18757812063927956,19.10087013244629
2232,0.19869679241346613,0.7775163010945818,0.16382173845271183,0.25149239025869324,0.1520359519052414,0.193328879743589,19.265901565551758
2233,0.2013371275778286,0.7884916650628516,0.15670556145842063,0.2469607191161965,0.14653689296192435,0.2093666902706729,22.168554306030273
2234,0.20236890662344423,0.6631455697243529,0.1659432770616653,0.2369721760134778,0.13876529705708454,0.22774420427772965,27.65850257873535
2235,0.2063828655697639,0.7141536955335164,0.20804036780291726,0.28034227176443144,0.13022824834683225,0.208303675219495,27.90289878845215
2236,0.19584106383342403,0.7052660006161906,0.1978756418251921,0.27035997879533474,0.11998770178776562,0.19700870503170323,24.189388275146484
2237,0.19728685102289376,0.6552686823246914,0.19291367501157816,0.25896439034202284,0.1305766597465697,0.2016904214854393,17.343242645263672
2238,0.21120573149664243,0.8139619255480619,0.18447042753459256,0.27439778439365964,0.15153656150843217,0.20812320895143632,18.17566680908203
2239,0.21178436877230553,0.8137509648128867,0.17502777125462568,0.26627394176294866,0.14062972422650985,0.226366306383064,19.297897338867188
2240,0.20322380686965713,0.6724067288111584,0.16773766929693426,0.23983324922753768,0.1524431333584934,0.21562363412877986,24.059799194335938
2241,0.2062471396182023,0.7258175852750532,0.2056350864791808,0.27994687202144825,0.1421669898737455,0.19783000479176177,26.853670120239258
2242,0.19267163652363967,0.7139672860283781,0.18944349800505086,0.264375467722669,0.12700261924122527,0.18739117434660157,26.450815200805664
2243,0.1899623686712272,0.6404864976997874,0.18428917282704646,0.24946021923743802,0.1303302258802106,0.19007987436793228,19.403553009033203
2244,0.20886093294690672,0.7883845795786396,0.17929790449973612,0.2663102866538652,0.1505730682689382,0.2095946300465406,20.350488662719727
2245,0.2130254602759633,0.7903320069635794,0.17950816981376624,0.2667687179780253,0.1437478004086587,0.2266180621705506,24.22027587890625
2246,0.20347209205447764,0.6396915331579129,0.17182190245655807,0.23866042112818017,0.14512099586774072,0.22373951327838265,33.15727615356445
2247,0.2092416829870409,0.7341540063244909,0.216442014358409,0.29040087035356354,0.13036711167165427,0.2072426439422969,36.69371032714844
2248,0.2002192776315476,0.7441957008707197,0.19808961870017316,0.27610477329596556,0.12487089665983483,0.19974930227543047,32.59859085083008
2249,0.19851551805801382,0.6764740620529149,0.18828451348822237,0.2580258775688927,0.14646414391226584,0.19198890586352424,20.370988845825195
2250,0.2174193439898169,0.8163959048262692,0.193807653427965,0.2827488321991513,0.1724405085878254,0.19961252278339187,17.65511131286621
2251,0.21366509508566137,0.8110060959872976,0.18651789757227957,0.27573049734585353,0.15995467197916094,0.20635448832618114,17.553720474243164
2252,0.19701937952176082,0.6642479947860118,0.1630900689400396,0.23468405834660705,0.14641902246878638,0.20833809797137304,24.04307746887207
2253,0.20695621859788105,0.7167574325944155,0.2074638113421398,0.2802200429496078,0.12988820003917095,0.21028488852899152,30.43731117248535
2254,0.19168816334540678,0.7275753619531469,0.1853765584988508,0.2628335304208931,0.1175079682898428,0.1943436378279747,32.99142074584961
2255,0.1829092211551046,0.6650252327924763,0.17491128841708073,0.24492756618499437,0.12652098855746313,0.17798287277688737,24.336816787719727
2256,0.20973878822905745,0.7788931367630247,0.18981511776997584,0.27396912048326855,0.15985942880477316,0.19718168700287153,23.494544982910156
2257,0.2084412034983119,0.7878591377007199,0.1798350223973213,0.2666956102978068,0.15493432220379902,0.20428711868145263,25.839998245239258
2258,0.19274075136765537,0.6273170896336391,0.160158460721906,0.22689540770929645,0.14090522655282778,0.20821151128169357,31.041868209838867
2259,0.20514826636544273,0.7077297398047064,0.20957760049752996,0.2807421918271266,0.1264762773185999,0.20784157200245673,31.055274963378906
2260,0.19138211958230303,0.7520626745337124,0.18273616906355153,0.26406852698786026,0.1215157091040543,0.18891462227090816,28.36812400817871
2261,0.18814851972761695,0.707579923664039,0.17373099372095532,0.24999512656996728,0.1386269052541349,0.17736415140485723,20.541015625
2262,0.21879474690549186,0.8321335609991415,0.19681087432307143,0.2875712581339385,0.17270167330457428,0.19894673898140386,20.90691375732422
2263,0.21358266090673395,0.8146872492500583,0.18054726244717956,0.2711386891333051,0.16490099575513767,0.20581759321613088,20.821701049804688
2264,0.19324550434803803,0.6431561469876899,0.15934232087610378,0.2284585817491875,0.14624100810285537,0.20356299583656703,25.284685134887695
2265,0.20501068612192527,0.7017450565974785,0.20953019822865637,0.27984660656705956,0.13574745014556666,0.20013458721174657,27.594030380249023
2266,0.18922729026129012,0.7521168770638723,0.18347856996635126,0.26471261383742567,0.12168124913307594,0.18228041811935897,28.24102020263672
2267,0.18478412382762446,0.7091160576161795,0.17036236405996405,0.24732717742513768,0.13270045295311794,0.17563216394499365,20.387474060058594
2268,0.2146661940426803,0.8284218305693727,0.1887277047392734,0.28011257985785903,0.16756227670679177,0.19861653412330144,19.505369186401367
2269,0.21088793077083376,0.808238086533432,0.1740694781991041,0.26466499367543667,0.16303932215802203,0.20570053326551638,23.327425003051758
2270,0.1915114315510002,0.6391900764635201,0.1590280744958568,0.22762264620552303,0.14279766285885295,0.2025386663339216,32.63133239746094
2271,0.2073048919649438,0.7357730986399833,0.21624928625259132,0.2904669737365045,0.134380144019885,0.19834722486675474,35.209129333496094
2272,0.19201775221601397,0.8001538792595247,0.18155734592443853,0.26992827925802226,0.1245366582419397,0.18289199828157165,31.589080810546875
2273,0.18922188942544516,0.7497676963353461,0.1746280184516457,0.2567908295778886,0.13902938975358303,0.1740175040049364,18.834856033325195
2274,0.21872924810071884,0.8635134689520771,0.19598324697565514,0.2913447072580011,0.17251517943573824,0.19562803141995488,15.97473430633545
2275,0.21252137266650664,0.8284185642668701,0.17741028727612917,0.27041146970337787,0.1630349528886185,0.20516815506489638,15.367303848266602
2276,0.19170161389302515,0.6385606628155599,0.1625412797287342,0.23054404874113787,0.1405567358080598,0.20246625172527116,22.082189559936523
2277,0.20659363788784144,0.7193217938957708,0.21401678410378966,0.2862032140740727,0.13763327837595624,0.1972755732977886,28.63422203063965
2278,0.18792582976174427,0.7660559796707354,0.17863367245685371,0.2625511449159797,0.1221458050374697,0.18018620063552848,31.8455867767334
2279,0.1819071361852339,0.7269147248484105,0.1632707361673793,0.24379130597895518,0.13125049722112406,0.17208304670932398,23.099803924560547
2280,0.2150033919190343,0.8620308361640008,0.1840342669955656,0.2808909197339135,0.17431185588226247,0.19295689911319047,23.229894638061523
2281,0.20931953710610138,0.8255317964716838,0.1679710751556692,0.261908321057957,0.1623702802678079,0.20438495088173456,24.73067855834961
2282,0.18978283853489436,0.6459179538893483,0.15553413225361762,0.22558896391586483,0.13720018725939548,0.20446229869260674,31.21101951599121
2283,0.20619764552430747,0.7348141627811043,0.20660487372652767,0.2820633435914672,0.135366979745145,0.20179199227230993,32.09823989868164
2284,0.1877936642279097,0.7946656389951774,0.16768297242620875,0.2572519247932043,0.1237507717757572,0.18305521712891043,29.820499420166016
2285,0.18656333554257964,0.749905340957173,0.16842522129273121,0.2514938098162229,0.1372030327575852,0.172939435490012,20.306272506713867
2286,0.22259241021157106,0.8798366674429535,0.19401191074500956,0.2919868759875729,0.18038444061960973,0.19880422605053555,20.701438903808594
2287,0.21463532676031,0.8439711358262023,0.17370791985369327,0.26945980784976603,0.16547243470029205,0.20968143635955172,19.81279754638672
2288,0.1909552318477604,0.6333014518876391,0.15045451131290868,0.21943264568072732,0.13901185553324477,0.21148794901911544,24.42955207824707
2289,0.20383103773403122,0.737965741901504,0.19107624801147935,0.2692033185671971,0.13722936388344392,0.20490675662427493,27.054840087890625
2290,0.18285602762895348,0.7856004920038844,0.15983127189231527,0.2492268747653966,0.12150747668070676,0.1784615184642816,27.225690841674805
2291,0.17914454953776968,0.7405455411108834,0.1554051814057523,0.23899666136362815,0.12847059565702296,0.17111366133579686,17.962352752685547
2292,0.21995248119496244,0.8877867561876773,0.1924577619629472,0.29179047542362296,0.17917417651450065,0.19277525284028857,17.430973052978516
2293,0.21204420610721494,0.8468553176233016,0.1783626964005666,0.27386164228952875,0.16185775532992203,0.20186709387782176,21.975706100463867
2294,0.19277553185482638,0.6655988519170517,0.15853564247500065,0.2309732438238651,0.1377878498688368,0.20746675561965838,30.151714324951172
2295,0.20076452878323545,0.7747049322523629,0.18516299994950677,0.26938327599277195,0.1315239347444655,0.20130864475881477,31.280284881591797
2296,0.18311748667160652,0.8102693054324881,0.16143969952907908,0.25412964322956605,0.11664945645577732,0.1791413761222425,26.137596130371094
2297,0.18226049283355666,0.7733044213193214,0.16224273500656908,0.2495372616226766,0.127606790814379,0.17121530940985713,14.737411499023438
2298,0.22279133213134117,0.9048525775545952,0.1962354358897194,0.29746645612755884,0.18267366053347972,0.19255356128277948,12.220200538635254
2299,0.2128956395739271,0.8466163929363931,0.18240130396845142,0.2772891738210145,0.16325019565921844,0.19999106053309568,12.13105297088623
2300,0.19059510312790265,0.6328781608000704,0.15458420909103227,0.22291191647803774,0.13631618860040381,0.20981194165809589,18.54759979248047
2301,0.1973527804362777,0.7541011607388276,0.17613884658400658,0.2587048914632667,0.13044174140627054,0.20221684243891852,23.931255340576172
2302,0.17718409576621774,0.7670776062289767,0.15139992262371924,0.2393538774244703,0.11698075722735393,0.17546345803675262,24.750669479370117
2303,0.17469514945667125,0.7423628097808902,0.1541155376188165,0.23815086221339848,0.12140670732842118,0.16579878765675382,17.948625564575195
2304,0.21657448281917013,0.8758385098037277,0.1901850514149328,0.2881355454704749,0.1733898754814513,0.19174508441978244,19.249248504638672
2305,0.2117893394121965,0.8267273730120899,0.18380402464313592,0.27565021726727224,0.16158839315399837,0.19983689926492856,21.410722732543945
2306,0.18779946188384297,0.6198965345937968,0.15516190151784479,0.2215525633858379,0.13267665289412295,0.20649795593560238,26.539609909057617
2307,0.19550436829353499,0.7660318839873762,0.17433944924165304,0.25886693991961346,0.12614574701015177,0.20075091174367665,26.90432357788086
2308,0.17950196886229008,0.781996487540836,0.1558687929686066,0.24531560647892509,0.11554792613432192,0.1778748233347066,22.282299041748047
2309,0.18335016709329943,0.7700154584002723,0.16525517617578975,0.2516495022078587,0.13195125723160833,0.1685622949970398,15.243066787719727
2310,0.21917418142332978,0.9112883236017724,0.18948280698554418,0.2925978807878625,0.17824251886011602,0.19074364922217574,15.655426025390625
2311,0.21014079874499256,0.8350526721983845,0.1776539683616003,0.27156806890971236,0.163802661450883,0.19693780748320866,15.072952270507812
2312,0.18535666862116534,0.5797497261046602,0.1508302595731291,0.21210446907763356,0.13813787669625993,0.20326878615604782,18.93230628967285
2313,0.196024584425337,0.7591122789084832,0.16354169424196519,0.24862320633718202,0.13637122387598513,0.20219748073315547,21.934598922729492
2314,0.1750781000957818,0.7497197595532132,0.1446126693071916,0.23105653934233755,0.11969960295913372,0.17455315074961258,20.75445556640625
2315,0.1723685333781793,0.7277482724396065,0.15572299248258428,0.23744088961930174,0.12164909749414424,0.1598097280657279,14.389975547790527
2316,0.21415990636944618,0.884988525743103,0.19082757486296234,0.28999342498869674,0.17099582242521288,0.18557415102880614,14.359851837158203
2317,0.20959155893650488,0.7996321285962745,0.18749637123853646,0.27494433657535616,0.1605597315144171,0.19531072749683687,16.91122817993164
2318,0.1837692201971807,0.5943652999505245,0.1585212787937348,0.2207847103875619,0.1328118480057527,0.1959683669480966,22.734703063964844
2319,0.19399137603240357,0.7713960607969188,0.16538758826368452,0.2519602271970037,0.12809489068981383,0.2009280559381445,23.464941024780273
2320,0.17782145155428808,0.7653854056123459,0.1472490005854605,0.23555420130358698,0.12006194306114415,0.17784486545515255,18.099040985107422
2321,0.17829385311225396,0.7547791770775519,0.16036894393674933,0.24528469152829252,0.12576279001716653,0.16564154970642167,10.910669326782227
2322,0.21472803159000764,0.8930594734099091,0.1857984942569815,0.28683577699311397,0.1751943068629389,0.1862257634984748,10.18238353729248
2323,0.20805244729307162,0.79982068205521,0.17740435648195665,0.26632097442099284,0.16535638111367734,0.1944265439631105,9.63204288482666
2324,0.18027362432433494,0.5666822006126948,0.14862268548745675,0.20834547336249074,0.134698628176105,0.1955888780456498,13.761429786682129
2325,0.18960889968238712,0.7323235715561802,0.15529645130162686,0.23772889705227737,0.12764160420123566,0.20172528552974067,18.00630760192871
2326,0.17091514223533236,0.7196254403356759,0.13680299041901292,0.22006334040710765,0.11623438182906469,0.1757561341905132,17.8648624420166
2327,0.17224377983221476,0.7192852164054473,0.14780136858334092,0.22944191827221325,0.125302356977019,0.1632691536955124,13.389512062072754
2328,0.2086261720925372,0.8509470257080152,0.1765210471438781,0.2728676155101834,0.17125541394436702,0.18511432248174567,14.472622871398926
2329,0.20144341729587156,0.7698436398879742,0.1701392174572823,0.255811277804524,0.1617191018052248,0.1886303154051166,15.369933128356934
2330,0.17915832270799562,0.5593514256707488,0.15130559738603958,0.20959785856956947,0.13196323405081456,0.19381943140415187,17.8554744720459
2331,0.18832032127378676,0.75142432673564,0.1570165047612014,0.24193190790040695,0.1207099928126575,0.2005692203789823,18.035966873168945
2332,0.17448007741142912,0.7466268706774755,0.1445172477982429,0.23053290820956182,0.1180867525102836,0.17477800975156532,14.191813468933105
2333,0.17739646084811966,0.7587626439238858,0.15482502111492147,0.24110182437334496,0.12668414995517446,0.16602753979487464,10.465437889099121
2334,0.21174061189473384,0.8850353724360354,0.17785775092083778,0.27888312542300886,0.17343196622098084,0.1865109775220271,11.796186447143555
2335,0.20032953407833629,0.7696670165708057,0.16389160192394703,0.25043094687349826,0.16432501493059243,0.18799475213684538,11.688943862915039
2336,0.17550687228017792,0.5389104201027988,0.14367550380052493,0.20013763470084975,0.1322489458656658,0.19180564077478812,13.827388763427734
2337,0.1813544001973746,0.6829227561097253,0.14398963981202628,0.22098008499741187,0.12340309012293063,0.1973893223124805,15.493803977966309
2338,0.16950705781626121,0.6936314219556919,0.13450285407992826,0.21437836377646594,0.12260666763792714,0.17128250650712434,13.778656005859375
2339,0.17018313911553148,0.714327152895725,0.14081232072406916,0.22274301103430574,0.12396089222765318,0.16463771721349757,10.202398300170898
2340,0.2047222206308064,0.8524070121393785,0.16872036721405456,0.2663898879176722,0.16718298564342557,0.18360984236875705,11.271106719970703
2341,0.19095738367917026,0.7301829193411202,0.1518146997202798,0.23443873109468555,0.15219179361622417,0.18683109599567221,12.76565170288086
2342,0.17436043165644047,0.5320871838604981,0.1422792170927538,0.19796606948814582,0.12877358539229541,0.1935939890348252,15.806316375732422
2343,0.18072997524075285,0.7085172959075612,0.14211671782091032,0.22303108611900332,0.12094504650788933,0.19602831586353925,16.101276397705078
2344,0.17500397379957658,0.7459895083859461,0.13920816149412804,0.22589121105010207,0.12522485548461265,0.17403436973096026,13.160820960998535
2345,0.17797877031673154,0.7528710887241556,0.1469408730746655,0.23350233245316407,0.13391329124833723,0.1679529476321981,8.749082565307617
2346,0.2120111870339805,0.8890091633149547,0.17326995884484356,0.275518416626288,0.17962334581258263,0.18478172220943453,8.249078750610352
2347,0.19790648770633795,0.7343258295812065,0.15803013962800685,0.24035809533560681,0.16672083145769556,0.18804878024828986,7.639118671417236
2348,0.17669037540680096,0.5172786379365848,0.14303721033457523,0.19650027142057658,0.14169091978227313,0.18998124006620914,10.312920570373535
2349,0.18128452863217978,0.6625559125046918,0.13974127199039327,0.21442907777815018,0.13236854024038178,0.19508453797227893,14.649937629699707
2350,0.16731911670995414,0.6962458148411974,0.13072687303768926,0.21151529329533325,0.12076347310725156,0.16938365035011213,15.278480529785156
2351,0.1652223363516463,0.7334627722837399,0.13475542645608884,0.22028504728861042,0.1130266657884665,0.16271367602458506,13.6364164352417
2352,0.20439193853476256,0.858215763446933,0.17543451959325881,0.2729746972866408,0.16218684827703847,0.1813114786023777,14.20136833190918
2353,0.19001288231212313,0.7146463508375566,0.15569422832968655,0.23554453154509655,0.14734580728772156,0.18750637987962276,14.64349365234375
2354,0.1693921087258755,0.5276173262821873,0.14105073436729768,0.19627453321228192,0.1263342746466448,0.18354559211959687,16.887731552124023
2355,0.18423233859457142,0.7090296109044967,0.15038277930322974,0.2301894695319822,0.12512841655978596,0.19573578080477425,16.805648803710938
2356,0.17505937845357689,0.7692769924582887,0.13797208191787058,0.2281584977093589,0.12418034011901437,0.1731168076475098,13.923328399658203
2357,0.16966754687586352,0.7811565037632728,0.14649246513325814,0.2371587563661174,0.11273221594559864,0.16043115313587322,10.908061981201172
2358,0.20214646011544343,0.8840061759255935,0.18096169077443358,0.2813966172245993,0.1477806009713756,0.18037269939599138,12.67035961151123
2359,0.18341151027458186,0.7121086064679093,0.1557119082604693,0.23519715086153217,0.1306178621571377,0.184293516863764,11.799392700195312
2360,0.16419046116215757,0.5181484805066536,0.14178199024462798,0.1955486317106316,0.11601887352072947,0.17890220111849237,13.4960298538208
2361,0.18172016701809487,0.7057978752446474,0.1531257019044143,0.23207886952444762,0.11836092241948774,0.19309564134881746,15.466153144836426
2362,0.17322547080839892,0.7388106940546513,0.14181535247688978,0.22710040127371287,0.11794145416138843,0.17445842121738347,13.939602851867676
2363,0.17083396550076205,0.7501727924869024,0.14413504843512046,0.2307118690139464,0.11605567979422142,0.16637179991994877,10.513609886169434
2364,0.20819531796333202,0.9004245159076203,0.16728202842034945,0.27201666948995956,0.17391855968228004,0.18234379887345337,11.754305839538574
2365,0.1835708846404488,0.7152381517381254,0.1428359672249615,0.22460770786969922,0.14920954965536518,0.17772983242680276,13.016279220581055
2366,0.16700517552451843,0.5313743144889247,0.14418980367052311,0.1995018766445805,0.12256266560678594,0.17745775822248,15.276652336120605
2367,0.18044927023599996,0.7116822914394902,0.156869887342286,0.23612880221331517,0.11693559362673023,0.18730414678896018,15.014406204223633
2368,0.17234923532689614,0.788535883729921,0.14068680359880828,0.23323667218896724,0.11978833933260247,0.16506351206759087,11.159005165100098
2369,0.17317001617505567,0.8057439681298936,0.1513388251586517,0.24482527415454342,0.10731409777264689,0.16809559404511157,8.292671203613281
2370,0.20631336792179364,0.9453643798661497,0.18720081435376149,0.2955098951412456,0.14676817886123864,0.18036844703275884,8.54171371459961
2371,0.18603048880347892,0.7445441855380017,0.14591795425424878,0.2314359872947849,0.13492726510751946,0.19101599835755073,8.369002342224121
2372,0.17330717365845244,0.5584263557275734,0.14560222587493668,0.20457710156817052,0.12369747310454651,0.18935447472211686,11.172514915466309
2373,0.18133503242555865,0.7084082208524954,0.15269282253115057,0.232080736577057,0.11946479475493375,0.19106899925479437,14.544960021972656
2374,0.17141127185794497,0.7526539199026456,0.14693937446745398,0.2334700238153385,0.11372208825341458,0.1675878995491897,14.677278518676758
2375,0.17627269072258933,0.772226822945673,0.15665713409431728,0.2445956610730824,0.1094317298729423,0.17497593240934908,13.524368286132812
2376,0.20120824848715896,0.8656411972952893,0.17064408748652923,0.2699293888877807,0.13714455521430666,0.19713298225036072,14.018209457397461
2377,0.1803098287200533,0.7028917920754569,0.1346747439892513,0.21584860800156638,0.1279271905006282,0.1950482052907263,15.145665168762207
2378,0.164345574791556,0.5355938512818136,0.1308966062961883,0.1887104984369919,0.11475529871878162,0.18641775816547723,17.10688018798828
2379,0.1723666817212341,0.6665494749917883,0.1495336430843063,0.22339304764251805,0.10792385583449722,0.18410608419100546,16.275968551635742
2380,0.17869682855372893,0.8124434258076402,0.16049135111428817,0.253627361784767,0.11212401167057462,0.17138382674933056,14.116868019104004
2381,0.18401909382689993,0.8283808917596079,0.16710907907865033,0.26157648089021573,0.11586839387439489,0.17578824260494055,12.053780555725098
2382,0.20089516604945004,0.9157049611087424,0.16945900252210774,0.2760655680344842,0.12403372996865707,0.20237482088323897,14.292604446411133
2383,0.1782349342079922,0.7216608655056818,0.1314899592567698,0.21580008872090004,0.11331291989299018,0.20217218653482455,14.080002784729004
2384,0.15880297696476217,0.5407238201738365,0.11790316359266444,0.17830611453283188,0.10794487108254838,0.18623857423963827,14.6113862991333
2385,0.16859457600341685,0.6556728555867115,0.1390221456138255,0.21282938989566635,0.10925306839052366,0.1818129330089801,14.774321556091309
2386,0.17415939832708835,0.7853093978647578,0.15691757757937694,0.24668783762014562,0.1087646626727032,0.16791740764325028,12.96032428741455
2387,0.17922426863343646,0.7874194841294349,0.1567560871824306,0.24685085817485977,0.11537540465494171,0.17591875876587398,10.02405834197998
2388,0.19782867236710666,0.8878570206471245,0.16516281809364095,0.2684048470298529,0.12273141037797829,0.20178462377769107,10.663634300231934
2389,0.18111807876800595,0.737591771164197,0.13476684225562094,0.22088468924256036,0.10884860138228684,0.20955808731527503,11.916464805603027
2390,0.16280640906647784,0.543107007179958,0.12157764373224812,0.18179612422477812,0.10467445403077905,0.19705586895920152,13.497325897216797
2391,0.170874323566518,0.6643346603279645,0.14653028863230366,0.2205023417316838,0.10183464739899602,0.1878595243185796,14.540876388549805
2392,0.17680613132076173,0.8325184130726775,0.16880778642625008,0.26362359023288257,0.10481079771973582,0.1638367716735537,12.030463218688965
2393,0.18188634388568942,0.8475294971553463,0.17089732992070986,0.2675590680970865,0.10696954632682967,0.17247490806471927,8.93346881866455
2394,0.19821843101587958,0.9454767332034073,0.16791656143410807,0.2789965859725794,0.11585284371106803,0.19960743432047742,9.206775665283203
2395,0.1854720132943899,0.7832004472029526,0.1380328117598375,0.23019961682313966,0.10819959307020041,0.21394872790289965,7.868325710296631
2396,0.16082519026993222,0.566488438299046,0.12006714540402937,0.18384161581760314,0.10078306618459096,0.19322267649039376,7.816709995269775
2397,0.1725188341793748,0.6560678924993071,0.14392983792622407,0.21709241715095023,0.10673413996014317,0.19107855652107394,9.381221771240234
2398,0.18907825264127529,0.8244901538483163,0.17649304517672523,0.2690640607012383,0.1119605231080262,0.1865686839304006,10.46364974975586
2399,0.19244860698070043,0.827943759847903,0.1713268865616848,0.2651292970311445,0.11794168061829881,0.19404656375366325,10.446608543395996
2400,0.19978412239664134,0.913844113375683,0.18851391941108905,0.2921325185488882,0.1187812537664604,0.18985678581483362,12.43511962890625
2401,0.18211558891280505,0.7274366325695354,0.14333409459148613,0.226777314302636,0.10980105710606448,0.2063117945276009,13.140666007995605
2402,0.16762615190324473,0.5813319174238646,0.13229549791230175,0.19644355784252499,0.1067831359021458,0.195648560707336,14.147812843322754
2403,0.1815429719734421,0.7240795179071484,0.15306685538141043,0.2346400928850873,0.11583024589180402,0.19258162649718588,13.811375617980957
2404,0.19356372442072176,0.8527581478699844,0.18188944965899223,0.2777278351177054,0.11133832040833878,0.19186735607169605,11.547587394714355
2405,0.1961130534786277,0.8510503549178055,0.17881438141975725,0.2748480919194784,0.11534436146014033,0.19789250035905975,9.75792121887207
2406,0.19557583562939482,0.9109144570262071,0.17809202797329649,0.28278094640942664,0.11578201576150111,0.18909095608127402,10.612526893615723
2407,0.18047131342146602,0.7433465250591359,0.13895111288955697,0.22529331462806826,0.10510579939203457,0.20719688714144163,11.035482406616211
2408,0.16805113184570628,0.6191918405020738,0.12997394618431787,0.19986221680114014,0.10897305401684938,0.1919097506099514,10.944734573364258
2409,0.18292359908070183,0.7079129143959183,0.15413570983985783,0.2332467390621522,0.12308284891138307,0.19125150799508664,11.216779708862305
2410,0.19136834146169618,0.8145079869415024,0.18190116570834478,0.27227356874165304,0.11316699858610778,0.1890024426078738,10.775432586669922
2411,0.19531340245680484,0.8072996402050553,0.1812028747875897,0.2706452698472276,0.11485475976618231,0.1997993308444796,12.487897872924805
2412,0.20177834161299077,0.9301985169505596,0.20219974297291557,0.3061995678268647,0.1175399086456698,0.1841183975222569,12.431427001953125
2413,0.1875996338933539,0.7699979916507904,0.15424110295492413,0.2422063727686193,0.10813454044950024,0.20935069414086874,16.004850387573242
2414,0.16718236896927643,0.6330804716115142,0.13268379588703608,0.20416903527624725,0.107160679363177,0.187338014356014,14.293920516967773
2415,0.16775942709539537,0.6359675666558153,0.14285723242288487,0.2133015658847321,0.11106540459827528,0.17751732533970577,12.967401504516602
2416,0.18223156480317756,0.7451498548184949,0.15831929903288566,0.242152235573687,0.12028249202054367,0.18400641656378652,9.288732528686523
2417,0.19334420138367345,0.7352625740826395,0.1613843286264224,0.24336693512016774,0.1384061243476276,0.19764512677078105,8.680838584899902
2418,0.190549861879152,0.7442504812310053,0.1761218880511812,0.2572831156482989,0.14251568419489824,0.17418817030487033,8.512880325317383
2419,0.1990649434152076,0.7184857950447356,0.16493165586319383,0.2440108186034141,0.14679806429135597,0.20547082185889706,12.737848281860352
2420,0.16657778833950568,0.5931645371126588,0.13360735414688826,0.19925838028485549,0.11244807133552406,0.18534577276580855,9.987114906311035
2421,0.1538142619141257,0.5982707814814913,0.13682725639920276,0.2027477599823868,0.10202762752733492,0.15631075619283918,13.450750350952148
2422,0.15251471105371375,0.5431324591520894,0.1378541803731087,0.19575107734153452,0.10276450023650888,0.15821432501692478,12.819189071655273
2423,0.17873979785923505,0.6533027066868984,0.1503671692812539,0.22221510319634596,0.11899828011137006,0.19297273371864487,13.919286727905273
2424,0.17723387888037248,0.6622608111643483,0.17001420422279975,0.24033514807159242,0.11820431712515352,0.17367113487387165,13.357576370239258
2425,0.18148378425190045,0.6135365797751972,0.16253066630891397,0.226960082518383,0.1289744613599391,0.1876376807991944,14.454547882080078
2426,0.1563993957197408,0.5306442731355332,0.12668097631300582,0.18439001871622399,0.11281524875321322,0.17004372919352959,13.099781036376953
2427,0.15212864042619909,0.5332562737307508,0.13652441393946424,0.19320039390964805,0.10550860906058672,0.15698338357309205,14.519575119018555
2428,0.16242401283265226,0.6179097905342057,0.14308692422960043,0.21091876227311548,0.10736803295472079,0.16816508946543698,12.573225021362305
2429,0.17716701979020164,0.6600456419573557,0.14522069459392228,0.21876711564584134,0.11665950378378666,0.19371101242212996,12.207258224487305
2430,0.17868869637157928,0.6274345857236248,0.17749105328003512,0.24176870077197649,0.1261435262222421,0.16947071640190178,12.344679832458496
2431,0.183570511320519,0.6001438935863601,0.16776890672276393,0.22953676198899195,0.14292563552469903,0.17891430830694754,12.952417373657227
2432,0.16247431545406824,0.5647121770020236,0.1379118035732785,0.19888328549167067,0.11724338798187071,0.1701935282093389,11.42273998260498
2433,0.15425863731698788,0.5335811575167932,0.13970949605849603,0.1959768762668242,0.10434846071382167,0.16142658276365152,12.511443138122559
2434,0.16216163407234419,0.5983849690303319,0.1436867365225008,0.20864362688076238,0.10454614173396053,0.171903446161064,12.182689666748047
2435,0.17721506042528137,0.6338513337039846,0.1449988356107549,0.21483490676693057,0.11697292227142245,0.19700956576096484,12.8500394821167
2436,0.177302543748249,0.6183981417740025,0.17924228567162062,0.24197883654338945,0.12246654742949659,0.16869228433140945,13.333727836608887
2437,0.17913507036619414,0.5715820658904656,0.1611158025557167,0.21975384017496652,0.1390536086166613,0.17866492581435955,14.827230453491211
2438,0.15566735939187046,0.5111141318692545,0.12930827755537685,0.18385197102878797,0.11352352371025888,0.16788168043097773,12.799101829528809
2439,0.1420201832495556,0.47214209374743665,0.12292083666334729,0.17280958767536006,0.10191167917584518,0.15017439544147332,12.161812782287598
2440,0.1539870535015879,0.5691495022175889,0.133957644362928,0.1961279097707367,0.09934360553822193,0.16492682123402796,10.41923713684082
2441,0.17721513219679733,0.6257362620804447,0.14646645522216195,0.21493357048763093,0.11501694555515231,0.19863491200375732,11.641905784606934
2442,0.171320596406695,0.5669339659085334,0.17616591468370246,0.23198992200153548,0.11249098309099069,0.1697108481624509,13.195240020751953
2443,0.17406449812241456,0.5102197172355283,0.15896230670967512,0.209141936784797,0.12752290224485996,0.1840956356856902,12.515616416931152
2444,0.15788168493138166,0.5193439216493414,0.13625340457358295,0.1909806212986913,0.11035349099986,0.17050728530006715,10.941070556640625
2445,0.14454446747121213,0.4844737756581846,0.12920922252508263,0.17996130154409723,0.0967789767626089,0.1553495420274655,12.103292465209961
2446,0.1555380225257781,0.5258965355344891,0.14289891492623338,0.19761286072741277,0.10215130054494335,0.1654359208325782,13.000689506530762
2447,0.18003735956621691,0.5927626553495609,0.15763427431182062,0.21979547160292637,0.12182094515642897,0.19618837414266058,12.394320487976074
2448,0.18287373315422897,0.56666549860135,0.1937778164813075,0.2470474853555993,0.12430004867344276,0.17797367389871782,11.715494155883789
2449,0.18315394415951636,0.5015427067759978,0.16953856077972307,0.21696772449347654,0.13401896897542928,0.19655998965337737,12.181587219238281
2450,0.17212350414750022,0.52936268031887,0.1443932131603508,0.19938885132585354,0.12447475317544701,0.1899589824669876,13.954156875610352
2451,0.15140225623493778,0.5132734821225571,0.1308597604976801,0.1854902921583768,0.09843589036261734,0.167920794940209,14.725699424743652
2452,0.15619723872431993,0.5508079360758741,0.13755093349943562,0.19658764815321256,0.09899091103353176,0.1709111672034785,13.95051097869873
2453,0.17312820140390411,0.6015899140197116,0.14657173474138888,0.21157433178114923,0.11469301397564466,0.19061862632354168,12.534444808959961
2454,0.18370036191034586,0.5873916151007367,0.20533297091049815,0.25991277722338935,0.11086565966658656,0.18074486297472214,12.159000396728516
2455,0.17558801921158684,0.5240385287372595,0.17752226774134452,0.22702459074076092,0.11807339670352535,0.18090631381811334,11.845298767089844
2456,0.16456119008509018,0.5435117903471302,0.1445337415383925,0.20153060565392647,0.1180629760289522,0.17289888876147919,11.732077598571777
2457,0.15372201547091582,0.5299775209103696,0.13643352223596214,0.1926540934751632,0.10491472682678242,0.16236282478081607,11.795186996459961
2458,0.15900774205342103,0.5230112385300567,0.14119290647786062,0.19573838248531722,0.10032915269726463,0.17821219736214866,11.80000114440918
2459,0.17297652279644057,0.5238515364096855,0.15236103445076335,0.20543110615918078,0.10830041554071039,0.20117035620280677,10.906970977783203
2460,0.17012045810225948,0.5121500845192315,0.18145227411783213,0.22869481846088918,0.10827414858036752,0.17298341362011388,10.087238311767578
2461,0.16900658174771752,0.49699451244835735,0.16950943875215185,0.21629302070875264,0.11375861968708072,0.17597291445986898,10.691816329956055
2462,0.16008884191643838,0.5047658892509344,0.14666467145772774,0.19782198828532868,0.11084939804706827,0.17015685222935825,11.457646369934082
2463,0.14662685241981285,0.49605176735711204,0.1324236788765475,0.18437054865948527,0.0990695697833477,0.15521374051700643,11.723763465881348
2464,0.15556382112851802,0.5296440865315624,0.13956466718179986,0.19529029851748023,0.101273971766611,0.16830677160484475,11.583331108093262
2465,0.17664718474166,0.5221874980032251,0.15479468208418726,0.20727937007262123,0.11654806700558182,0.20243075059613733,11.392136573791504
2466,0.17296430415312744,0.48998250545992494,0.18756103532186166,0.23076410248444215,0.12088201793952058,0.16796148105013314,11.865930557250977
2467,0.1794166713576177,0.5134996826807094,0.19290363477655412,0.23870307019143344,0.12498890972829432,0.1751653638036869,10.986251831054688
2468,0.1716217946047468,0.495409988565978,0.1617711872205808,0.2094338731270661,0.12592678885593372,0.17851935592792886,10.80975341796875
2469,0.15866465265244853,0.5201939509267862,0.14548408170522598,0.19901406302259175,0.11413910080145537,0.16231877644819226,12.267297744750977
2470,0.16314231210940722,0.5406888715108071,0.1540020424188501,0.20924301800341535,0.11249431303262623,0.16712119364433348,12.681074142456055
2471,0.18048708893273022,0.5068435217186291,0.16559047253392914,0.2143409081317434,0.13129168788618958,0.1939109730493167,11.093725204467773
2472,0.1656999552714703,0.4835725481915036,0.17791227435543175,0.22157802776058486,0.10623787634883443,0.16883596090080144,9.796452522277832
2473,0.169878845668981,0.5179684437565539,0.1848089510293541,0.23240316427609692,0.10166970572047351,0.1748530643426987,10.661025047302246
2474,0.16343556388022945,0.48384149499513,0.15749584978770742,0.20411665624591063,0.10948569290212064,0.17504574516610363,12.732718467712402
2475,0.16229462351148324,0.5606895573395909,0.14878098833391104,0.20762506962043673,0.11188723598238089,0.16673694725411353,13.483430862426758
2476,0.1653343332983304,0.5701854184832984,0.15665735517474075,0.215732792790249,0.11084203866288056,0.16891643904892023,12.8532075881958
2477,0.18376937302241678,0.5694132636761244,0.16915578149331,0.22633542180514063,0.13306999333707173,0.19088603756221023,11.5275297164917
2478,0.16836187960338422,0.5004215898442638,0.1748911119082381,0.22139546589909892,0.11236695464273305,0.17095305093520363,10.3744478225708
2479,0.17330867357785776,0.5088561683185788,0.1862098277067771,0.23230216207989166,0.1087092773893482,0.17821384280352398,10.349867820739746
2480,0.17077198914438674,0.5034057984668836,0.16443771887676614,0.21286173024678293,0.1119738310028701,0.18539185405361713,10.734139442443848
2481,0.16026596619786398,0.542304746498284,0.15299158197247273,0.2086077483333029,0.10743304608530521,0.16419571192784382,10.947026252746582
2482,0.16536741326581572,0.5925466676142477,0.1598177054757885,0.22163612863842555,0.10343296568561614,0.17032492894745677,11.387301445007324
2483,0.1795048637539133,0.5585262089982512,0.16872404761492024,0.22441007066968174,0.1196825136356243,0.19255736405611884,10.114025115966797
2484,0.16353626126512347,0.49997549512470524,0.18030196546270383,0.22596961255727546,0.10041553800962696,0.16413771173304995,8.988850593566895
2485,0.16901864967236674,0.5072033385950754,0.19010357275868095,0.23540353930673732,0.09950872875815826,0.17175305204222494,10.524770736694336
2486,0.1654736585996666,0.45047332646418226,0.1630993133357199,0.2041527437826431,0.10969575374539695,0.18043512581204812,12.308723449707031
2487,0.15640068101741617,0.5281298316862567,0.15070087866737691,0.2046193005272169,0.10495645765547441,0.15922308438803956,12.801349639892578
2488,0.16516044732000232,0.5915728805872127,0.16284383010451822,0.22409083731633175,0.1053492360260857,0.16593116595539106,12.281599044799805
2489,0.17278479337997868,0.570814059958541,0.1606111311476733,0.2192115495492258,0.11142574299298477,0.1858505508205071,11.79007625579834
2490,0.16286230598108237,0.4877780092671728,0.1786235033627328,0.2227884327776528,0.10036426659307032,0.1651127294985938,11.664886474609375
2491,0.1689366749561382,0.5004562754813626,0.19129218451203145,0.23545848322193588,0.09802271860754012,0.1727798045285886,12.597616195678711
2492,0.16924028212800743,0.4954904087508238,0.166076883734424,0.21313595873676686,0.10755528270369354,0.18480593959161762,13.977587699890137
2493,0.15595009698587114,0.5167471379541478,0.15022245457020747,0.2025831236250561,0.10173525415110467,0.16258418615700504,15.493019104003906
2494,0.169066342128472,0.5951119482720102,0.16837026719155154,0.2293333644887599,0.10347763674030627,0.1737228147778651,15.229364395141602
2495,0.18041315802869856,0.5372263699027993,0.17234401058785412,0.22447006191856061,0.10673333583297386,0.20633321154632847,13.310188293457031
2496,0.16431398461217553,0.46071415503065277,0.18013580431055207,0.22021842584199502,0.1003869209146493,0.17133377927141896,12.023938179016113
2497,0.16836772834481972,0.47463170043044556,0.18274415179712178,0.2244423730304537,0.10048220998325208,0.1787022428112616,13.654873847961426
2498,0.1730226226434417,0.5649712717719251,0.15776907205818627,0.21594081487443467,0.11145253627966634,0.18934303000962627,15.183720588684082
2499,0.1553735134202113,0.5271914863116687,0.1383631482129463,0.1939100536556209,0.11684258124121095,0.1553686063708532,15.64281940460205
2500,0.1632190549426998,0.5823647720259533,0.148449820591787,0.2104376707966679,0.11936579100324607,0.16027437201749978,15.509498596191406
2501,0.16933801004445906,0.5656421935347007,0.1570456389223696,0.21541657529555974,0.11381262884829037,0.17760397399639358,14.553426742553711
2502,0.16643657289932878,0.5068487792002937,0.1889117280442417,0.23433130678082054,0.1011305414835775,0.16417145824180585,13.614601135253906
2503,0.1683540924518461,0.5169423530268823,0.1933622453485534,0.23958797501688608,0.09890144318713652,0.16679551331405695,15.04116153717041
2504,0.1683707275854742,0.5320146603846244,0.1736887320273511,0.22487815036410444,0.1045258986821335,0.1747909579445959,15.46737003326416
2505,0.16006599078152248,0.5420648439911564,0.16752103853337383,0.2210272964559142,0.10612312209686703,0.15392485841550319,15.55520248413086
2506,0.17939995159439223,0.6077519304531027,0.18781096377926695,0.24780253044695774,0.11921571105388842,0.17220890557133822,15.261221885681152
2507,0.16908717799028772,0.550488696708431,0.16077494473698484,0.21644833787576287,0.10669234046258877,0.18224164592723358,13.28237533569336
2508,0.16014950164625918,0.47224654088118356,0.16943330142913202,0.21269233563656792,0.09965476183470623,0.16710741923984784,12.06411361694336
2509,0.16173768807909464,0.43192814278602426,0.1822301239825074,0.21790126952586694,0.09814914826350003,0.16823452665181424,14.42739486694336
2510,0.1662083612313915,0.5223444956997728,0.16082731170422834,0.21247262370359182,0.11091475019794084,0.1741090412224855,15.446588516235352
2511,0.1576128496611192,0.5633399114515147,0.1458125907755026,0.2054593508720758,0.11282767007914356,0.15493419323576085,16.596683502197266
2512,0.17486390837183463,0.6374622127639744,0.1629035150646426,0.23069761473597566,0.11623089167709064,0.1773133049111122,16.377729415893555
2513,0.16901910003709555,0.585086206167078,0.1495970081845984,0.211809750753524,0.10398602140174283,0.18848122446615428,14.855385780334473
2514,0.16080551277698862,0.49890707689635205,0.17453600363248103,0.2208747283844626,0.09440269407387547,0.16634741548567286,15.246326446533203
2515,0.1675931318376679,0.4908435940472712,0.1928532054183245,0.23542326093674545,0.09792647812698956,0.16920009087281862,17.63426971435547
2516,0.17053067777991357,0.5539516937245692,0.178676128416724,0.2322869234607019,0.10857248804624975,0.17070737882617965,18.908586502075195
2517,0.16182871809794291,0.5746045675455298,0.16712420702781505,0.22533568710177435,0.11124163497951393,0.15052381794821584,22.174663543701172
2518,0.18299435654432902,0.6526592254645119,0.18308374623744852,0.25016595755560045,0.12657650769146925,0.1735848234057188,23.586278915405273
2519,0.17228557595992225,0.5666007231951645,0.15849360653390507,0.21679462319979928,0.11963953831034416,0.17940544256841068,19.248661041259766
2520,0.17181468081233545,0.5629831451646404,0.1736121366777008,0.2292365664615493,0.10999067501100648,0.1756665359454362,17.95343780517578
2521,0.17548970916401083,0.5489404639814424,0.18728731541161248,0.23895205092158817,0.1099274842712005,0.17732710690733972,20.27756118774414
2522,0.17682400899455777,0.6478967305572052,0.16729491394585919,0.2359523163189086,0.1279371335575812,0.16786275609310528,23.950231552124023
2523,0.16405668678553087,0.6248768758700534,0.1526615839465285,0.22012091136417491,0.11990101084392046,0.15363670672812643,25.83312225341797
2524,0.17234265874678245,0.6764673228583311,0.15540835537430586,0.22984535072916662,0.11523917544515735,0.17199335115111825,25.69200897216797
2525,0.1666673329839136,0.5913381425926675,0.1539990625908676,0.21647607401969618,0.10991106852269457,0.17274641598117052,21.923280715942383
2526,0.17234278046018645,0.5622895647808775,0.18872421281994955,0.24209069167151068,0.10526690182483045,0.1700047519562142,20.158226013183594
2527,0.17769044109099122,0.5641807920224005,0.1980385642258836,0.2503445967682431,0.11123590914307704,0.1722657703278207,21.789173126220703
2528,0.17913576112669147,0.6529676473687556,0.17925393550006616,0.24692732290987893,0.12427310684393354,0.16782296706381555,23.73978614807129
2529,0.1696529416558552,0.64881333145752,0.16096426865051816,0.23065699190866126,0.1215171743333059,0.15839319409188057,24.420398712158203
2530,0.177495909533365,0.6645472010557809,0.16271645091371542,0.23440655807686767,0.12307164495400705,0.17532032356473845,24.095518112182617
2531,0.17126161667148096,0.5922221772269508,0.15555568325892297,0.21793661096864123,0.12097970571993424,0.17441766874406914,20.123258590698242
2532,0.17229276686992265,0.5411278581866129,0.17214841397988936,0.22485976315227843,0.11352730130986873,0.17771642748790845,16.87993621826172
2533,0.17606104975639394,0.5256405773244133,0.18401758561072945,0.23282087014125571,0.11545248730683019,0.17942869906300812,19.261219024658203
2534,0.17424803134839292,0.6020312953348563,0.16171267049331567,0.22461533118496435,0.13078174051589947,0.16820964846982475,20.88104820251465
2535,0.15616508923784045,0.5555542623902092,0.13892204949593115,0.1984409370522566,0.11920141066254246,0.15151694115361208,20.314043045043945
2536,0.1624532129141584,0.5901381386993246,0.14027594998475448,0.20454197694397883,0.11578898973662602,0.1664567396684064,19.07905387878418
2537,0.16733255806855757,0.5585306719302385,0.15378143241216338,0.211602752343317,0.11733441455027778,0.17234451365663794,18.684232711791992
2538,0.17465370441415837,0.521578849341525,0.18123902025665836,0.22985899584021072,0.11375268225957284,0.17963746880162484,17.73297119140625
2539,0.179727173148163,0.5271830143275544,0.18452967681375418,0.23348015360143992,0.11437254743322842,0.18987861275211343,19.72261619567871
2540,0.1797358763031241,0.6048012857225684,0.1727641984227686,0.23448378232273998,0.12719677792532533,0.17780316961653408,21.127201080322266
2541,0.16300076926914825,0.5997362975235451,0.15083981024965998,0.214967879860215,0.11543888856410518,0.15914619311887754,24.537324905395508
2542,0.1684201897995784,0.6427194624661026,0.15117915007958563,0.2213991947062309,0.11747979093223725,0.16663640951518097,25.242019653320312
2543,0.16888951551894313,0.6012909717838537,0.1539100074511448,0.2178215737843889,0.12011655744970563,0.16875030284726084,20.650772094726562
2544,0.1710778853064866,0.5528786789245834,0.16889351371214598,0.22374853731392275,0.11133070885100398,0.17726984419852726,18.4019775390625
2545,0.1785236136201448,0.5216498888000998,0.1800907861090314,0.2288849436363269,0.11124836306108617,0.19332329409516172,20.320995330810547
2546,0.17263417334026665,0.5943978973128947,0.16266425911520582,0.2243404931434471,0.11643374170735764,0.17656652119127916,22.887516021728516
2547,0.1540131075425695,0.5554742637787781,0.13616506339444054,0.1960663777350602,0.11373457432944815,0.15246021268562135,25.102928161621094
2548,0.15802930652816283,0.5823748231376982,0.14214150538308767,0.20503197934803202,0.11071024949924199,0.158306142711083,24.804771423339844
2549,0.16400098526917928,0.5954612703907811,0.15105451839832504,0.2145411972543902,0.1118968138124109,0.16536944980679202,21.99687385559082
2550,0.16874621452207408,0.557758646031973,0.17461730055816174,0.22935177848299196,0.1037518769046504,0.17258639147151666,20.28071403503418
2551,0.17860826233179633,0.5584401820318045,0.19231915332112456,0.24462215742265023,0.10366091886555664,0.1864250296602589,21.45927619934082
2552,0.17460760660232613,0.6259265911139641,0.18287200225802905,0.2461655149517341,0.10769546736290936,0.1705425586310839,21.56804847717285
2553,0.1539770891524768,0.5935785303873675,0.14692494258978936,0.21073259798944338,0.11128159565776582,0.14167457572800318,22.65581703186035
2554,0.1569875231838006,0.6097765915401353,0.1464647761441924,0.2126521783436128,0.11200058869856891,0.14764451759354258,22.30202293395996
2555,0.16652545432410013,0.6066347231336708,0.15690104397211677,0.22114871242376738,0.11958474221823481,0.15980322657952334,17.61992835998535
2556,0.1680855316840827,0.5373539002227852,0.17645859867400246,0.22801507032382856,0.10637489457755289,0.1696439928425187,15.890691757202148
2557,0.17376403037823165,0.4987813121316526,0.1796755950161706,0.225262126032668,0.10537541005165792,0.18854323946635182,17.911561965942383
2558,0.1673144430816631,0.5462651786507291,0.1594572583016525,0.2147155326372349,0.10905698833819913,0.1768137626210688,18.243106842041016
2559,0.14965944888797128,0.5226580719734497,0.14188664153390515,0.19628256016812579,0.11290927202628634,0.14102063127181041,17.981897354125977
2560,0.1537369760094447,0.5415753581780387,0.15373155900183577,0.20913781602700762,0.10662696067253331,0.14648250441387461,16.974138259887695
2561,0.16448276253155836,0.5647717528046654,0.1652223382814205,0.2223008260704555,0.10653083149504793,0.16459989659197005,15.275091171264648
2562,0.1694036881534745,0.5098905101568216,0.1854475225182708,0.2317965207523495,0.10451987350733448,0.17158329744483142,13.858256340026855
2563,0.17439817844059102,0.49828441824388037,0.2002888900966572,0.24285967983197482,0.09141626703237911,0.18710353720531558,16.991947174072266
2564,0.17298736465148917,0.5962468569608903,0.18270087682191796,0.2417788739846283,0.09800566461275577,0.17840378151888414,18.129985809326172
2565,0.14954300281144028,0.59461821955557,0.14672203508755785,0.2107072042972739,0.10123647494429103,0.13829253839509145,20.887418746948242
2566,0.15622021334601488,0.5839137103964738,0.15150406797884444,0.21327687403850576,0.10613375022919584,0.150121290467302,21.828792572021484
2567,0.16620019141747963,0.5591199095579689,0.1725538596995415,0.2277775811078883,0.10598970758223651,0.16500414879420977,18.41387939453125
2568,0.16975300605004134,0.5126635014982113,0.19732308026046233,0.24237171186585504,0.10043620238635317,0.16686384166693144,16.24897575378418
2569,0.17503019299731382,0.49150157147785445,0.21222810900141612,0.2521243179266216,0.09278557793718667,0.17953687186178077,17.756242752075195
2570,0.17192985363221422,0.564995163202785,0.19123193387493612,0.24462668092177167,0.09954233517372528,0.17165920840502924,19.91036033630371
2571,0.15318319239961464,0.5710285780871344,0.15820067747133626,0.21717609184502168,0.10281574195676217,0.14126092452237932,21.43801498413086
2572,0.1573352869056415,0.5443887803602856,0.15869595085688074,0.2137949265002243,0.1100159829856794,0.1493374931903484,21.641937255859375
2573,0.1701333892539976,0.5477817789596006,0.18465814871215466,0.23653295303321833,0.11095968677649483,0.16381076061499433,19.704736709594727
2574,0.17858584904860184,0.5329229921355041,0.21635192296538563,0.26157636141825974,0.11001169862180664,0.16597153234859702,17.67650604248047
2575,0.18265291784892554,0.5518215896624732,0.2250557328667786,0.2717365695518778,0.10115769042891647,0.1760130466013502,19.143802642822266
2576,0.17961212636282445,0.6363447712860838,0.20319553519718156,0.2650739974955962,0.10033731571542662,0.1741984484381223,19.112415313720703
2577,0.154244816665541,0.6222796080755197,0.162402931968697,0.22809959998395737,0.09674802291166064,0.13993157579657192,19.420963287353516
2578,0.16175214649339634,0.5966919366175962,0.16882004592422803,0.22994460173756634,0.107936119379378,0.1491727718795136,18.689943313598633
2579,0.17289274144068106,0.5424783760621811,0.19212619813968024,0.24217650927146606,0.11200861444524171,0.16554305570975364,15.680394172668457
2580,0.17858913002714163,0.5104773122636207,0.20923799536750617,0.2522721834955225,0.11431468805765237,0.17035659496561154,14.519120216369629
2581,0.18025808585676037,0.47866152161027836,0.20428468014394188,0.24348137178198997,0.1093641750132269,0.18696988266027628,16.36576271057129
2582,0.17424810783161673,0.5430184667712721,0.1851378739882222,0.23626367295722936,0.10840248094533766,0.1775994118721999,17.189722061157227
2583,0.15075096732723658,0.5251245250247071,0.15382191817308088,0.20686514772331321,0.10029380730922789,0.14580107449642712,16.887636184692383
2584,0.1610426521945839,0.5035396034114261,0.17151828773751387,0.21894990426235847,0.11523476327918034,0.1504557094362593,16.590103149414062
2585,0.17809137156523713,0.5053695905706087,0.2082194862142195,0.2506695011222751,0.11577294695599528,0.16911412973591555,15.842256546020508
2586,0.18535853445667846,0.5261520486564573,0.22962130025545613,0.2719828357413134,0.10885046845036819,0.17650682858814437,14.113595008850098
2587,0.1823242504907148,0.5093526285337432,0.22062467238062453,0.26187152325964147,0.09873060620812067,0.1858648255651738,15.926290512084961
2588,0.17349402738603745,0.5810105298555927,0.1925510671056155,0.24804527606989793,0.09931094665575173,0.17317188042665949,17.219236373901367
2589,0.15356880007427412,0.5767057843914565,0.16089064260461422,0.22029280571702023,0.1009953496481243,0.1411870642597524,19.615026473999023
2590,0.16379575696527343,0.543813984313769,0.1722476715535215,0.22532857337641396,0.11492323966966518,0.1527179952391827,21.55727195739746
2591,0.1754352781918311,0.5214859158686754,0.20678768307042916,0.25174457347017865,0.11610026113668556,0.16058278474652937,17.5108585357666
2592,0.17956994328850867,0.5148112110579239,0.2226865416733312,0.26441863729970155,0.10798404092888962,0.16796500059338149,15.823382377624512
2593,0.17828811566774494,0.49540293836513105,0.21106036781785606,0.2516807350388954,0.10108591582365702,0.18162149858156523,17.025054931640625
2594,0.17177128222949745,0.570526466483777,0.1939758901012177,0.24776882958444046,0.10125997041361219,0.16697082613282188,19.148908615112305
2595,0.15255450138905477,0.5482677507411922,0.16580900956201738,0.22044597258761378,0.0999039848542056,0.13921866605830874,20.759733200073242
2596,0.16720975688439774,0.5546714477152674,0.18937769094178925,0.2415625133380004,0.11531617857725489,0.14755797600624532,21.18168067932129
2597,0.17739369369542965,0.527424575129839,0.23504613356951073,0.2768144823638433,0.11347398837952581,0.14633024576198356,18.607608795166016
2598,0.18357773345884143,0.5606898204924714,0.25518712694483797,0.29883036888021414,0.1051877901733963,0.15132287783990483,16.82508659362793
2599,0.1852810734083947,0.5758123855190684,0.23648191659336196,0.28495769786846287,0.10475813345637551,0.16852159946385178,17.808950424194336
2600,0.1781714441613061,0.6011935574762091,0.20397344251194494,0.2607191732211255,0.10515399998308937,0.16983244488990373,18.458595275878906
2601,0.15893588817126286,0.597222436349724,0.17505477263469085,0.2353644388796956,0.10518837342976912,0.1390899817001912,18.750497817993164
2602,0.17152604807121763,0.5740338318646981,0.19341875751534868,0.24779233956525576,0.12806150527278856,0.14282451796255974,17.753721237182617
2603,0.1917928109973907,0.5271871252368574,0.23167883138931708,0.27389430193896575,0.15647065600132823,0.1508608920450672,14.219196319580078
2604,0.19901668354775773,0.5600321254492844,0.24875695648250962,0.29322483776347746,0.14348679891855878,0.1651731976595521,12.72089958190918
2605,0.1919987749074659,0.5304543918344808,0.2382123101398003,0.2799611789533261,0.12446839290032707,0.17412075562358464,14.45177936553955
2606,0.17876165140269284,0.5476861699778066,0.21326077781971534,0.26103583384229984,0.12047739134468308,0.1577704693187953,15.99799919128418
2607,0.1676834873994217,0.5429691329929255,0.18633503734725707,0.23728276529663825,0.12570499406788066,0.14351530090445558,16.48996925354004
2608,0.1807050541765667,0.5585135587932314,0.20974228529009095,0.25956675293339676,0.12641816195851047,0.15920209845513972,15.537752151489258
2609,0.18787488198991031,0.5132852231429257,0.2386898925908583,0.27791779695543933,0.12434401209281229,0.16467684255503318,13.234045028686523
2610,0.19502044183229755,0.5679684655515251,0.26002104243501484,0.3040135314516591,0.10798491308620581,0.17580757606818642,12.441630363464355
2611,0.187406583815575,0.5500407670107019,0.23851388221898237,0.28301772290351374,0.1074694753095055,0.17369180705643944,12.582405090332031
2612,0.16846668105446136,0.596737179607429,0.19644684215457495,0.2536311760764112,0.10009596915858797,0.1537721208191445,14.299290657043457
2613,0.15900633594194596,0.6035585774732475,0.17916937901932814,0.2397964073698881,0.10213710831915312,0.13807559761244034,16.2648868560791
2614,0.17783093669108174,0.5895261264257591,0.20978831551948543,0.2640365742203817,0.11758767850640835,0.1551138547645335,16.909542083740234
2615,0.185445713569064,0.5156063264976444,0.23517367756664964,0.27523548455679175,0.12558153799014837,0.15926081758635338,14.449572563171387
2616,0.19088924423077994,0.5660600558393569,0.25259479535494983,0.2973755468527223,0.10934780234021345,0.16906249109082608,12.499366760253906
2617,0.18684843793088882,0.5606159127511426,0.2352899115354803,0.2817650545662892,0.10736928414779445,0.17334065793512116,13.07698917388916
2618,0.16847993590306384,0.5851026296880146,0.1954745068436563,0.2511356672499932,0.1003499632220337,0.15576989707040204,14.883272171020508
2619,0.16087008759175114,0.5935650227921407,0.18148411010927187,0.24035281192111027,0.10310996049043257,0.14186281501721565,15.92676830291748
2620,0.17846511036589457,0.6100873833819862,0.21350834170829391,0.27016249051882135,0.11747305126978566,0.1515979544411789,16.6115665435791
2621,0.18824000809970756,0.5377377507657743,0.24035250477766223,0.28283611134739256,0.13376315357022278,0.1531356654712825,14.952960014343262
2622,0.18746931361960428,0.6046909776654603,0.2475295938690866,0.29855264869714,0.10995296861326238,0.15809819730730976,13.66541862487793
2623,0.18640384034198182,0.6414935664375381,0.22522889158550785,0.28469527370722647,0.11290048384404162,0.16471427308309045,13.8403959274292
2624,0.17427792382447113,0.6444204143089454,0.19088990169873243,0.2556799749287628,0.10704284934797023,0.16188181927515416,14.457679748535156
2625,0.16362752853630932,0.6381357977652202,0.18383303790036473,0.24873343216677263,0.10746262094291772,0.13830415700387153,14.44384479522705
2626,0.18203355243441385,0.6427306108103954,0.2204212723347656,0.28075117783128417,0.11237323587821475,0.15660840719882652,13.5575532913208
2627,0.184216698186213,0.5419364580625535,0.24698513495346894,0.2891210382547667,0.11301592120811096,0.15472608048206782,10.794214248657227
2628,0.1877330366943138,0.599340466167029,0.25795849856068315,0.30672735107587545,0.10512895136035787,0.1558915862776588,9.653517723083496
2629,0.18727676125472675,0.5691513094602045,0.249024019980573,0.29475648990623465,0.1090152680100603,0.1617108052737405,10.927024841308594
2630,0.16899708379502487,0.5902035159995038,0.2042832657152908,0.2594147300416069,0.0951723490120429,0.15447828626437482,13.138128280639648
2631,0.16253827584802447,0.6178130783791844,0.1903816353239581,0.25144327004613326,0.0966597245594124,0.1423901383022148,13.675558090209961
2632,0.17839027770207067,0.62173410479169,0.21757429622014143,0.27531141173036267,0.10267432260540828,0.1598357461368948,12.820098876953125
2633,0.1845279988426866,0.5223754936594113,0.23751488454274292,0.2782092572736955,0.11690021005804281,0.1617312129021171,10.647201538085938
2634,0.18570205932117217,0.6128830503116744,0.24039560912361826,0.29360810072191207,0.09870287375067102,0.1674085604697133,9.473426818847656
2635,0.1810553792599832,0.6132085225744446,0.21939708663684745,0.27565586319936136,0.09055614827788586,0.17746678292236245,10.233419418334961
2636,0.16461276410479544,0.6052267555714004,0.19191779204300818,0.25096192968992137,0.08738812674470167,0.1566288019078923,12.255462646484375
2637,0.16070186258941382,0.6221719416591691,0.18830442040994688,0.2502854948741215,0.09285583948063912,0.1416814545604725,13.950753211975098
2638,0.1790401209208015,0.6449692614379139,0.2208732122456294,0.28145836213024145,0.09869130782254205,0.15972937132351855,15.272180557250977
2639,0.19009274009122532,0.6025300195993373,0.2377516124854865,0.28986281350175097,0.12178012487262989,0.1625674641732864,12.76125431060791
2640,0.1861255630121031,0.6098265322313636,0.22449343381517473,0.2795410193032017,0.10891368076847627,0.17194743572056534,11.105945587158203
2641,0.18160745037712686,0.5864129018774872,0.2085814052641816,0.2625573333517967,0.10393860975053736,0.1787365383225566,11.865130424499512
2642,0.16486034793002172,0.5847026498024734,0.18910265043168573,0.245616936056084,0.10358862091330402,0.14781109445934523,13.662988662719727
2643,0.16418910993947877,0.618433762278725,0.18830456045260288,0.24975158928490604,0.10411186568220686,0.14188952923734288,14.949817657470703
2644,0.18292589757818584,0.6222689150297488,0.22898592285801733,0.28516920745397895,0.10948880011079319,0.15772046172083548,15.805132865905762
2645,0.19663585759493624,0.6614350535798348,0.24118028084733192,0.3012166769519752,0.12175446198329441,0.17064886181771374,13.900498390197754
2646,0.18927452297065886,0.6457022720454946,0.22826757321145744,0.2879011016163199,0.11533714012274036,0.1676714766476341,12.544529914855957
2647,0.18018462304485242,0.6172020161025003,0.20193185543718817,0.2612561641036613,0.11336014028424198,0.1677184470339287,12.8768892288208
2648,0.16765571106777483,0.5817839629394893,0.1928889293085073,0.24844536268436185,0.11027849118576329,0.14716983330002134,13.992417335510254
2649,0.16738957429724763,0.627174337611164,0.1948210489179453,0.25658580444554796,0.10665489758887654,0.14248571503730945,14.2944917678833
2650,0.19014605662791653,0.6277694791643462,0.23539273090412474,0.2914465520841564,0.11889706688709333,0.16385098912692697,14.497904777526855
2651,0.19875648550744626,0.605037975817534,0.24367834447668865,0.29530114895395226,0.13397407079210474,0.17096451786767725,12.874166488647461
2652,0.20133213696356275,0.6226496915136763,0.23245548014338166,0.28819751033913804,0.13355225888958316,0.18463232857466663,11.88301944732666
2653,0.1908567847058415,0.5455261716623272,0.20423759209020476,0.2529931034576508,0.12785264343302338,0.19161612941172412,12.845808029174805
2654,0.17547174168570537,0.5137515263496625,0.1878077511320362,0.2343711475916971,0.13035430336314718,0.16341252005020102,13.900995254516602
2655,0.18147335325943698,0.590394554133366,0.2036929479497156,0.2589360345473799,0.1305143459672094,0.15828263851318602,13.213159561157227
2656,0.19518182741950865,0.560811026995492,0.23753868060077551,0.28372044437144933,0.13430382342193856,0.17097879108443442,12.585122108459473
2657,0.19318731140164339,0.5945720275041432,0.2369312601392244,0.2880227983342128,0.11806730944540697,0.17593626204735208,12.10529899597168
2658,0.1945130541465314,0.637488969792757,0.228177850666741,0.28665086768474335,0.10856799109691548,0.18909439746900977,11.931377410888672
2659,0.18062645881286377,0.5849341102506904,0.1890497563620913,0.24560466406046258,0.10145859743674131,0.19304240792532198,13.397196769714355
2660,0.16432068769396155,0.5209367745751741,0.18169374184328513,0.23015703223355496,0.10548785532288878,0.15819261454650596,14.60775089263916
2661,0.17452293476895583,0.6032090693468838,0.20507966986625636,0.26195529836348885,0.10984686935122433,0.15461117386425455,15.78207015991211
2662,0.19797369274258372,0.5871088426245077,0.24893654916874963,0.2972468768052865,0.12805752249976216,0.1722863056501876,16.207792282104492
2663,0.18885931937100126,0.582839658738275,0.235980703999269,0.28553198324769846,0.11695242273779398,0.16718927303294762,13.710577011108398
2664,0.1918855581597554,0.6459287718222837,0.22649749300482547,0.28641624712160524,0.10892583787180207,0.18176096057009597,12.422170639038086
2665,0.17509160150223788,0.5601825753699317,0.18356496110903434,0.23736747743201966,0.09910167828699042,0.1870913928770203,13.558623313903809
2666,0.16098236448808956,0.5015829578488558,0.18119094749388834,0.22696123468745513,0.10371907411926402,0.153356232136367,15.520585060119629
2667,0.16650486100629222,0.5676319533382184,0.2056481022216242,0.2573600809525662,0.09867021842320876,0.14636185581350053,16.766206741333008
2668,0.18556288255669093,0.5591269443256441,0.24977468144669812,0.2939678618579761,0.11130138367727792,0.15568733718755276,16.60997200012207
2669,0.18571350469318107,0.5985806824674949,0.2429852126558724,0.29378456548610415,0.10497161203607812,0.1618004825743384,14.616934776306152
2670,0.1898626057843737,0.6608503123744618,0.2317806364280818,0.2930763044204218,0.09768863490504989,0.18020284399723996,13.457720756530762
2671,0.17590688798215312,0.5911184973790887,0.1886885964665774,0.24617858231122186,0.09869894120671503,0.18197610887272633,14.200727462768555
2672,0.16346761045719818,0.5330230686853614,0.18629827209804797,0.23583038589623562,0.10193642563847662,0.15398996866442183,15.386393547058105
2673,0.17374896804686613,0.6205713392297982,0.216041927013915,0.27383184304475544,0.10743020166144406,0.14420537301095732,15.860787391662598
2674,0.19115363100604246,0.5953096011053232,0.24876706106855195,0.2982731382166621,0.11768524466286721,0.16170890024702864,16.522756576538086
2675,0.19096604601442602,0.5965793292597402,0.23031435962747113,0.2826379267177953,0.1255363364695936,0.16800414625070623,15.046777725219727
2676,0.20023954940282598,0.6636218037443831,0.22512074143931593,0.2877637503400398,0.12364385129382541,0.19067710942813942,13.766584396362305
2677,0.1789398745177896,0.5691668664415916,0.18485001271928325,0.23975242039389877,0.11706537937230517,0.17986908012849295,14.8826265335083
2678,0.16165749025808449,0.5078700561587381,0.1843532095325573,0.230569901907726,0.10326547642945509,0.1524521421646988,15.350440979003906
2679,0.16931191533465295,0.5628203952775789,0.20599079751436522,0.25696645433768145,0.09683357860569204,0.1560327383448438,14.692187309265137
2680,0.1866722781114112,0.5420273792345913,0.24905886147899167,0.2909115068726488,0.09979047316326005,0.17148453227496055,14.232121467590332
2681,0.19064414853458808,0.5944325992902868,0.24586865824126428,0.2956635069625532,0.1137221578235825,0.16605895178224847,14.225128173828125
2682,0.19584603478519114,0.7164399889260634,0.2396833867788897,0.30779147279991453,0.1064158378387224,0.17614519885046825,16.697521209716797
2683,0.17680931175040762,0.638177970999686,0.18733925566551304,0.2517447864275378,0.1067638858693356,0.17253051905385677,18.820520401000977
2684,0.15904334287296187,0.5827727881652217,0.18433293244635493,0.24125291183476444,0.09521892624726165,0.1429563345788723,17.56723403930664
2685,0.16735409092888018,0.6211713217288315,0.20831226580005824,0.2672921309327402,0.08584202069715167,0.15123136737826515,18.689376831054688
2686,0.18237535038660557,0.5761949440713741,0.2345430241406942,0.2833504412736485,0.09318070811313459,0.17206745784973015,18.731801986694336
2687,0.1816850374065617,0.650149823468307,0.21852025216894302,0.28018161949742354,0.10187026898715208,0.16533845044404097,16.866975784301758
2688,0.18717601839497122,0.6995474198666716,0.21805329258121073,0.2868381679077051,0.10007093527612958,0.17618858530031553,15.799036026000977
2689,0.17222465376701798,0.6040945469714365,0.178901598691066,0.23964344844540467,0.10567480979085116,0.17146432190257563,17.36847496032715
2690,0.1597591878180473,0.5651239730881171,0.18604098210546507,0.2401956951029868,0.10020965317471572,0.14148308675664045,18.692760467529297
2691,0.16378450911881445,0.6137381280149722,0.19973455018834743,0.25887791844929386,0.09016858382601153,0.1449917105858476,19.916898727416992
2692,0.1808861146985498,0.6047080890935868,0.22668265299663126,0.28068628672476775,0.09795984069031959,0.16612145393281053,18.850095748901367
2693,0.1827045782989992,0.6770221782010444,0.2223688378163453,0.28731931501415947,0.10352807663883366,0.16044612262587876,17.0684757232666
2694,0.186683546364975,0.7481843837660764,0.2141320948851373,0.29042527901098575,0.09859146386359484,0.17299010248842328,16.20957374572754
2695,0.17407136409882382,0.668927738757947,0.17772215732481408,0.24789438324383312,0.10551734711825558,0.1694609872049379,17.23855209350586
2696,0.1619499015983555,0.6101833952390593,0.1843190448763429,0.24515680921387384,0.10092933485889276,0.14253685333180688,17.598308563232422
2697,0.15898507233231635,0.6234507978171342,0.18575153545221648,0.2482800015043476,0.08734284924884947,0.14353895450482257,17.99803352355957
2698,0.17653369049138348,0.6046373208978567,0.2102576060380633,0.26659756530374806,0.09387531830397847,0.17005387569454383,17.403026580810547
2699,0.17718025350679817,0.6668651008813882,0.21477496253457604,0.279359268012692,0.09107694076762589,0.16311401446091675,16.52861785888672
2700,0.17734195253554721,0.6657082821200973,0.21171422214045485,0.2765705164232609,0.09111870588915992,0.1659622999493866,15.69161319732666
2701,0.1586040907218931,0.5696779045606357,0.18424672299630682,0.23930832036263952,0.084313928231864,0.1529917819650155,16.664344787597656
2702,0.1547576441024394,0.5457548709939803,0.1896936687581681,0.2405595547918556,0.09306982431308793,0.1336578145648828,17.119304656982422
2703,0.15625632159997746,0.5816653685298661,0.17209840281522873,0.23060796934589126,0.09632395183538787,0.14363945336631873,16.993486404418945
2704,0.17422125033804817,0.6068540978132858,0.1969154825677609,0.25547814188855017,0.10090955716247814,0.16726920175998264,16.242990493774414
2705,0.1781911677358993,0.6971035574672106,0.20158667075792158,0.27237479743067716,0.09551613942735739,0.16812114152294283,15.427336692810059
2706,0.16916151339887184,0.7151786118031546,0.19059561723551774,0.26553604503089445,0.08595133113058633,0.15764270770560185,15.70629596710205
2707,0.15201265872480157,0.6309912508059613,0.16315749348734673,0.22999088739000598,0.08711622318706537,0.1405660897382669,17.14019012451172
2708,0.14528460479866367,0.5626958199373979,0.16850461209153356,0.2248176417837999,0.08947568724163202,0.12452600029907214,18.05340003967285
2709,0.1509894788873671,0.5746813945168294,0.1699200128972439,0.2277430674143275,0.09128133888775501,0.13607471142593727,19.89520835876465
2710,0.17737511026293662,0.6276758752453863,0.2003518355826015,0.26139812696299936,0.11184475531398579,0.16119403123071369,20.230558395385742
2711,0.1781150885797092,0.7167263284635534,0.20881714730026948,0.2813756017521672,0.09702613806069028,0.15871497125794998,17.64128875732422
2712,0.1678120819868455,0.6804953729827131,0.195817687823555,0.2650573571320062,0.08575055651245925,0.15452630102491793,16.206893920898438
2713,0.15195410158706524,0.5815798712229548,0.165848696580537,0.2252388643865967,0.08817724366390663,0.14363468482023906,17.897855758666992
2714,0.14256879467480993,0.55299646584006,0.1625164146425986,0.2182992790993788,0.0897947301312039,0.12248192727896741,19.995372772216797
2715,0.14045754237094255,0.6123980649853105,0.14443047150225483,0.21128298485697705,0.08073331148960057,0.13074398221683656,21.4649600982666
2716,0.16437080131749693,0.6856263608687139,0.17298988751269484,0.24622366942069757,0.0945414569296071,0.1538502180666,21.48351287841797
2717,0.1735579673476506,0.7462853246134633,0.1929750229986608,0.27201935180077547,0.09023191412192004,0.16031455252368065,19.431989669799805
2718,0.16239216745996113,0.752283218761742,0.1733702501236111,0.25607210278620124,0.08176244930881357,0.15097322743175523,17.93001937866211
2719,0.149332940069026,0.6466176829724446,0.14780018414523632,0.21905982683483755,0.0819284397407717,0.1473008519361635,19.09777069091797
2720,0.13317702013437518,0.5492230495145496,0.14014262132617503,0.19858268249594285,0.0782388909199554,0.12401792863062079,19.46441078186035
2721,0.13515712495821178,0.5748481711877474,0.1306281006432193,0.19408811072100907,0.08722930670922395,0.1255293533836285,19.136890411376953
2722,0.16197717930179276,0.6746844451775813,0.16917666195161515,0.24139205955532456,0.10529362754352119,0.14208726686844003,18.77599334716797
2723,0.1677362437276862,0.7327147201323224,0.18774876534845322,0.26560104460329165,0.10896716579191645,0.13352748615532994,17.433683395385742
2724,0.16048976806964013,0.6977595847776916,0.18876848560998707,0.261481499776802,0.0913185650218414,0.1326468054926974,15.614151954650879
2725,0.14727974729546114,0.5907552918348595,0.16695138833786075,0.22749480312314632,0.08200022727291757,0.1342111534659623,17.724321365356445
2726,0.13141997031303096,0.5042660284881614,0.14649457031634328,0.197604778626603,0.08117946083294561,0.11746870883373013,19.12431526184082
2727,0.14259788651904645,0.584510841203957,0.1409495381797546,0.20431543861178353,0.08729044333745183,0.13698904122179678,20.227249145507812
2728,0.16651689908359477,0.708956248334266,0.1672672473479743,0.24465139034601593,0.10007638173956833,0.15628467190499934,20.388492584228516
2729,0.17259977899409817,0.7910415871518685,0.19325794675493446,0.27865560966878217,0.10252549954083036,0.14111592167535902,18.39516830444336
2730,0.14852479844004973,0.7350852185341646,0.16639594280763045,0.24763726791142102,0.07438796127437204,0.1266711201725678,15.64404010772705
2731,0.13602909269963587,0.624887725651817,0.14157890214304866,0.21062301978715844,0.07246575837252212,0.1263773240342781,17.696744918823242
2732,0.12825483886883182,0.5184923512772143,0.1249110513709764,0.18113695135758182,0.07698741461219345,0.12684198666573415,18.44919204711914
2733,0.1456953947538388,0.5689907864279755,0.12240768013127097,0.1862052667450859,0.08391045092278866,0.16431108261366648,19.331634521484375
2734,0.17581569783646314,0.702650164730743,0.16772640366617977,0.24414408381826028,0.09311813750943469,0.18838872538854057,18.976146697998047
2735,0.17874352551994582,0.7781859345670549,0.19434138216754282,0.2777477467960446,0.0943247122088229,0.16598129355059196,16.30443000793457
2736,0.159099673614086,0.7040897478427074,0.18341172454019358,0.25779429929769554,0.08304045521096416,0.13929369224365923,15.207763671875
2737,0.14301191920316372,0.5915892922473812,0.1617412141419049,0.22314808244268722,0.07961153588305596,0.12836811177367496,17.87143325805664
2738,0.13200262310039423,0.5034043354846109,0.14129163611706788,0.1930220217410026,0.08821594975484724,0.11692398846721555,19.53842544555664
2739,0.1421542200036126,0.5786450121019049,0.12379838454291614,0.18877647419420024,0.0961498902734819,0.1416135361007129,20.110122680664062
2740,0.16708222442690113,0.6789267233834939,0.15884006530577197,0.2331381593168751,0.11231700418919909,0.1572028491061631,18.799747467041016
2741,0.16892787060980768,0.7204005164059466,0.18527028354794792,0.2617174596705191,0.10400990939437323,0.14454019624519038,16.742908477783203
2742,0.15149896932742976,0.6311517544021251,0.17094865147299518,0.23669195189144232,0.08768387935140973,0.1327933133129363,15.848544120788574
2743,0.14149501120278843,0.5463794084171233,0.15256317771285463,0.20882263924203587,0.0862274806826689,0.13094242587355154,18.712358474731445
2744,0.1307470152223302,0.5688899575393753,0.13481031979876096,0.19682169661884874,0.08665921898109599,0.11150849071145646,19.731204986572266
2745,0.15028732879222287,0.6417674620270076,0.14450992269619117,0.21554671402916498,0.09113515747666259,0.14494351661101373,18.64444351196289
2746,0.16845136856265672,0.6799744538773329,0.18449005971097776,0.2552735445918856,0.08383539840317877,0.1665209384266247,16.4906005859375
2747,0.16665965439447342,0.6781727075697045,0.20479094088047903,0.2724169075503684,0.0820087864392958,0.14819156734384578,13.483936309814453
2748,0.15342282041182664,0.590994212876178,0.1881873330856524,0.24573117305572748,0.07550827427025852,0.14082823972228553,13.756682395935059
2749,0.1411798697774209,0.5292629511102671,0.16042281722851884,0.21311426492591146,0.07376869927689832,0.1372220482104489,17.496917724609375
2750,0.1279219735040332,0.5214680101258773,0.12887505600330895,0.18495976373510442,0.07272871996956116,0.1263080038945089,19.961381912231445
2751,0.14090582132633434,0.5946227072808916,0.11237109499371002,0.18126418246330742,0.08059008131787826,0.158368527838882,20.137388229370117
2752,0.16804107240601804,0.6797953203220771,0.15215555242640766,0.227532662125789,0.08740709995423084,0.1865406572965322,17.73256492614746
2753,0.17358987727083808,0.6961745832076589,0.17883211009765088,0.25273817768479484,0.08519964702183061,0.18167656587650732,14.221172332763672
2754,0.15119481623018613,0.5748194505440539,0.16400968786939146,0.2226967968229147,0.07542287332294896,0.1549310332553812,12.811944961547852
2755,0.13712841063172007,0.5166466172114864,0.1446232253745527,0.19776942420840035,0.07018146271635359,0.1426461031780705,15.623157501220703
2756,0.11913289116589443,0.5144725419037037,0.12048194383447793,0.1767663149872245,0.0666209249747845,0.11465161573945176,17.95537567138672
2757,0.135743944702192,0.6165338013409474,0.12036774707871269,0.19124861197331763,0.0781223894670049,0.1375962216707458,19.454591751098633
2758,0.1601944352032226,0.672615035824866,0.16169310031635384,0.2346819482461413,0.07934609592965756,0.16576015815503817,18.76922035217285
2759,0.1648747690445889,0.6908768739415432,0.18247006224939152,0.25509960677684174,0.08303681279781468,0.15753624774479508,15.673649787902832
2760,0.14954092905487276,0.5733971626217989,0.16375689881232935,0.22227693649939642,0.07786080551591736,0.14861703063750054,14.694432258605957
2761,0.13727631873195964,0.52399896130375,0.13942646698640684,0.19436539474602732,0.07552762660112804,0.14135348283412802,17.918445587158203
2762,0.12323218430293424,0.5371606857960801,0.11778847102970091,0.17769878742489792,0.07379042242488798,0.11883544821450649,20.634946823120117
2763,0.1364814139366083,0.6239576789785064,0.11203683703519318,0.18516838588423792,0.08393934817847397,0.13985462102079985,21.063724517822266
2764,0.16234975353091655,0.6960914267432816,0.15150237939075972,0.22930081472683428,0.08672938335807338,0.16993539888572629,18.601078033447266
2765,0.16705829634538436,0.7325859000343673,0.17178113965708866,0.25189610542527135,0.08731166505457323,0.162603515779943,16.016569137573242
2766,0.15220162658942088,0.6077207340970812,0.16132365281789657,0.22509466442920864,0.07840782331895832,0.15298979634126128,15.121807098388672
2767,0.14091889217767625,0.5624691862384834,0.1397901219046986,0.20017284538095362,0.07372537524968588,0.1478660104368001,18.84868812561035
2768,0.12356850033487986,0.5454916693383658,0.11968565007320627,0.18051508139680048,0.06627397597451755,0.12387295072101634,21.51044273376465
2769,0.13933385654053893,0.6431962659946182,0.12079405255985294,0.19542294019339085,0.08143042089400208,0.14092141453501328,20.999408721923828
2770,0.15316278760535365,0.688383810559777,0.14318880124243116,0.22107380257348058,0.08588383270749068,0.15260973504387276,17.836071014404297
2771,0.1529877787033494,0.7161347646618423,0.14834061159589587,0.22945406203388824,0.0800321667570567,0.149915941242134,14.196466445922852
2772,0.1391609953132908,0.5956767592942666,0.14367962870766818,0.20825064736289653,0.068259405575145,0.14074644079076332,13.906982421875
2773,0.13633877750472503,0.5484932314540821,0.1301721515829322,0.18993230585023932,0.06954865081621726,0.14788580105484428,17.542152404785156
2774,0.12265119003600149,0.5465766790363098,0.11327553325353645,0.17517569693678978,0.06637223954427694,0.12593632817807066,20.61429214477539
2775,0.13284925395673824,0.6146428664247597,0.11253572659469609,0.1842653179989909,0.07922733944626506,0.13477937311643123,20.36849021911621
2776,0.14894458669780306,0.6743618199484387,0.1413354486286966,0.21748207310294546,0.08452006634702511,0.1453457414002341,17.071744918823242
2777,0.14990107410730183,0.7039337560540782,0.1452948012482899,0.22510036622054536,0.07753359818991701,0.14742323493592546,13.771810531616211
2778,0.13757620635306836,0.6067422039512439,0.14219502131395415,0.20855890454785267,0.06260834777464208,0.14106322168875501,12.601192474365234
2779,0.1346495613799987,0.5626446720159534,0.1262962302939349,0.18863172196850897,0.06304265061182966,0.15007121778720012,15.916711807250977
2780,0.12197434174562548,0.5437641878977906,0.11633071938794703,0.17739264346078182,0.06090667840067205,0.12691753317169793,19.2294921875
2781,0.13125096273416112,0.6227954170158598,0.1154524560376969,0.18793002189172017,0.07727876264821074,0.12888246104650358,20.73778533935547
2782,0.1442063388944743,0.6620858367222751,0.1415465723614948,0.21590932441303484,0.08621823129589343,0.13220582071449205,19.48958396911621
2783,0.14286629758966785,0.6952953167359817,0.1429782193726211,0.2218806618531012,0.07543985374364381,0.13272686722443477,16.29890251159668
2784,0.13279623147447933,0.6044119479206214,0.13586877050886412,0.20280351013911516,0.06704495716277631,0.1290722276656632,15.494059562683105
2785,0.13141587063991153,0.5648712861772982,0.1171514210688479,0.18111140179862653,0.06857656162297601,0.14291667626585458,18.63250160217285
2786,0.12093243938562993,0.5610197371741292,0.10849951537227047,0.17314526134396457,0.06865621299300473,0.1209879182656342,21.798368453979492
2787,0.13111820464921145,0.6349450212388001,0.11724675305115861,0.191203648506536,0.07419950651833591,0.12834730213856863,22.245637893676758
2788,0.14458778174051157,0.6772239349063207,0.1432178886410266,0.21950446667892573,0.07711226998799305,0.1380767552028529,19.24222183227539
2789,0.1424435176481459,0.6899194590491484,0.14304160823666853,0.22116701549559423,0.06901041562612041,0.13781442130090094,16.72274398803711
2790,0.13470511820307504,0.6027686333748274,0.13663919390369084,0.20322911382813894,0.06367416513306924,0.1368987059673992,15.776450157165527
2791,0.13200866149311685,0.5766202233961208,0.11751646225283534,0.18310271384473326,0.06475301318797543,0.14615005795245128,18.972063064575195
2792,0.11957362862357691,0.5542237538892876,0.10743400040224033,0.1712611080432471,0.06428621759218904,0.12272356878382995,20.70909309387207
2793,0.13241771221303147,0.6483763741400276,0.11743487502958604,0.19328366061679197,0.07479642456345983,0.12957863405311623,20.31804847717285
2794,0.14660256438978989,0.6612036037490796,0.14831628556766285,0.22158590245072238,0.08202472245195633,0.13749775528207833,18.363113403320312
2795,0.14511878455623786,0.6730856756179339,0.14695372976329732,0.2221154363139597,0.0808450445163881,0.1339862368030998,16.761411666870117
2796,0.13615746188467373,0.5890328597072463,0.13930508070565875,0.20355190627731412,0.06781648636321984,0.13698567662238548,16.72760009765625
2797,0.13588430069403268,0.5697740156150799,0.11977353813293756,0.18405932063038646,0.06989534035408267,0.15147149854717934,19.30852699279785
2798,0.12422036545955818,0.5630743704202632,0.10459831306784705,0.17009489268962077,0.06869829333034927,0.13266196724631127,20.16136360168457
2799,0.1314176401847738,0.6326013681993674,0.11842679448166969,0.19188030501276937,0.07556761685430256,0.12738157887444007,18.185102462768555
2800,0.14613292868565947,0.6624474503814916,0.15126126676642726,0.22428786442572216,0.08356672868879698,0.13249278491035926,15.161176681518555
2801,0.14217125894189964,0.6573145326773414,0.14873776109872544,0.22139158560995628,0.07857171895521473,0.12850307059569938,14.237334251403809
2802,0.1336988650722123,0.5866843499973367,0.1331367910903475,0.1979292995056317,0.06577571847273951,0.13692998821750899,13.979358673095703
2803,0.13415579067742858,0.5771316014705259,0.11272617870284785,0.17906981052680182,0.07048512531556246,0.15056785550085983,16.642690658569336
2804,0.12819672121395612,0.5564914070492423,0.10659615748203218,0.17086690742020508,0.07545000560400726,0.13701368444219364,18.553661346435547
2805,0.1374693385836406,0.6362927430757578,0.12799386294376258,0.20060798867690474,0.07801376112134108,0.13424665003154654,19.97085189819336
2806,0.14829555826969013,0.6565814860103589,0.15932228256696837,0.2303593116303099,0.08039398821761974,0.1359036478747095,19.679141998291016
2807,0.1425601151620116,0.6394025142121844,0.15519872021067802,0.2243706907823218,0.08365832943672975,0.1225149240038619,18.267742156982422
2808,0.1350886111686031,0.5892599561157363,0.1405296597022885,0.2046339877613525,0.07330747023169305,0.12829490496974366,17.41192054748535
2809,0.13739849354091924,0.583555040409232,0.1224654207746872,0.18833536643676502,0.07376708300052748,0.14850621397989694,19.65997886657715
2810,0.12593029301634537,0.573306474010856,0.10599565434155622,0.1727543428657419,0.07456966743029748,0.12989979678591523,21.97259521484375
2811,0.1314869208983242,0.6609320721054284,0.11738390813056439,0.1950336458412593,0.07591133978887418,0.12451217004402475,22.255407333374023
2812,0.14590963889667197,0.6981850791046103,0.14624923969979467,0.22509721675762545,0.07983058593246291,0.13443967961202063,19.68069839477539
2813,0.13483657049406828,0.6581054265482781,0.14199050653116677,0.21572120939075412,0.0713627603482314,0.11960209533707544,18.50834846496582
2814,0.13198204472164304,0.606361514283557,0.13119663984136756,0.19907733619025178,0.06159448948169001,0.13486277552156933,17.8282413482666
2815,0.13355380815820234,0.5973808317130611,0.11564762610277769,0.18446665547567534,0.06409890942604204,0.14977810314605366,20.11651039123535
2816,0.12239952036372075,0.5721656931501924,0.10605610935556926,0.17264319275480114,0.06754459457973613,0.12643436708251193,21.214000701904297
2817,0.13209141050770137,0.6715784532303863,0.12381995330753977,0.20207116758223215,0.07346458135623332,0.1221575985750215,20.41459846496582
2818,0.14546768773080665,0.7018310676821279,0.151336855001436,0.229978885384392,0.08010656399345388,0.12871137305410313,17.562898635864258
2819,0.1325627434583734,0.6682429757827386,0.1476586980402774,0.2220278805749147,0.07108214273232318,0.10807627411669368,15.585076332092285
2820,0.1350727363630302,0.6095519992472294,0.1391951390815613,0.2063889762480853,0.06788402573467649,0.13146114826341648,16.197559356689453
2821,0.1387214804711931,0.6055118978581809,0.12397917033551098,0.1927695599816067,0.07111167170313241,0.1505879935716342,19.927324295043945
2822,0.12761217318000032,0.5864246187906321,0.11039025552963226,0.17839516456691795,0.07590740077138713,0.12841873157398392,21.604280471801758
2823,0.130113895432771,0.6814359529123615,0.11328205368102336,0.19444689642835739,0.07468039676007561,0.12232683090024143,20.570629119873047
2824,0.14250276711315799,0.710010491637904,0.13109396707904228,0.21379632773030824,0.08409445025979852,0.13122817881984103,16.095504760742188
2825,0.13213757630052372,0.6943750509811243,0.13286056594109533,0.21307692094681377,0.07376059626659538,0.11239550726470725,13.173299789428711
2826,0.13110084610957706,0.6267300466437868,0.1230748561868001,0.19502559768065533,0.06860591721908442,0.12984975126406464,11.157258987426758
2827,0.1332061476806256,0.6124066819988029,0.11143888904067582,0.18300571660612253,0.06732778958497096,0.14727508820451363,11.807997703552246
2828,0.1254605899345293,0.5831783244548268,0.1074400268980153,0.17540264083470264,0.07147615089809053,0.12899767955376146,13.067305564880371
2829,0.13179716973158856,0.6773671581033469,0.1182125231053897,0.19809175667652643,0.07403282857038786,0.12433320467081854,14.062417030334473
2830,0.14606216082284892,0.7223886826721875,0.1439017310059578,0.22654272410113346,0.08571534750828234,0.12844512960459573,13.497363090515137
2831,0.13435347119278387,0.6913030027426332,0.13960526509683255,0.21841922761766125,0.07538738481061272,0.11239125990541599,13.2013578414917
2832,0.1319261527412369,0.6173152390963704,0.13116194432321718,0.20061241500509622,0.07198657344957939,0.12427280514056029,13.388629913330078
2833,0.1363867022971167,0.6106857763422233,0.12151729440291958,0.1913985061085344,0.06984165484089103,0.1464782904863236,14.822364807128906
2834,0.13186574473705293,0.6273691688543334,0.11729520994615879,0.1901629183616123,0.07502014983968437,0.13059561335076092,15.701951026916504
2835,0.13569873212993097,0.7240516187472626,0.11697424295656504,0.2036995823552361,0.07816530894013396,0.12653973347386127,15.08510684967041
2836,0.14733321353084744,0.7669612434538058,0.1327194600900534,0.223325429142018,0.09151481127210406,0.12968112684747368,13.253866195678711
2837,0.13819645862577082,0.7322415396981774,0.1341910941366774,0.2196268720740345,0.08106349598987361,0.11693618916495019,12.827071189880371
2838,0.13526148769191487,0.6554174239912962,0.12498522765373714,0.20076125570195985,0.07381971331359846,0.13171074326415233,12.82973861694336
2839,0.13755561619111922,0.6314393301040655,0.11774748791977159,0.19113203680324217,0.07009492447835773,0.14970435340417787,14.523946762084961
2840,0.12891602159595317,0.6320044685837896,0.11306630620690705,0.18720032940360457,0.06904937563878193,0.13030056747678306,15.344619750976562
2841,0.13175404203351546,0.7268273187713465,0.11626006238406365,0.2034839561536755,0.07571988855735305,0.11802025147001757,14.722929954528809
2842,0.14407774226590953,0.7590026085778991,0.13661724144180565,0.22552943674696185,0.09044742055567188,0.1197340410914467,12.033842086791992
2843,0.13526038098718515,0.6988704110902019,0.13582502684800893,0.21626008173975078,0.0734179666108492,0.11849775540798425,10.996447563171387
2844,0.1366854102429455,0.6185688674041702,0.1269021333433575,0.19714023820918788,0.07669647901777123,0.13627775059451092,12.145442962646484
2845,0.14487191383565454,0.6337223339065408,0.123049135236735,0.1960024493324215,0.07910517273658003,0.15767859373767357,15.00098991394043
2846,0.14107466294430104,0.6726625345390251,0.1242928626831351,0.20263138723397653,0.08306991485946537,0.13796668376506616,16.838960647583008
2847,0.1412218212514164,0.7747153639149065,0.12712590347987618,0.2196386835420234,0.08583784444067442,0.12106804645653457,16.345041275024414
2848,0.14363506984226185,0.8129833117260556,0.13579414992854513,0.23253545875676096,0.09006799071473602,0.11271842377866026,13.121073722839355
2849,0.13898245031403933,0.7539601799663682,0.13928769130122198,0.2270980468248143,0.07727760015795845,0.11587304725368196,11.612639427185059
2850,0.1340822708776954,0.6566198082451838,0.12501094651618996,0.20095506962033197,0.0756107168567134,0.12673118174624765,11.167037010192871
2851,0.13770441702978728,0.6158884365257534,0.11913611521040846,0.19010073254117202,0.07356821438461807,0.14797681827184872,12.392897605895996
2852,0.13397365714615328,0.6364281637621729,0.1165381610713,0.19080816145571042,0.07334109232470024,0.13729696009406217,14.121447563171387
2853,0.1334255732672986,0.7154804154235522,0.11863689641543403,0.20390025627373665,0.07576707625603815,0.12221141052151818,14.907970428466797
2854,0.1391070551904915,0.750466620252322,0.13092406857748595,0.21943014738817684,0.0912170949810276,0.11072806470079777,14.082723617553711
2855,0.13333879944961188,0.6823373546562519,0.1354640905283237,0.21358884254659913,0.07652945279662791,0.11282819006110899,14.335501670837402
2856,0.1341786420983665,0.6228072012961628,0.12746937582152473,0.19823192231790163,0.07753109538541511,0.12769862528010578,15.437244415283203
2857,0.14403323254692732,0.6353420010409863,0.12413001290928616,0.1971602969281005,0.08101600402560463,0.15268712616955804,17.580177307128906
2858,0.14233337579808375,0.6906258891137014,0.12653451745007815,0.20711899911631004,0.07963514839811138,0.14050690436961155,18.292953491210938
2859,0.1379148053066419,0.759170102311632,0.12537890200094107,0.21592050204532548,0.07694649481254498,0.12300709234262855,17.176361083984375
2860,0.14114847593612861,0.7714192756165368,0.13394850799158486,0.22501576050943514,0.09058013959467062,0.11201189623326119,14.563775062561035
2861,0.13494858915231037,0.6938122673205056,0.14026851408329574,0.2193461931171829,0.07651813545289878,0.11222733267003204,13.964794158935547
2862,0.13378216574060756,0.6437293388085756,0.12652730144879312,0.2004133067859049,0.0760551425832974,0.12599106258861872,14.05090045928955
2863,0.13983939232314818,0.6245057353245022,0.121906258633266,0.1937061838748712,0.07393260363076455,0.15037438982122625,16.090585708618164
2864,0.14026048068670038,0.6652391075957035,0.12490406261395563,0.2020947833256339,0.07652579329083493,0.14192331734901587,17.240049362182617
2865,0.13386376926808638,0.7273269317181221,0.12223093352402918,0.20867321898032817,0.07039773953869165,0.12393827678309519,16.528453826904297
2866,0.13966449918926593,0.7452622835710243,0.13463233745760164,0.2218651869023763,0.08971313565083192,0.11144634053642412,13.632708549499512
2867,0.13474319286347902,0.6780513845888433,0.1421719726934106,0.21872617439275815,0.07732261060714098,0.11150109349965559,12.47199821472168
2868,0.13865946729318387,0.635529036658532,0.1340085755218723,0.20565435568425225,0.08156764494346243,0.12999428450700534,14.542887687683105
2869,0.14793901599200845,0.648923153834704,0.1308644747468358,0.2048728574736741,0.08010364541292225,0.15747785395225145,18.54486846923828
2870,0.14842443561582155,0.7031843736124905,0.1323744664193555,0.21391873887551766,0.0783420153057788,0.15243903803487488,20.557584762573242
2871,0.14776087512805036,0.7772977174152533,0.13519736556069253,0.22692598725420124,0.08062139683675684,0.13723844552255018,20.123197555541992
2872,0.1508703205842519,0.7982728857352481,0.1485158483323236,0.24133828224702705,0.09485142459984504,0.1207273881156797,15.916411399841309
2873,0.1464977808286322,0.7505624759007314,0.15561436360601666,0.2406069510766902,0.08154594006624409,0.12098511752867114,14.158330917358398
2874,0.1362494942560032,0.6652486030838316,0.12512933245198252,0.20228922825653234,0.08018140386234944,0.1275243060999872,13.191000938415527
2875,0.14234682100633161,0.6347987577096608,0.12206981671796513,0.19531680828820736,0.07906243823957507,0.15137191705560235,15.108125686645508
2876,0.14292582096645476,0.6727962344959182,0.12308082955452114,0.2016116016890064,0.0797704300737508,0.14683672986533797,16.55548095703125
2877,0.136039642940921,0.714879459797081,0.11881208986952851,0.2039645712877503,0.07060979614331396,0.1338564465853515,16.9898681640625
2878,0.13792167196114596,0.73433300690638,0.13362329807736445,0.2194389707672238,0.07895939214403731,0.11818603034579786,15.767694473266602
2879,0.1343353189538331,0.6691957127774781,0.14753369962930743,0.2220568443647604,0.07109079334491039,0.112917944127079,15.777040481567383
2880,0.13246142145793385,0.6252232411168221,0.12926303626102834,0.20011449409757034,0.0701368006689601,0.12779902608860405,17.270950317382812
2881,0.14409900734492342,0.6516995023445447,0.12461081453476076,0.199909198507587,0.07714165065476383,0.15385277718148244,21.54281997680664
2882,0.14461380446039945,0.6924601725291732,0.1305226626141935,0.21079944974490492,0.07790473255722825,0.14507180275173198,23.102933883666992
2883,0.1391666062644091,0.7221103448772739,0.12826679568026123,0.21310158842269164,0.07500993265104428,0.13061058628760613,21.288124084472656
2884,0.14182717259151986,0.7320753347810467,0.13892404502075603,0.22365994355794042,0.08764112576942587,0.11763628896523415,17.106884002685547
2885,0.13948574324961077,0.6795305487370877,0.1505418890478684,0.22611169757489974,0.08477492711585957,0.11155999733201521,15.565624237060547
2886,0.1285812487539424,0.606318959273364,0.12667045650842537,0.1951916711891309,0.07415707625958698,0.11791828005571352,15.4392728805542
2887,0.13883327598864145,0.6384676160274492,0.12471822193488512,0.19811099251953715,0.07765365453143591,0.1404974427991626,18.42398452758789
2888,0.14156961993955103,0.6789742805399422,0.1264704527585773,0.205399571013058,0.07681940830571425,0.1423748479298396,20.0930233001709
2889,0.13579629894850723,0.7056088837305057,0.12266767022753655,0.20594498644224643,0.07013611015481823,0.13186886258596334,19.020784378051758
2890,0.1399762115119157,0.7284005246549897,0.132634934210941,0.21774430427437652,0.08358622850232664,0.1212703654781529,16.47781753540039
2891,0.14272546929465463,0.6871372757262297,0.14734508231795526,0.2244582528048516,0.08493755184704026,0.12177371148989477,15.471016883850098
2892,0.1331506185953005,0.6281963477980244,0.1187353945262259,0.1915155307079114,0.07895964095119987,0.12949842593535402,17.31749153137207
2893,0.14420570308527358,0.6551254425702104,0.11271005546178259,0.1901979679058437,0.08267708632151687,0.1578000110355618,23.352855682373047
2894,0.14605283763967075,0.6844975099422002,0.11966525254507276,0.20035557503037668,0.0803125140240334,0.15606072558648573,24.970226287841797
2895,0.1410850665747029,0.7090304178821039,0.12325146356208654,0.20693417132208905,0.07211262010181115,0.14381799058452038,23.150236129760742
2896,0.1438972892533166,0.7319645539854617,0.1360192466291025,0.2211542905371538,0.07593138327372569,0.13576758086210108,18.97294807434082
2897,0.1497592337579479,0.7075657209045219,0.15402497297256693,0.23310222267713193,0.07723427497560513,0.14029345738821175,16.20291519165039
2898,0.13454610622642257,0.6273129522546947,0.1242981129849296,0.19615737573775321,0.06924864807181408,0.13777152128929063,15.078872680664062
2899,0.13968039508418395,0.6397235163390131,0.11991324288424987,0.19417185337778747,0.07164973628110585,0.15152719552997423,17.541276931762695
2900,0.13920387417097563,0.6778200014058624,0.11980126189508261,0.19951822468233685,0.0724172947956395,0.14486707442695368,19.131437301635742
2901,0.13869711470741108,0.716322955451156,0.124495514847677,0.2090422920767454,0.06996428536122054,0.13728631018716025,19.73265838623047
2902,0.1417130348126276,0.7590610918053919,0.13126368670484043,0.22094903029063348,0.0775382056089731,0.1285345143225701,19.612565994262695
2903,0.1452856959479354,0.7275539352795781,0.14855177536481848,0.23126636963835553,0.07832796293099384,0.12864062285864156,19.513282775878906
2904,0.13189950999489694,0.6628719163839918,0.11925313432966556,0.19691296033742647,0.06723322022510726,0.1315957444937496,20.86636734008789
2905,0.13565819318960456,0.663361634994952,0.11205246971162179,0.19081092189495466,0.0634024874753155,0.1506232980724262,26.931676864624023
2906,0.13559725686310717,0.698480446896532,0.11527614438758693,0.1985910447460076,0.06387521103374592,0.1432344825662603,26.551462173461914
2907,0.13479302367911736,0.7241159023049221,0.11675997119546418,0.20352510421110104,0.06784618407941333,0.1332309378633727,21.375070571899414
2908,0.13912819949294714,0.7568975797800869,0.12792476190927812,0.21777802160510795,0.07189891847430663,0.12913522603611682,17.549638748168945
2909,0.14563940023734015,0.773847944990194,0.14268225412559526,0.2328487813919665,0.07421800979880924,0.1318249083607566,16.949373245239258
2910,0.1358112561625772,0.7147224534377052,0.12581196498118988,0.2099420347606921,0.06610222101577043,0.13194223064268254,16.832563400268555
2911,0.1334346845544099,0.6412094132382941,0.11569930441960295,0.19077217710798738,0.05988431141901055,0.14762095506350406,21.103796005249023
2912,0.1297750312518682,0.693301816802587,0.1072228799286888,0.19094844233924566,0.05956355088965567,0.13768334186734887,22.276714324951172
2913,0.13052162679651028,0.7447460067151731,0.11500006228020358,0.20496376862805635,0.059406499915250495,0.12761048871500974,20.259838104248047
2914,0.13334043716007518,0.7823754971547445,0.12660529288965042,0.2202867506418067,0.06084653723085333,0.12069457530162925,18.486949920654297
2915,0.14125411722331024,0.791832739206685,0.13262153987867398,0.2267945683541041,0.06875080438660086,0.1298466212159864,19.66012954711914
2916,0.136028344588427,0.7371500281929454,0.12137787422145618,0.20934532478881177,0.065439432287398,0.13364128517649063,22.041799545288086
2917,0.13601323504478827,0.6798647739226444,0.10508182516225066,0.18719367498516407,0.06454516041984111,0.15376491539378825,31.35917854309082
2918,0.13337685058962293,0.7019921799951618,0.09497546553103726,0.18169213902591222,0.07020295438589731,0.14637813238612968,31.881242752075195
2919,0.1328456030631914,0.739932168104342,0.09809796359070977,0.18978856423551438,0.07484391587424347,0.1337719883277382,24.549226760864258
2920,0.13316729007503747,0.7785818483541747,0.11002150185218003,0.20553012278103644,0.06903348434763759,0.1259668914687633,17.98625373840332
2921,0.136943760325486,0.788810841451913,0.11986439844023873,0.21542817601333505,0.07460114436257771,0.12281968556616278,16.49724006652832
2922,0.1265151691066773,0.7123316636755794,0.11031428827294022,0.19631677047331728,0.06165034987727513,0.12219548473659422,14.822515487670898
2923,0.1273921183691203,0.6479256004405216,0.10409421315781271,0.18178441134105686,0.058211875225335365,0.14033157476948763,21.100217819213867
2924,0.12833450772981445,0.6968978510729673,0.09879122313572179,0.18423502712675685,0.060125806980406864,0.13910416641322143,24.00177001953125
2925,0.13144175979452175,0.7678034502788433,0.11530095310165016,0.2085155955555349,0.05951841344702342,0.1269350815576963,24.601295471191406
2926,0.13548526679437503,0.7876910961032986,0.1295451814358442,0.22356602638833767,0.06355950638125471,0.12134964251113804,22.621675491333008
2927,0.1400258114499956,0.7921461327575655,0.13187377801942912,0.22619840012487719,0.07130360962697638,0.12475672295461597,23.39967918395996
2928,0.13444211979802956,0.7461890896735335,0.12349450426498221,0.21245087360906098,0.06940797553609186,0.12308933644257257,24.175281524658203
2929,0.1368070040303852,0.7057410588098049,0.10558039335479934,0.19131763127694296,0.07279061368707643,0.14512454674004233,32.25959014892578
2930,0.13494301068780518,0.7318435414490005,0.09628180637439226,0.18707633995647918,0.07472755229440067,0.1420148736719444,33.06482696533203
2931,0.13410680473268144,0.7843733923041396,0.0980240434547544,0.196073950433238,0.07369341031743412,0.13274727235803585,27.249101638793945
2932,0.13861830546491027,0.7992365964689734,0.11461275154020763,0.21241615795860275,0.0736958826421034,0.13085230450288537,21.862314224243164
2933,0.14461244335219278,0.7975257736152632,0.11891553669941628,0.21585985625882298,0.08018308946288837,0.13864664171203273,21.580198287963867
2934,0.13685342290980831,0.7243761973800041,0.11216124295781445,0.19962052216098441,0.07119145778427009,0.1393864305498752,20.8893985748291
2935,0.13453373130264767,0.6651300612285899,0.10217863739975437,0.18260026937530233,0.06451898308536638,0.15373841517919606,26.322092056274414
2936,0.13472367814426134,0.7152954083849875,0.09791877088076938,0.18611543338137196,0.06921098285039741,0.14707950069392042,27.457189559936523
2937,0.13850276911284953,0.7836477039745491,0.11789416696823339,0.21300181511199276,0.0688259972885517,0.13428327920985983,25.19942855834961
2938,0.1438777951171456,0.8048288627075895,0.14868789330963902,0.24242231750934623,0.07070166317504101,0.12168045347331158,22.716684341430664
2939,0.14585696624720723,0.8056369657317571,0.14606870767895594,0.24029274454364183,0.08118496987702395,0.11981365706173738,23.098094940185547
2940,0.14644653949611325,0.7666623608229111,0.14085480676817444,0.23025588591885113,0.07734818397709069,0.13357442245536244,24.362337112426758
2941,0.13976057013712131,0.7336706621245165,0.10953795448115052,0.19869976985877424,0.06507066511287544,0.15354243727689015,32.00542449951172
2942,0.13655341360771175,0.728605130065555,0.10060837958317069,0.19032220108065417,0.07014078279246147,0.14761677653223118,31.68535614013672
2943,0.13160592373392016,0.7699108951242881,0.10144560473243092,0.19694064621698196,0.07060946404253007,0.12780994379120747,26.270124435424805
2944,0.14079458697564043,0.814929552459337,0.13260410283585547,0.23007916706778145,0.07553047227647458,0.11977667975678721,20.918521881103516
2945,0.1392839734105287,0.7877622081286405,0.12797165158068052,0.22222744537324624,0.08014074196607245,0.1184587629570501,19.852861404418945
2946,0.1320973928154216,0.7151883670708216,0.1141347720851536,0.19999957136882043,0.07114440923635137,0.12601684721288406,21.12141990661621
2947,0.1283475774463685,0.6254185715867953,0.09391647432230911,0.16984534536009285,0.06746089932978017,0.14531287387387443,25.00664710998535
2948,0.13229090033788315,0.6636398979057241,0.09674701567413628,0.17773171313579164,0.07069512229792595,0.14642649492467574,25.388103485107422
2949,0.13650799465256783,0.7551864385271798,0.12003911801953787,0.21077444952062957,0.07193830471017744,0.12802332534260544,26.682498931884766
2950,0.14344911130292817,0.7772994145029131,0.14812918419719756,0.2380106456694426,0.07659529097435694,0.11920486151972788,24.8717041015625
2951,0.14412946623940776,0.783022465252181,0.14154893737445046,0.23318801278555484,0.08475494098473647,0.11815594760936637,25.276994705200195
2952,0.14058636067010208,0.7470305954796858,0.13397291042534418,0.22155257971882156,0.07457578429750782,0.1275001733284925,25.393531799316406
2953,0.13981821568051656,0.6972815629231919,0.10836545174330901,0.19249632476900658,0.0709165064146663,0.15401386583570675,29.942337036132812
2954,0.14083569666151627,0.7103436812412609,0.10568325381640038,0.19206331487709474,0.07639337712341543,0.15239856031872334,30.869705200195312
2955,0.1386088752916572,0.7444265402375569,0.1037300183812412,0.19525809293214344,0.07985784407788599,0.1404479621682815,28.09709358215332
2956,0.13985143067850128,0.7827180828505209,0.12023873521164212,0.21487864201719623,0.07554185458115967,0.13047349984231715,24.85012435913086
2957,0.13909075153063408,0.8126318752282273,0.11834549310854196,0.21752926198278272,0.08011510767855981,0.12206074325556894,25.497526168823242
2958,0.13647883914819184,0.7408792547049905,0.10638144370277408,0.19702398813166214,0.0756259311874313,0.13674812825332078,24.015520095825195
2959,0.13747992023366673,0.6322498332729344,0.10549509041885737,0.18074576796943978,0.07318145597907158,0.15588345968763612,26.088340759277344
2960,0.13535883262067028,0.6643789449312755,0.10297661334984627,0.1831769464329076,0.07083989494841304,0.14997205349818776,26.22933006286621
2961,0.14214496018984488,0.7460313963502823,0.14078357649321263,0.2272475507585083,0.0711583280459134,0.1297934965682044,24.797340393066406
2962,0.14257905824274716,0.7658056461139642,0.15147692463830756,0.23923817056340133,0.07534335148319551,0.11683357837678243,21.594493865966797
2963,0.14314261003902057,0.7865847940455866,0.14002389689287156,0.23238973934325946,0.081877636261856,0.1186582239528306,21.264488220214844
2964,0.13947008871428965,0.7307033659547497,0.12654986762697884,0.21285751024523183,0.07576632375395323,0.13099688921500957,20.034807205200195
2965,0.1428357867839736,0.6459696186563741,0.10318791138194956,0.18072815527829597,0.0808031638102716,0.16395850945343082,24.688732147216797
2966,0.14288759367322268,0.6823403983064877,0.10420546074089777,0.18679616610741068,0.07626606774278023,0.1627614279824454,28.488113403320312
2967,0.1362340651768341,0.749394203770359,0.10764128542934266,0.1993202737637736,0.07563538323430971,0.1340574793629709,27.432537078857422
2968,0.13759392973291523,0.7897983413946748,0.11784299624230592,0.21383661697835857,0.08119629217431244,0.12022951125692971,22.597139358520508
2969,0.13703679033333185,0.8448658348724035,0.11555028280712222,0.21973821881644812,0.07635672354289243,0.11776809885223959,19.00489044189453
2970,0.13460675456698012,0.7711683430173303,0.10746829904505889,0.20228259104109764,0.06856958761820839,0.13317291873230247,15.253059387207031
2971,0.14687724691431364,0.6601147764016284,0.12645226744970464,0.20268976872855088,0.0726788032197944,0.16296492855956035,14.747261047363281
2972,0.150768184015646,0.6803987175341502,0.13042898549377177,0.20899609007096867,0.07352144729835756,0.16740966084486608,17.220722198486328
2973,0.15283569307815048,0.7651536514030484,0.1469096875423035,0.23523025380812418,0.08110538483171417,0.14350447215505524,19.51874542236328
2974,0.1548367516536391,0.8091272414184832,0.15673672037782957,0.24993536624078014,0.08414345108113015,0.13348210189083606,19.52919578552246
2975,0.15146109651179354,0.8401609475716955,0.14498488436028323,0.24429575053334213,0.0851653866430399,0.12823952037809794,19.479829788208008
2976,0.14475634623889358,0.7733724146182939,0.13243193228253392,0.22399485833049962,0.0799821855508761,0.13210003876075352,18.758134841918945
2977,0.1433581526721945,0.6691476686508129,0.11107670272877042,0.19080112643191935,0.08376630145209993,0.15398842045001804,21.657840728759766
2978,0.14598297133162574,0.6858534625859943,0.11445709368737246,0.19608514638717559,0.07850092390536201,0.16119035965600034,23.432876586914062
2979,0.14343096946122624,0.7775940825403784,0.11592957876928038,0.2104530793080087,0.07589021567874601,0.14388478290496176,22.460283279418945
2980,0.1477329810780119,0.85837477908099,0.12592002883898132,0.23055642173069682,0.0805378965090157,0.13405816950478416,20.33885383605957
2981,0.1483407881797469,0.9016855975669593,0.12472947223760326,0.2357232044275113,0.07792170710363681,0.13349786990454937,18.707963943481445
2982,0.14103388249130647,0.8011479424728232,0.11228761830194693,0.2106962360406435,0.06998209701660493,0.14224963542600036,17.21019172668457
2983,0.1544740598839613,0.6724548629355712,0.13068919414177138,0.20808428968374276,0.07864006115043963,0.17391985770098392,18.942556381225586
2984,0.1579094435339205,0.6835974714534105,0.1427570647560614,0.22001997999853987,0.07265012929705215,0.1781646240846383,20.028940200805664
2985,0.15280150452901453,0.7930357005409635,0.1546672211177427,0.2458627181782028,0.07406107049850351,0.1402708223626719,19.320083618164062
2986,0.15203492927320642,0.8524109510620475,0.15493979425036356,0.25457853093774696,0.07894374374255067,0.12626406515605731,16.94053077697754
2987,0.1492529282639017,0.8562665927922637,0.14507107749278395,0.24667043682128106,0.07615589242331548,0.12797251463670775,16.074846267700195
2988,0.14645196192314033,0.7805786600043835,0.1279815108954183,0.2212096750538419,0.0766821245386179,0.1420875706452336,16.427034378051758
2989,0.14991746678015858,0.6894121852702987,0.11680985973719886,0.1986101919562131,0.08056424807263125,0.16799539862019738,22.572813034057617
2990,0.15218477721089457,0.6935653036163655,0.11722211018900124,0.19955685210719612,0.08237439090873064,0.1718182996910242,25.96632957458496
2991,0.14875023991896805,0.799177494545686,0.12439519629168261,0.220792667470826,0.08477750194726223,0.141689261536335,25.030912399291992
2992,0.1524120441599422,0.8959548645497274,0.1312252109851678,0.24047230435153347,0.09228508060751782,0.1279704096006712,21.67442512512207
2993,0.14301688738559512,0.890188810941804,0.12282789323972139,0.23245088148287607,0.07520617094051756,0.12409651943991717,18.266788482666016
2994,0.13941402025006241,0.7838776405113701,0.11281964879189532,0.20868507618039173,0.06964567364677142,0.13984914958890385,15.41613483428955
2995,0.1513987493944763,0.6876574387372405,0.12934058313242333,0.2091001339331115,0.07694323084685287,0.16605861665234106,18.22017478942871
2996,0.15870198795345258,0.6883759676979164,0.14834115001043466,0.22548898110864637,0.07951200534456475,0.1695546037254349,20.74930191040039
2997,0.1585063816642795,0.8086921247614949,0.15675034246428785,0.2498848827924603,0.08292296995389295,0.14468567842370944,23.43734359741211
2998,0.16548190140535607,0.9095189034511144,0.16510420053320593,0.27144915809290715,0.09256918371783736,0.13655917978032778,23.583654403686523
2999,0.15505199129585376,0.885729732196955,0.14753141350658164,0.252988316176635,0.08116539240520312,0.13400848105448948,23.495241165161133
3000,0.14590749050057691,0.7963877770276808,0.131824914223005,0.2267624660522444,0.07064462066055824,0.14101439800288423,22.91332244873047
3001,0.14862875531783573,0.7051334939896932,0.11470532796364825,0.19905220882451186,0.07161401775363052,0.17189612886817368,26.474092483520508
3002,0.1557085134279213,0.7097579009523418,0.12280293319913155,0.20665364287816157,0.08058845406457893,0.1768615771018856,28.579753875732422
3003,0.15289862806571342,0.8158767461560563,0.12461136561336596,0.22336356283375028,0.08174342792171917,0.15350261026967613,27.582427978515625
3004,0.16089965052892088,0.9513493617209541,0.13857950072159508,0.25468948086436066,0.09106036429575938,0.13994292443942746,24.594566345214844
3005,0.15276223917761944,0.9471127702841279,0.132131679253536,0.2485575494007634,0.08306933159425085,0.129922636867816,22.592124938964844
3006,0.1478480276370466,0.8549226471633442,0.12113725294584558,0.2259637378340597,0.07794453569128475,0.14066233666720174,20.84040069580078
3007,0.1560165134123026,0.7220544790649885,0.13393513660827913,0.21795218553066617,0.08425614961906455,0.1646131186278178,22.828163146972656
3008,0.16399294390232766,0.7237581844994013,0.15118059384444918,0.23297739250944233,0.09182234166734034,0.16678082832671628,23.867029190063477
3009,0.1604625580952722,0.825276569009407,0.15363079962642093,0.24958019525256178,0.09424983076258249,0.14042076199874737,23.287418365478516
3010,0.165418932682835,0.9212605378834461,0.16065125518520146,0.26930972414209353,0.1021004922484885,0.129918125536037,21.337242126464844
3011,0.15653546700083262,0.9013082394647505,0.1435406860069591,0.25179319364378644,0.08430501701981216,0.13638659992164093,21.539440155029297
3012,0.14989467516032262,0.8204382373828785,0.12557693225791047,0.22484283299004876,0.06929942324238196,0.1548358824875103,23.37103271484375
3013,0.1537910162816999,0.7275821787085343,0.12205746889061582,0.2085609988646042,0.06898224930499179,0.18007495262627823,28.068058013916016
3014,0.15489489218737892,0.717052621926979,0.12184634603672556,0.20687581402104746,0.0789939804667971,0.175824883338428,30.468515396118164
3015,0.1501378946245585,0.8326445979942445,0.11642319435969063,0.21874053773605545,0.08607395239541007,0.14616653135250357,28.108537673950195
3016,0.16328518104158765,0.9574113235567877,0.13348307477133245,0.25118711031211177,0.08922737274761532,0.15117157518710486,24.563098907470703
3017,0.1669003660783799,0.9884729287066394,0.13943754734687208,0.26072831611255315,0.0792855036439956,0.16146391442856453,21.786836624145508
3018,0.16650378801209006,0.9124307539664125,0.13620667589939525,0.24709582990896914,0.07358102591318241,0.177293168188865,19.599138259887695
3019,0.17139196630762685,0.7347990049543229,0.13838516862858705,0.22358714524654935,0.0829336406360928,0.20312221969866193,21.272594451904297
3020,0.16673389512208042,0.7247735582532333,0.13642747841971184,0.2204769183959292,0.09566665724608754,0.18189258289895643,22.90955352783203
3021,0.1558636867411475,0.7920497902172214,0.13249202422398146,0.22671456222301575,0.09563718762289507,0.1465673574229837,25.68526840209961
3022,0.15840605543217115,0.8178707120745681,0.13778067550195736,0.2349363950123303,0.10341108129159989,0.13956261067253173,27.427038192749023
3023,0.15970940693162547,0.7899314817264456,0.13918757386276326,0.23215098927186076,0.09873307758971776,0.14967731055808886,28.739147186279297
3024,0.15211088123457928,0.7240806518748013,0.13476686557873074,0.21895454933531225,0.08109456578257927,0.15576194766693793,28.41732406616211
3025,0.17128104379364698,0.7138586634703534,0.1355127206663406,0.21813356963834243,0.10189491472376641,0.19099794661568395,32.01363754272461
3026,0.17063759069236514,0.745487377213166,0.12658934136936165,0.2150033464899051,0.11938346658759179,0.17666491296119433,33.10960388183594
3027,0.1622737040775636,0.7978698991269266,0.12095753942682254,0.21765930509826598,0.11930185731274807,0.15141166910366272,31.633819580078125
3028,0.16323487128349531,0.8714744426224189,0.12325532996896121,0.2301437746337409,0.11539913525403368,0.14654584987780936,29.299137115478516
3029,0.1593109458271471,0.8610543285817609,0.12950671298141517,0.23401351521003597,0.10162701191266442,0.14441963979229172,27.746902465820312
3030,0.16324586082833553,0.7772864920912357,0.13220893696241878,0.2243628734093926,0.09398959891696115,0.17036770399236312,26.393705368041992
3031,0.17254744409906675,0.6670782115156668,0.1523287484759982,0.22586438605309375,0.09310211994217805,0.19540977852657077,27.34954833984375
3032,0.1635833111521987,0.6886329809816596,0.14464146336413367,0.22235453730949453,0.0912616557218414,0.17543993676612754,27.538841247558594
3033,0.1579431264146704,0.7494969741862426,0.15193833610434823,0.23730385583033314,0.08739152436745325,0.1502351399672805,28.103181838989258
3034,0.15899997154919887,0.7941645581050998,0.1486545188699957,0.24087023876072486,0.09522107811972823,0.1431700194899005,26.903350830078125
3035,0.16156910495205648,0.7529520808002084,0.14296356980575162,0.2301047856621026,0.08909159972812275,0.1650182014017081,25.836774826049805
3036,0.16093506504187674,0.6725836585338485,0.12100779947495165,0.1998043507690798,0.08930445420335695,0.1896012245142789,27.41832160949707
3037,0.17071595231241513,0.645478111913462,0.12222660806041279,0.19697682289656268,0.10730016915122621,0.2032265008173263,29.735149383544922
3038,0.16255343639767747,0.7119751896052583,0.1105376908938877,0.19645733356694062,0.10776691552672868,0.18082573213665235,31.055248260498047
3039,0.15440350540522593,0.7164033083648493,0.113873642378878,0.19994930894830246,0.10484185234462955,0.15791737373305592,32.30659484863281
3040,0.15077473744698577,0.7429740801789582,0.11987108552577659,0.20888579904765964,0.0975098767385459,0.146534311666281,30.33953857421875
3041,0.14746256642148825,0.6843667706110106,0.12524088307919237,0.20511600986945216,0.08332107330845553,0.1531396098784235,27.088655471801758
3042,0.15487199117534425,0.6350882646355891,0.11789891999524903,0.19178311208672616,0.08774979489144716,0.18130668212629497,25.644119262695312
3043,0.17067502014384103,0.6455625984616674,0.13469051126784884,0.2076722380098229,0.10490299381402776,0.19585297754969347,23.016380310058594
3044,0.16182558868536856,0.6995823077323478,0.1230959595027002,0.20545115210693557,0.10369100217681375,0.1745209838864829,21.74247169494629
3045,0.15331473179759686,0.713932398085581,0.13175126559144124,0.21491999880488974,0.1020038041342269,0.1443071848716643,23.128942489624023
3046,0.15143317437872508,0.7242379926545739,0.14000826194041516,0.22346965204243782,0.09626605445991455,0.13667248635193557,25.662424087524414
3047,0.14935412861308683,0.6787503401404823,0.14607487936346442,0.22217137376018123,0.08122396889754672,0.1452529288604768,26.54582977294922
3048,0.15502100531142796,0.6698536481786852,0.13335513071472146,0.20999777606671624,0.08990575283271678,0.16389217681942297,28.01470184326172
3049,0.15893910357830282,0.6693359289679024,0.11699294229448531,0.19589908324783062,0.10812916756306211,0.17105781538080161,29.527374267578125
3050,0.15671118750193988,0.7100631995110962,0.11094071926339884,0.19652964501306988,0.11411867893115146,0.15913848217914098,28.399559020996094
3051,0.1535033079260553,0.7005437599952237,0.11089847450720287,0.19513351529120584,0.11867609223290355,0.14755069021305633,25.573497772216797
3052,0.1575019731855712,0.707457269777013,0.1256829028427975,0.20879352669054255,0.11545339361103533,0.14941437099644012,24.884916305541992
3053,0.15687183335298777,0.6964657980515379,0.13671006378722264,0.21667516868212483,0.09009714854077676,0.16297176415067752,23.924436569213867
3054,0.15429459360238573,0.6681335651545393,0.12420381071934106,0.2019080613529408,0.09236772675704362,0.16681881781032437,23.886606216430664
3055,0.1619019632732266,0.5699238845405782,0.13948733664132076,0.20097827205550042,0.10711910191657095,0.17564519677581064,24.76192283630371
3056,0.1549783682614544,0.6227739159878564,0.12746147851407397,0.19822039815318576,0.11395375463059294,0.15303812903319325,24.234403610229492
3057,0.16034454114442853,0.6617154802117292,0.137450503096199,0.21234549982698905,0.12576563011319486,0.14510024944951755,22.60320472717285
3058,0.16148611130739002,0.6563607083809726,0.14234581036057126,0.21577651007777146,0.1278660751443023,0.14339954402600807,21.543739318847656
3059,0.15654581826610794,0.6444969912872675,0.14092232794052548,0.21286156556148866,0.09835778385156534,0.15818406949537467,19.890701293945312
3060,0.15473584862082393,0.6229650658296766,0.12022493008784235,0.19204494947953293,0.08821530748520279,0.18029585886312208,21.521093368530273
3061,0.15827736127704542,0.586226962281452,0.1073569647793784,0.17576696442253179,0.09632283999177241,0.19718416464935867,26.2692928314209
3062,0.15976810316044776,0.6558329807954999,0.11473941419287632,0.19203849513610827,0.10820413801750146,0.1766499796818228,28.85335350036621
3063,0.15469298902528414,0.657052844000213,0.11767441957905082,0.19472848021064543,0.11837955840489943,0.1514361860309297,24.649877548217773
3064,0.15294900621132212,0.6557093477714409,0.13359141026308377,0.20817968704999193,0.11438025729268538,0.13836981578129312,21.8260555267334
3065,0.1532239562172273,0.6541763769813917,0.14484643890143734,0.2176078586271451,0.09542569366362728,0.14746152134294915,17.148313522338867
3066,0.15668891362901724,0.6172570268311054,0.13366916700018325,0.20275314697602928,0.09842749940274285,0.16736144689837185,16.402503967285156
3067,0.1666656742277418,0.6103971422695548,0.13252173540572756,0.2007896506719886,0.10829459410311142,0.18788188994807742,17.157360076904297
3068,0.16230821598502126,0.6459122038774845,0.12967989450647874,0.20342736727376526,0.11296976989793577,0.16950009893357004,17.693635940551758
3069,0.15634090160366898,0.651463797726793,0.12859814785286172,0.20329324069199478,0.11686564263980928,0.14979845649476112,21.41350746154785
3070,0.15614517472217873,0.6693191824416904,0.13519278615679056,0.2114965570546334,0.11897049318238657,0.14024056152859896,24.349754333496094
3071,0.15553221409418558,0.6861920211196144,0.13471250361353976,0.21349529182869326,0.10643407397307517,0.14777539368246292,23.249717712402344
3072,0.14802011005368787,0.6287707376200316,0.121137125268996,0.1936562127477154,0.09251279235273745,0.15665742318474546,25.276182174682617
3073,0.15063315541103817,0.6347689428669859,0.11368279143782338,0.188123670213418,0.09290399405406362,0.1683419711463085,28.29964256286621
3074,0.15338094719987613,0.656181682014456,0.13176243913218563,0.20667947382965285,0.10352248799580807,0.15037088820238112,27.967016220092773
3075,0.15168428648231852,0.6705151482340772,0.13149618062788104,0.20849889028590907,0.10393698696929689,0.14375039522807076,25.4845027923584
3076,0.15301369982352606,0.6695557893950723,0.13880571389741755,0.21462715325422538,0.1030836535581151,0.14279071855389874,24.547746658325195
3077,0.15033671357115724,0.6625405761389223,0.1338687702008733,0.2093933139063089,0.09386233168186599,0.14807727243102942,22.383886337280273
3078,0.14584040200856999,0.5733754131314694,0.12414471848301918,0.18832053200422635,0.08618364303547911,0.1608699523638252,23.19317626953125
3079,0.15085193039589387,0.5795561121224369,0.11626949353631773,0.18245329619147757,0.09320124326400424,0.17364508656516153,25.220842361450195
3080,0.15174297366274053,0.6223053306679365,0.1265178545560007,0.1973446368577058,0.10758813630652794,0.150477001053832,24.466753005981445
3081,0.15545906643690496,0.6527977606877009,0.130903851025554,0.20546012383443216,0.1149179035335882,0.14718165875447087,23.424476623535156
3082,0.15275275695723065,0.6536157632331177,0.1344874635902448,0.2086486492535123,0.10818529579955484,0.14284037971095048,22.66794204711914
3083,0.15111518850902209,0.6633658170234997,0.12345604981960796,0.20058601656302108,0.10279167342607451,0.1501112896593521,19.545045852661133
3084,0.14574309110734907,0.5752994783694683,0.11344632104300634,0.17942534351821515,0.08958386019723837,0.16541044729418808,21.431150436401367
3085,0.15217310437224102,0.5955114001691832,0.11864838717049365,0.18677167474173503,0.09286693618227347,0.17379225246515534,25.800403594970703
3086,0.15498325513870703,0.6394028615412853,0.13737208737829207,0.20909076940157684,0.10253512483337023,0.1535312941758657,27.06566047668457
3087,0.15190459412443477,0.6512445366025243,0.14045608397329945,0.21342586292033158,0.10451326505303736,0.13954089686549775,26.188003540039062
3088,0.151065508079267,0.6572519289906756,0.1413886728581408,0.2150834237342172,0.10597891554224255,0.13450060035108194,26.413888931274414
3089,0.1496656677624086,0.6417328061598319,0.13113555449041428,0.20407801901461678,0.10109140787735517,0.1445573378161482,22.03753662109375
3090,0.14800151581404658,0.5761096652919937,0.12297600063253604,0.18770938129817288,0.08898294861813016,0.16489837981186295,20.087074279785156
3091,0.1517893588287918,0.5874839773030915,0.11803221602344521,0.18509675334910897,0.08941855509078678,0.17721984189426876,17.882091522216797
3092,0.15508150546781818,0.6360343862696187,0.13388020229153283,0.20561651428840225,0.09810653904775737,0.1607164683673603,16.271255493164062
3093,0.15422829817243514,0.6731706698637201,0.1386688394872909,0.21502624382678076,0.10552772610218934,0.14364309628634778,16.549129486083984
3094,0.15561141837710404,0.6861836200573411,0.1436808393872325,0.22118123662581943,0.10792438420941994,0.1399639823062017,18.454374313354492
3095,0.1527672634406799,0.6826780170112168,0.1336524036476897,0.2120846341281936,0.1033799593755831,0.14407845514606515,19.400272369384766
3096,0.14860270116807428,0.6029738487318612,0.1224666961322044,0.19111057507501253,0.09062064913524394,0.1621426070282299,22.505542755126953
3097,0.1565735127252485,0.6198350841259068,0.12993623544251634,0.19992178525442925,0.09657129849165637,0.17114571171660847,26.180130004882812
3098,0.16419030921237174,0.666073365663395,0.15705400127538977,0.22977105333081907,0.10440262506110301,0.15912138174109047,24.462797164916992
3099,0.1636478154845771,0.6812567711224702,0.1524899001654276,0.22802802458786225,0.11398540878031145,0.15076973838543495,21.78876304626465
3100,0.1620825801635308,0.6846388659310172,0.1488285580742381,0.2253728877680637,0.11584382040509467,0.14716247579819614,20.720230102539062
3101,0.1561486185487642,0.6504392735576766,0.13542299347790676,0.20899674777501673,0.10814596453718558,0.1519088277359245,20.037155151367188
3102,0.1517614735102641,0.592525033037537,0.12197708381217025,0.18919821941579404,0.09510394495156405,0.16857965833178787,21.11404037475586
3103,0.1568570277806936,0.5945430400084998,0.1258424267989423,0.1927996572574505,0.09962308600271363,0.17548692604426383,23.670948028564453
3104,0.1585333667449419,0.6578513876896408,0.14029854644683007,0.21423466662437443,0.1036945465357704,0.15777869703346348,21.759044647216797
3105,0.15705860027714344,0.6894939120428147,0.14424224195679122,0.22213533768336605,0.10252851184829379,0.14783028242194218,20.23589324951172
3106,0.16045938256417525,0.7081252229755637,0.15630975708467917,0.23514053792623407,0.10189889777086873,0.14635379581651703,19.167400360107422
3107,0.15975103199867763,0.6834169554658929,0.15047974408446183,0.22661363142466628,0.09832043226278375,0.15499803226984468,18.15549087524414
3108,0.15722628545374254,0.6191287915075547,0.1393130793425694,0.2078581810804244,0.08933803438792562,0.17232559646298568,20.172895431518555
3109,0.16224771505478774,0.6240563920587363,0.13779327050934992,0.2072594307306908,0.09571605672347336,0.18107766487827262,24.584671020507812
3110,0.16678861751399918,0.6825181878327586,0.1566227675587379,0.2317506847407409,0.10849038705354475,0.1609577603434978,24.219276428222656
3111,0.1641400906133503,0.7017576418662588,0.15372384626374502,0.23201438849267556,0.11564757232114549,0.1471810334746199,20.903642654418945
3112,0.17098166166119197,0.7212683094919341,0.15675140225658105,0.23739667471877438,0.12908374712999057,0.14952920045060858,19.2459659576416
3113,0.1683233606458726,0.6865746313176986,0.14614889500867714,0.22335257162425165,0.11943740882318153,0.16294800888464572,16.736875534057617
3114,0.16496805000712705,0.631656299303818,0.13533251302459878,0.20623591106448727,0.10058309055969247,0.18519551109844212,16.242753982543945
3115,0.1702460842068275,0.6218549610990349,0.13809018917663493,0.20719944230840634,0.10410587281085669,0.19578458083942046,17.27776336669922
3116,0.1710915348643163,0.6747009120538345,0.14509727987972532,0.2207549416188838,0.11014733456852485,0.18096222921288732,17.174217224121094
3117,0.16150352389961495,0.6769066069730407,0.15513806687092527,0.22967642974265606,0.10104882091324749,0.15475009640002554,17.1151065826416
3118,0.17197917035113502,0.7098658334247165,0.18191776929703637,0.25733892131527636,0.10554998644810255,0.15541492417266478,18.803403854370117
3119,0.17429258165922656,0.6995308345933829,0.18143394904210228,0.2554477898351424,0.10012535995421785,0.16817809349718282,19.89410972595215
3120,0.16222826989975667,0.6417265042988816,0.15364780496896333,0.22337333344466592,0.09894739382009633,0.16409710586766388,22.342744827270508
3121,0.16706915959108698,0.648125463131598,0.14693311650171761,0.2185320231631291,0.10729158549767805,0.174344531297283,26.02422523498535
3122,0.17120163850525605,0.7269073443236631,0.15862779890198858,0.23981059110508496,0.10932474011368411,0.16531109107303119,23.150318145751953
3123,0.16137347021740578,0.7155208559124702,0.15538212070579877,0.23540194002103748,0.09639982106649529,0.15345050214627465,19.55018424987793
3124,0.16582127683321674,0.7161162167429286,0.17244305485040876,0.25011064940648303,0.10596165055332775,0.1444452488265115,17.745616912841797
3125,0.1601887580321003,0.6862377141928313,0.16509405210178915,0.23954314668622376,0.0984808291542594,0.1447481057278531,16.64564323425293
3126,0.15632598542605047,0.6246861049481642,0.15097312221445247,0.21864640546212555,0.09616482030904495,0.15443663737186458,17.60081672668457
3127,0.1641215737668502,0.609300873655545,0.15172498600559295,0.21709296995558613,0.09517922298985175,0.17809615903157994,20.03325080871582
3128,0.16560837662471314,0.6873480171594406,0.15415358796467374,0.2303242207067833,0.10460190619412864,0.1623626746796632,18.979957580566406
3129,0.16000745234271915,0.6814168155376211,0.15723118394975355,0.23211484560516318,0.09819334117358662,0.15100083051107158,17.53877830505371
3130,0.17194721137862154,0.7087873030511296,0.17659801916954376,0.252625059724056,0.10791034425454617,0.1573863528099323,17.25343894958496
3131,0.1664433502616114,0.6772902066113022,0.1681666249078765,0.24089856515122304,0.09962667765911339,0.15975962576038688,17.016489028930664
3132,0.1567355552867261,0.6209722077643076,0.14856354384947942,0.216050495837312,0.09362546902043714,0.16005630778796637,18.801597595214844
3133,0.16261034004701555,0.634941696225582,0.1448044484708196,0.21482405529292856,0.09298597790556606,0.17784465608060995,21.7164363861084
3134,0.1629492986442809,0.6989411349225014,0.15581291966289484,0.23340266469998147,0.09990730581643684,0.1564643470699064,21.660810470581055
3135,0.15409022049671636,0.6858672373700245,0.14971789087373868,0.22631065465892236,0.09067722039766571,0.14638371569145536,18.719547271728516
3136,0.16798998095705803,0.6943825742595702,0.17560566925622081,0.24971665568527074,0.10230592979448654,0.15395268533712192,16.271867752075195
3137,0.16597000960081787,0.65815682734505,0.1685940672730706,0.23853160442621052,0.10760562742254765,0.1535474485345858,14.998143196105957
3138,0.1583100320886931,0.6026262271996625,0.1513171379211474,0.2157898649609353,0.10017964575307796,0.15887926636914446,16.286056518554688
3139,0.16661149098989575,0.6118805642360661,0.1510271128138054,0.21686332015984267,0.09979015421632524,0.18110981014306637,18.535234451293945
3140,0.1652463245323724,0.6795364957973877,0.15219024007351487,0.22752541946263952,0.1083042087021741,0.16057646781981216,19.725364685058594
3141,0.15462115421498493,0.681727527500384,0.1468328401280942,0.22324636689556415,0.09456366805466465,0.14712439350975842,20.893218994140625
3142,0.16624130735580334,0.693020985751478,0.17236970699801943,0.24674846110565632,0.09872230296755648,0.15487667666439797,20.78792953491211
3143,0.16284897452575448,0.6716871337047071,0.1664080539321041,0.23859077961390454,0.10678802689383647,0.14562822425155145,20.427114486694336
3144,0.15968974259131288,0.6077931672459778,0.15228074809313097,0.2173539508292519,0.10360669040189986,0.15830623104885255,21.80243492126465
3145,0.173096136498475,0.6074614154386994,0.15340330930439358,0.21826875303786583,0.10731520845632389,0.19112840906339018,24.988920211791992
3146,0.18026885676920462,0.692396973155355,0.1696497872679569,0.24432795668044235,0.11752616869338503,0.1791169964132138,24.282590866088867
3147,0.16802694683408384,0.7305884451954798,0.15986228643296926,0.24139459482761363,0.10179989065599744,0.16177892899557086,21.59804344177246
3148,0.16713519187734296,0.7768477335210804,0.1696189553883134,0.2563659236929944,0.08843850837378134,0.15791789960426444,20.214054107666016
3149,0.16177786360928553,0.7371192633649047,0.1691242587305839,0.2502664022497726,0.09329556135395034,0.14427240677227765,18.437572479248047
3150,0.16764134956447344,0.673049912648857,0.17088197624520496,0.24262025287429814,0.09555208359221258,0.16511291689410507,18.61187171936035
3151,0.17645742552029925,0.6221054592803824,0.16977099490625877,0.23439020410256214,0.09832664558022938,0.19413067670838036,19.636035919189453
3152,0.17376069173156547,0.6016064243301333,0.17540617910933068,0.23629192842658817,0.10490225444748537,0.1792969922469907,19.300830841064453
3153,0.1540984539105354,0.6061211233608725,0.15121143589819122,0.2161985341071457,0.09395795724519941,0.15238381832067033,19.16832160949707
3154,0.15291696202646826,0.6862526955557726,0.14553540225528216,0.22278072986963796,0.08614056354195274,0.15021551383764586,19.3651065826416
3155,0.1543579166833832,0.7060752276260868,0.14608207120397174,0.2260810935499882,0.0870822144947327,0.15046637634017299,18.54668426513672
3156,0.16294348785180549,0.7110254068143526,0.14538276155966876,0.22618885373890926,0.09313704250975886,0.16868443237488046,19.38555908203125
3157,0.1780342122371135,0.6811713183216941,0.15467690078105167,0.22989038900114345,0.10158051821340526,0.19955703983933196,21.64120864868164
3158,0.17075849697146234,0.6371301298512033,0.16230882446275063,0.23014043951824387,0.10458738656697478,0.1766990188469551,20.390445709228516
3159,0.1545652713802734,0.6301119028246083,0.14981681114674414,0.21843039567215333,0.09833192730116444,0.14788746369409886,19.209287643432617
3160,0.16274673588174657,0.6816128976412877,0.16078844545955895,0.2351919386283773,0.09741611054295743,0.1565214806498852,18.50140380859375
3161,0.15107601874196133,0.5937031787094453,0.15157696419157182,0.21473785197983947,0.09152027670161368,0.14748318894412216,18.38033676147461
3162,0.15353224209161465,0.5571532414378706,0.1443504919960294,0.20332231334486384,0.09478441085207054,0.16137028207962267,18.289072036743164
3163,0.1652236070338381,0.5206986957446373,0.1532251656668739,0.20572138424941153,0.10517010435661663,0.18233486681278016,17.484329223632812
3164,0.15949856070062096,0.5816737225844293,0.1550218247453423,0.21597209586521188,0.10124845784063072,0.16105305743409545,14.68450927734375
3165,0.14397803468030448,0.6029007199877194,0.13555912609357204,0.2023222109355931,0.08442368459051783,0.1450369367854903,13.941577911376953
3166,0.15817922243739388,0.7072376442870958,0.15104105178103597,0.23049770785333026,0.08889822294663922,0.15552142225285984,15.176074028015137
3167,0.15385224670214548,0.6362158939561167,0.1510748264929848,0.2203806932734322,0.08966293656501899,0.15180550232225523,16.68782615661621
3168,0.15923843676876126,0.6096260101594209,0.14218691810310094,0.20896393125400378,0.1028477790454581,0.1650704546020642,18.780330657958984
3169,0.16876188067479406,0.566587615985898,0.14726852138610094,0.20717124918607194,0.10901044786747868,0.1874361869338269,20.513809204101562
3170,0.16249004816441145,0.6059310004137811,0.14921964561918996,0.2144641248755601,0.10027544160477883,0.17145051178183496,19.317604064941406
3171,0.1532750686934152,0.6085032510015127,0.14481779593528224,0.21105857523045804,0.09144061437175684,0.1568196480049538,17.42617416381836
3172,0.172924459546696,0.6914258278526273,0.16574148473261596,0.2408392480354747,0.11081227146767006,0.1678471841881623,17.252220153808594
3173,0.16532675273261563,0.6116240953942182,0.1642467700614666,0.22815781653757394,0.10724670481070864,0.1611696138349457,18.017108917236328
3174,0.16473105230937782,0.5798408190165892,0.15730430757116634,0.21766666634908388,0.10794808249254302,0.16809748861436546,18.24032974243164
3175,0.1681270061327428,0.5674162872695404,0.15013372687788426,0.2097455212195494,0.10798358638854043,0.18433629770796417,18.033777236938477
3176,0.16061802532331304,0.6249793929311226,0.1479281149390797,0.21607829750937155,0.10201026467778755,0.16337207772534668,17.6357479095459
3177,0.1559260854760586,0.627088742084781,0.1450867502844726,0.21394417768451665,0.08849410381584624,0.16416323874634364,16.098899841308594
3178,0.17270012436567697,0.7141597316237935,0.15854298126631947,0.2379168027459586,0.10182915384329803,0.1776476299900121,15.277969360351562
3179,0.16186472071186173,0.6183393375406363,0.1500357335672768,0.21693624842061388,0.09557023528376184,0.171684808716291,15.849725723266602
3180,0.16648139562429945,0.6076487797230513,0.1451227338415715,0.2111978832532115,0.10546268730882592,0.18074583872504085,18.53428840637207
3181,0.17499775567234718,0.6208466153249854,0.14793639029297576,0.21549499386897716,0.11856546778577536,0.1889409241510463,19.675018310546875
3182,0.16507015727839705,0.6231769125008213,0.152096869092227,0.21939401815059761,0.10686576622477724,0.16846562118713881,18.833452224731445
3183,0.16620644678761742,0.6423193128833377,0.16088968249246774,0.22966534397687774,0.09825134257792666,0.17014062793049406,17.451780319213867
3184,0.175611431718456,0.7102184827887266,0.1605159883898676,0.23904491616113321,0.10801718648461965,0.17925209741072023,16.413846969604492
3185,0.16276642341596392,0.6737443334394896,0.1411599769188507,0.2172434564217991,0.10830574399594961,0.16275211402837064,17.305967330932617
3186,0.16618159597159451,0.7070660338650372,0.13185730644788904,0.2140299817931959,0.11497438048586187,0.1691205719277093,17.870277404785156
3187,0.16811132396829515,0.6105794683197359,0.13503222311167928,0.20296754385568733,0.11386202761091571,0.18508026587953397,16.846290588378906
3188,0.17335841115518907,0.6839500831551026,0.159365648468781,0.2343062819953984,0.10389024272826207,0.18081367154356698,18.790037155151367
3189,0.17288154592576596,0.6831671863186984,0.1663024060201229,0.24014023177706223,0.09618129657465747,0.18114291398810167,20.466045379638672
3190,0.18498615683527567,0.8070270649972001,0.16651645903329673,0.2580179741709972,0.10982189588557366,0.18685204499750863,20.612455368041992
3191,0.17453070992212646,0.8328415545246564,0.14855048044579436,0.2463063481713461,0.11067598275499078,0.167599912725303,21.6210994720459
3192,0.17480585066591206,0.8953481012892397,0.1322595041624064,0.24127216089481116,0.11590929907015532,0.16818231186191257,24.914188385009766
3193,0.17435998732268077,0.7999417053830928,0.12857842646565967,0.22448746631100724,0.10895924069031006,0.18772409651121946,24.79952049255371
3194,0.1790373685501206,0.7048605004515939,0.15724970679630212,0.23547982017562955,0.10149091293667468,0.19750337203956547,24.303665161132812
3195,0.18224785779011302,0.6812247557274579,0.16845935974711926,0.24171155917288192,0.0996740637202331,0.2024691888913352,21.93899154663086
3196,0.18383802265785085,0.7030356748586881,0.17400189731567917,0.24957815125039473,0.10402688225835964,0.1961501579889297,19.5330810546875
3197,0.167725271191832,0.7725660930748866,0.15386051523627278,0.24224702635607473,0.09163362250264395,0.16909892802615906,19.657773971557617
3198,0.16925369632421702,0.8210690627547894,0.1382937112418976,0.23583304717231074,0.10207182425396495,0.16978090239360555,21.64000129699707
3199,0.16836957254794868,0.7053568328101139,0.12520509124251458,0.20808391146645736,0.10304848119388417,0.19077548092906,22.201335906982422
3200,0.17682734973904848,0.6625646859300905,0.1461158933586719,0.219894292297446,0.10428107878056135,0.20262176208912702,23.546215057373047
3201,0.1767791743868525,0.6819830557946258,0.15941289936369354,0.23406577885382673,0.09544551550810601,0.1978203469971532,24.0918025970459
3202,0.1866778457837355,0.7640756893519531,0.1722269692713053,0.2567767864256835,0.1092126448013927,0.19312332358158096,23.127822875976562
3203,0.17841952803645614,0.8777848799491161,0.15241210890438053,0.25603679048219996,0.10500125727839842,0.1747454103097309,23.738767623901367
3204,0.17154956191378867,0.9176610801038383,0.13345249775889292,0.24548229523674228,0.10310914757611098,0.16674378280167224,24.515422821044922
3205,0.17363743663498185,0.8276302437335855,0.12465156021204704,0.22507708642940966,0.09995579572291721,0.1930991788629141,23.753890991210938
3206,0.17965392377161798,0.6775181415691391,0.1473967220880623,0.22312835344250187,0.10555919133543466,0.206446688691255,25.894792556762695
3207,0.1763283144887107,0.6432893350095494,0.1641284611616705,0.23258001456851038,0.0966393482591931,0.19683592236971398,27.130847930908203
3208,0.18246524865011893,0.7132242385417293,0.17338034809313663,0.25050090387150703,0.10884314561360539,0.18735339048835367,28.171640396118164
3209,0.1781948981330446,0.8507404163582042,0.15138777712032772,0.251295297011453,0.11835682065356654,0.16659036690898055,27.096593856811523
3210,0.1648031075881881,0.8647555804008052,0.12540424196527153,0.23102586174177636,0.11274519497629218,0.15240887123920738,23.8241024017334
3211,0.16630374081609897,0.7747815308539906,0.11959949503747347,0.21319692872554732,0.0990802975319104,0.18409271426899668,18.50995445251465
3212,0.18345079037433806,0.6903620096487014,0.15329214517151438,0.23001641152539826,0.10576540566459888,0.2106805834881821,18.472993850708008
3213,0.17996025270931149,0.6664941126808182,0.166072815751979,0.23756157245609885,0.09862066670566283,0.2007312356840651,21.14291763305664
3214,0.18746333660053524,0.7289948898024445,0.17536859255983797,0.254458063594496,0.1141295258950844,0.19301003484808898,25.02361297607422
3215,0.185478097974781,0.8838716870558294,0.15293927979285388,0.25735819511613606,0.12137608954279101,0.17867227035408642,27.749832153320312
3216,0.1704813692346866,0.897188864396173,0.135485609926406,0.2443003605649441,0.11502286739641956,0.15441594092919494,29.699462890625
3217,0.16789536933356272,0.7891625774949577,0.13368142963803162,0.2273215936175925,0.10239411093319348,0.17321102418535977,28.45607566833496
3218,0.18907593308964063,0.7138417802218359,0.1604165946212105,0.23947733542129981,0.1186528200279042,0.20659492997845827,27.664899826049805
3219,0.1894919416330631,0.7089479169088759,0.16962772262861459,0.24667346466865192,0.10919377860888148,0.20971900162308177,26.27086639404297
3220,0.19201305436714924,0.7602248636452621,0.1688249203187008,0.25331062650820957,0.12475441940091143,0.19722898433917957,25.481853485107422
3221,0.18833022631554963,0.9043954408247161,0.15081377046225397,0.2584682947997486,0.12216394342008306,0.18485491392540881,26.352577209472656
3222,0.17962626335451468,0.90741762225892,0.14432988331829188,0.2533424174526674,0.12615734483788735,0.16190993222067998,27.544858932495117
3223,0.17576312885191567,0.7686561771676353,0.1425479949311154,0.23199202096490398,0.10813281835614195,0.18573936993685292,25.971111297607422
3224,0.2035624090518785,0.7530919982830013,0.16942585096516524,0.25280672915342756,0.1262741220648457,0.22810088007667678,26.238218307495117
3225,0.19449078613758666,0.732494835585142,0.16608453610906249,0.24700029317707384,0.11290853220219312,0.21992943967150486,26.624954223632812
3226,0.20192638126421417,0.7728125543073355,0.17822531650874576,0.2631663504799729,0.12782993698174916,0.2131757969475823,24.74058723449707
3227,0.19813167223613667,0.900014661550417,0.15648596173529405,0.2627043474231688,0.12785177636898745,0.2031254903312392,27.068065643310547
3228,0.18246464615437946,0.878842640636608,0.14403858710943107,0.24901059475617066,0.13020097100399036,0.16996765688440274,29.964048385620117
3229,0.17722358747263262,0.7851446114445606,0.13763390048020419,0.23013543061796934,0.12038137501928546,0.18066266061714176,29.2492733001709
3230,0.1992575723505378,0.7405566655112222,0.17537205887292573,0.256112716964111,0.12717624431104238,0.21258048284821973,31.022777557373047
3231,0.19085800417810067,0.7802640043610305,0.17488754689941047,0.2613698979653562,0.11383733007781258,0.19655318695200416,29.459251403808594
3232,0.20668743387156158,0.8502628107406681,0.21015356503141977,0.30159774298988384,0.1241375347261348,0.19587207514527805,25.527143478393555
3233,0.2017455088509684,0.9853389383372525,0.1811990451588569,0.29607617275577053,0.1192222480701046,0.1914140311175223,23.902427673339844
3234,0.1806633066304364,0.9304250011566906,0.16047879699039844,0.2704711118712973,0.11050145043809989,0.1634731012129775,22.09380531311035
3235,0.1715549413974047,0.7510895528327379,0.1432638756840803,0.2300961152767457,0.10981065847108742,0.1743576618135089,19.13558006286621
3236,0.18919284114106388,0.6796670007128127,0.16320596927293782,0.23698611662149136,0.11598146344312223,0.21143368058138878,20.213102340698242
3237,0.1870419413335951,0.7121608687799632,0.16526834881269267,0.2433958516651599,0.11250093879293153,0.20295564701655658,24.024511337280273
3238,0.19681172343927653,0.7828908652922427,0.18703135506643997,0.27215414224155465,0.12182613230857178,0.1964994992266498,25.106121063232422
3239,0.19598292460283478,0.9363973609915928,0.1725018866307575,0.2816298115394482,0.11608448383301095,0.19095303420689383,28.221940994262695
3240,0.17699909484473614,0.9086190869742483,0.1557563789378812,0.26330819437164793,0.10907614222380094,0.16091121630200658,30.536558151245117
3241,0.17374149848586928,0.800774657117197,0.14692065755951397,0.24032837178204014,0.10436078236135805,0.1761861109606671,27.987903594970703
3242,0.1936042569104149,0.7245560935414539,0.16502385638595504,0.2449570331224549,0.11630901849945262,0.21630391133447197,29.579477310180664
3243,0.19615427873291455,0.7622964921327837,0.172254403480912,0.2565461304311794,0.11404384610560078,0.21515803704583236,29.070417404174805
3244,0.20583096179330687,0.8370353128656629,0.2030099896989271,0.29358503586560364,0.1194980170429024,0.20458747363665108,25.345945358276367
3245,0.22396669485547216,1.0136101973869764,0.22227396511390463,0.335321998295772,0.11876038395630828,0.21858632638197814,25.525856018066406
3246,0.21005736366058603,1.0294276802041258,0.2079778998185243,0.32532786844503875,0.11788232520533355,0.18984883062253588,25.65896224975586
3247,0.18658811786290508,0.7788258904637789,0.17668024528526693,0.2627010517393401,0.10724511554772531,0.18941442774680678,23.351533889770508
3248,0.19226922733756613,0.6347359570206306,0.18571227353932948,0.2498585140366582,0.11113732221727464,0.21286901845611556,25.043113708496094
3249,0.1934299731998898,0.703873624669249,0.18185247113279648,0.256426921638004,0.11193001194070906,0.20962010941832307,26.86635398864746
3250,0.2034063431925654,0.8017453076020378,0.19289255612903414,0.27987152062517756,0.12563007489945435,0.20455354769550196,29.903640747070312
3251,0.21078019320902588,0.9846924852567259,0.19817009688023776,0.3105304380768789,0.11361031815561608,0.20852236962138815,31.182647705078125
3252,0.20144947251506862,1.0105135788798858,0.20239985597195084,0.3178446735302273,0.11224426459087354,0.17765822856047547,35.804073333740234
3253,0.19197177334981272,0.9271956323769016,0.1876233830773412,0.293276561548707,0.10537190473319134,0.179104968715324,35.7353630065918
3254,0.2037632034682578,0.8514390618734113,0.20068181378960678,0.293647134944436,0.1230049020604019,0.19577827715847576,32.674903869628906
3255,0.19263588512373603,0.7280676054666209,0.18969991121790228,0.26660958182486205,0.11339984165243454,0.19724043854763962,30.790443420410156
3256,0.19703334520938712,0.7046478225112895,0.2103011196127408,0.2809220771696764,0.11798095970410423,0.19280154206125666,28.201875686645508
3257,0.20292447879318842,0.8869974272813578,0.2109776451605965,0.30755189974927666,0.11961681754588524,0.1842696890480015,27.789140701293945
3258,0.19586499465630078,0.9574409494268913,0.21378378894297934,0.32002052615496673,0.11885891869863197,0.1546092210579283,27.8315372467041
3259,0.18853390165295936,0.7985031040781398,0.19613127817093634,0.2821843961576797,0.11000672888990455,0.17530099512900202,26.167949676513672
3260,0.20393043066339073,0.7617032983537186,0.21023071397825435,0.28901251174617787,0.12006478843428602,0.20286604666641855,23.545045852661133
3261,0.19099392956483213,0.7497059175816294,0.18312416873511392,0.2640644185703304,0.10871221119709329,0.19905375525679248,26.249052047729492
3262,0.19474376386574824,0.794513562813381,0.19233643427752967,0.27836173835407985,0.1123752056183515,0.19365052465493016,27.24811363220215
3263,0.1991482074843523,0.9215385654216555,0.1928775490880226,0.2969719799928273,0.12176434565974291,0.18126328563596994,33.46253204345703
3264,0.19528309634457752,1.0073927143729322,0.20527576445900494,0.31986390016099453,0.11713957457490655,0.15465047455367475,34.19761657714844
3265,0.19052821663661848,0.8540631420714457,0.19023552144342623,0.28506803867600045,0.11291845129001168,0.1757144170304403,31.436511993408203
3266,0.2091574375918875,0.8186335205017458,0.20543261681156796,0.2930327459101648,0.13034855808316534,0.2047243123835268,31.318153381347656
3267,0.20225247482277356,0.8160420243167581,0.18947805860345157,0.2789871965624954,0.11765090462607965,0.20913596722262418,29.80107307434082
3268,0.21036588751124255,0.8414123568711727,0.2052682383537449,0.2961459695705203,0.12150633401928922,0.21306042501483363,25.628374099731445
3269,0.22199589942757925,1.0026465398795392,0.22667138933093278,0.33752498226644795,0.12555304945778678,0.20529544566713753,27.6966552734375
3270,0.21084217879011735,1.0527708480492877,0.22698091169503384,0.3449509026027844,0.12422284107633365,0.1692889659535945,28.209630966186523
3271,0.20299301180225912,0.8528026116643822,0.22233226144241555,0.3123994543312679,0.12235068483420683,0.17782441068642219,25.946044921875
3272,0.21033315108139847,0.7249399150436585,0.22774389363838232,0.2987718966962789,0.13699128036097385,0.19712338554874953,26.859710693359375
3273,0.20945502490190568,0.8566898968183251,0.21393968727205928,0.30576114577866864,0.13221608941184684,0.19277123768853954,28.387788772583008
3274,0.21690117344885376,1.1471758887172052,0.21296368611737126,0.34642257220306183,0.12008425587705952,0.18828475241424159,26.766061782836914
3275,0.21553237258979216,1.3049991961716936,0.20530866249622023,0.362407310164145,0.12455945719616086,0.16661810318166084,29.9206485748291
3276,0.22234972470054518,1.4091533044628273,0.21077588995539454,0.3819726634564565,0.12908619992233544,0.1642852374700564,32.43482208251953
3277,0.22636134018250476,1.2959036545284883,0.19391692508726752,0.3513436007217276,0.1310579694131598,0.20039231163386168,31.067848205566406
3278,0.23282529877699973,1.4680533842794006,0.2138551216542588,0.3930263020292791,0.12533435585021666,0.1867039959921905,32.96833801269531
3279,0.22920194309648273,1.265956147667803,0.23683379596446522,0.38385127477922776,0.12178117691552691,0.1878769482824172,30.099681854248047
3280,0.22007186173454213,1.0063076975494172,0.2294657062963031,0.3404431336181766,0.11994192100853028,0.20236069697162234,28.477294921875
3281,0.20652724913116735,0.8532373297394652,0.22008253897327035,0.310533223368441,0.12796492201378887,0.1842640579012591,29.893999099731445
3282,0.196275399434216,0.97791932635313,0.1856779868309871,0.2988553210484361,0.12791372494682154,0.1663344331982436,27.6726131439209
3283,0.22052115811721598,1.1110645307748952,0.20175668692168292,0.3316578074721418,0.1278542823563175,0.20436010622244213,27.092424392700195
3284,0.23380908684234364,1.396444665122461,0.22650830055915994,0.3936420669253457,0.12163931392358787,0.1921037805736281,30.01726531982422
3285,0.2315209756892445,1.2330058366650716,0.24478736770205914,0.38596143469677513,0.11900296763400282,0.19483883110599168,31.16270637512207
3286,0.21450198853331368,0.9150745346760605,0.2307045435224754,0.32847168511584474,0.11853201677727061,0.19875222931013667,33.98334884643555
3287,0.1997707113013193,0.8452250259050463,0.20499026063245065,0.2964523699571072,0.12632735506058465,0.17943719668814762,37.30712127685547
3288,0.20462710654312916,1.0865757459899823,0.17695766773441443,0.3069031074852098,0.131443937026944,0.17917087904547063,36.4704475402832
3289,0.21973381632908187,1.265784646998914,0.19783200477422858,0.3503966679491836,0.11756148405360999,0.19480461190253073,33.31576919555664
3290,0.23131284073519398,1.3926009920578846,0.22190969371706304,0.38915130776575185,0.11603881745935987,0.19406895244981076,33.633419036865234
3291,0.22496890969744499,1.246310769068776,0.23551960810161407,0.37991834538263725,0.11340360756382142,0.18700779283982244,32.69178771972656
3292,0.2103932484136003,0.9487875783216957,0.22692494561163642,0.33004817885593063,0.11830081810725387,0.1862760607946144,31.871620178222656
3293,0.19889062678264427,0.8292155150090268,0.207155828324827,0.2960214978511413,0.12827287485539368,0.17569164753405367,34.611080169677734
3294,0.19117288364500087,0.9143709900409993,0.17391970906577925,0.27969846349081073,0.12227365511339341,0.17399982624507382,33.678768157958984
3295,0.21499688169318076,1.120312619806759,0.1922056822103599,0.3247923875812741,0.12246460484493224,0.19989155628331665,30.935211181640625
3296,0.23420732883108505,1.3237550861759888,0.2222769441705538,0.3796309644570445,0.12518270792329675,0.20235819095268534,29.680030822753906
3297,0.2289798242131621,1.129124955399761,0.23926319367351137,0.3663863024915471,0.12794571289701503,0.19715400312120407,29.614490509033203
3298,0.21455979872726008,0.8183486637088998,0.22672077899287024,0.31123904823801735,0.13055432701176586,0.20347024315640488,29.37356185913086
3299,0.20331115265492825,0.7916642912765718,0.20820685418004933,0.2915579166224097,0.12486262583184493,0.19473769515357986,32.38376235961914
3300,0.20784212356618562,1.0744059156817198,0.17728485181609385,0.30544500379689754,0.13023548696776321,0.1903454103879322,32.130977630615234
3301,0.22270962707212985,1.268812605370301,0.1994334697931103,0.352201917732709,0.1304032343511928,0.19017196637494302,30.0593204498291
3302,0.23453592073001717,1.3952018446571195,0.22112338890039393,0.38884888257992617,0.12784672293616275,0.19286512718096938,29.89720344543457
3303,0.23048342188884827,1.2006390606626183,0.23494686455735322,0.37290289257239106,0.1267231140512542,0.19665665439864308,28.4458065032959
3304,0.2168145053403806,0.8883955864622803,0.23175764533020674,0.32556306549193154,0.13460603009567054,0.19359193104689487,27.001819610595703
3305,0.19901862949772983,0.7604689460914422,0.20938743698131748,0.2881133668541925,0.1312767719752263,0.18033485964301565,27.009319305419922
3306,0.19138245199350792,0.9362096335105075,0.16028763592870346,0.2711336355832469,0.12280988164632323,0.181601165406273,25.162092208862305
3307,0.2049066089484704,1.1363645681810555,0.1835045817199538,0.3196274369286826,0.11091749522870498,0.1867663589705795,24.198991775512695
3308,0.21926647091062315,1.2599241033974047,0.2044382221185673,0.35522191944411546,0.12139107331905312,0.18594642633644115,23.872562408447266
3309,0.21768223420322433,1.0711198912062272,0.23119564702981457,0.3511848247693021,0.11382487865700955,0.19174265356084425,25.246013641357422
3310,0.20222190810339286,0.8043576852455071,0.22771961781358566,0.3100964845895744,0.10704529572885198,0.1911111895057072,29.18184471130371
3311,0.19510076132957785,0.7515728484097144,0.20743028053219392,0.28516493308612545,0.12667562110845723,0.1761666087360792,32.637306213378906
3312,0.20348739365349441,1.0790148754289297,0.16602132512262072,0.29644897516637914,0.130044841512932,0.18640824295271247,34.6406135559082
3313,0.21763435953858187,1.3147539844920897,0.17866236714737518,0.3409611696251916,0.12107928054504928,0.1942090948321394,33.62483215332031
3314,0.2206620266539388,1.3327991289238068,0.19529239438892812,0.3577933564653394,0.12814139298999433,0.18162766752491466,31.235515594482422
3315,0.22188293461924607,1.237742321704803,0.22752178563162975,0.3718390050706545,0.12462320639084061,0.1757736351741185,28.03546142578125
3316,0.2187566314699213,0.9818522247435109,0.25155133927696777,0.3558800372007596,0.1182397570174816,0.18672591660132246,28.050315856933594
3317,0.20762435625454742,0.8281013326183257,0.23246894547854405,0.31755928649851295,0.1253119682883747,0.1834546317614788,31.980602264404297
3318,0.19125583634639848,0.8564116080975609,0.17932314936614735,0.2760500720420636,0.11822007129085513,0.1809671745362919,31.831554412841797
3319,0.2111748797539126,0.9609241041275937,0.197272498944382,0.30636558539912656,0.12132853251754486,0.20649856614617226,31.027868270874023
3320,0.22504626612860798,1.1225693975019235,0.19733921840265045,0.3295149582739751,0.12924501616389641,0.21746225422053433,30.7104434967041
3321,0.22363896166743438,1.0290261846864281,0.23397952129210883,0.3475576160627259,0.14316149184246685,0.1856279251684011,30.147958755493164
3322,0.20283481525616417,0.7283708947388805,0.2113450117050635,0.28520585213846594,0.13389481103569487,0.19108266167706073,31.1071834564209
3323,0.20989285235657543,0.9193543596065397,0.21228793403699645,0.31329742340407407,0.14539718851809597,0.17584755854868356,33.47787857055664
3324,0.21871145773353476,1.2744414631215633,0.1848038973781915,0.3404664067701018,0.13949670464789637,0.1814887862764721,33.194488525390625
3325,0.21170938502129244,1.265477875069028,0.19020242029267131,0.3438131995464366,0.12515324589101484,0.1718551690507843,31.569517135620117
3326,0.21595388442503924,1.2581120265734684,0.1933870018154583,0.3454905767808883,0.12531956899648522,0.18191430461365607,30.67843246459961
3327,0.2154725253278895,1.154319970060551,0.22350542282500405,0.3564789295729393,0.11951251873976843,0.1760569273780769,27.785667419433594
3328,0.20082882242156072,0.7999466035898275,0.24564369641717318,0.32482982601326665,0.11708730509371511,0.16560177194068293,26.181535720825195
3329,0.19053955463503566,0.8028432976370499,0.20998500559993136,0.2946790473195197,0.12301458115029519,0.15850185033526,29.1332950592041
3330,0.1947916069645978,1.022269271521832,0.1749560984249531,0.29600083743879296,0.12744353158147645,0.16516309625990816,28.592784881591797
3331,0.2044990317264448,1.00542026164745,0.22605005634064076,0.3373886570987564,0.1298740093398006,0.1535175041139858,27.64055633544922
3332,0.20476936869164433,1.095135947416469,0.19014928580769844,0.31943309460895136,0.1356843948963314,0.16488796058489943,28.103914260864258
3333,0.20280045008983372,1.0618153980872875,0.20885032284004654,0.3307024764467953,0.12378876334581021,0.16002140292851297,29.698562622070312
3334,0.1910324125630312,0.8148406729566222,0.2189278242390218,0.3040582311986791,0.11300085454637683,0.16041243452141196,31.04787254333496
3335,0.19682498201028206,0.9224098271465869,0.21439901601066003,0.31554341760150667,0.1204716509828206,0.15975551551698927,34.59925079345703
3336,0.20750502931760237,1.1615611972747522,0.17871034926737753,0.319117613268431,0.1370032699152311,0.17153305783770206,35.68531036376953
3337,0.21014465760535259,1.0601522562597365,0.20558042944297275,0.3276621189882247,0.1442897298794851,0.16493994065547346,35.39445495605469
3338,0.22023787542888706,1.2345391176248381,0.19586245831534518,0.34424483821670127,0.14097784221213777,0.18108431205420533,33.53711700439453
3339,0.22203192253375692,1.2181938215922044,0.2246602264536949,0.3665935971877677,0.13041110924519064,0.17570866883899305,31.040969848632812
3340,0.2027928285363287,0.8415149063101179,0.23911359747433655,0.3251709273080196,0.11638891826322796,0.17131541360006233,30.47294807434082
3341,0.19656487810903941,0.8172932300255416,0.22102943870652428,0.3062099803235267,0.12222914009617891,0.16566918443261597,32.43705368041992
3342,0.19588667654086558,0.8882315728267046,0.18788566311392504,0.2879350787871792,0.12917844898607186,0.1737140236857856,31.210105895996094
3343,0.20155843261300452,0.7370498914769842,0.2369687622541737,0.30840892357171806,0.1373870672455133,0.16421419772068496,30.853574752807617
3344,0.20120698818113117,0.8621854374484788,0.18541674727204502,0.2820979887258213,0.13647676616548804,0.18706630696821513,30.221755981445312
3345,0.1970287684108259,0.8914073582054591,0.19883364575948528,0.2977727475374815,0.12412185933546702,0.17267133211594127,31.05416488647461
3346,0.19085058034809607,0.805036457131663,0.2025444986263686,0.2886147784128393,0.1140676208761939,0.17249199657936032,32.571533203125
3347,0.20503977059945946,0.9503523809720544,0.21096112205261078,0.3165884447553885,0.12818419749854637,0.1746833071763205,34.10441207885742
3348,0.2130656548300453,1.150843828944325,0.1770201552458527,0.3161378229170631,0.15314437201152334,0.17530863022011145,33.31083679199219
3349,0.20142135899519165,0.9663560438082467,0.19492819149916496,0.3051321704004623,0.16070303087400445,0.14630293612161865,33.9149169921875
3350,0.20405427624040381,1.1043760935278302,0.1777784534612361,0.31014954489932095,0.14880093006723955,0.15956759406537008,34.48628616333008
3351,0.21150120206516043,1.172944686329402,0.20809784989237365,0.3459331122405206,0.13474428607182648,0.1610355821558876,31.7062931060791
3352,0.18572931065526505,0.8356582894213747,0.20982523045274518,0.29922995316254936,0.1091624830930743,0.15341222257830817,30.46331214904785
3353,0.18125154023620685,0.8287994230966172,0.2055137775195015,0.29455458403051804,0.10676835379847723,0.14728416504919797,32.103702545166016
3354,0.17993041589539613,0.8719368015168116,0.17506142398875643,0.27461504934990716,0.11245345881611371,0.15612369906707102,30.373722076416016
3355,0.18833814357194542,0.8203073450565187,0.20383404282436282,0.2919016574289565,0.12177317188999356,0.15596441916876855,32.10932159423828
3356,0.18962664821899297,0.9193974596437984,0.1760036291227786,0.2822027477686385,0.11885358561713666,0.17054899088967737,33.573326110839844
3357,0.19659807066979182,1.0016941597222755,0.1976703216500276,0.312530869946063,0.1193984976186843,0.16270649772277368,34.23355484008789
3358,0.18777172960857325,0.9214565329049224,0.2115294118263423,0.3129475719804251,0.10139440081153321,0.15382303023061286,35.21238327026367
3359,0.1856735971559942,0.939945091777548,0.20968567943785066,0.314008452629236,0.10255686489222762,0.14610773934770338,36.894405364990234
3360,0.18834473284854927,1.0193015040770628,0.1785620024234377,0.29866764551681274,0.11360209939320891,0.15721198853724158,37.20048141479492
3361,0.19403949989100405,0.9487676460907737,0.18862708094186983,0.2972185902488561,0.13059112817870983,0.159275121076141,39.52129364013672
3362,0.2065217407893537,1.1181116648180907,0.19472927476679977,0.32664104477412703,0.13307619783885338,0.1656821998843648,38.82746887207031
3363,0.21424238183889896,1.1659741071204406,0.22090757850093312,0.3559170825894342,0.12525736803525528,0.16813890576036886,35.45480728149414
3364,0.20564034124792857,0.8746776406289967,0.2282132344862534,0.32056529250664534,0.1255139880445297,0.1751915679495254,34.649696350097656
3365,0.20214975823245096,0.822267077550088,0.22727971752645035,0.3122779118155415,0.13378634675030313,0.16560560889412612,36.334503173828125
3366,0.19889155586590637,0.7823182366781832,0.19884854870656943,0.28220136127394285,0.14067214936204375,0.17693745682475429,34.97964859008789
3367,0.1843250038093098,0.6004048636875254,0.21410294609242841,0.26928893432029943,0.13070798116141688,0.15689645942910024,36.322959899902344
3368,0.18225853074494952,0.8374159277533629,0.17871036020778605,0.27281115557143987,0.11947192620223523,0.15796326299664554,37.131980895996094
3369,0.1911392162581438,0.9380319058467878,0.19481257962905704,0.30098676908873284,0.12208433415423325,0.15544562937230016,35.3299674987793
3370,0.19779972337253715,0.8408740394370169,0.21860316081378692,0.30749900061710556,0.12037923234531277,0.16955578543236113,35.15666961669922
3371,0.19487285604679913,0.8443516447484403,0.2114309844339228,0.30184822162171093,0.128763230205417,0.15911533377996062,33.501930236816406
3372,0.19410418274372673,0.9607349754355967,0.18257733400595363,0.29374271135304547,0.12772963544790386,0.16499819909441785,32.04441833496094
3373,0.18159766770454483,0.8536476975144022,0.17918032330231357,0.27553280533261193,0.122578842300461,0.15104589450855951,35.20198059082031
3374,0.19084289460214715,1.1006613868596333,0.18924457482361032,0.3194469765430421,0.10597116198459697,0.15257708894422045,37.034786224365234
3375,0.19901927398170374,1.109321914672237,0.21398477180359268,0.34189007792768483,0.10273316805777252,0.1582576632124102,34.84882736206055
3376,0.19384658703545246,0.8590854184225956,0.23104433047575576,0.32076448589673284,0.10892318318649163,0.1571014038996729,32.9896354675293
3377,0.18345653396477868,0.793010750171534,0.21960701746197384,0.3015218364204824,0.10450766973166159,0.1492296505200154,33.83140182495117
3378,0.1843370693461598,0.82450245535169,0.18956410489209552,0.2802695835291804,0.11387143035435796,0.16205355355384338,30.802955627441406
3379,0.17694768911135547,0.6673918613097547,0.18400124194218273,0.2530570447089787,0.11792661642241557,0.16199544156625745,32.020626068115234
3380,0.18868507352476957,0.9553240056289684,0.18936543022425267,0.2987880838534978,0.10779141236417324,0.16312689300265418,34.594295501708984
3381,0.19026258427276596,0.9542112174635679,0.20195486720786993,0.30942006010154105,0.10256947572515966,0.16273126290174333,35.96331024169922
3382,0.1919490459371983,0.8450669442287798,0.2267215529991177,0.31505660888906944,0.10611522872803558,0.15933451841232849,36.52043533325195
3383,0.19235292402313942,0.8876312488305355,0.22176504085892548,0.31688878485486976,0.11236742724551682,0.15337135547579508,36.846832275390625
3384,0.19208332225829802,0.9809112860584662,0.1899052626331983,0.30290612312252235,0.11512989490001568,0.16244762044059885,33.734249114990234
3385,0.18836125659929454,0.8733646347826607,0.18191882764237233,0.28069680009098497,0.12613018988823826,0.16201983941623962,34.49386978149414
3386,0.20589248391739282,1.169222768927399,0.20148645622203953,0.33973450089423374,0.11981059849706935,0.16410236880544,35.137699127197266
3387,0.20675734158993342,1.182286473183296,0.21727548160966048,0.3551341946916084,0.11788542488051339,0.15469052224671032,34.36425018310547
3388,0.20232384137581558,0.9364943466492215,0.22252499798796657,0.3245206192252887,0.12116415917975074,0.16641638267908332,33.652889251708984
3389,0.2002928351445115,0.840999953542596,0.22727091589363738,0.31494649270063146,0.12175510951315117,0.16869139471034683,35.37508773803711
3390,0.19593637585150006,0.7987838450313897,0.21030110712068398,0.29437006967935625,0.13014755765817593,0.16737210967128452,32.86711120605469
3391,0.1814398181500068,0.6066800007807522,0.1982125018973622,0.25656500173784647,0.12867738384921987,0.1618724125238356,32.259883880615234
3392,0.18972185153457294,0.9276531464054858,0.18115411979282406,0.28779683788034716,0.12216276567358718,0.163020438610383,31.86077880859375
3393,0.1873253121565729,0.8909978213181586,0.19096403956775956,0.2909688655321023,0.12280369205379824,0.15309362054291248,30.012399673461914
3394,0.19409125707507827,0.7197653579341456,0.2103847401670614,0.2831533998480734,0.12561375171741923,0.1760796993366592,28.38850975036621
3395,0.19916200516775662,0.7773915079509877,0.21694469048880616,0.2970085215548321,0.12561018593878734,0.17790414515441358,28.0792236328125
3396,0.1962471502447271,0.8856405670088476,0.20660600043582325,0.3036109385176839,0.12445303837599424,0.16512368339103123,27.127656936645508
3397,0.18354098804815344,0.8657841887540578,0.18522213820237746,0.2824452882811889,0.11669376764302844,0.1554910431987318,28.310075759887695
3398,0.1985764813450439,1.15427756376813,0.1978997153639026,0.33452512227879216,0.11203982318439447,0.15534099641858246,30.772525787353516
3399,0.19581948816328373,1.070972862013503,0.20145625388607147,0.3256729121899902,0.11326433062615952,0.15443350498489913,29.29928207397461
3400,0.19013336172677073,0.7791067195228681,0.21354639116975652,0.2943407237916296,0.12378167951290672,0.15700964185715016,27.43254852294922
3401,0.1926063401166673,0.7296378172723486,0.21943573838891609,0.29232174965797786,0.12735697851170297,0.16244854817236437,29.054901123046875
3402,0.19166643645347706,0.7383160159449215,0.22132117117076774,0.29517757756707536,0.11926728514753455,0.1644434453717782,25.740121841430664
3403,0.18541781976433722,0.7104665622006802,0.20165206263902202,0.27433984829068747,0.11046342446399968,0.17319614069157618,23.773962020874023
3404,0.19128340890417245,0.9815736779354953,0.18627761263943274,0.29989133625315595,0.10922043734656897,0.16805657258671491,24.545032501220703
3405,0.19017451199783872,0.9603239422887233,0.19610900973351272,0.3052825715271142,0.10667583983481818,0.16251629805236556,26.0690860748291
3406,0.18740615422513282,0.7490870512715402,0.22048745277100665,0.2960016811282257,0.10480767697857553,0.16465873577566414,27.34245491027832
3407,0.19447328268837702,0.7696386706881662,0.22489706821910418,0.30271729714325585,0.11350120379183673,0.17061033907483072,29.0223331451416
3408,0.19951940739162402,0.797462887670636,0.23130009634151807,0.31218049510282064,0.11493928193916149,0.1749485654152317,25.569690704345703
3409,0.18662215276282065,0.7793091012473898,0.19888535318551,0.28180303148006425,0.10683299296382043,0.17315439870935764,25.20775604248047
3410,0.20008683587623322,1.032957645182346,0.20344012585206953,0.32194262861353756,0.10990697497396806,0.17237039552057398,26.120237350463867
3411,0.19730872727001972,1.032182301659772,0.21126381474837333,0.3285378843071446,0.11107914596766226,0.15793409850209822,25.409984588623047
3412,0.19855025079946814,0.8260471551077382,0.23204108279828595,0.3168990931282077,0.11319008401354155,0.16968515969950684,25.50920295715332
3413,0.210182644157548,0.8062594405981768,0.2504086271631416,0.3298158862252895,0.13311557122879478,0.1729372461609333,28.214488983154297
3414,0.210448288662918,0.7673559597635697,0.263072934786061,0.33511336692570515,0.1391112106351438,0.16378628845728177,26.1705265045166
3415,0.18197922485125975,0.5482052849790439,0.21106999203521207,0.25923217674147375,0.12441921936253844,0.16474789674995366,24.297222137451172
3416,0.17847574788932674,0.7218830844048266,0.164610465666131,0.24422083977165893,0.1138218946599442,0.17752091406799575,23.951171875
3417,0.17466062958749884,0.7459770945291718,0.17959174929493274,0.2605039414712526,0.10257957427881702,0.1626186550843109,23.144485473632812
3418,0.19640657965866026,0.6333392775792527,0.2209869102810612,0.27989439132365995,0.11931291610560632,0.19081170006070777,22.71074676513672
3419,0.21598436378004404,0.7462703184362626,0.23379573882471916,0.30700639305493965,0.14148376649775904,0.2015281107865098,23.853910446166992
3420,0.21940141620962264,0.7717160398552982,0.2450987876156926,0.320329823649922,0.15232639039439344,0.18977970728768623,21.618009567260742
3421,0.19519930980767713,0.6653961213208328,0.20528886547015537,0.27101847344882357,0.13934847100096784,0.17772702557754455,22.52374839782715
3422,0.19611488759186765,0.8644934193179696,0.18092417010841336,0.27857691999549283,0.14007359169727873,0.17299674314646096,24.632007598876953
3423,0.19561408369893768,0.8880674419431559,0.17885270613797508,0.2801690969672866,0.13494469478949314,0.1747141623848963,23.27828598022461
3424,0.19454319166436154,0.6941562222423185,0.21398669476361318,0.2825823415462853,0.11927820720109446,0.1833657969230369,22.92348861694336
3425,0.20258246856687015,0.7586590298726332,0.23294614321483062,0.3080479841659453,0.1144191385378597,0.1874430561930636,24.57555389404297
3426,0.2080517425968502,0.7322258891989555,0.24220429309488942,0.31220737825261313,0.12578267546039035,0.18890099514246003,23.5283145904541
3427,0.18285747625946697,0.5342736915301635,0.19532374255363347,0.2437451638359949,0.11601720864037147,0.18806598379671358,21.051767349243164
3428,0.1778046478867659,0.6958942216397592,0.16992854597122198,0.24506649963815588,0.10326042239226359,0.18417672491198916,21.767866134643555
3429,0.17494249154019748,0.7951763358361114,0.17152141862345793,0.2606149782252655,0.09969869783647724,0.1658173851815181,22.920372009277344
3430,0.18234539532535596,0.6955656105803698,0.20240020679661672,0.2728524073371528,0.10550914887828278,0.17038347545622268,24.716691970825195
3431,0.2020295503849706,0.8090600595464912,0.23398351466119593,0.3161373067876667,0.11348790583373039,0.17965920251494677,27.664806365966797
3432,0.21624503612940682,0.843826052755157,0.2536715105197031,0.33797930226762507,0.12515948666654153,0.18942740903847288,26.548376083374023
3433,0.19224420685415397,0.6313629957430013,0.20328701322678464,0.26444072501481564,0.11923371887616328,0.19295643044431693,25.904590606689453
3434,0.18425494931171116,0.7394841920299247,0.1882012986541964,0.2669559977078718,0.11423026367500892,0.17316313189718507,26.073707580566406
3435,0.1754738866577338,0.8110110673789719,0.1805786051775097,0.27064038549200437,0.10141227610951471,0.15700710940743884,24.311124801635742
3436,0.18521246337004182,0.7255294066984159,0.212224109703306,0.28555343784546455,0.0997156949483462,0.1722237830730306,25.341581344604492
3437,0.20712861770021573,0.8170342496985734,0.24787093866271,0.3291799830964048,0.1116572820921122,0.18387109163564078,29.920948028564453
3438,0.21765179175178498,0.8684334319195461,0.2623509259120578,0.34893414105598464,0.12463294940671672,0.18417122316254497,28.7748966217041
3439,0.18572394061834485,0.6189037162617819,0.20392469977735836,0.2632074164179903,0.10722826241719928,0.1866096177196575,26.085153579711914
3440,0.1703769475574835,0.6220993997824582,0.16764210933077103,0.23256457939529776,0.09968313391961171,0.17781985663253386,24.29586410522461
3441,0.16822522153679093,0.6750856679119214,0.1661832432713358,0.23888358964856232,0.09771761000758154,0.16809330952704915,22.213787078857422
3442,0.18301655331074126,0.6527654305119193,0.19831013922351962,0.263232323693291,0.10345610913283584,0.18244314288167757,20.490156173706055
3443,0.21418259988418417,0.8349786679952331,0.2425376338820939,0.3271720673268281,0.12447889960849226,0.19380755361310115,22.641185760498047
3444,0.23577167833376408,0.9355888537196345,0.2676080494414537,0.36303387862405107,0.14995104236063275,0.19951030955625298,21.071088790893555
3445,0.20247528484151453,0.6641096405024471,0.21397273964386931,0.2782780111950947,0.13987288303279843,0.19092500086475847,21.169206619262695
3446,0.1956012712292133,0.6716669639251548,0.20103352015314757,0.26826686926343435,0.1285649745467472,0.19067563254642778,22.1807804107666
3447,0.18633143570456864,0.6928195365420612,0.1907336291133903,0.26246018731748616,0.12146527070138284,0.17647667242105342,21.913999557495117
3448,0.1922747148552109,0.6137850337963332,0.21232681943629342,0.2696779929162991,0.124568875246872,0.1837894562090553,20.95918083190918
3449,0.20816403144329582,0.7817807290510908,0.25063571526044814,0.3265135743733971,0.11792273618276461,0.183569314732422,22.95842933654785
3450,0.21738963898955452,0.8627632549668656,0.2640162384774421,0.3495515265473597,0.11753374611101854,0.18912189364519402,19.413311004638672
3451,0.1870826324059183,0.620270886385163,0.20592134213130076,0.2651141341675668,0.10798304181693476,0.18801721012983644,15.814916610717773
3452,0.1828552719121835,0.6458591479983262,0.1848535927444038,0.25071152920924983,0.1104480662811358,0.18683735170441723,14.7553071975708
3453,0.17707017743734232,0.730588118450384,0.17727913673541518,0.2563232769804107,0.09925170968617761,0.1758148746194266,16.266000747680664
3454,0.18665216434847115,0.6486959133408661,0.19439157436259438,0.2592921942166332,0.09902955762095207,0.1997619191004086,19.111448287963867
3455,0.20529526721036415,0.8083232138513535,0.22900710177977357,0.3117665463614279,0.10984732537611921,0.19564984705814775,22.397432327270508
3456,0.21656979837754273,0.9148654703716503,0.24957824447829113,0.3446192767487711,0.11145242658887887,0.19650420511779884,20.59074592590332
3457,0.1873514078484008,0.6566815927121978,0.19716775038127934,0.262812584999982,0.10272770468599013,0.1953686181078766,19.421842575073242
3458,0.18479139537029282,0.6872737165503245,0.20128495620424292,0.27071192196796884,0.1116013552802632,0.17365221967610217,18.772199630737305
3459,0.17833199884049708,0.7263646245509685,0.19490397021082217,0.2708269208308431,0.10483684406301443,0.1617072025292416,19.01901626586914
3460,0.18127451224886673,0.5883717230850172,0.20183216619981117,0.25705210289769775,0.09794934462418385,0.18787864210273708,19.44012451171875
3461,0.20065774881440285,0.7499806416132117,0.2414564875683377,0.31410279528903395,0.10346067775918419,0.18644077032241685,22.70928955078125
3462,0.2089114117789454,0.8303924129708786,0.24991067855261198,0.3328366406123644,0.10668291250812802,0.18992677341166903,21.22988510131836
3463,0.17945195041056042,0.6058143081943945,0.18648964244210564,0.24639316612100406,0.09802460737225634,0.1921273118224383,19.74498176574707
3464,0.17557623710240933,0.6478022771154059,0.1753106144867186,0.24280942343367398,0.10891793436045964,0.17507321396175873,17.388700485229492
3465,0.1695052324189789,0.6725709353824985,0.16904958490906888,0.24098120640527315,0.10815019481445266,0.16064941308493194,16.892642974853516
3466,0.18305654439622626,0.6019205706772486,0.19809317543712535,0.25578280332857156,0.11001954751641027,0.18332844010026314,16.923717498779297
3467,0.2037215247474407,0.7374888545092732,0.2368016021683319,0.30832835250275215,0.12382649771476019,0.18209869911513862,19.031017303466797
3468,0.21314277097126197,0.8241461687188995,0.24278264018662946,0.3258345728340966,0.12175024737639083,0.19450590248679392,16.70774269104004
3469,0.1825335041704822,0.6123894006446235,0.1822235313899625,0.24367579842634265,0.10624719090304195,0.19578452080561448,17.57118034362793
3470,0.18590498238563577,0.7025837271707362,0.1954890263232998,0.2679311264443622,0.10857208167512544,0.18179839445594664,18.25371742248535
3471,0.17661342715898787,0.7208879166387274,0.18156370074064074,0.25861001729751026,0.09907486552710872,0.17271265221567506,18.334548950195312
3472,0.18165729972653608,0.5724165526714238,0.1970722371660664,0.25069285366683175,0.09986496213288332,0.19281948542322352,19.163097381591797
3473,0.2032534677966514,0.6719457325671907,0.23410098172116012,0.29665023184202166,0.1139922312304436,0.1996348812523843,23.01573371887207
3474,0.1994526083421582,0.7364018154190124,0.23255019707349664,0.30452899969428465,0.10524240311135492,0.18994469548600035,18.53579330444336
3475,0.1752702599798774,0.5400867658056088,0.17284753515173334,0.22531028238800127,0.09787120453072266,0.19920941389077945,16.1776123046875
3476,0.17770961512728684,0.6866588870471173,0.17740166361463663,0.2501526955335624,0.09610312643079924,0.18572759738122235,15.678458213806152
3477,0.16734500550382583,0.6937668796790517,0.16824281514258613,0.24331768150493835,0.0977763528850674,0.161741485044266,16.50205421447754
3478,0.18100125693762614,0.5915460787816349,0.19120568971457455,0.2483971738670118,0.11001699442866782,0.18414105931975233,16.71376609802246
3479,0.1989939012581123,0.715704635394643,0.2259962123576118,0.2959545585057591,0.11080801700068331,0.19131597489167174,18.7988338470459
3480,0.19826810213535995,0.7641877252748397,0.21753853271700643,0.29563127451098264,0.1024520440040483,0.19691437717158777,17.314714431762695
3481,0.17761294708661257,0.5714331303845475,0.1681972562903223,0.2258023811609259,0.09610358519155089,0.20676788392976736,18.71999740600586
3482,0.1838437936004308,0.722765729115459,0.19136616928458786,0.26728039211756943,0.10105689979575064,0.18327530197702968,18.038585662841797
3483,0.1805649298126784,0.7334337799215992,0.17955265078248858,0.2586785263737901,0.12209699066336951,0.16337497957735098,17.53256607055664
3484,0.19111580353579374,0.635162998693322,0.1942272054372828,0.25721803304528845,0.12818451786140492,0.1883412276800761,16.663612365722656
3485,0.21162074026914288,0.7352079086479877,0.23056029788684432,0.30265281370986485,0.13889153003302523,0.19560573496511416,17.936357498168945
3486,0.20564530736797862,0.73104774763913,0.21640280413072585,0.2899235103462122,0.1339292014183742,0.19465347246792813,16.999361038208008
3487,0.1921484419345485,0.5269901339115645,0.17770126074412562,0.22759967119661687,0.1430127668405112,0.20412233203752128,17.337234497070312
3488,0.19047277005251517,0.6131570757369706,0.18153484335734282,0.24319516226871826,0.13396682636272692,0.19378337759190217,15.652881622314453
3489,0.17009778855409016,0.6184582175972003,0.1734143249697988,0.2369920239165704,0.10186188398827938,0.17127174910700435,14.772093772888184
3490,0.18455386494156786,0.5724680823804811,0.1941362137592498,0.24818362356228282,0.10192237294227101,0.20118038164782698,12.82739543914795
3491,0.20980206780624802,0.6724548451960917,0.22828819435812853,0.2917405730492661,0.11408411373235304,0.22185908553326528,13.8397798538208
3492,0.21533286491014925,0.718802295009153,0.20900989000383963,0.28183737643317014,0.12856128435839834,0.23306655031028803,14.277867317199707
3493,0.19537280917151947,0.5337575988158471,0.1681672304661135,0.22039442594464687,0.1263811910533418,0.23384656034843848,15.534933090209961
3494,0.1953388486722296,0.668385862188876,0.1759552041447682,0.2463024410082122,0.12790620495507618,0.20974926863075394,15.525423049926758
3495,0.1786249995770487,0.6629127581537029,0.1743308895703842,0.24412829936800115,0.11524093880868895,0.17677066543228007,16.22722625732422
3496,0.18904025304629013,0.5825607298856468,0.20834817544465403,0.2618071117933673,0.11736185453594943,0.1880878503391457,15.677501678466797
3497,0.2112948688975256,0.6411879968892502,0.23768834736428213,0.29533115443927765,0.12403438575474486,0.21411604179842586,16.49761199951172
3498,0.2105690692104558,0.6712897878722248,0.21799622075990657,0.2827524446330949,0.12657162432534302,0.2209063799901203,15.12294864654541
3499,0.19344117642458236,0.4766723698390462,0.18481448674366496,0.22650847004300514,0.12019698437562873,0.22859596255129683,14.535871505737305
3500,0.18309161399919666,0.60305740388103,0.17653221471673017,0.23746438459734437,0.10480769999322691,0.20401386448104086,13.870318412780762
3501,0.15933053613199288,0.5721343681050398,0.16832618869042792,0.22601307146394387,0.09318953762092781,0.15885669141371775,14.651141166687012
3502,0.17857601546936774,0.5646300784938736,0.19833264172543896,0.25066084697807245,0.10273309434692719,0.18186434388138667,14.498618125915527
3503,0.20677253568212509,0.6577856650471081,0.21507502455210933,0.2783194017656806,0.1325204945881159,0.20913956381627202,15.769172668457031
3504,0.21241078608729203,0.7209875340528121,0.20247185063115317,0.27654551969139013,0.13943248385553603,0.2201489086364926,15.34265422821045
3505,0.1980118405900373,0.5261745032933982,0.17225376538970485,0.2228138708045182,0.1314249353206714,0.23457360626306167,17.0134220123291
3506,0.19140395939614593,0.6449989084133514,0.1727965452414271,0.24025402569455917,0.13065299014491905,0.20181724947985796,16.72873306274414
3507,0.1717260585430818,0.6189671012901777,0.175153684800497,0.23855560144187998,0.11008689038910327,0.16718448064136462,16.87868881225586
3508,0.1848822440958015,0.5838755766185881,0.20605179193259357,0.2600266183163071,0.10675073909314789,0.18749598353018104,15.922615051269531
3509,0.20577074234829296,0.6379162722936185,0.22479825860406324,0.2838151177025711,0.1313738583765417,0.20257918738858188,16.05399513244629
3510,0.2089078602917613,0.6890116363706096,0.21279941718850118,0.2808297342145166,0.1318703452407162,0.21338404627901486,15.513140678405762
3511,0.1932656980702472,0.46303671146075787,0.18149070736634232,0.22171156509411596,0.12152025301298061,0.23115282884947036,15.81574535369873
3512,0.1780486226418525,0.5371348680445764,0.16752185332383288,0.22032371256965336,0.11306516671173805,0.19791844289387692,15.310235023498535
3513,0.15611420218142616,0.5000258901162544,0.15791921064645087,0.2067915934278514,0.09945320047835293,0.1613498613309932,14.536581039428711
3514,0.1847888509639528,0.5361796240002694,0.1815339435729549,0.23219761220542842,0.12831367024497722,0.19272196800676525,12.896467208862305
3515,0.2148589552464508,0.6657021948817875,0.1929794647064779,0.26051128330295065,0.15993422634723367,0.22297230598382828,12.758550643920898
3516,0.2223346363968104,0.7604209307767162,0.20195416523241053,0.28173513173873993,0.1585118790368155,0.22620411566261767,12.866341590881348
3517,0.19960778335243165,0.5330461995918857,0.1706722932358772,0.22243999414387844,0.13654809386423158,0.23480682721209073,14.341598510742188
3518,0.18702859842611233,0.6045672764705292,0.15790706084715622,0.22171566307906668,0.13175953421358036,0.20503784804074282,15.4523344039917
3519,0.16511594759233347,0.5707333019185472,0.16605441288352676,0.22386568274567256,0.11090150058026425,0.16114757046872238,17.262022018432617
3520,0.17817918905212785,0.5547625512745499,0.19379187126391748,0.24535911126543639,0.10622474525783183,0.18235689543549194,16.262407302856445
3521,0.20009916883225307,0.6413417424243445,0.2084109789635579,0.27025823088652745,0.1220149509498305,0.20703368018188276,17.438072204589844
3522,0.20083714801483465,0.6911530002545229,0.2180220560559095,0.28561219094142565,0.11062573403907663,0.20559397268285584,15.657339096069336
3523,0.18555213558448083,0.4816461194510581,0.18191186320174632,0.2247310426659337,0.11272435438594704,0.21499490043692662,15.313725471496582
3524,0.17673744679250591,0.5221942446428434,0.152071970429103,0.20494658103106592,0.12425849720540831,0.19797353522247632,15.368013381958008
3525,0.15296856287134963,0.49325139022038944,0.14573470386478585,0.1953799447727292,0.10433478200999066,0.15841316196133162,16.293222427368164
3526,0.17075758686272674,0.5385627781449797,0.16186190596060998,0.2156763162726628,0.12044682477317371,0.1754756154573916,17.3723201751709
3527,0.19438878702967488,0.680239700227087,0.18293471325162294,0.2539782828195464,0.12531344726497815,0.20268890050764704,19.71150779724121
3528,0.19740255101599177,0.7619054519069572,0.18897650972038935,0.2708235014613276,0.11340286580612492,0.20665894393495643,19.560422897338867
3529,0.18147316757226373,0.541119518508524,0.1610096626914675,0.21531107066533273,0.10679423091625002,0.21720907193984043,21.26341438293457
3530,0.1785472564743557,0.5655917504597183,0.14737888195635762,0.2071235774568377,0.12138643144733355,0.20355869751332833,20.458560943603516
3531,0.15928432704971385,0.5464193480734117,0.15108940138493213,0.20756510805471493,0.11193158835914896,0.15847229002458219,19.612796783447266
3532,0.17893927613664312,0.568511664581775,0.1814798746996599,0.23677013039710496,0.1188871530469406,0.18088288636222874,18.301191329956055
3533,0.19842759629128254,0.6819605828296145,0.20067741680684759,0.2694321548101,0.1207446418238327,0.2042711927463358,19.742273330688477
3534,0.19420441195898427,0.7398219241973243,0.1944069547017401,0.27232337891539504,0.11783595341220929,0.19267271710055295,18.353853225708008
3535,0.18245171887463732,0.5201795245222762,0.165087003920868,0.21581450686392634,0.12771411329332877,0.20115468426765445,19.023347854614258
3536,0.1756674967353683,0.4995027453591877,0.14829546163022325,0.19846793073436103,0.12693055216547183,0.1983619434849091,18.636064529418945
3537,0.15554468659773313,0.48311348587378194,0.14150567831425806,0.1903067936799043,0.11113787404604898,0.163983803883557,17.6395320892334
3538,0.17240818234968003,0.5573835514553334,0.16078331378067162,0.21744049059133758,0.10895802190296124,0.18852380302910865,17.020030975341797
3539,0.2016026627840863,0.716127459746061,0.19369028759131748,0.2683241693277094,0.11290338355477444,0.22083321388406402,18.4522762298584
3540,0.21307895068506458,0.7784531011631144,0.20251018360728937,0.2847877432581215,0.12884879321025605,0.22403514497409716,18.058147430419922
3541,0.1912002076508247,0.5459097881651913,0.1756639165437206,0.22855618391821647,0.1212167601584794,0.21974924497265905,19.644670486450195
3542,0.1800892295297637,0.583378076544276,0.15171218626949048,0.21337874202303128,0.1258126621993099,0.19845290251230163,21.03200912475586
3543,0.15799122360011164,0.5496627510736408,0.1503070290433575,0.20735784647625513,0.10282576140911133,0.1630652080006113,21.73776626586914
3544,0.16954468719979035,0.5729667095861497,0.16960130071790472,0.22722493055622542,0.11023256833820957,0.17097257826679288,19.93149185180664
3545,0.2037378271149327,0.7114753113423187,0.1953943323316271,0.26912018647601166,0.1357829415244533,0.2059887875656582,20.62959861755371
3546,0.21316351617206264,0.7454912595477687,0.2012836007963322,0.2790275520465374,0.13947241009431405,0.22001220259992715,17.532800674438477
3547,0.1960253916249903,0.5147622525386661,0.17609199440369627,0.22447345985154907,0.13815764368625455,0.2217676113731451,17.74579429626465
3548,0.18179485249674165,0.515754333189365,0.1493027924757282,0.20165301257767632,0.13235305769024258,0.20768053288161054,18.215412139892578
3549,0.1554118697800353,0.49576442502031437,0.14733238395463735,0.19710838982116266,0.10582955487292825,0.1623119402877675,19.928836822509766
3550,0.16635405367690323,0.566366382259728,0.16887757151881003,0.22566168733894115,0.10489266832509246,0.16823858640545442,22.15010643005371
3551,0.20445208982024388,0.734176454474319,0.21052600817916087,0.28533321479275486,0.12562922605484858,0.20265111126401755,25.22798728942871
3552,0.21452013056269256,0.7955120539678211,0.21642435370170854,0.2991511680254389,0.13519537644829752,0.20987713263288524,24.172229766845703
3553,0.19921880725324084,0.5746900807784001,0.19028181544858844,0.24519728192427578,0.13088630660427952,0.21877857998392639,24.94985008239746
3554,0.18642300373119391,0.558863229226269,0.1547965948591768,0.2125203997687614,0.1352910735658152,0.20832822109302868,23.337987899780273
3555,0.16161949129335038,0.5337254606922878,0.14997188039513995,0.20479382043758965,0.12080232334737148,0.1595569752448726,22.46653938293457
3556,0.17554958338513973,0.5643303732742331,0.17336590712365904,0.2292179737165982,0.11773174025962747,0.17918035457993678,20.82791519165039
3557,0.20810021020449615,0.730809723739356,0.20772828113844924,0.2824542015100074,0.1361545330297038,0.2059929353401171,23.4400691986084
3558,0.2114674549686681,0.760060216793308,0.21381134918033728,0.2918469016964759,0.13630678527482398,0.20690102506394975,21.8370304107666
3559,0.19448734616815563,0.5506006621263555,0.18917896356640954,0.24081063478925896,0.1343177949896946,0.20660282590584356,21.445878982543945
3560,0.1750813530616531,0.5040890764122523,0.15319225495504296,0.20332037230607286,0.12705497685078862,0.19239529040729225,19.674842834472656
3561,0.15178552521526756,0.5046815958819248,0.15115650474144524,0.20166008919008518,0.10024843963566366,0.15324023161945555,20.036155700683594
3562,0.1740005761683996,0.5545734034323391,0.17956713595409401,0.2331394598795576,0.11657543516580786,0.17250105129840412,21.547319412231445
3563,0.21645172478516628,0.7352826576691419,0.22818450314801084,0.30062709665102955,0.13974156888873046,0.20991966081191732,23.401159286499023
3564,0.22071960773832622,0.7836211062035241,0.22273265642285842,0.3028595778200964,0.14389615685488608,0.21606765343978748,19.146339416503906
3565,0.20220314172427523,0.5971104620250514,0.20328850424882816,0.2595487839311457,0.13237205843411692,0.2131279026721521,20.66696548461914
3566,0.1831455468374321,0.5591013274153941,0.16303339855617774,0.2196145312503515,0.1266185190091126,0.2006963348259071,21.840654373168945
3567,0.15449881471145313,0.5335277803523479,0.14980710409036402,0.20462434355636172,0.10536829148084911,0.1536281847989366,21.594648361206055
3568,0.1743271656548158,0.5403200861386519,0.17540099058188438,0.2275322899471369,0.11712256369933753,0.17782670861007824,19.333499908447266
3569,0.21169315152778595,0.7269504179419264,0.21017366921387656,0.28399891903216945,0.13128267570458382,0.21878477130675228,20.69245147705078
3570,0.21487336109857313,0.7254945675648229,0.21222760390699666,0.28555145585811464,0.13300887181164445,0.2246614563100368,16.89995765686035
3571,0.20147714197354655,0.5335539146336139,0.19942971910068663,0.24716174703396193,0.1274443131313026,0.22628183778264654,16.254135131835938
3572,0.1851279199054577,0.5028011759126877,0.1603448077012461,0.2092671460171663,0.12440218851084306,0.2171411120280005,19.777122497558594
3573,0.15541415689458082,0.5099166980755814,0.15260209390952847,0.20364703736182177,0.10790935602012526,0.15477708725089362,22.53563117980957
3574,0.16878320822149784,0.5200500237508285,0.1754070454566401,0.2246417566415242,0.1126413556697389,0.16903109933676386,22.554338455200195
3575,0.20433740674294948,0.6999355874416369,0.21217583012000163,0.2818557954516638,0.12474469793664188,0.2061524368283435,24.14286994934082
3576,0.21057667208343298,0.7174803333735277,0.20982237742333776,0.28234494255907916,0.13059153069317844,0.21776643413371513,22.618444442749023
3577,0.19910711549092877,0.5707170105069392,0.20067197403791495,0.253535550676347,0.12182648366439121,0.21910278755190826,24.268503189086914
3578,0.1832290948966693,0.530070270637128,0.1676620558609637,0.2194346579718443,0.12839560249901513,0.1995285330538385,24.722429275512695
3579,0.15301270333082945,0.5131759307216592,0.14380606238580407,0.1965731864337834,0.1014035374195968,0.1600553007880733,24.388277053833008
3580,0.1642343303026893,0.4955234365244411,0.16149454067113136,0.20921295436446133,0.10552573066764045,0.17624805892930656,22.477937698364258
3581,0.19670759666986967,0.6732409849884613,0.19449839811862737,0.2628901962428894,0.12404288238142132,0.2023794470458698,23.423189163208008
3582,0.20142972972502154,0.6429367190774613,0.19599613471892038,0.25984478962728336,0.1263896253760565,0.2159766436158869,20.905872344970703
3583,0.19102924452251513,0.5214088086288822,0.1926674784983955,0.2396305256598936,0.12310066022539147,0.20794063478729213,22.14613914489746
3584,0.17264918235485405,0.49698311230972825,0.16039170564077462,0.20847619230776798,0.1251902473182792,0.18282711680305727,22.112133026123047
3585,0.14711332127648416,0.4968996716251045,0.14469766372419088,0.19501223628146422,0.09812745386919165,0.14806440462850756,22.98354148864746
3586,0.1661250308569052,0.4894420027109444,0.16269534811142736,0.20937344162564406,0.10669780138353695,0.18028149722345588,22.43825340270996
3587,0.2074309059815227,0.6530867823507823,0.20396950412250747,0.26812911529797534,0.13123023510292442,0.22099555984840008,24.522920608520508
3588,0.21973098196328042,0.6256432392647922,0.21189270569998772,0.2709999247806741,0.14366659508872218,0.24142699551329944,22.921310424804688
3589,0.20523540764281936,0.5127186813237352,0.20635287527779803,0.25011941899864615,0.1328941442407401,0.22926050318329022,24.719886779785156
3590,0.19575321247374156,0.5407164100848428,0.1809754037556215,0.23236697608836737,0.13959864771820568,0.2128514134720378,24.51958465576172
3591,0.16508512939745137,0.5188210924747922,0.15422809493293374,0.206312808867485,0.1267958412951338,0.16251403695069994,23.040555953979492
3592,0.17115395361129576,0.4899976602745962,0.1677220046885756,0.21376138405800713,0.12279652084062463,0.1761852056447606,22.484479904174805
3593,0.19848256178444929,0.6094376111381916,0.19753813476252968,0.25638091710190997,0.13411340439293665,0.20414451359924468,23.16618537902832
3594,0.20141459714409474,0.5651337577113228,0.19391020396871686,0.24694214021766056,0.1364253197694361,0.2184436146575509,20.727670669555664
3595,0.1978348694753367,0.47361832375803714,0.19336011471434578,0.23339700172058744,0.14012833179849005,0.2172112242279831,21.104215621948242
3596,0.1823170894832556,0.48614402614359176,0.16435095324686347,0.21032139223211038,0.1355981577153003,0.19869238987496848,21.378978729248047
3597,0.15224794109478046,0.47873936175551224,0.14621159980165443,0.1937155657950627,0.11098278950100195,0.15207077712658967,22.3720645904541
3598,0.16084436191360424,0.4805847445180026,0.16488147350318275,0.20998194079101415,0.11004813033033,0.1622956830312356,21.507768630981445
3599,0.1937396797406571,0.6131136507343726,0.20248753271692096,0.2611484067194141,0.11868282440613165,0.20043179205195458,22.74899673461914
3600,0.198839811423581,0.5846147340963705,0.19917753254335926,0.25423998990807517,0.11931154873463343,0.2199518851024777,22.791778564453125
3601,0.1906205691596142,0.4843543052661039,0.18392988647389694,0.22684766058706934,0.11979032149536191,0.2208983308668117,25.340354919433594
3602,0.18079874690382888,0.4970088146728697,0.1674928889807864,0.21456659265108405,0.1260959682826773,0.19911681316848823,26.86009979248047
3603,0.16047095755091823,0.4919076296277916,0.16474760120671741,0.21148474812401372,0.10948568587791321,0.1604460035133391,26.082664489746094
3604,0.17627400183389533,0.5106720488438754,0.17896289178491295,0.22634991422190756,0.11598785330345009,0.18520795845852428,23.132261276245117
3605,0.2133254938904118,0.607157402025315,0.20748157652866014,0.26457812302818223,0.13123466160421748,0.24030892164528267,22.2877197265625
3606,0.21328566404706634,0.5568955044522695,0.18860725447079743,0.24121986161100772,0.1349683639751817,0.25737087874151665,20.979007720947266
3607,0.20544545162086622,0.4851877852215808,0.16770713433080187,0.2130615130294846,0.14452374772655016,0.2520878887958517,22.30168914794922
3608,0.18670360684564422,0.460413005015036,0.14847838228654983,0.1930404712477621,0.13783223491345306,0.22392130093445828,22.22176742553711
3609,0.15564330191132114,0.4577698338780659,0.14252028443336134,0.1875559343540334,0.12063450586869075,0.15835244506124957,21.975772857666016
3610,0.17698465208341502,0.5280008377636713,0.17100062282436804,0.2220006535299828,0.12624873358309627,0.18198957950544709,21.35552406311035
3611,0.21395522681040288,0.6454600092464218,0.20519808387481842,0.26809264464219035,0.14657271523982537,0.22554468383184426,22.738996505737305
3612,0.22019818590027718,0.5917443384219365,0.20054540071528995,0.2564309632448109,0.14335548657055058,0.2557318676373209,22.4642391204834
3613,0.20721564909402204,0.5034143419789263,0.1744809623810151,0.2214714451807167,0.14364121042010738,0.25036946135783944,25.91127586364746
3614,0.19199013004362084,0.5219896014185197,0.15700745511624623,0.20914776173085675,0.14142731016834428,0.2212196697081564,27.2625732421875
3615,0.17132735560448262,0.5183700486641871,0.1664337583593414,0.21671037126003365,0.1134246315733749,0.18228210043309467,24.96932029724121
3616,0.18303806362427866,0.5661364276842636,0.18124828774848648,0.23623230773931178,0.13803412431751075,0.17587154691704648,23.58028221130371
3617,0.2086407716360074,0.6159378997024396,0.20259280155146955,0.2616421012873224,0.1431095526250265,0.21960442482571502,21.51932716369629
3618,0.20986237554201173,0.5596069922852525,0.1800145415602321,0.23424203452094927,0.1407616736042498,0.24899328813098304,19.958389282226562
3619,0.20612813268363397,0.47735954955098875,0.16183474813281556,0.20690971976398315,0.15380193905993805,0.2512296634090624,21.74419403076172
3620,0.18665712537769413,0.480685428902796,0.15006645372069072,0.1972977358895629,0.1518218773754687,0.20782743318175628,24.8255672454834
3621,0.164532764399114,0.4960543281756207,0.14375362704965092,0.19408229863907517,0.1266554314537805,0.17181958826631472,26.98726463317871
3622,0.17863038116958307,0.5578588137217764,0.17733180348445962,0.2316928049469334,0.13581616648172015,0.16966319821628162,26.55110740661621
3623,0.21085682732360445,0.6283396723266131,0.20506682662502787,0.26553437601096863,0.1504981473865583,0.2158278171670761,24.497581481933594
3624,0.21926970302070084,0.5821385563816359,0.18795776710326906,0.24426930842875,0.15717398303211663,0.25172880327866903,23.07048797607422
3625,0.20959043839109343,0.49127193678961467,0.16079056706537712,0.20800219131169678,0.1589803623634862,0.25526397110972177,25.106056213378906
3626,0.19569153176333876,0.5160241725787829,0.147236126388023,0.19992013298670294,0.15482049583647642,0.2277536621288996,27.330387115478516
3627,0.17293956380794542,0.5367584198871718,0.16473039318277097,0.21787725414054251,0.1229665262293014,0.1773454926482365,27.452556610107422
3628,0.1927195685607604,0.6048498654884022,0.19723762117766375,0.25546794179348353,0.13639559228903142,0.1870982212198906,26.10468101501465
3629,0.22531972509225093,0.6549137378194414,0.21969758541358142,0.2818713214715614,0.15820677823477405,0.2345609067606465,23.541481018066406
3630,0.23137024814397203,0.5952349443868963,0.2007990934343584,0.2571470721418638,0.1620982117340992,0.2694285590044555,22.274507522583008
3631,0.22127339634301793,0.5026238544743143,0.17678349102842275,0.22333211437783582,0.1571732478805146,0.27555964796724275,24.25813865661621
3632,0.1944338344927326,0.5124309275146086,0.160460427413764,0.21074192742817038,0.14615439474204658,0.2224087629560748,24.95421600341797
3633,0.1711684820550385,0.5122442057499565,0.14105814351412274,0.19408472383352757,0.11944006309351975,0.19637913709018956,24.26458740234375
3634,0.19414020164956944,0.6023997115884341,0.18044652190672186,0.24072554900410933,0.13858310146391942,0.20199048537679082,21.564899444580078
3635,0.23164792049245078,0.6823667822030985,0.21465242966619144,0.2814687657428924,0.15796524889115676,0.2525270185494465,19.24287986755371
3636,0.236357296857096,0.6313386742247268,0.20610464504521117,0.2668523634994276,0.16151433665170295,0.2751617037247748,19.523221969604492
3637,0.2155046481470434,0.5074135735482495,0.1730022234978522,0.22077527350505183,0.13527237129427092,0.28109609320496204,22.251054763793945
3638,0.18910614937316783,0.5427805101824612,0.14645602032065488,0.2030738045866272,0.13788252223269648,0.2217051248093032,24.4827880859375
3639,0.1769960505220795,0.5870203622858785,0.15268683387179785,0.2147344807880951,0.12446090188766368,0.18994317909442968,24.7480525970459
3640,0.19368154453379868,0.6591463681163907,0.19570671122990282,0.26191237649940113,0.11665050190147538,0.20138172886717937,23.364505767822266
3641,0.22076891168284857,0.7116618978554202,0.22142601201974177,0.2914597099962673,0.12693900720396675,0.2410156295776288,21.005001068115234
3642,0.21834555910699924,0.6390166139570512,0.20510359159590585,0.26709116621892665,0.12949173868420927,0.2534402457540039,20.093738555908203
3643,0.20699895450948952,0.5038075087296829,0.17533165399557152,0.2222567761004446,0.12222123335274677,0.26782886662955374,20.590349197387695
3644,0.18439667079646818,0.5269160954586298,0.1571244069070646,0.20995179098585964,0.1289932111373128,0.21051396783251175,22.241409301757812
3645,0.16220271942755185,0.5583509641042266,0.14578489064805114,0.2047229011417905,0.10209275280948733,0.17759378121839958,24.740520477294922
3646,0.1870106542064842,0.6404680814473416,0.1935554465376672,0.2574001086676207,0.10693173311211727,0.19548893751056073,24.01190948486328
3647,0.21785991238317862,0.6963573243876479,0.22120986631285236,0.2890880746092517,0.12595406737055967,0.23595288482140625,22.945690155029297
3648,0.21670301272342865,0.6418031185307735,0.20934299335050166,0.2711230112333976,0.1238538727080203,0.25032851154068814,22.660682678222656
3649,0.20679309765418993,0.51847883895882,0.1720619403511748,0.2215500687236955,0.11589341010301943,0.27341797457564665,24.355510711669922
3650,0.18343574283817013,0.5289636849188057,0.14783341351792856,0.20228059514662533,0.12441763152293397,0.21858734446910344,25.54656410217285
3651,0.17270023576994792,0.5883583465447815,0.1570746025960287,0.21868656601727912,0.10554948369605,0.19121910486819382,25.900583267211914
3652,0.19632041617485205,0.6857067563188808,0.19938675999845376,0.26886104518708615,0.12195640855936506,0.1979158724526982,24.60540771484375
3653,0.22179541674677894,0.7461578792573855,0.22603658083922848,0.3003396234703938,0.1272299416663609,0.23581402655898165,23.83272361755371
3654,0.22300120945140553,0.6784144548047932,0.2161084544516975,0.28215216878785404,0.12403956226610473,0.2578355613191513,23.947303771972656
3655,0.21151971851778065,0.5273732369992118,0.17288748064350382,0.22352830298003354,0.12752765165554633,0.2745052656177644,25.160110473632812
3656,0.1780419781670485,0.5217444400441515,0.14914026639497147,0.20236943405914004,0.11515744119435392,0.21177942411257616,25.0577335357666
3657,0.16328432366752418,0.5577198987735446,0.1480091846798572,0.2065392866932411,0.09714583238364378,0.18330741089341723,24.879228591918945
3658,0.19521400562466865,0.6494251280155852,0.18785712892524642,0.2537954145095805,0.11666101096360583,0.21268914317880067,22.869394302368164
3659,0.2230772040826089,0.7163525533489253,0.219655582068474,0.29061229225139557,0.13181954369032872,0.24383445477816562,21.68206024169922
3660,0.22509241364648275,0.675465876130455,0.21418707361715375,0.2800840454047682,0.13339932035779709,0.25720619248558296,21.452756881713867
3661,0.2106576769741073,0.5035095283029805,0.16582667913189555,0.21406708615633624,0.13544602726115162,0.27348463743849327,23.182628631591797
3662,0.1837804093628512,0.5132070928594481,0.14247445489022717,0.1954362603144016,0.1278723870465957,0.22250105930696812,24.762300491333008
3663,0.17102492840280792,0.5747806631439,0.15393171606772993,0.21405299422146848,0.10732806170056233,0.18911012917594472,25.428264617919922
3664,0.20080169404058942,0.6769881640364112,0.19514031312100477,0.2639757203946343,0.12599243976926572,0.21098251846820848,23.861186981201172
3665,0.22032942979898976,0.7365645498398925,0.21619556324199762,0.2905339898988398,0.12713092105620363,0.24044913486155886,22.844621658325195
3666,0.21622340869354942,0.6628663928830458,0.21415957669974217,0.27826055044021414,0.1247496575769819,0.2419804418922144,21.532920837402344
3667,0.2044151376030573,0.49896061153793325,0.16406226268725593,0.2119048839516384,0.12477680917300078,0.2675451469243483,21.2600154876709
3668,0.18671325107407508,0.5257155326131903,0.14892749646947814,0.20275435877572273,0.1278375302593016,0.22419353754806018,22.432842254638672
3669,0.16672173234193355,0.5604836005189979,0.1466281549894595,0.20575036149367928,0.10739253456773754,0.1844847298865776,24.734407424926758
3670,0.19114727089197983,0.6391488421600281,0.1873566508563869,0.2518983924711928,0.12306299600951699,0.19756378003232355,24.941667556762695
3671,0.21416594056368624,0.6821766309822095,0.21711591050820336,0.2835531562902043,0.12251561911669942,0.2336461580690964,24.14275550842285
3672,0.2174000274014806,0.653344091920307,0.21583107891339928,0.2783329379143861,0.12979729234164664,0.24073612388004306,24.361173629760742
3673,0.20719307753033658,0.5060481151996628,0.16824325392097803,0.2165010912465044,0.12610173699092736,0.2700034885006729,26.30035972595215
3674,0.18622945314174097,0.5152646216622385,0.14666902760363268,0.19932554104057637,0.1222972474799757,0.23071105618430454,26.828662872314453
3675,0.17422292823908705,0.5834611879459265,0.149945739331841,0.2118765177052818,0.11700853088676026,0.1913386351394526,25.920927047729492
3676,0.18963815101218345,0.6539675473632425,0.1820605788355084,0.24947586005375613,0.11628613604039915,0.20146316870111872,25.644258499145508
3677,0.21207587329949137,0.7342342536704012,0.20007519060957646,0.27638362818969425,0.12743706245128456,0.2298655472627449,25.67678451538086
3678,0.21607695292225343,0.6922944819816024,0.2023982175265663,0.27238339816300006,0.13153969030281548,0.2407789181286083,25.981678009033203
3679,0.20615543177952086,0.5256478178898173,0.15428896094123812,0.2073402262196066,0.1329954660829564,0.26913370662893976,26.582653045654297
3680,0.1930553204468228,0.5282854237454679,0.14278732222615112,0.19785847958605357,0.13612558118862647,0.23866607805091775,25.600414276123047
3681,0.1798705260502139,0.5391138343451378,0.14326077421913364,0.1998112113799914,0.13525874272469626,0.20145773679648651,24.350297927856445
3682,0.20300565957571753,0.6121005980668479,0.1737561221474838,0.2363767615645358,0.13797791013379224,0.23070522609718624,23.22057342529297
3683,0.22278147930404268,0.7226411846870372,0.1966343466501416,0.27177818065541237,0.1417566038790393,0.2508061316184722,22.780244827270508
3684,0.22459731107598332,0.7293286892166286,0.20590615979969043,0.28068080685925306,0.14165807568303299,0.2480960832344539,23.12834930419922
3685,0.19958834883719262,0.5777081777956969,0.1514382718263507,0.21233397267911444,0.12191401756571664,0.25640096783805255,26.914356231689453
3686,0.18220592311967482,0.595644652468572,0.13890156394858968,0.20415057659430144,0.11242219241753995,0.2240651156937445,28.199968338012695
3687,0.1681815729787014,0.6117437420476397,0.14175058468758783,0.20889246431045239,0.1029294474282234,0.18965515292008756,27.13912582397461
3688,0.19200352788007036,0.6477460465481095,0.18170421151006552,0.2482816165155004,0.1123280071551885,0.21247628095834065,26.879337310791016
3689,0.22100970067322567,0.7526521188245315,0.19521684220226296,0.2748504531483013,0.13415473734647448,0.24989713516844192,26.170475006103516
3690,0.22356007605760037,0.7413784055000758,0.20328413067242748,0.28015474136209156,0.14472658397094237,0.24301904949199632,25.036725997924805
3691,0.20549579270982254,0.596246336038889,0.15931532448101904,0.2217340404178576,0.13970119973652703,0.2488575948169255,24.504545211791992
3692,0.18549392724498945,0.6002710771195127,0.13812420635260642,0.20414518789073588,0.12712713389261343,0.2202450183632903,25.100358963012695
3693,0.16339765552588248,0.572265559833375,0.13848471182183467,0.20045340439491183,0.10467389189325281,0.1823571684440327,26.148752212524414
3694,0.18888655474496652,0.6619065208087862,0.18264249621748185,0.251108785444811,0.10833803920387404,0.20492205398105848,26.39263153076172
3695,0.21789947525596942,0.7669351494922816,0.1964894106965779,0.2779816590959641,0.12311201828476204,0.24826658924578057,27.660633087158203
3696,0.22437359650485567,0.7909548821003849,0.21283803047053176,0.2954261521319394,0.1270442336772219,0.24736580280533688,28.207618713378906
3697,0.19510205348334367,0.6113776641082441,0.1585853865645919,0.2232699976422565,0.11543232462099288,0.24016611509885186,30.94481086730957
3698,0.1819194515609083,0.6043484024440972,0.1348354552857415,0.20190873345122087,0.10979993429314959,0.2275334075161736,31.5710506439209
3699,0.16475923102537457,0.6224869111733954,0.14309521332013256,0.21157974158488438,0.10096086585555479,0.17961485380939576,29.965801239013672
3700,0.19538277335791293,0.696596944003733,0.18986477570973337,0.262255085466019,0.11123841249373038,0.2104958160194799,28.702037811279297
3701,0.22688008068239596,0.8209858404775949,0.2142872839123284,0.30095850627879506,0.13170630147024295,0.2453385150961807,29.878610610961914
3702,0.22947122043517398,0.8479734574843532,0.22277919170013308,0.31209265824073595,0.14034257958995316,0.23516502309487547,29.854541778564453
3703,0.20361050369115355,0.6712909454319856,0.17846510241159105,0.24886879427164743,0.13507932159833622,0.22397428376443662,31.19806480407715
3704,0.1934381690643707,0.6433235231962222,0.15567107464011773,0.22533571014813264,0.12341758433215193,0.2267958322567704,30.211963653564453
3705,0.16905961493089114,0.6048325601918861,0.14287889116117153,0.20887227245127363,0.10644883265379436,0.18900797409301615,27.421329498291016
3706,0.20225530482386353,0.720551398894255,0.19460266851575492,0.2697382014269692,0.1120836187591185,0.22210799560279804,25.599210739135742
3707,0.23550635404643094,0.8737905313059487,0.21601393272181227,0.3099820182338317,0.13142346044595302,0.2614126797828734,26.10652732849121
3708,0.23616401949913665,0.9081300491547769,0.23780699228550564,0.33356742898111585,0.13423165326295033,0.2401268566590678,27.534923553466797
3709,0.19963167387165132,0.6838520209494434,0.1760750512135226,0.24861461831865417,0.12168566834790472,0.2249743523138021,30.56542205810547
3710,0.18800484475364615,0.665206166847734,0.15298227438244313,0.22615711616319897,0.11889228571448071,0.21509509642955713,31.864152908325195
3711,0.16710720235265145,0.6525765056403683,0.14514124432168932,0.21763199593864346,0.10375406293087822,0.17833200495895996,29.71486473083496
3712,0.19842418383393917,0.754911854765854,0.19633567306511313,0.2761322704509333,0.10554415454247525,0.21169963367410033,28.42662811279297
3713,0.24493181132455685,0.9153090586488694,0.23660006398652003,0.3335584917954271,0.13133969227776734,0.26677657007848626,28.228097915649414
3714,0.24181085364977817,0.9308138880632109,0.2397919631256271,0.33850938097385336,0.13404363569822272,0.2514959579488235,26.54336166381836
3715,0.20821181125272695,0.72139176381895,0.18887819218313054,0.2649515595596762,0.12420927758056756,0.23206674844728575,27.544322967529297
3716,0.19469594858987882,0.661460523211292,0.1613724910984447,0.2328136385431372,0.12967275691260452,0.21823826259839268,28.893798828125
3717,0.1660742518058983,0.6111569536458948,0.14530319464431454,0.21185373164454027,0.10217949607283887,0.18192511821351354,29.271886825561523
3718,0.20271694887393368,0.7374111703427206,0.20353380385151112,0.2798019990645411,0.11289902329663029,0.21385821483729278,29.399803161621094
3719,0.24416876437724583,0.8941233725920223,0.24078115123103094,0.33411575428260104,0.14143340202399995,0.2553585902691501,29.17830467224121
3720,0.24285361967859379,0.9164704530893815,0.24500557858434138,0.3409291320850614,0.14254831553828826,0.2448046874457019,29.005847930908203
3721,0.2094942968923874,0.7377723821804918,0.19639560056067662,0.2737351407920788,0.12864962608170585,0.2240226454395038,31.319068908691406
3722,0.20084593739130333,0.7034908309813659,0.16981286277695587,0.24605257252044302,0.12693434439574677,0.22596277552441804,31.984230041503906
3723,0.17891147986077707,0.6621776558667787,0.14923121609416268,0.22250927891882213,0.11722861799920763,0.1947359098138609,30.50370979309082
3724,0.2137545990399179,0.7571774719377191,0.20563837487690384,0.2844296744570203,0.12212715173375928,0.2320879244428421,29.942564010620117
3725,0.250455335050392,0.9140429716969898,0.2553875109569737,0.34948114820554743,0.14660518559669494,0.2546766293116161,31.3842830657959
3726,0.24573381367306607,0.9149413980072116,0.25380231383769136,0.34825075443333714,0.14572657119027738,0.24353782768026896,30.849365234375
3727,0.21418519574542125,0.7606873848236082,0.21209908690720333,0.29046884375240406,0.13541857089385106,0.2163578004844352,32.13016891479492
3728,0.19943674689792967,0.6870231848701956,0.1752736638432988,0.2483807382757126,0.13071801735096084,0.21673964279596727,29.111309051513672
3729,0.17230733083305824,0.6384785416248906,0.14725696148650846,0.21743147293484877,0.10722100753635447,0.1897742393786073,26.91683006286621
3730,0.2147242703961548,0.7649773585438147,0.2117991833661692,0.2908246369629757,0.12302673401058599,0.2283717939875593,25.365983963012695
3731,0.2542348805128097,0.9050320425086054,0.2557853893120483,0.34853491119727076,0.1521096286642372,0.26108194903140713,25.616365432739258
3732,0.24498787318584478,0.9188820132860553,0.2419438748102274,0.33864932316391705,0.14983166433028838,0.24629578720364334,26.490942001342773
3733,0.21737650032755387,0.7958131472435582,0.2033772149559906,0.2880109195685003,0.1428228316075541,0.22080584362172562,29.105661392211914
3734,0.19810013129400617,0.7282536799175253,0.16946794478403646,0.2492944783745348,0.13709896346895573,0.20668109944546276,28.943729400634766
3735,0.16982592934998894,0.6831335966621552,0.1504422502206924,0.22654101399804422,0.11146810332515103,0.1712633280546737,27.866016387939453
3736,0.20461306315841812,0.7382374879681486,0.2138872163022546,0.2887943979688109,0.11319555448230346,0.21094471529092484,27.54119873046875
3737,0.24422540784422908,0.8766558352718381,0.2625117639039026,0.3502466312421791,0.13542617935553006,0.24665616229863443,27.203533172607422
3738,0.24008006998199224,0.8618064244860455,0.2511617159999799,0.3383966743551321,0.13409964837435717,0.24678591006217554,25.726390838623047
3739,0.21917213712727612,0.7585257767862976,0.210130976049691,0.2884730904406348,0.13362713910362953,0.23338567624877804,27.06905174255371
3740,0.1998582814654797,0.6343843211804536,0.16478858278867825,0.23187368827321755,0.13550550831830127,0.22815347701249017,25.94081687927246
3741,0.17089213086661958,0.6147553389358249,0.1510425715294764,0.2172872525875262,0.11082671186259353,0.1828536409893491,26.02214813232422
3742,0.2041853943876137,0.7180398581883877,0.21278544181940698,0.2849646441578328,0.11633357219403981,0.21037389525804917,27.217613220214844
3743,0.2367666388530351,0.8177386775625444,0.24919356932752038,0.330414299075381,0.13799138673681902,0.24125328176017147,27.212984085083008
3744,0.2344465367262173,0.8351576312355811,0.23468236445385346,0.3204645454226717,0.13612740173711674,0.2452100222322827,27.128206253051758
3745,0.21696071398556047,0.7754337719749631,0.2006663062391473,0.2827759442014067,0.13581494781739326,0.23037493294384132,29.033119201660156
3746,0.1932912901994278,0.6494770192136314,0.14978752500596063,0.22117173846419932,0.12624764495907134,0.22755908755306462,29.010324478149414
3747,0.168140995462419,0.6376925460868668,0.1464672546377152,0.21664229627330828,0.10288612669470057,0.18280036742464456,28.50823211669922
3748,0.20407529863072638,0.6868363062769878,0.20992933883536335,0.27805890561273827,0.11433886029965105,0.2178590260611568,28.656808853149414
3749,0.24618609545138168,0.8702180651503852,0.2621536956930155,0.3490200341869255,0.14715522549541227,0.242858410269254,28.429466247558594
3750,0.23887611152688468,0.8394265249391573,0.24212365048921378,0.32745263255349144,0.15090010680019383,0.23835065976445835,28.101097106933594
3751,0.22309238609873772,0.7875519409514744,0.2109168289012718,0.29329327347987216,0.15520601791607685,0.2210671818000734,29.452014923095703
3752,0.18966461210417196,0.6534433050391779,0.16210424127806933,0.2322955361010848,0.1341102338921081,0.20097263454242917,26.48125648498535
3753,0.170180705036358,0.6690930466432885,0.15517964701080159,0.22859584695829968,0.11053556048533812,0.17125695733680146,24.349599838256836
3754,0.20366421711954666,0.7180840846414657,0.2149833427756346,0.28685487732789616,0.11461478820868419,0.2087906397342455,23.333454132080078
3755,0.23526494708449455,0.8850039119044535,0.24315423974565764,0.33484705005405707,0.1200219173063595,0.24896825804199563,22.836580276489258
3756,0.23369140095829186,0.9095688467900745,0.2220791175774863,0.32029193603642747,0.1293830360770288,0.24918575203602839,23.595191955566406
3757,0.21865409118918208,0.8456286498803678,0.20589649940634955,0.2972868066169236,0.13439275744566032,0.22357913221548992,25.60360336303711
3758,0.19561466275247474,0.7307036944302159,0.16720816914836645,0.24770752990291636,0.128556715170345,0.20870910813020185,25.931119918823242
3759,0.17318954664661887,0.7494372096628252,0.14924199900502144,0.23498417195613627,0.10558535791991112,0.17827291463666034,25.515085220336914
3760,0.20746966828011715,0.7269500197161984,0.20049529414848602,0.27570311208673065,0.13077869093214228,0.2148700101288084,25.872657775878906
3761,0.23759079811016637,0.8589413514216555,0.23141135987231656,0.32105850152222215,0.1460162105622673,0.24468432172902932,25.417034149169922
3762,0.23759609585078853,0.8591476437307967,0.22631638599827827,0.31672085138863804,0.14956581514038478,0.2453884303767735,24.429630279541016
3763,0.22697598236311203,0.7998583169971184,0.20699905399463747,0.2916932344235633,0.15807389056169036,0.2306377171364612,25.61311912536621
3764,0.20349689845497193,0.6593082895634366,0.17139944940743515,0.24110071228686394,0.1434153909772196,0.2231648803950997,25.33405113220215
3765,0.17614603749262148,0.6849812195239968,0.1594605494166225,0.2345349308605331,0.11052830452698666,0.18247127214062933,26.726457595825195
3766,0.20859219178688698,0.7473133154775864,0.20748901733818617,0.28460677421524333,0.12290050639909596,0.21705965687639225,27.10356330871582
3767,0.23282876835280505,0.8852430252299004,0.23169102794835608,0.3250555989885767,0.126414117105318,0.24524311138805605,26.09343147277832
3768,0.2341464774044826,0.8998289462567953,0.22070360676323966,0.31772151240517615,0.13905144403588837,0.24422647597639574,26.256168365478516
3769,0.22118591443425165,0.8282786725752602,0.2023947425371706,0.29180673254261197,0.14799146398018753,0.2234378427367425,28.89824867248535
3770,0.1983877231113346,0.706670527502145,0.16887928124546692,0.24570660213927806,0.1297149704654141,0.21707236252706452,28.847599029541016
3771,0.1774551775404161,0.7417836063322285,0.1501718659511815,0.23468782886275968,0.11530021162472674,0.18176220280959368,26.770957946777344
3772,0.21150493787644561,0.7765365154805834,0.1978730816450406,0.28053928647868964,0.14850749892841322,0.2062226419290104,27.218576431274414
3773,0.23812595544714732,0.8934644849175366,0.2178747197980541,0.3143875433865516,0.16027195881353462,0.23951931305457963,27.085126876831055
3774,0.24288188660475615,0.9096163501200183,0.22493988969260528,0.3227508126108072,0.16115695341073127,0.24450589289423322,27.9666748046875
3775,0.22664845591983315,0.8294634352805665,0.21249134530448419,0.3006302153010673,0.16056153184141914,0.21974047502986552,29.341812133789062
3776,0.1954992086747234,0.66810004583161,0.18148814037592773,0.2510041268695966,0.13495852229744504,0.19990550583432787,26.89166831970215
3777,0.17527571686166019,0.7144114316778072,0.16378962771871244,0.24244988542715454,0.10863099783678258,0.17481244851362054,23.280052185058594
3778,0.20442861743563956,0.7757997341865879,0.1943346765966308,0.2774011133951961,0.13186418062948851,0.20407156567640977,21.39671516418457
3779,0.23340471955179715,0.9271114059625437,0.20623454062939128,0.3092169499626988,0.14729729575138753,0.24241301376761665,20.69755744934082
3780,0.23955166255483007,0.9533040345192441,0.20794338123073508,0.3144234745576649,0.15563201056449397,0.24746852254389362,22.278728485107422
3781,0.2223831005669232,0.8708375385681149,0.19619911132193665,0.2925760294999621,0.14988796912335875,0.22439752776363303,25.393699645996094
3782,0.20118984842298662,0.7626792223925718,0.17573791906036873,0.2595866766792549,0.1336022156677841,0.2092318023595541,26.428747177124023
3783,0.17792901846594522,0.8024361169888122,0.15089130895557556,0.2439691386746094,0.10960647091192668,0.17992614239313026,23.8327693939209
3784,0.1963396408293921,0.7405696167079465,0.1750655939504007,0.2558518829157644,0.12566879053909127,0.2061034230078295,23.010881423950195
3785,0.22888164465880567,0.8637516454808809,0.1937186382584614,0.28943763929023564,0.14379633299984423,0.2503447970578957,22.72863006591797
3786,0.24251358600198963,0.8964183593920236,0.21490222970493192,0.31226167680308786,0.1635996503569904,0.250533700240403,23.990095138549805
3787,0.22624052128430439,0.8187246291598871,0.20243414718558894,0.2904756446104887,0.15629640676028417,0.2312358885824108,24.3946475982666
3788,0.20518672612985014,0.7144751795774595,0.1760050041465999,0.252929314922437,0.14378061713698523,0.2171423063050934,23.078153610229492
3789,0.18207131947389135,0.7534717167863311,0.16080718974681954,0.24547355075246408,0.11958639543705307,0.18126867563737376,22.49904441833496
3790,0.19471497849403735,0.7406463081632925,0.16791513614225415,0.24973387500240246,0.12185074022705947,0.2103296525328235,24.26767349243164
3791,0.2315166362215365,0.9015747449583055,0.1837277948667286,0.2862773591655253,0.14068528188495294,0.263078438690057,25.51256561279297
3792,0.2418524114353085,0.934858616814964,0.20268011815738876,0.3072770465370424,0.16019008634858398,0.2560603901721753,27.664323806762695
3793,0.22589392820472057,0.8407863080345244,0.19536095197971334,0.2875645742732577,0.14938637896133786,0.2388762184827104,28.9904727935791
3794,0.20601321952257387,0.7558131661315671,0.17285973932238205,0.25613880029512276,0.13294276508270575,0.22608998398147812,27.683658599853516
3795,0.17860195507772325,0.7942963185357388,0.1540777410455134,0.24553753782983131,0.10723927170610781,0.18247566811979224,24.86269760131836
3796,0.19187957229855368,0.7529806861088637,0.1758008316080776,0.2582550965367614,0.1027359401158404,0.21180166674999618,24.383214950561523
3797,0.22795433740531823,0.890111900775238,0.1954832841778976,0.2947159436918033,0.13029862206408585,0.254986682828222,24.7257080078125
3798,0.23697031456560752,0.9047794373974894,0.2120874298338794,0.3110434309143951,0.15211661863041342,0.24640332170371324,26.868162155151367
3799,0.22775117535562997,0.8174462606661665,0.21225596839464014,0.29871172443342964,0.152579061621309,0.23143629443008612,28.261472702026367
3800,0.21554777821290463,0.7344714271686688,0.18265010887599487,0.2614817257749483,0.14321163291051162,0.23864970123571022,25.777332305908203
3801,0.1872595866023123,0.7535504235204593,0.16395553379121416,0.24818337518110636,0.11817322459206146,0.19440183835483693,21.23233985900879
3802,0.2047186695827552,0.7558700325119678,0.17954015671459914,0.26187299611422327,0.1182179933239776,0.23039672559415106,19.203367233276367
3803,0.23936581114152541,0.9469705445611042,0.1895175970051203,0.29772516094168944,0.13173607196158046,0.28247740184883374,19.83397674560547
3804,0.2406738601265005,0.9536425227959806,0.19322313648440592,0.30185447738605947,0.14504653158478176,0.2708147324983904,23.228288650512695
3805,0.22993324922311983,0.8371951402680987,0.18637138312231905,0.27934620557171613,0.14998862175388447,0.256648461453679,26.559297561645508
3806,0.21197435558404754,0.7452312975093689,0.1677161680119094,0.2502183293686893,0.14094377568423727,0.2406626359348199,27.007823944091797
3807,0.18085170045837093,0.7402750475207427,0.16736056722353856,0.24920549298028202,0.11042983349543757,0.1826612655942655,24.524873733520508
3808,0.20031919568484532,0.7994193497606684,0.19649683688721975,0.2826286244405695,0.1086742785013725,0.20848774805912534,23.008743286132812
3809,0.24478200438669012,0.9827408530137987,0.21107817812346052,0.32131570310779456,0.13716901409424662,0.2719763845116119,22.62740135192871
3810,0.25742851798780575,1.0108090317519127,0.23616890176766123,0.3468317774796971,0.1481956846230175,0.2747793951265905,22.632715225219727
3811,0.2659762264298896,0.9865932893971022,0.2562751711551299,0.3606063309039831,0.16703080266910408,0.2697521308057451,22.71648406982422
3812,0.24444745625360412,0.8841216445178284,0.23094811223381473,0.3242586168458167,0.15805867732046602,0.25020287230191396,22.016130447387695
3813,0.19722150407327776,0.8076616502857603,0.19305012777001176,0.28085177384369014,0.11716403293074078,0.1940953052738869,20.733362197875977
3814,0.20995702507543282,0.8838981318821132,0.1778078955533939,0.2786779293146395,0.11779603039617668,0.23046710421047595,21.74528694152832
3815,0.2436303566901845,1.010619347857769,0.179914581683129,0.298586691136649,0.12953406104246887,0.2953778227412794,23.661460876464844
3816,0.24670891469212838,1.0564044743237395,0.18099609277897544,0.30605443299965607,0.14366813814079257,0.28494226565546055,25.802507400512695
3817,0.24565963873014532,0.9790799176064471,0.208390094993086,0.318488641080709,0.15081610753261696,0.26492235147123944,29.2720890045166
3818,0.23162792435695254,0.8637996316637051,0.2044779288002528,0.2986667434950317,0.14466813388575867,0.249058774273428,28.938737869262695
3819,0.19027438356404083,0.7980335106058916,0.17974036924685724,0.26806796086957646,0.10797092668669195,0.19422052818937757,25.709836959838867
3820,0.20616122018169517,0.8791597157690584,0.1795196011970189,0.2794681889930245,0.11542704149064999,0.22141002882644645,23.758527755737305
3821,0.23366611363402126,1.010403159567887,0.18252282656152471,0.30079144556243353,0.1288451128255992,0.2666498239040298,24.47233772277832
3822,0.2361619829137931,0.9923857051282341,0.18716297348061647,0.30219479228741897,0.13996937845480084,0.26255180361348873,24.875093460083008
3823,0.24319148532728968,0.9690597855604627,0.21491788006414456,0.32265243799219007,0.1520530418390304,0.25340928979772886,26.44316864013672
3824,0.23319373225008777,0.8765219450373377,0.2117607976110603,0.3067266758148142,0.14515973818334457,0.2458821514393525,23.843381881713867
3825,0.19793935745307187,0.8001199478243246,0.18067701863216645,0.2691688656596177,0.11743337490024952,0.20605627250606381,21.487876892089844
3826,0.21308383841133144,0.8790057847802639,0.16795988784192728,0.26953787311883254,0.12645393612010564,0.23948772254709064,20.865659713745117
3827,0.24031635013397026,1.0294631775340422,0.16791757088724024,0.2909955146939262,0.13403036283623088,0.2889723200295307,21.0749568939209
3828,0.2395994227405387,1.050374661206011,0.18601143276047846,0.3094918939669831,0.1375732866924921,0.2677163794594406,22.566133499145508
3829,0.23759327748589873,0.972568934471094,0.20825022198821985,0.31743860948577335,0.1387622679018971,0.2542057453720099,25.555906295776367
3830,0.23220189359650795,0.9139753170942317,0.21136806632529262,0.3117405307208553,0.1420453653356079,0.24149254834099143,24.729780197143555
3831,0.20042928406128652,0.8158917346121856,0.19031457260588439,0.27968273860678455,0.11617981791540001,0.20480079421162645,21.86709976196289
3832,0.21528707771282327,0.8350505723840691,0.1846576270017789,0.27757090491353464,0.11665408828712702,0.24709259465968492,21.47765350341797
3833,0.24384829765021115,0.9542611660857201,0.17831682623747258,0.28916601764436506,0.1408834650939527,0.29428952114205253,23.72015953063965
3834,0.24870896954326557,0.9816519803243551,0.18657767066892983,0.30015971490541915,0.15178180092310548,0.28850083989402137,24.7396183013916
3835,0.2485991187010933,0.9369168660408471,0.1999059730257826,0.3051932434565061,0.16194365019913853,0.2749027944793174,26.415782928466797
3836,0.23945198561966896,0.8806256127429953,0.20378784582968537,0.30047895538872965,0.1579066783101577,0.25740553096756325,25.2307071685791
3837,0.20151075505983104,0.7786439403274067,0.18357504581388684,0.2685848878872468,0.12752904089158804,0.2075548887330548,22.427412033081055
3838,0.21320278343257124,0.8372687090327371,0.17367990533016742,0.2684783058591059,0.11890948747310255,0.24734333527388846,23.125951766967773
3839,0.24550697382270073,0.9618823449466518,0.17241967266154123,0.28520005441655705,0.14460631124428325,0.2990636080591917,26.572021484375
3840,0.2477947231453344,1.0156217576332827,0.18216451620695565,0.3012298364107166,0.1472829864410802,0.28898676865434747,29.26839256286621
3841,0.24299652248622464,0.919410863574589,0.19660673313460442,0.29986446605460226,0.1509858177012631,0.2737464385507356,32.85379409790039
3842,0.22961135126335544,0.8431177344330146,0.1977786959017418,0.2899699871204951,0.1397796328056641,0.2554002985388383,31.57427978515625
3843,0.1988653883963437,0.7575321530078708,0.18153838311351922,0.2638232073841409,0.12076244501520043,0.21036737224052168,27.909029006958008
3844,0.21283312528687282,0.8391071938639745,0.17957570872603115,0.2737944923171659,0.11579807386249907,0.2443975991316934,25.15924072265625
3845,0.2403900003190799,0.9862289855279464,0.1747543444431451,0.29067929316954527,0.14334235579138624,0.2813035580366546,25.962873458862305
3846,0.24586326296520664,1.018071381951546,0.1931449010712314,0.31099154119699063,0.1550946406174409,0.2682985640666907,26.722145080566406
3847,0.2415302372250054,0.961094541797048,0.20366519264738023,0.31186938538304704,0.16365676778014024,0.24812276835097594,29.16988754272461
3848,0.23511011161127096,0.8659447393240373,0.20834990199614953,0.3022920216144192,0.16482914524392128,0.23782178592994727,25.682109832763672
3849,0.20402723506439802,0.7545023360358998,0.17710769274890872,0.25959264178990743,0.13351838336524094,0.21710274941633967,22.260400772094727
3850,0.21663644296232912,0.840824482734605,0.1723487170954757,0.2678452550439227,0.11978529893059618,0.256573483418701,20.21120262145996
3851,0.2502069624024256,0.9959363311071959,0.17384950488884168,0.2912904800628923,0.14617616584462748,0.3052858314375906,22.596355438232422
3852,0.25799168372405823,1.0866024288466498,0.1987613547479932,0.3255957939049442,0.15438418406900495,0.28949464951395465,24.42559051513672
3853,0.24824740283536775,0.9824369622039277,0.20552173291683237,0.31650962281498884,0.16089585372120016,0.2649505658280959,27.197629928588867
3854,0.23193304121264433,0.867443548604881,0.20359706166087613,0.29843227408144823,0.15084595637867082,0.2446974116821677,26.828405380249023
3855,0.19445643175749974,0.7624556497866473,0.17276045035474027,0.25700262170215554,0.12548392835542307,0.20007945603274296,22.976306915283203
3856,0.21503895113361676,0.8240064905870093,0.17663741352533788,0.26911871024843376,0.12083777284872378,0.25014519290743326,20.73922348022461
3857,0.2479586601009556,0.9553462037023004,0.18931493527390494,0.2987479736208186,0.13615937621491575,0.30134238417136033,21.56952476501465
3858,0.2584426227772782,1.0384866390470613,0.21209862476091534,0.33015405537322196,0.1478652229395022,0.29245034411388143,21.362083435058594
3859,0.25067284126480005,0.9315363409674227,0.20472426586579603,0.30855456230888556,0.15962410273531097,0.27969398156452807,22.527572631835938
3860,0.22675229929420812,0.7834949361859581,0.189374862081417,0.2742491583820657,0.14699038984253893,0.25498421836254337,22.98029899597168
3861,0.19229189501783825,0.7303015327991342,0.1617833156670295,0.24300020382875873,0.1295608325741481,0.20281180444651165,21.900390625
3862,0.21873911914879773,0.8624898218169939,0.1714139948176172,0.2701391129603853,0.12504524924047306,0.2557462607334428,21.332595825195312
3863,0.2576857234186441,0.9925435314053159,0.1935582939480421,0.30769904215622407,0.14648208538935756,0.31122725279888735,22.89988136291504
3864,0.27006888278480984,1.1194738153767514,0.22288665936339058,0.3509705387938707,0.1483139118916121,0.30581553330842953,24.479692459106445
3865,0.2615384233861215,1.0094050681249405,0.21601800767722787,0.3293590163126154,0.15456961662570082,0.2957931104908075,27.368844985961914
3866,0.22945669751411654,0.7807510486295441,0.19478412737818485,0.2784936875569505,0.14122927537021984,0.2637483256025465,27.72450828552246
3867,0.18658515544932683,0.7063864848270764,0.1630963721887748,0.24070924542281785,0.12121471274153868,0.1964257140918368,25.020896911621094
3868,0.21046519770395866,0.8231686155538712,0.17283106017390668,0.2657364252281873,0.12134456031231784,0.2400834313379443,23.125612258911133
3869,0.25145753612446714,1.0080985779351137,0.20183391630397396,0.31701458225127965,0.14173121096599975,0.2901056552771652,22.575265884399414
3870,0.27185090830695613,1.1343784647871706,0.24747306226426494,0.3741738340532515,0.1515738438745155,0.2875607796573331,22.10830307006836
3871,0.25600963894662976,1.0011629612531205,0.2332761012606799,0.3429742241167429,0.1541303159833375,0.2690600345156615,23.808584213256836
3872,0.2262014313475989,0.7967246230849703,0.20743414515274897,0.2916184991430663,0.13694257665876808,0.24706299487929193,22.228288650512695
3873,0.1930736519776769,0.7408058152424876,0.16933108688962628,0.25097033379717787,0.12983375933183314,0.19774896145072685,19.87809944152832
3874,0.2164479383264849,0.845419783597644,0.16779470732578408,0.2645982896503355,0.1266609584249854,0.2528799883319276,18.94847869873047
3875,0.2542380446130767,1.0158642002550553,0.18256556135800286,0.30160822405758175,0.14359103985562566,0.30960526676190425,19.74175453186035
3876,0.26748096817104106,1.1097852250389306,0.22988321784617782,0.35558350458799964,0.14931509605413207,0.29378638690849757,20.346818923950195
3877,0.25582342570733174,1.010990231154617,0.227647920486895,0.3395539648679981,0.15001950026023905,0.2751376387079548,23.687925338745117
3878,0.2249272696867054,0.7575706206661972,0.20314866439805876,0.2823518010077928,0.1299059539764574,0.25782445602722087,23.477970123291016
3879,0.18688325704167308,0.7306837098197301,0.16311771344224904,0.24419857006760345,0.12351506651619767,0.19217952485377496,21.11035919189453
3880,0.2094448646742178,0.8035703439968416,0.1751429564876933,0.2649182975604288,0.12035283346268989,0.23886113820887012,19.796680450439453
3881,0.25141040006205395,0.935374850099504,0.19989370990997624,0.3049624442227659,0.14812407073923148,0.29492789957890064,19.211397171020508
3882,0.2634501238547378,1.0405815180459201,0.2390410304079429,0.35354681435622537,0.1499303748847328,0.28394530001469065,19.28472328186035
3883,0.2532957729659771,0.9525353252229262,0.23300867419617524,0.33579819577142545,0.14393456532267396,0.27679720969910016,21.301467895507812
3884,0.226432204416768,0.7293086140326147,0.20666514595400318,0.2813284985366619,0.13522418612675793,0.2582049630656197,22.65239143371582
3885,0.18948975524974762,0.7322590841865909,0.17059304865455274,0.2508310537305582,0.1218747634610101,0.1949792368941837,21.907447814941406
3886,0.206306412942969,0.7682529364688822,0.16719800400949356,0.2530629943608348,0.11980723867841521,0.24108118168382098,22.012487411499023
3887,0.23543669907562492,0.8917196930358375,0.17651868189526795,0.2786902549153493,0.130724534245146,0.2892129819425351,22.053422927856445
3888,0.24454722566276835,0.9887830510943834,0.2106482099760217,0.32181033013578764,0.1323943456692621,0.2750757792431945,22.569515228271484
3889,0.23992330457113029,0.8660153932362064,0.20560626915141686,0.29995042973495817,0.12761733401088599,0.2856672942929947,24.814495086669922
3890,0.2142097066851757,0.6770244538787937,0.18936432426191807,0.25903005706432886,0.11908734010456569,0.25822397086145044,25.334775924682617
3891,0.18094010564034924,0.7145897327931621,0.1594386565453857,0.2387459531522109,0.11684668562911302,0.18644173157730198,24.098546981811523
3892,0.2075574605474076,0.7839477896221362,0.1753093606204248,0.26225770762066924,0.12092253811041466,0.2355003014906724,23.063142776489258
3893,0.23304824477412767,0.914766635384764,0.18746010577185443,0.29136103857369866,0.13308673420119146,0.26949087195082216,21.956640243530273
3894,0.24495584328050454,0.9626439418783385,0.2280950468990278,0.33303060332464357,0.13847739419867153,0.2610590711884867,21.50218963623047
3895,0.23920362328149813,0.8554638654835709,0.22358509602329857,0.3138534916604803,0.13369903007732836,0.2662015075035372,22.734498977661133
3896,0.21257887445067014,0.6986306954810225,0.19353039654416918,0.2656875821065768,0.12389409333140267,0.2437079387311108,22.28992462158203
3897,0.18211291330003473,0.7219744818432902,0.16479629066747192,0.24439317512116027,0.11942580343939836,0.18246890533460675,19.089109420776367
3898,0.20580454765020395,0.7596075279210799,0.16626519745335003,0.2510283875201686,0.12607449015123467,0.23599748807558293,17.315288543701172
3899,0.22716069262094482,0.8978829974001655,0.16829858508233353,0.27252492969916664,0.12816018585557162,0.27409242859720223,17.108015060424805
3900,0.23979131225288394,0.9778171291819664,0.2156128340568506,0.3244991619318672,0.13344117535695038,0.25872831356771553,17.39548110961914
3901,0.23592640325977685,0.8638051858503326,0.21073543829873018,0.30403111652038767,0.1298948848282699,0.26911235778431086,20.050113677978516
3902,0.21458864040110573,0.7405573042565641,0.17983327242089997,0.2599367055402806,0.12802727225141444,0.2506502805353077,21.473155975341797
3903,0.18538788241166093,0.7799618168325126,0.15699549198371662,0.24599068124783033,0.12359664573862675,0.1864277655189176,20.684219360351562
3904,0.21570455193600904,0.7549893092583158,0.1710723448957859,0.25448905409043304,0.14131436252494628,0.24685952828556793,19.94249153137207
3905,0.23202139893299342,0.807655813427354,0.18980139084056633,0.2780663083529646,0.1412955360825666,0.2711172331846421,18.757383346557617
3906,0.24028950668300234,0.8592371697278358,0.22807465622096598,0.3182407295790903,0.14538456182229295,0.2551240134020462,17.1511287689209
3907,0.23631603258938558,0.7702199250553744,0.2176836564697138,0.29661740912480816,0.13891893839074917,0.26877478554469775,18.46536636352539
3908,0.2215878417465875,0.7720745690015022,0.1897072678002959,0.2729025965433253,0.13294104230944195,0.25425338080694415,19.807126998901367
3909,0.19222831437163723,0.8404163670625834,0.16948713697392773,0.26533416984373565,0.12153490255101222,0.1901174261765979,19.673011779785156
3910,0.21817711930501105,0.8237386353881453,0.16060875175913622,0.2553415922775661,0.13652311458262906,0.25710545958610953,19.700546264648438
3911,0.22646304855294297,0.8024782459279725,0.16788681414813247,0.2585427329738239,0.1322575783899374,0.28082311107730207,19.053342819213867
3912,0.2284023837836089,0.8424625626770973,0.19193085795544337,0.2848639586299654,0.12763396043717076,0.26717087622118035,19.099571228027344
3913,0.22643389968759847,0.7605940431890904,0.18719876807033398,0.2691123788015849,0.1251797561535868,0.27768760605512055,22.03286361694336
3914,0.2088304239480574,0.7325326888024264,0.1639171165782088,0.24514791261023988,0.11999185914047714,0.2547863655752804,22.837322235107422
3915,0.17699866236574752,0.751329549283271,0.15016814359484246,0.2360483444074751,0.11508299141004898,0.17950640266547208,20.966672897338867
3916,0.2111333535858574,0.7718244729933116,0.16425103344373984,0.2510472390936787,0.1304923515291771,0.2467695805661091,20.179798126220703
3917,0.22523255951434767,0.7867860783981023,0.17984232489771193,0.2665485753977677,0.13486104730461082,0.26815611879987494,19.771072387695312
3918,0.2297622663284783,0.7948649338982667,0.2080912166872754,0.29191603343170275,0.138406098494598,0.2553143669678021,19.66691780090332
3919,0.23076315461669264,0.7322338068140589,0.20331568427142024,0.2788754160632258,0.1333674009616381,0.27388621029914895,22.056068420410156
3920,0.210968130802043,0.7567541304558643,0.17474851559634466,0.2578921748619903,0.12407056159702047,0.24594496530398385,21.933866500854492
3921,0.18109451759053538,0.8055592164803616,0.1585164007491607,0.25095108871076083,0.1163043804002059,0.17666138790187647,19.387718200683594
3922,0.21111044639762938,0.8051885326088328,0.150956390660532,0.244418125224575,0.13751717682583214,0.2463603382993745,16.981172561645508
3923,0.2195263431208091,0.7938660083438076,0.15803755758241847,0.2488701934054741,0.13754704140804447,0.26558236312039635,16.222482681274414
3924,0.2157954701251035,0.8185584663232159,0.17460866770988206,0.2666014960832155,0.1252949232743968,0.25052817590612386,16.95060157775879
3925,0.2191136036469409,0.7284912429030582,0.1781215037140211,0.25674575216959783,0.12127541740287633,0.2717938866531726,20.35772132873535
3926,0.1974195897595701,0.681549027710819,0.16050989880858788,0.23494406008033517,0.11295663024461233,0.23849076780448875,22.929536819458008
3927,0.1679253622375878,0.7179033022928489,0.1446966158824089,0.2265832853696146,0.10812276422652133,0.16892695275674754,22.820960998535156
3928,0.20499439549060317,0.724453856171327,0.15837207890239846,0.2392409042265311,0.12488676544886589,0.24512287663318644,22.69283103942871
3929,0.21775980461154687,0.7424944232289938,0.1728667183844115,0.2542421047907804,0.1309640450772487,0.26178408154722843,20.857524871826172
3930,0.2182120705702376,0.7428383899533149,0.1914711790867064,0.2702379234962219,0.13112614091917993,0.24888963770467676,18.840290069580078
3931,0.22071140097216738,0.6787040752114779,0.19380524936901003,0.2630765102036483,0.12114176701962309,0.2707653601030978,20.21380043029785
3932,0.19808956179201953,0.7094484799560836,0.16852170852892212,0.24579696158994518,0.11313868970432388,0.2306776000455682,20.82999038696289
3933,0.16988421930217645,0.7392886136931642,0.14685258696982736,0.2314863050731612,0.10549207546944427,0.17232552010620547,20.400638580322266
3934,0.2035773250655149,0.7703739953483031,0.14313650942454625,0.23274186455651152,0.12552309187508,0.24635580705252344,20.66085433959961
3935,0.21267165666146354,0.7566030858516769,0.15475185853432752,0.24073060529394885,0.1269063934227979,0.26316468194187137,21.990135192871094
3936,0.20963065054438684,0.7586771184738759,0.17283329872463563,0.25652527297452704,0.12226100714170626,0.24504629389535965,22.20709800720215
3937,0.21590298701941857,0.6785906328220541,0.18556324432095783,0.25599572839254303,0.1165222580441798,0.2677799761712687,25.17424964904785
3938,0.19301422344583308,0.6453005047894849,0.16265447179553624,0.23160390508038606,0.11154845182183566,0.230530802186597,25.180036544799805
3939,0.16202493391980088,0.6807736306557137,0.1392120762971644,0.2165780126341,0.10087855564594204,0.16779407103441563,23.157865524291992
3940,0.20091055640470293,0.7489096231361889,0.14511227855111425,0.23136904206326775,0.1211937273041107,0.24401160691647686,22.124160766601562
3941,0.21564006609008235,0.7626045175931522,0.16771710180220697,0.25270101834377057,0.13175884821921022,0.2566077985051183,22.22149085998535
3942,0.20915185764035063,0.7283783860246351,0.18450328735839114,0.26219973002499736,0.12258851945455732,0.23847789021635393,21.5454158782959
3943,0.21916040009617088,0.6683564776802617,0.19912424649009805,0.26615742237440715,0.11416689145722612,0.26990732566179076,23.318967819213867
3944,0.2011552412667461,0.6736478237572994,0.17164808260253217,0.24336233133892746,0.11413766847509736,0.24036441364628017,23.206636428833008
3945,0.1689379302312555,0.7215168233651859,0.14673833502647093,0.22884954764628734,0.1023793693401824,0.1747540057727916,22.49400520324707
3946,0.20127919817184203,0.7693114661702313,0.1441059828672061,0.2334210519104954,0.11078747154126349,0.2523353369522765,22.51173973083496
3947,0.20742046181115256,0.7905937708013437,0.14237486445675726,0.23497756536312675,0.10822513091541208,0.2701039107369481,21.072214126586914
3948,0.20875912924946086,0.7569779347568801,0.17819006977720567,0.26087405048858775,0.11086023513489209,0.24882010551547248,21.025827407836914
3949,0.22549158157108276,0.6884467979375328,0.20571777339335676,0.27467906261395336,0.11663545067267973,0.2777016501946737,25.086530685424805
3950,0.20152810873333787,0.642826374424931,0.17580600085348083,0.2425231970779737,0.11629730550340436,0.24023435925797337,25.289592742919922
3951,0.16642233132016274,0.6814627216315032,0.14701388906983284,0.2233637222929286,0.09987428228068336,0.17482815712853705,24.273666381835938
3952,0.19969035551793446,0.7513369548805537,0.14205948882574132,0.22909912683357161,0.10937044267802722,0.2529876043516707,24.853923797607422
3953,0.20782638852885577,0.7835386849169224,0.14765366113900646,0.23849437882156588,0.10190673724627367,0.27367159189499374,23.524431228637695
3954,0.20688626672205143,0.7299968770706362,0.17335270446023232,0.2528733005474329,0.11333446785580092,0.24850543613281179,21.51325798034668
3955,0.22574486550140815,0.678470221479257,0.18484292571168937,0.2553611108213419,0.12447736293047022,0.28843971559603687,24.388017654418945
3956,0.20482913699454777,0.6414936116555476,0.1470098016944568,0.21765034597461266,0.13401578394401042,0.25557226305621117,24.47528648376465
3957,0.174864221398856,0.6633577030027564,0.12556358105510398,0.20239131276191147,0.11753845650078944,0.20093806074199067,23.99590492248535
3958,0.2084285782912369,0.7434083136906602,0.1347283883411827,0.22168266339110806,0.11755291289621438,0.27634746104949437,24.288066864013672
3959,0.21395308316164988,0.7755194182692318,0.14639913537181184,0.2362734615000147,0.10736121728096028,0.28769063476118406,24.66618537902832
3960,0.2088138440701879,0.7195164057039698,0.17225031493396026,0.2504311850439616,0.11276961958497803,0.25643736714269455,23.276792526245117
3961,0.22201468037830033,0.7076729217731571,0.19455815590015077,0.26786026531058027,0.11822286090893451,0.2727176355982505,26.169157028198242
3962,0.19803845638794512,0.6412174281876971,0.16568065397591272,0.23361447886331052,0.11341089427545956,0.24095855357042528,27.66070556640625
3963,0.16967541580236542,0.6862920280673428,0.14751862400271853,0.22448625315480772,0.09836704473165958,0.18411075780584613,26.735334396362305
3964,0.2004011329548966,0.7686623734095979,0.13712237747409736,0.2273423768934546,0.11611165416280858,0.2505808384517354,26.129697799682617
3965,0.21129163651978747,0.8070838393237074,0.14673053344346296,0.2410667199977836,0.11835083135265398,0.2665616429977826,24.935522079467773
3966,0.20620928157496926,0.7490643141236736,0.15831311113619542,0.24270614013440658,0.12926774448123823,0.24159837529247624,23.36284637451172
3967,0.2213242814731979,0.7204734871816052,0.17089810538031758,0.24940887420907298,0.13398549958729508,0.2731716969794723,25.46822166442871
3968,0.19897301763157185,0.6528175769153759,0.14554710504089688,0.21801431530867957,0.13558943206452506,0.23777251953526854,25.539987564086914
3969,0.1735752635857736,0.6737843295990843,0.1343509305333108,0.21141284468556412,0.12672689157386485,0.18145970563387706,24.85470199584961
3970,0.2046638759431632,0.7378319453021771,0.13681753229250135,0.22267673415102646,0.12788330464532258,0.25608562489689346,24.48314094543457
3971,0.21642866904605426,0.7881162577367514,0.15187165507256184,0.2427637411674461,0.11172148423393834,0.2850042676504378,24.335411071777344
3972,0.21518976393276879,0.7568747338049174,0.1709924219292732,0.25468989505436523,0.11650569761849375,0.26697570722636266,23.417818069458008
3973,0.23183441242629257,0.7429251418877711,0.19623635700386777,0.2743347548444254,0.1199029623820324,0.29258663159915405,26.916913986206055
3974,0.21553595354001623,0.6696464066856643,0.15279535040459438,0.22663121558760438,0.1313595266117299,0.27948197281062714,28.277751922607422
3975,0.18607211439883428,0.6773764387689176,0.1379900507609971,0.21504524904784292,0.12190657183485568,0.216865471324433,26.827409744262695
3976,0.21937711807544547,0.865657861431053,0.1679838288613212,0.26765154779985434,0.12417232150286124,0.26044118906759883,26.83852195739746
3977,0.22516815843142576,0.8361179801215703,0.17817869001387157,0.27217001717211425,0.12930326098037812,0.26792331730298996,23.925697326660156
3978,0.228238271425242,0.7818870493375212,0.2009684331477558,0.28395680688915087,0.14823101289768356,0.24949090410593544,21.621341705322266
3979,0.23538736358461734,0.7798895333553233,0.17901856129964486,0.26485727159331324,0.15232082420307447,0.2822844160358586,23.941875457763672
3980,0.22768175138446994,0.8409612712731614,0.14360035957427808,0.24322334695983283,0.1283320963441606,0.301013803416298,26.842466354370117
3981,0.19898851136857926,0.7832552947883741,0.15915794146862122,0.24831470622858592,0.13501696535234542,0.211803193630278,28.560989379882812
3982,0.2273387193311129,0.9194856536422258,0.17858298329351538,0.2844262219147597,0.1560469975715317,0.23976741111005548,29.8443660736084
3983,0.21982734907527465,0.8348333993237473,0.17830068720734735,0.27209107465254734,0.14149367642181193,0.24263855276694096,27.336456298828125
3984,0.21626079451415195,0.7203011380929576,0.1888297846827004,0.26475426374130856,0.1364747181118088,0.24364182579244018,24.553592681884766
3985,0.22451732699844154,0.7377193680892297,0.18057861323649826,0.26017014964403135,0.12669095524844037,0.2789191824648015,27.559112548828125
3986,0.2217669561787657,0.7846515888452682,0.14140696952438112,0.23329905799879352,0.12350961270313136,0.29765154262742144,29.861968994140625
3987,0.189059916805712,0.7057478824740955,0.14561900984680737,0.2256374202221343,0.1294452713945822,0.20921741605108105,30.215490341186523
3988,0.22223954718706238,0.8857140165378226,0.19049643319445378,0.289813230814935,0.1437869419037385,0.23175860363558218,29.5733585357666
3989,0.21751744134024478,0.8059911226536131,0.1882537932962116,0.2765019832044118,0.13524246805476087,0.23789656883389698,26.864595413208008
3990,0.21496262215982415,0.7097390663240657,0.1970780630447665,0.27031534922752354,0.13576827826214408,0.23582403688605724,25.31437873840332
3991,0.2232063252984875,0.759780943513612,0.1846093301641006,0.2667767034997451,0.12356313904515699,0.2722700323440512,28.32851791381836
3992,0.22557557630552927,0.8681154720416546,0.1457683217442214,0.2489607717867119,0.1214636430883651,0.29621147182451313,28.456607818603516
3993,0.18863805739125047,0.7487092732320542,0.14570783417749944,0.23185089689957872,0.12973130721536183,0.20237022922536574,27.799102783203125
3994,0.2154000909329765,0.8416730616799799,0.17403237998551566,0.269409620227582,0.14288573302445304,0.2315918159701547,27.96746063232422
3995,0.20876073161240072,0.7565292187008458,0.1650889020778291,0.24958037588111723,0.13534884183097554,0.23727894643602077,25.437471389770508
3996,0.2069321043090645,0.6526687895856125,0.17800679024839505,0.245815647296569,0.13278508191474328,0.23778764879002912,23.103126525878906
3997,0.21882759535289048,0.6983235405219738,0.1757244851484301,0.25038149305893637,0.12844121789747384,0.27030601513358987,26.586803436279297
3998,0.2231566874412011,0.7733919921723021,0.15003203129669396,0.2390834542789237,0.13424012902189766,0.28702275507508423,28.096452713012695
3999,0.18928712278378523,0.6762748811534862,0.14414040356480992,0.22015961464890652,0.13940635407375396,0.20591936502308145,27.51412010192871
4000,0.21808141703471617,0.7842496377793798,0.1799735106933057,0.266298671705602,0.15157857250438575,0.23408130816173014,26.93148422241211
4001,0.21521449390944414,0.7354475793875048,0.17019292828030408,0.2509435927241899,0.15044149709987176,0.24062790465491737,23.762168884277344
4002,0.21707211478091412,0.6522865127130859,0.18356437501070233,0.2505246803967571,0.14792444545535782,0.24830533052691328,21.880464553833008
4003,0.22734860377245888,0.7174104415950711,0.1710203985675591,0.24907611900006082,0.13103310350594802,0.2926130906815041,24.512317657470703
4004,0.22409053447926872,0.769039837077133,0.14257763321710717,0.23207223376853944,0.13284313527655903,0.29694802190352776,26.76298713684082
4005,0.18634515846671143,0.6448596528042765,0.15007389937391927,0.22075757843539884,0.12723301497234732,0.20795741655167854,29.145275115966797
4006,0.2012437570871035,0.7282481540126364,0.17558124613113066,0.2545336615427743,0.12928025655279898,0.21758315365590794,29.24105453491211
4007,0.1892830675128421,0.6557874754749065,0.146222261779669,0.21901729230756,0.12490254600081523,0.21959857714048747,26.33251190185547
4008,0.1980951543438423,0.6103802753149538,0.15655621061774105,0.22138821986020002,0.133029769259495,0.23464593396583322,25.363252639770508
4009,0.21133231509561973,0.6869698195320455,0.14616735603232203,0.22342485081799682,0.12459606265210403,0.27664556722661604,27.57213020324707
4010,0.21012014874523538,0.6825461879640232,0.13990932844013998,0.21742887980069472,0.12495331245788006,0.2782459908231443,28.93779754638672
4011,0.18325542280978205,0.6012538207884552,0.1433184947905292,0.2087378270759472,0.13310858742405243,0.20483680003940097,29.153533935546875
4012,0.20846322320633898,0.711469356808475,0.17248272691585131,0.24948081690051185,0.13882894648875324,0.23350282085182514,28.685888290405273
4013,0.19759109669912805,0.6538699680339621,0.14542315749000886,0.21805841613914506,0.1338640946290101,0.23544331900046625,25.650175094604492
4014,0.19819092159783416,0.6106577096203869,0.15662684110543568,0.2214883937504287,0.1358700159575465,0.2323364258995656,24.954988479614258
4015,0.210163655707219,0.695499885080624,0.14720621975284712,0.2255338862282438,0.12352075370367296,0.2725272432544251,27.428293228149414
4016,0.2085979022529201,0.7022721460031555,0.13499279611737744,0.21603270324391716,0.13090137337645852,0.2700769141527016,28.198585510253906
4017,0.17881460211192132,0.5951138630461236,0.13942663931479024,0.20452481413355214,0.13257751736000484,0.19677561575092123,29.251480102539062
4018,0.198980717928083,0.633113477619055,0.15396217486655778,0.22241236097405737,0.13388970945120862,0.23543266268012042,27.741382598876953
4019,0.18975016824035257,0.597461574145117,0.12839507237661535,0.19540457262925842,0.12612592302634917,0.2404737789623129,25.319805145263672
4020,0.1963975756869637,0.5776457709555279,0.1416000499690113,0.20389229582422796,0.13176794597426295,0.2463906215654707,24.971485137939453
4021,0.21382836667403057,0.6387561386061853,0.14641461676088596,0.216749119881643,0.12442442473363527,0.2895011568152155,27.239139556884766
4022,0.20928794200434295,0.6368721298266623,0.13826448822501955,0.20949415131096852,0.12899310702585873,0.2793654894672193,28.5283203125
4023,0.17499859185300842,0.5556977647464152,0.13471194667226838,0.19485277782571792,0.1232935382923609,0.20286810099245425,28.6209774017334
4024,0.1978638176470534,0.6253075887041273,0.15428017212358222,0.22156980306366011,0.12133564394505471,0.24408323239677138,28.53255844116211
4025,0.19712673580164838,0.6174124972048434,0.14250350588651675,0.21034764750342055,0.11264943009277584,0.25947608055786126,26.01323127746582
4026,0.19955033042713924,0.5951240199917416,0.15270677261512294,0.21590923652606847,0.11580759219329972,0.2585111835451859,25.255313873291016
4027,0.2238988300757656,0.6789302185718749,0.1529610278123795,0.2280994836351645,0.12107177755265759,0.31019692916901115,27.833189010620117
4028,0.21799364158852513,0.6754961980136369,0.1377751445657012,0.2145924379154063,0.12685628758093445,0.30071487955914605,30.30113983154297
4029,0.17287021440647202,0.5561611922828354,0.13439481163959285,0.19464715173148464,0.11946336543834109,0.20054638709420047,32.489013671875
4030,0.18461596449594103,0.6179231225925095,0.13709375679417968,0.2057836661939411,0.117973821082727,0.22440610099675326,31.599308013916016
4031,0.18549293599036334,0.6041186370808571,0.13115786192706805,0.19872368694903791,0.11224294082241408,0.2380097746734786,28.622495651245117
4032,0.1844054994692016,0.5712856603468921,0.13645040534905062,0.1985697274915994,0.10587127264986648,0.24072924841652177,29.221494674682617
4033,0.21853226250430585,0.6803843821053839,0.14996504423594761,0.2257392353601528,0.1182705889458293,0.29995512561910675,31.902185440063477
4034,0.21330066377333068,0.6584445322360775,0.13959077599571026,0.2137127411729056,0.12613963278021245,0.2892059981676811,32.581417083740234
4035,0.1645009824019409,0.5380502126934217,0.13838815411404265,0.1954827339110968,0.1049251170269573,0.18952083203454007,33.36336898803711
4036,0.18513515758979074,0.61888868927245,0.1490630568040309,0.21618100429951934,0.1085926561963801,0.2249447304380125,32.54020309448242
4037,0.1877813186001547,0.6278771083528065,0.1446171313899041,0.21365427095603298,0.10884720812283778,0.23420983195641354,29.24850082397461
4038,0.18404506186778144,0.588052502221978,0.13982871985525522,0.203860688764787,0.10237253283339405,0.23816985123799056,29.46233558654785
4039,0.2145371174066342,0.7073941602297419,0.1503717816343517,0.22994640714797884,0.11133624559997715,0.29135475171378267,31.021160125732422
4040,0.21227986230332183,0.6939826805190032,0.14320359537000152,0.22188632181985893,0.12211677272679089,0.2827669136058164,30.714027404785156
4041,0.16268298894223449,0.55486764496461,0.1390042010054949,0.19841326442822563,0.103005340937446,0.18363693989618207,30.348766326904297
4042,0.18307711700804677,0.6187454574509821,0.1475005895216873,0.21482128494015798,0.10713573711700324,0.22174967747211255,28.78508758544922
4043,0.18946162353574236,0.6181831615324712,0.14689798683720673,0.21422444036510166,0.10157995718176639,0.24469061686978186,26.124174118041992
4044,0.1846253838016003,0.5788576003482708,0.13933200346359773,0.20212137444712244,0.09649203274666587,0.24643307415983584,26.603002548217773
4045,0.21245399625803515,0.6369284028392626,0.1528612011122106,0.22201365850178947,0.11052093731590006,0.2932807183691183,30.040699005126953
4046,0.20734384956723642,0.6127912508721847,0.14593037225819397,0.21262478348876407,0.1178960800080846,0.2809898307501577,31.667896270751953
4047,0.15915006211847132,0.5141448856755125,0.1365833254244536,0.19052069117460485,0.10141197675893476,0.18222158638394897,32.34822082519531
4048,0.18241353499639662,0.5972432994693482,0.14123207391357134,0.20637653470725376,0.11086370979574985,0.22405200729996252,32.02522277832031
4049,0.19452972269238408,0.6259256500613395,0.14705526883568668,0.21546532329649423,0.10756374433600735,0.2523063032256173,29.775365829467773
4050,0.19149325306459683,0.6192247055814486,0.14223550362070442,0.210376818186525,0.09859751076150328,0.2562539080981165,29.88704490661621
4051,0.2202764828785918,0.7129412131704935,0.15896248750545136,0.23810230545760022,0.11010056654854873,0.3010828149107472,33.416099548339844
4052,0.2040810533173839,0.6490198414429493,0.14323638886476567,0.2154911678045062,0.1134324244085284,0.2734147534364005,35.31051254272461
4053,0.15791928525924218,0.5503809784584212,0.1318736918202753,0.19166044705429616,0.0982339728742889,0.18062041702540407,36.7906494140625
4054,0.1779276462446941,0.6112215388277185,0.1383169048391863,0.2058747096946909,0.10576662589775543,0.21661485852951823,34.4498176574707
4055,0.19122664482593013,0.6262463374321383,0.1422020104943193,0.2113512000568649,0.10626675605921883,0.24795756166973465,31.93583869934082
4056,0.18733002669906448,0.6166716119469092,0.13684420123227795,0.205390974191511,0.09779654859506216,0.2498684909841758,32.859806060791016
4057,0.2149819034454021,0.6907986412851241,0.15246262951646564,0.22936777405484543,0.10758444713153789,0.29636704093677035,36.51778793334961
4058,0.19875460543919818,0.6103269392186289,0.13884560466628199,0.20620008103090298,0.11045599456716912,0.269501098809482,37.08805847167969
4059,0.15872266238691674,0.5234460591013952,0.138995681554983,0.19391716406161333,0.0966762936096149,0.1822180461016963,37.354061126708984
4060,0.17377163634529483,0.5843636079638825,0.14345759262039634,0.20644416624089437,0.09829063932608458,0.21122904507845425,35.299190521240234
4061,0.18935516889887244,0.6222653489518892,0.14955954529315707,0.2170889458158331,0.10203649785930602,0.2414919512561526,32.66962432861328
4062,0.19263575773846656,0.6508259348616927,0.1469751396999557,0.21895382472306096,0.09915200152340388,0.25140573581512626,33.679656982421875
4063,0.21429221461576847,0.7236003639741488,0.15026338779567924,0.23216867010688919,0.11621226609107331,0.2844702710201461,37.44548797607422
4064,0.1962615528096615,0.6188412358857176,0.13913157031441695,0.20766152253888848,0.11794878708096043,0.25481024930920143,36.92192840576172
4065,0.16206446331168758,0.517092831714449,0.13957381731518376,0.19350510508650734,0.10343777654565127,0.18585225267900207,34.367130279541016
4066,0.17912165077262385,0.5911057240086688,0.1321429776756519,0.1977090842946543,0.11122361507246656,0.22226842767848473,30.800840377807617
4067,0.1952965311278071,0.6444940678517623,0.13575516913299607,0.2084321546642484,0.10786742670180864,0.26030332690616953,29.27529525756836
4068,0.19643680563237512,0.645614265632015,0.13722913410427343,0.2098555814653794,0.10424894029478009,0.265359758948892,30.454927444458008
4069,0.2165228092105135,0.6694766925471729,0.14913901809584296,0.2234729715888901,0.1177809771812823,0.29684052015501133,34.360652923583984
4070,0.19028837275142693,0.55245286470722,0.1300443777587472,0.19038844732281474,0.11376925952824327,0.2571550315717483,35.30929946899414
4071,0.15601753789873707,0.49442000371934525,0.1259651390667026,0.17860154830279443,0.10286179562888334,0.18276780328130893,36.079158782958984
4072,0.17255454534272235,0.5639039998600837,0.12281947018964233,0.18583154585684825,0.10672821930091973,0.21853520517943953,35.00347137451172
4073,0.19556442687545256,0.6332443648388695,0.13707062265841705,0.2079525858270531,0.1147603798194013,0.25542832896684686,33.83355712890625
4074,0.2016680722488874,0.6957325888093777,0.1425619213369058,0.22158630240440175,0.11321501011995624,0.26163605022562697,35.25595474243164
4075,0.2177671303296234,0.7084185537985526,0.15143924862877642,0.2310077207958873,0.12469256699116213,0.2876218565927961,38.65214920043945
4076,0.18948673706644384,0.5734467613713171,0.1337829422943785,0.19659205930536977,0.11609483419473869,0.24748749512012574,38.90468215942383
4077,0.15585841550032897,0.4949386927900877,0.12589708800532373,0.17861731726029004,0.10393768351300896,0.18137501694926808,39.84661102294922
4078,0.1724592189452353,0.582984809548696,0.12050907850181358,0.18657704007993964,0.10600575633428967,0.2182529052369464,39.58368682861328
4079,0.19007983780545604,0.6508842968131606,0.13368836097296363,0.20757349466442035,0.10324988001512204,0.2507491011204046,37.09830856323242
4080,0.1969973244048309,0.6970410655938115,0.1367275496667041,0.21677233765629092,0.10289879721734832,0.2620303990988505,38.76939392089844
4081,0.21330437389494736,0.7041759198566147,0.14932398997726726,0.22858855138860262,0.11643890479074948,0.2846880040541722,43.63627243041992
4082,0.18308290033552946,0.5604005586006056,0.12682719640230564,0.18876624814491993,0.10682436634630456,0.24483618824288464,43.043609619140625
4083,0.1523502787863509,0.4796325737426013,0.12005929826814228,0.17142690905020785,0.10011990219964785,0.18135980681884128,41.56290054321289
4084,0.16922909035699685,0.5680009570236175,0.1137675654000629,0.17865804991771356,0.10135288854728033,0.22037042732487164,39.813716888427734
4085,0.1883053531770097,0.6338819243386646,0.13315526869791736,0.20468764807516698,0.10365833026973738,0.24803699018498537,38.223690032958984
4086,0.19551129785922683,0.6979797131074446,0.13968476907762664,0.21944118965331488,0.10055427945665509,0.2576600336416501,41.310203552246094
4087,0.21596783638241135,0.7380724513782538,0.15416512103217225,0.23758045393875532,0.11486271127300639,0.28552378049133975,46.341243743896484
4088,0.18005171887226168,0.5676179716878857,0.12841755924100068,0.1911604753048414,0.10688618161571882,0.23435140209322944,42.71556854248047
4089,0.1514128955288948,0.47500179580432944,0.12108911777156646,0.1716480717762469,0.10330241447372422,0.17580378723573592,38.03440475463867
4090,0.16990225803166756,0.557939746837579,0.12017090286674319,0.18270930914829114,0.10549335378287032,0.21505387952231952,32.26555633544922
4091,0.1913805446081848,0.6290419062798479,0.14113892330824987,0.2108393494470496,0.10293263394371989,0.2517460122055849,30.800392150878906
4092,0.19996526093755881,0.6978531392980708,0.14451780478874052,0.22356570971864484,0.10164571219351196,0.26534447340514955,34.613529205322266
4093,0.21409164487794285,0.6959723329028733,0.1578629577161312,0.2347357255999515,0.10953367554668023,0.2875162974110401,41.04439926147461
4094,0.17431998565335685,0.532843293310358,0.12309157660871846,0.1816275361375241,0.09803323904493753,0.23467678226207742,42.399803161621094
4095,0.15251716200305243,0.4626159444466599,0.1263613778179694,0.17439774447921091,0.09802094362037593,0.1810558434212557,41.63191223144531
4096,0.17031020050229567,0.5404207765373743,0.1330283446722663,0.19122726351013886,0.09726956898621211,0.21591832294700603,38.0633659362793
4097,0.19431839802613834,0.6136372142270858,0.1488243105840015,0.21522615396158498,0.10031080710298493,0.2582807536403817,35.91477584838867
4098,0.19887516484029916,0.7007010498363243,0.14457532342738136,0.22402185577151607,0.10278035080107586,0.26095477255980476,36.82621765136719
4099,0.2190628293064174,0.7306461372859174,0.1568651126190652,0.2388338304286155,0.11632986404907235,0.291654547924671,40.40695571899414
4100,0.17609192866364803,0.5761768108017946,0.12148812525046011,0.18644365175779365,0.10529891019684542,0.22897806211472294,40.35367202758789
4101,0.15325156832251607,0.4799291456721604,0.1202541988390924,0.17163633410095927,0.10448173355726172,0.17983850368597581,40.649803161621094
4102,0.1676565744970833,0.5596336570091157,0.12101067262770948,0.18367109896791037,0.10274502836212854,0.210441468453195,39.3183708190918
4103,0.18703456028476612,0.6342599897059209,0.1322281638665667,0.2039469961293316,0.09358921783084916,0.2540008535679487,37.699317932128906
4104,0.20155128717755585,0.7456398723922788,0.14739322263409255,0.23285702974240488,0.0964783834744486,0.2660975531735318,40.385765075683594
4105,0.22278922484184002,0.7672437089293889,0.17191466729536006,0.25696167324307845,0.10938241504833839,0.29211929106007034,47.04524230957031
4106,0.17534468190546684,0.5992377776268587,0.12520263947049834,0.19292194492140696,0.09289358770455183,0.23210928419231985,45.895748138427734
4107,0.15612809343724493,0.49011988047924643,0.13160758274794745,0.1828236252809902,0.10212247426395803,0.18002441985059386,42.43339920043945
4108,0.1657331460207186,0.5334218712832668,0.13345981627679637,0.1905972527062922,0.10317676511006806,0.19871388596766093,38.53274154663086
4109,0.17487433750883621,0.602324124883186,0.1253656380296749,0.1935025647230336,0.08765911113151356,0.2348879617765709,36.4743537902832
4110,0.18888660038252778,0.6996796695754242,0.12795456367708483,0.20962957880541902,0.09181041610886582,0.2556781555019521,39.782859802246094
4111,0.2130133170168972,0.7452923762869583,0.151580503354916,0.23639648520235063,0.10743562079981164,0.2849335290445754,45.05870056152344
4112,0.16785160719022124,0.5758769423734101,0.11415900364572856,0.1801187091782545,0.09141923097091888,0.22399622214258172,41.51655578613281
4113,0.15031418741923114,0.483849392295201,0.1183006929647959,0.17052193572628235,0.10211448274587849,0.17480714923974494,36.86510467529297
4114,0.15691347443075107,0.5434381328421884,0.11826411200272546,0.17900325783693447,0.10129550904650753,0.1862506336615537,31.609527587890625
4115,0.1693089611026549,0.6251951948286855,0.12232713824785861,0.1941654320451196,0.09269548730582917,0.21459633860022082,29.75303840637207
4116,0.18556362722827016,0.7088589720761029,0.13498031265204655,0.2169629782840546,0.09654222525808868,0.23598292177836755,33.73427200317383
4117,0.2149204300050994,0.7353351802314267,0.17039854768686516,0.25110378090751684,0.11081784699855221,0.27434975809621287,41.301025390625
4118,0.17130785218922362,0.5498147756806562,0.12704451702278896,0.18744026825962715,0.09643124435820798,0.22270901997975923,41.461517333984375
4119,0.15069301315998954,0.47362590945158917,0.12980838365591374,0.17892517305529593,0.09912039028328166,0.17111591826871583,39.07731246948242
4120,0.1532874748913695,0.5049964010717227,0.12120699699434463,0.17603405471968436,0.09334555594190218,0.18583339662237788,35.062644958496094
4121,0.1646915011955217,0.5726614832537379,0.115001324256315,0.18038134697023253,0.08633448269566239,0.21952527733002664,31.34515380859375
4122,0.17988602968063516,0.6821573525950051,0.12201984762296088,0.20203949119039574,0.09142624652274264,0.23790406112275053,33.059871673583984
4123,0.21381418795796706,0.7441919335301186,0.15496072481024345,0.23913661177022563,0.1055512447156336,0.28638714245928254,36.05839538574219
4124,0.1674225686142687,0.5253229224520202,0.11947370895447484,0.17745216802555275,0.09488863963261997,0.22211385698833774,33.758201599121094
4125,0.15225832715047305,0.4689905421540841,0.12211891813289084,0.1716720072787756,0.10297775458515966,0.1783918580328575,33.4520149230957
4126,0.16020182639903907,0.5307851445499533,0.12293287026687537,0.18119748087874368,0.10065930766909395,0.19393033261799952,31.649341583251953
4127,0.1697910316793304,0.6136005027791374,0.12352218658481624,0.19353337461257641,0.0850628732029864,0.2231536202795411,31.480552673339844
4128,0.18618074785862831,0.7285415840084511,0.13364977506889306,0.21863431920311566,0.08825149516479573,0.24347196903930537,37.902320861816406
4129,0.22421351044390256,0.7758348749952209,0.17540459082474177,0.26118034570623877,0.10741764513874384,0.29406391173137225,44.193355560302734
4130,0.17203368369786737,0.5524882498956362,0.12755889916346322,0.18826309212520223,0.09476205669587576,0.22544562495069204,42.66314697265625
4131,0.15254058467360695,0.4956596800464331,0.12131047379737496,0.17478893183295469,0.10506004171634083,0.1746187559967855,39.071617126464844
4132,0.1541574538328339,0.519726378759599,0.12344244313512798,0.18005443393862386,0.09616326422627584,0.18224251214600604,34.328147888183594
4133,0.16351659845039046,0.5785539831953208,0.11781226160477827,0.18363250754628435,0.08979570259830608,0.21042096186205705,32.39835739135742
4134,0.1755886427324168,0.6649778612540229,0.1250416796779141,0.2021754199030725,0.08702497724993383,0.22981842000526573,36.453407287597656
4135,0.21497294968872727,0.7491242810167715,0.1612399782809015,0.2452234501003115,0.10607959154412984,0.28378545020511386,42.25179672241211
4136,0.17601971147853768,0.5752012001138882,0.13133377435099294,0.1947434066028351,0.10268951211584976,0.2238004026871293,38.342857360839844
4137,0.15735919687239466,0.5332169463824713,0.13135712348333328,0.1887656696117816,0.10961704909725496,0.17165291252867837,32.5597038269043
4138,0.15547360116783154,0.5655033927539614,0.13819211103901016,0.19923657985543172,0.0993214138400373,0.16631415872800137,26.189180374145508
4139,0.16597795630107556,0.6345513680181627,0.1312454595477013,0.20314630361491007,0.08783732935373313,0.2018287009803949,24.26832389831543
4140,0.17544046715676861,0.6855439181876343,0.1296042612899687,0.20902421227534945,0.08681856137783936,0.22359885773457344,29.06270408630371
4141,0.21070472385302724,0.7311881482468972,0.16792799300168715,0.24839372946528862,0.10369106459981457,0.2713637957888597,37.175479888916016
4142,0.16486877902181493,0.5374396422288317,0.11996745773507127,0.17960634123417987,0.09228034954440131,0.2154882878787325,37.309993743896484
4143,0.15113156398670707,0.49644586048363293,0.11962644364124629,0.1734577889044444,0.10813907933467247,0.1692145412542172,33.551368713378906
4144,0.15551343179224575,0.5093081880294014,0.13138628018494683,0.18537512416272608,0.10186823723939586,0.17632399620181913,28.120826721191406
4145,0.16681865667889695,0.5682100373212002,0.1196250169541803,0.18370859129232597,0.09797941406932544,0.21227430117552157,25.072336196899414
4146,0.17740520967824455,0.6615879643351397,0.1257398067922697,0.20228954358410825,0.09223610713946342,0.23015438223204737,26.69890022277832
4147,0.21170983336690138,0.744589688083468,0.1601354730259299,0.2436289323198639,0.1032520009593688,0.27868122513965016,32.047943115234375
4148,0.1707381702586553,0.5812030818104172,0.12291511255468851,0.18838482244836405,0.09396489825272035,0.22247396259785324,30.926658630371094
4149,0.15807728786838968,0.544057352887562,0.12421413073986419,0.18419173390382101,0.11354951001293605,0.1741889532109092,29.913673400878906
4150,0.16048660742392606,0.5374691176746047,0.13395422407974594,0.1915992088790115,0.10866719818113102,0.1786050642381719,27.5106258392334
4151,0.1711695563730244,0.6224586843002168,0.12457838377076323,0.1957041409892566,0.09507824998665135,0.21628168792189761,28.169782638549805
4152,0.18301192058642865,0.7062258930061067,0.12484802982669273,0.20790201028089475,0.0908405611366453,0.24188303162233135,32.34861755371094
4153,0.21465600315657388,0.761232370991013,0.16407458584757026,0.24938284086806212,0.10183059633003147,0.28299225113224635,39.280174255371094
4154,0.17214465090290218,0.5870466629194022,0.12113221455351843,0.18769142146293039,0.09271665663788035,0.22804072164477157,38.485923767089844
4155,0.15777815593085942,0.5542532867974659,0.12292165738712825,0.18454046158860507,0.10889070737952412,0.17713765596275044,35.43321990966797
4156,0.15495024410933853,0.508362360094659,0.13221093064220127,0.18594684913540954,0.10053885298148933,0.1754381819483944,28.69609260559082
4157,0.1643831098801638,0.5811929655947454,0.11776709283089108,0.18397078894001315,0.08680892813428831,0.2151212997304367,25.717378616333008
4158,0.1804981799255942,0.6735716351776333,0.12544022479757663,0.20374471199472757,0.08886348361290289,0.24033782363870737,29.157323837280273
4159,0.21837440838109032,0.7811176184173514,0.16417873942733324,0.2523128649973358,0.10482268159091059,0.28803601978328275,35.476417541503906
4160,0.17864341474374837,0.6517458972054917,0.1273194271423016,0.20223749429418594,0.09568711788553644,0.23058535488805101,33.14252471923828
4161,0.15964595784655125,0.5985949369419928,0.12210784397152052,0.19017742868158802,0.10774221056424384,0.17834669973791312,31.795801162719727
4162,0.15619759915382317,0.5420285971682481,0.12867046651804961,0.18772162803950657,0.10106943011301772,0.176851221789555,27.832897186279297
4163,0.16557354780846548,0.6027770097672112,0.1168946950608231,0.18630645430459283,0.08743332640797105,0.21580494834978667,24.358713150024414
4164,0.18176459037442563,0.6908568265744766,0.12403062220191212,0.2050057942551356,0.09033428963650489,0.24143005012448507,26.557117462158203
4165,0.21750772333263477,0.7716003711528718,0.16635942527112976,0.25282241753995005,0.10226211151113145,0.28744727624504934,33.69975280761719
4166,0.16953629012756477,0.5821136968876628,0.1260060763004602,0.19116430781291774,0.08979315826371922,0.2203870150337458,30.7592830657959
4167,0.15208373955292204,0.5517369387464558,0.12418475772281352,0.18526364072619098,0.09993377307680062,0.168682546692918,28.696592330932617
4168,0.15054164737909329,0.4930092029890454,0.13031710202937544,0.18213025930932833,0.0955579482936285,0.17101234863991932,23.91197395324707
4169,0.1637864326689152,0.5528950957131101,0.1195237362771193,0.18143393048226084,0.08641704814432638,0.216043083541253,22.591814041137695
4170,0.1844947798306005,0.6864175782367614,0.13219371714055725,0.211368554440015,0.09247939514452784,0.24149368864767645,26.5103702545166
4171,0.2202983048281226,0.7960044605016836,0.17134572633889075,0.2605826883621469,0.10242204535799417,0.2881911962722138,35.29396438598633
4172,0.1735400740136929,0.630808127985782,0.13451105640891436,0.20541063806275264,0.0880934297238077,0.22041914422441522,35.64241027832031
4173,0.15162633530846642,0.5701362657407645,0.11867816342138675,0.18317217803844071,0.09728458401995892,0.17157275529718302,34.754634857177734
4174,0.15614351802388438,0.5129480128425646,0.12924075610792599,0.18405607849858865,0.09677132692677104,0.18367069481849235,32.613765716552734
4175,0.17517275963928758,0.618276014109958,0.12268499366181064,0.19348371086868885,0.08945814608292647,0.23415096417537745,31.022764205932617
4176,0.19569357297185874,0.73768330436364,0.14271688599858465,0.227712088622164,0.08846516307152553,0.2615022304406332,33.387447357177734
4177,0.2341627913308064,0.8121352580015679,0.19019771632963192,0.2790459365684799,0.10602074247555551,0.30701433199618655,40.584903717041016
4178,0.1896482945889917,0.6154970156191959,0.15926360077716464,0.22443980289745483,0.09623135818119698,0.24094554417590688,41.149169921875
4179,0.16396187345057273,0.57362943006695,0.1343692617978353,0.19712071440770879,0.10774801307936548,0.18413501543788505,38.53058624267578
4180,0.15390391979579562,0.48744882168879466,0.12781991415421487,0.17919547237344055,0.10408331073277036,0.17536684422050347,31.105417251586914
4181,0.16898630895264113,0.5669939206293307,0.11853180950394089,0.1825978253789966,0.09708204945750862,0.219992459137821,27.38048553466797
4182,0.18858001398825833,0.6987600880439567,0.13963686619593293,0.21951161217422202,0.0881001899373985,0.24943471162004235,29.296009063720703
4183,0.23257930794580367,0.8257282367069336,0.19392209976729116,0.2841801193300972,0.10283733991331677,0.30095282001297285,35.055274963378906
4184,0.18536969738264322,0.6336692432839777,0.16080603298854274,0.22835792017360484,0.09530636891895661,0.2265604148462776,32.36730194091797
4185,0.15792766947097786,0.5812149105504976,0.12733174386225288,0.19217219624628784,0.10503113962467733,0.17424817215809463,27.475847244262695
4186,0.14838746000020386,0.4890113232868171,0.11841380085353925,0.17135630405829325,0.09974442341161531,0.1708523784643906,23.593040466308594
4187,0.16157822856446247,0.5752764588725251,0.10612400321576282,0.17314578259530025,0.08708507193679485,0.21663813083668854,22.305768966674805
4188,0.18455649066458746,0.6953139969093445,0.13505556661819085,0.21509248523121283,0.08656797810757312,0.24357744390617786,25.3817081451416
4189,0.22650199189414374,0.7819546146283294,0.1924925828413687,0.2767014445252202,0.10416864678428846,0.2896191478130752,31.846202850341797
4190,0.17713041410079067,0.5783948855746128,0.16057600661304872,0.22026441789327217,0.08968047623864674,0.21590685641174528,30.63689422607422
4191,0.1499066594609849,0.5280031278844209,0.11992589870300911,0.17822264572892507,0.10095346275130335,0.16796421859750854,27.554698944091797
4192,0.14642507277185055,0.48142345901276107,0.11266639395625001,0.16534597467860873,0.09927204663387168,0.17112818147416864,25.030744552612305
4193,0.16730419011734468,0.5715298331151331,0.11338360569349511,0.1788330667537291,0.09344677886661927,0.22184165790489302,24.794021606445312
4194,0.19094571036254526,0.7101356412055102,0.13996316674624196,0.22141637738328027,0.09074094086871108,0.251963050026507,25.820045471191406
4195,0.23065308280641003,0.7955458699805207,0.19197533546422155,0.27819969753797863,0.10870794974819946,0.29575178634222177,28.36235237121582
4196,0.17856520845358326,0.5916532139193325,0.1637825929356682,0.22490696736190594,0.09210864535612377,0.21366566211907795,27.940996170043945
4197,0.15219441529346123,0.545301642303013,0.11869293907425733,0.1796370395355081,0.10224985453816213,0.1718836097425569,27.55809783935547
4198,0.1458270301425285,0.4650936325807955,0.10497243900215535,0.15641832379910392,0.10060589362241122,0.17612814264812765,26.84844207763672
4199,0.17038875204921997,0.6157425252054166,0.10779649876852743,0.18036021683094017,0.08410894155610994,0.23715855454668605,29.59016990661621
4200,0.197822293367678,0.7709375335183792,0.1419486390538666,0.2318041954059398,0.08206298666980613,0.2693775224448368,33.50476837158203
4201,0.233906549116591,0.8167638523053583,0.19488794205651028,0.2837273578063457,0.09670094391923485,0.31036824606074215,35.864158630371094
4202,0.18128126801380853,0.5966958165749421,0.16903957724152216,0.23013332571772502,0.08079485869690481,0.22646132567517235,33.56051254272461
4203,0.1521094394446005,0.5295787134531648,0.12102086409357599,0.1793862711449458,0.09451418604925818,0.17863805842772296,30.8001766204834
4204,0.14280722999748113,0.4630789433454112,0.1111706597060423,0.16144327165452357,0.09456350216236038,0.16871395540329961,27.83403778076172
4205,0.1633765376788058,0.5818722492653654,0.1082860605085169,0.17594123033092382,0.08341436070595375,0.2223493364594481,26.872961044311523
4206,0.18994091014357997,0.7169701326047707,0.13441324288162268,0.21763565569921522,0.08551118430729246,0.25708401788915064,28.974998474121094
4207,0.22330822739590933,0.7880098108862622,0.18568619017544985,0.2717324217055659,0.0966120251324253,0.2917962343555083,31.172544479370117
4208,0.175691915362197,0.5900358177224547,0.1623240707078268,0.22342574885277364,0.08218769996532535,0.21574099953020517,29.385231018066406
4209,0.14888454527086212,0.5291499610762311,0.12012835574569079,0.17856001365005367,0.09175425668491273,0.17290751295177523,27.040149688720703
4210,0.13858333422086738,0.4552369002753708,0.11048705251552009,0.15973703076692733,0.08737605397956304,0.1648802199542063,24.670934677124023
4211,0.16174926459305317,0.5764036761386857,0.11136054271839578,0.1777952760641515,0.07913190460419874,0.21999919454608985,25.760292053222656
4212,0.18728532461083391,0.7013318124194988,0.13498434726609834,0.2158911280022984,0.08211638914957232,0.2542780651719063,28.33390998840332
4213,0.21902942021970795,0.7610305589497598,0.1803851993357727,0.2633345364234852,0.09273006326306413,0.2907743808784663,31.191665649414062
4214,0.1659453143322335,0.5429999230421112,0.15042820763898065,0.2065098812679993,0.07608253587809867,0.20908124941080636,29.643253326416016
4215,0.14382880154896657,0.49578935294446236,0.1158156497006914,0.1700976073069444,0.08845758491189894,0.1692934110681702,27.67753791809082
4216,0.14636239697057685,0.44993974815046833,0.118138217434634,0.1655384361083246,0.09026627823987739,0.17866746661440955,27.979997634887695
4217,0.16853258243589336,0.558064163786341,0.11617342399307756,0.17930067253497237,0.0838154823681094,0.23323796615851025,29.584001541137695
4218,0.19171837636377606,0.6608377572974606,0.14205173816946093,0.216164026616318,0.0887121434333211,0.2604588862069499,31.06020736694336
4219,0.2156428318238219,0.7297158230901394,0.18095193214342373,0.25934677370724024,0.09505796157590353,0.28291364414275944,33.498626708984375
4220,0.16520127162255252,0.5461900227892669,0.15205057004748432,0.20835620615345324,0.07728953830229505,0.2043634705632396,34.762306213378906
4221,0.1455750655867787,0.4994204127187181,0.12028331871441855,0.17444576071503276,0.08666542669525769,0.17185914137963737,33.989742279052734
4222,0.14742865214176046,0.4507783388268325,0.12299342396531758,0.1698198403741054,0.08917880318836188,0.17880498027268232,33.96382141113281
4223,0.17413110509058508,0.6193510249603564,0.12136141278723322,0.1925027859548223,0.08498100217912531,0.23606222438190483,35.72870635986328
4224,0.19853172904254335,0.7286779994646274,0.13810258864191927,0.22247050447373473,0.08913413890551415,0.27330819191015154,37.079872131347656
4225,0.21929611536798363,0.7683310673164139,0.1746310780813455,0.25944536225778386,0.09753819545608068,0.29070370426232345,38.632877349853516
4226,0.17133225540534466,0.572988586018207,0.1430415102320338,0.20446252105862997,0.08761534240001063,0.2155955718383873,37.416812896728516
4227,0.14984145601126678,0.5191133838852346,0.119678391742345,0.17674053347704355,0.09238012214511705,0.17658343036159313,35.6118049621582
4228,0.14790769770103382,0.4517600786965513,0.11800785345608766,0.16568674277615392,0.09416507656862874,0.17937582675115815,33.41842269897461
4229,0.16973623320905665,0.5702582528924063,0.11360767670602102,0.17884347330407607,0.08939513875866154,0.23206585577001035,33.5440559387207
4230,0.19461398550687148,0.6680374558094316,0.13772983407883702,0.21348806575463625,0.09146281359698752,0.2683564407112257,35.96413040161133
4231,0.21376805977173266,0.7424762637135334,0.1740900135666675,0.25528804930193405,0.09577745030672499,0.28067985221468816,38.46017837524414
4232,0.17034789524249053,0.5570910564645299,0.14874415095953408,0.20707942317453348,0.08726475939587106,0.21090555216774498,36.99467849731445
4233,0.15369820557926994,0.5053529989947398,0.13763999328787055,0.19017042267456616,0.0920967188186943,0.17568631653638941,33.794986724853516
4234,0.15086832702451697,0.4618976767707539,0.13401736673185852,0.1808574110231293,0.09298489354766916,0.17527588281797296,32.82706832885742
4235,0.17504289521553104,0.6179671448439663,0.12307598991116697,0.19377472633013829,0.08956659796476428,0.23344430308467057,32.6297721862793
4236,0.19388210563408362,0.7047212541940582,0.12888735182904532,0.21114933788119,0.09612384696981582,0.2643117537490999,33.949005126953125
4237,0.2117927295554705,0.7422655019665723,0.1616546605199057,0.2445990664408581,0.1024644318952388,0.278749445233459,37.559471130371094
4238,0.16863725269878935,0.5558913400500716,0.13793230842956317,0.19764074151820724,0.0903926317746002,0.2117232432904641,36.935848236083984
4239,0.15468089628808163,0.5211892147696466,0.1263175434968961,0.18272778225014616,0.10046232421332656,0.17758112163668582,34.39823532104492
4240,0.15169097467412376,0.47090004696786275,0.12336077485652319,0.1730092423010003,0.10036067934306825,0.17795149891528034,34.167457580566406
4241,0.1684188352176729,0.5420883867961932,0.11317636396895564,0.17444951008713244,0.08830381033070885,0.23324264148298932,35.10382080078125
4242,0.1853036933178155,0.646301589890915,0.12336292054408236,0.19806844473648702,0.09216171524106917,0.25563376664363097,36.06250762939453
4243,0.20239238270139193,0.7067645540458074,0.15557777033410283,0.23431873943577491,0.09906514252678433,0.2648681557115885,38.873809814453125
4244,0.17115944305072467,0.5686463666366248,0.14508178683755216,0.20559101252313394,0.09345278070089609,0.2090251493184666,40.846923828125
4245,0.16052068425919208,0.5339483557634702,0.13697234077946321,0.19368320006289277,0.10190689557978404,0.1827905480254361,40.02244567871094
4246,0.15546647258593851,0.45882112001926123,0.12605678297487252,0.17359454540978517,0.1008950137802076,0.18735443532008722,39.36741638183594
4247,0.17744379864957688,0.5875160976023164,0.1223290954363402,0.18878438146005103,0.09027141915957985,0.24379662074415936,41.31941604614258
4248,0.19548756047426322,0.7017351651299644,0.13307300813041295,0.21431045913034888,0.09557598412183796,0.2664401534585604,42.94644546508789
4249,0.21196080999618064,0.7329494174549642,0.16661701261929077,0.24752164188152984,0.09999549176823508,0.27881473554595254,45.336181640625
4250,0.1740297026526135,0.5668047540173894,0.1513849130277922,0.21073060459773466,0.09258086135509044,0.21318414958596513,45.83995056152344
4251,0.16023496999779263,0.5293826313907518,0.1372304964221005,0.1932522299890507,0.10126765951654308,0.18294126417653517,42.80413055419922
4252,0.15182223042660165,0.47727536911223034,0.1232829396655385,0.17385328672935163,0.0976827066212584,0.17991713949137075,39.344661712646484
4253,0.1738429221901862,0.586801395920646,0.11628126851989921,0.18349842957714874,0.09260425305882299,0.23647818871653675,38.9921989440918
4254,0.18948341118595013,0.6826245991849507,0.12648716336521865,0.20593536848232322,0.10048519118753108,0.25296139105024035,41.245948791503906
4255,0.20804364994301336,0.7346817388880723,0.16290979192357416,0.24459149863278817,0.10370185316452671,0.2673633545206362,44.815208435058594
4256,0.17255199813539843,0.5674697716784255,0.15136993458059933,0.21081276845171734,0.09316255233631608,0.2085395891828164,43.6569938659668
4257,0.1569156892666857,0.5219587758306317,0.13414756760332106,0.18954916877865116,0.09573143590257446,0.18189761638731322,39.85833740234375
4258,0.14662035786082317,0.47533864049989316,0.11678862235714511,0.1680100535203948,0.09196183062740912,0.17573058548793524,36.5460319519043
4259,0.17163285626664093,0.6133763919413739,0.11975288199614653,0.19027052627403615,0.08593932662146234,0.23030673344970137,35.5912971496582
4260,0.1826395136683902,0.653249961970432,0.12746340151410282,0.20257576729357837,0.0924150610961715,0.2441416877470419,37.82010269165039
4261,0.19989169038870402,0.6811903867873914,0.16090488343940273,0.23523138391768686,0.09760512883720232,0.2584701999084081,42.48294448852539
4262,0.1685872203411878,0.5412468357470899,0.15087738222493183,0.20664444701381157,0.08917053861804279,0.20477674351039388,43.46271514892578
4263,0.14861616251185197,0.493898139619141,0.1233766769047996,0.1763083144354198,0.08639063476915544,0.17883286635358964,39.73191833496094
4264,0.1524707076652956,0.5143443504498687,0.11169157460363562,0.16921339972452606,0.09583619774761425,0.1873760482914402,36.0432243347168
4265,0.17627935616314477,0.603696354074899,0.11579638363788514,0.18549637941460143,0.09163962030492247,0.24227422969406479,34.803890228271484
4266,0.186577222324544,0.6510084369271092,0.13033929271001474,0.2047205990267425,0.09772657623967358,0.24844608303438193,36.091461181640625
4267,0.20439202297157497,0.6860302962502358,0.15924472738273168,0.234499808649518,0.10417319157787726,0.2657391879728604,40.56064224243164
4268,0.1712999383137108,0.5496607137026049,0.14826830364067056,0.20561007650666116,0.09497381667711183,0.2080639238269033,42.36484909057617
4269,0.14817735503933832,0.4872775420408431,0.12015906821780302,0.1726045644782373,0.0868871235812964,0.18043249930608835,41.2215576171875
4270,0.15330821690576893,0.511138819823935,0.11086458870273357,0.16804662172004806,0.08575249346017154,0.19952337070817236,40.07853698730469
4271,0.18353006459608512,0.6389609621753611,0.12850974136462395,0.20143134433758642,0.08271356444132459,0.2560808824576869,39.52049255371094
4272,0.19691602067364108,0.6872774008158099,0.14402276415026546,0.22163056938820036,0.08857222938418809,0.2700916079266731,42.587120056152344
4273,0.2172229722956004,0.7451624704477222,0.17383886999055476,0.2554565271987216,0.09683669261575767,0.2891066064752318,47.9025993347168
4274,0.1779771247663606,0.5713025912296652,0.15910907411313177,0.21799386227263653,0.08545544795401479,0.22391894665917175,48.755592346191406
4275,0.15147929042760028,0.5187165030988804,0.1253999857614247,0.18158805966677546,0.0831747409671931,0.18490059812117826,44.700130462646484
4276,0.15264359513519363,0.5240952839559126,0.10981663871403129,0.1689993023200143,0.08788646782670091,0.19499483774340662,38.323429107666016
4277,0.1836374382911665,0.6189944979323829,0.12779409073796708,0.19796557748002647,0.09016184233474463,0.2528914629627831,36.64183044433594
4278,0.19377594613429414,0.6597643469115497,0.13953734355831385,0.2138554868944904,0.09793803264610501,0.2600645222712879,39.96902847290039
4279,0.21198179903385797,0.7091409077470584,0.16532791593549198,0.2430154861942872,0.1049095152428019,0.27851557108565644,44.56705856323242
4280,0.17803086813191202,0.5657849728589626,0.1505008048714068,0.20982711458391476,0.09318354733691081,0.22445055818203558,43.072532653808594
4281,0.14780781768532078,0.49390706808602547,0.1163735536102593,0.170306912821083,0.08712337560650789,0.1812199962604901,38.64799880981445
4282,0.1547766051134645,0.5226717588431455,0.11290587018361946,0.1714438542778375,0.093368241239738,0.19392508048414883,34.10594177246094
4283,0.184663055007714,0.6465595251079189,0.1326164549818877,0.20603689357132077,0.09259500459666535,0.24652049037422563,34.33382797241211
4284,0.19071585697441204,0.6409554579282786,0.14201940165023388,0.213295981118526,0.09836524867550608,0.2517650306098551,35.966552734375
4285,0.21018894080426828,0.681479561641073,0.16830363409730661,0.24161448088927323,0.1073930350831067,0.2726380107359053,40.35148239135742
4286,0.17352220761923767,0.5395286149929213,0.1501052440933471,0.2057371542218577,0.09924677246973954,0.21032513509775602,40.143409729003906
4287,0.1430838814485955,0.4849630700800298,0.11465638550641462,0.16755734044550255,0.09166516919733117,0.16666097804615818,36.65386962890625
4288,0.15635188844865539,0.5457800342937026,0.1121205856296638,0.17407193543881222,0.09276610598826604,0.19648440698510883,31.350860595703125
4289,0.18597375219974585,0.5998183918727146,0.13334292031857076,0.19998227339773417,0.09373472553106461,0.2544254444866021,31.233049392700195
4290,0.1915318446091795,0.6336412048863692,0.13900653791846718,0.20966863319959606,0.09750498007339228,0.2579356610613789,32.25481414794922
4291,0.20793312790532725,0.6815714592412199,0.15793024247012666,0.23273613058028284,0.10551568063246457,0.27584576692849594,35.565372467041016
4292,0.17134924738688434,0.5363185276921101,0.14006087617935048,0.19666911210974475,0.09929590461578638,0.21224104067909222,35.08888626098633
4293,0.1424787913775913,0.47980235227598966,0.10773289832330028,0.16088567745939875,0.0927616101074056,0.1698752996674223,35.9309196472168
4294,0.15850673012904112,0.5737064344585419,0.11129967298069433,0.177357781763244,0.08989247274474252,0.20204953516037488,34.65979766845703
4295,0.19350505602365803,0.6908517838757768,0.14395361925791889,0.22208192848904146,0.09273727653743187,0.25667209966689547,35.68387222290039
4296,0.19809236111016093,0.6882819961920018,0.14821374238674334,0.22536635007320882,0.09736992060049414,0.2623597562134524,39.211265563964844
4297,0.21645751635218857,0.7259822691340264,0.1788992174131806,0.2570539390875871,0.10050119757530687,0.2823974253884862,43.669795989990234
4298,0.18355784615242624,0.5720098249127423,0.16246393153123842,0.22097048772859612,0.10115313066675581,0.2229259108232392,41.37947463989258
4299,0.14946015129575407,0.48215107717546357,0.1228283311723145,0.17416015202990723,0.09887537159285964,0.17210933289340274,38.2978630065918
4300,0.1516027396389483,0.5238048938726196,0.11023402214560112,0.16931557524946092,0.09225835938354428,0.18803034120322829,33.169776916503906
4301,0.18763877528811532,0.6168663085685482,0.1411203594382674,0.20908406645687894,0.10033189605652089,0.24526766484309237,32.70392608642578
4302,0.1900872343259133,0.6344303115531371,0.14276110941648668,0.2129995668645796,0.09984273295467502,0.2490028820544139,36.05179977416992
4303,0.20356185265263332,0.6673692190879127,0.1681772758006991,0.23949041055601533,0.09988236334234626,0.26284391763367526,40.73190689086914
4304,0.1718621972684997,0.5224741249438943,0.14869424280379884,0.20209136882381248,0.10027608444885582,0.2080495208747894,36.57020950317383
4305,0.14003619927901279,0.47259807089439937,0.11066182262874319,0.16236700095240836,0.09276333512228475,0.16186050395192875,31.765108108520508
4306,0.14721056278623335,0.5062214503052859,0.10216573518523746,0.1598879802023872,0.0921709140016576,0.18427751523360247,26.95992660522461
4307,0.18482314602030184,0.6208120679629769,0.13067441510856462,0.2006940798020521,0.09445191866417628,0.2500109028978803,27.999797821044922
4308,0.19084782060244312,0.6238019293425874,0.1352874671913237,0.20507524749864708,0.09657920555825995,0.26088386023192495,31.56376838684082
4309,0.19581095653846362,0.6523613061107674,0.1448236992135842,0.21732907162746753,0.09204066320841212,0.26778161249938015,35.98675537109375
4310,0.15792964521503236,0.4753260053277486,0.11574635887880662,0.16711487980008405,0.0928476716787985,0.2068392917973168,34.3414421081543
4311,0.1293264128748591,0.4150570506433713,0.08723786880583062,0.13406918049690786,0.08057615886237679,0.16783296346648852,31.685766220092773
4312,0.15853557950100425,0.5326970211965295,0.1300885600998952,0.1876040545422715,0.09018782292120751,0.19290495084721754,28.38838768005371
4313,0.20669659048555822,0.6411674403535841,0.17636330406614556,0.24276389496435108,0.10099235374361533,0.26762890621581453,28.23421287536621
4314,0.21521306998056522,0.6770073189956713,0.17695943305613868,0.24839484533321476,0.10505423030080675,0.2825680012667855,29.650279998779297
4315,0.21717652539022475,0.7223330303215951,0.17482872302479968,0.25304362406719905,0.09594342052213929,0.29187178080744713,31.74074935913086
4316,0.1731544830183911,0.5137033414625153,0.14748654203348666,0.19980322766620504,0.09620066647301836,0.21717142092875508,28.897554397583008
4317,0.14036675733998127,0.4657165097113277,0.11484595687556036,0.16497032156638428,0.0808416728494388,0.1709230875711033,27.6082706451416
4318,0.1531951908638385,0.5068701031828168,0.11022965049085598,0.1668925723039932,0.0849050247454782,0.20096387745726846,26.339139938354492
4319,0.19921162690619765,0.6479240362254967,0.13442869143844544,0.20778516926516705,0.09594769770396498,0.282065715394053,28.467016220092773
4320,0.2102907485785911,0.7015249654016968,0.14086629813720916,0.2209603934607074,0.09580374208301697,0.3011309399903668,30.377012252807617
4321,0.20374414279243264,0.7539284276928307,0.12995040333848462,0.21909012110339118,0.08241050130527283,0.2964833480716086,31.669471740722656
4322,0.15624878772117137,0.5128503567566943,0.11000388119146792,0.167553377700786,0.08589490382136503,0.20791691990133915,28.9143123626709
4323,0.13400748505515753,0.425630039624752,0.0981246835429973,0.144911162983248,0.0813487163855928,0.17054318945394753,27.097917556762695
4324,0.1566637931715488,0.516207491345998,0.11872903778460453,0.17551167400766074,0.08863173233856077,0.1996999506688154,25.375375747680664
4325,0.21030404248678225,0.6674221730136729,0.15389224342704652,0.2272536619394217,0.0955693658815534,0.2958659674952979,26.29552459716797
4326,0.22056345576395867,0.7445752949433548,0.15887573761619253,0.2425471029486443,0.0927290080012666,0.31318290626971435,27.987735748291016
4327,0.2142063026597117,0.8097413452860642,0.14383602677817764,0.23896535799359,0.07785838108914431,0.31184656061681465,29.830577850341797
4328,0.15937764730195186,0.5342787935444793,0.12068954842844713,0.179773726302166,0.0790897744184689,0.21178296694981202,26.265445709228516
4329,0.13333122100998884,0.45498419916746924,0.10628514992864922,0.15609929981990925,0.07331969517449677,0.16591923715736412,22.57257652282715
4330,0.15255903609909655,0.527421095998211,0.11443397617229993,0.17343213614743005,0.09219356263312498,0.18711486283952983,20.042980194091797
4331,0.2085246699468277,0.7209980744583936,0.1468628671639214,0.22888218249170314,0.1020054982023871,0.2839161217464472,20.7840518951416
4332,0.22404995049800486,0.7781974505022278,0.15725420683078598,0.2459603844981348,0.10698849279730419,0.3073070962360042,22.536300659179688
4333,0.209486672177877,0.797444049430606,0.1355244268654923,0.23008437294622283,0.08259432877062853,0.30249448448691685,25.6352481842041
4334,0.1577046108851117,0.5358329879850093,0.11100095426152927,0.17169124479345496,0.08355090416238922,0.21035079959769354,25.038150787353516
4335,0.13446254535673585,0.4380321290324289,0.10336882871502022,0.15117787161750718,0.07619146496258275,0.17082383022344494,23.67976951599121
4336,0.15667316559883523,0.5289158174321074,0.12209848383352156,0.1802152457761767,0.09406775593970453,0.19085357889540086,22.570049285888672
4337,0.21749257203592862,0.7030615652062223,0.16387677005284365,0.24090316936046913,0.10410915444264268,0.29621878977108085,21.68732452392578
4338,0.2360763465846735,0.7928343624333025,0.17840729479696407,0.26618259017358387,0.10920095927218902,0.32074934734280086,20.775341033935547
4339,0.22160758676402129,0.8424865350611348,0.1480021222494329,0.24721418122253316,0.08489146085506379,0.3188284267831612,21.619901657104492
4340,0.16847761533664055,0.5568473503861342,0.1278355146700117,0.18912291977231493,0.0930752743226586,0.2163900223426597,20.021879196166992
4341,0.14180513047494062,0.45688571943804956,0.11052153537259808,0.160002133096234,0.08618768145591608,0.17454802107295533,20.61991310119629
4342,0.15749507312617964,0.5174418781786103,0.11438266074026093,0.1719625489457394,0.10116543335626431,0.1941244665827407,22.274673461914062
4343,0.2239827319359933,0.7270506491127848,0.15672096983103387,0.23819663829985543,0.1090170230258953,0.31214055916394967,23.544340133666992
4344,0.2473748805402662,0.8448404146737478,0.17780638513508837,0.2730969607834683,0.1029873886659288,0.3512071157175096,24.432233810424805
4345,0.23430243412007357,0.8926318636767461,0.15031786144340625,0.2563627189053119,0.08736443467323848,0.3435704344489706,26.01567840576172
4346,0.16996226850615467,0.5971293553502002,0.11763598239348778,0.18613503567301812,0.08357684002013113,0.23139834716041974,24.632627487182617
4347,0.1394398911440802,0.4641586767041949,0.1053137103721833,0.15657727699104212,0.0809879235601633,0.1755901501639158,23.590824127197266
4348,0.15577110311829537,0.5242355385489677,0.12258568792168584,0.17996423801129754,0.08837725234455682,0.19357172951393978,23.259658813476562
4349,0.22143802458293924,0.7113433766597017,0.1674233834391201,0.24512623961348887,0.10207080790515208,0.30515715102427193,23.422456741333008
4350,0.24561353412120315,0.8168528212052657,0.18829437667753327,0.2780884401814951,0.10196580446393597,0.3428897547685565,23.583269119262695
4351,0.22958893523848675,0.8559882101151213,0.14840322625345803,0.24948679537655274,0.08790973650253996,0.33614760651163234,24.8018741607666
4352,0.17387604093557965,0.585627212080829,0.12852875211056594,0.19382853210631779,0.08533806229042866,0.2338883424756909,21.94869041442871
4353,0.14155518462759525,0.4863027285879473,0.11302524641063827,0.16635060100739674,0.08093903278379556,0.17289832815859374,19.621963500976562
4354,0.155757614536353,0.5512850526390171,0.12015702715136285,0.1817467450781706,0.0877825243717786,0.19249532920626522,18.08525848388672
4355,0.22015185433916348,0.7351398730886711,0.16284468650310804,0.24460114172961703,0.10118804617716386,0.3028520600142662,17.97089195251465
4356,0.24078188849947696,0.8464786518792841,0.1805233182833479,0.27565979451133876,0.10254070411745622,0.331224757073366,19.424999237060547
4357,0.22286906094386996,0.8561449503350633,0.14558087634388786,0.24709002977119868,0.0898327872839818,0.3180824526723594,22.360795974731445
4358,0.1692171309723402,0.5903140915173576,0.11379038211837651,0.18186519774680238,0.08922067913596608,0.22814696790151312,22.818193435668945
4359,0.1417283209956136,0.48465973292392334,0.10032937981875767,0.15523371597663846,0.0896948972331398,0.17544034617938145,22.300521850585938
4360,0.15952908226124432,0.5640034636339626,0.12103273215418715,0.1843142652227265,0.09668566211473226,0.1928300397981454,21.573606491088867
4361,0.2183720498456206,0.7202813900099633,0.16490421311076744,0.24424380981065258,0.10165321048361346,0.29786324431797384,19.845298767089844
4362,0.24362956981158643,0.8312913204605326,0.1949881174338194,0.28588857500906417,0.0917414057422133,0.33955508382449495,18.68212127685547
4363,0.227900632638418,0.8573707964032983,0.15676927110923602,0.25685520329410205,0.08817567180584404,0.3248247240431967,19.35110855102539
4364,0.17734265134091262,0.6073998892430574,0.1380273721235758,0.2050805888549303,0.09056617419370948,0.22900137351994998,18.697114944458008
4365,0.14915588492333812,0.5038054853836005,0.12142081073423512,0.1760471928270016,0.09324949761570774,0.17454407940180916,19.622201919555664
4366,0.1620175101999265,0.5452555838195052,0.1225132464218165,0.18290500890720063,0.1032307759974969,0.1951793412581876,21.417152404785156
4367,0.21621467182631324,0.7379653357412386,0.14547658451116502,0.2301178346868898,0.09994978695863574,0.3057811785825264,21.04075813293457
4368,0.25102807071995936,0.8991873315105425,0.17107802066768732,0.2750936365023809,0.09966990956589274,0.36240909167014873,21.46976661682129
4369,0.23739447707367686,0.9407414741900412,0.1483218523665609,0.26152465548420095,0.08609138624092509,0.3486707754431262,24.151611328125
4370,0.18249593468224773,0.6320520572919961,0.12250264640875919,0.1952954193920787,0.09478728602279429,0.24804145313816744,24.046184539794922
4371,0.14748605252557734,0.5178445953874378,0.10715514074829406,0.1658250628396003,0.0921648747423092,0.17984544906116684,22.640623092651367
4372,0.1621893007474308,0.545846020551299,0.11961632658806864,0.18050628286853015,0.10438145905232647,0.19674380287468515,22.413618087768555
4373,0.20685333550107804,0.6913202769028752,0.14709057107267773,0.22483767190556309,0.09547353706634125,0.28857436477754833,22.445178985595703
4374,0.24030525012599713,0.8491216345260041,0.17264092646074305,0.2692810276129232,0.09435710113221986,0.34265607519449204,22.412328720092773
4375,0.22902668866562667,0.8732550954833718,0.15075016260793128,0.25396515301870853,0.08626680341771746,0.3321204319486005,23.938953399658203
4376,0.18292124970290588,0.6195630679560328,0.13497470354078542,0.20420161274296358,0.10002546747532813,0.2368347414919859,21.60750389099121
4377,0.14873599747524485,0.5071821242485809,0.11600604414192782,0.17188834130002112,0.09299851541762127,0.17724799342898623,19.49505615234375
4378,0.16024260332062842,0.5418957179823405,0.12302538483540493,0.1828640038563957,0.0990297177454238,0.1940101527301361,20.132152557373047
4379,0.20376053840722433,0.6880094137418711,0.14405411601412474,0.22176201568951706,0.09317237790258666,0.284773886226776,20.144874572753906
4380,0.23269255659822743,0.8310178406425701,0.1621619032368317,0.2577127514376515,0.09254635968018314,0.3334278084170202,20.077125549316406
4381,0.22345096091264363,0.8620184966748903,0.14432363028928027,0.24685146834436741,0.0804620745979235,0.3280907924352655,23.576414108276367
4382,0.17542017398194132,0.6043223458165015,0.12729162967800517,0.1954388748406475,0.09258703022145062,0.23038281152100284,24.229026794433594
4383,0.1447722396906756,0.5058746282872643,0.1095714472300992,0.16618618738112279,0.08964504766008094,0.17427132848830468,23.1794376373291
4384,0.16304391593615963,0.5719123728252089,0.12880957061820322,0.19210997093348978,0.09806502941000007,0.19446764352388535,23.217235565185547
4385,0.21011921994216107,0.7156821384692282,0.15857251629282232,0.23815960517516602,0.09543455037361805,0.2859329687357568,24.206615447998047
4386,0.24065278559871517,0.8669962596930029,0.17965443007441215,0.2778461200199251,0.09987119552983102,0.3312925092904301,22.584781646728516
4387,0.2360156213191609,0.8744387479047679,0.16546755491051676,0.2667491539096955,0.0911603103653733,0.33587217738700725,23.47321319580078
4388,0.19165738567702012,0.670337838623066,0.1471392645370245,0.22188191797788756,0.10499991389946202,0.24103620771912443,21.795692443847656
4389,0.15369668880939452,0.5141730557833559,0.12766066814926802,0.1828767235255663,0.09234813361877785,0.18184414422453382,21.559837341308594
4390,0.1672848036314252,0.5459409048136028,0.13472010226063139,0.19346593119677014,0.10231875117246148,0.20122161291334156,23.65029525756836
4391,0.20943937135413357,0.6906219464501195,0.15385710404421907,0.23053779581649053,0.09294467501140002,0.2929111092494631,25.1983642578125
4392,0.2424858543515267,0.8800670365599232,0.17037683606745438,0.2717611504235214,0.09461930422356177,0.34625320165050066,26.94939613342285
4393,0.23820993170947088,0.8971978837518872,0.15710747807002845,0.26283467888172257,0.08407084280309998,0.35153498072682515,31.477577209472656
4394,0.18750694538415322,0.6527451097265188,0.14114834257740358,0.21423359502727718,0.09372368082931916,0.24618148343189955,31.142223358154297
4395,0.15634042966538172,0.5194522053619375,0.12253273260267132,0.1792355144254236,0.09221653411601136,0.19241563910604415,27.83824348449707
4396,0.1734097187798717,0.5734110325704844,0.1438211631378054,0.205191144485331,0.1019332026073394,0.20814292293856063,26.03679084777832
4397,0.2162041665645487,0.7206570820677949,0.1724407319361536,0.25075735338353095,0.09791840817851383,0.2894701666857197,26.95507049560547
4398,0.237981478343924,0.8694338995046103,0.17816756026800626,0.27691989444466397,0.0964987393946388,0.3277077608364011,27.610759735107422
4399,0.23128710018219562,0.8650055237948912,0.1610474974061884,0.26161292974743167,0.08524273500725918,0.33254081884068354,29.78774070739746
4400,0.18395562002125587,0.6743161080161326,0.13659112120891093,0.21340897646708545,0.09437968001608317,0.23656288063568118,27.238401412963867
4401,0.15527440459090028,0.5182871663308298,0.12610439947652985,0.18213050902714414,0.09476547802417319,0.1847206239550732,24.016721725463867
4402,0.17013397840159786,0.5549628513933593,0.14332030015594752,0.2021263789041492,0.10094117632953184,0.20268432977492323,23.952167510986328
4403,0.21604788354051763,0.6963034991075615,0.1723461303062718,0.24719718299217033,0.10184088474104176,0.28872337046986285,24.814725875854492
4404,0.2344751763101639,0.8270334393208296,0.17319716602379742,0.26660234792337345,0.10284394803610027,0.32154122588841133,25.299854278564453
4405,0.2317661627752103,0.8138568954908819,0.163727060361614,0.2566027510943666,0.09142569664342101,0.33283205586126435,29.054325103759766
4406,0.18801287522913193,0.6567876876759013,0.142044033915564,0.21557884159561216,0.09736347098824538,0.24321088336923746,28.5457763671875
4407,0.15850494508348775,0.5161925238449002,0.13558540841106906,0.18995785347304492,0.09343786173436142,0.18791734817311073,27.280181884765625
4408,0.17595041100312256,0.6054341512897451,0.15275300874782607,0.21742174339667164,0.09851111126309972,0.20742238243128713,26.561185836791992
4409,0.2256946969910586,0.7479370276692998,0.1814134765050396,0.26234541238564824,0.10067517377321618,0.30301740383640485,27.314069747924805
4410,0.24402907170295932,0.8878027999593585,0.17967108766738793,0.28083276085195513,0.10688809766207917,0.331824195983358,26.537853240966797
4411,0.23557748589627642,0.8672186033432101,0.1532663226090124,0.25525950557104066,0.09383512471303221,0.3423802847161964,27.87364387512207
4412,0.1905357695102029,0.7194746234959767,0.12560607694045914,0.21044444073410448,0.09727680870411833,0.25471727289461304,26.84920310974121
4413,0.16509815351672907,0.559576338109915,0.13310522532807662,0.19402967001119636,0.10159427048254033,0.19534897423898534,27.358245849609375
4414,0.17975941207393412,0.6025719253980286,0.15793868809595982,0.22145772199625532,0.10098295905463466,0.2122027872837901,28.01250648498535
4415,0.2345935100482213,0.7346733869758135,0.1880071406871956,0.2661023187284267,0.11257046852039172,0.31379346378989237,28.87051010131836
4416,0.25513241439466056,0.858969219801091,0.18996212089684458,0.2855345635974512,0.12058252773979815,0.34626168466522333,30.292009353637695
4417,0.2457132250567997,0.8567787132603573,0.17177604843388275,0.26963357198052196,0.09981948525246073,0.35243994382733934,32.72510528564453
4418,0.19534410709980507,0.7056818053943381,0.15219818183235542,0.23126727091263866,0.09452546608405095,0.25212764965236056,31.755340576171875
4419,0.16853317378761126,0.5759184410236633,0.14852587723752728,0.20958195777840385,0.10324276072327808,0.18974459922695935,29.472366333007812
4420,0.1860258715456385,0.6470447894679374,0.1689548409990287,0.23725340506601564,0.10065576573176552,0.21590062230244733,27.895566940307617
4421,0.24238137348952885,0.78630229391038,0.18896544260962492,0.2742992785097328,0.11034734726331721,0.3299829795447855,28.89794921875
4422,0.2518321323698034,0.9055036926118736,0.17920040992777944,0.2829580217397929,0.1044190922684159,0.3535833892597766,29.419567108154297
4423,0.23367638150611755,0.8957110770003097,0.1495167646196575,0.25611595210260785,0.08443093376467983,0.3446315240079466,31.219791412353516
4424,0.18539294673712384,0.7308397884782374,0.13204650945495225,0.2175884064582787,0.0830256595431608,0.24679329577583092,27.954893112182617
4425,0.16490685999693855,0.5950356255360569,0.13682831511162208,0.20228650231511278,0.10396809983710797,0.18552108810838785,25.24980926513672
4426,0.18449103376054168,0.6303475439766651,0.16711347715264377,0.23328977241321822,0.10700316402374363,0.20959402345914793,23.535831451416016
4427,0.24270134552031794,0.777735060124557,0.19129830307492268,0.2750749826534419,0.11615459850488478,0.3251028166673384,24.583372116088867
4428,0.2562514098270373,0.8732834794083155,0.18910863903564423,0.28684790194602583,0.11810757670023661,0.350355333208873,25.75710105895996
4429,0.2404174967954751,0.8652253200509628,0.1685097551864719,0.2680405501671134,0.0918349477718583,0.3462570554909562,28.0390567779541
4430,0.19487436776213948,0.7371918676700102,0.1521320715221356,0.23571204240040336,0.08916833329648842,0.2516341826111032,27.456642150878906
4431,0.17571194421410102,0.6224046071850607,0.15509395695905936,0.22185262127705957,0.1089504613199187,0.1937551493164218,26.631290435791016
4432,0.20011611276209793,0.6968817689523314,0.1962445748264113,0.26776417398725705,0.10884003229196014,0.22079062960145424,26.44329071044922
4433,0.25816937496086423,0.8019017184027665,0.21587225747599237,0.2995907518941029,0.11728608501086223,0.34519854885053214,28.384153366088867
4434,0.26478915289269656,0.9152482649583858,0.19477832464756203,0.29770260183482256,0.11279285882655408,0.3689866423762108,27.105602264404297
4435,0.2435175877995955,0.890440843763791,0.15860816585366702,0.26315569126939903,0.09213072244566552,0.35879775444820616,28.456357955932617
4436,0.19551767489530558,0.7424453166103898,0.1409623834495115,0.2268885167582084,0.08811818432762235,0.2620427425119885,27.334484100341797
4437,0.17500766954600103,0.6053932608208565,0.14357573846897262,0.20954967023352747,0.10371101505027587,0.20716799162817498,27.074567794799805
4438,0.1970814506284996,0.679927629107559,0.18293206918569813,0.2539314348888211,0.09938471607160293,0.23282235713800298,27.899629592895508
4439,0.255028938358524,0.8020767821791044,0.20361903775045923,0.2891130012402657,0.09958643913951322,0.36121757015363465,30.587474822998047
4440,0.2605980974463074,0.8824752237167683,0.19716712652655852,0.29506828326801704,0.09965444165390795,0.371262383670661,30.916526794433594
4441,0.25078184344282417,0.8596872871461085,0.17350957137898637,0.2715349593457181,0.08832651077502474,0.3747712831121164,32.457794189453125
4442,0.2014779150980753,0.7422749920172489,0.15731519736544167,0.24088088231569985,0.08779056737480051,0.2664767480405193,30.189390182495117
4443,0.18030086218379274,0.6390957563407356,0.1598044937616658,0.22827467413010435,0.10363701798424686,0.20540464040537276,27.715904235839844
4444,0.20223309359304784,0.6999762945452214,0.19607220062033237,0.26805849975245943,0.10553648689457949,0.22924539406472252,26.582008361816406
4445,0.25288817604981223,0.8057501390130155,0.2112970647406314,0.2962189324938292,0.10151313561725095,0.3474269245397885,29.336292266845703
4446,0.2546960227330157,0.8778190874239457,0.1903548479967664,0.28856402505779205,0.10391600064169577,0.3569940400287415,30.20318031311035
4447,0.24514611516720475,0.856703616144466,0.16198673250051554,0.2612320015925085,0.09697352239789768,0.3607219832182077,32.29933166503906
4448,0.19462980578051844,0.7293996060032736,0.14330230523200801,0.22703049105647452,0.09359071003205315,0.254688414943964,28.184165954589844
4449,0.17156674370405356,0.580566364529508,0.14118800241816318,0.203956339862641,0.10318017184726415,0.2030640974399803,25.028329849243164
4450,0.21542909348340486,0.7284738695200681,0.20969987771906104,0.28381044797634775,0.10759725121830188,0.24994827028404487,24.11219024658203
4451,0.2582736099422663,0.770550904589172,0.22632921584771726,0.3040751713822108,0.1000919049752892,0.3566062355284198,27.409770965576172
4452,0.2699364134120645,0.806026497867422,0.219135046086557,0.302976682055252,0.09665625263322981,0.39264631903075564,28.538301467895508
4453,0.2455585509080129,0.8302426770167524,0.17190908582433653,0.2659567417089674,0.0873168586790077,0.3661716146575573,30.2049617767334
4454,0.1964643451654805,0.7437249222642401,0.15580014882954818,0.23978940217736128,0.08077846034323326,0.25978006949955124,27.984474182128906
4455,0.1703217333640183,0.6307755039136322,0.14252657215888173,0.21227641955241752,0.09264270147440093,0.20158053585258412,26.049148559570312
4456,0.22006097538286165,0.74770649536457,0.21707018352378352,0.29287537092961013,0.10678034277610224,0.2554689328103713,25.951208114624023
4457,0.25569546931027143,0.7886654746139776,0.2245027768059172,0.30509744792135446,0.10184762571182097,0.34708560117421805,29.115636825561523
4458,0.2560132940115722,0.8484066293716588,0.19443280612229416,0.28785763801506054,0.09062512040619528,0.37286414491322484,29.323108673095703
4459,0.233799794382801,0.846508764978334,0.15206768712273022,0.2512735553878165,0.08178090277527737,0.35152678365999557,30.477571487426758
4460,0.2034054046367957,0.8166353665805026,0.142934691160763,0.23917764479215434,0.09012155300333172,0.271228064680138,28.602256774902344
4461,0.18323427776327564,0.7301541950647623,0.14878766431858367,0.23184002585375205,0.10136040680302812,0.21234388527432538,30.4298095703125
4462,0.2203362333853066,0.7687168592577159,0.20244764005834834,0.28334324280111517,0.11769103480740763,0.2550196489021357,30.410005569458008
4463,0.26103151159656446,0.7792685860854348,0.2159907891240266,0.29645904583279925,0.10336302682007378,0.36799234331928843,32.44432067871094
4464,0.26329697453227285,0.8288826564294283,0.1907908559901148,0.2819468274814453,0.09890291071400557,0.3908231590427308,32.2564582824707
4465,0.23984580604916103,0.8432148449102104,0.14937580936421996,0.24849567158507574,0.08940516230363951,0.3639127369825669,33.66924285888672
4466,0.2108130872742275,0.795561137743692,0.14920339539315,0.24154021572894172,0.09908250741093372,0.28169110725673474,31.823562622070312
4467,0.18637912791181152,0.7425492860850884,0.1506980092295749,0.23524819163750538,0.10765181222144524,0.21250509838089993,28.848587036132812
4468,0.21332637556800255,0.7763862743318639,0.19360856164622817,0.276862520601319,0.11752651266053467,0.24155712870788504,27.710845947265625
4469,0.25178759326610733,0.7966169032409945,0.20861068638605315,0.2926115745081876,0.10116539575613369,0.3478610325005138,30.4228458404541
4470,0.25253872784389003,0.8657566951954687,0.17734366416970818,0.275688382887674,0.09518976458553789,0.3699631225316372,31.587223052978516
4471,0.2302174582304055,0.8704114678565573,0.1377504592958053,0.242416317661627,0.08611294479886958,0.34563490548068054,33.76189041137695
4472,0.2013509820568685,0.8428017134271178,0.13372584406904772,0.23502239683448628,0.09269618059067697,0.26696144540937056,29.568126678466797
4473,0.18549942012945883,0.7545218853535982,0.14496933514716048,0.2320482708909373,0.10640754003756739,0.21397457079357013,24.61937141418457
4474,0.21595271892150303,0.7362573335411795,0.19702893089755347,0.27406155984664293,0.11580950003662402,0.2527327996362747,22.952007293701172
4475,0.24755461886905622,0.7674710230325386,0.21194336350231957,0.2913044577209223,0.09457893076431155,0.34312723696532504,25.96370506286621
4476,0.2528475008541424,0.9072402755986833,0.1870947250821512,0.28997266087022716,0.09596582672164103,0.3576344507060071,28.089399337768555
4477,0.23807148304747,0.9684149749806948,0.15582360193100184,0.27190808379524367,0.08980154942946712,0.3382006493089207,30.83380126953125
4478,0.22159582227189292,0.9335598885845653,0.17107935116258344,0.28000514222286654,0.10080804696712223,0.2761769707064654,30.167129516601562
4479,0.20110159306734696,0.9262507676388726,0.1780926405643207,0.2849723730035424,0.10642767985487034,0.21055433468409301,26.492780685424805
4480,0.22117383914639574,0.9470551420479825,0.18018534881944337,0.2897381764235204,0.11743656223503526,0.25195016132635206,24.631444931030273
4481,0.23111031771398818,0.8614898343438078,0.16381616205539962,0.2634838295251722,0.10499445382837753,0.31313487577911153,27.5756778717041
4482,0.23480768664946766,0.7964361283214403,0.15465720998265395,0.24633991260248056,0.10547738172733885,0.3378810057474441,28.57383918762207
4483,0.23116244926493404,0.8157392077614074,0.1597152731875312,0.2534329781266564,0.10761497735513041,0.3197797744320052,29.63274383544922
4484,0.21344439593898815,0.7600559347673235,0.16944526085584866,0.25381821427177365,0.10520517006219918,0.2728266275399912,27.612619400024414
4485,0.19800287524209256,0.8507710246375326,0.1810045337662163,0.27668546103354724,0.1095132745558406,0.20658401327504022,25.80302619934082
4486,0.1976330353549628,0.6171764778418647,0.19483872460728877,0.2551726893550853,0.10791530805977999,0.22578884948814065,25.533058166503906
4487,0.2146345046644754,0.7304704251022218,0.1717719100890344,0.2515859836623469,0.10163372839651262,0.2811776397758052,29.894182205200195
4488,0.24539361738484117,0.8713668298662048,0.22427295289477245,0.3167149353192628,0.10157763429007392,0.3088264494001435,31.659900665283203
4489,0.24812344273127893,0.9584149032306979,0.23278261295249178,0.3364443687065212,0.10223279089515445,0.2984969528595508,33.39609146118164
4490,0.19278964536486934,0.7021004103873052,0.14448480121443136,0.22414417395341335,0.0914732122345084,0.25400631183895916,30.933488845825195
4491,0.1748490884301239,0.616555275418374,0.13997662534536123,0.20805928964150588,0.09711390141358675,0.21380845100963466,26.57695198059082
4492,0.1890842621641079,0.690686217987259,0.1472107804903153,0.22485012870416438,0.10020171679546941,0.23556135613911716,24.071290969848633
4493,0.20605329589156218,0.783032712623013,0.15053476754918052,0.24089161684544227,0.08924810513260902,0.27777430697100114,26.6396484375
4494,0.2450455201603219,0.9105018943301691,0.222009613740096,0.32036565382439214,0.10519082549823386,0.30151326103358755,29.819557189941406
4495,0.24926655689742913,0.9963785539612641,0.2388479599900478,0.3470666162716501,0.11670333051707539,0.27968432802779536,32.54368209838867
4496,0.19699042853125712,0.7186108080518526,0.1565421660692685,0.2368376863524948,0.10513084513266964,0.24250121341143813,29.15337371826172
4497,0.17218297703628982,0.6017530901122141,0.1373386950058957,0.20368360859251264,0.10419958548514427,0.20410539203184724,25.0709171295166
4498,0.18477796223882528,0.6643577553439655,0.14168398241141622,0.21635166425892324,0.10679350914768802,0.22538736942598456,21.98506736755371
4499,0.20224213645732406,0.7231736909402562,0.1542219189410222,0.23550074351234132,0.08950975411744706,0.27178168983157636,24.4179744720459
4500,0.23809269340497108,0.8670860816363821,0.2193537533179175,0.31188694307769815,0.10260346544494585,0.292075799406357,26.859283447265625
4501,0.24740683855284737,0.9366646748178015,0.24565586974965314,0.3443714133308172,0.11639224269624604,0.27720060699664983,29.68563461303711
4502,0.19515033201557316,0.6786884778808988,0.16082321308770586,0.23480396520101912,0.10346912451752718,0.2406744595390982,27.929059982299805
4503,0.16557064019025802,0.605178244318313,0.13511275552915417,0.20226496821331968,0.09784716874565581,0.192721140684106,24.81688117980957
4504,0.1857394605897304,0.706421631706396,0.13888777386610776,0.21996403927186323,0.10190132025202878,0.229151327038353,23.033018112182617
4505,0.21139435769416356,0.7972576667830565,0.15666989903669218,0.24818243728617279,0.09154601522415838,0.2840720877124101,25.50408935546875
4506,0.23587266201831864,0.8884456977712964,0.19949224975702587,0.2979141709019216,0.09997664773108825,0.30049535424649254,26.333066940307617
4507,0.23389566937400044,0.8973633939056811,0.1951244813936438,0.2954443260382206,0.1089092963061316,0.289403671227193,26.193302154541016
4508,0.1870878732373032,0.6631954496399499,0.13063259846101946,0.20671300577229523,0.09657224639956967,0.24911705575220194,23.73045539855957
4509,0.16048486607042223,0.5800778942666339,0.12698218637921108,0.19171014464884292,0.09329675337592076,0.19195234592199284,22.632596969604492
4510,0.1858700904664518,0.6874184906762739,0.1306304243216598,0.21017157665803324,0.10803333585280672,0.23271345033575752,22.794189453125
4511,0.20797574276516115,0.7844935780813695,0.13290138761013004,0.22598598624887853,0.08538337141032563,0.2994851046523894,27.25103187561035
4512,0.2352431468452896,0.9096153417367878,0.16205357048469204,0.2688481092349914,0.09595932580531194,0.32771214816428085,29.76180076599121
4513,0.23513723894894573,0.8969639637403342,0.18172270920885125,0.2839000312847774,0.11088310029766113,0.30119216697496703,30.14076805114746
4514,0.18648485394185357,0.663264485034988,0.13010533451599293,0.2062709274472779,0.09496676449269513,0.24925036789262084,27.876190185546875
4515,0.16042543009063148,0.602673416388087,0.12978399404518234,0.19733962580845446,0.0952432598496384,0.1851599077984053,24.623085021972656
4516,0.17934890998170605,0.6781164037728793,0.12987499761115803,0.20819519849140392,0.10270183956141198,0.22117459415347776,22.490013122558594
4517,0.20154289846524281,0.7461646756704018,0.14017705882860626,0.22674671837743418,0.0884871577864412,0.2784133291360268,24.62832260131836
4518,0.22696003456030198,0.8464508678211361,0.18496238034550186,0.2794607356991639,0.09029323210839538,0.300605373209216,26.723154067993164
4519,0.22134905358330473,0.8723831614403398,0.18706809405403405,0.284970246537792,0.08993289889950795,0.2806696450964504,28.652559280395508
4520,0.1771733160951493,0.6648304376608981,0.1269228312003845,0.20376677498045787,0.08285910620132404,0.23642897322760142,24.303691864013672
4521,0.14864980393929064,0.5645983019339089,0.11767926219336022,0.1815248392991529,0.08021603680239495,0.1797636942441949,21.010684967041016
4522,0.17279773760284697,0.6444225555326203,0.12300281004419,0.19749134511396574,0.09295256280790845,0.22105535897618928,19.485628128051758
4523,0.1989843715852728,0.7210731591179724,0.12908378077974467,0.21365369197092005,0.08041021960270574,0.2899010992325776,22.28374481201172
4524,0.22028510515039337,0.9033393234449977,0.1520959960146209,0.2594164713618176,0.0830421516994905,0.3061327439849372,24.172039031982422
4525,0.219196157049123,0.8650424690165068,0.16836871419126265,0.2678935363091547,0.08366541724965028,0.295175347521134,26.384111404418945
4526,0.18021071489259763,0.6644255262703709,0.12561183858593805,0.20258522254085704,0.07839646907605416,0.24972048578984624,25.05461883544922
4527,0.14961115610892894,0.5668429214694741,0.11534104125676041,0.17984130985857666,0.0798551347198732,0.18419629029341097,22.126638412475586
4528,0.17330345405616368,0.6434895999590498,0.12142744490761403,0.19600775277210486,0.08889398920804317,0.22729547442182063,21.44994354248047
4529,0.2049398162833702,0.7357406383818292,0.14247582342206547,0.22722793984488884,0.07913570959466928,0.2955163015196547,22.93413543701172
4530,0.22288573055774752,0.8992143945417943,0.16935385778932224,0.2736196487539611,0.0846108422329576,0.2994840794202518,22.5584659576416
4531,0.225169710283851,0.8537809538321881,0.18323020238615717,0.27902316687844736,0.09140497634517637,0.29509207795991943,24.398174285888672
4532,0.17697713647697036,0.6258982468708862,0.12008499379242739,0.19234402994649294,0.08152144533428782,0.24705483444098528,21.796680450439453
4533,0.14558606562173992,0.5189624668970231,0.11493902926845079,0.1726566632153897,0.08296189559819762,0.17669544149789593,21.16327476501465
4534,0.1714424490193794,0.5903010119956482,0.12995811562721868,0.1957213865369943,0.0944421172281359,0.21757366900880443,21.393474578857422
4535,0.21220728958540488,0.7433466990566082,0.1417261402904734,0.22767193439992126,0.08868685951520121,0.3067561016841312,25.37627410888672
4536,0.2270123840600307,0.9206630911188964,0.15190804931585591,0.2617301981448617,0.0866059818804094,0.3194898986429722,27.952171325683594
4537,0.21780618679374172,0.8684485236130346,0.15192392805194943,0.2542845845606759,0.08403902949339678,0.30293385138547624,28.870033264160156
4538,0.17986631667908223,0.6457381341665853,0.12475004170911601,0.1991769120601831,0.07719705819005505,0.25280514689851774,26.452762603759766
4539,0.14550550189015088,0.5388443279865697,0.11704388563222447,0.1773010916828452,0.07811844902621723,0.17664803207748525,23.737449645996094
4540,0.16298182586701912,0.5808344033372645,0.11804788206515089,0.1841602422468814,0.0887627897686084,0.20939236812074896,23.263628005981445
4541,0.199379679461907,0.7118916801488353,0.1312069946285488,0.21416194970287541,0.08385425958397587,0.28752993539424937,24.985149383544922
4542,0.21913036042102157,0.9315399042764556,0.161332410654397,0.27136205260040536,0.08591582657706047,0.2899903468775268,26.529335021972656
4543,0.2148923564384292,0.8565020193272475,0.16821020176665866,0.2665376042753142,0.0871888052212733,0.2814433718961662,28.533061981201172
4544,0.1717912577347206,0.6430006953137752,0.11800107008350919,0.19300101654497578,0.07856925615605317,0.23480197015708135,23.435470581054688
4545,0.1450971658873275,0.5424198890018307,0.11631935669191716,0.1771908613076191,0.08276408847073762,0.17155662513408854,20.194339752197266
4546,0.1649588581719092,0.5942759774199557,0.12356705928762805,0.19081119044938918,0.09242685922525218,0.20580356650743914,18.518033981323242
4547,0.19677707343801865,0.6935607218616263,0.1286209254517969,0.2093266106532011,0.08259819457019793,0.2857027473840772,19.509511947631836
4548,0.21647557143804327,0.9213688195140628,0.15466830080596636,0.2641969463356944,0.08261506310842488,0.2918473131910146,21.049697875976562
4549,0.21298007147366993,0.839889215743531,0.1613055071747802,0.258246036970316,0.08465376473298414,0.28565787006220467,23.19210433959961
4550,0.17064382563512576,0.6371363438307853,0.11962271957176858,0.19355323732305668,0.07215452166310789,0.23677623138370182,21.6217041015625
4551,0.14554636184535158,0.5416173127741274,0.12287868451585815,0.18269848855275375,0.07778953645276178,0.17232547319489078,19.945716857910156
4552,0.1686365176244234,0.5965998032634154,0.1283669525329203,0.19525735978013387,0.09443692694769472,0.2102679225803143,19.81908416748047
4553,0.20239272985935283,0.6950035598589108,0.13683042274982557,0.21656944233683775,0.08830820496834126,0.28981206572118867,19.333724975585938
4554,0.22520454121158204,0.9131374767554425,0.17616688260514687,0.28144839605518907,0.08448611597043784,0.299119790309427,19.792129516601562
4555,0.22259330327128923,0.8336683735382526,0.18247150290529576,0.27549962728143246,0.08684468314373851,0.29508031237402077,19.75773811340332
4556,0.1764731342195222,0.6467220852522567,0.1311392324720144,0.2047939257263347,0.07475017928273613,0.2407000272207491,17.885358810424805
4557,0.14959911990979705,0.5531112574661236,0.13376297063075965,0.1936698687500973,0.07870650289013037,0.17306825456674263,17.471359252929688
4558,0.1631554182648677,0.557516559987375,0.12483683836372306,0.18664822716710192,0.08974205040870052,0.20683590734955903,19.187271118164062
4559,0.19989913435480397,0.6879403881142144,0.1260615413169195,0.20632994800224735,0.08662226769295205,0.29338943074241147,20.96933364868164
4560,0.2237564093922955,0.9212748053612028,0.16453202790973867,0.27263813897423356,0.08548929168090558,0.30196862400556596,21.378562927246094
4561,0.22128961079077564,0.8206678708841497,0.17212418433637697,0.2647732824146302,0.08959047440413527,0.2984781424582132,22.83559799194336
4562,0.17939611254406548,0.6308515905978562,0.12928727301743176,0.20093931838606385,0.0781004145315459,0.24917954319327165,21.43169403076172
4563,0.14883329189806063,0.5506216072795108,0.13248847779723058,0.1922217820089849,0.08239625076782502,0.1690007740399581,19.837444305419922
4564,0.16372689320871925,0.5916058294558373,0.1234691087231079,0.1903457831134978,0.0895785725829474,0.2053151450895883,19.676713943481445
4565,0.19807542930335978,0.6752383583363673,0.13109283515725467,0.20882790989712793,0.09013079750291371,0.2831185616092031,20.43058967590332
4566,0.22053722161215275,0.8682356345130997,0.17254301013465181,0.2719276707601444,0.08745661223938515,0.2920161118088317,20.717016220092773
4567,0.21609816471389773,0.7831161380943952,0.18231912196566183,0.26814726712690945,0.08904022366248134,0.28173089852250177,22.44408416748047
4568,0.17991231935723737,0.6532494644411739,0.13470950079851043,0.20878663846174808,0.08140881785289493,0.24083785395709018,19.38479995727539
4569,0.15169626391526814,0.568753241224645,0.1361492555303005,0.19794982491520688,0.08490749441313336,0.16966457135468965,17.358854293823242
4570,0.16548044435322662,0.5827822962693906,0.12699010831587682,0.19210327802352162,0.09304272404419785,0.20556847016211865,16.69917106628418
4571,0.19615967133083617,0.6640200850250546,0.128265380096816,0.2048017665151358,0.09222531341052746,0.279540401224844,17.56182289123535
4572,0.21681328357101828,0.8616343845009227,0.1711410635073932,0.2697829665064688,0.0860243818097557,0.2849051000436038,17.948835372924805
4573,0.21442383840089185,0.7529624590998898,0.17670514891279412,0.25902762179666494,0.09088268640971905,0.2834940359218665,20.303571701049805
4574,0.1800615711476388,0.6275166680288133,0.13161799466476345,0.2024606622881992,0.08518889079554008,0.24347596170773497,19.616405487060547
4575,0.1522378433803671,0.5809270341686599,0.1344047214421943,0.19819362326026083,0.09046374523074167,0.16607887186638234,18.850440979003906
4576,0.1704939588712674,0.6201476689474363,0.12902044168709956,0.19918147415286197,0.09521287050392001,0.2112633353213011,20.171897888183594
4577,0.19998953151526538,0.6721801742505951,0.13039595183420935,0.20779369789369304,0.0924449906573795,0.28726235918479137,20.43316650390625
4578,0.219990197005725,0.8169874180520871,0.17144734566827888,0.26366735600882285,0.08693533584937352,0.29819568638982197,20.249755859375
4579,0.2184307858717105,0.7328584106270937,0.1827677635657755,0.2613521417173924,0.09327031123766284,0.2903900148115306,20.784439086914062
4580,0.18031834547761194,0.6359763770301281,0.1337435912321281,0.2054911320604138,0.08422419075431077,0.2423745426005488,18.684022903442383
4581,0.15058021686599113,0.5410717666382809,0.13320963723120183,0.19147565571792743,0.08957257103253745,0.16817839797481887,19.026439666748047
4582,0.16943618301996013,0.5646387914988651,0.13138229431842682,0.19327607962991797,0.09459195173160231,0.21406497586356008,20.575170516967773
4583,0.19617325165354352,0.6597535152854872,0.12378013962295131,0.2003477647175993,0.0865609724479337,0.28843129702740333,22.5736083984375
4584,0.21378462779096494,0.8176180765981403,0.15090290110710386,0.24614792617725192,0.08036162643647156,0.30221186788814547,22.936750411987305
4585,0.21084664338131845,0.7087641714653565,0.15617458093079487,0.23511595100716084,0.08882293131917543,0.2963817472630815,25.187150955200195
4586,0.1785498795389063,0.6061634550985712,0.12940319603670192,0.1975118044741118,0.08036332577964964,0.2478714297599511,23.3042049407959
4587,0.15190467914863046,0.5609887992689606,0.13644260571648048,0.1970920619382633,0.08859053668394594,0.16776559386430065,22.354175567626953
4588,0.16950956769420875,0.6002515717449306,0.1320209144618393,0.19891100835942382,0.09786756639817631,0.20647005824617393,22.742536544799805
4589,0.19563994269876048,0.6665516896909639,0.12589091007108436,0.20312816430249572,0.08725639614502488,0.28392335203001084,23.702781677246094
4590,0.21372784266058045,0.7995324482055047,0.15449823414113073,0.2466459790074699,0.08511647511439542,0.29745941995996417,23.52770233154297
4591,0.2045085942776245,0.6935390075400547,0.16109840911822496,0.23716135174991493,0.08904741851863915,0.2769659602784825,24.744701385498047
4592,0.17338139524079452,0.614364247933805,0.1262282628874056,0.19596197503689122,0.08014218984858308,0.23520769263739497,21.852336883544922
4593,0.1447709673438501,0.53102126043869,0.11915810439568746,0.1779956981161164,0.08420163832065208,0.16869749081341534,21.570310592651367
4594,0.1675953115631751,0.5687627163960214,0.12255961163341926,0.18630291231379098,0.09331375523467744,0.21622252269382167,22.4169979095459
4595,0.19375455844823744,0.6488163115055686,0.11932081078536967,0.19496302517396955,0.08208111282952123,0.29041141497959855,22.718229293823242
4596,0.20829440048117043,0.7911054866591363,0.13588420317510552,0.2294872436728242,0.07588367951263272,0.30561004353594384,22.172822952270508
4597,0.19783999933305607,0.6767120154326228,0.1400845152056132,0.2167455866666146,0.08078971534094628,0.2837166089092885,24.941326141357422
4598,0.1707391414052728,0.6028906243967737,0.12115833865947802,0.1899772366219488,0.07362031418152123,0.23888478191146395,23.30223274230957
4599,0.1380565939851302,0.5469985068329852,0.11727441230022288,0.17866356866204608,0.06856003398154639,0.16333498114596467,23.433208465576172
4600,0.16303773551823947,0.588819412586825,0.11831455805035383,0.18552953726984972,0.07761498015703479,0.21810231992663454,25.31267738342285
4601,0.19939809039093934,0.6692232249466884,0.13080499589316696,0.20772188575795575,0.08158271937241852,0.29520321908600566,26.70943260192871
4602,0.21385572357616686,0.7866544443937271,0.147672943785543,0.2389560153009979,0.08286044200320432,0.30651383969328205,24.667922973632812
4603,0.2040133601838331,0.6870045500935188,0.15417942407093455,0.230297299217018,0.0874480604502682,0.2830095507966655,25.440628051757812
4604,0.1757803863645363,0.5808986329535016,0.12828248624858138,0.1929419357778557,0.08186433489884615,0.2429405756603607,22.712474822998047
4605,0.14598781168706107,0.5260225937704542,0.11428579284540075,0.1731053358346941,0.09191191867628566,0.1695763844423106,25.97042465209961
4606,0.16836594493848353,0.5689506870058516,0.13076412325410994,0.19336220379007305,0.09445449490474085,0.2111667372228676,27.866321563720703
4607,0.20065148832251856,0.6636997862689837,0.1451188162259599,0.21920181194639188,0.09359962752248199,0.27809033335166133,28.35579490661621
4608,0.21644813250643774,0.787872905665318,0.1487441470825038,0.24004825545147726,0.10609136345890831,0.29236019784611644,27.051788330078125
4609,0.20169462402259827,0.7066677073916869,0.13625156307343858,0.21773958369033117,0.0977741319438129,0.27858571488226913,28.7590389251709
4610,0.17566669355675987,0.5880376251484336,0.1270447306711365,0.19290085845360755,0.08885263492472238,0.2365491005750509,25.765857696533203
4611,0.13902242919060617,0.5564832942489435,0.1107258091682876,0.1744054498940956,0.07287052526758787,0.16594520200769397,25.968820571899414
4612,0.15867970976517423,0.5722764020396345,0.12865908037460713,0.19203298346961103,0.08327021584948081,0.19547890245002375,27.096851348876953
4613,0.1954767191056717,0.6597774532126888,0.14772780866237376,0.22087775788384736,0.09529351870269351,0.260911110527374,28.9440860748291
4614,0.20865797862802624,0.7769771458645619,0.1578927507687199,0.24633337863955448,0.09871975798433696,0.2718879466811671,28.275726318359375
4615,0.19732958602139442,0.7093345747252133,0.15363387084584304,0.23301968568575307,0.09034713382669855,0.2597103944854396,28.932170867919922
4616,0.16924861885869572,0.6274315500507391,0.12618288742029063,0.19778983922464044,0.08127847044566719,0.22124893089989411,24.91158676147461
4617,0.14621006544475457,0.5970796546092033,0.11185293078855123,0.18117103419150155,0.08122027572564935,0.172485283795568,24.254348754882812
4618,0.1643896202131273,0.5860961189517301,0.13022417016369747,0.19534873427627358,0.08588462176426957,0.20599226905062484,24.63728904724121
4619,0.1971112790959265,0.6847319108755029,0.1470926412086044,0.22389825116101852,0.09144475784015234,0.26613088463777335,25.809362411499023
4620,0.21179223424150473,0.8180302583269347,0.15554126962202006,0.25018255372272213,0.09497154702084766,0.28041880601351443,24.677804946899414
4621,0.19865131586592844,0.754504231745041,0.14620830384405636,0.2331077221156256,0.08780959215395459,0.26548846864542053,25.689373016357422
4622,0.17316000636167594,0.637598887688289,0.12619192225832407,0.19925006017689048,0.08534411059814422,0.22717011806645343,24.412145614624023
4623,0.14676645961613896,0.6615156080189168,0.10834732179324062,0.18737136268262297,0.08407269838451693,0.16609421051063478,25.65764617919922
4624,0.17404353797741628,0.6421566240360711,0.14134027992625028,0.212885471941939,0.09713962882697451,0.20734776626509552,27.32792854309082
4625,0.20540710190428718,0.7151671389793022,0.15879236336779468,0.23827447416943862,0.10041141987989488,0.26851937294362294,29.002790451049805
4626,0.21658151164344364,0.81776350336945,0.15831630643808103,0.25252304885684806,0.09980595788977649,0.28731127611617346,28.443540573120117
4627,0.20393403820432054,0.7414222202602785,0.15028583526338946,0.23473389026294503,0.09546564377282467,0.271894012780583,27.858125686645508
4628,0.1792898590728935,0.6219537063588221,0.12427682463702845,0.19537352202585612,0.09291108467625098,0.24079808158611343,25.635330200195312
4629,0.14551532854118918,0.5979371250026078,0.11250655840202117,0.181853782202105,0.08137199080843101,0.16984460210405122,26.859052658081055
4630,0.17134311847221656,0.5916778029468088,0.14210592643412892,0.2063304802216546,0.09327624851501433,0.2090376881540103,27.860363006591797
4631,0.19800055506683395,0.7097751040911668,0.15093348652285207,0.23076800331832562,0.09342811460552414,0.26082992325042487,28.856407165527344
4632,0.21577001338087884,0.8466595203879625,0.15400329414109307,0.25295418360493155,0.09603145968241741,0.28800509892098647,28.71685028076172
4633,0.2036141023997331,0.7784463394900552,0.14742370651543737,0.23756979694038277,0.09573201056697707,0.2682997000303261,29.729515075683594
4634,0.17495965503238328,0.6396693520029585,0.1169556616310554,0.1916290459698987,0.08851810639445036,0.23601029302024856,27.07976531982422
4635,0.14438936841520997,0.6591334541269158,0.10916879588137396,0.1877351756307371,0.07331573978710747,0.16865121215121343,27.098499298095703
4636,0.17115641650086166,0.6327610181159562,0.14722559085954323,0.21658779475331652,0.08785301065004525,0.20429444064942803,27.526123046875
4637,0.19625815082804718,0.710542352298025,0.15226023863449126,0.23201482630071038,0.08938907444896561,0.25848150162116323,29.669260025024414
4638,0.208882602408718,0.8197181198581591,0.15519636186182145,0.25012804157558394,0.09238128392424495,0.2747314968116241,30.13491439819336
4639,0.19773083417845203,0.7640843064850695,0.14811255550560765,0.23610851993124501,0.08819490207262994,0.25999429973735244,30.318702697753906
4640,0.17130988218166643,0.6528755141730691,0.11436313298051431,0.19129347315087925,0.08803884329983301,0.2266863991052095,24.86188316345215
4641,0.14696916659639642,0.6368734907774818,0.11486794613686246,0.18944016679980807,0.07737420678367794,0.17070263125453988,22.410747528076172
4642,0.173298914611085,0.610354946100591,0.15008027494999945,0.215833799400084,0.09335190564182974,0.2060345232688092,22.664403915405273
4643,0.20082513131546145,0.695934946859331,0.15398923671788725,0.23141005245237922,0.0969651630470262,0.2649407975555393,24.711320877075195
4644,0.2178843233935651,0.8323093809015081,0.15717088152965594,0.25361923858277763,0.1034970516635761,0.28670513536674447,24.777061462402344
4645,0.20656444149170372,0.7810879462171539,0.1543536605308555,0.24388712991461242,0.09517627949199858,0.27137173087140054,25.975078582763672
4646,0.17717385161712065,0.6478924055085022,0.1139914496460512,0.1902630147692585,0.09259147763870071,0.23973041109011756,24.249000549316406
4647,0.15256041865601216,0.727765496551769,0.12000492413948188,0.20682786305552292,0.07515960417112832,0.1728021174807136,24.165727615356445
4648,0.17984934318741327,0.7087472471706071,0.15213203478721193,0.23164849369912552,0.07695649812482108,0.22455632591943314,25.59619140625
4649,0.20922530881754683,0.7427412012703587,0.15593273509312736,0.23976251597558895,0.09758004670589633,0.2801948569019542,27.184722900390625
4650,0.21928941143212308,0.8254395636466385,0.15073487162275068,0.2471212561975918,0.10012802881499505,0.299202757052325,26.824480056762695
4651,0.20446256219560943,0.7508522014399795,0.1497367954248495,0.23561042485558237,0.08943676162108603,0.2778557578708411,26.860149383544922
4652,0.18023974819943964,0.6432900822030272,0.11468819656001068,0.1902027516518702,0.09088343989539581,0.24970888994460128,24.570049285888672
4653,0.1500031380436656,0.6681446491453361,0.1197400152384231,0.1980835343679821,0.08226635195964287,0.16720247908340857,25.801877975463867
4654,0.17280797488164606,0.6694055299004711,0.14983731058411032,0.224061341915019,0.08206233085545496,0.20736371725036193,26.770641326904297
4655,0.19955270776618422,0.7070227112099894,0.14990852924207665,0.229496269523207,0.0883695666110491,0.2706373397395325,29.18461799621582
4656,0.21492527706527176,0.8356995798455515,0.14427547904074156,0.24305035058428587,0.08938463099171019,0.3001639030505008,29.076824188232422
4657,0.20157443496430413,0.7690809665071245,0.14007365344969014,0.22993184102932362,0.08646308249297877,0.27748413806982186,29.84008026123047
4658,0.17747915094899672,0.6320725595618744,0.11664165790143195,0.19027464385292372,0.08190793813649641,0.2499079058689984,26.828107833862305
4659,0.1473678390630816,0.6715157387970095,0.11883952313616182,0.19779326823056861,0.07150837271199009,0.16962262159873548,25.727333068847656
4660,0.17708233772530874,0.6812099290355454,0.15449221261142,0.22973760067200932,0.08929171516700099,0.20782577738546498,25.351818084716797
4661,0.20673293044980878,0.7033755911704482,0.15599740388892483,0.23419428778628532,0.10195556615525973,0.2743844365381221,27.220409393310547
4662,0.2152302035802438,0.8163836654196095,0.14686930199042528,0.24251421105173732,0.08973559370901314,0.3011644806800138,29.33809471130371
4663,0.2003455246097153,0.7528389551544221,0.14050705494127533,0.2279830406860106,0.08438254777853195,0.2776303027702424,31.107585906982422
4664,0.1790940849533812,0.6387553865536607,0.11326449230551001,0.18833462005524584,0.08228997953364257,0.255712208981521,25.776187896728516
4665,0.14683904451511662,0.6569786293474857,0.1188612008254415,0.19573511918573352,0.0718815591685817,0.16964277885654488,22.416223526000977
4666,0.17535329774188205,0.6516630174330988,0.15630050658910458,0.22706657956681806,0.08677134092295309,0.2076133883616259,21.491853713989258
4667,0.20669609338609904,0.6851219640501833,0.15427350517660546,0.2301089993014023,0.10226147673621479,0.27759009027885745,22.753746032714844
4668,0.21865300800183662,0.8112193964407954,0.14233675799442777,0.23789142062962315,0.09064652750338155,0.3138250673886716,24.1889591217041
4669,0.204951982633537,0.7593487141109112,0.1333143410941152,0.2227478229536575,0.08331773650024125,0.2958105877200654,25.947608947753906
4670,0.18316938151206116,0.6020455293474412,0.12040911096873985,0.1892143135942686,0.07900556236431146,0.26902340769441063,24.390474319458008
4671,0.14790178423588676,0.6346908688669355,0.1228387093695167,0.19596044644057656,0.07151585856009353,0.17268813977310235,23.10301399230957
4672,0.18118696629468192,0.6657606214522123,0.16185337626551863,0.23384012557790343,0.0899196378154539,0.2149743643411876,24.049772262573242
4673,0.2124138367136177,0.6919664637061111,0.16160521756825874,0.23737110987366622,0.10627802548700067,0.28344505752186516,25.902311325073242
4674,0.2235520448393303,0.7907080162709184,0.15278972131395976,0.243920906307811,0.09216584271790254,0.32069221791065905,26.98967742919922
4675,0.21071275059461858,0.7322215725004926,0.14283865452123787,0.22703621423255996,0.08642356316789157,0.30518275890980606,26.527193069458008
4676,0.18687904949951842,0.614140992033393,0.12388722650237928,0.19392347872109553,0.08207815893868219,0.2724159531713702,22.27048110961914
4677,0.14902451976308811,0.6133715188399174,0.12212826022310423,0.1923058685969347,0.0759893556143261,0.17505910816363912,22.95309066772461
4678,0.1771662363390859,0.6179649451340916,0.15475209262898063,0.22092535727256793,0.09981114321055473,0.20656271200975393,25.421035766601562
4679,0.21134970240517584,0.6830551246103416,0.16173502746299592,0.23620932705547387,0.11102575515072195,0.2773809846838122,28.8889102935791
4680,0.22530411283648658,0.7873053434104366,0.14629930019937612,0.2378715920866705,0.10231665621768737,0.3219215930340249,30.775299072265625
4681,0.20740689072067822,0.7496611897666139,0.12800543604451176,0.2168134008619549,0.09080529898721941,0.3012025871138376,31.549549102783203
4682,0.18564427202723993,0.6275026444741323,0.13012244347486093,0.20117675790332826,0.07801170911847495,0.26623183943083195,26.764055252075195
4683,0.14137439997671183,0.5910820974374866,0.11594053977564063,0.18381790515590438,0.06663087827924044,0.16963691443020593,25.346302032470703
4684,0.17101520218415908,0.5940022024199303,0.14712853654306945,0.2109676316683353,0.09230987356788946,0.20492398892474079,25.32640838623047
4685,0.20116703943861725,0.6334980365818939,0.15217136622265984,0.22093231913112182,0.10180800309836095,0.2708115765054001,26.518863677978516
4686,0.21867952506992047,0.737588132519533,0.14522755385657563,0.22985049366556956,0.09593890332082226,0.31630297157918846,28.046592712402344
4687,0.20319900345308994,0.7027203616693481,0.12572029245680136,0.20814887377287944,0.08773594236803027,0.29989804537270137,30.479021072387695
4688,0.18176817826272001,0.6037566670198817,0.1264898203152681,0.1946707984159272,0.07821801010574833,0.261084782766014,23.965669631958008
4689,0.1418315226570017,0.5716002719836194,0.11869414835786914,0.18339502316154777,0.06902382747674016,0.16917019299825264,20.92877197265625
4690,0.17123964981627224,0.584020829047524,0.15496235766100055,0.21625642500193248,0.0876111730101469,0.20502488873417918,21.618783950805664
4691,0.20448856847280428,0.644746311520186,0.16923133798662784,0.2371620484914219,0.09524440812195865,0.27148791376350373,22.75147819519043
4692,0.2247313481440105,0.7533730998765773,0.1537118786806659,0.23937776742293895,0.09912560241337008,0.32182075878925853,23.513896942138672
4693,0.20777735283294538,0.7416360499003934,0.12912367886905463,0.21662544615924587,0.09081345914342889,0.30237867815075936,25.375303268432617
4694,0.1877863680700934,0.6098091573019937,0.1402627012588293,0.2073407664078528,0.08254313095164723,0.2627641020031943,23.023900985717773
4695,0.14124667725122964,0.5710166428210754,0.11554806152251422,0.18061500170802297,0.06844128041887819,0.17050411557984307,21.88749122619629
4696,0.17490346404871948,0.6107694536848416,0.15625388342198337,0.2211846791738203,0.08691675425145132,0.21139577188686592,23.361412048339844
4697,0.20618790682121865,0.6489560066399184,0.16762213801073786,0.23638411924347794,0.09452983591947516,0.27746703299076736,23.843294143676758
4698,0.22944122256026442,0.7615173889150131,0.1602745735106962,0.24616640428274145,0.09767059791590567,0.3301059851169108,24.98592185974121
4699,0.2122329037741058,0.7269771448703543,0.13846717552921378,0.22254002829223385,0.09180755818768947,0.30858634720885814,25.506446838378906
4700,0.18630799699149492,0.605227306440479,0.13708133378156787,0.20395932987569804,0.08437291997472533,0.2600562731074906,20.906850814819336
4701,0.14777247254611342,0.5638780208542343,0.1270950630665751,0.18949262846481213,0.07101520863838633,0.1784299420365133,22.831634521484375
4702,0.18579123004287823,0.6259617818243141,0.16959887750354122,0.23479357812079443,0.07864444721320699,0.23666761045066387,23.999465942382812
4703,0.21752254396417,0.669401887239098,0.18569239967663,0.25479375504269686,0.08910887615060925,0.2972721936073246,25.712007522583008
4704,0.23696694710874266,0.759807755097234,0.1694053747543581,0.2537485719461975,0.10599085881014939,0.33688710263723876,27.018508911132812
4705,0.21871626546149026,0.7459423777720262,0.15110288918654385,0.2360799589844699,0.09646584076165139,0.31049215524124213,27.989351272583008
4706,0.19083305520074248,0.6150400162119769,0.1493570492812608,0.21588318741422025,0.09104301304916909,0.2562304763965761,22.738628387451172
4707,0.14217283216920118,0.5446885869554039,0.11744956199440487,0.17848370841740474,0.07500048055210881,0.16917662311697884,20.61608123779297
4708,0.17940766989842022,0.6031099161832005,0.15932765939536903,0.22272512465077354,0.07933152758439374,0.22907152151488427,19.309398651123047
4709,0.20728484603376993,0.6278978514646845,0.16943611892071572,0.23493065214128267,0.08251218196559344,0.29227084674935067,20.218198776245117
4710,0.22255947343383645,0.6997331453365134,0.1573680505343279,0.23484877836321155,0.09440898303628738,0.3239380107184886,23.34747314453125
4711,0.2044504767148345,0.6482334043772944,0.14187347183800242,0.2142106050579013,0.08718565128909418,0.2985170866621738,26.087474822998047
4712,0.17966305155066153,0.6050128336114973,0.1335408824791089,0.2008940183551644,0.08870199626110765,0.2406768789750812,22.840978622436523
4713,0.16815653850688267,0.6793362613456104,0.15839376391952695,0.23281412069468174,0.07968665076221614,0.18899230586914162,21.221078872680664
4714,0.18673489155273443,0.6134154217053502,0.17660750479508172,0.23900863578226295,0.0808616770210427,0.23363442806712714,18.774070739746094
4715,0.20586096792515193,0.6305982139189906,0.1796243668228187,0.2440492021222719,0.08488346751746088,0.27830157585940163,19.51641082763672
4716,0.2188284985160169,0.7068391680173489,0.16473668704541167,0.24217989861283126,0.0880891650858175,0.31279294018272896,21.857295989990234
4717,0.20442235012107338,0.6451476354976972,0.14851114788386116,0.2194592175429806,0.07954486105728464,0.30053289405771966,23.306194305419922
4718,0.1809599929312754,0.5936220986139225,0.1418961531438264,0.20642843106812583,0.0840178438757945,0.2434994899850771,20.83132553100586
4719,0.17414789399661965,0.7246822919637934,0.16566865295497588,0.2455277442419498,0.07925804682687747,0.19471914130548013,18.968093872070312
4720,0.19699482508295024,0.6793447414010441,0.18157983220298687,0.25268910494556646,0.08130824412246221,0.2494880885435881,18.44815444946289
4721,0.21522570643689812,0.6805921699568659,0.1848806009693862,0.25569653939616904,0.08142697107217486,0.296887621041669,19.28736686706543
4722,0.21846981685197592,0.7267780224017814,0.16714115458159542,0.2470892785559077,0.08254798964490417,0.3123593866672233,20.476318359375
4723,0.20563049722454077,0.6689433140227683,0.1477305138502217,0.22218948530344268,0.07819701737887896,0.30264567752045574,22.288127899169922
4724,0.18349179278043815,0.6188969459168647,0.1408304711753013,0.20912568185266753,0.08301977624013081,0.24897515431500636,18.67748260498047
4725,0.17823248440063302,0.6972822547924729,0.16204974849777534,0.23851153511130357,0.0875144739684918,0.2048665741569199,20.241008758544922
4726,0.20576102883996453,0.6647548010141874,0.19222515675113527,0.259729391645857,0.09741504696171917,0.2533414455282733,23.348491668701172
4727,0.2232048405251035,0.678444868695173,0.19050944689511864,0.2602145071522693,0.0950311237788611,0.30297338437929555,25.520200729370117
4728,0.2241596075638644,0.7248154634406534,0.17224414071135152,0.2511829011012518,0.08552877172017213,0.3218162070818811,26.51503562927246
4729,0.21057777990321025,0.655415515174145,0.1582457160001259,0.2292699730249858,0.07668572005508781,0.3113776632887638,25.679813385009766
4730,0.18250749091837862,0.5998733367870968,0.14230793195712807,0.2076744183614093,0.07883674460969632,0.2511983324258238,21.75341796875
4731,0.17708957904509204,0.7490901500678169,0.16984361727580824,0.2525931219603809,0.08200036564089086,0.19422704072289035,20.811988830566406
4732,0.2017735845388412,0.7111307557710491,0.19781428449262103,0.2711452089609679,0.08418867521637997,0.243960208826634,20.309043884277344
4733,0.21554972835269315,0.684703247362663,0.18601823558399555,0.2572589515523766,0.08728053473792767,0.2912897024658899,20.868928909301758
4734,0.21810237213373582,0.6939496544420373,0.16603574933497822,0.2414520214931295,0.08884838862392096,0.31076866451535434,23.210586547851562
4735,0.2092201070760834,0.6454126335960751,0.15498428136697648,0.225045474542562,0.08300281130176411,0.30581304434544404,24.800735473632812
4736,0.18641826282522,0.6296736404838937,0.13457265493434126,0.20530136715570588,0.08756544581622684,0.25639176141891384,20.071475982666016
4737,0.1761635045511788,0.7348189721578198,0.1649167803035906,0.24633137913990907,0.08956792055099519,0.19053775028620046,19.157854080200195
4738,0.20323545731783071,0.7026998181182698,0.20013150920727063,0.27192698190884196,0.0908102012175898,0.24150247238840672,18.351089477539062
4739,0.21461429974114338,0.6533689464882577,0.18325088846466883,0.2504106110394672,0.08764847733688137,0.2943876219588393,18.263940811157227
4740,0.21948050038146658,0.6792473348419249,0.16716955378791812,0.2403235225099191,0.08912866577422578,0.3153007113004063,20.955076217651367
4741,0.210239782659273,0.6500180719148814,0.1552434386544504,0.22592552912022626,0.08230379522572054,0.30845874351029734,24.04344940185547
4742,0.18414768515838364,0.5924753024401114,0.13719140212244,0.20223195931067878,0.081380945945466,0.2582448420864283,21.03190803527832
4743,0.179558904229365,0.7338834419366712,0.17457885123121644,0.2544795070462814,0.08512976498850251,0.19662887360031783,20.625680923461914
4744,0.20716435014610426,0.7090213061471449,0.20803828919453213,0.27960729161633396,0.0928722815564571,0.2437823363755946,19.8535099029541
4745,0.2133167058453501,0.6374932232646364,0.18373477737657348,0.2485574125034396,0.08872062429493226,0.29150265887613735,20.805747985839844
4746,0.21705276939709145,0.6640334654159454,0.16622728277088802,0.23734245172018195,0.09232484153114129,0.30843623424709365,22.420757293701172
4747,0.21042667362721604,0.633371421666843,0.15738425859090463,0.2253824247446101,0.09375076176745926,0.29943181427678334,24.48797607421875
4748,0.18750128788513584,0.6034209732552706,0.13973087193281825,0.20597231497888285,0.08685026834490817,0.2594087812758064,23.689958572387695
4749,0.17826619666848992,0.7145621486520213,0.17158759532913895,0.24915538866097928,0.08548863911617681,0.19741851653333573,25.9111270904541
4750,0.20855645058196234,0.709800733393693,0.21311223986091932,0.2840677389370298,0.09739523285486025,0.2397501387824926,27.16830062866211
4751,0.21444220318907503,0.6545624329395052,0.1906462488896208,0.25691998946817574,0.09049580877463669,0.2857272353074955,27.5462589263916
4752,0.2199357751340999,0.6839098246899877,0.17505657579822934,0.24774989706848055,0.09005716641813803,0.3092422010679834,28.0020751953125
4753,0.20773649645834683,0.6185324436175602,0.16016668253500346,0.22564750554679727,0.08776708399200817,0.297037599413999,29.31853485107422
4754,0.1854766399659054,0.5706790189768435,0.1432199911308438,0.2042855665374152,0.08788766448083603,0.25440918276527,27.321258544921875
4755,0.17521881485835344,0.7157266222967514,0.16637325405510175,0.2448523066610517,0.07932838142415422,0.19819363878591678,25.528797149658203
4756,0.2034049162357063,0.7041060056681622,0.21003551647714214,0.2806170149330022,0.09490860873352604,0.2307785989399802,24.162303924560547
4757,0.20204507610938138,0.6452760329720394,0.180315428883019,0.24673837232430765,0.0850628332244422,0.2652979044456427,22.867399215698242
4758,0.20961612354011516,0.6500837500497313,0.16855138710197745,0.2373417246659423,0.08761968701781157,0.29210310451203214,22.815019607543945
4759,0.2040834015710681,0.5852720901090325,0.16392165837609776,0.22411457719508848,0.08936493372869646,0.28693478226212554,23.400733947753906
4760,0.18667749305857634,0.5890674521466246,0.14499836061847193,0.20843680226535088,0.08953517040202885,0.25263762982712756,21.18166160583496
4761,0.17622171640656648,0.7074828996880983,0.16709216691921144,0.2442908430290524,0.090476451490958,0.1916883374130487,19.447410583496094
4762,0.20546479284032745,0.7133607488341169,0.21718126507850558,0.2880640484721644,0.10055321880399894,0.2249880714442576,20.50735092163086
4763,0.20787902821401502,0.6766241442528723,0.18589595967459513,0.2559999860429204,0.08863993745876132,0.2701073945245698,20.6319580078125
4764,0.2138937531052581,0.6616089772540503,0.17228415198477295,0.24218769845181257,0.08833127075754306,0.2990037229812736,19.83336067199707
4765,0.2043661388757741,0.5704349571035618,0.17085132275041737,0.22793469908658087,0.0865810188874384,0.2868056286811119,21.642108917236328
4766,0.1843601754583905,0.5448208922139932,0.14647578568076974,0.20338222947123025,0.08757339936047662,0.25240430728283036,20.970291137695312
4767,0.17225616891026443,0.6818623213829255,0.16288500312799756,0.2370246200215587,0.08646342475666072,0.19065242532228516,19.323469161987305
4768,0.19941750779384107,0.6881666503995427,0.20971904613210135,0.278068703884593,0.09555233448932077,0.22147973785588848,19.908512115478516
4769,0.20345288873692213,0.6492938718723527,0.1757022688619214,0.24335821214912587,0.08898624642585092,0.26869404277343106,20.621469497680664
4770,0.20998823858293303,0.6366756552716106,0.1627648753798472,0.2304664153643849,0.08759051720940987,0.2991678401009955,19.828777313232422
4771,0.20670606228347516,0.561459703380706,0.1697867442053207,0.22574002408751856,0.09092855879448881,0.29135666125780013,18.714574813842773
4772,0.19106098403808616,0.5503509211114597,0.15658254311000394,0.21283516853878331,0.09128336377510944,0.25931399033008073,17.606870651245117
4773,0.17551711606391443,0.6436670685498931,0.1541553781387782,0.22408561962608028,0.1005312042587658,0.19863234827652437,18.953569412231445
4774,0.2002830848262166,0.686758823963302,0.19396504069878215,0.26436415259371354,0.10559535845783503,0.22706391110199076,19.884286880493164
4775,0.19953003576990236,0.6711679174868388,0.1573234774346134,0.23072982601350273,0.0936612416459812,0.264865414165183,21.00118064880371
4776,0.21956271879583486,0.6923654392824861,0.17141993485837323,0.24584072120467507,0.09237603125094462,0.3078578182898787,21.292583465576172
4777,0.19830483729300327,0.5433999192547421,0.14948979423808015,0.20576266924046038,0.08138584868705236,0.29408334936918534,21.62016487121582
4778,0.1944368022952343,0.5948724031223779,0.1473134030993502,0.21125040310263987,0.08858017966488352,0.27234944639031133,21.101396560668945
4779,0.16506654360341086,0.5862808044349146,0.1325653192986022,0.19738181717521824,0.08578840909183838,0.2061590469257053,20.812875747680664
4780,0.1807234275339752,0.5796106398182609,0.160177815158962,0.2200967901102904,0.09661417087082813,0.2198673348599529,19.94023895263672
4781,0.19788765889473162,0.6449138873266829,0.1553899524051466,0.2253219431082232,0.09564786417826267,0.2633424805848367,20.50749397277832
4782,0.20394750677928064,0.6035692196756828,0.15791266837686502,0.22157788999098188,0.09242338194457844,0.28610453069940645,20.984054565429688
4783,0.20244859759444278,0.5496127953712346,0.16857706541842032,0.22301074112596525,0.09137128629056268,0.28164936939525576,21.28337860107422
4784,0.1792299423553708,0.5594027215378489,0.13913924192241758,0.1991768818674792,0.09009811831602543,0.23976671631670313,19.45651626586914
4785,0.17291528118547828,0.6179236297156729,0.1470946220045519,0.21435590882042632,0.08782925242030618,0.21110500717442432,19.270647048950195
4786,0.18952791927663662,0.605065684909675,0.16710494515103116,0.2296707651165517,0.09344086722287519,0.23847909971375214,18.66161346435547
4787,0.21154070100597605,0.7157483680604613,0.17576360194202797,0.25290428281608984,0.0904542350026323,0.28129822467505217,19.53653335571289
4788,0.21110432975441784,0.6706407041339839,0.16077106181426998,0.23360958214565766,0.08538995772377786,0.301412309438893,20.0056095123291
4789,0.21233706389682772,0.6395605731558714,0.17318063668110936,0.23980634189178968,0.09232219145299754,0.2933144590395874,22.32103729248047
4790,0.1799554370012875,0.5374464221413204,0.14325198867558617,0.19956547917069106,0.08488392219667641,0.24598422555709415,21.975200653076172
4791,0.17853803109165184,0.6477667133920202,0.14562921166534606,0.2173631404834424,0.09397826041646386,0.2185558597146246,22.483346939086914
4792,0.18632375054757547,0.6111184934924049,0.15648398342830233,0.22143177058031696,0.09568023725774798,0.23491730714752573,22.99105453491211
4793,0.21223451431558277,0.6995647435377415,0.1677953279627078,0.2437623873305697,0.10307802752107184,0.2801595513726663,24.5999813079834
4794,0.2149861853950526,0.6670369826374338,0.16200179829917527,0.23414968177606937,0.09497391643924066,0.30322886139799843,22.80415916442871
4795,0.2225364215478436,0.6450073831356202,0.2009098466203342,0.26435235183680367,0.10821529883223513,0.28597846492116097,24.82097625732422
4796,0.1951482559980257,0.6132797104014214,0.1766929098208259,0.23906245276091095,0.1013305909185486,0.23881379077504356,24.246849060058594
4797,0.18712174179917326,0.6583765569250138,0.193941785039594,0.26028960959465397,0.10312388206202813,0.19659798474812956,23.49773597717285
4798,0.18605730714695135,0.6156356705329481,0.18062268438080778,0.24276739668825642,0.10422477621007833,0.2080394433680732,24.43819808959961
4799,0.21167363370021752,0.6926242460017774,0.1812148681777815,0.25427335072406665,0.10673345628939142,0.26622153653882247,28.246965408325195
4800,0.21772426002431852,0.6878289958497688,0.1677989304404027,0.2420889397845978,0.10647525383186231,0.29374804565247326,28.353599548339844
4801,0.21953342600112838,0.688196834775592,0.19517530490659543,0.2656069520307378,0.10253715354100461,0.28159082912782857,28.416330337524414
4802,0.1987399217119058,0.7264055798792075,0.1756095535391574,0.2542947001591645,0.0943070184020032,0.24150828096671922,27.304798126220703
4803,0.1825196714637526,0.7481631043852788,0.16392472801523422,0.2473873532109549,0.09838136509204418,0.1993814680101954,25.158666610717773
4804,0.17803672226988512,0.636760774071192,0.15816711491312208,0.22653763764998924,0.10671987390076591,0.1980006636352733,25.216983795166016
4805,0.20922456326856176,0.6923291870711505,0.18268206209365093,0.2554887942332937,0.112487572299657,0.25338822827221286,26.62748908996582
4806,0.20874456938613833,0.6591036259426208,0.16829177727006606,0.23840775565185957,0.09572228352020382,0.28168378153632495,26.436782836914062
4807,0.21837462119404935,0.6612632104827636,0.20652057193615625,0.271483806014243,0.096228263288298,0.27878214764391235,27.618133544921875
4808,0.19611320068170582,0.6808755652634828,0.19041354665722307,0.2604795493152602,0.08648284566197699,0.23571920626960846,25.70998191833496
4809,0.18295214317223654,0.6971014274465468,0.1729584826754659,0.24783604621419172,0.09316327622085817,0.20474398659298182,23.679058074951172
4810,0.18117283525185693,0.6208607126971821,0.1592778655391146,0.22521827227598143,0.10628968137966932,0.2081558374939122,23.144371032714844
4811,0.2144036144451274,0.676853228120804,0.18952405273031456,0.25914250635752734,0.11589893967154474,0.2614486744486623,25.129308700561523
4812,0.2150880334356491,0.6722384780685847,0.18245913539520575,0.2524276129199742,0.1021583569023304,0.28122936835351864,26.362491607666016
4813,0.22854445390411335,0.7207020728157503,0.22181684793407105,0.29308616577431096,0.10964197647951265,0.27611012376421606,28.201663970947266
4814,0.20493847128054224,0.7467568450704816,0.20455355501374126,0.28201116787898983,0.09566115932461731,0.23311750971833495,28.216768264770508
4815,0.18659091275771836,0.7651657066298954,0.1781766159515852,0.26203220033420094,0.0978163189321215,0.1982575557256933,28.548015594482422
4816,0.1765124603590522,0.6527537917158405,0.15881367573261887,0.22937654944450767,0.0941525089489068,0.20232133989315587,28.8297176361084
4817,0.2164984748624704,0.7099833587125013,0.199008471410871,0.27200488388253247,0.10672443279215094,0.2639826537814456,29.483543395996094
4818,0.22230446961548855,0.7126633752681064,0.1886465506357451,0.2635060970117967,0.1072645256198437,0.28691299663990816,26.52596092224121
4819,0.23044171931016405,0.7121645895359618,0.22996158152989707,0.2988477255307634,0.10761031848714499,0.2780639395872812,26.651071548461914
4820,0.20530590821831113,0.7177642722446702,0.21405903073151414,0.2860169223762507,0.08973707511362318,0.23580649979671595,26.709211349487305
4821,0.18614281741538263,0.7515449588211616,0.17666808055974914,0.25879334888280814,0.09349525207833971,0.2036402220512979,28.0294132232666
4822,0.17871761775247416,0.6428783191247478,0.15747179275098072,0.22681558223294745,0.09930241651135505,0.2061201999180393,30.625030517578125
4823,0.2097686015255794,0.706051031022693,0.18673481675912215,0.26092284736820365,0.1172016433346433,0.2460047248303523,33.23738098144531
4824,0.22539614338203726,0.71100831131004,0.20177577472442718,0.27452327995094333,0.10383376039947374,0.28877698399398755,32.92485046386719
4825,0.23492821827902952,0.7171573201013068,0.24138542934413454,0.3093528423094449,0.11016379604207713,0.27897554170974936,33.74152374267578
4826,0.21046703512963083,0.7435548796617993,0.2146132165638208,0.2901763112921035,0.09595251014374274,0.24092162785011942,30.807966232299805
4827,0.18811010074433146,0.7694129398539135,0.17440891998250677,0.2594094942498506,0.098672090730004,0.20398139018953876,27.608774185180664
4828,0.17887809614378078,0.647252334010288,0.1587636190163699,0.2285477211583582,0.09764933261121952,0.2064923423470167,29.211252212524414
4829,0.2067680092449664,0.7083283399989306,0.19344804825389317,0.2670023756460414,0.10810140154758621,0.2403962203792335,31.2696590423584
4830,0.21800043856358178,0.6804132373822723,0.19536248898356648,0.2646554530405245,0.1013214647379549,0.2792714029936805,30.621036529541016
4831,0.22903118353639942,0.6841975757397991,0.22956903297138942,0.29451596765259086,0.11253541160078792,0.273665797878392,30.854835510253906
4832,0.2039511081195349,0.717687384387635,0.19655822343127918,0.27100524642504437,0.09777818900572223,0.2381800413268002,28.027233123779297
4833,0.18628957242907654,0.7253059719590564,0.16081646857834989,0.24145782620416512,0.11613011744078183,0.1994068734906319,24.780797958374023
4834,0.17785113708068606,0.6635412198174901,0.15429664806719276,0.22704587260294953,0.10055108323172086,0.20244329061655003,27.369670867919922
4835,0.21097875601928812,0.7216827586730781,0.18145620116999603,0.25863142367043634,0.1101981249291355,0.25746572402841694,29.621253967285156
4836,0.22517936758059634,0.7008282407012598,0.21259915603167875,0.28234616812733315,0.10777735023575843,0.2778851822789349,30.8638916015625
4837,0.22747892665536612,0.6616795811173835,0.23591707285240174,0.2967402883188277,0.10577192651523451,0.2733688603224524,33.68943786621094
4838,0.20032164950359463,0.6834417608539458,0.20318854546084344,0.2717961476598581,0.0867278597771614,0.23717602962749312,33.40928268432617
4839,0.18425313165673976,0.7330923114141848,0.173638528877041,0.25356049781091866,0.10393244427471772,0.1938897877311025,31.799503326416016
4840,0.18113459969857668,0.6776314284247532,0.15569166356457506,0.23025448711602906,0.11175471492825204,0.19886209738233995,31.47966766357422
4841,0.21992969981283642,0.7399202068841669,0.17983344177720176,0.25984583679248247,0.13892378129605382,0.2558832586578308,31.085176467895508
4842,0.23308292541748354,0.7164200217905071,0.1913579356609524,0.2663668051080316,0.14051254029840266,0.2849586176674498,28.006174087524414
4843,0.22929310758554464,0.6978211311555569,0.20583594234617988,0.2761195407475195,0.12871309885081716,0.2763274862117032,29.255163192749023
4844,0.20705449682958924,0.6666898799633938,0.17688623543322876,0.24685818465182377,0.1205493285939652,0.24791829219130512,30.533306121826172
4845,0.18613698738873447,0.7127933212244013,0.15565285787825694,0.23524435264199184,0.11875740931806207,0.20212517360397272,33.13752746582031
4846,0.18121956597167432,0.728069187839733,0.15294689865455016,0.2351072256810048,0.10930061854677696,0.19699694272279528,35.427734375
4847,0.21070255076361855,0.760111536401804,0.16525232340455911,0.2502322109755941,0.13595306940796778,0.24151989426433432,36.5224609375
4848,0.23279437870834913,0.7223818093173208,0.1958269944733945,0.27104911087966965,0.12962598375625517,0.2895938336415259,36.26713562011719
4849,0.22354781169324145,0.6660540319802262,0.2026950579753175,0.2688891971188759,0.11678895829160818,0.27728809617224043,37.824729919433594
4850,0.19763791834620772,0.6477557852390892,0.17040669619636795,0.23859942320247093,0.10186928278283233,0.24559415771493093,35.1428108215332
4851,0.18259806915903035,0.7286640009588379,0.16205932913610313,0.24300285368220806,0.1068119700811646,0.19605671939438227,32.25883865356445
4852,0.1896454712894669,0.7574799262329185,0.15517526792272737,0.24121879053846898,0.1201505669266233,0.2053268582640782,31.8931827545166
4853,0.2158888985663792,0.7772530609046948,0.16947080171752912,0.25629683874426706,0.14692681829429377,0.24087377114880204,32.86701202392578
4854,0.22566968473197446,0.7137332396737213,0.1783184144007435,0.2548062465825975,0.1409699832436678,0.27428743191494764,33.1811637878418
4855,0.21540304617547867,0.6586432162723725,0.19107130675116846,0.2578672938256262,0.12120312678922034,0.26067175894457567,33.70185852050781
4856,0.18969333906986477,0.6194310904097804,0.15980588044291114,0.2254666247238925,0.11294640481049031,0.22554528159954323,30.3460693359375
4857,0.17724107642446824,0.6836292773230739,0.15683963089087588,0.23209529466690415,0.10612279780698843,0.19147212925263157,27.31148338317871
4858,0.1856030066662613,0.7515359834422488,0.1630979713830021,0.24716054453432304,0.11417695083860549,0.19423795988090617,29.000946044921875
4859,0.2083587426682845,0.7862761343077225,0.16996938764080008,0.2580132085932176,0.12341318716413543,0.23923844605009847,30.792552947998047
4860,0.22307275687775563,0.7362601502565611,0.16831622177273564,0.24945106869899641,0.12785088740781084,0.28331086982037157,33.97275161743164
4861,0.21902860653285286,0.6662215227053931,0.16788589946688284,0.23907670278667004,0.1302342706504386,0.2791815662078753,37.75732421875
4862,0.19580470838496844,0.6183061670270118,0.16004622962036427,0.22551193496417107,0.10777303678283391,0.2468385977800339,36.96875
4863,0.182922682143928,0.7342671416748123,0.16693340683123692,0.24798108323746199,0.10074693739016238,0.1979003578466308,32.87643814086914
4864,0.18987091039070475,0.8228664915365487,0.17170141019593413,0.26472499324459337,0.10252196633583263,0.20080391394156533,31.514236450195312
4865,0.21393116792778955,0.8488020615899439,0.18136451074996604,0.2767127322985343,0.11712444159574963,0.24370318464392274,28.974075317382812
4866,0.2261592294927848,0.7983156952443478,0.18448181907777195,0.2721723728158542,0.1090326497075765,0.2883834863971564,26.15618133544922
4867,0.22173718174621324,0.6900359218770729,0.1928933897905486,0.26391375151719487,0.11536425734763754,0.27790899204535796,29.350046157836914
4868,0.20514318206453835,0.6365957408211717,0.18919033396175003,0.2531053920845246,0.10884807815082877,0.24743446422154627,31.438125610351562
4869,0.19244017786782577,0.7271560517956862,0.19224629720377714,0.2686619764311927,0.10036395198021449,0.2063128017765396,30.86895751953125
4870,0.20152842471794397,0.8318694679735029,0.19217695880536664,0.2835616029722433,0.1180097234005749,0.20282825739812999,33.72085189819336
4871,0.2153753416096396,0.8536855727246793,0.1861190066776528,0.28148565897008515,0.12919566020287881,0.2329360351501655,33.34355163574219
4872,0.21875688796664827,0.7762122575599899,0.17086974660974044,0.25734724817406185,0.11770040141094319,0.27341474852140346,33.87650680541992
4873,0.2197547037414737,0.6506706665479731,0.19232011903248725,0.25779876867755663,0.12809937500462118,0.2666645595671471,35.746456146240234
4874,0.2040961570747834,0.6294361797079426,0.18419268601216307,0.24779889939727445,0.12798983726265292,0.23244928737821793,33.0740966796875
4875,0.19589613323484903,0.7867436988966935,0.19035587320655697,0.27555413401943357,0.1155806358642009,0.19647144274765466,30.228736877441406
4876,0.20881405984140153,0.9283281952690163,0.20018373686646598,0.30420437378111603,0.11652910664855651,0.20609686918789077,30.442893981933594
4877,0.22246325076483708,0.9778611578754143,0.199911597193734,0.3110472487196883,0.12328185110843567,0.2317359772536935,29.991905212402344
4878,0.22375614620642514,0.8558149074546009,0.19321057917092785,0.2878683403543097,0.1184284387301497,0.2598197203687671,28.931377410888672
4879,0.22724708016428236,0.6616201453694956,0.22774128099666568,0.28972397590706994,0.12260888558977087,0.2641382166420408,30.168052673339844
4880,0.20635482275773198,0.6079528975492701,0.22458800503145696,0.2793544182482874,0.11748909602460812,0.22023768759497936,27.845970153808594
4881,0.19968117408424338,0.7316099714605321,0.20423388843383128,0.2795733288662171,0.11795164063097797,0.20128888042162363,24.75741195678711
4882,0.20633147704953056,0.8432926743383751,0.20132133880173755,0.2930315295926858,0.12004520587899635,0.20596941834848714,25.762554168701172
4883,0.2192185736183802,0.8836096563776963,0.19247759280540058,0.2912107447442999,0.13157685120148416,0.23291193099798443,26.83000946044922
4884,0.2123537936834082,0.7832281786693938,0.15674859015743128,0.24624567423056876,0.10344854003467649,0.27799049514728286,28.214275360107422
4885,0.22285427455538545,0.6504522076462846,0.19750984487576773,0.2622158967001273,0.11209090545996252,0.2853308031372314,33.16987991333008
4886,0.205942706380593,0.644752408317109,0.20227022622894467,0.26548196652725387,0.10796610401903052,0.23957538081863194,32.79014587402344
4887,0.19748038954097688,0.8415641359969069,0.19651144994143732,0.2886618336636472,0.10738287081633062,0.1965319548177058,30.86968421936035
4888,0.20656310543952136,0.9570157151431676,0.19780263231158,0.30626164414466395,0.10769150967063264,0.20583953037029926,30.646507263183594
4889,0.21714920586347983,1.0209585242712447,0.1882271725484983,0.3071887942231764,0.11141393520114619,0.23088292787828735,25.22402000427246
4890,0.2279080858841703,0.9037211949701958,0.19607198381083624,0.29716472826217327,0.10889596033925082,0.27144413365522224,20.34212303161621
4891,0.24014319293561634,0.7448708939403894,0.2616449915513929,0.3306772633212495,0.12629269254121595,0.2605450691932876,22.25632667541504
4892,0.21942169640576753,0.6667219419423484,0.25267806274787347,0.3118271883470841,0.11953260287527015,0.22596984779630075,25.312477111816406
4893,0.2020074874150781,0.7752813725992084,0.21477062755021228,0.2948435911286403,0.1166741670959566,0.19544255194494237,26.963542938232422
4894,0.19997171773139996,0.8489301395297778,0.194540843744664,0.288025028856823,0.1127950566851015,0.19920464891216583,30.313093185424805
4895,0.21311151700032063,0.9168646125001463,0.18231799922658745,0.2872532296942388,0.11919917432934983,0.23041081823024168,28.818523406982422
4896,0.21584301132436162,0.8398576995320362,0.1696456294411309,0.2653902108826888,0.12258361876591141,0.2540911801994693,30.58709716796875
4897,0.22125812980318457,0.6964925840034609,0.23453297958620944,0.30052720878867395,0.11415347361226402,0.24561425985793697,32.36837387084961
4898,0.2060911588072692,0.7553456619769198,0.22031603271456235,0.2967488368948991,0.10747774428800119,0.21305242818495254,31.258310317993164
4899,0.20173469207134553,0.900921995692725,0.202718862710082,0.30246216742188814,0.11031100954215056,0.19359387335266626,29.23427391052246
4900,0.2063221097364643,0.9082050890257839,0.19827974870267817,0.2996976544631219,0.1119314234043803,0.20721035864121257,29.729951858520508
4901,0.22384704941133415,0.9538965015855174,0.19669070080323467,0.30486295805784647,0.12915802268732654,0.23581102772914248,28.108247756958008
4902,0.22013140818479385,0.8571256160447109,0.18255351990762061,0.2789209622129193,0.12935473096643885,0.24812014097624477,25.50238037109375
4903,0.2282298149768936,0.72502886958501,0.2380606331862121,0.30762752410032607,0.12791818092433563,0.24652949928987844,26.447986602783203
4904,0.20943229959887535,0.6837785532645617,0.21716130982085272,0.28382091602709686,0.12169064259259103,0.2211162101046803,25.070499420166016
4905,0.19515161949829632,0.7810176439015994,0.18774761681652138,0.27250047782867537,0.11313071569726693,0.1992396592851154,23.79388999938965
4906,0.1944784507687844,0.8091456501535299,0.17237631186320748,0.26334336019039645,0.11707479844080611,0.2019498508118548,25.303234100341797
4907,0.2012117982304365,0.8587774560677865,0.16374639279234063,0.26303654468883286,0.12554008095280006,0.21332789769727156,25.184362411499023
4908,0.20576430330682338,0.790098260511799,0.15133889255547237,0.24259023083494763,0.12769987346151185,0.2418479928343622,28.47918701171875
4909,0.21527234922331848,0.711261183180677,0.20306074194576254,0.2756608049793217,0.11804496223341625,0.24750641405298002,34.22293472290039
4910,0.2034068020217478,0.7102204725572329,0.2022140220981891,0.2747863721637668,0.1027600014725162,0.22901562862805888,35.09098815917969
4911,0.18763362523319016,0.7979386458434022,0.18808048258586577,0.2752030773369424,0.09358539414887719,0.19330255684118075,34.10055160522461
4912,0.18631915744850033,0.8063347360624196,0.17269538068414544,0.26321528859532745,0.0990558901600962,0.19539040157238025,34.327476501464844
4913,0.19729696029844213,0.8370740716318256,0.17023354101323104,0.26549647395874454,0.1129299279980509,0.21144353910851982,28.267127990722656
4914,0.20563780658448214,0.7942169582347098,0.17520471984867694,0.26363503961811025,0.12281666652189971,0.2273587252348171,23.778564453125
4915,0.2188010843656554,0.7167759492216205,0.2230636957149759,0.2935940176444966,0.12678526700878606,0.23387110793393007,24.1748046875
4916,0.2079811405548498,0.694383003186611,0.20851409093416826,0.2779239355416601,0.11680798168838914,0.2265577089495439,26.624300003051758
4917,0.18616390644901087,0.7257121146446552,0.16482228257963036,0.24494940144606248,0.11625429201587413,0.19589751095558533,29.73495101928711
4918,0.18815758872671245,0.7738728513252154,0.16204798180877952,0.2494515345968418,0.11681470253868775,0.19695041150487091,34.37803649902344
4919,0.19673026152620074,0.7696244782984716,0.15346710718968426,0.24148958877665389,0.12452439707246866,0.22074598157906983,33.28755569458008
4920,0.2040707362510891,0.6800877830790503,0.1677324938897943,0.2409261066311166,0.13015150656643212,0.23650161314263995,33.138710021972656
4921,0.22418796834235816,0.6817691627916862,0.2282598208587924,0.2930468697063487,0.13466908390845878,0.24226545352852843,33.269317626953125
4922,0.20801399703893708,0.7857035693564597,0.20120955154322298,0.28470869694511397,0.12241352564652992,0.21580654708938865,30.893508911132812
4923,0.18433232949966422,0.796565625492798,0.17130529391372842,0.26062819842502405,0.1080812791303967,0.18429311326308354,28.45659637451172
4924,0.18182189148360092,0.7596381135177028,0.16014454359329836,0.24578648215392754,0.11110401122191203,0.18773101987604288,29.32841682434082
4925,0.18988741951328522,0.7427572016515078,0.16655001894640697,0.2488653307614214,0.11081430911919761,0.2074707187659928,27.916236877441406
4926,0.20096832390730668,0.667151465473623,0.176810819812367,0.2468594834782607,0.12557257966956584,0.22678483549074513,26.897502899169922
4927,0.2205950467924782,0.6445860476260484,0.22643466856139946,0.2861705798563493,0.13440066008667828,0.23863654372916593,26.717557907104492
4928,0.2066162654457469,0.7282623986362924,0.20551230954600608,0.2801908937017613,0.1124185957337662,0.22466142671971748,25.13707160949707
4929,0.1807315795382582,0.7117773825141545,0.14598717109612136,0.2268143441558404,0.11247175669643258,0.20013650548447115,23.348430633544922
4930,0.17609415853980448,0.7420319895118915,0.14119350427458663,0.22702757359420161,0.0993986695180917,0.19863597326120563,23.65037727355957
4931,0.1864183175883657,0.7315288097691959,0.1432219849626553,0.22726581707787538,0.1156099801914798,0.2126340507573199,24.95001220703125
4932,0.19871921303471315,0.6216482289617031,0.16318646469812506,0.22868100245006479,0.13397697512249837,0.22915210546946835,28.20574378967285
4933,0.2173725556037918,0.6340990213996012,0.21004954151539978,0.27062803864171425,0.13836654186661995,0.23990426996563496,31.809978485107422
4934,0.20164787685388827,0.7153816097650714,0.17729214608173915,0.2541620694650723,0.12014417007649467,0.2270137017493216,30.270118713378906
4935,0.17798289343939777,0.7179796153566156,0.14326147729980288,0.2253640684507761,0.11780890538158517,0.18917660485502774,30.814659118652344
4936,0.1686147379738964,0.6894317479783363,0.1400889629101659,0.21856650363419022,0.09080349922070771,0.19299177693017935,32.40582275390625
4937,0.1837913222872525,0.6876404087057048,0.15057362488789108,0.22729745114757874,0.09649328995846258,0.2221092378221582,29.25734519958496
4938,0.19734113223599162,0.6104464967886449,0.17451230579842503,0.2367886187970278,0.1169868196524457,0.2331346050056876,28.68437957763672
4939,0.2134797657096987,0.6222674474849665,0.2273591847377129,0.28377465084446346,0.11589607811305291,0.2373574678638446,25.786027908325195
4940,0.19995134393337252,0.7208366417935945,0.1961911904650351,0.27114054065482934,0.10436893991287564,0.2212954003200325,25.367170333862305
4941,0.17458005195333784,0.7014593635527937,0.13958649279869287,0.21985404576356443,0.1060968975272273,0.19488806749223636,29.353715896606445
4942,0.1723392127118693,0.7226483169024014,0.13093182960112104,0.21546275635844683,0.10651999859236831,0.19219792437567737,32.90745544433594
4943,0.190895990920764,0.7133311597709807,0.13971976599779676,0.22166425082253732,0.11995842579293337,0.22604413299356424,33.81794357299805
4944,0.1998199616182535,0.6119683745784583,0.15737230355243895,0.22231459941329884,0.12683367792616768,0.24400015177816387,36.34219741821289
4945,0.20704769352515262,0.6162059312662204,0.19440376939425966,0.2546612210902541,0.12165895422305664,0.24010100379502286,34.176490783691406
4946,0.19069932267593173,0.7214946436533293,0.15603548103622045,0.23681536141009316,0.11117482474095171,0.21993172447664808,30.934097290039062
4947,0.17435599309572122,0.7209659591966129,0.1337234503385543,0.21761523731827692,0.10939588004476665,0.19334425332057034,28.309606552124023
4948,0.1709555065042224,0.7257966545383936,0.14582229764506666,0.2286757772012562,0.096084814909546,0.18596212478965962,29.257678985595703
4949,0.18489129024352768,0.6946629213494103,0.15994609116904432,0.23633420976623945,0.10418412380101391,0.21049750629835434,30.865304946899414
4950,0.19061395325358144,0.5750946223812844,0.17245691732455803,0.22997658947551894,0.11095436236565447,0.22587378858632226,31.75863265991211
4951,0.19881833348456865,0.5689067916325775,0.21077897385769231,0.261940090682676,0.11036210349894701,0.2209859971736437,30.345672607421875
4952,0.18186080507003508,0.665244498781421,0.17375109415964032,0.24396443767703757,0.09749812468377773,0.20133747187688306,27.09224510192871
4953,0.16215544127931192,0.6920441902750316,0.13198350279279,0.21199217243311022,0.09118140491653569,0.1806505833371676,24.60552215576172
4954,0.16438179707655518,0.7317978877326689,0.12732791745536243,0.2136807703521205,0.09968347956845662,0.17785622328002176,23.684289932250977
4955,0.18332834709230686,0.7104825608373471,0.14325605448461012,0.22428841253500112,0.1125648639476899,0.2094063375814893,25.95457649230957
4956,0.18841316596033442,0.5725706375381423,0.15476114986657075,0.2144482195339381,0.10888829030747667,0.2352167602796817,30.599231719970703
4957,0.1907434292755472,0.5476814354496418,0.18580690156809507,0.23750326355117315,0.10304178408269779,0.22656751382811777,33.11949920654297
4958,0.17451438052008836,0.6449728422297695,0.1517776080425165,0.22223407006926693,0.09374418786517089,0.20343357073760995,31.316356658935547
4959,0.1621865675488485,0.6710973166413697,0.1352684684814532,0.2118154467900127,0.09474534271004888,0.17777236994677936,30.19527816772461
4960,0.17122156642143918,0.7234854628241888,0.1504433559278605,0.23230651405590744,0.10504660402233161,0.17567532934049854,31.436716079711914
4961,0.18765435325745286,0.6850956551607693,0.1591116062519932,0.23425218466753264,0.11639279614290288,0.20923511324886437,31.825286865234375
4962,0.19334477389570678,0.5476525662309031,0.16781413292606095,0.2220767662553241,0.1154638336976774,0.23635010325431724,30.870702743530273
4963,0.19499829522505754,0.540076598402481,0.19575682769448743,0.24494536636705794,0.11154435780074604,0.2243168032220798,29.879314422607422
4964,0.17516882223493122,0.6798817950358942,0.15068997236508488,0.2262888041752005,0.09471981542170209,0.20083171899877106,28.03856086730957
4965,0.16401524856586883,0.7265572429736813,0.1360840796610906,0.22043738870574642,0.09198025252104973,0.17767649748269265,29.03688621520996
4966,0.17453574018103152,0.7681175203759626,0.1473684134674098,0.2360468573114888,0.10392331044236071,0.18249938871321836,31.101673126220703
4967,0.19379731973210648,0.7034581176382331,0.1610363493094943,0.23852517335645698,0.11718760732025377,0.221693946171171,34.5142822265625
4968,0.1957585984920266,0.5741265145328371,0.15748998063961303,0.21700948548150217,0.11653320589216329,0.2464862909011158,39.667667388916016
4969,0.19206575946941393,0.5411080937727059,0.18146950032248363,0.23284644224394396,0.10768222727185114,0.23021825271456758,40.159488677978516
4970,0.173561555602736,0.660092263521747,0.1486173967709237,0.22168523487818417,0.10162051624705579,0.19440174567293902,35.463436126708984
4971,0.1679828297149929,0.7243286958275541,0.15207116671906448,0.23382224230599155,0.09953361379016334,0.17026640763209488,31.940698623657227
4972,0.1790521980057141,0.7684793767610687,0.17165705158187436,0.25691738375033074,0.10534970260474243,0.17540984395502482,32.0444450378418
4973,0.19272778798598,0.7069913845583484,0.1781292081662674,0.25368094765085036,0.11888370422840001,0.20400734656710087,33.250099182128906
4974,0.18980181036073906,0.56961815858501,0.16888428682017906,0.2261319827865835,0.11858185937374409,0.22033036660174574,35.73319625854492
4975,0.18148519266944152,0.5355904266041669,0.1732554725260348,0.2250176088229108,0.10424560107694063,0.21097897117859427,34.13135528564453
4976,0.16608944295387368,0.655299931532539,0.13251817925058226,0.2072012867194332,0.10125057283300407,0.18685059101477003,30.112462997436523
4977,0.1574191999237529,0.7070926196666638,0.13392452629918686,0.21580568249454068,0.09241780270633204,0.16320725023955682,27.507556915283203
4978,0.17119192370317632,0.7594811258490507,0.14525413546809737,0.23300084837966212,0.10272850504481945,0.1770146059373135,27.034578323364258
4979,0.1857882304448209,0.7134515691045897,0.15798442395565107,0.23733687326264233,0.11104643886851838,0.20608223560849187,29.301677703857422
4980,0.1848268683548535,0.5645941873751189,0.15442143915276585,0.21301754604167344,0.11106096509121124,0.22470519073457307,35.632015228271484
4981,0.1824435367728302,0.5104955592806077,0.1724169777261968,0.2207139179482555,0.09794054597421507,0.22289707019312133,38.76995849609375
4982,0.16712012829470477,0.6339707174107443,0.14312069649174447,0.21324212805160161,0.09230846153390979,0.19222358692311564,35.588478088378906
4983,0.15900459102292605,0.6887819331155792,0.13949629919572862,0.217965675469993,0.09502063517457951,0.1633996034990457,33.1982536315918
4984,0.17065479083064924,0.7424644616308759,0.15603060017320056,0.23980686609572557,0.09845969947513278,0.17331742990978433,31.769569396972656
4985,0.18755706697350683,0.7274010190362891,0.17158494376830577,0.25098724023516056,0.10693842734761631,0.20259697504221408,30.54203987121582
4986,0.1847765327739655,0.5982631939607097,0.16066942326826988,0.22318281908147558,0.10258670503873438,0.2230871315232214,28.080175399780273
4987,0.17763122965323494,0.5488268620319696,0.16195504168951264,0.2172224445955779,0.09372418180525009,0.21640758344567163,26.721220016479492
4988,0.16615855270063146,0.6361313590091114,0.14232197297902918,0.21286617098332666,0.09457791059550288,0.1879224485452606,27.272193908691406
4989,0.15981674721559694,0.6856743161131098,0.13466569908156856,0.21338121580036015,0.0961986548652033,0.16861366801052355,29.883161544799805
4990,0.16847159649240356,0.7447666768990515,0.14216656683318968,0.22825229684259854,0.10159507399025676,0.1746804408753614,32.26448059082031
4991,0.18776858678273303,0.7466653382137578,0.15922608314136527,0.24314597672313565,0.10587830992829764,0.21096736283251166,36.6077766418457
4992,0.18241856322927522,0.6374597810660347,0.1451527679160036,0.21548234122315094,0.09046068203139232,0.23395090353278156,41.482322692871094
4993,0.17635293369475089,0.5706719933321478,0.16998671751002659,0.22722747119890105,0.08141635357175844,0.21490722098623777,43.09383773803711
4994,0.16748435316954507,0.6368659057781658,0.1582634943033004,0.2266352673711383,0.08661366586508579,0.18648915463455285,37.8741569519043
4995,0.15740346980845035,0.6788026886700487,0.14004117336121916,0.21700710411962337,0.0927058649779524,0.16186069401285977,33.36655044555664
4996,0.165886525425058,0.7403135080043116,0.14465507984940074,0.229749141014388,0.09588926861122553,0.17125433649649763,31.6127872467041
4997,0.17936090208895925,0.746435802278062,0.15961574681508597,0.24344718330979684,0.10112639292641565,0.191740601537952,33.499267578125
4998,0.17228576305420337,0.6158631895624065,0.14241146766850374,0.21004742793906125,0.09395744329625035,0.2077815860681616,34.89875030517578
4999,0.1719601284706638,0.5542418111116982,0.1568435088162841,0.2136146948584861,0.09242240135474436,0.20510789410774888,34.33937072753906
5000,0.16448024524732988,0.6874619173922343,0.13559430533664368,0.21443253563029946,0.08904039962754674,0.18678185607954176,32.54043960571289
5001,0.1559118226278811,0.7220418630941668,0.1279318614507553,0.2128047188283855,0.08854707199200992,0.1650746952588271,29.260868072509766
5002,0.16220687997878544,0.7644565872924881,0.13308766410329373,0.2232832245588929,0.09066561848374922,0.17136368227934812,28.075748443603516
5003,0.1753514998124681,0.7770533567240325,0.14414714864606734,0.2345623212286338,0.09849937545041866,0.19078763989011632,31.443334579467773
5004,0.17191735612021478,0.6546849454459255,0.13943534817977574,0.21304243350351143,0.089774109510817,0.20780825419305332,36.88603973388672
5005,0.17298284310391807,0.5686908975510188,0.16119507849870823,0.21940876693475259,0.08939048318261947,0.20550347468307412,41.886451721191406
5006,0.16458497380883708,0.6044784216805815,0.150368177441402,0.21524106947557048,0.09021277494502943,0.18533656410627697,39.23360061645508
5007,0.15612961714878368,0.6344007519810169,0.13252759053919635,0.20422375645945642,0.0936188388474616,0.1687441762656018,34.317325592041016
5008,0.1644494295824016,0.6978397520966108,0.14327452221304207,0.2224981264821233,0.09484000325635773,0.17456506783043352,30.041534423828125
5009,0.1794095013664817,0.731143649876149,0.15520081868716964,0.23747836599988098,0.09609749376070686,0.2014972514673103,26.92152976989746
5010,0.17273534190784454,0.6182096681632021,0.14533939423197995,0.21289229050786881,0.08502989125973924,0.21434028119991547,25.48756980895996
5011,0.17710717773277854,0.577216365984175,0.16670856965177427,0.2253525405564029,0.08858807480705204,0.2123467003221179,26.4302921295166
5012,0.1705730759157319,0.6722860911566716,0.1502689382201211,0.22484281721105687,0.08821937358333413,0.1951465418231706,28.650426864624023
5013,0.1644535686261275,0.7174698109693901,0.13707104566218464,0.21998515499178545,0.0956657488920589,0.1760527728234869,30.46712303161621
5014,0.17197012033011277,0.7743964256138586,0.14574884206014618,0.23555563971067647,0.09891351734629061,0.1802573184829639,31.528337478637695
5015,0.18486478093864925,0.8160698578324082,0.15175866981734046,0.2466602681052073,0.1027897052048555,0.20260942093498052,33.76054000854492
5016,0.17881570755516155,0.7205284972149519,0.14430591786343852,0.22662342919936898,0.09412159205693471,0.2110913021774285,36.095069885253906
5017,0.1777888504008447,0.6423555368642754,0.1587691997075148,0.2278529621584806,0.08895273922649875,0.21171434989046597,40.3830451965332
5018,0.16536107119629928,0.586992355474341,0.14646825221539797,0.20940026696667555,0.08649129864926017,0.1958378258758793,37.189476013183594
5019,0.15675770002315828,0.6224267817664897,0.13372673976914976,0.20354103148305547,0.09053687538903077,0.17376550655060985,31.598663330078125
5020,0.16146658372314446,0.6845282403846755,0.1445963653978197,0.22172949039594192,0.09108410127059043,0.17032121253043142,27.9565372467041
5021,0.17242076301441556,0.7192456172593431,0.14681467274205492,0.2285905219588104,0.09520916268027384,0.19083237423044405,27.62227439880371
5022,0.16669859830240427,0.6350716443999115,0.1437071742858446,0.21390209858785414,0.08745094470528818,0.1947372324501122,29.00875473022461
5023,0.17403779087113283,0.6023458810979518,0.16449998448781142,0.22704939828926005,0.08810899220418035,0.20284033321385497,31.743846893310547
5024,0.16762619336190882,0.6468050223922857,0.14470106815988643,0.21643020447880063,0.09048719527203473,0.19241930696326834,32.13312530517578
5025,0.1594584849493837,0.6906295309552012,0.13211157074473545,0.21189985077480197,0.09593251864350763,0.16915751036978424,30.529308319091797
5026,0.16372831639449795,0.7479396290303497,0.13983067120969495,0.2267033794697885,0.09614920306850598,0.16775686036386173,26.815889358520508
5027,0.17266076454866008,0.7893505344703873,0.14343469702269998,0.2357083880866553,0.09395821033125407,0.18635882889314453,27.596057891845703
5028,0.16687165216211666,0.7082734824197455,0.1381768188663257,0.21961919937395713,0.08543959191419859,0.19197060106868458,31.016433715820312
5029,0.17100137490077055,0.6228674259280726,0.15630626916924836,0.22295786299193748,0.08050999939594417,0.20471940138772254,37.95355987548828
5030,0.16011523299040606,0.5707999190309091,0.14078881084248118,0.20221896915511375,0.08354329422141663,0.19027491026915255,40.2476921081543
5031,0.15378244280980535,0.5958638248002203,0.13385599410322155,0.19985711277422133,0.08790208471115249,0.17111241992726262,34.4927864074707
5032,0.1586281157813426,0.6699553222896634,0.13460932696701802,0.21108732629882448,0.09257110684823286,0.17052618939501693,28.376018524169922
5033,0.17128150464329386,0.7209531130745184,0.13990052367569725,0.2229080364469574,0.09429347677100629,0.19347281370333985,25.18868064880371
5034,0.16867063675384417,0.641484355470556,0.14261385805578197,0.21388107197217826,0.08727051176109023,0.2003366153064615,21.83409881591797
5035,0.17508978935099584,0.6216587147966944,0.16218940361543688,0.22782787664133083,0.08517594476265629,0.2076185769867498,26.117704391479492
5036,0.16700815399371627,0.6145827769595797,0.144564789238058,0.21171021605541823,0.08736605492717721,0.19758068637294873,29.854576110839844
5037,0.1631406468621491,0.6387858491326504,0.13970169011765768,0.2109994271197995,0.09164876321324926,0.18381961232949234,31.332839965820312
5038,0.17416146418134792,0.7182796885935856,0.1436987853073782,0.2257817714911221,0.10154848607904156,0.19253005112481358,30.916656494140625
5039,0.18253266329131312,0.7699711686531153,0.1447715287203569,0.23408576299646525,0.09679414217797502,0.2124449070234759,29.894426345825195
5040,0.17075223179845078,0.6779699612262036,0.14114571735715986,0.21783489505273754,0.08198085562096458,0.20722985560625032,31.412607192993164
5041,0.175082575360014,0.6343949962630584,0.15973372890471724,0.22754248138448027,0.08292905857171322,0.20981448477836923,38.39962387084961
5042,0.16472296577663492,0.5825868544632126,0.14448094330280611,0.20706750204000704,0.08978875658733822,0.19323892958681899,37.74250793457031
5043,0.15912054692262242,0.5959115589191344,0.1397246157620454,0.204894179070201,0.09352898348912711,0.17646123679779951,30.83785629272461
5044,0.16455782792331639,0.6622083834536143,0.13655995003352175,0.21165258337924925,0.10111502438082734,0.17886236999905306,26.97626304626465
5045,0.17218130491019357,0.6917753808712717,0.1405315918136674,0.21928070453618226,0.09379039997318972,0.19956137205733177,24.70939826965332
5046,0.15978870556990377,0.5939717457577979,0.1348669689563495,0.20045336564227073,0.07629751238586183,0.19726192204261933,25.374948501586914
5047,0.16734212865233716,0.6036115556277983,0.1438882017976961,0.20956296663056787,0.0838182773782277,0.20348226528623112,29.088768005371094
5048,0.16446210411686504,0.6250425386477955,0.13521880154337754,0.20519362112972298,0.09479369920709681,0.1897818810266616,28.642154693603516
5049,0.16001502276977622,0.6234207038309035,0.13700680499516207,0.2064945048288394,0.099960611977708,0.17189308541115564,25.974925994873047
5050,0.16914009537632776,0.6947925011992515,0.13855824810483472,0.21802028426117998,0.10542255366461314,0.18212277909983232,25.047971725463867
5051,0.17591595473257368,0.6990484480265059,0.1476488231694195,0.22642019814900327,0.0978214959571065,0.2000573931717315,23.691890716552734
5052,0.16569137232485312,0.6004302387459931,0.143502927217298,0.20877825743568304,0.07901540141049998,0.203831822402936,25.823434829711914
5053,0.17143221861886504,0.5713281337934154,0.15789114394722523,0.21695357106810956,0.08245520163795628,0.20945592508407132,31.64683723449707
5054,0.16264743627776837,0.563102287035622,0.1444324349654759,0.20424241383263966,0.08969793252310342,0.1900826467025879,33.44179153442383
5055,0.1598345901418864,0.5854141945373768,0.14456349981194053,0.20754217048700285,0.09578875224274881,0.1741305655016549,28.35918617248535
5056,0.16427390138892076,0.6270181263226048,0.14234150320772035,0.21158102079556101,0.09751439434469443,0.18129474057180858,27.789831161499023
5057,0.17659637609316314,0.6648677308516062,0.15033913871616422,0.22384322330694165,0.09518995083458001,0.2064860068823672,24.68913459777832
5058,0.16330160930908502,0.5629267694813497,0.142032180783524,0.2021599791689277,0.07677737250042771,0.2050092428892979,21.598203659057617
5059,0.16942277207556664,0.5766145084794514,0.15333241079673768,0.21380128189426822,0.08827330269884029,0.2015973616888383,21.706748962402344
5060,0.16934265459894643,0.5988135730659685,0.14138543479186041,0.2067323116881616,0.09633304570664522,0.20051011242664674,23.984024047851562
5061,0.16747941243745568,0.6201148707349871,0.14679950056637922,0.21441598201903744,0.10199358630755426,0.18371001191723538,24.182270050048828
5062,0.17741980116535314,0.685275883491844,0.15265015183920408,0.22873954207529548,0.10140664103024906,0.1990265429873696,26.4284610748291
5063,0.1883191109594313,0.6965913215947188,0.16060480567560365,0.23717430794976296,0.10029469107482727,0.22259218099191955,27.739368438720703
5064,0.1747073556765767,0.5982798289397575,0.15537722351595448,0.21864902429078348,0.08431268472243028,0.21535373272402386,28.084026336669922
5065,0.17331080892410325,0.5688633371742644,0.1647868835731605,0.222512091230461,0.0833995358004196,0.20893205088926337,31.40938377380371
5066,0.16715251868498837,0.5518384770289871,0.15354988935146355,0.21044825901968123,0.09050929642524154,0.19633156536941065,30.703584671020508
5067,0.16014176391420037,0.5865317528822176,0.15435855099279291,0.2160975798341393,0.09184063653561982,0.17094391144051177,25.17998504638672
5068,0.16710142985110438,0.661120996372617,0.15516557725063826,0.22744492283949239,0.09335249063742443,0.1788311952982348,22.997575759887695
5069,0.17633782974394577,0.6941743431477995,0.15251387516978795,0.22989394202378957,0.09283066440971123,0.20254500116653765,23.181053161621094
5070,0.16272918794139482,0.6080686906522705,0.14124047492862163,0.20793022003200004,0.07907623294728817,0.19637462048195853,22.236419677734375
5071,0.16428850761517932,0.57928525624414,0.14899511803697943,0.21046513778085948,0.08469867481857422,0.19352505991723862,24.31425666809082
5072,0.1650585206067514,0.5996758005266707,0.14757887983271153,0.21216415421756288,0.09183697897279051,0.18790994012700718,24.71464729309082
5073,0.16172918764017655,0.614949844572529,0.146761073022703,0.2136451832441067,0.09713825863349576,0.17281975436758337,24.320226669311523
5074,0.17120934111515101,0.7038746298073721,0.15417832235427653,0.23270636627614735,0.09307082401170821,0.18577064656479167,26.45113754272461
5075,0.18092548851659782,0.7265835126902713,0.15151965221076208,0.23367163227926335,0.08736021107478607,0.21664223048585066,27.94481086730957
5076,0.16788048972063066,0.6363578296725888,0.14800244326398035,0.21776749846521012,0.07651456297343039,0.20417454297292384,28.403396606445312
5077,0.16726930215906669,0.5451524185944856,0.15662397360233224,0.2121280371726398,0.07836354296725381,0.20581044831502648,32.49872589111328
5078,0.16838448725965982,0.5336485217323917,0.15145991664313146,0.2060582887987401,0.09673100187340285,0.1981167106259395,30.90118980407715
5079,0.15839269040043644,0.5495462197897816,0.14613091663891362,0.20376167423189478,0.09368079394841063,0.17531773894343294,27.328161239624023
5080,0.16610587083144332,0.6326348251000147,0.14780950650875843,0.21707026630750934,0.09773045949475827,0.181340509709485,29.61747932434082
5081,0.1812484240350726,0.6812064924940638,0.15009909762606263,0.22597158260720565,0.0967855455972696,0.21602067891753385,29.00398826599121
5082,0.16362739347650176,0.6088361461451445,0.13941276940332406,0.2064732517950127,0.0839718338335075,0.1958358821354247,25.64018440246582
5083,0.16833908696150968,0.5362473249080396,0.1578825116776745,0.21193462785344094,0.09093011650068113,0.19792583783429482,27.780290603637695
5084,0.17185382645693803,0.5574875574502807,0.15348372747216155,0.21119856032617854,0.10760450985851708,0.19364533634497094,30.577835083007812
5085,0.16312635447640889,0.5754992279695248,0.14581631734952072,0.20719959029523555,0.11032964546508904,0.17075939351984043,30.390655517578125
5086,0.17617870988281248,0.6683552217920272,0.15596806261818708,0.22916622821444996,0.10866808323850963,0.18888642965639466,35.26152420043945
5087,0.1869921496978849,0.7017551457127683,0.1560913677402026,0.23404333602199773,0.09599814289782573,0.22544211761433802,36.37260437011719
5088,0.1771771840638737,0.6326795514538148,0.16179836012419518,0.22906710174271225,0.08649403711978906,0.21112125967096404,33.8302116394043
5089,0.16925854427521592,0.5490691443642934,0.1607907726096747,0.21625911143176307,0.0857863537009574,0.2011712147657133,33.24793243408203
5090,0.17118193513172328,0.5540158804122189,0.16125261027060012,0.21736164886225998,0.10399989202257598,0.18955897333800759,29.684791564941406
5091,0.14857976188391675,0.5481898614478748,0.1431301968632203,0.20099586323245663,0.09151987030472866,0.15264307833573393,26.3399600982666
5092,0.1579800341849415,0.622623243053344,0.14358449454653965,0.21201860147608315,0.09991145020315155,0.1615062987892588,28.215862274169922
5093,0.16503749237826126,0.6570269329195493,0.1421168614950005,0.2156754431270789,0.08832348870109961,0.18785403869056227,29.411470413208008
5094,0.1575805126286139,0.6206203064987832,0.13581060598524966,0.2050691346300402,0.08321901975793962,0.1810942746392059,28.51278305053711
5095,0.16262782118136546,0.5459576745578809,0.1528528426571619,0.20901067578583607,0.09203862205326108,0.18380837263954497,30.65319061279297
5096,0.17246399193431763,0.6339286278819689,0.1562792928713723,0.22451491215860037,0.10415133202594704,0.18669301415789452,28.893444061279297
5097,0.147793345401058,0.577452044780748,0.14278903012732488,0.20488374650638533,0.0915356570582686,0.14706472173383736,25.783512115478516
5098,0.16103292550272563,0.6613104372851573,0.13906572214418525,0.21367211002146697,0.10712673975445779,0.1621415515785613,25.504627227783203
5099,0.1685345910497465,0.6909003213757547,0.1362772100388354,0.21550908308696673,0.09222525109749655,0.19420258297539747,27.268110275268555
5100,0.1607181539054416,0.63609589352685,0.14199679605962762,0.21258238141208796,0.08068038061161474,0.18537000646922458,27.643169403076172
5101,0.16206852068377345,0.5257569822480567,0.15115027397875536,0.20466551801722696,0.0848243304983782,0.19238481442922253,29.0291690826416
5102,0.17329463646385215,0.5805963250082153,0.16053905574744776,0.22054723707041454,0.0929503378273734,0.202249872240029,25.289039611816406
5103,0.14819892440571553,0.534031444941928,0.1386572445064613,0.19513927314009943,0.08617104952514384,0.1614005097836299,21.97396469116211
5104,0.15608735092664658,0.5919335988787389,0.14291674015858877,0.2070620056900388,0.09218780504122284,0.1673966306584242,23.397605895996094
5105,0.1744375239195957,0.6498494689606376,0.14206314520826513,0.21460404860146123,0.09384061293831687,0.2098141119315824,24.254648208618164
5106,0.16436761199920744,0.6236172417590675,0.143082355301574,0.21173019622407305,0.07916304897447035,0.1974793434490949,23.891944885253906
5107,0.1657054130946016,0.5464158694705121,0.15376258159687478,0.20985590843596583,0.08510719439456105,0.19759717103344332,23.069673538208008
5108,0.18026294705338744,0.654731510895605,0.1634722177428471,0.23365211676466963,0.1004152790272,0.20341413307892947,25.221708297729492
5109,0.1553166619005264,0.5651477714573976,0.1463738160694302,0.20619866683913982,0.09870916746663129,0.16032646520889784,24.419893264770508
5110,0.16213593493809228,0.6215280537422672,0.14439472081638283,0.2125566255200806,0.10223515528615772,0.1704310128742953,26.697080612182617
5111,0.17941500740473984,0.6781546969704555,0.13708494261149465,0.21438062180563192,0.09712944794286085,0.22081995933310328,29.662185668945312
5112,0.1711476386247799,0.6341866567920462,0.1504296859515555,0.2195378246430542,0.08705283203354794,0.20238918162611796,30.120759963989258
5113,0.1703370199714735,0.5464412019954801,0.1534137231353018,0.209560505829613,0.08710039352372036,0.2088485179873854,29.8592586517334
5114,0.18726931144167322,0.6633217085240067,0.1719465568702697,0.24214300710651784,0.09694989441230882,0.21828431763562803,27.180768966674805
5115,0.15119317204462465,0.5691409041513595,0.14298073079522514,0.20386075556038716,0.09429076940289526,0.15489863877984575,24.566082000732422
5116,0.160204834193297,0.6132767249338551,0.14832875554651467,0.21474989403042047,0.09502225515204442,0.16951266349691002,27.6180477142334
5117,0.17359021635962896,0.6579809568842802,0.13186633023128946,0.20702556261028812,0.09064837476377055,0.21690839978667825,30.70342445373535
5118,0.1663002094889073,0.6391195814794493,0.14209525701684642,0.21309873194007542,0.08175452424135428,0.19932897693574422,30.924991607666016
5119,0.16972098821344217,0.5909984463160001,0.1496128570823611,0.21266794125859523,0.09075521782972262,0.2012374533846878,30.006938934326172
5120,0.18043355457398846,0.6965227697883831,0.15982938535051752,0.23649986884164115,0.09548848093672488,0.20570246902239803,27.591466903686523
5121,0.1517056705284587,0.5858667024102169,0.14292406939784855,0.20620158839961547,0.09605994612833234,0.1527117512413071,21.984575271606445
5122,0.16210921286543914,0.6303233771121939,0.14488795453609346,0.21423587204696498,0.0987636206869296,0.1719257792377999,21.886808395385742
5123,0.1777614856809457,0.6770418639727196,0.13673734193998968,0.21392370223037968,0.09369615250908835,0.21967671272556621,24.695213317871094
5124,0.1716642216023273,0.6398782085272638,0.14081323251817987,0.21210822909090618,0.08372217516369918,0.21322500568362038,26.61934471130371
5125,0.16663369964204494,0.5426650337685789,0.14034488571957907,0.19781919258372188,0.08522941297728637,0.21057514414974135,29.04430389404297
5126,0.17520911563930766,0.6265466540492612,0.1503793649939539,0.2184032634304264,0.09210772098747662,0.21012795664243095,26.727455139160156
5127,0.14472884409581058,0.5331582736054702,0.13034351180090764,0.18788847777298798,0.09074414270593457,0.15420077834442186,24.4024658203125
5128,0.1597278402422802,0.5859745091748325,0.13863256914025648,0.20253856057376737,0.09793512659161308,0.17633708439656265,27.484954833984375
5129,0.17628651015857855,0.6334269428561801,0.13171987744122335,0.20339231535764574,0.09405388644106051,0.22452247636222308,27.154151916503906
5130,0.17340519792487738,0.6314494074733661,0.14303661212443844,0.2128098686028567,0.08612039203122425,0.21530031623859197,26.371309280395508
5131,0.17125162719993586,0.5744150875268066,0.14530597523697023,0.20660727699266115,0.0913891711245708,0.2101950826972457,24.420743942260742
5132,0.18473001382874105,0.677127306230741,0.15694607299415836,0.23125767774224157,0.10640429295103018,0.21255331367242503,24.75274658203125
5133,0.15699787378589627,0.5663201240447853,0.14068639648472522,0.2014912147075909,0.10521136455312927,0.1633793960580846,22.353687286376953
5134,0.16712756260740919,0.6244589462831402,0.14111065056741726,0.2101604070982348,0.1002477386039042,0.18799366968100364,23.546876907348633
5135,0.1884860873041202,0.6609384001427223,0.13522719217010726,0.2103287933090523,0.09788142458096054,0.24865279943256935,26.704931259155273
5136,0.17684466354840633,0.6462035616990198,0.14377315202656324,0.21554892483691418,0.08162920490016168,0.22629196123817602,30.487741470336914
5137,0.17615263924161698,0.5548629065543369,0.14646117422243768,0.20480427884128044,0.08834055095254646,0.2279180318448482,32.12533950805664
5138,0.19098398581761777,0.6402772341165872,0.16413494981402865,0.23215527614296555,0.10602257511873815,0.22930034114445808,30.35687255859375
5139,0.15490382621608514,0.5616715782109858,0.1419129878611365,0.2018785007682579,0.09506238777006173,0.16616224462320459,26.804574966430664
5140,0.16376641163026978,0.6179014736742044,0.13976612928665186,0.20807117848487366,0.09391631175540852,0.18611857802299503,28.077495574951172
5141,0.1810477416762007,0.637449386940302,0.13448951394407058,0.20634092437210358,0.08889681867405731,0.2395482644441611,30.152259826660156
5142,0.1737711510055312,0.6419945164987022,0.14061258016541847,0.21223857107017327,0.07807666450271987,0.22384483413892933,30.625022888183594
5143,0.1735184217025837,0.5726060327558194,0.13884231288125842,0.20080855857762428,0.0924848728511186,0.22054390718195513,30.145063400268555
5144,0.1834975557986653,0.6598153552304272,0.15408237023978955,0.22632993952416633,0.10198527806364274,0.21734246305699667,28.460973739624023
5145,0.15196768075340134,0.5969901336061644,0.13848612646731853,0.20398669891572507,0.09206867966994499,0.15886266580939234,23.706275939941406
5146,0.16149751928684203,0.6466793290660606,0.13631527045092343,0.2092244216816573,0.09037535030302177,0.1819683775522214,22.184812545776367
5147,0.18933735691294568,0.6473641930243621,0.14774944937817464,0.21912298418477286,0.08268988829091435,0.2565914680943743,24.183143615722656
5148,0.18446215104395944,0.6102815518868179,0.14537206418795967,0.21178770528779656,0.07780362320085042,0.2538785029433223,26.5541934967041
5149,0.1801415910464123,0.5410416182849415,0.124931132231192,0.1843754873817276,0.09299011487928187,0.25269447339925055,29.74984359741211
5150,0.18597926123036385,0.6080079775386426,0.1350170236445067,0.20258715991509751,0.10664880379172079,0.24086150014003455,29.002696990966797
5151,0.14958044115127958,0.5406787439823729,0.12577231754234444,0.18504466417663426,0.09931524211605249,0.16253129515991793,26.511211395263672
5152,0.16311200108547605,0.6276253445206913,0.1339302184227967,0.20445809357963876,0.09583298203571844,0.18580331182162163,26.933303833007812
5153,0.1869424458109651,0.6141590389483873,0.1450639436854533,0.2120775287230153,0.09968681976628904,0.24129792105201284,25.4129695892334
5154,0.18741673478644147,0.6126075848565081,0.14547156705565747,0.21220528388435042,0.09044752055362812,0.25057481677948285,23.32359504699707
5155,0.18428473499156658,0.5736979662704422,0.13852812375713155,0.20069524411617598,0.09755560498475568,0.24581352826349281,21.33699607849121
5156,0.18564009331511572,0.6123247065172623,0.14346354741403314,0.21044371300020875,0.10698947603648705,0.23275621620945933,22.05756187438965
5157,0.15662878851526296,0.5558454578967401,0.1414721876558551,0.20066836911883865,0.10359151034266265,0.1645017738881595,23.564983367919922
5158,0.16518096569009735,0.622687726909307,0.13774002161882498,0.207018265231751,0.0926408353295969,0.1920459426565883,24.689146041870117
5159,0.1944822226126229,0.6169048865635469,0.15705430365362352,0.22274724406932686,0.10484166880139066,0.2481858134228352,24.746826171875
5160,0.19622100905935982,0.6090120005570646,0.149504212818127,0.21514818249511805,0.10871218545236778,0.2562299529591893,27.162187576293945
5161,0.1887904938509519,0.5425062095963615,0.13873262262264605,0.19641456361889115,0.1213523623658787,0.24112779785344418,28.66036033630371
5162,0.19161641583748043,0.5962305028137475,0.15049469272777574,0.21417123702577173,0.13006750842280732,0.2257362412855646,26.637601852416992
5163,0.15821457935998645,0.560932592130232,0.13661290774177484,0.19723000551155442,0.1092820885376891,0.16689201094687464,24.43319320678711
5164,0.1702547878096712,0.615369418617606,0.13540296437358434,0.20396960069415884,0.11017817017485818,0.19332136696620594,24.715713500976562
5165,0.19116303464524992,0.6192939021526154,0.15349312389122496,0.22003609221428075,0.0970610782748119,0.2482383210964813,25.7255859375
5166,0.1881458499038083,0.6139904392098667,0.14212174119407198,0.20953155519632835,0.09707831569149938,0.2491174502086235,26.791105270385742
5167,0.17777694607243155,0.5833538077113567,0.1258741303379615,0.19122836996273224,0.10742969985588714,0.22756079060789475,27.016740798950195
5168,0.1669202429478841,0.5917725149976568,0.12503453328681122,0.191711387816932,0.11563372416662418,0.19010369512106973,26.348814010620117
5169,0.1584754798486159,0.5518192072442227,0.132584213611982,0.19247492698801638,0.12079653990834648,0.16169503604937624,23.74489974975586
5170,0.16638439385384693,0.6192109121251709,0.14201109410703347,0.21018249668105307,0.09721730452697086,0.18858225704105808,22.48922348022461
5171,0.19072921025998354,0.6209649890764333,0.157009072438801,0.22328848910131985,0.10550922570885432,0.23680732775605234,22.93372344970703
5172,0.1889013688873367,0.5848274477000586,0.1528026314050583,0.21452046230434402,0.10707180909462323,0.23808552696607962,27.07943344116211
5173,0.1826055600235822,0.5344876126790581,0.14023895009206752,0.19656018760449476,0.11714680955421053,0.22767166755098395,32.06178665161133
5174,0.17450331272541258,0.5554300840217696,0.1398132157652795,0.19918705408763523,0.11644501611605887,0.20370604856665228,32.37272644042969
5175,0.15474615301374894,0.5234908043565094,0.12865561629602998,0.18506064316181275,0.11904375904963779,0.15946056885279042,33.73396682739258
5176,0.1639556695851493,0.6039166945762318,0.14058688054639576,0.20677685397922943,0.09916791567584118,0.18317641791097367,29.252105712890625
5177,0.18957301446125124,0.6041046611088212,0.15363797162621787,0.21799035583801837,0.10650939461824091,0.237388508119214,25.001005172729492
5178,0.18772755995009646,0.5977439672740525,0.14664829890027076,0.21109053723938248,0.09904430285918335,0.24488280477652025,22.931913375854492
5179,0.18383724805636562,0.5694790057049385,0.12936036024491085,0.1922344524534862,0.1083316982971313,0.2425570502482151,25.219804763793945
5180,0.1747734276231254,0.5597121926906554,0.12783295250864476,0.18952998682036057,0.10955401469764335,0.21892842463534146,25.753650665283203
5181,0.15873288298061702,0.506709948305129,0.1374537029695559,0.190204595160352,0.11466536460154865,0.16975421340503366,29.32278060913086
5182,0.16483123649070955,0.5808466851632528,0.1399327925462719,0.20292049149155483,0.09859136931051128,0.18946302214764332,28.610532760620117
5183,0.18958640162788018,0.5842231756379543,0.15012704841347954,0.21214078087411878,0.1007691276136751,0.24756643454985083,27.678882598876953
5184,0.19013040094427092,0.574878023302859,0.14980462565527394,0.21052939674778606,0.10094192386678473,0.25032119705899547,28.109819412231445
5185,0.19461255819584758,0.5457567271733795,0.15226875606732204,0.2084813233681874,0.10979523382338931,0.2566925474959513,30.2052059173584
5186,0.1782488142815277,0.5442841044899343,0.14382291279806797,0.2010316544683346,0.11136187946648105,0.2168398970812374,29.414859771728516
5187,0.15436432953013932,0.503102252884031,0.13061282978379024,0.18382560451239607,0.11752177204071682,0.16082295172390926,28.647258758544922
5188,0.1654409345864637,0.5707045448094132,0.1336520378496088,0.19608811027243803,0.10128952385827564,0.1947571402484008,27.800254821777344
5189,0.19167648837368131,0.5914489540959772,0.14581870705616398,0.20948017091899443,0.10473559109536675,0.2521715512650576,27.726726531982422
5190,0.19069170059350213,0.6063643243168131,0.1370769494665676,0.20411800301660268,0.10235532417906772,0.2562380153359193,27.011917114257812
5191,0.1906686491580797,0.5761745718502284,0.13547244920064325,0.19842989529344113,0.10511170692230677,0.25873988324593983,28.09600257873535
5192,0.17639975617574377,0.5519018286472462,0.1406971789196835,0.19944070030933533,0.11023067452891387,0.2141368764998273,28.3905086517334
5193,0.15104217928517394,0.48664496102718924,0.13588451390104103,0.18599314920477653,0.10296562858876043,0.16252706246488352,26.691190719604492
5194,0.1674297457423163,0.563545122638776,0.14273736326338796,0.20285275745987194,0.09845477924355399,0.19678770617587218,23.85525131225586
5195,0.1907779931902177,0.5832388513024158,0.1478692955235886,0.21006494634913533,0.09975466976890102,0.2535473171698168,22.789249420166016
5196,0.19546550001493745,0.5879872614040252,0.1440510057663165,0.20747047085741777,0.1076512179947645,0.2617986472954186,25.104080200195312
5197,0.1980294411212361,0.5456215022160698,0.1589093172199834,0.2141539150765672,0.1129287562661316,0.25838362565853784,27.801362991333008
5198,0.18388825525260233,0.5036509396620161,0.16304847266854888,0.21170596795332994,0.11648665613611371,0.21852415586639318,28.63753890991211
5199,0.15907599703509162,0.4953996728912159,0.14683129681193255,0.19662677910897305,0.11855087156795094,0.16167854750419342,29.1239013671875
5200,0.17150124409437648,0.561861818789982,0.1463621498464089,0.2057192454097765,0.10839377307112533,0.1967795300887461,25.411197662353516
5201,0.19482328412254854,0.5669574972395139,0.14223162216890786,0.20290674717899446,0.11335352093998467,0.25903629673290174,21.60281753540039
5202,0.19833207928219132,0.60701059804731,0.13044192609446412,0.19852316494487066,0.12108154475599088,0.26575909703777234,19.96341323852539
5203,0.19680313818914555,0.5709278850503756,0.13373079771618648,0.19618752447821347,0.13072256088619047,0.2551623053262968,20.24448013305664
5204,0.18907974211999443,0.5305611234799075,0.1530853836871121,0.20701048937179717,0.14083278716904574,0.21560642385674705,21.311317443847656
5205,0.16485435465127132,0.49265522076645035,0.14884186904136154,0.19795806214494568,0.13644405821105104,0.16074761997949902,22.322044372558594
5206,0.17451563337116574,0.5500321660531953,0.15375422548594112,0.21036535985269175,0.12418857802935439,0.18718329612391546,21.47206687927246
5207,0.2025631813478098,0.5893954103401694,0.14937468245104835,0.2122347864352085,0.11339507414993023,0.27212262069448057,21.858835220336914
5208,0.19984039087660121,0.6149982186745984,0.1383299857835287,0.20642544762511011,0.10873156959452625,0.27379868484347153,23.719005584716797
5209,0.1917752104826085,0.5685939260561531,0.14031307268864893,0.2014960517411495,0.11147575115006737,0.25353150129735863,26.305583953857422
5210,0.18088629318496074,0.5042014914496151,0.15188542806003522,0.2022162942585466,0.10673715999817203,0.2271030337840132,25.377540588378906
5211,0.15478608640823335,0.5358959671196893,0.14175715084948384,0.19806269603094176,0.10930039708392982,0.1567190311471291,25.063203811645508
5212,0.1711070505031858,0.5571039753822269,0.14436760733907528,0.20332994563095408,0.11388714471294555,0.19297943483284885,23.697053909301758
5213,0.19801817087889406,0.5733128002754102,0.14711156644728043,0.20799745699415614,0.11082162682505994,0.2655832715751446,24.277236938476562
5214,0.19720933088323217,0.6289162486348698,0.13320767208449075,0.20402318302025918,0.11288246245070817,0.2650332201417921,23.885826110839844
5215,0.19430065522302506,0.5800847625040338,0.13433483017030798,0.19801339193226883,0.11894215762628267,0.2569906959995864,23.5028018951416
5216,0.18491554688783765,0.5262547333676011,0.15106625606606197,0.20466460996628186,0.11350577071579819,0.23011867084473348,22.124059677124023
5217,0.16685925573633986,0.5097377412209028,0.14993231099733642,0.20133308674356018,0.129476119719507,0.16940489761975086,21.07975196838379
5218,0.17593861374513706,0.5372984670091612,0.15712709929143104,0.21143729467967823,0.10611200772901141,0.20597554819152353,19.118703842163086
5219,0.20574781305413312,0.5491034018045636,0.15622182552027927,0.21234776498946276,0.10822946980881597,0.2853014054503722,18.915367126464844
5220,0.21128717027645696,0.5899040780891772,0.1417616639331748,0.20578200881260372,0.1254037159418453,0.29125220910011373,18.489757537841797
5221,0.2072966754841705,0.5328027690892135,0.14167351158697217,0.1975491198015781,0.142924059012724,0.27215182611895455,19.921794891357422
5222,0.19056832439140772,0.4897780730011809,0.14459504891495864,0.19390690949870468,0.1447299813540612,0.22775561258020105,21.63895034790039
5223,0.17862786672913133,0.5313804724858001,0.14017785880261635,0.19606394647164263,0.1615510276462084,0.17831353115199158,21.895578384399414
5224,0.18679923768599382,0.5243379609636232,0.14333135688417148,0.19776087175266457,0.14312930526722636,0.2154189987440786,19.663986206054688
5225,0.21856492597516047,0.5498988918742482,0.15893900868397814,0.21479042056830241,0.13793857292319786,0.2924156771266286,18.012163162231445
5226,0.2117067720469052,0.6113072577461242,0.15689519118843673,0.22181120069667776,0.11674678324357782,0.28595538718126556,14.492259979248047
5227,0.20138329276780054,0.5759700807118707,0.15321960986326974,0.21361253427021273,0.12731785699056594,0.2554899627582701,13.132157325744629
5228,0.18281423521882037,0.5300725375908852,0.14878249177490485,0.2032524983200449,0.11741306296979157,0.22215678072314915,13.82827377319336
5229,0.16224058649554854,0.4883248891486576,0.15096128594446792,0.1991560864022093,0.11062607370581325,0.1751022227682387,15.86609172821045
5230,0.17362180520727283,0.5061663440967902,0.1533916186889685,0.203788008032943,0.11259883985987518,0.2006214724137843,15.418134689331055
5231,0.21413473926204307,0.5500288880430408,0.15554819047919063,0.21190257584545497,0.12221827045012122,0.2965147924619893,17.095121383666992
5232,0.21508032481826955,0.6182584074721071,0.14926180016731908,0.21626131549657454,0.11546891292082435,0.3012069433850172,20.604629516601562
5233,0.20708811361089552,0.5544647469088473,0.1398329691421563,0.19906608025168354,0.13897826652597958,0.27370350899950735,25.163963317871094
5234,0.19515988953443406,0.5204742574346197,0.13628513505252218,0.19116929539282182,0.14251313559698156,0.24471756910361564,25.700206756591797
5235,0.17223002699404621,0.5301372353384625,0.14024475875266298,0.19594368397920578,0.1465116402934325,0.17398416549506862,25.0496826171875
5236,0.19077673589076252,0.5407223398877126,0.14724934436667392,0.20345977229825088,0.1555211247131548,0.210527738814617,21.2233829498291
5237,0.23129160423212297,0.5812529601402056,0.1619835146239724,0.22187914969772,0.1582781025378775,0.3034143159321904,20.307750701904297
5238,0.22319006320578874,0.6533375126413573,0.1578632528645628,0.22864528997553343,0.14266600419146744,0.28887529141979335,18.15715980529785
5239,0.21236412608054095,0.6025193217084028,0.15512305376078117,0.21903680632472713,0.1504718703461607,0.2606812546344608,18.806108474731445
5240,0.1940299022626636,0.5677792063364147,0.1493170443424131,0.20909735319869904,0.14247965024515855,0.22595235320894952,19.68691635131836
5241,0.16541334813414313,0.5057680075101001,0.15010128585679053,0.20091081752154905,0.12412810124410252,0.1704776534489485,19.676250457763672
5242,0.18685703275710788,0.5508077073468419,0.15716015910228406,0.21339552313722088,0.1307146492478653,0.21276043924509624,16.208450317382812
5243,0.22530857388687667,0.5758959640897927,0.1638324836280609,0.22269869512259405,0.14496863022695786,0.297889668508053,16.960519790649414
5244,0.21237307567614264,0.6189476473672095,0.13663673936069634,0.20553829764734108,0.136650465430939,0.2846107904158971,17.70737075805664
5245,0.20412022250346584,0.5428332113906915,0.14042963414494217,0.1979158594657635,0.1383743794726034,0.26707665281346,21.541255950927734
5246,0.19241806105975454,0.5120858934717563,0.1538058445003924,0.20498870863915863,0.13148168674026967,0.23473807195732513,23.934778213500977
5247,0.17857227083070554,0.5288914017465847,0.1580605036847084,0.21103634626497644,0.11642866877026874,0.20454185662860078,23.2207088470459
5248,0.2068426546190857,0.5732894062477804,0.1648074719102034,0.22316203395842868,0.14149156438329807,0.24974540165347484,19.909313201904297
5249,0.24022884373188688,0.6265041847499346,0.17255280897687178,0.23740300551588076,0.156613812696523,0.31586460432683566,18.108858108520508
5250,0.2272127264926347,0.6731113456555308,0.1422387167787448,0.21807766376114282,0.14630226964635318,0.3060025561231864,14.783227920532227
5251,0.20965901073583793,0.5925454424081728,0.14188571640413422,0.20626567726185402,0.1379830649512323,0.27534463008710375,15.200591087341309
5252,0.19184544664862455,0.5584572733328426,0.14867021828881813,0.20721122615225016,0.12144111978650259,0.2400041755873088,16.401018142700195
5253,0.18266565384712619,0.5146101328566015,0.14792313204568747,0.20030698930438945,0.1398823606129236,0.20466486690194802,18.27686882019043
5254,0.20248565252464334,0.5697045300038033,0.16143545739496798,0.21975961062480157,0.144696301202379,0.2379366215939862,18.572214126586914
5255,0.23890301828029886,0.6364028852388106,0.17341787216896112,0.23955858832179677,0.147930000256662,0.31793078526467045,19.918535232543945
5256,0.22821904588731876,0.6842960148717645,0.13677434077507497,0.21499172278888776,0.13544089426467706,0.3209738362682574,21.854555130004883
5257,0.22276939819039432,0.6028285468625636,0.1498670651316043,0.21457584823602702,0.13213003830664374,0.3092481942987474,25.294414520263672
5258,0.20165640313810462,0.5637686642240922,0.16200635383390202,0.2194009696039292,0.11857474333637792,0.258826359807019,25.444358825683594
5259,0.17933276438720516,0.5517131086534188,0.1601038582667076,0.21604803689338062,0.1209409983306208,0.19829969624381294,23.087451934814453
5260,0.2076483374589042,0.635665099521439,0.1728263660571134,0.23894618512344562,0.13809145143589535,0.2411249960225632,21.020906448364258
5261,0.23016716681361002,0.6761906957291256,0.16852016186077812,0.2410445238419706,0.14508360372352855,0.29509759711761574,20.309268951416016
5262,0.22021357519404647,0.7147794448548761,0.15251400255979974,0.23283763717338207,0.1238292617348338,0.293503795238939,20.056617736816406
5263,0.21076645017025789,0.6520704556698174,0.1581237499848124,0.22868756508267024,0.11766187029301713,0.2765519820144828,21.101388931274414
5264,0.19379406189231485,0.6125288035293609,0.16390698502027742,0.2279958162358608,0.10986813495076846,0.2373027129155653,21.3802490234375
5265,0.17747562003720782,0.5500332181715994,0.15283984738199816,0.20958175749479832,0.12558440303216029,0.1947875646412327,19.880016326904297
5266,0.2146780308710123,0.6403506205790666,0.17985318088828128,0.24563852941553632,0.14170367045528987,0.25144016000831104,17.893840789794922
5267,0.23913326107102229,0.6464934920917037,0.18040856021792928,0.2469921219141828,0.13729208490045205,0.3213677869825057,17.45191764831543
5268,0.22402966731187152,0.651548842141356,0.14275378775861813,0.2154387955275807,0.13211803107241557,0.3119693618326499,19.28708839416504
5269,0.2345913517067476,0.6637604949111342,0.15094298302318723,0.22420262757860826,0.15429817593050993,0.3139380141230774,23.45347785949707
5270,0.22159554714277083,0.6453775997566684,0.1617564418798121,0.23084517871936303,0.1460369747889297,0.27961587032286356,23.282209396362305
5271,0.19693283777183943,0.5667264493485316,0.15888182892850541,0.2171453461313663,0.15646459163184462,0.2146566083297488,22.103858947753906
5272,0.22756791106555474,0.6541410252517077,0.198775700315279,0.26382788959191167,0.1511238512925915,0.26272898215633533,19.404447555541992
5273,0.2514829490361717,0.6520423318252473,0.1955336744330546,0.2607491969176535,0.15378043103782696,0.3288646853884268,18.392784118652344
5274,0.24664462533752454,0.7096725714494632,0.1763326234439171,0.25252404458756655,0.14634334101202282,0.3292637572785517,17.75065803527832
5275,0.23808994200151276,0.7276392904562536,0.19032040153420082,0.2670802428087798,0.13656853364138408,0.30155466111026663,18.079648971557617
5276,0.23010894702793047,0.6862334111048436,0.2028857157782974,0.27193538653923255,0.14044949363161757,0.271962834177315,21.01766586303711
5277,0.21178483496025235,0.6607856286305921,0.20367349417069938,0.2689752276649698,0.1385091431865924,0.22585947164557704,22.293025970458984
5278,0.22850431744689892,0.6990361854109552,0.20251871100416485,0.27344977877656346,0.1498775198808982,0.257975486653693,22.128416061401367
5279,0.2458749165138712,0.6920146411556678,0.18243338277801394,0.25523070540339304,0.17425048828888387,0.3003599759324035,23.434703826904297
5280,0.24547653497361405,0.7215107368880638,0.16315109911968953,0.2429167616580287,0.17434886574729444,0.309953047197781,25.314191818237305
5281,0.23640086947695577,0.7460762275564251,0.16325001350278814,0.24651090122473632,0.16608842816717156,0.28907797784370903,30.155454635620117
5282,0.2307473066501293,0.6977315886577069,0.18807586563507558,0.26088382606688004,0.16568702682623088,0.2613055970063834,31.481306076049805
5283,0.21235857104555078,0.6942683057007247,0.19968715977573584,0.2703416091935914,0.14548447180363375,0.2201382495026927,28.938316345214844
5284,0.22409344158585676,0.745480394832293,0.1964484321184822,0.2748815696490266,0.13718746149836175,0.2556965621071413,25.1134033203125
5285,0.2320414398464439,0.741373262017534,0.16564237525414394,0.24788964479177109,0.14785295023296777,0.2918391889310742,22.922527313232422
5286,0.23165193934792497,0.7488097505905079,0.14638197050561316,0.2324430819463124,0.1501216784836954,0.30229866783053677,22.25765609741211
5287,0.23405034858702176,0.8294400358135152,0.1640831589237858,0.2591341413366043,0.14910069607780516,0.2864329758767016,23.796443939208984
5288,0.22925444044688081,0.7645692476950545,0.19528696717992408,0.2766130072535141,0.14465824657172008,0.26183736413184233,24.591617584228516
5289,0.20756613007914027,0.7116784786535689,0.192177053157357,0.26639154251395875,0.13461543024228642,0.21992575655592128,25.559574127197266
5290,0.2349020637432792,0.812804236784169,0.19390506954975853,0.2823192362975315,0.14999354250528427,0.26770699384155405,24.943885803222656
5291,0.23590163963555505,0.7881800532513521,0.149103227574707,0.2403999169570849,0.15625942713548405,0.3016525829167785,24.977609634399414
5292,0.23517614501647757,0.7354094786600303,0.14297351918810922,0.22760722768409794,0.156645078037561,0.3105136312888618,26.435283660888672
5293,0.23559909346888744,0.7719934528025039,0.1689694622927723,0.2551157466513053,0.1512691817516763,0.2923106946868316,30.13432502746582
5294,0.23175051306023195,0.7205145892743708,0.20867911907996053,0.2817984719648763,0.14179860252379067,0.26666647073805416,29.370189666748047
5295,0.21573578651335268,0.7766617926188135,0.2076007835758902,0.288895213439165,0.13738197527187493,0.22028087278955993,25.955982208251953
5296,0.24819478348423488,0.8956953222104762,0.20548815522408784,0.30408917907928623,0.16228864097431886,0.2744550620347415,23.729509353637695
5297,0.2511900192060277,0.8233247247280222,0.1628579199505308,0.25721032063302957,0.1734658192528876,0.3139309304163986,22.03084945678711
5298,0.24496355293819344,0.7772096705966997,0.15025976831257723,0.23982404006745187,0.1640704227043015,0.32024211565474775,21.66905403137207
5299,0.24404591173774512,0.7943889367416928,0.1692936354917318,0.2585929642417262,0.16296882788755385,0.30225968916567897,23.186721801757812
5300,0.24140147456267227,0.7402270614678024,0.2046615127980825,0.28117087689375675,0.15315609623443915,0.28381795356017725,23.173593521118164
5301,0.2219775122638219,0.770905731151432,0.2069052809008399,0.2874767737937816,0.14443927954795968,0.23251161205148663,25.782846450805664
5302,0.25018396507490365,0.8903831079250322,0.20384675173639044,0.30192337404905356,0.14903968788933095,0.2934132247598986,26.642515182495117
5303,0.24755252135272865,0.8219951316741148,0.15994202145694128,0.2545210372022518,0.1509294369568265,0.32600026883081035,27.165325164794922
5304,0.24027587049123775,0.7407529831565296,0.16421859822867846,0.24658065321837144,0.1461760643067557,0.3170965160164174,27.371843338012695
5305,0.2483819916816565,0.7834398509045994,0.1899357948453587,0.27472208856810737,0.1509776955504664,0.31056316602080325,30.805089950561523
5306,0.2439205557818707,0.7153091152192699,0.21649370880969143,0.2877530525824884,0.1519858095917523,0.2860100239976838,32.57794952392578
5307,0.22397463136293053,0.7932126746756034,0.21398851187819443,0.2967348208492529,0.1458950547462614,0.228629095101984,29.8503475189209
5308,0.24774429270410392,0.9001435163030269,0.19883847680046896,0.2990249110151201,0.15404860297848466,0.2848574801918816,26.78008270263672
5309,0.24683781784820755,0.8529999821795325,0.16057251738709935,0.25949072664316125,0.15198028382562648,0.3187668649223815,25.292448043823242
5310,0.23673386668680418,0.7747169034216523,0.16097790504300838,0.2486549048113861,0.14031246693645874,0.3106716831093472,25.085914611816406
5311,0.2399273281150035,0.7951141401001359,0.185747280090747,0.27279968866351684,0.14900089072576442,0.29072464535063847,25.942052841186523
5312,0.23296603022829124,0.7195025207031365,0.20744759100358232,0.28059829524637575,0.14652393037604533,0.2669246357081825,25.523958206176758
5313,0.21969989800492318,0.778212291649167,0.20471628012158663,0.2866442817683838,0.13622844735495224,0.2341610815306196,22.848323822021484
5314,0.24513903921592883,0.8937069416600317,0.18947386328794813,0.29007858876967435,0.14534119970987322,0.29314004292420015,21.697505950927734
5315,0.24818500909924898,0.8646139878260862,0.1635542083534444,0.26370560542096466,0.1513457553394622,0.3193388343575612,23.509008407592773
5316,0.24439400691810756,0.7819494547711786,0.18096255542403153,0.2668178267593383,0.14216187484201584,0.31422628012361103,23.903287887573242
5317,0.24481656817490596,0.7745636550055103,0.19399130955329702,0.27693021604647033,0.1549674563917876,0.29533509909751576,26.646135330200195
5318,0.23448685887906598,0.6549828611818602,0.21163277698270547,0.27496850329687045,0.14940296387416188,0.27351382814277814,28.088415145874023
5319,0.22137831031464497,0.77111671923383,0.20209798174608315,0.28338637281576123,0.13410278856892885,0.24348733715366982,24.92497444152832
5320,0.2396206116897903,0.8798659037251282,0.18206034904282672,0.28174685685458406,0.14027986034546916,0.28968330459687663,21.8752498626709
5321,0.24105185040618096,0.8465509963037186,0.1576769391277378,0.25608751872430646,0.14023529447687763,0.31611012706596153,21.258745193481445
5322,0.2337598179387622,0.7769595243312422,0.15415671555751057,0.24312854538232934,0.13513270220339144,0.31186090769409036,19.957019805908203
5323,0.2360937448876516,0.7610578877996962,0.17894364061904958,0.26210281878771335,0.13833620256395188,0.29887365475833483,19.85326385498047
5324,0.23264684725234616,0.6466843298716553,0.19252164526502394,0.257402028780257,0.14303965178989458,0.28939235944506936,20.113656997680664
5325,0.21971658757795492,0.7313459284756342,0.19147918593713475,0.26860300629977757,0.13719419645768402,0.2491480634265971,21.34511947631836
5326,0.2493963281667875,0.8711869570582051,0.19045620360392326,0.2877034540973921,0.14731407577191005,0.3051995638230262,22.225515365600586
5327,0.24501502326172506,0.8388220125499262,0.15782134523644867,0.2551071548526597,0.1398178499150441,0.32823193479800317,24.3688907623291
5328,0.23758449204951687,0.8134600747283801,0.1518328457261289,0.24635102129787906,0.13401326480042494,0.32053860280015545,24.16815185546875
5329,0.23582132567403152,0.7990281342366332,0.16548588730754923,0.2559919225831327,0.1364839611523932,0.3050922473350015,25.866287231445312
5330,0.22941112514935735,0.6471162583515099,0.17204984319285146,0.2399164739298027,0.14117412632831203,0.29742631893488236,27.4398136138916
5331,0.20752342384670525,0.7116225251073826,0.1767656378478125,0.25317376459917956,0.12532431832164662,0.2395035930227165,24.121126174926758
5332,0.2272892300706493,0.8256059253980916,0.1758491819409561,0.26867157386340407,0.13301069787675354,0.2735733949216477,21.41168785095215
5333,0.23091283335834992,0.822534735202907,0.1585102536552502,0.25337089387634404,0.13057308389057204,0.29905931118941065,21.855772018432617
5334,0.22491540260954157,0.8030453472629844,0.14480022981087862,0.2388352465897509,0.12684706585387323,0.2985453337880683,22.36512565612793
5335,0.2276856224588075,0.7817133706500384,0.16102442908062048,0.24969427787625165,0.14236259638161639,0.2830856967860861,21.395933151245117
5336,0.22436508202103844,0.6518249567776452,0.16251066271874876,0.23241270472716252,0.14880665008108143,0.28343704010064225,22.360244750976562
5337,0.21094156318475965,0.7212650560189893,0.1672041919631284,0.24635574397110854,0.1362267611732703,0.24532960675675755,18.779096603393555
5338,0.233027498294705,0.8433804300946539,0.171415955390772,0.2674108803484694,0.13997024301180175,0.2843671373702016,16.767921447753906
5339,0.23697010110803485,0.8372942090379705,0.15458803181299044,0.25211748570227327,0.13165719966751338,0.3158649283485325,19.94980239868164
5340,0.2320606458727381,0.8113739496400036,0.14876120335781792,0.24342016711241593,0.12557064185318031,0.3152998183051331,21.516094207763672
5341,0.22904544055213716,0.7718691383394932,0.15916443123381363,0.24669367510605356,0.13849257092398656,0.29283699624209203,23.77886390686035
5342,0.22344575616329115,0.661876761542189,0.1637982071898907,0.23495228638307616,0.1431719818629567,0.2836170947337718,23.528791427612305
5343,0.2033306454592612,0.6988132808139058,0.16437213494012545,0.24072087006495124,0.13600096241725887,0.22952767159103446,19.7109432220459
5344,0.2258148453748476,0.808072346233963,0.17318559882397136,0.26388370559682733,0.14244170307977527,0.2654560921888036,17.303466796875
5345,0.22804941363212142,0.7662749978701879,0.15566478199058642,0.2428948128305295,0.13681272346281623,0.2948917932316565,17.698270797729492
5346,0.22295396834508693,0.7551229437416902,0.1398412093339825,0.227738599963655,0.12796092820455623,0.30188632580180425,18.27806854248047
5347,0.2225857164886789,0.7224294831861806,0.14692519707937335,0.22914009509463154,0.13988005181803118,0.289218091795287,19.53814697265625
5348,0.21677532442142156,0.6266149056671177,0.14540354582137685,0.21414802579933984,0.14233201182270724,0.28421210923961804,21.44220542907715
5349,0.20016973481281622,0.6968169110400048,0.15095362701759799,0.2289340961636561,0.13233789974339835,0.234353774316572,21.987747192382812
5350,0.22384060388117663,0.8242088915755461,0.16037118947019383,0.2552051469138156,0.12609787380405232,0.28192151754510125,22.707231521606445
5351,0.22727279166150094,0.7825953328222919,0.1428136355151649,0.23421102084475448,0.13105762558004813,0.3053901114474253,24.39244270324707
5352,0.22456111463649472,0.7561083064348617,0.13698242323736756,0.2254289779798667,0.13074030871901002,0.3058949393888434,23.109607696533203
5353,0.22716121669751982,0.7261216123078464,0.1404331363502717,0.22410291862992526,0.15104552934824933,0.29643845393727675,23.31117057800293
5354,0.22017832695775,0.6263704636771839,0.14470543836082123,0.21351472769173016,0.15205661179214772,0.28561547708541946,22.448558807373047
5355,0.19422075169061095,0.6776197005689434,0.14994724208993515,0.22532902187265064,0.1271853676692206,0.22565697630004278,21.471925735473633
5356,0.21121534701806555,0.780498620144999,0.1563942802333417,0.24555204307786418,0.1270459828791308,0.25481893158730967,21.0357608795166
5357,0.20819346686263784,0.7119022876487021,0.13385678842367524,0.2164347168843934,0.12703255764835905,0.2719981686560957,22.12029457092285
5358,0.2028441946655474,0.7135402141880811,0.12414910137032704,0.20834783177286334,0.11628444822554744,0.2737682903316459,22.113636016845703
5359,0.2076342789091773,0.716653733436076,0.1396538435067946,0.22208239921097767,0.12819458162041072,0.2645019087727727,21.500015258789062
5360,0.20819396727642844,0.6478900153037805,0.14303744448563674,0.21515924031680014,0.1288471390512081,0.2715278280631709,20.177217483520508
5361,0.1896551731861453,0.6721908432720836,0.14584574454746102,0.22103790150812141,0.11217959592649299,0.22998641600661202,17.54143524169922
5362,0.20949613785289747,0.7847970938190332,0.1495251623741807,0.24027829543773102,0.1211907151980978,0.25982899478911775,17.216426849365234
5363,0.22249850030005208,0.7756179640665358,0.13869364480504445,0.2296828332709718,0.1302273410252179,0.2969494733159771,18.4088191986084
5364,0.21888809050431304,0.7727406164258264,0.13537554603617766,0.22642769894898462,0.12549797383734634,0.29400728519882124,18.224990844726562
5365,0.21527141009599715,0.7497732457932567,0.1279498432666161,0.21678175791327906,0.13598156384018287,0.28332847122971294,19.540205001831055
5366,0.21329636625483991,0.6416170021797107,0.13537683040292617,0.20769685494246687,0.13741516522703295,0.2845919895524975,18.980241775512695
5367,0.19087933680367605,0.6975444343807774,0.14325019127739017,0.22243508314930263,0.11150146149351589,0.23272369964764303,18.43372344970703
5368,0.20783570287929906,0.7922699091766414,0.147794647761102,0.23986254224903616,0.11847008736784392,0.25800713200330233,18.233240127563477
5369,0.21590382164548075,0.7213277411144737,0.13736676013217455,0.2207897574153601,0.12048656877713844,0.29511872410663575,19.958324432373047
5370,0.21252665573039253,0.7477764735936097,0.12761596395775546,0.21621032247716324,0.1123780387992956,0.296933487141678,19.636320114135742
5371,0.21337019397110693,0.7555012300199835,0.13699945498397517,0.22535685141769063,0.1225090178087903,0.2823853978473732,18.975425720214844
5372,0.2150655134112208,0.6461190238417359,0.14755557718989654,0.21877892671158788,0.13322208118643888,0.2834292799700837,18.61874008178711
5373,0.18895907268570858,0.6326008655987285,0.15591985757916205,0.22401714443910015,0.1256077288714468,0.21371568573897,17.5097599029541
5374,0.2138617177632477,0.7478257630338478,0.16400111426692768,0.24740463551934486,0.12218172758439917,0.2647316561331552,19.286298751831055
5375,0.21965975804703006,0.7232532996304508,0.1436984140495756,0.22649196913255773,0.11964983405977568,0.30119025683604084,20.227500915527344
5376,0.2179921727158667,0.7590730470085556,0.13338353955845492,0.22276775490846928,0.11441053113261579,0.3044474746826841,19.757572174072266
5377,0.2117097517876088,0.7523906411563364,0.1358261161875136,0.22390676261163117,0.10483026683612184,0.29455691664914035,19.79033660888672
5378,0.21495341150363745,0.6521582162897133,0.1465566298382254,0.21878542790272368,0.12503305861223496,0.2902807059344143,19.202695846557617
5379,0.18888916286153756,0.6929281637845548,0.15893922744030078,0.23522336120376566,0.11288840879188584,0.21484739912303322,19.158721923828125
5380,0.21045165830779924,0.7846694791009012,0.16809899512843493,0.25618049283878724,0.11467629243393873,0.2542423732328126,19.83231544494629
5381,0.22057892518110506,0.7263687564453054,0.1558606824133488,0.23736183584648543,0.11425001316463321,0.2989316763633101,21.57158851623535
5382,0.2080624928669371,0.7536677183679568,0.13167330714137696,0.2205296516023169,0.10529087474009165,0.28707889483446947,20.594324111938477
5383,0.20213033788149873,0.7403266375803317,0.1335677210188397,0.22024756624191003,0.0990359098043809,0.27648538763361696,19.881898880004883
5384,0.20726765909886477,0.6674141526325271,0.14215276681301636,0.21719010764437502,0.11889228032363809,0.27591397304986665,17.946584701538086
5385,0.1860388700658385,0.6594218289509024,0.1597680614923913,0.23114717112932145,0.11405794762318178,0.20955241377261552,15.771737098693848
5386,0.2076428598079099,0.7550593142875537,0.16796694520137165,0.2518372836422548,0.1129880145783758,0.2517957285287004,15.495332717895508
5387,0.22065810447065257,0.7391806439687556,0.15610312342408128,0.23939991207332043,0.11586776063607936,0.2959505736735697,16.70265769958496
5388,0.21332573532461974,0.7524754145988344,0.13575623600045547,0.2238589758002239,0.10994455350834173,0.29456768399770933,16.89957618713379
5389,0.20583549342723728,0.7354080225731139,0.13582312680398628,0.2214781119138617,0.10153944238607449,0.28340724691245844,17.61516761779785
5390,0.21013997801831244,0.6436552412336641,0.1478997601787528,0.21872197175802585,0.12197069245236367,0.27977885836626837,18.220806121826172
5391,0.19476702694277884,0.7159368600809501,0.17064060317709914,0.24854006844907792,0.11762914026909543,0.21521126646424024,17.636680603027344
5392,0.2181181877817167,0.8044245666805303,0.1779077703631937,0.2674101698370989,0.11626669530703568,0.26410775939860315,18.053739547729492
5393,0.23445509559443353,0.7567841851122656,0.16954708698788792,0.25343810100565617,0.11960092205231951,0.31834236770896357,18.75772476196289
5394,0.21997196736122457,0.7587641572517779,0.14450763359548432,0.2322585655463834,0.11121659185707186,0.3043821475153441,17.633872985839844
5395,0.20920396442505698,0.7032318436504166,0.14082499342508267,0.22116882917155894,0.10117106632031933,0.2932634936135131,17.163551330566406
5396,0.21166775589327894,0.6434599510866889,0.14735091062616074,0.21822363069195047,0.12492910286124369,0.2818276868474722,15.855521202087402
5397,0.1900623747947139,0.6719110477449464,0.17099527356856237,0.24255466987947435,0.10909586271765107,0.21497731466297854,15.759471893310547
5398,0.22239762439021513,0.7625876929023823,0.18643548432995694,0.26874294269744625,0.11392053877589887,0.27676292078391457,16.94851303100586
5399,0.242742397616128,0.7495299049633681,0.175237912132067,0.25727962539368143,0.11605595809738446,0.3408729578896693,19.256982803344727
5400,0.23169998319060914,0.766478743424264,0.14725903122727255,0.235718990112557,0.11295371431016735,0.33208633740429117,18.748607635498047
5401,0.22693541781768706,0.723184977013925,0.1432092575503199,0.22606293175940634,0.11244487443169145,0.32787806858142887,19.086610794067383
5402,0.2233690183042674,0.6461567659734242,0.14279922956366062,0.2147074490507697,0.13157313186668596,0.3112692920339617,18.216331481933594
5403,0.18576814086840435,0.6557995537369063,0.15794561249883263,0.2290676041042717,0.10630156501087543,0.2174143644123582,17.35607147216797
5404,0.21835720134448292,0.7657712091882161,0.18464265934307975,0.2676610236066706,0.10927652481236746,0.2706619488306697,17.466867446899414
5405,0.2321436299496946,0.765775513812102,0.1744332421897868,0.25891070956440326,0.11060209635092676,0.3150712771857464,19.02768898010254
5406,0.21888557062085495,0.7516676236440764,0.14828565592263412,0.23448307988284017,0.10503412136282828,0.30485776811739124,18.451065063476562
5407,0.2164608164085147,0.7019320838675316,0.14391846308645467,0.22363469462660854,0.10758389115637243,0.3054509825633071,19.155517578125
5408,0.21679389510576644,0.6552825254269807,0.14363538737953843,0.2167278356720302,0.12922605076907925,0.29347356090488697,17.664976119995117
5409,0.18565069857767938,0.6652016834105072,0.16393109239723302,0.23554117682770073,0.11012772465668927,0.20807913228977698,15.853887557983398
5410,0.22187186823402455,0.7961316307210982,0.19573821725016363,0.2815087048888686,0.1173535232757811,0.26114318799949904,16.42701530456543
5411,0.23232230821801733,0.754621999905593,0.17934817059347644,0.2615301462094931,0.11900795553272338,0.30591550857510824,17.129470825195312
5412,0.21254397919378654,0.7288000096180631,0.1441333489616072,0.22765715762681518,0.10622686199061107,0.292347425617665,17.875577926635742
5413,0.20769021473424942,0.6788003326367356,0.1343662252461282,0.21214252630192926,0.10480522704906488,0.2938188063370661,19.04505157470703
5414,0.20397618731193745,0.6151359586195637,0.1300016124912549,0.1993065190810133,0.12254381651496253,0.27931547146134916,19.261734008789062
5415,0.17561694835245148,0.634400199764728,0.14734273110757226,0.21692236948716595,0.10635576750859256,0.2000782380979529,18.213905334472656
5416,0.21728026453728388,0.7732267857272743,0.18707118670884385,0.270807700854334,0.11391375140879431,0.26088945674729347,18.443410873413086
5417,0.2287825089633719,0.7482187005687597,0.17513990183258074,0.2570083016520349,0.11528340285659892,0.30339665820421813,18.63321304321289
5418,0.21552692656848027,0.7629961226678892,0.1448528861018228,0.233159062754118,0.10727834941263294,0.2948163124174137,18.09361457824707
5419,0.2150678197217654,0.719638233706908,0.14494457842848218,0.22704367203968592,0.1056834282611745,0.3003002914716021,20.459545135498047
5420,0.2107024317637597,0.6527118153393919,0.13789682661207922,0.21144182500169534,0.1235510744084117,0.2863129003664955,21.498449325561523
5421,0.1835070050072412,0.7066379547123377,0.15330344162646292,0.23235122921015933,0.1110310153806776,0.20418479975293108,21.092193603515625
5422,0.21998537912756708,0.8174275192671527,0.188078567811322,0.27798556087644066,0.11349089010847975,0.2624178979890041,22.178112030029297
5423,0.2371582429107601,0.7851954699084803,0.19435277115847271,0.2787588709799024,0.12040805194532844,0.30291411044501326,23.000202178955078
5424,0.22240167559080418,0.8002628534693706,0.1624713261326288,0.25358440146644906,0.11204546415665421,0.2916784754544961,23.09712791442871
5425,0.21812612866616396,0.7310307448203276,0.1521651322236266,0.234860219737441,0.1128702801221836,0.2955826664547794,23.706111907958984
5426,0.20713635809185157,0.6462266346753645,0.13312701193641702,0.2064269580419809,0.1262377846143706,0.27854333492828415,23.915376663208008
5427,0.16899360094185453,0.5788576696285297,0.1353207924872093,0.19868320350739793,0.10753127420459292,0.196794734592108,21.977210998535156
5428,0.21239691881925687,0.7482640233710455,0.1684300836543625,0.2512635036138886,0.11505872719532349,0.2635595747948958,22.057710647583008
5429,0.2259581594150486,0.7752402149403064,0.16828160137100137,0.25498997473804497,0.11535420610819964,0.2973337801509196,22.336910247802734
5430,0.20921309168620328,0.7745062606206725,0.1387271653135406,0.22955275035741662,0.11202790954074929,0.27645292472616384,21.8648738861084
5431,0.21159800002956172,0.7026229645758942,0.13947796488177533,0.21992725055236376,0.11561498371972176,0.28829504509322,22.831838607788086
5432,0.19856475227076917,0.646822412684499,0.12783727666712918,0.20197801038389632,0.11380861408226155,0.26973977233672713,21.79840087890625
5433,0.17189621400405766,0.6086130783399017,0.13781844527008277,0.20507482142291408,0.1065121866299255,0.2000759564649239,19.899309158325195
5434,0.21715518557790892,0.7716722327318843,0.179195583906248,0.26383510516705316,0.11725259250055076,0.26372502488009597,20.01424789428711
5435,0.2332892658562394,0.7850663444102497,0.18434085336782072,0.2701587806595963,0.12229640500545233,0.2981471936477408,20.689098358154297
5436,0.21018754893406866,0.7402984243066844,0.13483249829018792,0.2213276305782588,0.11522788016198092,0.2835296876709791,20.769519805908203
5437,0.21077464671139365,0.6815888865605487,0.1349612784366668,0.21305093674007852,0.11689813086870264,0.290924844298649,21.949565887451172
5438,0.1956105734613758,0.5959300860153838,0.122021502741949,0.18972272892386827,0.11484909027965592,0.2714287352156999,22.893220901489258
5439,0.1712959390717136,0.5999258351195558,0.14034146685128396,0.2059963766038942,0.1091370418318596,0.19532209131592776,21.491422653198242
5440,0.21936016008946624,0.7734271111492776,0.18011381141718322,0.2648728542360539,0.11942406919670802,0.2669806322423655,21.89969253540039
5441,0.23397076773352596,0.8022878521982273,0.18547759893862617,0.2735933494042834,0.12403592430336915,0.2954939967730003,21.552738189697266
5442,0.2099273713290958,0.7748833647778535,0.13453056011076922,0.22600953220606693,0.11470859292637343,0.27917191166412814,19.95594024658203
5443,0.2140660586138666,0.6841056850243166,0.13907549899825902,0.21693695414483868,0.12118392753214449,0.2928258897207729,20.373409271240234
5444,0.200558088495436,0.5938683447441149,0.1284825970081519,0.1949662752561466,0.11891371366886427,0.2768897530530645,22.101896286010742
5445,0.17488194543509342,0.5753088889330708,0.1535415224188781,0.2137940033494771,0.10956073034094671,0.19798995796738614,19.952220916748047
5446,0.21583793653006442,0.7363361318767095,0.19308005819344864,0.2706880687196288,0.11616913014408116,0.2550542764519309,20.58933448791504
5447,0.23426623919890785,0.7918394049113731,0.19755756263519872,0.2824549686746522,0.11743165609353258,0.29433136112483493,21.308713912963867
5448,0.2090312636786311,0.7694997157616797,0.1460130641724008,0.23508258582801211,0.10901744469286677,0.2737484484104665,21.72940444946289
5449,0.2083877495868328,0.6730506111476491,0.14543083198154472,0.22080508614813107,0.11120891700106558,0.28255405860824306,23.7380428314209
5450,0.19694586359820646,0.5930287462506618,0.13484876428118941,0.20030304741968546,0.10869863381342117,0.2712246538160995,24.845243453979492
5451,0.1687685386507807,0.5653367745039644,0.14562980999181088,0.2055879477792614,0.10741237988851975,0.19023819458033842,22.94733238220215
5452,0.20786455657448014,0.7257250116104356,0.17947989450053803,0.2575149112305234,0.11443039694913125,0.24617538592262267,23.644269943237305
5453,0.2193958988222496,0.7936596253240487,0.1768796885625826,0.2649911080999349,0.10991106695807625,0.27529931858542667,24.518569946289062
5454,0.19549827007059495,0.7473115491491171,0.1324469428049044,0.22028474371122048,0.10118348102181916,0.25633554605272635,23.41912078857422
5455,0.20009453916302355,0.6590406467684751,0.1399628696774802,0.21411683783333663,0.10907574586890055,0.26746647195885725,24.01401710510254
5456,0.19005545965843149,0.6006353870901275,0.13612119213318943,0.20248036284132342,0.10264774743265635,0.2556654175709542,22.110525131225586
5457,0.17077529186472715,0.6262410272010844,0.14698823068809583,0.21545291590423704,0.10597446742632798,0.18838309221375518,19.408281326293945
5458,0.21109183434193204,0.7952733563397617,0.17713329640567185,0.26543901925339897,0.11505492967043338,0.24757033913195986,17.781326293945312
5459,0.2217081374092743,0.8610008813368617,0.1728807113438263,0.2711835927714028,0.11205209413557918,0.27436615183189517,18.489013671875
5460,0.19855805677372526,0.8046895829518934,0.13188118611363456,0.22799667137624294,0.10169048610823143,0.2575583933288294,18.29232406616211
5461,0.19792591422786623,0.6588996652891782,0.13337936722426766,0.20845369551925488,0.10684245262921752,0.26841213449671875,20.09794807434082
5462,0.18416473240871614,0.5796195952799452,0.1280522189589363,0.19256184414765184,0.09847931377813968,0.2517920009389018,21.73338508605957
5463,0.17326792431356772,0.5952236446982296,0.15249564997459372,0.21574250636368456,0.10812384112997413,0.1931037378053599,20.153310775756836
5464,0.2174298121826853,0.7778438719755505,0.18471777657212005,0.2694500759154672,0.11611467916656647,0.26056282280560505,19.113658905029297
5465,0.2231741276925573,0.8386688945306828,0.1718838549439402,0.2671388605991892,0.11136760141000786,0.28253569689648517,19.049758911132812
5466,0.2051313842830318,0.7882271412909057,0.1364176642545473,0.22953330383116993,0.10053019606499389,0.27530574436919425,17.466960906982422
5467,0.20693054364399935,0.6809088036627275,0.14004236725070407,0.21730900102385028,0.11047056047107207,0.2822518787129412,18.20522689819336
5468,0.1957522693061086,0.5827911646189681,0.13531942306214995,0.19924395757026683,0.10347029412316767,0.2734437703600434,18.686054229736328
5469,0.17884277694023223,0.5843784886762512,0.15754399532715044,0.21852035151987909,0.11116596326238348,0.20334211115115888,19.336301803588867
5470,0.21922195720237758,0.7413973835268364,0.19133225400577683,0.26991298679449965,0.13726103314768404,0.24658311485712764,19.8737735748291
5471,0.22554719996075615,0.8043133177900698,0.17037834067025082,0.2609404802587964,0.13956275033064755,0.269814473126316,20.8156681060791
5472,0.202160090506903,0.7662698306814992,0.1338142283629491,0.22416502869417052,0.12388299057573803,0.2513982320328133,20.0866756439209
5473,0.2050063708093581,0.6580858419669638,0.13667240175292694,0.2111600360692179,0.1271982672154155,0.2677040043516805,21.203502655029297
5474,0.19342111678187124,0.5604417172356391,0.13769823890075647,0.19809016437716825,0.11641564111168176,0.2567154913474022,21.493844985961914
5475,0.17811256098826214,0.5948382476932813,0.14978899758541006,0.21336746188653452,0.11677481479062739,0.20093505062520423,20.6649227142334
5476,0.21306212022374024,0.7363282307478989,0.18328037540241585,0.262287211880342,0.12362164881695523,0.24825057750515064,20.926450729370117
5477,0.21604236688183126,0.8237709039221761,0.16084433070969054,0.2555481268829028,0.12025211932323723,0.2652912934946634,21.662471771240234
5478,0.1960461007270199,0.7824444333497805,0.13389541948950057,0.22654527861239768,0.10050986699250951,0.2529535245950109,20.9600887298584
5479,0.19584227910016416,0.6557059061632505,0.13527139222821521,0.20961917993322027,0.10523750570364131,0.26306666759319763,20.77440643310547
5480,0.18742488584934155,0.5667087171710496,0.1418781087930799,0.20256819570421847,0.10149648589424987,0.24936183968702955,19.99093246459961
5481,0.1751660295814401,0.5704190495934485,0.1538207296143863,0.2133347753256809,0.1151551954728706,0.1942778569002277,17.96788215637207
5482,0.21387956141956244,0.7108499011697186,0.18104493302382896,0.25673135704467037,0.13089642000958454,0.2489944889813238,17.48345947265625
5483,0.2158814250056052,0.7934222015874441,0.15026831605306953,0.24214744255798015,0.12562767806172376,0.27187068822317334,17.266925811767578
5484,0.200809107553702,0.7799348199716901,0.1276635296810533,0.22084514257971571,0.10683098650723684,0.265508432821597,17.6845645904541
5485,0.19973429465493056,0.691112634023064,0.12963801342669157,0.20984867351188763,0.10707873403089734,0.27195782870112234,18.926298141479492
5486,0.1896002027264658,0.5643567236823912,0.14362751667428422,0.2037316891040138,0.10402550639039616,0.2521130114401722,20.435102462768555
5487,0.17955080528618775,0.6058010081168519,0.1544412532407309,0.21892121822303393,0.11533721248642806,0.20128858766623706,19.70612335205078
5488,0.222735136387008,0.7541143991908827,0.19729487309583493,0.2768405196808418,0.13036879173654276,0.25621347757406043,20.05461311340332
5489,0.223603515301021,0.793986505322618,0.1727373393761141,0.26148722022561466,0.12634407583054166,0.2755572830286709,18.347270965576172
5490,0.21191521934128968,0.7567006227401977,0.15033705417275742,0.2369604211109632,0.11340845593140636,0.2761940857764732,17.461332321166992
5491,0.208549475456683,0.6529993801880871,0.14289278742969916,0.21576515782375458,0.11532555460534566,0.28380668413041554,17.524518966674805
5492,0.19478536594180448,0.5444553961429892,0.148999941817864,0.20549357815002472,0.11011245653278388,0.2595044759925048,17.82149314880371
5493,0.18537985902292417,0.5904778381039393,0.1524050398835026,0.21498686820070786,0.11872413889513227,0.2177974811041813,17.960542678833008
5494,0.22676092680224072,0.7449272160151199,0.19172068737521486,0.2707501914666299,0.12089552690304571,0.28090254513269575,19.200578689575195
5495,0.23085389341247387,0.8101278944802344,0.17157725386038444,0.2627987739489344,0.12614869163799738,0.2945191744957377,19.44651985168457
5496,0.21103255605727644,0.785075412541133,0.14065227350677897,0.2327127219402581,0.11075417652275422,0.27980599300237446,19.08167266845703
5497,0.209166444579589,0.6941715992232889,0.13541138155506416,0.21523426979338195,0.111314234584121,0.2894777812635547,19.60594367980957
5498,0.19498221455834838,0.5621455443783958,0.13890862800655804,0.1993710446311063,0.10932713201737136,0.26609018546804003,19.86964225769043
5499,0.18047577548471103,0.5833956558289882,0.14494806482393155,0.2075834349675111,0.11545302645903033,0.2136514788347315,19.83761978149414
5500,0.21592998163364935,0.7115100241051171,0.17587914694203363,0.252397843679617,0.1165257940101395,0.2709992665139988,21.076984405517578
5501,0.22048171275655434,0.7462895011458639,0.16310915406586743,0.24642063222015262,0.12277763147879865,0.2832762293439421,20.921110153198242
5502,0.20715167572481974,0.7434058585629884,0.1412882578814494,0.2273050579788121,0.10965579100922239,0.27482636537872407,19.984251022338867
5503,0.2042462791523512,0.6569830940275337,0.13342189541144275,0.2082163523565986,0.11316230195846337,0.2804709451432865,19.8709659576416
5504,0.19339208091106144,0.5643754131417753,0.13625535314297874,0.19741536171423535,0.11834916599811421,0.25553426075711305,18.72142791748047
5505,0.17562181095394092,0.5766262649832978,0.1374733325193018,0.2002094657284441,0.12207950750451992,0.200957128544494,16.609683990478516
5506,0.21635001253564567,0.7236031029625702,0.16578989294420846,0.245477494375403,0.13060279432930158,0.26589228185640906,18.392778396606445
5507,0.22121204893847005,0.7407938199247468,0.15271646190188815,0.23672751304801082,0.1402774788379665,0.2784537666805625,18.07489585876465
5508,0.21011130034494593,0.7470533161072546,0.1385214703370181,0.22545459116133756,0.11897243134746002,0.27643243125340333,17.44257164001465
5509,0.20982642376011046,0.6654120567600208,0.13406381619333563,0.20997070770286208,0.1224584307484798,0.28614716919537964,18.37803840637207
5510,0.19631902787802255,0.5757313292137567,0.13190589189006752,0.19530952579345168,0.1287830979605902,0.25629628087977535,19.112638473510742
5511,0.17799745847172077,0.604352171558276,0.1412652351698791,0.20742051179679294,0.12333492776796169,0.20008200117807184,19.326152801513672
5512,0.21099450808614487,0.7023525803816719,0.16968574785142174,0.24578100964145747,0.12198926466913705,0.25843590721512816,20.400157928466797
5513,0.22171328004985658,0.7150240389218754,0.16969623744945725,0.24760020908837416,0.13055053131122277,0.27882962228745833,19.09829330444336
5514,0.20753062973137854,0.7046455080735603,0.14727152927152623,0.2268963833861025,0.1058964742218725,0.27951548135431287,17.987071990966797
5515,0.20789881708479277,0.6404220029280638,0.13601248301909272,0.20807098586323144,0.11076582643174047,0.2927395362250797,18.01825523376465
5516,0.1967579914547919,0.5746599731369526,0.12706407353783475,0.1910063449091373,0.11228925126697854,0.2757008298465764,18.88846778869629
5517,0.17644434794579683,0.5850244979669608,0.13305111722543742,0.19761874304565508,0.12236305372377054,0.20523788467769388,19.252822875976562
5518,0.21268803947257145,0.7026491803416505,0.16180493874722368,0.2390684018321418,0.12501664349196348,0.26631769389097937,21.82996940612793
5519,0.21882855719038677,0.7083376249292174,0.1581909011510029,0.23678329026217643,0.11799724639503943,0.2913455626984998,21.17827606201172
5520,0.20224016340310372,0.6985253136267859,0.13761357058911816,0.21774381959449926,0.10612727795576625,0.27277323900205286,20.923429489135742
5521,0.20395441220400856,0.6512438873758799,0.1312506769453197,0.20553542129254257,0.11242439979948136,0.2826597901055026,20.940139770507812
5522,0.19874494410573942,0.596238180004075,0.12534796095960984,0.19261799225167628,0.12875220930773681,0.265349669926297,19.900835037231445
5523,0.17990906171624815,0.6019119685129684,0.14097360889577784,0.2068219459839479,0.12911258477250037,0.20080720530779017,20.1187744140625
5524,0.2197380337256959,0.7137065590396114,0.17284149533776116,0.25010793300945405,0.1357895279635996,0.2666193143942417,21.003202438354492
5525,0.22742310870069343,0.7179837193817894,0.17053294744817513,0.24874020058154858,0.13379608530387116,0.2906942987771647,21.50994110107422
5526,0.2029332014122178,0.7003098074577834,0.14818151328482299,0.22705698388096018,0.10287214351604825,0.2693783174112165,22.245012283325195
5527,0.2013233195344805,0.6630369307713233,0.1345454340508064,0.21004421929659456,0.10718324633057787,0.2760650962960455,22.49449348449707
5528,0.19292652736532281,0.6107242901518418,0.13172718187627608,0.2001553402013569,0.10727834510679717,0.2615434756100029,21.510997772216797
5529,0.1693044355362878,0.5713986457737206,0.12100488184951298,0.1853468481243998,0.11541889497408994,0.2024171725136129,20.578012466430664
5530,0.214822895236106,0.6995677177246601,0.1600361889696512,0.2371121216489381,0.12739138023749383,0.27182239774866346,20.980443954467773
5531,0.22422522267630968,0.7105708989881303,0.15941454554847395,0.23815116746842485,0.12641289393054073,0.2976258086357567,20.027820587158203
5532,0.202318410490655,0.6903669222190995,0.13864261217770438,0.2174603707550466,0.10767166686270267,0.27188509593377075,19.605436325073242
5533,0.20277548902660367,0.6340936188529522,0.12912424964509334,0.20126273096050173,0.1127663062955813,0.28285718722408737,20.064319610595703
5534,0.19352835807254246,0.5972190322100702,0.1264419538596404,0.19369582219541612,0.11564545054445675,0.26152937105210294,19.372802734375
5535,0.17458719714834375,0.584002135699406,0.12537324571315314,0.19089165856833215,0.12036506644493085,0.20776515777134022,20.726900100708008
5536,0.22389640230364394,0.7010083972338579,0.16756850135513734,0.2437742007663831,0.13695399642292955,0.28257793379437224,22.422760009765625
5537,0.2343135943846514,0.7115839003701638,0.17008448392937336,0.24744154342091487,0.13731509798688432,0.30770032332596714,23.008899688720703
5538,0.20959165983060146,0.6707656829922403,0.15380170852757966,0.22765370487967404,0.11425684853778051,0.2772053302938813,22.668424606323242
5539,0.20917135281718038,0.6136391912195187,0.13764326151376569,0.20564268004315897,0.12014607259633836,0.2901560616876859,24.133081436157227
5540,0.19983775543257354,0.605430582116803,0.13949196734415267,0.2060546265973884,0.11436124475957708,0.2691899400022324,22.98480224609375
5541,0.17394900827651313,0.5513741060096385,0.12539686876745618,0.18625075980205366,0.11871226987854945,0.2115171217898834,22.439720153808594
5542,0.22492100840662774,0.6866935340210303,0.17196643444210738,0.24549887723909633,0.14349424981214254,0.2781637869483923,24.071081161499023
5543,0.2352264951271799,0.7019307333223455,0.17789495692781787,0.25275721069846474,0.15243286549032573,0.2923315449345531,21.595661163330078
5544,0.2091144282280844,0.6591064813022771,0.1580401260759747,0.22962103396544647,0.12402294877887542,0.26562619272595045,22.068567276000977
5545,0.2101273873732881,0.571771055562236,0.14946501481988336,0.20979444921164797,0.12876398455304916,0.2816116857324323,23.072826385498047
5546,0.20300858418550058,0.5656503728879836,0.14555174384781935,0.20556583371069997,0.12783498480697983,0.26654789030715675,22.383241653442383
5547,0.17567696536843896,0.5466394753024846,0.1287280143287344,0.18842965161069872,0.1338801662441307,0.20109056414023144,23.2410888671875
5548,0.2193962729896102,0.686709560456333,0.1719166710048828,0.24545851235508995,0.13639149064233483,0.26922099809868133,24.264841079711914
5549,0.2260914623543022,0.7047017518193956,0.17160301224416682,0.24775997504062808,0.13783138327348124,0.28435908294948536,24.66847801208496
5550,0.20754275104480674,0.6847597602792435,0.15229550340788592,0.22836182581807987,0.11427072577468596,0.27093908272954836,24.180587768554688
5551,0.2051822555954492,0.6129292029966309,0.1396997911160973,0.20730399281331632,0.11728525198397935,0.2802356136898516,25.340686798095703
5552,0.19924402511159062,0.5816349996694375,0.1421835320506036,0.20496231313900845,0.11947307380719427,0.26404010547894685,22.069435119628906
5553,0.17327579426140802,0.5505885222249522,0.12220208320113086,0.18340014591881967,0.13054362421841179,0.20180763534879453,19.55838394165039
5554,0.21917392441046618,0.673542435362064,0.16447636034131263,0.2372000853442771,0.15264098442534296,0.2616173560803643,20.47566032409668
5555,0.2317895698164364,0.6783846975597893,0.17322050866120633,0.24538682136100393,0.1562817971138146,0.28596127582973385,18.609134674072266
5556,0.20931595222896054,0.6596875959481756,0.1536875193147369,0.2259732445480853,0.12377731088411958,0.2695871326264623,19.004209518432617
5557,0.2089112155306818,0.5572738254767922,0.15388480162157897,0.21151180502946657,0.1275561616599528,0.277821371856133,20.43183135986328
5558,0.1998146458537182,0.5175188224942312,0.15899913942759836,0.21021623700854591,0.12286363823107298,0.25804538526305854,20.214614868164062
5559,0.17219207107333714,0.5176879490000161,0.1273663299229193,0.18312656121964738,0.1195193977155586,0.2087129813833719,19.997522354125977
5560,0.2107542871538656,0.6627471296336864,0.1745961654988569,0.24433201751811826,0.12415722123394887,0.25714620576507163,20.96976089477539
5561,0.22353550615217854,0.7037549215481365,0.17151343458238086,0.24754793272034595,0.13133149417196105,0.28320314338772246,21.600379943847656
5562,0.20687635515745476,0.6807609657080333,0.13627014762851444,0.2140545502113029,0.12149348554130054,0.2753054453994726,22.67304039001465
5563,0.2087727630532707,0.5861810539665966,0.1332085850536419,0.19791893775549255,0.1390398047396893,0.2792861987132103,25.1773624420166
5564,0.20796534645822884,0.5332505502469355,0.144200599100791,0.19977916355024022,0.15142205021591165,0.26460364071474635,25.21965789794922
5565,0.18553292563073187,0.5249601904336383,0.13604843204023295,0.19160725466786227,0.14705192956761798,0.21388875927846743,25.644554138183594
5566,0.21905369150920742,0.6570402481780033,0.18285854751520203,0.25059879046703076,0.14482508576755931,0.25640175994505404,25.191682815551758
5567,0.22657230924455998,0.7019968572076578,0.17887972392842152,0.2536107429683124,0.1369340444577239,0.28134716142475824,22.511890411376953
5568,0.21213295946243813,0.6576303670944952,0.15747407964661117,0.22892497785345176,0.1338696060279832,0.26592037762544923,21.754526138305664
5569,0.2121482552722938,0.5435359981518921,0.16745661362778286,0.2211822399883699,0.13640964859111135,0.2705147994917619,22.667118072509766
5570,0.22169690791025404,0.584650452745171,0.18262085078412257,0.24005365106427234,0.14323184370229253,0.27429168883245436,22.903797149658203
5571,0.17215751820328273,0.543817382882983,0.1351065248669465,0.19349379029780886,0.12815859677632097,0.19198733636916399,23.187602996826172
5572,0.1999912418271861,0.6596856688057513,0.1690354303236187,0.2391283215353519,0.12839019090886733,0.22839721663607002,23.519865036010742
5573,0.20860909786737672,0.693649177945725,0.16089627753974317,0.2370038347405977,0.12489601407273945,0.257012651423616,22.992984771728516
5574,0.19650773523252968,0.6820201983478782,0.13591398638577798,0.2139291595232209,0.11957855694313449,0.24857701998139564,23.702146530151367
5575,0.2004520507448106,0.5992077358888899,0.1404795384115378,0.2060121380511595,0.13473589096890692,0.2530886141556709,25.790794372558594
5576,0.19962515446382542,0.567644928620977,0.15349796612200203,0.21266181790756988,0.13161389188233957,0.24772792870934898,24.395275115966797
5577,0.17296796992243688,0.5554493930692734,0.14266680292461834,0.2016357443738548,0.12939252941651935,0.18601217772012402,22.430374145507812
5578,0.1949641592284366,0.6304286472699021,0.1677556384109744,0.2338517825336784,0.1302785036377179,0.21753743747822893,20.78073501586914
5579,0.2185523281421932,0.6740970340684043,0.17521296058373517,0.24648211393868788,0.14138221608468335,0.26163761362058147,19.11260414123535
5580,0.21111817993166923,0.6675209282037085,0.1597688664255719,0.23230487525101995,0.12734380342132892,0.26588240097378524,19.962753295898438
5581,0.21601511776382498,0.5653707568158042,0.16541196538817773,0.22254893559212435,0.1328483433983438,0.283068954733859,21.144346237182617
5582,0.21113004264019522,0.5398358604859932,0.1650320431050594,0.21857544558804995,0.13672363108754032,0.2697209251693954,20.919363021850586
5583,0.17994162875441996,0.5429182494826955,0.14439924011634633,0.2013305271686819,0.13714096804563258,0.19867692076212978,20.6070556640625
5584,0.1939851945386459,0.6537920130388355,0.1644061507099932,0.23431841675697068,0.12090116785658027,0.22264214844441926,21.020357131958008
5585,0.21140314126049164,0.6888530296673888,0.16262790082191483,0.23780291922841115,0.12691590458555863,0.2622296676291285,20.679258346557617
5586,0.2093097006919218,0.7095514673674751,0.15789170347844095,0.2367002411768744,0.12045503765016576,0.2630908079291248,21.898513793945312
5587,0.2102792847280422,0.6219229523356535,0.1578009572859683,0.22410409943592333,0.12419875134894107,0.2735030385653597,25.17391586303711
5588,0.2058137116523442,0.5668796816142809,0.1602577949480796,0.21834663590039408,0.1254539707241134,0.26516217624750243,25.5598087310791
5589,0.18489763578081045,0.5461497006053961,0.1605051626885791,0.21559723953383866,0.1437560043285113,0.19403441001767255,24.518510818481445
5590,0.2009494754481995,0.6137606099843089,0.16730827242625926,0.2310871777916949,0.15755887182346356,0.2125457640692849,22.68366241455078
5591,0.21905149191160947,0.6547463045749706,0.16065059420051833,0.23123569568258295,0.15850180539000394,0.2613712893184126,22.111005783081055
5592,0.2154804603003579,0.7034336683121497,0.14830449001891977,0.22760865834652402,0.13365535117647623,0.27646525749335893,25.112266540527344
5593,0.21929839226975856,0.6054684850970232,0.15390781662179112,0.2184164835468243,0.1402406359729182,0.28924559916206144,27.5703125
5594,0.2075411164502688,0.5493963807529383,0.15330353217341178,0.20988822482762987,0.14075498206087345,0.2639252642107988,28.443086624145508
5595,0.17901072356212666,0.575012729229686,0.15103792665307889,0.21160575559259423,0.11978349121695944,0.2023138988374889,27.694353103637695
5596,0.18915307449625443,0.6331148715443707,0.15921246160854743,0.22691280588509363,0.1225736255107374,0.2143703273933475,25.1485652923584
5597,0.20720200186174162,0.6687229784749061,0.15778806105737203,0.23077876354559118,0.14490855333000668,0.2410791028536414,22.860462188720703
5598,0.20714067795853663,0.7100053940485868,0.1549294834972211,0.23422604214741619,0.1342571646235529,0.2472140584613777,24.736848831176758
5599,0.21115704457303464,0.6545472504775329,0.15510619048212868,0.22645491333861503,0.14007929023348678,0.2599644444502562,28.2374210357666
5600,0.20470733822018783,0.6033011505260808,0.15694134406469926,0.2207070307020395,0.15132471390584826,0.23741740357361474,27.539583206176758
5601,0.1873039010185434,0.6138554867427468,0.14260105347394378,0.2099231153694871,0.15104889918957523,0.1992352150618149,25.69768524169922
5602,0.19876224746534188,0.6675933813676166,0.16088247874537354,0.23326975054855112,0.13744456077974881,0.22222115811742774,23.14879035949707
5603,0.20757434752933096,0.6742236745274808,0.15796855346375674,0.23171928504428876,0.12032556370271241,0.26279021305203415,20.8858642578125
5604,0.20221546396481346,0.7097552764827755,0.13478872797018787,0.21692680632912895,0.10514596787369987,0.2742788484757618,21.694292068481445
5605,0.20451687452807168,0.6185468816658539,0.1348752257001579,0.20397117655240019,0.11825659630631284,0.28047210370082337,24.878389358520508
5606,0.2028915726074306,0.5556064375636677,0.13995706776882028,0.1993355491680842,0.13858322658867264,0.26227289588327196,25.211984634399414
5607,0.18387222800481862,0.582701741127862,0.13542413586679788,0.19932093661837852,0.14157003436681387,0.20736902740120794,23.60417366027832
5608,0.19959716067853606,0.6750700247907845,0.16503483270472505,0.23789700300273356,0.12768495414351144,0.2290079793630097,21.902070999145508
5609,0.21676127767801895,0.6940486080411398,0.16161130793018316,0.23767377937460557,0.13534846394767402,0.2696990507075574,21.162002563476562
5610,0.21773583312916409,0.7259324836486112,0.14555170872886658,0.22846324800311582,0.12447853979356048,0.2899494767831094,22.721702575683594
5611,0.21415249394514702,0.6760286536288682,0.13783740279426107,0.21472186719920497,0.12240988255977725,0.2939290773100449,27.007755279541016
5612,0.2138860170853922,0.5829544733666976,0.1559375487738062,0.2169399665727907,0.14268788968536109,0.2735121727589458,28.71648406982422
5613,0.17921135867174126,0.5672575524775085,0.13554355046301086,0.19721697932222484,0.13057039843298823,0.20601728081147702,27.566783905029297
5614,0.18771313726565805,0.6685467140359049,0.15894100170732048,0.23174181775426111,0.11332469911896134,0.21427792521649,24.760358810424805
5615,0.20351761516852698,0.6864745544926547,0.16160980051273824,0.2365904796527263,0.11828428086877245,0.2491580262571379,24.598276138305664
5616,0.2039461792472368,0.7210234308682466,0.14021785888145952,0.22319008345100053,0.11434655698938741,0.2655074325445617,26.91547203063965
5617,0.21910351225407967,0.6648086763853281,0.14576781896381732,0.219916512881176,0.12406743003113847,0.30154870865044403,31.608074188232422
5618,0.22330694049735503,0.6033332579075754,0.15159972616944986,0.21613308784632496,0.1669064325273078,0.2789345060407977,32.456119537353516
5619,0.18924360930445186,0.5920733302171097,0.14176182669314435,0.20609204148228225,0.14896809263765642,0.20974230823229628,30.60382080078125
5620,0.19452114275374993,0.7002336090434859,0.15767758390366346,0.23518558749506666,0.12505983407314633,0.219718398700626,27.029850006103516
5621,0.20539347787382195,0.7017221763326453,0.15486921841684,0.23299106954766935,0.12846685257756119,0.2485563822934336,24.820690155029297
5622,0.20504266951074054,0.7301419137390444,0.1395643531014059,0.22393257604963998,0.1263123919356842,0.2574029941673779,26.2156982421875
5623,0.21571131500970625,0.7167951864167496,0.14525045676737158,0.22689970386013986,0.13531242841675475,0.2762705005344094,32.04826354980469
5624,0.2140737213404054,0.6021203532981032,0.17144009185563833,0.23296584349027613,0.15134775948283957,0.2524283310846386,32.08960723876953
5625,0.18584497202768907,0.6254060194433191,0.1511151397263316,0.21887097968590125,0.12831685324821787,0.2072843192587907,28.336402893066406
5626,0.19846491020564347,0.737311505457103,0.169821952448142,0.2508918885922793,0.11712832139823712,0.2237608193238177,23.552610397338867
5627,0.21441242740613628,0.7308924205064584,0.16656120334131416,0.24717994865062048,0.12728394737704038,0.2619782663426715,22.038375854492188
5628,0.21526354996313815,0.751067849197376,0.14271565529101674,0.2296231115633538,0.1295603399616436,0.2776892423142572,25.250186920166016
5629,0.22315610269425126,0.6976257130467248,0.14951101678417303,0.22781311625025186,0.1442195766432559,0.2881506761273718,28.593170166015625
5630,0.2160294063844943,0.5766895105759766,0.17045057266183328,0.22848470664956802,0.15539818964592436,0.25818333329880355,29.174909591674805
5631,0.18924241568059574,0.6179544536761066,0.1453899155378762,0.2128991352719091,0.13557187359495373,0.2155045103631333,26.970115661621094
5632,0.20162584991851695,0.767978775930876,0.16568228190211345,0.25172463819193663,0.113969314001239,0.23448887910689298,23.093944549560547
5633,0.2122832740756745,0.7638710242388571,0.16950990679252145,0.25441863785628366,0.11633228882447885,0.2593719428624377,21.740964889526367
5634,0.21596848079812725,0.7867381594490067,0.15397880071895761,0.2443729948232503,0.11757677307001964,0.27720727528823874,23.65157699584961
5635,0.22078688072483485,0.7602038798828908,0.15791391379916858,0.24395533752541462,0.13302544775425698,0.2773057348735832,29.516050338745117
5636,0.2180244999596692,0.5965367304077347,0.18768513075771118,0.24609250213628595,0.1489501005719447,0.25390509751938845,32.03946304321289
5637,0.19264623977372486,0.5913665541515098,0.1536655600305271,0.21619427347638176,0.14108315351383055,0.21715941076130754,31.303619384765625
5638,0.20124917111541585,0.7496843399977298,0.16291934929944657,0.24674291939920132,0.13253152369890267,0.22157008285655255,28.71553611755371
5639,0.216031304898975,0.7370732663035691,0.16561588652770323,0.24725265506711264,0.13280097534444443,0.2615391618620688,27.743135452270508
5640,0.21734739395559954,0.7367275670848984,0.16062712336226256,0.24292718675121056,0.11947570012883053,0.2806028073578629,30.08601951599121
5641,0.2218082126479956,0.6772403995335716,0.17469808637583098,0.24648984539836535,0.12366926091199991,0.2860833667604183,35.21276092529297
5642,0.21694648592217372,0.6101824153142084,0.18629185724287653,0.2468476512530668,0.13710331017323346,0.2606457450379651,36.547306060791016
5643,0.18604617288234476,0.6333215542301602,0.14529721655542463,0.21501497908038683,0.12371263025792613,0.21524031725542425,34.44019317626953
5644,0.19541869022195754,0.7813975561734867,0.15376771786061372,0.24342912333388128,0.11379325372418525,0.224831818184575,29.528656005859375
5645,0.20898305890373228,0.7792759885722773,0.16055279698592742,0.24894182435540596,0.1129837297950954,0.25801855210357516,26.86322021484375
5646,0.2155914223860167,0.7871139566752735,0.1600466500350216,0.2496276938407719,0.10996768119718228,0.27823045840333605,27.686565399169922
5647,0.21289796669801928,0.7109886509375785,0.17203070083379446,0.24902469370576358,0.11214347443801079,0.2694472612937504,31.699737548828125
5648,0.2157176991621748,0.6194683862338011,0.2037212895768121,0.26311373195638194,0.13603489327621537,0.24396862561745805,31.853649139404297
5649,0.19208330858546363,0.6382928978988651,0.1586770759877821,0.22719362197507967,0.13268129456524289,0.21333854663724278,28.681455612182617
5650,0.1984344894427383,0.789367231040423,0.16154110480606051,0.25123055141096945,0.12850198996905898,0.21342887226000556,26.444900512695312
5651,0.20975837139703565,0.7917558646459157,0.1616019874115832,0.25162396987363067,0.12246232475193505,0.249510013544478,25.383237838745117
5652,0.21566544288471864,0.759936489900677,0.16031675950861135,0.24597672099319218,0.10975255286459788,0.2818168533074099,28.005002975463867
5653,0.21141724249866084,0.681901001787035,0.1640158361693568,0.23799943125759654,0.10766177108847012,0.27894386481850897,31.165847778320312
5654,0.20868845687054394,0.6110544638545028,0.1858732026537486,0.24661338282528492,0.12143703501229286,0.25184914078611526,31.254383087158203
5655,0.18743379814448877,0.6527703523809214,0.15767799557766896,0.22840547512099071,0.11381189836494753,0.21600274309714806,29.754913330078125
5656,0.19324834655575743,0.7815188725686478,0.1636231756568309,0.2518939895013762,0.11327658563053403,0.2119086997879115,25.549711227416992
5657,0.21065916051053096,0.7956283920591074,0.1730279984159011,0.26197091179350196,0.11529162342651612,0.24920797308644424,23.85039520263672
5658,0.2147375368969867,0.7525034081858848,0.16937211997705917,0.25267658972117707,0.10160467230516933,0.2805321221936603,23.70397186279297
5659,0.214092455755486,0.7066503195173186,0.1730922085988257,0.2493147958728961,0.1075651966609754,0.2764842598604489,27.137311935424805
5660,0.21065185782852616,0.6265746916940546,0.18149797770527865,0.2450803654179609,0.12388342080225515,0.25644929608575795,30.245983123779297
5661,0.19055235827661351,0.6301877765783985,0.15196651562986263,0.22028383862251058,0.11992602488448889,0.22633535469206265,30.581787109375
5662,0.19493680647329095,0.7433741667747755,0.159515784638071,0.2429241249433145,0.11538512794280467,0.22255562152619576,28.249000549316406
5663,0.2162848979725482,0.7756673009636985,0.16909266101410084,0.2557461810069005,0.11896150998822781,0.26691423980377027,28.106233596801758
5664,0.2196574669230954,0.7420770588421584,0.16828454234141102,0.25025490184151783,0.1037286310673305,0.29432244274327013,29.228796005249023
5665,0.21370585908469938,0.694693486299786,0.17016850803618486,0.24510064778812785,0.10116328425767683,0.28471017194284415,31.967761993408203
5666,0.206638330793711,0.5974076818403731,0.1688430974501217,0.23006660950587185,0.12240635722192186,0.25984156379588585,33.47864532470703
5667,0.1833758347052079,0.5879786011085644,0.1529516342819065,0.21509834382857188,0.11954191787052125,0.2114733164526153,32.891265869140625
5668,0.18701619415103796,0.6919656829517902,0.15405663582290702,0.23090078541274747,0.12215728986577044,0.20536871804665116,29.247472763061523
5669,0.2060399864153177,0.7472370577161294,0.16354015180488887,0.24692542407792323,0.11925285421078582,0.24620396913950326,27.00273895263672
5670,0.2120021517954214,0.7098787649184175,0.16187446323004903,0.2401607920426731,0.10168434332980783,0.28389142398648803,26.097749710083008
5671,0.20994704627899824,0.706314185999408,0.16441064170245345,0.24182543374487553,0.10147536956937783,0.2769661743672735,26.768041610717773
5672,0.20800802872490126,0.6249437951046259,0.17271100169546139,0.2373156864681992,0.12720113783505857,0.25306985772812784,27.19167709350586
5673,0.18161942197518569,0.5824751810260306,0.1550763881474473,0.2161333585586735,0.12563814286456404,0.20040334668642773,26.40483856201172
5674,0.18736798384205253,0.7013225436494138,0.15978426288772996,0.23714687442511334,0.11487276474542908,0.20724477129141983,24.635454177856445
5675,0.21336668645642812,0.7617117760291664,0.17403055878405185,0.25798501839049676,0.1136045966343285,0.26161747460845514,24.612552642822266
5676,0.215584410820653,0.7064074903631987,0.16354907011484934,0.2411002730074707,0.09716600213364869,0.2968741390083162,24.902936935424805
5677,0.21420108133623816,0.7003022483399511,0.16708528471173098,0.2432591366586196,0.10062121369947312,0.28815766711132385,26.224388122558594
5678,0.2077967446658947,0.5767641784167452,0.1708604337510972,0.22884668298904695,0.1309786534652338,0.25659387843371473,27.0828914642334
5679,0.181548322697949,0.5697446362132674,0.1493197734176244,0.20938046810271627,0.1290161939609043,0.20316080811369172,27.454748153686523
5680,0.18754498600146127,0.6754173701889356,0.15556169452379262,0.22982679104738443,0.12358385592707953,0.20651439540136254,24.510515213012695
5681,0.21114730657499808,0.7618411544884854,0.17029407924391907,0.25480080427885715,0.12331113705781586,0.2498071444116559,22.783916473388672
5682,0.21713139162840844,0.7051585913754698,0.1634340034198047,0.240823230270614,0.11686634613644124,0.28413294762194974,20.01140785217285
5683,0.21674263805187682,0.7174357738328219,0.1857856405670173,0.26173565960498935,0.11475049915619949,0.266616865726621,22.036026000976562
5684,0.21012383770127407,0.6066110281692734,0.18673806457441333,0.2467199165165362,0.1262750771626657,0.25146993420920205,24.52315902709961
5685,0.18752770005922478,0.5784657491518272,0.1603000848914525,0.2200380369286489,0.12024372832830055,0.21795463056303738,27.657503128051758
5686,0.19094407803953323,0.708670348471261,0.16289841443602074,0.2408658335839122,0.11154592252036215,0.21673592801747626,28.203683853149414
5687,0.21551933190526437,0.7722049213787748,0.1773924349717928,0.2623656473156474,0.12204079459567883,0.2563225260670666,27.704561233520508
5688,0.21482252806435662,0.7002588515315527,0.16586795469810656,0.2422095113885989,0.10947971224197406,0.28303388150022935,26.3804874420166
5689,0.22383565635113054,0.7007288188053423,0.1898371198296822,0.26282164825477655,0.11523981146610578,0.28474427770983696,27.7423152923584
5690,0.2182957373416178,0.5766118838211846,0.18845355903173663,0.24390474828737205,0.1331473770377442,0.2703926680299722,28.384986877441406
5691,0.19326794615702522,0.6097346173910494,0.1642118604364637,0.2278579685728331,0.12147217493268633,0.22582297636448984,29.24029541015625
5692,0.19342225671363683,0.7292533367898484,0.17472135473945571,0.25394020931808325,0.10571479033647788,0.2172130812647603,27.865997314453125
5693,0.2063008445336347,0.7781441170139564,0.17815522206954784,0.2638679213473205,0.11644127833312615,0.23455677274710468,26.30147933959961
5694,0.20658354035567894,0.69162136167131,0.16480916421873157,0.24006804956909994,0.10897638964558058,0.26269085166527173,24.563735961914062
5695,0.22207468057675267,0.7248927207476834,0.20110377880707475,0.275930770512876,0.11539706487821651,0.2682935156188639,25.647769927978516
5696,0.21736431990367375,0.6190639813451229,0.20364719113299992,0.2629924468775889,0.12756326197613357,0.2560156344880957,25.824790954589844
5697,0.18966959701454372,0.6375471211778538,0.17137973660918734,0.237975077261854,0.11203735227732149,0.21533051594321678,25.734102249145508
5698,0.18819858939855696,0.7608225340331114,0.1601177721989612,0.24593273817526837,0.10685353179071291,0.20885813462579803,25.135108947753906
5699,0.21571633924143632,0.8077515213707719,0.1851135111729109,0.27406179834403394,0.11491176136748252,0.25286806816637303,23.96832847595215
5700,0.21441720026641342,0.7352383165250096,0.16308331485053737,0.24481974366117626,0.11291530614115611,0.27662913215559615,23.468473434448242
5701,0.22794080026472116,0.7534034199866482,0.20435929527865926,0.28279417023694337,0.11306218630271433,0.28046288875578274,25.353853225708008
5702,0.223894762326555,0.6021603259382946,0.205325895650064,0.2620165285483827,0.13393350158556688,0.2692543200308203,26.242042541503906
5703,0.19446664659877905,0.6722027637765883,0.17911943148929277,0.24955990753033497,0.12118197238662451,0.21038413321930283,27.405200958251953
5704,0.1928114116964169,0.7558818992541383,0.1801072590531777,0.2623607790818863,0.11693717595912757,0.19834567150425933,25.6252384185791
5705,0.21165618861218125,0.7683640567147069,0.18543849786380096,0.26871357769964466,0.12549992534897186,0.23711770351595896,23.25350570678711
5706,0.21043431738241258,0.7300917961195849,0.1672466268750844,0.24765307962429878,0.11563347013470815,0.2608186417625036,21.387332916259766
5707,0.22158460336295532,0.7395286364929741,0.19681129036298087,0.27434233981012274,0.12196152514313348,0.262591777414028,23.69877815246582
5708,0.2237617869647903,0.6311361178933579,0.20012366440074078,0.26169687204254327,0.1404752296214288,0.26344432519719774,25.59364891052246
5709,0.1945045876828429,0.6662014041626245,0.18151934953963558,0.25075964305720544,0.12663164282601252,0.20467024098000225,29.003856658935547
5710,0.19173682545021825,0.7723480395061406,0.16893998417648512,0.2551411349378645,0.11560305532207156,0.20287510351065619,29.88070297241211
5711,0.21024349974358536,0.7741059341292029,0.18115429745708614,0.2658616741245314,0.12111331788060395,0.23956650629036635,26.93233299255371
5712,0.2043961809504788,0.7355520494621697,0.1496050862772649,0.2333117953036799,0.11722025200194595,0.25537395622139397,26.120756149291992
5713,0.2174577848771138,0.7076965778461286,0.18856781489063046,0.2627290667414159,0.11419584539411563,0.26819961029347295,27.755970001220703
5714,0.2121684719892261,0.5786989130046194,0.18719894716581434,0.24312751371421507,0.12401749236733095,0.2622114176490191,29.322736740112305
5715,0.18464154888382742,0.6300385740975492,0.16376875141264347,0.2303787260819157,0.11636484103622792,0.20436363820214956,30.72117805480957
5716,0.183244125504432,0.7340302460236005,0.1581229468400391,0.24039541815197646,0.11254211945825263,0.19510099972823763,29.354724884033203
5717,0.20112861055320327,0.7333035718936134,0.17094703535364864,0.25128368343078644,0.12223870763173601,0.22627158684160184,27.39962387084961
5718,0.20068742445692192,0.7552509819517839,0.14947308461556055,0.23601278423502103,0.11802482308085056,0.2421075108551477,24.7779483795166
5719,0.21252229841962683,0.729975580271855,0.18652139879629348,0.26415771043565933,0.11673849721378889,0.2511521389607066,25.356365203857422
5720,0.21143504237603422,0.6227484889072405,0.19003676732674982,0.25185272755253424,0.12206860056232152,0.2542652044335953,24.644702911376953
5721,0.18450308933585313,0.6485916866035025,0.1709041758676918,0.2391452488299505,0.11826574124570931,0.19464887935739378,25.180667877197266
5722,0.18059755700136293,0.7451483675866047,0.14929024863579232,0.23441283705733693,0.1170651826610375,0.18910001450017044,23.308725357055664
5723,0.2050257916005821,0.7446082883644737,0.16428790978107766,0.24719082100727707,0.12920004680499228,0.2344789175658651,21.39959716796875
5724,0.20340628360503007,0.751428465690631,0.1452304247913393,0.23183014491980955,0.12021375917077093,0.25132886383457487,21.26141357421875
5725,0.20830424586209728,0.70246614146271,0.17392645190832776,0.2494321218446681,0.11026881639585959,0.25809835516030577,22.64365005493164
5726,0.20797771966466663,0.5768258848751286,0.18076864835509202,0.23734825357224013,0.12030056064163679,0.258996016640691,24.76823616027832
5727,0.18009455864123455,0.6266965913285201,0.16121104364204575,0.22770897902582782,0.11683968617953562,0.19377995420870203,27.697221755981445
5728,0.17922369889170714,0.7211206849063837,0.14847828979866076,0.23028434624262115,0.11625083423549887,0.1896468890338396,25.82611656188965
5729,0.19991533824624047,0.7094342749228877,0.16359642232735583,0.2415732584124318,0.12855497850163927,0.22590497287734906,22.75824546813965
5730,0.20256612325347154,0.7497913190695851,0.15188120522542467,0.23729693577459046,0.12240173708488043,0.24232050019500967,20.04552459716797
5731,0.20624385480749205,0.7158921194918092,0.17334425651645013,0.2508510940843585,0.11488689196105852,0.24714986293086316,19.501604080200195
5732,0.2067408352819452,0.6099773059517108,0.17857873354927611,0.2402071010353382,0.12079558180817443,0.2526599495372758,20.98223304748535
5733,0.1819913474706305,0.6210749062855586,0.16661507842813802,0.2315379109791981,0.1188686784796666,0.19387043976772728,21.623624801635742
5734,0.18029838584416422,0.7149595258983164,0.15136113748111465,0.23187519296928633,0.11896889508262361,0.18883198402603035,21.706302642822266
5735,0.20058936852725104,0.6845387809382921,0.16743744752203804,0.24130906658150295,0.12243573485541091,0.2333440621926408,21.402061462402344
5736,0.20239171781636145,0.7598157981476404,0.14515090330417482,0.2329601739960985,0.11535818531477367,0.2517986595979808,21.8649959564209
5737,0.194404471082445,0.6969355672714901,0.14434523209402303,0.22328670854794688,0.09713681209986962,0.25424171490988423,22.53343391418457
5738,0.19679316517703588,0.5661930257852741,0.146627080780925,0.20656507292440343,0.11156231603778151,0.26281973889493687,22.89801597595215
5739,0.1634326413034379,0.5553704274811513,0.13475363928107761,0.19484175188108813,0.11312332228794962,0.17997032368654625,22.576154708862305
5740,0.16766141937323786,0.6551008428591468,0.13261948672261298,0.20725968045640353,0.11547125887929403,0.1786793313576688,21.33034896850586
5741,0.1880575614936044,0.6478209558783699,0.15309344841293815,0.22376880662228554,0.11429304734170855,0.2213541718889173,19.952434539794922
5742,0.19387066520115592,0.7383544860546647,0.13908037129224962,0.22469095911545178,0.1127745590979116,0.23786200086648585,19.66820526123047
5743,0.19086437462442876,0.6902676868185564,0.1415683429605047,0.21995396351165494,0.09739941634498228,0.24719282284262153,20.002025604248047
5744,0.19193369861225973,0.590468748965884,0.14080206386806918,0.20504016173918554,0.10962609378777431,0.2524846975976243,19.988107681274414
5745,0.162584652425625,0.5623967977146347,0.13653443972520038,0.1973719194379767,0.11086018136367203,0.17740470596902613,18.736051559448242
5746,0.1666959561612323,0.6560311553904955,0.13426409121224514,0.2088022432377095,0.11396789691350048,0.17599000681108018,17.7531795501709
5747,0.193357471592525,0.6746487624235762,0.15986223224417032,0.23340316512694256,0.11379081264503677,0.22793831632896183,17.340566635131836
5748,0.20159392400569062,0.7810342613184407,0.14799939880729854,0.2384329505946046,0.11348264298788466,0.24645714663097112,18.09173583984375
5749,0.19520627961538614,0.7167165947920189,0.15073451464784093,0.23158909752558063,0.0983722601630387,0.24810108096476993,19.447248458862305
5750,0.19145032368908385,0.5705351904890329,0.13922348834042506,0.2008394457902262,0.11168538350045694,0.25302916451563284,20.88811683654785
5751,0.15330267249941495,0.5305593944619754,0.11610940013675806,0.17531654218321768,0.10734893346114337,0.17425005818457528,22.834497451782227
5752,0.16522990146696842,0.6305458724925821,0.13002919186086054,0.20153157480824935,0.11600664757093425,0.17653628445237743,21.030345916748047
5753,0.1911242779408626,0.6556726373405757,0.1550382963370799,0.2265574879090079,0.11624011032602566,0.22564386588171773,19.978984832763672
5754,0.1933935456619107,0.7193601083769173,0.14022753980523275,0.22296076388690197,0.11795355212481169,0.23353222406000484,20.013412475585938
5755,0.18862105556290032,0.7030099566510464,0.137566461231206,0.21834410343404034,0.10468287406799437,0.23605929748369547,19.687225341796875
5756,0.1872885682382024,0.5883492541879283,0.14021578103525564,0.2042348486284946,0.10875886578755631,0.2411740625410121,22.29950523376465
5757,0.15409975669125384,0.5301453873937689,0.128627645888091,0.185987323246045,0.10027311517041763,0.17329644728654325,24.15630340576172
5758,0.1682729339393865,0.6557712957917774,0.13668839890367357,0.21084309845911697,0.10950378259173088,0.18244704741382095,23.465547561645508
5759,0.19990947325899555,0.6800658289143344,0.16297085524378344,0.23684156576814788,0.11592888078954267,0.24107691072425858,23.659273147583008
5760,0.2025260481246192,0.7735972320423659,0.14772776676309055,0.23713769037441562,0.11706095805834162,0.2470228149640402,24.280868530273438
5761,0.1951340479879919,0.7180339607691477,0.14153020405848635,0.22388788358858083,0.10521390043949376,0.24865457094241245,24.625370025634766
5762,0.18883631108012147,0.5757490133100198,0.13411045894639054,0.1972016809983376,0.10966427671217617,0.2507921424736347,24.855138778686523
5763,0.14179595631893066,0.49222773920080864,0.10866943628747854,0.1634634795608114,0.09906911893473998,0.1602228561934519,24.730260848999023
5764,0.156790351810484,0.611947761723725,0.12638649916112513,0.1957523938129251,0.1058628803905293,0.1672601025508083,22.341569900512695
5765,0.18676642886497133,0.6586277441426693,0.15280050586355928,0.22506153990343217,0.10909370381921057,0.2212218411213588,22.189353942871094
5766,0.18281042280457582,0.7222569573724847,0.1359766395793426,0.21973097069264863,0.1093131596532877,0.21481504865988937,22.840036392211914
5767,0.18155431509847778,0.6701347150715712,0.13645703593266323,0.21269670438107863,0.09861936274315566,0.2268728077871089,23.303871154785156
5768,0.18245270047453263,0.5878039522256076,0.13452016869354008,0.19927499491240688,0.10309278164886018,0.23717312181385602,23.22545051574707
5769,0.14142349710529567,0.5196514649997999,0.10944007459009301,0.16804170179147968,0.09706652392229172,0.15694491954001313,23.369731903076172
5770,0.15564310401851003,0.6543913614203913,0.12240390705785419,0.19840211482393094,0.10417090550598111,0.16326714326222955,21.091766357421875
5771,0.18735377247848434,0.6950919758328482,0.15543954955078806,0.23253275330536807,0.10943248850465233,0.21600328773206406,21.64291763305664
5772,0.18566305995421103,0.7543535936703306,0.13784778032185604,0.22592003937163813,0.11242420588134128,0.21452220027772345,22.26304817199707
5773,0.179045673000224,0.6593660479115817,0.1318587494556819,0.2072169349493819,0.09900181938134207,0.22443419071123255,23.002452850341797
5774,0.1760355332293625,0.5430379379960238,0.1263618108018381,0.1858869718295789,0.10063468689373577,0.23339126499784657,23.749534606933594
5775,0.13942738653340317,0.4952791755214332,0.11191040982528157,0.16667737635330324,0.09698673318228393,0.15271921712321995,25.36507797241211
5776,0.1647526414453801,0.6312448193861979,0.144614605709782,0.21413320766355573,0.11238145549807137,0.16736943370837154,23.11717987060547
5777,0.2023200110906025,0.6760224311185878,0.18664962599197343,0.25656002672434697,0.11638168914784193,0.23005602911099152,22.030790328979492
5778,0.1911017133970906,0.7270730702160195,0.15341139155403322,0.235363059934317,0.11444420049947532,0.21944835896243087,22.332162857055664
5779,0.1909869359432223,0.6564044529545423,0.15286717731645927,0.22480107383618542,0.10398930057577761,0.23752249623339375,23.152414321899414
5780,0.18788563267900937,0.5690396402782103,0.1427489982145109,0.20364766136646795,0.10935141824102124,0.24281129521072276,23.33950424194336
5781,0.14008203249083007,0.522185428971176,0.11145630297180383,0.17013189240028556,0.09603733822027476,0.15232751255679233,25.687877655029297
5782,0.15987723054151434,0.6796409356513435,0.12931466600830144,0.20793270452873602,0.10311943022855005,0.16749176607653915,23.10013198852539
5783,0.19416489523519792,0.7314558767376809,0.15676487261410574,0.23886358748890218,0.10240619265437709,0.23534240427142494,24.112817764282227
5784,0.1870617406189263,0.7907558738799125,0.13606006396676662,0.22958803681150178,0.10081791380355162,0.22531457991387563,24.35518455505371
5785,0.1846621234982325,0.7036604304231189,0.13523439433511464,0.21643811377625813,0.08770090071969706,0.24169920193617866,23.6660099029541
5786,0.18269111928093051,0.563620080173294,0.12772705820666377,0.1899974899161824,0.10465392535371741,0.24458058966139667,23.322586059570312
5787,0.1420954172919206,0.49042689617849916,0.1118540942883488,0.16593592312979885,0.10365170802981215,0.15487322028812206,23.134248733520508
5788,0.16307290683442777,0.6471135243484148,0.13896422164106143,0.21155697917068333,0.108734586276435,0.16819537402844786,21.397966384887695
5789,0.20093328179038686,0.7168270260235845,0.18134477612606323,0.2578422403971377,0.10342369675558102,0.236458829914935,20.8333797454834
5790,0.1817811100454917,0.7337153263286007,0.13961894546147124,0.2244898570139183,0.09864689139974973,0.21715339776314263,21.69512367248535
5791,0.18105682364997697,0.6920270265882902,0.13689337793187453,0.21619818488279105,0.08664117846254771,0.23292182211026524,21.462696075439453
5792,0.18051178699974982,0.5748480560422341,0.1353886850097552,0.19816859515725221,0.0983986812982325,0.23691104735076282,19.668487548828125
5793,0.1387486404312119,0.5194029718475104,0.10762488036926236,0.16645032200901208,0.09490807390572661,0.15287016476043633,18.74440574645996
5794,0.15731149750049592,0.6878864060274543,0.122711161822245,0.2034504824229892,0.1072339386368845,0.16075774969897433,16.761442184448242
5795,0.19619272391728207,0.7758933337776897,0.15752926249646426,0.24586698696521075,0.11175264237654545,0.22661281509848905,17.140390396118164
5796,0.1812657068715846,0.7878431718013887,0.13129856317562436,0.22509065012216212,0.10218979021713584,0.21211030859997193,18.719398498535156
5797,0.17792218633454351,0.7072212332479693,0.12866033268117405,0.2113118899050019,0.0887699741960051,0.22671438133161353,19.493858337402344
5798,0.1754185290555113,0.5670453581334993,0.12306225045617208,0.18648840869579028,0.10105921390706521,0.2307967851251576,19.378820419311523
5799,0.1383030255023911,0.49654423541336273,0.10412602348481881,0.16018576804603937,0.09674284254939566,0.1555207858605699,19.157197952270508
5800,0.15832717639425828,0.6168402598855269,0.12719444850122089,0.19714385012755034,0.10456994855875248,0.17140016123369534,17.006113052368164
5801,0.20689453798172977,0.7086827694230768,0.17870598331642917,0.254416952760236,0.1090713712964111,0.2509076959001906,15.617938041687012
5802,0.18704302401032544,0.7160400692756378,0.1427421223924972,0.2246418290900887,0.09969375689600708,0.23057467829056108,15.256621360778809
5803,0.18523937476794644,0.6668332205615146,0.14198795273030587,0.21696584813476427,0.09669066316917364,0.23495883322090702,14.587082862854004
5804,0.18053976732973828,0.5447656671331537,0.13819181638231784,0.19627379506100873,0.10565906402393024,0.23229310845745868,15.186564445495605
