seed,window,S_theta
42,0,0.05391983466772624
42,1,0.05338412766008402
42,2,0.05437053974763502
42,3,0.053409179784400795
42,4,0.05832446275436831
42,5,0.06507642000752466
42,6,0.0686768438283941
42,7,0.0700147931883695
42,8,0.06760103908413773
42,9,0.0583786350812203
42,10,0.05167598905245917
42,11,0.051834026454044925
42,12,0.05421426922984512
42,13,0.05616703583062367
42,14,0.06116109850888943
42,15,0.06673295290451452
42,16,0.07680943510132002
42,17,0.08211803145284964
42,18,0.08255325170656762
42,19,0.08102194047746959
42,20,0.0731140204498363
42,21,0.06667763428189186
42,22,0.06058176173257549
42,23,0.058041873948521595
42,24,0.055204005100797635
42,25,0.056480666686893555
42,26,0.05713810414899969
42,27,0.055586919941958524
42,28,0.06214288438468185
42,29,0.06859108762753034
42,30,0.07082399432079824
42,31,0.07253697335265284
42,32,0.07145440816324725
42,33,0.0623713305494038
42,34,0.05511806022960385
42,35,0.05864049370183162
42,36,0.06262047641576111
42,37,0.06629515405965132
42,38,0.07264017781071481
42,39,0.07380247827008901
42,40,0.08102165240038048
42,41,0.0834247937446373
42,42,0.07832468314074194
42,43,0.07758350167546184
42,44,0.0735691613652676
42,45,0.06988090235319841
42,46,0.06713328117904552
42,47,0.06682872651702751
42,48,0.06311403117249044
42,49,0.06050478570334929
42,50,0.06023150318144726
42,51,0.05636488446120724
42,52,0.062213075310803785
42,53,0.070380180441188
42,54,0.07417414574584028
42,55,0.07557647263755493
42,56,0.07188454319271524
42,57,0.06539747667765974
42,58,0.06000842593007809
42,59,0.05825277195211365
42,60,0.060468175371907726
42,61,0.05654610354663191
42,62,0.05422146902691936
42,63,0.054638255844339616
42,64,0.06324203987112482
42,65,0.0713333990235463
42,66,0.0728403665886314
42,67,0.07122946526772057
42,68,0.06592554851106831
42,69,0.06188952357667811
42,70,0.05842433055513855
42,71,0.055235740802099524
42,72,0.052139144132635463
42,73,0.050088407440191836
42,74,0.04920686253182735
42,75,0.0490809744073059
42,76,0.05273573006770738
42,77,0.05938101416443685
42,78,0.06292048596528957
42,79,0.0656117884917628
42,80,0.0647908604999189
42,81,0.05746345987274639
42,82,0.05071764932676619
42,83,0.050123966472407175
42,84,0.05132820383364626
42,85,0.05276410092249319
42,86,0.05582172203576652
42,87,0.05888530496717839
42,88,0.06539447043058993
42,89,0.0726201409835485
42,90,0.06661974811552038
42,91,0.06527142128926254
42,92,0.06313791778267175
42,93,0.061137253111876164
42,94,0.05870726552077089
42,95,0.05795944243598401
42,96,0.05526037434647711
42,97,0.051492853719213
42,98,0.050178125141531325
42,99,0.048863377837285456
42,100,0.05338972466818797
42,101,0.059712485608129626
42,102,0.0652505281211957
42,103,0.06930963111952725
42,104,0.06779631034093263
42,105,0.06079593207185524
42,106,0.052672546484400236
42,107,0.05303232387599808
42,108,0.0550304571592238
42,109,0.05706992795396654
42,110,0.059668051289599344
42,111,0.06363648912616138
42,112,0.07161806355267324
42,113,0.07746624512020668
42,114,0.0767292674471092
42,115,0.07431873580758834
42,116,0.07414865139392987
42,117,0.07029951506394688
42,118,0.06783882873146457
42,119,0.0639019328222287
42,120,0.06000659269992926
42,121,0.05335070809971036
42,122,0.05264368159341658
42,123,0.051825271585147985
42,124,0.05663188619735067
42,125,0.059127077812148356
42,126,0.059281642348332435
42,127,0.06278676592234131
42,128,0.06326472419689459
42,129,0.05899876655148616
42,130,0.055962989205490116
42,131,0.05936022631457912
42,132,0.062132985499751166
42,133,0.06265725268978817
42,134,0.05966661874759948
42,135,0.05547909439514073
42,136,0.06049353618810967
42,137,0.06779836906288131
42,138,0.06850812758865747
42,139,0.06623469808454892
42,140,0.06419650205710833
42,141,0.06259031713671193
42,142,0.06242549413771123
42,143,0.06379752319735449
42,144,0.06062828018976406
42,145,0.05426177048560312
42,146,0.05143929263379176
42,147,0.049830863139420666
42,148,0.050402258333722284
42,149,0.05204071177796364
42,150,0.054057046383150134
42,151,0.056901365926617056
42,152,0.05657400854110152
42,153,0.052005789670866796
42,154,0.04805533401069543
42,155,0.049829672670553035
42,156,0.05324462972846856
42,157,0.05496377448049203
42,158,0.05633926165373235
42,159,0.058111538040105035
42,160,0.0636222590718791
42,161,0.06738937844028631
42,162,0.06704361111156056
42,163,0.06445616234520253
42,164,0.06452104790697002
42,165,0.06381053828961517
42,166,0.06351801823421983
42,167,0.06228722739414008
42,168,0.05916465272826393
42,169,0.05253372919508699
42,170,0.050767293986122335
42,171,0.05010431837606154
42,172,0.05422723388909357
42,173,0.05550670815589509
42,174,0.05843747613442518
42,175,0.06222914328931638
42,176,0.061897487113581624
42,177,0.059874936038070085
42,178,0.05782245515681786
42,179,0.06073760628978666
42,180,0.06680181076455986
42,181,0.06827440988237572
42,182,0.06522364848415169
42,183,0.057878309560432856
42,184,0.057353574815907554
42,185,0.059727696429186385
42,186,0.06340939704705253
42,187,0.06377239165615775
42,188,0.057800356152031634
42,189,0.057052092790376284
42,190,0.05621357788523214
42,191,0.05506280750428569
42,192,0.05203683919133079
42,193,0.04843229089409621
42,194,0.04566394680947881
42,195,0.04487225522516714
42,196,0.050559026134478956
42,197,0.05279227152629687
42,198,0.053667194005809916
42,199,0.05511668047131124
42,200,0.056121603287990596
42,201,0.050654643554872564
42,202,0.04383051655607799
42,203,0.043156880086145995
42,204,0.04483206085711915
42,205,0.045801696570716144
42,206,0.048053412557234575
42,207,0.05369571051064093
42,208,0.06205797681989764
42,209,0.06569563520432398
42,210,0.06529590676455088
42,211,0.06421951938124418
42,212,0.06092672066027703
42,213,0.057290286396309155
42,214,0.054473378768810185
42,215,0.053103478707915514
42,216,0.053641842629461846
42,217,0.0496918131661188
42,218,0.046538741321122346
42,219,0.04401031449055653
42,220,0.04872262428546014
42,221,0.053025000605186334
42,222,0.05526827035869137
42,223,0.05967520542136315
42,224,0.061123033165666495
42,225,0.055416532252146794
42,226,0.04842562077197628
42,227,0.04698802798568655
42,228,0.048822845081762885
42,229,0.049902198665607515
42,230,0.05255501569109335
42,231,0.05820097212161561
42,232,0.06653392582166802
42,233,0.07041693565797996
42,234,0.07043113243986707
42,235,0.06778662216888752
42,236,0.06468034184085476
42,237,0.060223770909322294
42,238,0.056652875512648304
42,239,0.05443880088915191
42,240,0.05371683388656983
42,241,0.05388436839659949
42,242,0.05248877006412226
42,243,0.05166976294796622
42,244,0.055703110364702026
42,245,0.05675813863775785
42,246,0.0565287566944957
42,247,0.06110312487502571
42,248,0.0650880753241379
42,249,0.0619064256976334
42,250,0.05394179444043376
42,251,0.051763551594157554
42,252,0.05444495016518629
42,253,0.057430459052077575
42,254,0.05668518125372481
42,255,0.05772870907661204
42,256,0.060813548546317535
42,257,0.06165627136929072
42,258,0.05892469301037631
42,259,0.05422049879780499
42,260,0.05521787405489754
42,261,0.0570793173724371
42,262,0.05605587386761364
42,263,0.056319437098477906
42,264,0.055783481169825316
42,265,0.054650862003922704
42,266,0.053342074851719316
42,267,0.05093527953651175
42,268,0.05492775129512017
42,269,0.055322079956107
42,270,0.05468474499374697
42,271,0.05774909228918695
42,272,0.06002785709133351
42,273,0.05676443252314953
42,274,0.0509485724393706
42,275,0.048612859891250075
42,276,0.05069771658458815
42,277,0.05440017782140274
42,278,0.0569012773564269
42,279,0.061288934961943646
42,280,0.06839434680747769
42,281,0.0715597991204634
42,282,0.0678842001283417
42,283,0.06597662438398565
42,284,0.06436909013279257
42,285,0.060260121289375655
42,286,0.05544023359916881
42,287,0.05480859880155553
42,288,0.057511884027853226
42,289,0.057569122638118586
42,290,0.05570039372623073
42,291,0.05293108476374072
42,292,0.05920399733943032
42,293,0.06243564953416295
42,294,0.06276030729533945
42,295,0.06649227643232158
42,296,0.07051681432741366
42,297,0.06596047842339268
42,298,0.055425683222291015
42,299,0.053580418739244726
42,300,0.05745990803528628
42,301,0.061977183674573534
42,302,0.06611884776913847
42,303,0.07339006344563233
42,304,0.08515712649382252
42,305,0.09033212791689223
42,306,0.08808265161357082
42,307,0.08481575389954228
42,308,0.0834939432723081
42,309,0.0751299657994172
42,310,0.06656103930857173
42,311,0.06345372996848724
42,312,0.06699727868650406
42,313,0.07136319637489869
42,314,0.06875795804368881
42,315,0.06482474804633374
42,316,0.07299195090877958
42,317,0.07573820262669408
42,318,0.07429193510382515
42,319,0.07741940350388293
42,320,0.08131639787058004
42,321,0.07499633367590808
42,322,0.06290965673127803
42,323,0.06083495354873717
42,324,0.06507307195431898
42,325,0.06822976617000917
42,326,0.0707505519270204
42,327,0.07292937427414904
42,328,0.08535955311287527
42,329,0.09201079874144215
42,330,0.08952400563883375
42,331,0.0909337773686575
42,332,0.09085520132456687
42,333,0.08341219055859848
42,334,0.07611379585073463
42,335,0.07204461588203441
42,336,0.07533599786434347
42,337,0.07639304029336975
42,338,0.07375317709976374
42,339,0.06932050548523642
42,340,0.07756697974002835
42,341,0.0802681829658455
42,342,0.07659125874747699
42,343,0.07934661739950173
42,344,0.08312920231037899
42,345,0.07810820423100476
42,346,0.07389222925160485
42,347,0.07947795055031122
42,348,0.09074995282598751
42,349,0.09968274116141577
42,350,0.08921458096227601
42,351,0.07923167661861814
42,352,0.07896467545651835
42,353,0.0826407377985317
42,354,0.0817510831833443
42,355,0.07896707769731137
42,356,0.07880933305928944
42,357,0.07619958257125713
42,358,0.07270820830242401
42,359,0.07260984214255273
42,360,0.07864776125986091
42,361,0.08010699210444452
42,362,0.07260899780351447
42,363,0.0648542197900531
42,364,0.07119204791976262
42,365,0.07684478453982221
42,366,0.07528715515695092
42,367,0.07780677546501263
42,368,0.07983548259107716
42,369,0.07225218861434039
42,370,0.06441347333029439
42,371,0.062179417213306575
42,372,0.0714778726889066
42,373,0.0755422208476954
42,374,0.07640266749492068
42,375,0.07732992388720748
42,376,0.08548231681484589
42,377,0.08868564516633529
42,378,0.08178756873508776
42,379,0.0798923893652851
42,380,0.07939193939220085
42,381,0.07316488394897133
42,382,0.06665236969969568
42,383,0.06490594245627364
42,384,0.06899954108833199
42,385,0.07296314419130187
42,386,0.07154103500078383
42,387,0.06643982153908275
42,388,0.0721870407923613
42,389,0.07557891883702585
42,390,0.07205950782808573
42,391,0.07379482684244715
42,392,0.07763238290832682
42,393,0.07077112023664307
42,394,0.06042727693183837
42,395,0.058716423679071546
42,396,0.06607419690925274
42,397,0.07074651339893884
42,398,0.06944094924324785
42,399,0.07406220166763519
42,400,0.08299935682964955
42,401,0.08477476675578356
42,402,0.07947528841766532
42,403,0.07496172625372113
42,404,0.0754380818929114
42,405,0.07298027011768238
42,406,0.06685153670956007
42,407,0.06563329484599001
42,408,0.07233678834326875
42,409,0.07265604683223716
42,410,0.07097943881252043
42,411,0.06777896607035916
42,412,0.07461843472548665
42,413,0.07737764680406242
42,414,0.07378206038211624
42,415,0.0745267641394011
42,416,0.07858223102122873
42,417,0.07394884419327878
42,418,0.06732944148630672
42,419,0.0698159496629283
42,420,0.07910003527490288
42,421,0.07986368067328695
42,422,0.081133941509441
42,423,0.07714765897250282
42,424,0.08648008112730488
42,425,0.0911533131549168
42,426,0.08304145072939564
42,427,0.07841942682291488
42,428,0.07808160580852817
42,429,0.07438445743082898
42,430,0.06715001048504435
42,431,0.06438022624221076
42,432,0.06971562026355983
42,433,0.07461584934900599
42,434,0.07289551538307164
42,435,0.06834384400993555
42,436,0.074105670577531
42,437,0.07876683591128532
42,438,0.07768982278881599
42,439,0.07668657567605236
42,440,0.07925047820612273
42,441,0.0748119702467654
42,442,0.06764898786127059
42,443,0.06323299325000867
42,444,0.06936631111735543
42,445,0.0759302637816433
42,446,0.07548928199215554
42,447,0.0780956972982196
42,448,0.08397431823107293
42,449,0.08695243583910374
42,450,0.08364097574126675
42,451,0.08055266083094624
42,452,0.08361951657022285
42,453,0.0791012019870342
42,454,0.07393836834325046
42,455,0.06454730073039469
42,456,0.06768772334922232
42,457,0.06859631507658386
42,458,0.06910114390715118
42,459,0.06582586414264018
42,460,0.07166984996503287
42,461,0.0741438743168325
42,462,0.07131403574974945
42,463,0.0714351775674697
42,464,0.07852764299623156
42,465,0.07726418990670186
42,466,0.07034848370153658
42,467,0.06842689189556968
42,468,0.07519760580020186
42,469,0.08094737711032708
42,470,0.07864335899880745
42,471,0.0727147895925151
42,472,0.07629413714189859
42,473,0.07806704126716359
42,474,0.07622345306621446
42,475,0.07473410007841097
42,476,0.0798635179544297
42,477,0.07505709513008452
42,478,0.0698652774531307
42,479,0.06659761923269807
42,480,0.06664183974984171
42,481,0.06733091065870554
42,482,0.06584913420091922
42,483,0.06427694222725112
42,484,0.07091828573753393
42,485,0.07409883931452126
42,486,0.069634241425841
42,487,0.06692452777757397
42,488,0.07075731115653768
42,489,0.06952921814592208
42,490,0.06638834381071494
42,491,0.06796464671538896
42,492,0.0776106442605665
42,493,0.08413283841675416
42,494,0.08009710402440819
42,495,0.07503009460322713
42,496,0.07694979165877333
42,497,0.07684078372862983
42,498,0.07199089008687293
42,499,0.06933004211884615
42,500,0.06989841703756326
42,501,0.06995313976421275
42,502,0.0666562832827694
42,503,0.06215908619346165
42,504,0.06633441539431179
42,505,0.06579555573423546
42,506,0.06146786663529537
42,507,0.05711179452883543
42,508,0.06259721066192614
42,509,0.06669827457266832
42,510,0.06481587989967054
42,511,0.06447965206659219
42,512,0.06884147970710888
42,513,0.06737375504145403
42,514,0.06358790845176919
42,515,0.0655327094692004
42,516,0.07255036894601849
42,517,0.07463777500320459
42,518,0.06962406274837483
42,519,0.06433422664149945
42,520,0.06827710050528553
42,521,0.0721509138154591
42,522,0.06988658657433455
42,523,0.06787646367191932
42,524,0.06841788663022284
42,525,0.06602022448380478
42,526,0.06909902613953488
42,527,0.0646750171462059
42,528,0.061927509899775884
42,529,0.05906224644462543
42,530,0.057519075399191454
42,531,0.05402902684774587
42,532,0.05920314881024518
42,533,0.0622369867457722
42,534,0.060130474774245615
42,535,0.05852722488643295
42,536,0.061111274037090005
42,537,0.06226784675778518
42,538,0.05969278743349407
42,539,0.057557731438482515
42,540,0.062259092974365805
42,541,0.0650859079429856
42,542,0.0665780995166485
42,543,0.06721050480651923
42,544,0.07190674538804323
42,545,0.07542897084603534
42,546,0.07253317297075203
42,547,0.0695043908967877
42,548,0.07453056426175976
42,549,0.0720646718780496
42,550,0.06315624748244503
42,551,0.06603046630372884
42,552,0.05989973177640864
42,553,0.05752440902808513
42,554,0.05457451927587735
42,555,0.05232299935488854
42,556,0.05886496401046458
42,557,0.06370586170836227
42,558,0.05992034641300805
42,559,0.05741994617658079
42,560,0.059520885070423975
42,561,0.0606167045787417
42,562,0.06101895963364245
42,563,0.06359701438023665
42,564,0.06904403952576663
42,565,0.07130600564241643
42,566,0.07055174251237889
42,567,0.06293626877597777
42,568,0.06246091329759963
42,569,0.061719208035201124
42,570,0.05685923791125856
42,571,0.058143032150413665
42,572,0.06532521565631032
42,573,0.0597260769702611
42,574,0.061148399261712616
42,575,0.05800389658606881
42,576,0.05583090435829596
42,577,0.052215876193823466
42,578,0.052408376176127244
42,579,0.05063243073909353
42,580,0.05461105915695251
42,581,0.055606496105842354
42,582,0.05333642281249481
42,583,0.05445513316642227
42,584,0.05695551115229884
42,585,0.05731693942919113
42,586,0.05510368135259114
42,587,0.056257418032481625
42,588,0.06215520987719319
42,589,0.06481113715455332
42,590,0.06266894922135388
42,591,0.05685485765295794
42,592,0.0586545566957449
42,593,0.06295736199830339
42,594,0.06182944577348597
42,595,0.05906511237778799
42,596,0.06109582363157985
42,597,0.06054186190093413
42,598,0.05589002037067314
42,599,0.056383675336953334
42,600,0.053338602280226605
42,601,0.05098990693293764
42,602,0.04969950714820203
42,603,0.04691844307240486
42,604,0.049128525756652774
42,605,0.052380677950909935
42,606,0.05053444408854057
42,607,0.05206532460191463
42,608,0.05715791528765206
42,609,0.06029516312562596
42,610,0.05883718349518244
42,611,0.058126656234357
42,612,0.05771345255947349
42,613,0.05814893453223591
42,614,0.05664122299978447
42,615,0.05549778578158646
42,616,0.06063666997584756
42,617,0.06631126898016174
42,618,0.0654187875053043
42,619,0.0643380623112193
42,620,0.06667659262880872
42,621,0.06388798583393282
42,622,0.06419376070661698
42,623,0.061103541279359574
42,624,0.05614637389308157
42,625,0.05161676584957496
42,626,0.04929660140439656
42,627,0.04712525793772274
42,628,0.04884942856378611
42,629,0.05134678539704324
42,630,0.04958949009984125
42,631,0.05110942169007453
42,632,0.05560660890644658
42,633,0.05668210411005966
42,634,0.05320910743967193
42,635,0.05137721291989136
42,636,0.05552693840725209
42,637,0.054345906324574214
42,638,0.053169940679012276
42,639,0.053571289849971455
42,640,0.05684628090614294
42,641,0.05842204981259734
42,642,0.054502243235051546
42,643,0.053518605951658825
42,644,0.055103721094492415
42,645,0.055695388464942264
42,646,0.05838617422053342
42,647,0.05873138584498219
42,648,0.05429624750564378
42,649,0.04891326078859477
42,650,0.04698787837898483
42,651,0.04721230801043184
42,652,0.05334652079481868
42,653,0.05965790766481846
42,654,0.058984106817678406
42,655,0.05747479870339968
42,656,0.05917399976274961
42,657,0.05968596680985441
42,658,0.060669526586281136
42,659,0.061122964599706606
42,660,0.06187211264466999
42,661,0.056570217201369594
42,662,0.058105996873443706
42,663,0.058659914942619254
42,664,0.06494827195217397
42,665,0.06906417473373246
42,666,0.06389854467782537
42,667,0.0587193536897532
42,668,0.0617363663642185
42,669,0.0624507433599355
42,670,0.061954521902178615
42,671,0.05953941723258923
42,672,0.05418241775463772
42,673,0.04818701423060358
42,674,0.04844233932020983
42,675,0.048788722466003
42,676,0.052299866909560365
42,677,0.05590149884330309
42,678,0.05441126478615868
42,679,0.05313305599822563
42,680,0.055629464357463965
42,681,0.056781239738524766
42,682,0.055444652574292666
42,683,0.05561643111218486
42,684,0.05909773244789126
42,685,0.056538369146232316
42,686,0.049225955637202036
42,687,0.04979508717124909
42,688,0.05940595313890466
42,689,0.0705306842845607
42,690,0.07433750667450394
42,691,0.07004637756841726
42,692,0.06427797831040462
42,693,0.05851773950110955
42,694,0.05360795361093827
42,695,0.051538123353496605
42,696,0.05396696709326867
42,697,0.05268325455042066
42,698,0.05072362946133253
42,699,0.04953127905355648
42,700,0.05019184624308899
42,701,0.051728765063078795
42,702,0.050785625923823394
42,703,0.049625669439517475
42,704,0.05040496715026168
42,705,0.05131838089283475
42,706,0.05002722761715855
42,707,0.051024919968602
42,708,0.054148212764472514
42,709,0.05282640648420085
42,710,0.05392761426584321
42,711,0.06024436498988411
42,712,0.06853495672037771
42,713,0.07097672342354774
42,714,0.06534229242459878
42,715,0.06006708548327895
42,716,0.06419827318400759
42,717,0.06354602437112208
42,718,0.06286998981315085
42,719,0.059883280235377034
42,720,0.05665567077546001
42,721,0.05035889803606473
42,722,0.04838408204265397
42,723,0.04897579260073728
42,724,0.05176526368781996
42,725,0.05425055378840377
42,726,0.054586489106964245
42,727,0.05403348320420897
42,728,0.05669454963177106
42,729,0.056051530761076995
42,730,0.05190418992406335
42,731,0.052209470229295556
42,732,0.05833638226679608
42,733,0.05735643900179421
42,734,0.057601549179391136
42,735,0.062341811406319524
42,736,0.0680195163434392
42,737,0.06934328273119675
42,738,0.06611480319489133
42,739,0.06292790632997186
42,740,0.06436542682667572
42,741,0.062218780678749995
42,742,0.06027016405947793
42,743,0.057295456438735036
42,744,0.053830951743501824
42,745,0.05008926353074851
42,746,0.05055417347689819
42,747,0.05226612744873375
42,748,0.05599391896930778
42,749,0.058271177624247106
42,750,0.05903165243100489
42,751,0.05867789217755097
42,752,0.060396595722906316
42,753,0.059422906936469434
42,754,0.05210776167290814
42,755,0.04923764134631313
42,756,0.05430442237685335
42,757,0.055014726664920015
42,758,0.054749517239665035
42,759,0.060508845769427305
42,760,0.06699607125005237
42,761,0.06918663972748644
42,762,0.06583703770654266
42,763,0.06344087007631602
42,764,0.06484517193408473
42,765,0.06277049092588664
42,766,0.05960150799028096
42,767,0.056054076494022415
42,768,0.05424793056990868
42,769,0.05310888148247343
42,770,0.05421983478433678
42,771,0.0553623662409558
42,772,0.05950588949842431
42,773,0.06438560115961794
42,774,0.06603787971469342
42,775,0.06451900262325073
42,776,0.06488688334329026
42,777,0.06280538328558155
42,778,0.05688681384758614
42,779,0.053615999556617396
42,780,0.05658626398276002
42,781,0.05746747259569901
42,782,0.05860889946487255
42,783,0.0637197052526632
42,784,0.06949711751004853
42,785,0.07138681780897536
42,786,0.06846128551825885
42,787,0.06642885138268428
42,788,0.07116681577056577
42,789,0.0695119240111918
42,790,0.06684293400635155
42,791,0.0628166737731267
42,792,0.05604633270779414
42,793,0.05330570834093527
42,794,0.05507974744918783
42,795,0.058153771934713924
42,796,0.06038308924744155
42,797,0.06271996012482349
42,798,0.06421444512439271
42,799,0.06239577797082537
42,800,0.06538871550334005
42,801,0.06594014937057158
42,802,0.06079375156718216
42,803,0.05743555945089615
42,804,0.06148927637492894
42,805,0.062352065206793775
42,806,0.06654761417448156
42,807,0.07288647602942008
42,808,0.07961791793287502
42,809,0.08078889986889982
42,810,0.07753956565629255
42,811,0.0763219006588191
42,812,0.07982401323781971
42,813,0.07529664186522847
42,814,0.07142729483084526
42,815,0.06797309225488544
42,816,0.06042734317174301
42,817,0.057433540886016016
42,818,0.06019843465849134
42,819,0.062164377903609035
42,820,0.06150271607486437
42,821,0.06212033455652662
42,822,0.06257335778069098
42,823,0.059171102828499265
42,824,0.06209035108345551
42,825,0.06280596633405272
42,826,0.05832740533510947
42,827,0.05554685195184131
42,828,0.057979511497010416
42,829,0.06223822430137508
42,830,0.06182157921029935
42,831,0.06657223638531173
42,832,0.06998444089503132
42,833,0.0699317387024594
42,834,0.06690892843777183
42,835,0.07029468438665955
42,836,0.07491798874577238
42,837,0.06962874792188685
42,838,0.06710376549498212
42,839,0.05697932912076017
42,840,0.053140237947420704
42,841,0.05241411095953021
42,842,0.05376839323730963
42,843,0.05540809042412412
42,844,0.05707040719526273
42,845,0.05811282387275735
42,846,0.0588998480756376
42,847,0.05849697826017987
42,848,0.06354521485535738
42,849,0.062255012540580176
42,850,0.05548186164210147
42,851,0.05360580838627493
42,852,0.05756392269188157
42,853,0.05693874939553359
42,854,0.05708580701237403
42,855,0.05948381630629861
42,856,0.05999975206260033
42,857,0.06286826730962093
42,858,0.06385014903070077
42,859,0.05938706291813775
42,860,0.05925030473948116
42,861,0.058128951379430624
42,862,0.056441231297019494
42,863,0.05789651544735236
42,864,0.05055442551401753
42,865,0.04927621064482765
42,866,0.04733814043874977
42,867,0.04778306888743978
42,868,0.04896973020751471
42,869,0.051103963994606164
42,870,0.05293738513607548
42,871,0.05394001619982569
42,872,0.0572772486868793
42,873,0.05568116944077601
42,874,0.05149770662957056
42,875,0.05029019107748012
42,876,0.05196551767916789
42,877,0.05227697750161738
42,878,0.04996010918524694
42,879,0.05156956869602501
42,880,0.05301600152174735
42,881,0.055930036856643356
42,882,0.05635482804788652
42,883,0.0577551818401732
42,884,0.06105248030001486
42,885,0.061561997851434916
42,886,0.058221647981341454
42,887,0.052891675218668596
42,888,0.05038479618790091
42,889,0.04641797129965742
42,890,0.04538630197980527
42,891,0.04707462376463542
42,892,0.047744127378778325
42,893,0.04836825224190581
42,894,0.05086569918793637
42,895,0.051754638869669
42,896,0.053219889291222434
42,897,0.05392420792337648
42,898,0.051308615516533006
42,899,0.04975803075020046
42,900,0.051781358339066094
42,901,0.052722104924483724
42,902,0.05239434458755771
42,903,0.054615442409010326
42,904,0.05582602034074336
42,905,0.05779830792057443
42,906,0.05819489327780003
42,907,0.057429042478559365
42,908,0.05739383716350715
42,909,0.05613352962236205
42,910,0.05583962046529323
42,911,0.053842120058986684
42,912,0.04618001159592308
42,913,0.04113903226179472
42,914,0.03811249911298347
42,915,0.03960449901351486
42,916,0.040783389110763256
42,917,0.040842976419572956
42,918,0.042887088374504806
42,919,0.04561930135799917
42,920,0.04825732594888553
42,921,0.047113659702189524
42,922,0.043058127703490524
42,923,0.04464300095158211
42,924,0.04703814862331338
42,925,0.04399010073829124
42,926,0.04288137678147143
42,927,0.04549462719649329
42,928,0.047009128304059726
42,929,0.04652024526178402
42,930,0.0461010293060435
42,931,0.04992425487036936
42,932,0.054143021866030566
42,933,0.048939890179333215
42,934,0.04839349028059195
42,935,0.04601086732491995
42,936,0.04427405784744752
42,937,0.04265979965131558
42,938,0.04274265198559908
42,939,0.04634831080065908
42,940,0.04783491084432164
42,941,0.0484660171492974
42,942,0.05062414779459718
42,943,0.05255859222819749
42,944,0.05393905182577206
42,945,0.054198407645685356
42,946,0.05235722000753058
42,947,0.05347465674412291
42,948,0.055341228926879454
42,949,0.05318193902186661
42,950,0.05059141812231599
42,951,0.05236627503336275
42,952,0.053908916881333833
42,953,0.057460156032964824
42,954,0.058305936665673
42,955,0.055825073005788296
42,956,0.05270742020066501
42,957,0.05488586175366883
42,958,0.05423639952481167
42,959,0.05287740084334883
42,960,0.05086019366759557
42,961,0.047171787452279394
42,962,0.044608130000426544
42,963,0.0469085336925739
42,964,0.04696969295038698
42,965,0.0491367609317631
42,966,0.05100075489262804
42,967,0.05149358778676986
42,968,0.05238408850253548
42,969,0.05087789917408776
42,970,0.04851527928496671
42,971,0.048421824320596156
42,972,0.04870660049919105
42,973,0.04731555960357538
42,974,0.0482253471142042
42,975,0.05176513547523478
42,976,0.051148162981187587
42,977,0.05366172649416547
42,978,0.05395339548437273
42,979,0.05194649472789821
42,980,0.05271886884309248
42,981,0.05267564554347353
42,982,0.054163131230219916
42,983,0.05169267272615073
42,984,0.050747482420363435
42,985,0.047599031087195036
42,986,0.04555462555747519
42,987,0.04584830326864208
42,988,0.04748348844349315
42,989,0.0503814171328337
42,990,0.0520181683776849
42,991,0.05118507411441263
42,992,0.05270865440839648
42,993,0.053017333576623284
42,994,0.05050445356820348
42,995,0.048091834783708216
42,996,0.049322329587129406
42,997,0.047893718410820914
42,998,0.04406636200768159
42,999,0.04859426359088455
42,1000,0.05095063184748519
42,1001,0.0563165332654329
42,1002,0.06021222258619363
42,1003,0.057340038277353705
42,1004,0.05560039496514753
42,1005,0.05279177626975234
42,1006,0.05091858597036913
42,1007,0.051129156063409405
42,1008,0.05055899294879638
42,1009,0.046344744383240884
42,1010,0.04490663816413962
42,1011,0.04695022791564289
42,1012,0.04686277208446334
42,1013,0.04836794714006535
42,1014,0.04902078512983077
42,1015,0.04988737109688039
42,1016,0.053082225839073974
42,1017,0.05202810185096274
42,1018,0.04697114649692085
42,1019,0.04569186467201462
42,1020,0.049871103425094564
42,1021,0.04998183373953343
42,1022,0.04992723025629054
42,1023,0.05951162115594578
42,1024,0.06212449083121943
42,1025,0.060555992106544373
42,1026,0.060199705660414264
42,1027,0.05545307942886628
42,1028,0.05438076222040034
42,1029,0.053441575471161774
42,1030,0.05402008932249992
42,1031,0.05345621102441861
42,1032,0.05192324476908072
42,1033,0.050144431468561325
42,1034,0.04876108889747059
42,1035,0.050668985385176515
42,1036,0.050488633123640554
42,1037,0.05137372731556872
42,1038,0.05174992253788459
42,1039,0.05193309541158606
42,1040,0.054629321995845886
42,1041,0.054476746239918356
42,1042,0.050775407206773024
42,1043,0.04882265078453525
42,1044,0.0520976577586514
42,1045,0.05361269087135005
42,1046,0.05399531298745304
42,1047,0.05682394190992978
42,1048,0.05774462447146852
42,1049,0.05694438062930647
42,1050,0.05520464570179496
42,1051,0.054000852109154805
42,1052,0.05876322176003581
42,1053,0.057769647995905296
42,1054,0.056869223745649476
42,1055,0.05874598730579905
42,1056,0.055486211702208715
42,1057,0.053307297916275136
42,1058,0.05380679787992883
42,1059,0.05500278075750967
42,1060,0.05490818264532824
42,1061,0.055115958719679455
42,1062,0.05569211798819404
42,1063,0.05504022159533023
42,1064,0.057837164783568366
42,1065,0.05779854212807774
42,1066,0.05529877810313947
42,1067,0.05553550675880433
42,1068,0.05919686193580666
42,1069,0.060499559334974355
42,1070,0.05861497665604056
42,1071,0.05847872583334368
42,1072,0.05845843214750079
42,1073,0.06082102498319739
42,1074,0.06293828864200543
42,1075,0.06100893229620936
42,1076,0.060688236253419
42,1077,0.05871166604025688
42,1078,0.057300277100998935
42,1079,0.055471978080754165
42,1080,0.05450993411448609
42,1081,0.05155309741428494
42,1082,0.04886706321215766
42,1083,0.05024409725601327
42,1084,0.051761584704207796
42,1085,0.05382740925581243
42,1086,0.05452484567294155
42,1087,0.054668048909178917
42,1088,0.05755537513193966
42,1089,0.05641952826880319
42,1090,0.05053467410477795
42,1091,0.04780746348216076
42,1092,0.05103493340010936
42,1093,0.051910882343108096
42,1094,0.054527809200670616
42,1095,0.06560168089490041
42,1096,0.0714443635632221
42,1097,0.07145669280979654
42,1098,0.07558802551153322
42,1099,0.0744877954632776
42,1100,0.07110766091210426
42,1101,0.06662918565036896
42,1102,0.06202157997695065
42,1103,0.059153818342858204
42,1104,0.05734655421019734
42,1105,0.055698852488742776
42,1106,0.05427107521498548
42,1107,0.05732487664485737
42,1108,0.058772748211100345
42,1109,0.05973917752550431
42,1110,0.060249859440365795
42,1111,0.060980482031299646
42,1112,0.064034828140589
42,1113,0.06575282305985043
42,1114,0.061445741679319384
42,1115,0.056709127950033016
42,1116,0.05704720678230964
42,1117,0.057255723057658296
42,1118,0.05697000894249778
42,1119,0.06583598608322405
42,1120,0.07135881933966622
42,1121,0.07251437062355036
42,1122,0.06753552947748599
42,1123,0.06269046287230151
42,1124,0.0652838911551259
42,1125,0.0643474270567624
42,1126,0.0640565079689025
42,1127,0.06370221862661084
42,1128,0.061084708811950716
42,1129,0.05838920937506932
42,1130,0.05756001648441899
42,1131,0.06025391678769795
42,1132,0.061399626401384494
42,1133,0.06248745298738567
42,1134,0.06198202884387434
42,1135,0.06269657765137679
42,1136,0.0678173614074914
42,1137,0.06576577330119238
42,1138,0.057425798078522716
42,1139,0.05357739949462202
42,1140,0.0551500378267971
42,1141,0.05657521468639929
42,1142,0.058406577055151745
42,1143,0.06417961324618003
42,1144,0.06946412488782616
42,1145,0.06996222709737322
42,1146,0.0637548368364056
42,1147,0.0649255644167899
42,1148,0.06789546527219079
42,1149,0.0666209343199926
42,1150,0.06148696592251339
42,1151,0.05913233166977157
42,1152,0.055680408319127586
42,1153,0.05655977835689708
42,1154,0.057721819822775355
42,1155,0.06093478753666261
42,1156,0.062148516733186894
42,1157,0.06441614513066696
42,1158,0.06573933919299231
42,1159,0.06810352766182402
42,1160,0.07437092883925456
42,1161,0.07445624573231104
42,1162,0.06617035204736751
42,1163,0.06098563683494612
42,1164,0.06053112125052782
42,1165,0.05912420369298731
42,1166,0.061556685496185405
42,1167,0.07163129037531801
42,1168,0.08018624946722555
42,1169,0.07857710318457806
42,1170,0.07450776468233965
42,1171,0.0776090843287686
42,1172,0.0822226064840126
42,1173,0.07316843671477205
42,1174,0.0686730147286328
42,1175,0.066936129466031
42,1176,0.06327529974115355
42,1177,0.06038606086698605
42,1178,0.06231658425792432
42,1179,0.06656913432655956
42,1180,0.07008467134452517
42,1181,0.07166510362009011
42,1182,0.07063286590156548
42,1183,0.06997772373101388
42,1184,0.0751495579475883
42,1185,0.07561056883862013
42,1186,0.06911769275330068
42,1187,0.0654287796078635
42,1188,0.06476641723169123
42,1189,0.06287006737847428
42,1190,0.06377119137318661
42,1191,0.07433400952257635
42,1192,0.07830169768271972
42,1193,0.08086435708068815
42,1194,0.07685161062405439
42,1195,0.07470454930318239
42,1196,0.07822903723569641
42,1197,0.07906635242836901
42,1198,0.07511567820950732
42,1199,0.07091252727355536
42,1200,0.06670915885034925
42,1201,0.0654620536902407
42,1202,0.06801803073813502
42,1203,0.07278165457836659
42,1204,0.07488149236691509
42,1205,0.07425004045852612
42,1206,0.06969009370739432
42,1207,0.0667903674207884
42,1208,0.06903439106523944
42,1209,0.06763352422621248
42,1210,0.0639243326964283
42,1211,0.06764725043101048
42,1212,0.07098710280684155
42,1213,0.07310949249920083
42,1214,0.07383146648865244
42,1215,0.07423469810463633
42,1216,0.07291479493120581
42,1217,0.07210534119121727
42,1218,0.06989286822984979
42,1219,0.06920580969213533
42,1220,0.07456294060783891
42,1221,0.07248874585476012
42,1222,0.06545025373192899
42,1223,0.06551923233618262
42,1224,0.06287218545439964
42,1225,0.0589109933668064
42,1226,0.05861401766834675
42,1227,0.060698175092392496
42,1228,0.06013890662778314
42,1229,0.06081526940024551
42,1230,0.06079330081551146
42,1231,0.06265805061951522
42,1232,0.06586603712733449
42,1233,0.06477061911374539
42,1234,0.06285089267956434
42,1235,0.06323754419477337
42,1236,0.0665727157565587
42,1237,0.07028251242862345
42,1238,0.0713045188421942
42,1239,0.07116096225928241
42,1240,0.06977805575233993
42,1241,0.06925110716284925
42,1242,0.06797608431737247
42,1243,0.06785992863655911
42,1244,0.06942188897921295
42,1245,0.06508091145300147
42,1246,0.06618775796027403
42,1247,0.0635908510313105
42,1248,0.055244576263020435
42,1249,0.05200376119482475
42,1250,0.05042335046492385
42,1251,0.054258078663288196
42,1252,0.055408945653672124
42,1253,0.05436810626098065
42,1254,0.051753938561496945
42,1255,0.05246807797319981
42,1256,0.054991829491233275
42,1257,0.0542672442087963
42,1258,0.05203645700440909
42,1259,0.052559364037329824
42,1260,0.05367328937463463
42,1261,0.054720171540991853
42,1262,0.056450476039195806
42,1263,0.05870683115630592
42,1264,0.05869555227199869
42,1265,0.05911391511455984
42,1266,0.05948530495252553
42,1267,0.05928911324472429
42,1268,0.05821617952887963
42,1269,0.05714259676840219
42,1270,0.05347750494008008
42,1271,0.05348544212669203
42,1272,0.05099060145985741
42,1273,0.04782791853697705
42,1274,0.04568040356406818
42,1275,0.04655674307625658
42,1276,0.04656641077584312
42,1277,0.045167172158258065
42,1278,0.04527714713645021
42,1279,0.04698153238120798
42,1280,0.04992067422701995
42,1281,0.05008150378165333
42,1282,0.04821321422180975
42,1283,0.04823080524539692
42,1284,0.049789834325264154
42,1285,0.04813408366168455
42,1286,0.04486258939441658
42,1287,0.04707178388740926
42,1288,0.04774081690664372
42,1289,0.04880801306167784
42,1290,0.05166429246473416
42,1291,0.05471082507505417
42,1292,0.051577595377355484
42,1293,0.05018812087726388
42,1294,0.050471102493085694
42,1295,0.0480949270717726
42,1296,0.047760186291276194
42,1297,0.044135159508981205
42,1298,0.04131093692205518
42,1299,0.042123849162369026
42,1300,0.041057971318417284
42,1301,0.0400994350202358
42,1302,0.04243978490264161
42,1303,0.04527862447252244
42,1304,0.04736577908615738
42,1305,0.0479812696660711
42,1306,0.04686160591437566
42,1307,0.04838316393082036
42,1308,0.05056781610443385
42,1309,0.048239931583726255
42,1310,0.04773694055889212
42,1311,0.054062729338385844
42,1312,0.05863768449522715
42,1313,0.05939013873054229
42,1314,0.059290808294281384
42,1315,0.059272346950768245
42,1316,0.059925232331968094
42,1317,0.053515796851173345
42,1318,0.052729659931956635
42,1319,0.0533781844416655
42,1320,0.05019972203950458
42,1321,0.04710739352378886
42,1322,0.04584664047878235
42,1323,0.04762168857232929
42,1324,0.04818217165264071
42,1325,0.047871728538046436
42,1326,0.04719257080448487
42,1327,0.04847396139992068
42,1328,0.05138812985459992
42,1329,0.05375409989805301
42,1330,0.04980400964781983
42,1331,0.048555346112371486
42,1332,0.05187476908861204
42,1333,0.0529636191606033
42,1334,0.0550212264813494
42,1335,0.0626904892730957
42,1336,0.06468030019181567
42,1337,0.06293145328234377
42,1338,0.06192731581703153
42,1339,0.060495726346334835
42,1340,0.06323868810891768
42,1341,0.05780888611433582
42,1342,0.05635655809221031
42,1343,0.05646632715204424
42,1344,0.052821670305714795
42,1345,0.04991469112961679
42,1346,0.04992543148880074
42,1347,0.05364886537382906
42,1348,0.05525189853621816
42,1349,0.05788227517489395
42,1350,0.059488796187520974
42,1351,0.06054219423851406
42,1352,0.06484913171697008
42,1353,0.06446287929305082
42,1354,0.05771713310826531
42,1355,0.054311522857700266
42,1356,0.05670301204571086
42,1357,0.05837507913881394
42,1358,0.06295563116091245
42,1359,0.07404473390721356
42,1360,0.07553775470064843
42,1361,0.07487150928033276
42,1362,0.07377602826954259
42,1363,0.06947044113776338
42,1364,0.06804287882938005
42,1365,0.06458190442576119
42,1366,0.06386074472746457
42,1367,0.06550873620965239
42,1368,0.06336330825776991
42,1369,0.061562583078300766
42,1370,0.06293241775223288
42,1371,0.06746185367769225
42,1372,0.06823503202476426
42,1373,0.07030730201796598
42,1374,0.07131897487131429
42,1375,0.07169856850137495
42,1376,0.07503507772659333
42,1377,0.0724147257325401
42,1378,0.06471865869754469
42,1379,0.06150839753230175
42,1380,0.06390006915882927
42,1381,0.0664546368038341
42,1382,0.07502433788585737
42,1383,0.09084928648955053
42,1384,0.09319534983669349
42,1385,0.09762160807177718
42,1386,0.09151543808151347
42,1387,0.08718073109829001
42,1388,0.08910060948764377
42,1389,0.08820922439126556
42,1390,0.0816953369248955
42,1391,0.07860518125899885
42,1392,0.07621128125439516
42,1393,0.07724344097584304
42,1394,0.08136667472880216
42,1395,0.08442703846613644
42,1396,0.08193903939033532
42,1397,0.080818070865562
42,1398,0.07741964455197795
42,1399,0.07289449779569214
42,1400,0.07599310712809207
42,1401,0.07591567323284172
42,1402,0.06991369259053994
42,1403,0.06495805778191703
42,1404,0.06916388439475529
42,1405,0.07570137168012629
42,1406,0.08146934294365277
42,1407,0.09229029438854951
42,1408,0.09535511363653307
42,1409,0.09782662427444842
42,1410,0.09623644121766625
42,1411,0.09084814482542408
42,1412,0.08947253944051291
42,1413,0.0851637371046911
42,1414,0.0786376578119676
42,1415,0.07689723918099259
42,1416,0.0771699667626813
42,1417,0.08057904278725642
42,1418,0.08459857981712578
42,1419,0.08637683847256863
42,1420,0.08359334435598464
42,1421,0.08358811048479012
42,1422,0.07845718531089468
42,1423,0.07317895083571876
42,1424,0.07709141826719948
42,1425,0.07671074168417398
42,1426,0.06877611490259443
42,1427,0.06393010696422775
42,1428,0.06778795061548103
42,1429,0.07458725701477428
42,1430,0.0833896062772725
42,1431,0.09782786195380253
42,1432,0.10194546727445188
42,1433,0.09522790787620547
42,1434,0.08646853726517227
42,1435,0.08339412465691988
42,1436,0.09102875511952001
42,1437,0.08330848900897554
42,1438,0.07937190254601484
42,1439,0.07627290369437185
42,1440,0.07666049058801575
42,1441,0.07842555986232146
42,1442,0.08295554009955881
42,1443,0.08687970052386976
42,1444,0.08530811296036687
42,1445,0.08535863550555842
42,1446,0.08096521757173065
42,1447,0.07599930837826564
42,1448,0.07863222973571604
42,1449,0.08221363235955602
42,1450,0.0773262401290974
42,1451,0.07564155919532921
42,1452,0.08264590857874746
42,1453,0.08551100694684484
42,1454,0.08823827505788133
42,1455,0.08748227656464477
42,1456,0.0827214833333991
42,1457,0.08543153542931164
42,1458,0.08357650187926953
42,1459,0.07671154179667032
42,1460,0.07770212832593973
42,1461,0.074679686661816
42,1462,0.07171017406443661
42,1463,0.0701975843005602
42,1464,0.06889034028101897
42,1465,0.0727430425504969
42,1466,0.07272282111537677
42,1467,0.07393910184996261
42,1468,0.0708839451521357
42,1469,0.06991079219182722
42,1470,0.06708023016012668
42,1471,0.0651892201529162
42,1472,0.06884269371531969
42,1473,0.06705113978792597
42,1474,0.059982995842080056
42,1475,0.05541192778827542
42,1476,0.05905928321033001
42,1477,0.06330627303207478
42,1478,0.06280387912891704
42,1479,0.06983790914971992
42,1480,0.07191524416087096
42,1481,0.07007856909310908
42,1482,0.06940360427184665
42,1483,0.06957409732751113
42,1484,0.07474985042694449
42,1485,0.06778796331594493
42,1486,0.06289484633697405
42,1487,0.059153123041373705
42,1488,0.058532947067204966
42,1489,0.06010406889979139
42,1490,0.06300982916856056
42,1491,0.06770040154083709
42,1492,0.06825327110445166
42,1493,0.06717652014763939
42,1494,0.0657785270773693
42,1495,0.06667181006181522
42,1496,0.07337555511709107
42,1497,0.07370885270759996
42,1498,0.06312540416943067
42,1499,0.05792136777489678
42,1500,0.0597768556800487
42,1501,0.06132502112107589
42,1502,0.06646158772036836
42,1503,0.07927898014799295
42,1504,0.08708732595846648
42,1505,0.08931612706902724
42,1506,0.08124810946876339
42,1507,0.07583394397597756
42,1508,0.07773866179793079
42,1509,0.07614949143864207
42,1510,0.07359681521248419
42,1511,0.07194054455633114
42,1512,0.06988571584463939
42,1513,0.07105149226057822
42,1514,0.07352036662266051
42,1515,0.07662797125455136
42,1516,0.07605586002223819
42,1517,0.07592427061572511
42,1518,0.07177224832005755
42,1519,0.06992011902769597
42,1520,0.07554919805938394
42,1521,0.07670010107916515
42,1522,0.07081289031920425
42,1523,0.06922513499406968
42,1524,0.07118350165765552
42,1525,0.0742868196768292
42,1526,0.07654228071452651
42,1527,0.08209675922954067
42,1528,0.08384117470045899
42,1529,0.08357972690847668
42,1530,0.07921591826657182
42,1531,0.07673522576981352
42,1532,0.08146862839033978
42,1533,0.07814752606238472
42,1534,0.07436986612137687
42,1535,0.07438138697086136
42,1536,0.07029794561970412
42,1537,0.07125692117074359
42,1538,0.07538690703780686
42,1539,0.07896428450539188
42,1540,0.07779452284230673
42,1541,0.07730077808159036
42,1542,0.07330148687093692
42,1543,0.06957335946438287
42,1544,0.07454845021019454
42,1545,0.08000200178105611
42,1546,0.07443558231698989
42,1547,0.07260963779795643
42,1548,0.07155810011373129
42,1549,0.07342896856747973
42,1550,0.07581510739484836
42,1551,0.07988646251622407
42,1552,0.0816800599480526
42,1553,0.08235669967604123
42,1554,0.07634439712334448
42,1555,0.07013015659001566
42,1556,0.07145677775080529
42,1557,0.07153064916810295
42,1558,0.07325740797201963
42,1559,0.07121121036797927
42,1560,0.07065673330247349
42,1561,0.0719439654580585
42,1562,0.07461555706842006
42,1563,0.07566817144680452
42,1564,0.0749008280613455
42,1565,0.07667200207279747
42,1566,0.07514950212795722
42,1567,0.07045158790330194
42,1568,0.07363861613450878
42,1569,0.07476098359185265
42,1570,0.07070539033832973
42,1571,0.0697284041122227
42,1572,0.0734646805634976
42,1573,0.07600695719022556
42,1574,0.07618398909683834
42,1575,0.07818554146300775
42,1576,0.07694661130390129
42,1577,0.07775089358918504
42,1578,0.08004586471572764
42,1579,0.07737281611987776
42,1580,0.07291143092472506
42,1581,0.06920017546906906
42,1582,0.06569158734448037
42,1583,0.06590262888778885
42,1584,0.06263140326098005
42,1585,0.06167002825949903
42,1586,0.06153491375306479
42,1587,0.06438776357434965
42,1588,0.065648387506452
42,1589,0.06342161298234093
42,1590,0.06001403504879294
42,1591,0.057311491485312734
42,1592,0.059758568336505447
42,1593,0.06365651649908198
42,1594,0.061696017581581775
42,1595,0.06368210765475825
42,1596,0.06788706901511726
42,1597,0.07137606141703072
42,1598,0.07208840201185979
42,1599,0.07320887721809817
42,1600,0.07212631705094394
42,1601,0.06877139137821212
42,1602,0.06874175358581323
42,1603,0.06554636471497154
42,1604,0.061685858036550446
42,1605,0.06032847170073734
42,1606,0.062114406934653456
42,1607,0.061354966116554326
42,1608,0.0589833283803497
42,1609,0.05748487006083114
42,1610,0.05592335097309817
42,1611,0.05794731485584428
42,1612,0.05883261669772261
42,1613,0.058274876551373984
42,1614,0.0579758615644574
42,1615,0.05759472737211638
42,1616,0.06264105348521724
42,1617,0.06643474987320815
42,1618,0.06495690023658467
42,1619,0.06345308161285095
42,1620,0.064007624283126
42,1621,0.06376102964870584
42,1622,0.06475150389107114
42,1623,0.06676917288567571
42,1624,0.06335773089569072
42,1625,0.061915602082181206
42,1626,0.06217693365945169
42,1627,0.06086082203887361
42,1628,0.05636187945703804
42,1629,0.060230483271249406
42,1630,0.060204348701537194
42,1631,0.0602034755699943
42,1632,0.054533033412985855
42,1633,0.05143527931919046
42,1634,0.04935158554366748
42,1635,0.050486731861140194
42,1636,0.051521842647024974
42,1637,0.051117464646050915
42,1638,0.051275076006024364
42,1639,0.05117771403476233
42,1640,0.05465192444750755
42,1641,0.057476311302202945
42,1642,0.057306317847200826
42,1643,0.05835252382936975
42,1644,0.059627306131745765
42,1645,0.061512229167098545
42,1646,0.06305812456618201
42,1647,0.0671576258467916
42,1648,0.06661327630903491
42,1649,0.06381714730494792
42,1650,0.0632354428978261
42,1651,0.0631800790371202
42,1652,0.06189892043386799
42,1653,0.058310367901007604
42,1654,0.05812068847836012
42,1655,0.05861879917507553
42,1656,0.05392398476079857
42,1657,0.05137238457230556
42,1658,0.05036639421663357
42,1659,0.05338559204057604
42,1660,0.0538120924471928
42,1661,0.05186396858245312
42,1662,0.04896986851679103
42,1663,0.050091205134580756
42,1664,0.05413624970404072
42,1665,0.055820645808929516
42,1666,0.05527211448304261
42,1667,0.0528747488599743
42,1668,0.05376679320505421
42,1669,0.05469322596070534
42,1670,0.053999547863563105
42,1671,0.05893996721148715
42,1672,0.05969815396718178
42,1673,0.055217093375930316
42,1674,0.05331128069861299
42,1675,0.052733278241547964
42,1676,0.05409530492707378
42,1677,0.050636420586310675
42,1678,0.05201763503477088
42,1679,0.05309933697121939
42,1680,0.051538456316306686
42,1681,0.04866932766597733
42,1682,0.047412527897483965
42,1683,0.04903556212710643
42,1684,0.05013374493848403
42,1685,0.05006167695182095
42,1686,0.05077440722622328
42,1687,0.051687206326383704
42,1688,0.05598556687753943
42,1689,0.05983736273600761
42,1690,0.05900615003070417
42,1691,0.06013100386542917
42,1692,0.061829952566608976
42,1693,0.06311882911787658
42,1694,0.0636165547905273
42,1695,0.06682116949882079
42,1696,0.06381188376539862
42,1697,0.05938989659408474
42,1698,0.05938373771290683
42,1699,0.05977424508625191
42,1700,0.06156081066334097
42,1701,0.057054070668437866
42,1702,0.05283049451114505
42,1703,0.05369444507616897
42,1704,0.05045374756020986
42,1705,0.050242455962216846
42,1706,0.048615064307411776
42,1707,0.051497002586384316
42,1708,0.05263195967214491
42,1709,0.05462738353830066
42,1710,0.05515976432863878
42,1711,0.05337233687464473
42,1712,0.05634177456489403
42,1713,0.05751973790354639
42,1714,0.05536013193283954
42,1715,0.053963882498456864
42,1716,0.05625333708917529
42,1717,0.05762986567771938
42,1718,0.05796438725618542
42,1719,0.05769872429658733
42,1720,0.056392017257647975
42,1721,0.057388747106317
42,1722,0.06260286257861854
42,1723,0.06305491365349382
42,1724,0.06056989810195801
42,1725,0.0582740791502327
42,1726,0.05501580416626572
42,1727,0.053801170286566946
42,1728,0.05139876771121446
42,1729,0.049423442064730386
42,1730,0.0485730563805483
42,1731,0.05004152995073435
42,1732,0.050745629320950524
42,1733,0.05240821649850657
42,1734,0.05266538574686228
42,1735,0.05115097502594975
42,1736,0.05300863791865716
42,1737,0.05490879435987129
42,1738,0.05443839226336618
42,1739,0.05374049587003175
42,1740,0.05558082913208837
42,1741,0.0577875522615336
42,1742,0.05699176460401453
42,1743,0.05779617834564141
42,1744,0.05690398794401308
42,1745,0.06111318024985142
42,1746,0.06749037279840871
42,1747,0.06658129077718238
42,1748,0.06442344360888642
42,1749,0.06084144174235127
42,1750,0.056957628196069116
42,1751,0.05489616179534511
42,1752,0.05136826644309813
42,1753,0.04868919258887973
42,1754,0.046653630554675925
42,1755,0.049456999870323946
42,1756,0.05086591912607506
42,1757,0.052995453064265605
42,1758,0.052647015240753506
42,1759,0.04949731539647079
42,1760,0.0512434722198015
42,1761,0.05236138339770096
42,1762,0.05195338829415221
42,1763,0.053666063145681536
42,1764,0.05750761331464171
42,1765,0.05874329458231589
42,1766,0.05755040182001421
42,1767,0.056386095674881585
42,1768,0.05370825105243658
42,1769,0.05475097105730151
42,1770,0.0586470456298207
42,1771,0.058485921912582374
42,1772,0.05801443378001042
42,1773,0.054465810794932554
42,1774,0.05265864051963395
42,1775,0.05026461764318741
42,1776,0.04862808300188835
42,1777,0.04704478159086349
42,1778,0.046023480228476916
42,1779,0.04959522806470585
42,1780,0.051486864313926094
42,1781,0.052310824128900694
42,1782,0.04986397030493309
42,1783,0.04635533742002682
42,1784,0.046792925611660104
42,1785,0.046391138519324644
42,1786,0.0451381923841305
42,1787,0.04482750896451189
42,1788,0.04942511344276806
42,1789,0.05090903566697251
42,1790,0.05299635077913491
42,1791,0.05576286966187917
42,1792,0.0549772457581828
42,1793,0.05567306602412129
42,1794,0.0567747178438393
42,1795,0.054860154107893994
42,1796,0.053898617853186115
42,1797,0.05222277358740557
42,1798,0.05030571543448635
42,1799,0.050463260410776624
42,1800,0.05090429226374886
42,1801,0.05110501335511734
42,1802,0.048767187795312986
42,1803,0.05168531064711542
42,1804,0.051788373540875725
42,1805,0.05175225728192289
42,1806,0.04984051573625135
42,1807,0.04810751654666836
42,1808,0.04999853214883514
42,1809,0.05139409899673808
42,1810,0.05300817755253173
42,1811,0.055164925966388105
42,1812,0.05817357456737825
42,1813,0.060062680211549264
42,1814,0.059807740719965294
42,1815,0.06279041886918355
42,1816,0.05949072042117374
42,1817,0.05965289521990926
42,1818,0.05997083391980812
42,1819,0.05778745368182424
42,1820,0.055485857056443995
42,1821,0.05078676268447847
42,1822,0.050544407352621404
42,1823,0.04906044235741988
42,1824,0.045872419077840086
42,1825,0.04444275254146755
42,1826,0.04289481553735612
42,1827,0.046921965988201315
42,1828,0.048455905998283276
42,1829,0.049084394097778955
42,1830,0.04937090575929207
42,1831,0.04861247111206971
42,1832,0.04882661848363143
42,1833,0.049630077907603355
42,1834,0.0486680510173146
42,1835,0.05039420037556693
42,1836,0.05059847857237846
42,1837,0.050204988212600124
42,1838,0.04923459868064537
42,1839,0.054284683414570066
42,1840,0.05848322501968239
42,1841,0.059507020192191694
42,1842,0.05864002422001733
42,1843,0.056644497386637536
42,1844,0.05664761776902136
42,1845,0.05483922651740321
42,1846,0.05452425740291201
42,1847,0.0538414791874912
42,1848,0.05033389661448716
42,1849,0.04969309112517856
42,1850,0.048637298126883874
42,1851,0.05105268293022792
42,1852,0.051672914806267546
42,1853,0.05184697717446933
42,1854,0.05278268564272557
42,1855,0.05189671872152451
42,1856,0.052026334398982334
42,1857,0.052553559870364655
42,1858,0.051533235065392556
42,1859,0.05416945642537125
42,1860,0.05666097314074295
42,1861,0.05787077553432074
42,1862,0.0612459834419447
42,1863,0.07319512948584846
42,1864,0.07794154840927235
42,1865,0.0769845646310309
42,1866,0.0718420679493471
42,1867,0.0673758042349922
42,1868,0.06664273111322881
42,1869,0.06303541740688061
42,1870,0.06026773278219668
42,1871,0.06091071151406323
42,1872,0.05988708598804939
42,1873,0.05906478262458697
42,1874,0.059365339928291336
42,1875,0.06284477425971122
42,1876,0.06305215630652947
42,1877,0.06408015300755629
42,1878,0.0623531594388261
42,1879,0.058217091779120135
42,1880,0.05842828303498082
42,1881,0.06089088898029806
42,1882,0.05687344447173818
42,1883,0.05722382442998017
42,1884,0.06002236666140681
42,1885,0.06439048425093703
42,1886,0.07139684361017994
42,1887,0.08218531896635772
42,1888,0.08263686213670576
42,1889,0.08097563353981344
42,1890,0.07648527411434708
42,1891,0.07301107586227268
42,1892,0.07458477820513515
42,1893,0.07337468310320101
42,1894,0.06954490698617116
42,1895,0.06977791632200975
42,1896,0.0676012165493869
42,1897,0.06897256046034493
42,1898,0.07199740542853252
42,1899,0.07524367019414023
42,1900,0.07308163364643909
42,1901,0.07216814610618466
42,1902,0.06957636319090736
42,1903,0.06422407270244027
42,1904,0.06617113354752337
42,1905,0.06964421211486552
42,1906,0.06588485554482548
42,1907,0.06563429936137015
42,1908,0.06939824255910113
42,1909,0.07489610302984519
42,1910,0.08323554877317532
42,1911,0.09462073287624054
42,1912,0.0950960298489801
42,1913,0.09153184642420137
42,1914,0.08179549690431571
42,1915,0.07544487106235132
42,1916,0.07864067350309487
42,1917,0.07982911272916703
42,1918,0.07773783601766683
42,1919,0.07925811148727603
42,1920,0.07765988436852533
42,1921,0.0812267093524166
42,1922,0.08766384683889385
42,1923,0.09402114526677653
42,1924,0.0914950912730551
42,1925,0.09037029791840333
42,1926,0.0853456378070195
42,1927,0.076156014388593
42,1928,0.07537734717126791
42,1929,0.07699541596343079
42,1930,0.07135811652699217
42,1931,0.07209257736573414
42,1932,0.07470868252989651
42,1933,0.08338218622404454
42,1934,0.09486748835914624
42,1935,0.10763119605038309
42,1936,0.10533690555738828
42,1937,0.1006771729427196
42,1938,0.10398785548839276
42,1939,0.10293648367566517
42,1940,0.10231077064433919
42,1941,0.09580603774063441
42,1942,0.09047557698266452
42,1943,0.09085740752043114
42,1944,0.08775161585905959
42,1945,0.09266737482498297
42,1946,0.09851532193975059
42,1947,0.1001622836872872
42,1948,0.09177149975391553
42,1949,0.08978940039211442
42,1950,0.0847391189330853
42,1951,0.07689936895861282
42,1952,0.07843119393681389
42,1953,0.08085407792641265
42,1954,0.0771897665254656
42,1955,0.07740504223249636
42,1956,0.08010083945062187
42,1957,0.08707194982460481
42,1958,0.09182632482513864
42,1959,0.09436999129759258
42,1960,0.08751556289220139
42,1961,0.08655302841620717
42,1962,0.08254919314558751
42,1963,0.07745078415297138
42,1964,0.07775258243706079
42,1965,0.07877013398825017
42,1966,0.07674185953671413
42,1967,0.0781131957939617
42,1968,0.07689780145450545
42,1969,0.08113710416048366
42,1970,0.08570119821874679
42,1971,0.08675011728911945
42,1972,0.07860737737942217
42,1973,0.07684265608433082
42,1974,0.07259253884688917
42,1975,0.06552791059884158
42,1976,0.0672800975338602
42,1977,0.06978607411230273
42,1978,0.06690569089250747
42,1979,0.0680395865060078
42,1980,0.06853514742519497
42,1981,0.07316955132687257
42,1982,0.07788464506093254
42,1983,0.08197518381004304
42,1984,0.07960170307298181
42,1985,0.08107351918498025
42,1986,0.07533397053847195
42,1987,0.06609021299087388
42,1988,0.06462981301975375
42,1989,0.06638181089576664
42,1990,0.06580115060638328
42,1991,0.06820956122547471
42,1992,0.06291112690447803
42,1993,0.06645085277032463
42,1994,0.07154042848931644
42,1995,0.07808941405405445
42,1996,0.07607284660410761
42,1997,0.07495442926672605
42,1998,0.06802889634835187
42,1999,0.05952118756385832
42,2000,0.0594016325541072
42,2001,0.06331104966519671
42,2002,0.05879332985851528
42,2003,0.059142567733154405
42,2004,0.06250154864698416
42,2005,0.0701310496162056
42,2006,0.07640244365534449
42,2007,0.08921595991160015
42,2008,0.0888976325859231
42,2009,0.08846312340922162
42,2010,0.08095684837038523
42,2011,0.07350978892697134
42,2012,0.07451164196225181
42,2013,0.07016373176709334
42,2014,0.06731248743922942
42,2015,0.06975550198188692
42,2016,0.06583698381053964
42,2017,0.07007434317586055
42,2018,0.07665246936658758
42,2019,0.08250574414917243
42,2020,0.07931273304839954
42,2021,0.07792428086333274
42,2022,0.07188230861980534
42,2023,0.0627995860897438
42,2024,0.06375567223640972
42,2025,0.07028347844668106
42,2026,0.0701654569731185
42,2027,0.0734153942774992
42,2028,0.07594113281327708
42,2029,0.0818601770291088
42,2030,0.08975828415414858
42,2031,0.09386365384161931
42,2032,0.08762538459815658
42,2033,0.08116250437565445
42,2034,0.07384037689474322
42,2035,0.06579132860919938
42,2036,0.0665533987090719
42,2037,0.06495631613662783
42,2038,0.0650550123639779
42,2039,0.06741702904442602
42,2040,0.06354629585445738
42,2041,0.06516143010816122
42,2042,0.0664535691726962
42,2043,0.07194669943329662
42,2044,0.07133161940527896
42,2045,0.07258727434865839
42,2046,0.06668646771338262
42,2047,0.05898266067922128
42,2048,0.06170228700180571
42,2049,0.06461332740754369
42,2050,0.06374463915162254
42,2051,0.06475605546114702
42,2052,0.06464368394097159
42,2053,0.06871504858776993
42,2054,0.07040831945914328
42,2055,0.07541387420526546
42,2056,0.07141107539213754
42,2057,0.0719180622445647
42,2058,0.06901115813161562
42,2059,0.06239807552822676
42,2060,0.061451788765385346
42,2061,0.06088896562900419
42,2062,0.06018052829780512
42,2063,0.0596195115594359
42,2064,0.05662446157164915
42,2065,0.05768282184593697
42,2066,0.056777661177921955
42,2067,0.06068467285212678
42,2068,0.06071450251067239
42,2069,0.0626830427356818
42,2070,0.059401628497162434
42,2071,0.05408065264515565
42,2072,0.05696518566668007
42,2073,0.058991254975034636
42,2074,0.05779257687929463
42,2075,0.05748087898691712
42,2076,0.056980892852551895
42,2077,0.0597204311247309
42,2078,0.059516188455732505
42,2079,0.06566967752177477
42,2080,0.06728659764069166
42,2081,0.07178312518344901
42,2082,0.07424753530553882
42,2083,0.07174524090988449
42,2084,0.06957033217340933
42,2085,0.06497782898772869
42,2086,0.06195414094605632
42,2087,0.05987299948169593
42,2088,0.05741434130114158
42,2089,0.057421648141351644
42,2090,0.05731752794807515
42,2091,0.0611762105974247
42,2092,0.061382644792648974
42,2093,0.0641392460179192
42,2094,0.06249884678176832
42,2095,0.057825058140370846
42,2096,0.06136582834818094
42,2097,0.06596999882660798
42,2098,0.06621846788718573
42,2099,0.06640482243858811
42,2100,0.06315774983356205
42,2101,0.06506920348461616
42,2102,0.06504981438591823
42,2103,0.06858151890689031
42,2104,0.06757358533984985
42,2105,0.06815170040157865
42,2106,0.07007994899042692
42,2107,0.06708913990272548
42,2108,0.06597920640572955
42,2109,0.06281636554020095
42,2110,0.061239226070075814
42,2111,0.060354118975507104
42,2112,0.05643642205692469
42,2113,0.05477752828561337
42,2114,0.053148148342473174
42,2115,0.056539300066536596
42,2116,0.05917232411915551
42,2117,0.06103165944542184
42,2118,0.05892699212911672
42,2119,0.05503981128750241
42,2120,0.0577887236821191
42,2121,0.05942164937848593
42,2122,0.05793142140127551
42,2123,0.056447723399338845
42,2124,0.05529012228011406
42,2125,0.05508144325370876
42,2126,0.05519937167674056
42,2127,0.059322678311183576
42,2128,0.06030584350095382
42,2129,0.06264825028357916
42,2130,0.06629439992823023
42,2131,0.06475465519078374
42,2132,0.06279731179658354
42,2133,0.061099344752749425
42,2134,0.0596357240953739
42,2135,0.05892173224885344
42,2136,0.056899554483712846
42,2137,0.055106115136517045
42,2138,0.05322506500200568
42,2139,0.05759816014785693
42,2140,0.05810045458482211
42,2141,0.05930448820015052
42,2142,0.05681466479936334
42,2143,0.05324594739129467
42,2144,0.055230791031842946
42,2145,0.05731798978169415
42,2146,0.053881247222758374
42,2147,0.051098065533455195
42,2148,0.051405418830418985
42,2149,0.054247241534183636
42,2150,0.05595443066792438
42,2151,0.060759378327339124
42,2152,0.06321629354846416
42,2153,0.06743200418028755
42,2154,0.07146865841170119
42,2155,0.06928453674018317
42,2156,0.06653371272693435
42,2157,0.061291834130922394
42,2158,0.05797204370183927
42,2159,0.05477486231390006
42,2160,0.05125043470933862
42,2161,0.04947664302962144
42,2162,0.047874839346484656
42,2163,0.05218722951139283
42,2164,0.05563092312335744
42,2165,0.05773922124903947
42,2166,0.055112849046785525
42,2167,0.05122916386356177
42,2168,0.05255899246899901
42,2169,0.05529276453528261
42,2170,0.05368112544116253
42,2171,0.053664332891557844
42,2172,0.053968066272891586
42,2173,0.05420501055358703
42,2174,0.05505274191537402
42,2175,0.059297603445808575
42,2176,0.05930985961887227
42,2177,0.060216902559146426
42,2178,0.05924213634303191
42,2179,0.055478317890062114
42,2180,0.054771595287751274
42,2181,0.054320773333836066
42,2182,0.058161200680197124
42,2183,0.06217493206161414
42,2184,0.05820888008450436
42,2185,0.054827411804116204
42,2186,0.05217985314768363
42,2187,0.054768676988821756
42,2188,0.0562555200712135
42,2189,0.05848237852363384
42,2190,0.05951759191597319
42,2191,0.058362438059432954
42,2192,0.05957998403136269
42,2193,0.059068491130079594
42,2194,0.0604462248100548
42,2195,0.060918080405719034
42,2196,0.05939599720988083
42,2197,0.058923387946479444
42,2198,0.058472137476558814
42,2199,0.06515868784225344
42,2200,0.06716684235824041
42,2201,0.07146998418699176
42,2202,0.07756868260647855
42,2203,0.07626851521702138
42,2204,0.07271380811799442
42,2205,0.06810055974055183
42,2206,0.06567256838441965
42,2207,0.06476218389469661
42,2208,0.06090485367107644
42,2209,0.05941075626965388
42,2210,0.059870608362328985
42,2211,0.06479872915576193
42,2212,0.06585548748467678
42,2213,0.06812086284229145
42,2214,0.06592195137605665
42,2215,0.060667335140678215
42,2216,0.06185907850294206
42,2217,0.06109245021529079
42,2218,0.060302914080912665
42,2219,0.06000343096038962
42,2220,0.06112383234289807
42,2221,0.06405827994539436
42,2222,0.06519650955535577
42,2223,0.0690215481878717
42,2224,0.06974147097786493
42,2225,0.07426220061518234
42,2226,0.07957103570133467
42,2227,0.07843758786264468
42,2228,0.07568369807468306
42,2229,0.07032760333332969
42,2230,0.06679888782579116
42,2231,0.06352174097398966
42,2232,0.059405812821611205
42,2233,0.060358197749973155
42,2234,0.062437828699804125
42,2235,0.0685920482191153
42,2236,0.0731962566391735
42,2237,0.07762595023974857
42,2238,0.07516079972954944
42,2239,0.0699118381382221
42,2240,0.06859004431827886
42,2241,0.06569236239748312
42,2242,0.061924153834820216
42,2243,0.05901601582083999
42,2244,0.05847221386121834
42,2245,0.05954801390818899
42,2246,0.06061504249806546
42,2247,0.06504627494044442
42,2248,0.06846673931973617
42,2249,0.07650107135643884
42,2250,0.08335880832924672
42,2251,0.08302171418584821
42,2252,0.08022522182417992
42,2253,0.07458555947206989
42,2254,0.07033596237616857
42,2255,0.06818745838410217
42,2256,0.06392209388692513
42,2257,0.059412454446811466
42,2258,0.055366341213990776
42,2259,0.05678927901144077
42,2260,0.058824389403274786
42,2261,0.06225219200476374
42,2262,0.06118294239427209
42,2263,0.057908662695962676
42,2264,0.05769811349753217
42,2265,0.05476530481617996
42,2266,0.05549684429164252
42,2267,0.0572511913262956
42,2268,0.0600783421816159
42,2269,0.06196074709515358
42,2270,0.061348098722654495
42,2271,0.06243578908794724
42,2272,0.05999948852556157
42,2273,0.06269903097115824
42,2274,0.06566846788657126
42,2275,0.06574346655196665
42,2276,0.06450669928539889
42,2277,0.0608606686289913
42,2278,0.05913823963797779
42,2279,0.05671793586336439
42,2280,0.05590658964176967
42,2281,0.05582448475263486
42,2282,0.05386202749115278
42,2283,0.058004096276380916
42,2284,0.06054047187828503
42,2285,0.06250380268709697
42,2286,0.060602751197422845
42,2287,0.057855051009120584
42,2288,0.057795322287741036
42,2289,0.05630288252274948
42,2290,0.056267111035878586
42,2291,0.05756548735855075
42,2292,0.061097764737629796
42,2293,0.06328515970753923
42,2294,0.06320059196281408
42,2295,0.06353327913026227
42,2296,0.0603256690098046
42,2297,0.05931706584800151
42,2298,0.061875579329574396
42,2299,0.06510221969212196
42,2300,0.0661391346393478
42,2301,0.063602662311948
42,2302,0.06051321141266601
42,2303,0.057404883219985145
42,2304,0.056595513264225975
42,2305,0.0558730934069374
42,2306,0.05328909823230682
42,2307,0.05534262202341625
42,2308,0.0571712081420032
42,2309,0.058350202940422806
42,2310,0.055357560241087185
42,2311,0.05279420412104643
42,2312,0.053610622515328984
42,2313,0.051584968790868366
42,2314,0.05116546111830582
42,2315,0.05064830455779867
42,2316,0.05220194442386457
42,2317,0.05435514413015757
42,2318,0.053537989945675095
42,2319,0.053601311188629756
42,2320,0.05217984082663972
42,2321,0.05254392066395683
42,2322,0.05301180301773069
42,2323,0.05303513297570343
42,2324,0.0532482832607888
42,2325,0.05156724447562959
42,2326,0.049831070676990344
42,2327,0.048380134498656906
42,2328,0.04906478463423912
42,2329,0.051593558562064226
42,2330,0.051002494548268884
42,2331,0.05510900649924217
42,2332,0.057930732317849745
42,2333,0.059632950756142944
42,2334,0.05769959676942295
42,2335,0.0564328855748017
42,2336,0.057028607767560996
42,2337,0.054363626879460454
42,2338,0.0528347633816306
42,2339,0.05161831552882521
42,2340,0.05224328172863104
42,2341,0.05255065060125811
42,2342,0.05123971108349429
42,2343,0.054595876751760336
42,2344,0.056722924685819145
42,2345,0.05839325618313319
42,2346,0.056852052379306725
42,2347,0.05527644716452751
42,2348,0.05599873517761395
42,2349,0.05259597895644772
42,2350,0.05186602761512297
42,2351,0.05234171526267823
42,2352,0.053071111336275005
42,2353,0.05587770126372081
42,2354,0.05654088089118508
42,2355,0.06119763966374478
42,2356,0.06412329011630954
42,2357,0.065989413673676
42,2358,0.06426960082990087
42,2359,0.0630443758437982
42,2360,0.0630797182835484
42,2361,0.060816385102148436
42,2362,0.0592680728534558
42,2363,0.0588264428430952
42,2364,0.05950263365339069
42,2365,0.060002358239823576
42,2366,0.06035298948410929
42,2367,0.06407068721424915
42,2368,0.06583146530897512
42,2369,0.06549598808797331
42,2370,0.06491879293297934
42,2371,0.0625371625485603
42,2372,0.06186787191040787
42,2373,0.05689270934161158
42,2374,0.055308863931211365
42,2375,0.05546983042379269
42,2376,0.05244838591365128
42,2377,0.052787164040905624
42,2378,0.05026282958033681
42,2379,0.051668889339846064
42,2380,0.05493188126786028
42,2381,0.059638318834983765
42,2382,0.05991997366703807
42,2383,0.058670747420318616
42,2384,0.0580585223699439
42,2385,0.055830545821856384
42,2386,0.05493784137467063
42,2387,0.05672239078682744
42,2388,0.05755239480536815
42,2389,0.05711817936194368
42,2390,0.0581337690336475
42,2391,0.0646321938630044
42,2392,0.07030439125555417
42,2393,0.07724904842662601
42,2394,0.07799702296978735
42,2395,0.07235067470276821
42,2396,0.06635503860348431
42,2397,0.05848028606711566
42,2398,0.05651885680416198
42,2399,0.05725787891826173
42,2400,0.055160310930129706
42,2401,0.05584896442428477
42,2402,0.05743366608949205
42,2403,0.06192299883998937
42,2404,0.06520693100889699
42,2405,0.06946097718917794
42,2406,0.0686141740667771
42,2407,0.06614598843782488
42,2408,0.063868071993113
42,2409,0.060365224961684706
42,2410,0.05783555267831194
42,2411,0.05871847381219066
42,2412,0.057845873901569415
42,2413,0.059275939809007604
42,2414,0.05953849432964204
42,2415,0.06431295291048313
42,2416,0.060307963775217084
42,2417,0.060026786573191854
42,2418,0.058211831413629206
42,2419,0.055112111077876315
42,2420,0.05309474960378333
42,2421,0.049432577751409926
42,2422,0.04797913044428078
42,2423,0.048893249309580354
42,2424,0.04688455342435337
42,2425,0.05035836822115104
42,2426,0.051101923229249016
42,2427,0.051756311285154614
42,2428,0.05337282603061772
42,2429,0.05788187700560476
42,2430,0.05804333824470201
42,2431,0.055123065449860294
42,2432,0.05337431958247955
42,2433,0.05048026579168307
42,2434,0.04899639386223401
42,2435,0.05078285397685596
42,2436,0.053017381700170896
42,2437,0.05706695478825402
42,2438,0.06127888163295591
42,2439,0.07070418952417679
42,2440,0.07126809701791625
42,2441,0.0695249631604502
42,2442,0.06666143903196307
42,2443,0.061137261943730016
42,2444,0.057381026509756294
42,2445,0.05122198289887699
42,2446,0.049577550857652544
42,2447,0.050659717241917514
42,2448,0.05008479693647632
42,2449,0.054189847303185885
42,2450,0.05486544924510907
42,2451,0.05513023800397959
42,2452,0.05706600852335571
42,2453,0.060214862756578745
42,2454,0.05886492887132619
42,2455,0.053811064099357854
42,2456,0.05225665866997
42,2457,0.050431251630463386
42,2458,0.04802729933970928
42,2459,0.049600422811361525
42,2460,0.05668416764717379
42,2461,0.06441037786237705
42,2462,0.06857403583305123
42,2463,0.07529973435361849
42,2464,0.07550330405703397
42,2465,0.07001299082377409
42,2466,0.06296083903750486
42,2467,0.059575352501711525
42,2468,0.05506096712329121
42,2469,0.05298280680891224
42,2470,0.052108648865344255
42,2471,0.052067733131147
42,2472,0.05215575929406855
42,2473,0.05511286350090481
42,2474,0.0582266146797775
42,2475,0.06110591175555602
42,2476,0.06355629469226276
42,2477,0.06577582723667583
42,2478,0.06053203738705996
42,2479,0.053819859733115795
42,2480,0.052902465606051406
42,2481,0.051882693303314395
42,2482,0.0486586584067221
42,2483,0.04973516116885522
42,2484,0.0544125422560036
42,2485,0.06352908998838884
42,2486,0.07547086044928483
42,2487,0.09274983698432172
42,2488,0.09386745133536407
42,2489,0.08960289825729019
42,2490,0.08047648337117541
42,2491,0.06922114174224767
42,2492,0.06548702102443395
42,2493,0.06446233777880343
42,2494,0.06450227859696937
42,2495,0.06811074843285922
42,2496,0.06802876792061116
42,2497,0.07383325219329144
42,2498,0.07794128209015512
42,2499,0.07988369919711649
42,2500,0.08314235941545478
42,2501,0.08608325229139628
42,2502,0.08050913151408108
42,2503,0.07312279221189277
42,2504,0.07192698129013408
42,2505,0.07092086421009491
42,2506,0.06722849036581505
42,2507,0.06829682053898363
42,2508,0.07379013247708134
42,2509,0.08559135835135914
42,2510,0.09883056144507249
42,2511,0.11613485555689562
42,2512,0.12264106455971793
42,2513,0.11495653123473133
42,2514,0.1101856764310277
42,2515,0.10291370222615966
42,2516,0.10261628727458176
42,2517,0.09501141868471306
42,2518,0.08548984470097626
42,2519,0.08167271288678943
42,2520,0.07989516724877405
42,2521,0.08786959104948125
42,2522,0.09372925741218587
42,2523,0.0982854866607376
42,2524,0.10126539366504379
42,2525,0.10340311251396253
42,2526,0.09569682072470907
42,2527,0.08477046277131757
42,2528,0.0811158614321865
42,2529,0.08018261880639632
42,2530,0.07650468327211514
42,2531,0.07203385914045987
42,2532,0.07704372920715487
42,2533,0.09034566109879938
42,2534,0.10289840930276081
42,2535,0.12001911272373235
42,2536,0.12960666005446572
42,2537,0.1271084150927764
42,2538,0.11664681539877828
42,2539,0.10485748360244228
42,2540,0.10238658161530213
42,2541,0.09738866311914038
42,2542,0.0903780939122897
42,2543,0.0839483727404719
42,2544,0.08197929783367175
42,2545,0.08889337719357768
42,2546,0.09642155990878984
42,2547,0.10024147112835212
42,2548,0.10217182224937642
42,2549,0.10419725798587512
42,2550,0.0969982256353312
42,2551,0.08614617550238238
42,2552,0.0837981061142989
42,2553,0.08397626980010757
42,2554,0.08043768424093631
42,2555,0.07769519128043086
42,2556,0.07875231115207477
42,2557,0.08915210611934726
42,2558,0.10043950755705738
42,2559,0.11122354435433827
42,2560,0.11615858792615895
42,2561,0.11363728963792187
42,2562,0.1005508516644327
42,2563,0.09086256369334121
42,2564,0.08768622388560537
42,2565,0.08890685311144378
42,2566,0.08828385898022405
42,2567,0.08593719860421757
42,2568,0.08752264364782478
42,2569,0.09471462139789169
42,2570,0.09956312888482897
42,2571,0.10041116129103449
42,2572,0.0983494797372232
42,2573,0.09907850306114879
42,2574,0.09187107236809741
42,2575,0.08137544262742594
42,2576,0.08121443949582034
42,2577,0.08496246110229483
42,2578,0.08177060337239143
42,2579,0.0763225159805484
42,2580,0.07710851413988658
42,2581,0.0871794478590754
42,2582,0.09853802545215413
42,2583,0.11074962897004148
42,2584,0.1195597908154604
42,2585,0.11857998668722225
42,2586,0.10320796048926446
42,2587,0.09104060005388265
42,2588,0.09007117947646513
42,2589,0.09243782329094652
42,2590,0.0897872232867628
42,2591,0.08386911392007965
42,2592,0.0837187786688159
42,2593,0.09149054867063362
42,2594,0.09797423685718612
42,2595,0.09787978384490452
42,2596,0.09287533011483348
42,2597,0.09080565824856605
42,2598,0.08166084622619427
42,2599,0.07191560102177187
42,2600,0.07387915625600043
42,2601,0.08077051500181943
42,2602,0.08516758588038231
42,2603,0.08619995043417868
42,2604,0.08527151017327524
42,2605,0.09375667114904339
42,2606,0.09641111688738706
42,2607,0.09437653924169902
42,2608,0.08850947868923022
42,2609,0.08661963199746453
42,2610,0.07954538178281409
42,2611,0.0714789475579658
42,2612,0.07297964558191222
42,2613,0.0741787663767035
42,2614,0.07184723641665478
42,2615,0.06940481744189443
42,2616,0.06961986384760635
42,2617,0.07519686092458502
42,2618,0.08114140737169571
42,2619,0.08232535083220928
42,2620,0.07928154762011189
42,2621,0.07823647317026995
42,2622,0.07063229376987663
42,2623,0.062218989638568534
42,2624,0.06377298587395766
42,2625,0.07121086410806757
42,2626,0.07291966219400987
42,2627,0.07135020534484417
42,2628,0.07269844885114202
42,2629,0.08063895287719143
42,2630,0.0869806982984383
42,2631,0.08706969239243624
42,2632,0.08145482341315544
42,2633,0.0784747084842395
42,2634,0.07129635338161
42,2635,0.06762437127800934
42,2636,0.07027305408477123
42,2637,0.07140496756643695
42,2638,0.06869657399518103
42,2639,0.06546607014144874
42,2640,0.06194885850391803
42,2641,0.0660065196663725
42,2642,0.06983756857114917
42,2643,0.07153985690104832
42,2644,0.07279403984552697
42,2645,0.07367897175454485
42,2646,0.06518297208303618
42,2647,0.055316804877301964
42,2648,0.056984092973585206
42,2649,0.06432338054352768
42,2650,0.06398880676461632
42,2651,0.061090478342861104
42,2652,0.06323990976775698
42,2653,0.06997441883906937
42,2654,0.07163766061062642
42,2655,0.07735864250319235
42,2656,0.08317222442545594
42,2657,0.081798311717728
42,2658,0.07603314310317529
42,2659,0.07144046091261748
42,2660,0.07361826565927959
42,2661,0.0749304919695477
42,2662,0.06881617883625481
42,2663,0.060029311338705225
42,2664,0.05695654322018481
42,2665,0.06272633354925529
42,2666,0.06775074043505888
42,2667,0.07084031766726297
42,2668,0.07016417249571354
42,2669,0.0688671592586167
42,2670,0.060862796932193985
42,2671,0.054994362876448856
42,2672,0.05952945087608787
42,2673,0.06773401605895374
42,2674,0.0682542964932723
42,2675,0.07109784474151343
42,2676,0.07178175197317885
42,2677,0.07265357355026839
42,2678,0.07540666192192984
42,2679,0.0874860291710604
42,2680,0.09221120503435967
42,2681,0.08599301193170322
42,2682,0.06986273584492317
42,2683,0.05915077389202556
42,2684,0.06171731525023354
42,2685,0.06995749937210295
42,2686,0.07402960846443442
42,2687,0.07148008911261859
42,2688,0.06815890880180846
42,2689,0.07345968650456987
42,2690,0.07744367570921042
42,2691,0.07889259170672734
42,2692,0.07698794114752512
42,2693,0.07732000647670087
42,2694,0.07237249764674387
42,2695,0.06779486808022098
42,2696,0.07720901635702578
42,2697,0.09208373759909264
42,2698,0.09361202598122727
42,2699,0.09431223875883694
42,2700,0.09202859999550742
42,2701,0.09032748139507035
42,2702,0.0924353885943322
42,2703,0.09797324718622817
42,2704,0.0989634317681932
42,2705,0.09470717263778665
42,2706,0.08710776114925113
42,2707,0.08246247553162298
42,2708,0.09142868318773635
42,2709,0.10229639059960269
42,2710,0.09436837939325596
42,2711,0.08038182496370361
42,2712,0.07551365560514113
42,2713,0.07994934966607098
42,2714,0.08288453036474816
42,2715,0.08380773557309534
42,2716,0.07998402757841443
42,2717,0.08204459263478495
42,2718,0.08141105528357302
42,2719,0.08128528249308883
42,2720,0.09206626351388315
42,2721,0.1066109540719669
42,2722,0.10593789592727886
42,2723,0.09723592356385972
42,2724,0.09148677889137986
42,2725,0.09329431115276586
42,2726,0.10120434187010624
42,2727,0.10522990930297436
42,2728,0.10476370035515441
42,2729,0.10877308997674247
42,2730,0.1100761966371042
42,2731,0.11582397963185749
42,2732,0.11759029198212236
42,2733,0.11472838940756755
42,2734,0.0988660996522705
42,2735,0.08009336267510572
42,2736,0.0729021371657006
42,2737,0.07943229168048486
42,2738,0.08865415450280247
42,2739,0.08928858113226987
42,2740,0.08270824173588415
42,2741,0.08567380539659261
42,2742,0.08730408563979489
42,2743,0.09006410295831767
42,2744,0.09935475553028296
42,2745,0.11074390167996366
42,2746,0.10963156311587462
42,2747,0.0994205360098969
42,2748,0.09435107415163976
42,2749,0.09943183792998998
42,2750,0.10030822456738994
42,2751,0.0974008013160851
42,2752,0.09080606062715686
42,2753,0.09787362652538296
42,2754,0.10667573643859359
42,2755,0.11531797694942779
42,2756,0.11733811283489354
42,2757,0.11828427311862427
42,2758,0.1070234226567495
42,2759,0.09029861692973894
42,2760,0.08140721020535563
42,2761,0.08129237062437132
42,2762,0.08185857633744596
42,2763,0.07774974657933276
42,2764,0.07439036049846039
42,2765,0.08023819873018308
42,2766,0.07904000675546648
42,2767,0.07732416937103757
42,2768,0.08491714357783993
42,2769,0.09670839857107359
42,2770,0.09744492596103012
42,2771,0.08695680562914032
42,2772,0.08239263592254906
42,2773,0.08732964983987006
42,2774,0.09026590203516299
42,2775,0.08914757053606069
42,2776,0.08650518989759672
42,2777,0.09594272908743033
42,2778,0.10657682374768006
42,2779,0.11222000367219026
42,2780,0.11377982171774827
42,2781,0.11189753810779016
42,2782,0.09508030091762562
42,2783,0.07927114187435472
42,2784,0.07171757170430239
42,2785,0.07542458497756183
42,2786,0.077247662985716
42,2787,0.075319024905363
42,2788,0.07374783231274334
42,2789,0.07979857649970078
42,2790,0.08056573511903634
42,2791,0.07819587962095093
42,2792,0.08355544576515662
42,2793,0.09466905800952309
42,2794,0.09121852719603316
42,2795,0.07403134125384479
42,2796,0.06938241993072564
42,2797,0.07552151821621475
42,2798,0.0820483821455277
42,2799,0.09058529071036536
42,2800,0.10033392234400305
42,2801,0.11779278212836707
42,2802,0.12712979458412688
42,2803,0.131476231222826
42,2804,0.1287889805732877
42,2805,0.121558145022563
42,2806,0.10383993907643686
42,2807,0.0851788125816266
42,2808,0.07918069436713163
42,2809,0.08204077327195464
42,2810,0.08235446832343511
42,2811,0.07978596490888559
42,2812,0.07773343847055726
42,2813,0.08283204676354465
42,2814,0.0826749376021436
42,2815,0.08042691103565267
42,2816,0.08664775205816078
42,2817,0.0978586326393723
42,2818,0.09870450604255535
42,2819,0.09428316382042616
42,2820,0.09582042883841446
42,2821,0.10377872807780568
42,2822,0.1054741419889197
42,2823,0.09836474469450249
42,2824,0.08974416331177938
42,2825,0.09645364430500096
42,2826,0.10478781767552378
42,2827,0.1076239946122821
42,2828,0.10738270407227785
42,2829,0.10726107428417277
42,2830,0.09594168044916428
42,2831,0.08113698031812741
42,2832,0.07480785734615127
42,2833,0.07691957644370151
42,2834,0.0773438722869855
42,2835,0.07428645007321148
42,2836,0.07117535045567638
42,2837,0.07617307428912672
42,2838,0.07425440350347437
42,2839,0.07220494074770072
42,2840,0.07786573963300282
42,2841,0.08734716647590489
42,2842,0.08798145561342854
42,2843,0.08140366629375949
42,2844,0.07939545334544748
42,2845,0.08862192982117893
42,2846,0.0928108558696607
42,2847,0.0890113379930002
42,2848,0.08159002086222907
42,2849,0.08468213238509344
42,2850,0.09022951127580787
42,2851,0.09340161277808308
42,2852,0.09488021738498591
42,2853,0.0955278496610559
42,2854,0.08484438625733988
42,2855,0.07333446362467609
42,2856,0.06782709377378404
42,2857,0.0703296303269556
42,2858,0.07115982358607484
42,2859,0.06941197934893127
42,2860,0.06715148941424658
42,2861,0.07145156983807935
42,2862,0.07176282778746768
42,2863,0.07126195330312839
42,2864,0.07709752710294251
42,2865,0.08590870385602561
42,2866,0.08595242686985265
42,2867,0.07908627258730042
42,2868,0.07624953821888236
42,2869,0.08198236561727658
42,2870,0.08429209154032928
42,2871,0.08193853710342136
42,2872,0.07568618437055437
42,2873,0.07358965086283806
42,2874,0.07230115632595777
42,2875,0.0750323923641602
42,2876,0.08182414682414738
42,2877,0.08463640161845026
42,2878,0.08225226126632305
42,2879,0.07500017683194335
42,2880,0.068316346106291
42,2881,0.07092753750454692
42,2882,0.07166599067881979
42,2883,0.06966417911011935
42,2884,0.06771379390672518
42,2885,0.07063403044974687
42,2886,0.0694933853296767
42,2887,0.07009429831986057
42,2888,0.07676256248054723
42,2889,0.08560558331444261
42,2890,0.08486138665231056
42,2891,0.07748802513292773
42,2892,0.07534445643036132
42,2893,0.08360727366065773
42,2894,0.08603997493461896
42,2895,0.0830256873724477
42,2896,0.08036978686438338
42,2897,0.08745921875959882
42,2898,0.0956189003233393
42,2899,0.10165857252759546
42,2900,0.10405016817124915
42,2901,0.10046702746681212
42,2902,0.08475324782998615
42,2903,0.06958255024304988
42,2904,0.06463811842016581
42,2905,0.06863522814511289
42,2906,0.06947368763630049
42,2907,0.06834634844892896
42,2908,0.06813343507580692
42,2909,0.0725388488032809
42,2910,0.0713587307403605
42,2911,0.072480728683877
42,2912,0.08102315539567972
42,2913,0.08806157684904407
42,2914,0.08391659043548876
42,2915,0.07018608759088626
42,2916,0.06404129582070536
42,2917,0.06954713815901088
42,2918,0.07529019416845324
42,2919,0.07790007581820975
42,2920,0.07500184398901613
42,2921,0.07306893743712524
42,2922,0.06817356300972703
42,2923,0.07360312144884587
42,2924,0.08014980108273569
42,2925,0.08244824532388548
42,2926,0.07624835821713495
42,2927,0.06886961740432036
42,2928,0.06732382854330653
42,2929,0.0725124670006661
42,2930,0.07377201105542705
42,2931,0.07107685435791272
42,2932,0.06656533913291052
42,2933,0.06703772410398508
42,2934,0.06456944383446887
42,2935,0.06304128070589071
42,2936,0.06960123998467964
42,2937,0.07854191177393302
42,2938,0.07735011340514097
42,2939,0.07254392890484535
42,2940,0.07156602069838712
42,2941,0.07659997341157466
42,2942,0.0848553831601336
42,2943,0.08999092046220851
42,2944,0.08559858553065161
42,2945,0.07946358444858989
42,2946,0.06866463858279027
42,2947,0.068113436320692
42,2948,0.07740848457232075
42,2949,0.08267356817116839
42,2950,0.0799587029461822
42,2951,0.07579378143651101
42,2952,0.07568033419460762
42,2953,0.08440299879254091
42,2954,0.0885505359789004
42,2955,0.08672883274528051
42,2956,0.07950705298652189
42,2957,0.07717537056579932
42,2958,0.07127435277729331
42,2959,0.06898995222610041
42,2960,0.07484621033550448
42,2961,0.08653375376789663
42,2962,0.09278234228576943
42,2963,0.09495277595696985
42,2964,0.09910748111975222
42,2965,0.10727683941914114
42,2966,0.11238042132621698
42,2967,0.10896747112840686
42,2968,0.08664146669535557
42,2969,0.07122296838050397
42,2970,0.06359627731021779
42,2971,0.06383971027545186
42,2972,0.07180212887401553
42,2973,0.0796041648498175
42,2974,0.07912154740106493
42,2975,0.07444759224792535
42,2976,0.07301252763222714
42,2977,0.08162530130814491
42,2978,0.08591424026892033
42,2979,0.08221340859487389
42,2980,0.07241065941214088
42,2981,0.06733128335095748
42,2982,0.0624611801917539
42,2983,0.06223181170416608
42,2984,0.07031385457019501
42,2985,0.08271910293400597
42,2986,0.08485147107877065
42,2987,0.08231195362116572
42,2988,0.07954953784266518
42,2989,0.08349349778577922
42,2990,0.0901696054605693
42,2991,0.089388101988998
42,2992,0.07975385590644049
42,2993,0.07368549470835574
42,2994,0.0662096962072844
42,2995,0.06526329519703683
42,2996,0.07224823070775777
42,2997,0.08160993032812955
42,2998,0.08182246693879763
42,2999,0.07512593737585524
42,3000,0.07258651301539781
42,3001,0.08133518732099083
42,3002,0.08745886998987755
42,3003,0.08578299989055474
42,3004,0.07667630198220236
42,3005,0.07272897527257773
42,3006,0.06774623155920777
42,3007,0.0671499886984489
42,3008,0.07215287432756201
42,3009,0.08390628012019823
42,3010,0.0877641957581415
42,3011,0.08135130232920557
42,3012,0.07915306315545506
42,3013,0.084835416107582
42,3014,0.09139483368911713
42,3015,0.09394785304255637
42,3016,0.08382054619221613
42,3017,0.07777413836527444
42,3018,0.07033013923725825
42,3019,0.06834678997909659
42,3020,0.07571488364239878
42,3021,0.08374876578772682
42,3022,0.08629952748643047
42,3023,0.08654016472946147
42,3024,0.08284100347435502
42,3025,0.09118802881873368
42,3026,0.09578457620657709
42,3027,0.0929190575496183
42,3028,0.08337964415679147
42,3029,0.07805465852825544
42,3030,0.07290019064895764
42,3031,0.07046271313614462
42,3032,0.0754403497432114
42,3033,0.08665565606364543
42,3034,0.09066205295302274
42,3035,0.08521178768798444
42,3036,0.08512905123051229
42,3037,0.09169573246850277
42,3038,0.09802462442732102
42,3039,0.10107259004671548
42,3040,0.08853891487622459
42,3041,0.07627993497250733
42,3042,0.06807131411513509
42,3043,0.06656942982463451
42,3044,0.07543387869615482
42,3045,0.08411809583333221
42,3046,0.08972486140051876
42,3047,0.0913568179775417
42,3048,0.08889321703569114
42,3049,0.09675853186647741
42,3050,0.09948462872273858
42,3051,0.09166387358413361
42,3052,0.07688014369750738
42,3053,0.06905222278985719
42,3054,0.06473851239614557
42,3055,0.06627821238581255
42,3056,0.07612850684005484
42,3057,0.08977818885896169
42,3058,0.09453629053040023
42,3059,0.09382273295603008
42,3060,0.09769536319159619
42,3061,0.1022154020289563
42,3062,0.09951604981441024
42,3063,0.08844403769032617
42,3064,0.07410833948370803
42,3065,0.06757049551463042
42,3066,0.06422891920786845
42,3067,0.06496486923063376
42,3068,0.07485630662616864
42,3069,0.08192480141781905
42,3070,0.08583746403535587
42,3071,0.08729515333247197
42,3072,0.08313233116350503
42,3073,0.08770527350406426
42,3074,0.08530678736894141
42,3075,0.07922721555952913
42,3076,0.06968922035425154
42,3077,0.06434914991253803
42,3078,0.0583600132790357
42,3079,0.056277131378397446
42,3080,0.06246481668827177
42,3081,0.07520761491947886
42,3082,0.08109160873998096
42,3083,0.07952489244369688
42,3084,0.08044002860032498
42,3085,0.0853278028709188
42,3086,0.08834739242286334
42,3087,0.08836867463242562
42,3088,0.07752743273533404
42,3089,0.0667554198453835
42,3090,0.05985110250504685
42,3091,0.05780117743734003
42,3092,0.0619263894203456
42,3093,0.07129222321555523
42,3094,0.08234253719004377
42,3095,0.08788641956729804
42,3096,0.0842621148748045
42,3097,0.08705769351672951
42,3098,0.08448533173575754
42,3099,0.07475677728936247
42,3100,0.06268224460653707
42,3101,0.056021325959852396
42,3102,0.05155866978425613
42,3103,0.05085240336882673
42,3104,0.06022997915902219
42,3105,0.07562312851292335
42,3106,0.08182844883579452
42,3107,0.08013808144240989
42,3108,0.07743926291260653
42,3109,0.07811013449154616
42,3110,0.07702322723112488
42,3111,0.07240097322458819
42,3112,0.06401170000998474
42,3113,0.05867699322507144
42,3114,0.05284498894609072
42,3115,0.05155112600915422
42,3116,0.06076465059937072
42,3117,0.06803574079390562
42,3118,0.07265266196430334
42,3119,0.06923956483044978
42,3120,0.06484994513015989
42,3121,0.06694794414017442
42,3122,0.06601517546257511
42,3123,0.06179070842070114
42,3124,0.05702291200472549
42,3125,0.05515569487597379
42,3126,0.05207333773316113
42,3127,0.05151841422008128
42,3128,0.0590583494853714
42,3129,0.07182184361379028
42,3130,0.07442489576355595
42,3131,0.0690984151848705
42,3132,0.0634614173497131
42,3133,0.0644411732106248
42,3134,0.06373428024006828
42,3135,0.06441156187168215
42,3136,0.06395798082844441
42,3137,0.06153120330713545
42,3138,0.05975019787916694
42,3139,0.06229310049641576
42,3140,0.06757186009384507
42,3141,0.07151847412231215
42,3142,0.07057040295478106
42,3143,0.0675358040760168
42,3144,0.06366129344341942
42,3145,0.06688783221426445
42,3146,0.06928757740155511
42,3147,0.06851898891381568
42,3148,0.06428110618021993
42,3149,0.05922026766668642
42,3150,0.05146210693034666
42,3151,0.047953196346345095
42,3152,0.053163159196102296
42,3153,0.06285068111009856
42,3154,0.0659862809875038
42,3155,0.06589036815813856
42,3156,0.06508931031423743
42,3157,0.0654383137716641
42,3158,0.06514423494018283
42,3159,0.06789064386951785
42,3160,0.06245932062139811
42,3161,0.054958358053105366
42,3162,0.047846023032296105
42,3163,0.046577985232439216
42,3164,0.05282682347206485
42,3165,0.06324239159115476
42,3166,0.06935003507626113
42,3167,0.06748583284351313
42,3168,0.06165659038026982
42,3169,0.063968975759056
42,3170,0.06274881850460089
42,3171,0.058506806508032125
42,3172,0.05410307764843348
42,3173,0.05168054953695011
42,3174,0.04607024807098969
42,3175,0.04487762447722807
42,3176,0.053216666193723706
42,3177,0.06562410395041086
42,3178,0.06966474454409567
42,3179,0.06908158654015978
42,3180,0.06780488286436485
42,3181,0.06500396515653
42,3182,0.06234543175584848
42,3183,0.062760963463908
42,3184,0.05876833121984642
42,3185,0.05699964999851813
42,3186,0.05237941113648548
42,3187,0.05105658679244319
42,3188,0.05620669659585444
42,3189,0.06433326157896704
42,3190,0.07077932506974416
42,3191,0.07274285635298337
42,3192,0.068661987242137
42,3193,0.06797820217174165
42,3194,0.06690046822927777
42,3195,0.061251280759692266
42,3196,0.05410038626613477
42,3197,0.04818732398460059
42,3198,0.04244604075635359
42,3199,0.04053797939428765
42,3200,0.04688953472067199
42,3201,0.05890783249691645
42,3202,0.06605051151544608
42,3203,0.06909085806138676
42,3204,0.06809526345539678
42,3205,0.07011818328618881
42,3206,0.07376880267874589
42,3207,0.07974138902038727
42,3208,0.07458219900853957
42,3209,0.06725934073662532
42,3210,0.05994618008908436
42,3211,0.056932843615007424
42,3212,0.05932818267338032
42,3213,0.06509895186575008
42,3214,0.07017119994228746
42,3215,0.06990737754484692
42,3216,0.0689719483801383
42,3217,0.07060282364235235
42,3218,0.06909544989977624
42,3219,0.06256796610473984
42,3220,0.05457742882584352
42,3221,0.04736444854993702
42,3222,0.04319091973808501
42,3223,0.044746425444775605
42,3224,0.05429845809021581
42,3225,0.06712001797238254
42,3226,0.07472472828153744
42,3227,0.07813072539760217
42,3228,0.08104220385712434
42,3229,0.083372717508015
42,3230,0.08396335338572
42,3231,0.08184964128504814
42,3232,0.07500122168730454
42,3233,0.06809262625372288
42,3234,0.06156729003724331
42,3235,0.05627836745656904
42,3236,0.060813284330888076
42,3237,0.06916192077191236
42,3238,0.07251705256773129
42,3239,0.0682154992109071
42,3240,0.06503098859751057
42,3241,0.06267540305812203
42,3242,0.058440361076058205
42,3243,0.05376396949053174
42,3244,0.04954523718830507
42,3245,0.04589069551546308
42,3246,0.04199151797466039
42,3247,0.04262135614195081
42,3248,0.05161708402699485
42,3249,0.06068285228938434
42,3250,0.06054473088632578
42,3251,0.05714886347942421
42,3252,0.05593307507566644
42,3253,0.05349007592875108
42,3254,0.052529197872282954
42,3255,0.05104088908719926
42,3256,0.05161602005433238
42,3257,0.05285069647346173
42,3258,0.05165753761724369
42,3259,0.054106060634100464
42,3260,0.05784232876259642
42,3261,0.06028100864225964
42,3262,0.05786480749692334
42,3263,0.05277909496102465
42,3264,0.053220653586446634
42,3265,0.057002764429431536
42,3266,0.05598848893803152
42,3267,0.05248766672593568
42,3268,0.048756100071159686
42,3269,0.04639924885129871
42,3270,0.04323147842265264
42,3271,0.043583485418052875
42,3272,0.052598716406624973
42,3273,0.061817741541915966
42,3274,0.058951270592020724
42,3275,0.05519575224686319
42,3276,0.055339855497015054
42,3277,0.058717760741926944
42,3278,0.061507881868073364
42,3279,0.0657759057486211
42,3280,0.06703907860877449
42,3281,0.06904319929707016
42,3282,0.06316123849558447
42,3283,0.06136207869041013
42,3284,0.06564536338376951
42,3285,0.07062109536644429
42,3286,0.06797357170375744
42,3287,0.06464824812261079
42,3288,0.06574343173246047
42,3289,0.07142641263532239
42,3290,0.07420621549585794
42,3291,0.07056177725231852
42,3292,0.06332256093292198
42,3293,0.06158305857979956
42,3294,0.05964598930288284
42,3295,0.05845271823866345
42,3296,0.06428356662658946
42,3297,0.06953279617897883
42,3298,0.06774325468172143
42,3299,0.06846784912786003
42,3300,0.07310044881873508
42,3301,0.074678393239932
42,3302,0.0752877529685249
42,3303,0.07365834962417499
42,3304,0.06945907701088898
42,3305,0.06667460844077872
42,3306,0.06163576488094673
42,3307,0.05753742438012907
42,3308,0.062366890043896395
42,3309,0.06781138358715531
42,3310,0.07123188325861791
42,3311,0.06912264363555164
42,3312,0.06887127149591836
42,3313,0.06979036621508716
42,3314,0.07182310369250147
42,3315,0.06878593491669627
42,3316,0.06231327898724705
42,3317,0.06185996878374477
42,3318,0.06055200740753485
42,3319,0.06133511387016939
42,3320,0.07180253159867654
42,3321,0.07673173629727782
42,3322,0.07162000673273532
42,3323,0.06765116594475452
42,3324,0.06742759618827333
42,3325,0.07022591244396074
42,3326,0.07224209482737533
42,3327,0.071354463157446
42,3328,0.07337318467728846
42,3329,0.07919752816304228
42,3330,0.08075620608205973
42,3331,0.08388573519106975
42,3332,0.08894277965149124
42,3333,0.09244982981333806
42,3334,0.08475943839235527
42,3335,0.07688814698547632
42,3336,0.07723598490841573
42,3337,0.08295377773729132
42,3338,0.08586206329117024
42,3339,0.07937787000460861
42,3340,0.07175212829655853
42,3341,0.0738093770912471
42,3342,0.07420577536955768
42,3343,0.07477246357734313
42,3344,0.08467832058013769
42,3345,0.09249354855938012
42,3346,0.0885347459980667
42,3347,0.08318787762891756
42,3348,0.08082397876214374
42,3349,0.08334543204893845
42,3350,0.08764263884685841
42,3351,0.0880676068091148
42,3352,0.09050944288955598
42,3353,0.10350691505774787
42,3354,0.10735546029639696
42,3355,0.11033807388479304
42,3356,0.11883025274877687
42,3357,0.1171152494968072
42,3358,0.10504052451419613
42,3359,0.09550600575830129
42,3360,0.09598229461335821
42,3361,0.1021982835340056
42,3362,0.10483898537792824
42,3363,0.09543560892283175
42,3364,0.08385345610223412
42,3365,0.08957961050790929
42,3366,0.09390528371602795
42,3367,0.09502932816263714
42,3368,0.10417808303335907
42,3369,0.10642835885232353
42,3370,0.09609501159192844
42,3371,0.08805980216527397
42,3372,0.08833595168401483
42,3373,0.09342671824480112
42,3374,0.09631681093173819
42,3375,0.09460031303462378
42,3376,0.09814829281840083
42,3377,0.11548296177116328
42,3378,0.1241318555149504
42,3379,0.12878829431700065
42,3380,0.1321841549843191
42,3381,0.12549993309332994
42,3382,0.10931273727455768
42,3383,0.09678861862630804
42,3384,0.0978806461209074
42,3385,0.10448481388790244
42,3386,0.10574843300977126
42,3387,0.09905732862761214
42,3388,0.0934118327912389
42,3389,0.10203053019502126
42,3390,0.10665004896849159
42,3391,0.10578337572064671
42,3392,0.11366062137323493
42,3393,0.11740054283167889
42,3394,0.11048334310491334
42,3395,0.10571322716814158
42,3396,0.10927355654043462
42,3397,0.11315339911955584
42,3398,0.10774164909041846
42,3399,0.09580022637048531
42,3400,0.09343174837834226
42,3401,0.10907857365553265
42,3402,0.12153111841892454
42,3403,0.12029142272971657
42,3404,0.12062265603392794
42,3405,0.1127863400392004
42,3406,0.09718417782401277
42,3407,0.08759848574262183
42,3408,0.09204359839343626
42,3409,0.09876409936712106
42,3410,0.10047607225867115
42,3411,0.09068659960603542
42,3412,0.08559671634732553
42,3413,0.09551018824725643
42,3414,0.10041893287263484
42,3415,0.09698562083073167
42,3416,0.09783894328248226
42,3417,0.0928242946301888
42,3418,0.08309600879347899
42,3419,0.07815742711648814
42,3420,0.08154726086737338
42,3421,0.08461649157447265
42,3422,0.087348224519543
42,3423,0.0856674596636635
42,3424,0.0883094144705391
42,3425,0.0962828158828125
42,3426,0.09241048955122261
42,3427,0.08310554440932096
42,3428,0.08457172800008353
42,3429,0.08778836668417445
42,3430,0.09505232224501643
42,3431,0.08846545678082306
42,3432,0.08736343227620476
42,3433,0.0930522178985421
42,3434,0.09588891354646611
42,3435,0.08764230781986784
42,3436,0.0830727156773954
42,3437,0.08939485024733215
42,3438,0.09408415622161063
42,3439,0.09316417229125172
42,3440,0.09526148053961017
42,3441,0.09329551260931641
42,3442,0.08723042506794877
42,3443,0.08752725754633993
42,3444,0.09641032453406126
42,3445,0.10388175012133243
42,3446,0.1063176945953811
42,3447,0.09586235328952636
42,3448,0.08608185519215635
42,3449,0.0859083388005579
42,3450,0.08455714207251279
42,3451,0.07768875825199104
42,3452,0.07754979392590045
42,3453,0.0788830458413257
42,3454,0.08373762782509159
42,3455,0.0882387333027331
42,3456,0.09039292631139374
42,3457,0.0873099231265612
42,3458,0.08145124334971081
42,3459,0.067699639070745
42,3460,0.06286097765742506
42,3461,0.07215342038420483
42,3462,0.08104450829850662
42,3463,0.08127904481430673
42,3464,0.08287496497803554
42,3465,0.07946751256572089
42,3466,0.06867073587365098
42,3467,0.062350183319967764
42,3468,0.06575806191254004
42,3469,0.06891688495246362
42,3470,0.07193244335595567
42,3471,0.07135723559174796
42,3472,0.0716844273815283
42,3473,0.07806097867216706
42,3474,0.07812865243528762
42,3475,0.07136923226973106
42,3476,0.06914017163114226
42,3477,0.06420202747196348
42,3478,0.05929666533789198
42,3479,0.05849346427815409
42,3480,0.06216892575925216
42,3481,0.0645215817876753
42,3482,0.06633009939039491
42,3483,0.06086787540683562
42,3484,0.05896847218388063
42,3485,0.06436243769942308
42,3486,0.06802951914037957
42,3487,0.06898568034536344
42,3488,0.0723549113091277
42,3489,0.07337857000865987
42,3490,0.07087162766252432
42,3491,0.06836701003916
42,3492,0.07180435501098197
42,3493,0.07325840258994988
42,3494,0.07230700139228081
42,3495,0.06694322601565801
42,3496,0.06625594604179481
42,3497,0.06759356182809469
42,3498,0.06627654783814146
42,3499,0.06316502213016398
42,3500,0.06210388898260682
42,3501,0.06136263920244408
42,3502,0.06102311825625736
42,3503,0.05892219508870332
42,3504,0.06199680932034054
42,3505,0.06344455340686263
42,3506,0.061989573684785075
42,3507,0.05592377503108643
42,3508,0.05548281617522065
42,3509,0.061895104650834455
42,3510,0.06650731959129078
42,3511,0.06872202012906696
42,3512,0.07197841974641901
42,3513,0.07147894729820933
42,3514,0.06941158135567815
42,3515,0.06914444740224988
42,3516,0.07259685522817139
42,3517,0.07386258701225916
42,3518,0.0723635533767813
42,3519,0.06772548669094634
42,3520,0.06703511391192184
42,3521,0.06978068919333777
42,3522,0.06842221822513549
42,3523,0.06417700596903161
42,3524,0.06238802400099177
42,3525,0.060951231752926556
42,3526,0.06331701596050243
42,3527,0.06528813105552282
42,3528,0.06653180033660964
42,3529,0.06019481076833051
42,3530,0.057891876960699445
42,3531,0.054934697734683714
42,3532,0.056925326562312445
42,3533,0.06340746920036389
42,3534,0.06725587190089145
42,3535,0.06722213662547809
42,3536,0.06968033444683487
42,3537,0.06920866964643448
42,3538,0.06692489612031166
42,3539,0.06765518923168372
42,3540,0.07326771251407799
42,3541,0.07368486967645939
42,3542,0.07267513738588526
42,3543,0.0700852186547637
42,3544,0.06986405359368116
42,3545,0.07785526922569064
42,3546,0.0799823976729475
42,3547,0.07497008577226394
42,3548,0.06399747859026118
42,3549,0.060507289500635206
42,3550,0.05912348382741236
42,3551,0.057820781961277885
42,3552,0.057475617837111546
42,3553,0.05632608750968141
42,3554,0.05745441787025193
42,3555,0.05424285820988121
42,3556,0.0528120739294859
42,3557,0.05939762818751428
42,3558,0.06418007394077908
42,3559,0.06147623516876618
42,3560,0.06015459879747312
42,3561,0.059471240094968306
42,3562,0.0543418161895966
42,3563,0.05276392475168155
42,3564,0.05779345258640252
42,3565,0.058472011421558584
42,3566,0.05773155308947718
42,3567,0.061803175786724285
42,3568,0.0661689935352185
42,3569,0.07001737166569712
42,3570,0.07010983363856807
42,3571,0.061873197930917466
42,3572,0.05238550903942836
42,3573,0.05417011168551384
42,3574,0.06229969662014816
42,3575,0.06284100205778081
42,3576,0.06067396130970535
42,3577,0.05504688515694475
42,3578,0.05273009047736064
42,3579,0.05207040431651331
42,3580,0.054665594523264055
42,3581,0.061267818703595205
42,3582,0.064557423556096
42,3583,0.06175294502848474
42,3584,0.061417464273218106
42,3585,0.059700029919243454
42,3586,0.05628946195749374
42,3587,0.05779122927059207
42,3588,0.06447865875615968
42,3589,0.06463756622426196
42,3590,0.06326350757145824
42,3591,0.06830400002519593
42,3592,0.0741569658538854
42,3593,0.07957021260658226
42,3594,0.07912349819900706
42,3595,0.07135955366588059
42,3596,0.06737441247934689
42,3597,0.06678333508870282
42,3598,0.06406196072734065
42,3599,0.06084975792327891
42,3600,0.060996567802261425
42,3601,0.05967481643884837
42,3602,0.06038041313075281
42,3603,0.057848438108978245
42,3604,0.06054493447308918
42,3605,0.06974227596954283
42,3606,0.0743923036481918
42,3607,0.07199467363395314
42,3608,0.07513747965883727
42,3609,0.07246355735483317
42,3610,0.0635459115320294
42,3611,0.06103661538018409
42,3612,0.06445751503385168
42,3613,0.06435399888885261
42,3614,0.06537526933362568
42,3615,0.07219291467936623
42,3616,0.0834624578747738
42,3617,0.09475162580174133
42,3618,0.09377213275158165
42,3619,0.08601951940302786
42,3620,0.08162915573143666
42,3621,0.07402593710574207
42,3622,0.07046561873792577
42,3623,0.06651936654234149
42,3624,0.06455627432124349
42,3625,0.06553242415075129
42,3626,0.06738613351769551
42,3627,0.06705871167689073
42,3628,0.06969607320223158
42,3629,0.08032529190441179
42,3630,0.08767852694302192
42,3631,0.08710091157017805
42,3632,0.08900067678188164
42,3633,0.08366038970487091
42,3634,0.07904702927568608
42,3635,0.07403388198742152
42,3636,0.07558685057758627
42,3637,0.07813521954503896
42,3638,0.08094488196694283
42,3639,0.0864607428690442
42,3640,0.09322610045546649
42,3641,0.10202892333295178
42,3642,0.09903632000163208
42,3643,0.08483269454195676
42,3644,0.0768803837195946
42,3645,0.07771292678307092
42,3646,0.08284061429235266
42,3647,0.07717515173267775
42,3648,0.07485090926267264
42,3649,0.07279614057058212
42,3650,0.0751755577950023
42,3651,0.07397884722250155
42,3652,0.07777415763769886
42,3653,0.08934900810683029
42,3654,0.09693173217054314
42,3655,0.09458123546610174
42,3656,0.08758977769278825
42,3657,0.07991282209400885
42,3658,0.07772431031988213
42,3659,0.07506416990082335
42,3660,0.07943830785851032
42,3661,0.08437528717962853
42,3662,0.08938451699978237
42,3663,0.09566409776876697
42,3664,0.10061015968663546
42,3665,0.10575895232152391
42,3666,0.10386746339368749
42,3667,0.09678577867292866
42,3668,0.08893247574800307
42,3669,0.07720473578373023
42,3670,0.07499900677829917
42,3671,0.07171369211409177
42,3672,0.0671474581344326
42,3673,0.06866044927814062
42,3674,0.0783974220368918
42,3675,0.08357523821694242
42,3676,0.09163207095176001
42,3677,0.10501749583661703
42,3678,0.11040621178302369
42,3679,0.1055068650288719
42,3680,0.10046749744917281
42,3681,0.09090028191548173
42,3682,0.07978014436608138
42,3683,0.07468952305147292
42,3684,0.0768248993212506
42,3685,0.08700343579285984
42,3686,0.10349135455736576
42,3687,0.11169568479067138
42,3688,0.12189507243955014
42,3689,0.12577950407245536
42,3690,0.11322512118741948
42,3691,0.09654824308680714
42,3692,0.09610246351744234
42,3693,0.09269232774983031
42,3694,0.09636981343551206
42,3695,0.09201272203294295
42,3696,0.0830261729007334
42,3697,0.08424113379169079
42,3698,0.09475501325338516
42,3699,0.0991616212231674
42,3700,0.10365095290597374
42,3701,0.11622414413265424
42,3702,0.11869800127266517
42,3703,0.11497471779899457
42,3704,0.10724685134584495
42,3705,0.09666977129833444
42,3706,0.08763078892647508
42,3707,0.0850050163128886
42,3708,0.09011281710033131
42,3709,0.0944502417487915
42,3710,0.10163115760785327
42,3711,0.11143404194750794
42,3712,0.12344595447315941
42,3713,0.13740420527306574
42,3714,0.12912339512850765
42,3715,0.11278516859439054
42,3716,0.10517426545357869
42,3717,0.10026155858488345
42,3718,0.09237482113692164
42,3719,0.08377020474358657
42,3720,0.07931004128513258
42,3721,0.0843132464053721
42,3722,0.09534481494349677
42,3723,0.1000678586982588
42,3724,0.1054751561009541
42,3725,0.118022743236258
42,3726,0.12175811316234231
42,3727,0.11674309136537563
42,3728,0.11530118569102148
42,3729,0.10693631586237885
42,3730,0.09376670207738427
42,3731,0.0860384112360177
42,3732,0.08601592945806905
42,3733,0.08971587377652268
42,3734,0.09563531967358602
42,3735,0.10362541570278046
42,3736,0.1248060365144921
42,3737,0.150166093250905
42,3738,0.15569836681409704
42,3739,0.14656584759560412
42,3740,0.12883882654265724
42,3741,0.11414623813139725
42,3742,0.10282481698547673
42,3743,0.08934375670826836
42,3744,0.08735994925187028
42,3745,0.08770772543331375
42,3746,0.09532127398425375
42,3747,0.09815101705578624
42,3748,0.09931381454439574
42,3749,0.11085832617969123
42,3750,0.11913157791060812
42,3751,0.11409667800815844
42,3752,0.1119678578952696
42,3753,0.104308681001703
42,3754,0.0985058129813363
42,3755,0.09216577209259058
42,3756,0.0921426935932725
42,3757,0.09936107224519139
42,3758,0.10164759549298956
42,3759,0.11203557829281857
42,3760,0.12397145186650116
42,3761,0.12666467261736797
42,3762,0.1209366729419351
42,3763,0.12007196052422027
42,3764,0.10740971172142924
42,3765,0.09755840963241005
42,3766,0.09127077148361891
42,3767,0.08067773671825304
42,3768,0.07846302708815128
42,3769,0.08031775860361048
42,3770,0.08978249663457435
42,3771,0.09328728409361346
42,3772,0.0965913140699463
42,3773,0.1074421249573287
42,3774,0.11068997331942239
42,3775,0.10775405562194433
42,3776,0.10965571830722658
42,3777,0.10825647248704251
42,3778,0.1045053920919138
42,3779,0.10081325041019834
42,3780,0.10242287966427181
42,3781,0.10983488072475277
42,3782,0.11768942582414185
42,3783,0.10950099368806179
42,3784,0.10680914123885872
42,3785,0.11438062083476139
42,3786,0.11357537882501101
42,3787,0.10843549402639616
42,3788,0.10237972773774107
42,3789,0.09553084467923434
42,3790,0.0923137477488708
42,3791,0.09024621288124537
42,3792,0.08259578437353082
42,3793,0.07651424442960454
42,3794,0.0847408032231602
42,3795,0.0857769724034703
42,3796,0.09130684457699273
42,3797,0.10166764639926884
42,3798,0.10650310998999547
42,3799,0.10557488389328122
42,3800,0.10350390419524563
42,3801,0.10074758936381327
42,3802,0.09831267946820091
42,3803,0.09583897711638241
42,3804,0.09781428367250093
42,3805,0.10772029808146757
42,3806,0.12527367585548702
42,3807,0.12924196709546235
42,3808,0.12206881476055448
42,3809,0.12008670229750416
42,3810,0.11642323218817183
42,3811,0.10492644655685339
42,3812,0.09233363657615584
42,3813,0.08688319091870195
42,3814,0.09012114367117542
42,3815,0.08919532733858376
42,3816,0.08180464820408466
42,3817,0.07260805570893987
42,3818,0.07639529803600902
42,3819,0.07999623496108545
42,3820,0.08377499726629609
42,3821,0.08719555567686908
42,3822,0.0849611612280898
42,3823,0.08387496156335657
42,3824,0.08066020212990437
42,3825,0.07774748248535823
42,3826,0.07003200812840026
42,3827,0.06824096274357379
42,3828,0.0689445560744499
42,3829,0.07195927702714794
42,3830,0.08267285338727756
42,3831,0.09450491228249172
42,3832,0.09906119301715527
42,3833,0.10423340935223953
42,3834,0.10052045773656179
42,3835,0.09022225514550969
42,3836,0.08142554421313351
42,3837,0.07675342117819073
42,3838,0.08268506195605592
42,3839,0.07802699485923541
42,3840,0.06951010338133279
42,3841,0.06775068225212565
42,3842,0.07094605337975678
42,3843,0.07448793880092697
42,3844,0.08025106301310049
42,3845,0.087275915743022
42,3846,0.08989891871632379
42,3847,0.09093014979760951
42,3848,0.08894918092717281
42,3849,0.08531071981174222
42,3850,0.08099391737205774
42,3851,0.07553452625609369
42,3852,0.07756794622100548
42,3853,0.0828472259604267
42,3854,0.09360355953421799
42,3855,0.10251266430325888
42,3856,0.10539316882314517
42,3857,0.10919078110430969
42,3858,0.10524309416096109
42,3859,0.09433264022839667
42,3860,0.08565461531641588
42,3861,0.08270589010810189
42,3862,0.08496485744969572
42,3863,0.08071053359212535
42,3864,0.07647750450721522
42,3865,0.07076384087742889
42,3866,0.0720071136094013
42,3867,0.07432966364989008
42,3868,0.0783599986564153
42,3869,0.08056833758852103
42,3870,0.0810489158974563
42,3871,0.08422725974782375
42,3872,0.0839813456932293
42,3873,0.08389853105917867
42,3874,0.07910143923490978
42,3875,0.0766620221684255
42,3876,0.08043759138349574
42,3877,0.08387855320448301
42,3878,0.0946430230606037
42,3879,0.09856042259726787
42,3880,0.09957257577736042
42,3881,0.09977221543298133
42,3882,0.09397081417779075
42,3883,0.08490400613998034
42,3884,0.0788695406778098
42,3885,0.07885020167637977
42,3886,0.08167270813358896
42,3887,0.07952263227669162
42,3888,0.07259528478530934
42,3889,0.06555605556701781
42,3890,0.06845494082266436
42,3891,0.0719982070987542
42,3892,0.07751390105288113
42,3893,0.08086735679046787
42,3894,0.08520475199045514
42,3895,0.08613631130434368
42,3896,0.08698050254131086
42,3897,0.08774370642450648
42,3898,0.09007517996183118
42,3899,0.09067700457650482
42,3900,0.09217385868107232
42,3901,0.09290994538890657
42,3902,0.096528900475025
42,3903,0.1000302965155376
42,3904,0.10094523175488804
42,3905,0.10296075490132536
42,3906,0.10304233395306828
42,3907,0.0909405613228202
42,3908,0.07763113673320332
42,3909,0.07413251574793159
42,3910,0.07538935558350707
42,3911,0.07459400536084682
42,3912,0.07366843519762051
42,3913,0.06870961308843583
42,3914,0.07054794600065736
42,3915,0.07325649878564598
42,3916,0.0777966664269226
42,3917,0.08605682492637723
42,3918,0.09355814324407516
42,3919,0.09185055729136338
42,3920,0.08726046465276349
42,3921,0.08323171019355943
42,3922,0.07931294549403421
42,3923,0.07892561577754321
42,3924,0.0835165335073202
42,3925,0.08710275286193045
42,3926,0.0956152814735355
42,3927,0.10038247716081419
42,3928,0.09687615973550597
42,3929,0.09527573491448424
42,3930,0.09316343114503182
42,3931,0.0846623637966342
42,3932,0.07679321792385173
42,3933,0.07705390797926083
42,3934,0.07885826715836781
42,3935,0.07719553153547264
42,3936,0.07695951873524746
42,3937,0.07157362336477659
42,3938,0.07190040290158362
42,3939,0.07682293714547675
42,3940,0.07885414647621357
42,3941,0.08302882658536788
42,3942,0.08919393128400548
42,3943,0.08666630992216684
42,3944,0.0785788132165373
42,3945,0.07194670098253998
42,3946,0.06401437290804723
42,3947,0.06139789442081389
42,3948,0.06239270282334724
42,3949,0.0629537573858579
42,3950,0.0674645215325008
42,3951,0.08192146060401868
42,3952,0.09774069576888009
42,3953,0.11109286393981357
42,3954,0.11228005546372592
42,3955,0.10082526441324928
42,3956,0.08563462056985445
42,3957,0.07625460378802842
42,3958,0.07276368781813934
42,3959,0.07063753744720509
42,3960,0.07074025590133849
42,3961,0.07085617269080027
42,3962,0.07114038616674902
42,3963,0.07212237018173848
42,3964,0.07871985934827187
42,3965,0.09161438421875769
42,3966,0.09907888052085685
42,3967,0.09870842808525274
42,3968,0.09313163249087542
42,3969,0.0821733457332006
42,3970,0.06925717333032584
42,3971,0.06847994479957005
42,3972,0.07657162820228047
42,3973,0.08241592959646998
42,3974,0.09262726141471381
42,3975,0.10628892911021182
42,3976,0.12130966060076262
42,3977,0.14096810448514244
42,3978,0.13799703375835065
42,3979,0.1132832143146378
42,3980,0.09360566066373505
42,3981,0.08601899579119934
42,3982,0.08550647864805216
42,3983,0.08319558755042984
42,3984,0.08601118151187373
42,3985,0.08698905196759886
42,3986,0.09144852486929257
42,3987,0.0902029730564747
42,3988,0.0923485805864134
42,3989,0.10219384255699582
42,3990,0.10767742262009822
42,3991,0.10505627503172621
42,3992,0.10084607866259308
42,3993,0.09102707767812956
42,3994,0.08190304315945701
42,3995,0.07841966090838699
42,3996,0.08328738441889022
42,3997,0.08552977603839325
42,3998,0.09207214003131765
42,3999,0.09745083996491782
42,4000,0.1092881459332304
42,4001,0.1220715144060635
42,4002,0.12173572551864376
42,4003,0.11638452500165271
42,4004,0.10667430024734816
42,4005,0.10722471402300833
42,4006,0.11748798462438503
42,4007,0.11289154472915218
42,4008,0.10407869186918776
42,4009,0.10853580500940428
42,4010,0.11359961758667136
42,4011,0.11090733665769602
42,4012,0.11019210270174724
42,4013,0.11635866138810655
42,4014,0.11563118172148043
42,4015,0.10796451149551518
42,4016,0.10298278809331299
42,4017,0.09257611086870922
42,4018,0.08191585408756083
42,4019,0.07541890849429957
42,4020,0.08185957179816723
42,4021,0.09022619550288632
42,4022,0.09487571691059572
42,4023,0.10498428807027956
42,4024,0.11766231265052597
42,4025,0.13307646549752386
42,4026,0.13589485463630743
42,4027,0.1301469664655488
42,4028,0.12201169545226752
42,4029,0.11671946764195971
42,4030,0.11159770856661212
42,4031,0.10064857111973531
42,4032,0.09530829554893074
42,4033,0.0978482701296171
42,4034,0.10076594249397167
42,4035,0.10127511025536744
42,4036,0.10974019063134317
42,4037,0.12432968369726288
42,4038,0.1284017236683184
42,4039,0.12774322305365512
42,4040,0.12925992730908725
42,4041,0.11660202780014738
42,4042,0.09920090210065215
42,4043,0.09016940044082453
42,4044,0.09041345832997859
42,4045,0.09385316478849154
42,4046,0.10429715864903197
42,4047,0.1214789587892117
42,4048,0.14260070009557424
42,4049,0.1654138179173693
42,4050,0.16951000401815589
42,4051,0.1637475107423399
42,4052,0.15029126898513478
42,4053,0.1384581224115332
42,4054,0.13397506171433055
42,4055,0.11489808027680921
42,4056,0.10878948651729319
42,4057,0.11221650477289333
42,4058,0.1203975570351178
42,4059,0.12280571227353579
42,4060,0.12883622723363594
42,4061,0.1422301836063803
42,4062,0.14101718546869932
42,4063,0.13768711471317122
42,4064,0.13340058919596168
42,4065,0.1229189028606135
42,4066,0.10946734609157502
42,4067,0.09706424542909223
42,4068,0.09943184879395028
42,4069,0.10438672895293373
42,4070,0.12543712913147068
42,4071,0.14150829049781752
42,4072,0.1541627463726365
42,4073,0.16491897474661305
42,4074,0.14919537672595518
42,4075,0.12789944540654388
42,4076,0.11953521029845951
42,4077,0.12159571595047314
42,4078,0.11207187618102607
42,4079,0.10405666795205665
42,4080,0.09895694736610669
42,4081,0.10333173691129391
42,4082,0.11375082312688499
42,4083,0.12760688358386724
42,4084,0.13586081541022652
42,4085,0.14582448938081494
42,4086,0.14319507055307043
42,4087,0.13687418826785666
42,4088,0.13251948851807785
42,4089,0.1219990865017922
42,4090,0.11324211163917752
42,4091,0.10795064044336135
42,4092,0.12313821889209486
42,4093,0.14435557382267813
42,4094,0.17318817083678364
42,4095,0.17298531138349327
42,4096,0.16266080530545973
42,4097,0.16340460897453976
42,4098,0.1571180027082554
42,4099,0.1520266003305895
42,4100,0.14097458934523013
42,4101,0.12638946666435735
42,4102,0.11069670573602595
42,4103,0.09010255069161227
42,4104,0.08684218568553828
42,4105,0.09605760806274413
42,4106,0.1126671700324155
42,4107,0.12250530852674821
42,4108,0.12546076468022038
42,4109,0.13588800012963437
42,4110,0.13358668530722878
42,4111,0.1313850414200027
42,4112,0.1233737273771333
42,4113,0.12251981958144323
42,4114,0.11391919734506228
42,4115,0.11181940904446762
42,4116,0.12203750471061799
42,4117,0.14337587442993707
42,4118,0.17432322473462641
42,4119,0.17787397034148586
42,4120,0.16103738020979919
42,4121,0.15148931198939944
42,4122,0.1391510493325512
42,4123,0.126187583694572
42,4124,0.11404683608470104
42,4125,0.10570773953107501
42,4126,0.10425175550023144
42,4127,0.10001147097663073
42,4128,0.09820321140861786
42,4129,0.09696288802108051
42,4130,0.10695419260038284
42,4131,0.11528896130619268
42,4132,0.11850133583366783
42,4133,0.12340248279147992
42,4134,0.11779977913021325
42,4135,0.10774630722566303
42,4136,0.10283580556427983
42,4137,0.0974528855548524
42,4138,0.0935971099583753
42,4139,0.09127844373802106
42,4140,0.10180021860843358
42,4141,0.11874942327524719
42,4142,0.14221256682571273
42,4143,0.1445865150155309
42,4144,0.1379370475620957
42,4145,0.13187003158582977
42,4146,0.1269631020158769
42,4147,0.12111951133558248
42,4148,0.10472025888133354
42,4149,0.10334233003926352
42,4150,0.100025479931713
42,4151,0.08730729193102982
42,4152,0.09001362423897638
42,4153,0.08541243907622911
42,4154,0.08965640154371965
42,4155,0.09929587112331292
42,4156,0.10851219909973953
42,4157,0.11948465977545658
42,4158,0.11806623784070662
42,4159,0.1107573351995431
42,4160,0.10363188981762475
42,4161,0.09357179263550652
42,4162,0.08370705559223948
42,4163,0.08068042545737775
42,4164,0.08420834143548996
42,4165,0.08369642627732278
42,4166,0.09477609166183347
42,4167,0.11532942596422163
42,4168,0.1345774896276372
42,4169,0.1498644513537563
42,4170,0.14961549929289408
42,4171,0.13371810822313707
42,4172,0.11233832040453633
42,4173,0.10439144175840732
42,4174,0.10224744436220833
42,4175,0.10157100084521077
42,4176,0.09778545867134272
42,4177,0.09498788420230586
42,4178,0.09435212242795794
42,4179,0.10072814016538982
42,4180,0.10745792211200053
42,4181,0.11782377976934996
42,4182,0.11957377911238294
42,4183,0.11588192882488818
42,4184,0.11142844232067706
42,4185,0.1135942846117995
42,4186,0.1117446782523898
42,4187,0.11004520466449971
42,4188,0.11066656110813772
42,4189,0.12286876427631245
42,4190,0.14222640741267537
42,4191,0.14199818650821702
42,4192,0.13783773401501348
42,4193,0.1413007146558214
42,4194,0.14229438425872065
42,4195,0.1340023626167468
42,4196,0.11706221704430984
42,4197,0.10747464776008488
42,4198,0.11013367082435672
42,4199,0.10685631286309956
42,4200,0.09909393215225
42,4201,0.09105313051192446
42,4202,0.09425707957059981
42,4203,0.10480313922684022
42,4204,0.11574393866658253
42,4205,0.12487691842084755
42,4206,0.12706889429195148
42,4207,0.122523611471569
42,4208,0.11516803315895353
42,4209,0.10515529588742628
42,4210,0.0958088438059437
42,4211,0.09042968718982097
42,4212,0.09231854445496662
42,4213,0.0998577708395636
42,4214,0.1110101058445083
42,4215,0.12893110074026215
42,4216,0.14141643661715783
42,4217,0.14847370279030336
42,4218,0.14084374158210225
42,4219,0.12801242247108627
42,4220,0.11228345019931621
42,4221,0.10686412160303921
42,4222,0.10993570043170872
42,4223,0.11065897468579952
42,4224,0.10784477825600736
42,4225,0.10198185323353613
42,4226,0.10039125525315086
42,4227,0.10580921014986029
42,4228,0.11146261682190493
42,4229,0.1183353478804863
42,4230,0.11995765556530287
42,4231,0.11845330198123404
42,4232,0.11278253383449077
42,4233,0.10720158745059953
42,4234,0.09774746008945287
42,4235,0.09363320092224223
42,4236,0.09812894164618981
42,4237,0.10486356226916364
42,4238,0.12275108012603897
42,4239,0.1341170475528711
42,4240,0.13843231184985252
42,4241,0.14224325911347316
42,4242,0.13527652885024086
42,4243,0.1238471744107653
42,4244,0.10826921651677991
42,4245,0.10417426651487204
42,4246,0.105629423071061
42,4247,0.10216369924366844
42,4248,0.0995266322001
42,4249,0.09588091896256752
42,4250,0.0994803213796622
42,4251,0.10667714038115184
42,4252,0.10988781783211304
42,4253,0.12104047148084134
42,4254,0.12659163118682543
42,4255,0.12115665943265987
42,4256,0.11340891723016253
42,4257,0.10664869409797151
42,4258,0.09346209291759378
42,4259,0.09147940984890725
42,4260,0.09789683091750273
42,4261,0.10828741652398297
42,4262,0.13041701747419615
42,4263,0.14060289420264913
42,4264,0.14065376918609085
42,4265,0.13911162227764395
42,4266,0.1299584833181897
42,4267,0.12149794603819057
42,4268,0.11255247403444901
42,4269,0.10931790909179386
42,4270,0.09952448188295475
42,4271,0.09056427268076585
42,4272,0.08926694909618046
42,4273,0.09582669338479134
42,4274,0.10274469284361752
42,4275,0.11198321967114383
42,4276,0.11832026661092335
42,4277,0.1297583154042391
42,4278,0.13571316388516055
42,4279,0.12990234002364465
42,4280,0.11934265187041725
42,4281,0.10588200357783382
42,4282,0.0899258206795539
42,4283,0.08153080088440177
42,4284,0.0892958294711093
42,4285,0.10429028586137362
42,4286,0.11671069731717174
42,4287,0.12794972127758097
42,4288,0.13720576064499704
42,4289,0.14756065858193093
42,4290,0.14186121919749384
42,4291,0.12503533067597924
42,4292,0.1034924010134133
42,4293,0.09680534870050751
42,4294,0.09740022309801731
42,4295,0.09340850723066549
42,4296,0.09456725520830343
42,4297,0.09782978285811388
42,4298,0.10709389444265546
42,4299,0.11774945287005045
42,4300,0.12421958267211494
42,4301,0.13713350589321185
42,4302,0.1404845780113146
42,4303,0.1388621423756371
42,4304,0.12950435940725438
42,4305,0.12184768887329879
42,4306,0.10906534904464586
42,4307,0.10299850505607197
42,4308,0.10550924412609007
42,4309,0.11572029303564701
42,4310,0.1291423079927637
42,4311,0.13427072572813276
42,4312,0.14889308262542847
42,4313,0.17511582497589784
42,4314,0.1895788512268499
42,4315,0.17861377377872978
42,4316,0.15578494658466996
42,4317,0.13727706847624252
42,4318,0.11388178442011532
42,4319,0.09213940947863626
42,4320,0.09193017833676775
42,4321,0.108579415611851
42,4322,0.12406830222650814
42,4323,0.1332714547154364
42,4324,0.1341501237555303
42,4325,0.13967874003710687
42,4326,0.1362475234609196
42,4327,0.1226142720935416
42,4328,0.11716284930109837
42,4329,0.1109216070122898
42,4330,0.10202101080432154
42,4331,0.09756139665810061
42,4332,0.10527802670746149
42,4333,0.11640898461448607
42,4334,0.13212169929872308
42,4335,0.13480325199681917
42,4336,0.13434556763085662
42,4337,0.13745349970228887
42,4338,0.13062197950132917
42,4339,0.11587114900278268
42,4340,0.10200862347985289
42,4341,0.09783100720203715
42,4342,0.09387942015275788
42,4343,0.0856478851943655
42,4344,0.07677888707073602
42,4345,0.08375907689748567
42,4346,0.09518213670820581
42,4347,0.10670623841217061
42,4348,0.11450006893984042
42,4349,0.12274200035875815
42,4350,0.12054464388694654
42,4351,0.11300886146731778
42,4352,0.10187454229864217
42,4353,0.10053630614154496
42,4354,0.09645305739159891
42,4355,0.09792660681537056
42,4356,0.10776463850452929
42,4357,0.11622577258208097
42,4358,0.12720511375174737
42,4359,0.12827424851975855
42,4360,0.12165069587904415
42,4361,0.12605818845140304
42,4362,0.12374856778123369
42,4363,0.11201479864734207
42,4364,0.09449671538558178
42,4365,0.09081793600903323
42,4366,0.08923096490276333
42,4367,0.0867239811308767
42,4368,0.08612392819689332
42,4369,0.08720525228736817
42,4370,0.09432401589923027
42,4371,0.10014611450427471
42,4372,0.10774387941537064
42,4373,0.12004495754910355
42,4374,0.12234144119439132
42,4375,0.11661186130722928
42,4376,0.10712786745601263
42,4377,0.10028055516560284
42,4378,0.08949348553232178
42,4379,0.0845300787632195
42,4380,0.08835513862432756
42,4381,0.09297540324486245
42,4382,0.1081591030614032
42,4383,0.11862107864887278
42,4384,0.12494833615037404
42,4385,0.1320530044686492
42,4386,0.12519940358431988
42,4387,0.10938144882867692
42,4388,0.09373131578372512
42,4389,0.0926252770952071
42,4390,0.09175066236873108
42,4391,0.09148757278288261
42,4392,0.08501658638071916
42,4393,0.07999432231223581
42,4394,0.08733468254931658
42,4395,0.09690245571566238
42,4396,0.10828598402546576
42,4397,0.12113503592137441
42,4398,0.12375385690259492
42,4399,0.11470190387156125
42,4400,0.10193498732148994
42,4401,0.09799188875127056
42,4402,0.08806454692551026
42,4403,0.08666999898574203
42,4404,0.08819682367209464
42,4405,0.08878522350728302
42,4406,0.09237794758981002
42,4407,0.10772463372629765
42,4408,0.13066098634884757
42,4409,0.14394582768703434
42,4410,0.13800140899825428
42,4411,0.118300710868236
42,4412,0.09574431607899965
42,4413,0.09014857465572793
42,4414,0.08751569430433018
42,4415,0.08141287163795306
42,4416,0.07934425602989177
42,4417,0.07779951470277713
42,4418,0.0834003296128712
42,4419,0.09336518600071643
42,4420,0.10766220391946035
42,4421,0.1267628750415013
42,4422,0.12909949059150913
42,4423,0.11516011657628991
42,4424,0.10228322523045372
42,4425,0.09895403169697606
42,4426,0.09521979499992025
42,4427,0.09162477396974307
42,4428,0.09433619050212091
42,4429,0.0891728870572403
42,4430,0.09222970668626691
42,4431,0.1032779862645292
42,4432,0.1214173738684811
42,4433,0.14659588413483887
42,4434,0.1476889277567068
42,4435,0.12645023385750404
42,4436,0.10129280649369814
42,4437,0.09547361891533997
42,4438,0.08985680445420707
42,4439,0.0846301098412636
42,4440,0.0812184985716811
42,4441,0.08087944941208294
42,4442,0.08562492386993636
42,4443,0.09487367761518564
42,4444,0.10977675608576992
42,4445,0.12635714554219685
42,4446,0.1298777461005124
42,4447,0.11680605691025231
42,4448,0.10247117524476503
42,4449,0.0913129137032347
42,4450,0.08542913333014121
42,4451,0.08181640929679376
42,4452,0.0883698661813398
42,4453,0.09708098761995494
42,4454,0.10057560680551614
42,4455,0.11774192788844466
42,4456,0.1374757221683649
42,4457,0.15226374603384588
42,4458,0.14715575949538306
42,4459,0.12806853338938848
42,4460,0.10828137304693033
42,4461,0.09659521941514579
42,4462,0.0948862823608334
42,4463,0.09728626671704972
42,4464,0.09795856494517526
42,4465,0.09008582583047815
42,4466,0.09249970063697627
42,4467,0.10060132290408551
42,4468,0.10868875785383185
42,4469,0.11985718416845909
42,4470,0.12397755899891838
42,4471,0.11446383744385273
42,4472,0.10703636725702159
42,4473,0.10657978440873025
42,4474,0.0988604938596122
42,4475,0.09077739445479667
42,4476,0.0945907391281748
42,4477,0.09805216562781262
42,4478,0.10685475246710077
42,4479,0.1197392815649562
42,4480,0.1308956559495795
42,4481,0.14690841486017045
42,4482,0.14255510558030546
42,4483,0.12175748635981379
42,4484,0.10244407815291903
42,4485,0.10292032491651107
42,4486,0.10278357782881954
42,4487,0.1046326014965172
42,4488,0.09894468273511912
42,4489,0.093376001824011
42,4490,0.09420929106917626
42,4491,0.10134102464045137
42,4492,0.11277922008934992
42,4493,0.12806918433908296
42,4494,0.1320379124831446
42,4495,0.12154982617473148
42,4496,0.11286045436697245
42,4497,0.10067609446160354
42,4498,0.0906024250366922
42,4499,0.085804602999288
42,4500,0.08853768778853074
42,4501,0.09837343935018696
42,4502,0.11477268234078797
42,4503,0.125778717219686
42,4504,0.13570859554465253
42,4505,0.1399135376360962
42,4506,0.13236301607430875
42,4507,0.11282674948345962
42,4508,0.09635805457879756
42,4509,0.0968377124650415
42,4510,0.09665900951226038
42,4511,0.09404421561660649
42,4512,0.08864268852985824
42,4513,0.08254368213633292
42,4514,0.08706932109730706
42,4515,0.10050415765206963
42,4516,0.1116126498803737
42,4517,0.12028168306556172
42,4518,0.1210538541031369
42,4519,0.11507137821358862
42,4520,0.10333712253364331
42,4521,0.09797085675626259
42,4522,0.08335760208657202
42,4523,0.07638128512674992
42,4524,0.08370570343516588
42,4525,0.08900018853999132
42,4526,0.10482446584724837
42,4527,0.1201810087350395
42,4528,0.13281525063765282
42,4529,0.142370411428875
42,4530,0.1373893839560797
42,4531,0.11676437155584712
42,4532,0.096647478003616
42,4533,0.095241153009164
42,4534,0.0947325779347912
42,4535,0.0944005836226851
42,4536,0.0891668731137686
42,4537,0.08417926909474185
42,4538,0.08978317187955943
42,4539,0.10144164742082952
42,4540,0.11312122425587984
42,4541,0.12356298155432828
42,4542,0.12252273777501678
42,4543,0.11537259502460641
42,4544,0.1000101866385264
42,4545,0.0952749116348329
42,4546,0.08921742881407199
42,4547,0.08929777820084722
42,4548,0.08708051610045868
42,4549,0.10011317345747565
42,4550,0.11789085808779654
42,4551,0.12476100061817928
42,4552,0.13266874818264673
42,4553,0.13355950446518253
42,4554,0.12714794671620971
42,4555,0.10941156156938643
42,4556,0.09392476368821148
42,4557,0.09367367512868727
42,4558,0.0958880743215631
42,4559,0.09203587840119687
42,4560,0.085549134909958
42,4561,0.07855942918072956
42,4562,0.08678965594138001
42,4563,0.0981743115732585
42,4564,0.11001426601175564
42,4565,0.11554436320447062
42,4566,0.11294106371117706
42,4567,0.10836038329706292
42,4568,0.0938083014828619
42,4569,0.09362580169729287
42,4570,0.08419488916825707
42,4571,0.08113252726577821
42,4572,0.07684208193454152
42,4573,0.08402799399052663
42,4574,0.09180333845869411
42,4575,0.10565750370544896
42,4576,0.12308332261879361
42,4577,0.12643479664246673
42,4578,0.12149165404946549
42,4579,0.1029988431435573
42,4580,0.08548759513506721
42,4581,0.09100245770632326
42,4582,0.09615021597595849
42,4583,0.08987038422205924
42,4584,0.08095076984435023
42,4585,0.07701477591938433
42,4586,0.08465286516108642
42,4587,0.09366129906846114
42,4588,0.10552069988184441
42,4589,0.11596743912039424
42,4590,0.11770248486568591
42,4591,0.11158260890654292
42,4592,0.09951459594318128
42,4593,0.09163150950428602
42,4594,0.07838370418009247
42,4595,0.07161344581904831
42,4596,0.07346643473584603
42,4597,0.07464449863335723
42,4598,0.09534285275780469
42,4599,0.10735214780624307
42,4600,0.1283624940091022
42,4601,0.14068102117356995
42,4602,0.13232961013958378
42,4603,0.1165046925948926
42,4604,0.09549904342081829
42,4605,0.09510092583349468
42,4606,0.09170850009711078
42,4607,0.08514281536562432
42,4608,0.08081507246765024
42,4609,0.08339315617157891
42,4610,0.09482229487316315
42,4611,0.10313250980414079
42,4612,0.11466274167938224
42,4613,0.1274116448960779
42,4614,0.1275994803480712
42,4615,0.11781138728990483
42,4616,0.10553383544728497
42,4617,0.09983187752008713
42,4618,0.08762608764974253
42,4619,0.08172192428487314
42,4620,0.08342319642845816
42,4621,0.08560123685841259
42,4622,0.09510127788194485
42,4623,0.11043496714735074
42,4624,0.12838947620188362
42,4625,0.13931781632278026
42,4626,0.13721655011556624
42,4627,0.12394693152260819
42,4628,0.10609686823323486
42,4629,0.10355327528037014
42,4630,0.09596356724970635
42,4631,0.08617605422767624
42,4632,0.08037831049479473
42,4633,0.0793794711066804
42,4634,0.08701101115034528
42,4635,0.09749541338797381
42,4636,0.1161582331495876
42,4637,0.13153612940094306
42,4638,0.13026747227202182
42,4639,0.12138890111193913
42,4640,0.11202589047798277
42,4641,0.11185604000312223
42,4642,0.10241425147835426
42,4643,0.09471022677429995
42,4644,0.09390294990880317
42,4645,0.09287904221317606
42,4646,0.09919789135138686
42,4647,0.10976115694822945
42,4648,0.1244919395840891
42,4649,0.13585321531231598
42,4650,0.13559431946384623
42,4651,0.11966627966539138
42,4652,0.10103235646716485
42,4653,0.09531721592312727
42,4654,0.09127163770859355
42,4655,0.0786959407902164
42,4656,0.07610634035738205
42,4657,0.07729829387185197
42,4658,0.08704264253495331
42,4659,0.09890187350744674
42,4660,0.11244312429458597
42,4661,0.1229778182521762
42,4662,0.12087590406013851
42,4663,0.11166301643276941
42,4664,0.09890315919280798
42,4665,0.0982365625578832
42,4666,0.09314504049685401
42,4667,0.08772721317921309
42,4668,0.09381281029413162
42,4669,0.09876127825530126
42,4670,0.11102108039645063
42,4671,0.11785702010494149
42,4672,0.12043344472135215
42,4673,0.11933278679239344
42,4674,0.11544969264404845
42,4675,0.10210662172631879
42,4676,0.09088491479202392
42,4677,0.09152852632934999
42,4678,0.09203186060158133
42,4679,0.09043985403210703
42,4680,0.08597319563568184
42,4681,0.07829348089783238
42,4682,0.08050150389489266
42,4683,0.08609964909673692
42,4684,0.0937876781225686
42,4685,0.10291014903997164
42,4686,0.10326680302708771
42,4687,0.09422179625791546
42,4688,0.08789754267332496
42,4689,0.08903237408196163
42,4690,0.08406301680886553
42,4691,0.08031770893819813
42,4692,0.08094275832415981
42,4693,0.08626334539738864
42,4694,0.08731260377694317
42,4695,0.09496857418074026
42,4696,0.10291383101244468
42,4697,0.10410555489587772
42,4698,0.10664141342827807
42,4699,0.096129366901316
42,4700,0.08294492094338354
42,4701,0.07915831930900372
42,4702,0.08218915808409173
42,4703,0.08900257685658952
42,4704,0.08536563743348949
42,4705,0.07782018445406712
42,4706,0.07564101276514008
42,4707,0.08437666440741283
42,4708,0.09119884961365624
42,4709,0.09342355877774193
42,4710,0.08912535792559928
42,4711,0.08670790952417445
42,4712,0.08237737282292026
42,4713,0.0773534248548975
42,4714,0.07310977195251087
42,4715,0.06949168942163446
42,4716,0.06911364605129088
42,4717,0.07266435072806349
42,4718,0.07833036767854065
42,4719,0.08895069163522203
42,4720,0.10223599564702071
42,4721,0.11228300767613571
42,4722,0.1135737602917432
42,4723,0.10411559749968922
42,4724,0.09847232036158797
42,4725,0.09706773208010948
42,4726,0.09625542260403792
42,4727,0.10039141592867232
42,4728,0.09885431282307058
42,4729,0.0921974747848264
42,4730,0.08755783190520967
42,4731,0.08528842737608644
42,4732,0.0888052688557049
42,4733,0.09564563364840782
42,4734,0.10051161575836083
42,4735,0.10232979309321887
42,4736,0.10385610408856397
42,4737,0.10033233508510021
42,4738,0.0930714083758703
42,4739,0.09107299054757058
42,4740,0.09298447459503771
42,4741,0.09536489859623601
42,4742,0.0983434710084454
42,4743,0.10009063861704834
42,4744,0.10054345207366988
42,4745,0.10779459964117688
42,4746,0.10370861074367656
42,4747,0.09403327923266722
42,4748,0.09040552425657296
42,4749,0.09319534821449273
42,4750,0.09695596797944414
42,4751,0.10156508487186752
42,4752,0.09882218773983388
42,4753,0.09255250502716142
42,4754,0.09173791607534748
42,4755,0.09170697759923423
42,4756,0.09276447755722743
42,4757,0.10081389996886411
42,4758,0.10561893917921862
42,4759,0.10771080321315463
42,4760,0.11189677683040285
42,4761,0.11506630713217514
42,4762,0.10836927685668847
42,4763,0.10528626660581948
42,4764,0.10641890719736974
42,4765,0.10758294801486393
42,4766,0.11045031069424695
42,4767,0.10980598200592916
42,4768,0.10675886397767617
42,4769,0.10787852861065235
42,4770,0.10464625080545194
42,4771,0.09513941644424537
42,4772,0.09031104076694309
42,4773,0.09486571605927216
42,4774,0.10071929633191677
42,4775,0.10007880185894394
42,4776,0.09056537687910393
42,4777,0.07941579884873828
42,4778,0.07754730822737765
42,4779,0.08568007124010388
42,4780,0.09692910617312202
42,4781,0.10956336766006249
42,4782,0.1125310064259602
42,4783,0.11054153626487377
42,4784,0.1134524878928703
42,4785,0.11674900351182779
42,4786,0.10446265568046487
42,4787,0.09972058061854286
42,4788,0.0970094054111001
42,4789,0.08978463137282584
42,4790,0.10789364426250422
42,4791,0.12201715469935322
42,4792,0.13554988650918082
42,4793,0.14296190171115522
42,4794,0.12849555779050198
42,4795,0.10302180261529126
42,4796,0.08531628568537883
42,4797,0.08762173767678141
42,4798,0.09282260242088859
42,4799,0.09067278099755235
42,4800,0.07847095870676425
42,4801,0.07093688516519277
42,4802,0.0754101722640146
42,4803,0.08647718999011862
42,4804,0.10071662062621427
42,4805,0.11391090169797868
42,4806,0.11358952602797738
42,4807,0.10681232091132108
42,4808,0.10228727613516705
42,4809,0.10189026703559388
42,4810,0.0982413358884822
42,4811,0.09265831459487862
42,4812,0.09804296729213845
42,4813,0.09591665658836857
42,4814,0.1060189484461082
42,4815,0.11894061788147176
42,4816,0.12568947292008784
42,4817,0.129179819855847
42,4818,0.12667875903274728
42,4819,0.10513467928791284
42,4820,0.08301173538485676
42,4821,0.08024704344787888
42,4822,0.07957016799460505
42,4823,0.07595836395969623
42,4824,0.07467480495699896
42,4825,0.07662958669765174
42,4826,0.08396373134784878
42,4827,0.093920466598477
42,4828,0.10454692862345268
42,4829,0.11632450162566371
42,4830,0.11438742133159427
42,4831,0.1010043318187406
42,4832,0.08942189455165687
42,4833,0.08772142748311307
42,4834,0.08293792348094801
42,4835,0.07801307931389496
42,4836,0.08027571870835992
42,4837,0.08398933133772474
42,4838,0.10256010162918094
42,4839,0.12273611447128557
42,4840,0.13899236723277192
42,4841,0.14782929217661966
42,4842,0.13967249125399425
42,4843,0.10848785089938749
42,4844,0.08538266950664146
42,4845,0.0815283923305957
42,4846,0.08551782387466429
42,4847,0.08489492483573581
42,4848,0.08617071550001483
42,4849,0.08655995735250978
42,4850,0.09449431558027029
42,4851,0.0994518750314008
42,4852,0.10945597135822692
42,4853,0.12108348695223525
42,4854,0.11680782156246033
42,4855,0.10064419453525593
42,4856,0.09161690943235652
42,4857,0.0873205454715645
42,4858,0.08258382814430294
42,4859,0.08061813220277779
42,4860,0.08593338606903098
42,4861,0.0915488728058484
42,4862,0.10527215217693485
42,4863,0.11961067254720431
42,4864,0.13017240346815193
42,4865,0.1436157482334729
42,4866,0.13778216147395655
42,4867,0.11216769283316526
42,4868,0.08811226192273049
42,4869,0.08102341270522986
42,4870,0.07986017300121154
42,4871,0.07709415341049906
42,4872,0.07848901318462363
42,4873,0.08485453361659279
42,4874,0.09541215912983837
42,4875,0.1034555905545332
42,4876,0.11310794252402347
42,4877,0.12601267442199607
42,4878,0.11872950497464407
42,4879,0.10520200652551069
42,4880,0.09815049424729284
42,4881,0.09057505094356341
42,4882,0.08437058036091806
42,4883,0.08864010037388194
42,4884,0.09567750838854623
42,4885,0.10257578374999202
42,4886,0.11977106507839316
42,4887,0.12700172335472082
42,4888,0.13273317850213323
42,4889,0.13697635179153445
42,4890,0.12452381594204856
42,4891,0.10368668671366336
42,4892,0.08673981907514494
42,4893,0.08217809826615503
42,4894,0.0827436532459835
42,4895,0.07841731769458535
42,4896,0.0770789086631838
42,4897,0.08095260112079947
42,4898,0.08966806420851375
42,4899,0.0946249068783801
42,4900,0.1041395202803241
42,4901,0.11689807832945667
42,4902,0.11457665311525711
42,4903,0.10637814824411874
42,4904,0.09894485763227641
42,4905,0.09565175114333799
42,4906,0.08792633663649482
42,4907,0.08429820742192486
42,4908,0.08907562231024531
42,4909,0.09934626705989943
42,4910,0.11387269707230217
42,4911,0.12897101864903662
42,4912,0.13783753514330072
42,4913,0.1377859963745632
42,4914,0.1233376017502731
42,4915,0.10584829543591498
42,4916,0.09599893811972192
42,4917,0.09366156561557719
42,4918,0.09700936941297553
42,4919,0.08744001045976973
42,4920,0.07782683758821463
42,4921,0.08040416280054688
42,4922,0.09062493853144094
42,4923,0.09834062221644364
42,4924,0.10686582439609062
42,4925,0.12014903377256869
42,4926,0.12169756949653725
42,4927,0.11330727587928298
42,4928,0.10794754505456311
42,4929,0.11210709955136625
42,4930,0.10889476450520219
42,4931,0.10368912132751985
42,4932,0.09727867481075518
42,4933,0.1068310322629001
42,4934,0.12259657508872197
42,4935,0.12759743895586256
42,4936,0.1415078235873632
42,4937,0.14905545821726854
42,4938,0.1381579604889551
42,4939,0.11597912306470604
42,4940,0.10185267000858474
42,4941,0.0949832303579643
42,4942,0.09393407154908925
42,4943,0.09024081770129878
42,4944,0.08636721434029489
42,4945,0.08666254016642361
42,4946,0.0993757499541886
42,4947,0.10635435366889809
42,4948,0.11639356722251873
42,4949,0.12928003056776768
42,4950,0.12518236991669887
42,4951,0.11654323337581787
42,4952,0.110484568216338
42,4953,0.10739014180519295
42,4954,0.10406576442390011
42,4955,0.10566035845235665
42,4956,0.11256287679910698
42,4957,0.1253312199669106
42,4958,0.14638299478458353
42,4959,0.14506089244050555
42,4960,0.1453425106978129
42,4961,0.14290685877877143
42,4962,0.1296555962353667
42,4963,0.10616743552892825
42,4964,0.09214395573309148
42,4965,0.09525231507377528
42,4966,0.09527401761308255
42,4967,0.09312396621900468
42,4968,0.08788443768012225
42,4969,0.0962417911515352
42,4970,0.10918840110767843
42,4971,0.1124549412128029
42,4972,0.11756363457831878
42,4973,0.12887116421347408
42,4974,0.12504631774610028
42,4975,0.10844510825141482
42,4976,0.10303843039813403
42,4977,0.10699124407855892
42,4978,0.10769673309338472
42,4979,0.10925590797566694
42,4980,0.12127971328260342
42,4981,0.14345419591778796
42,4982,0.1639413400662982
42,4983,0.15273902199327602
42,4984,0.13836945208559
42,4985,0.13174851030616277
42,4986,0.11617482178478672
42,4987,0.09528598749568028
42,4988,0.08335219804546883
42,4989,0.08665522584535491
42,4990,0.09230605624543664
42,4991,0.09206803639358968
42,4992,0.09083265944254192
42,4993,0.09546954152444799
42,4994,0.10853233401628237
42,4995,0.10784576267035687
42,4996,0.10889451790794605
42,4997,0.1166821313723359
42,4998,0.11168914980585858
42,4999,0.09983350584545335
42,5000,0.09128019664619039
42,5001,0.09403274333653246
42,5002,0.0917572841123955
42,5003,0.09273437254679097
42,5004,0.10673793519563192
42,5005,0.12148199888368826
42,5006,0.1314668566609041
42,5007,0.12581246620310607
42,5008,0.11859774524997005
42,5009,0.11662081458325006
42,5010,0.10978010738688941
42,5011,0.08901220513598161
42,5012,0.07080518517946627
42,5013,0.0703273599904982
42,5014,0.07463976966824239
42,5015,0.07515889110809242
42,5016,0.0756772044813106
42,5017,0.08149331619177684
42,5018,0.08843731897047905
42,5019,0.08812203789088796
42,5020,0.0906363876374357
42,5021,0.0963761244431803
42,5022,0.09322600902173718
42,5023,0.08246701402199537
42,5024,0.0782308340335015
42,5025,0.08116996018221742
42,5026,0.08164233677911706
42,5027,0.08114510880649065
42,5028,0.08655516457749693
42,5029,0.09700326620804389
42,5030,0.10941650932569286
42,5031,0.10695858076840058
42,5032,0.10364463194294739
42,5033,0.1009613023170027
42,5034,0.09129307305105863
42,5035,0.08255500700666188
42,5036,0.07524632217896886
42,5037,0.07207112271145931
42,5038,0.07271879130671738
42,5039,0.07284718997250161
42,5040,0.07221285777915787
42,5041,0.071730473234846
42,5042,0.07450602956708756
42,5043,0.07798892312482031
42,5044,0.08142998331523686
42,5045,0.08810446903974653
42,5046,0.08962303940381049
42,5047,0.08911911421276043
42,5048,0.08413058584250553
42,5049,0.08771598627937274
42,5050,0.08513472553626066
42,5051,0.0778055131398377
42,5052,0.0814305160011922
42,5053,0.08764655383764594
42,5054,0.09127005079295725
42,5055,0.0970340271841088
42,5056,0.09560553382297553
42,5057,0.10033620971624724
42,5058,0.10249472054945352
42,5059,0.09058619503462834
42,5060,0.07550348699652216
42,5061,0.07286981318388684
42,5062,0.07757827748441487
42,5063,0.0767872599758509
42,5064,0.0682033650177253
42,5065,0.06402588915505394
42,5066,0.06965203238048215
42,5067,0.07447058663008375
42,5068,0.08090848294641399
42,5069,0.08995817360404919
42,5070,0.09148563091752587
42,5071,0.08996850049500643
42,5072,0.08933591203142643
42,5073,0.08905650903811542
42,5074,0.08523823242181651
42,5075,0.07606246992944701
42,5076,0.07091309078375611
42,5077,0.06972086569596025
42,5078,0.07412651864861926
42,5079,0.09167075205336024
42,5080,0.09893323487966559
42,5081,0.10790713291383047
42,5082,0.10638379341238488
42,5083,0.09419853333844078
42,5084,0.08360322643722806
42,5085,0.08790028008869834
42,5086,0.08776273445119989
42,5087,0.08521958878168795
42,5088,0.08418697458034481
42,5089,0.07606679405313505
42,5090,0.07500882111770762
42,5091,0.07646987671107129
42,5092,0.08063361970193123
42,5093,0.0914456151684979
42,5094,0.09093948490687725
42,5095,0.08817963685627375
42,5096,0.08503954844084675
42,5097,0.08092891062421588
42,5098,0.08166595047638966
42,5099,0.083159824188193
42,5100,0.08904535536964084
42,5101,0.10438788262776716
42,5102,0.10118218557574485
42,5103,0.10070507537337274
42,5104,0.09941130981572524
42,5105,0.1040412097677542
42,5106,0.09647320300179922
42,5107,0.08355118741862756
42,5108,0.0763736592774029
42,5109,0.07878622212317576
42,5110,0.08443146784862704
42,5111,0.08437547425889126
42,5112,0.07781807491878412
42,5113,0.07182295266104093
42,5114,0.07347817294449678
42,5115,0.07947018055689169
42,5116,0.0806142507803916
42,5117,0.08902000713579422
42,5118,0.09117263234563042
42,5119,0.08451486146122156
42,5120,0.08015146934080429
42,5121,0.07993464327342033
42,5122,0.07831974443753041
42,5123,0.0839125967441469
42,5124,0.09783008359771903
42,5125,0.11011175090769489
42,5126,0.11642979129515932
42,5127,0.11751854629034728
42,5128,0.11251074390781299
42,5129,0.11248196248425045
42,5130,0.1001277040511611
42,5131,0.08091462451681801
42,5132,0.07344680269628495
42,5133,0.07374122630035461
42,5134,0.0767549776812032
42,5135,0.07931710081980953
42,5136,0.07298916171436813
42,5137,0.07158422967913149
42,5138,0.07834767236162786
42,5139,0.08289530449030819
42,5140,0.08789893032547058
42,5141,0.09624249998573407
42,5142,0.09028693034891605
42,5143,0.0763321338241143
42,5144,0.0677239490308136
42,5145,0.07235933038935773
42,5146,0.0756946441388282
42,5147,0.0820722337658959
42,5148,0.09645308705867155
42,5149,0.11155425028055395
42,5150,0.12229777104114896
42,5151,0.11746625241720303
42,5152,0.11161117517118883
42,5153,0.1074799607917952
42,5154,0.09269335473232727
42,5155,0.07420170199110267
42,5156,0.06359168426536556
42,5157,0.06384014658087205
42,5158,0.06740249152138994
42,5159,0.07201659484731991
42,5160,0.0752633695569254
42,5161,0.07886765550118587
42,5162,0.0850978114010453
42,5163,0.08816538738848329
42,5164,0.08947282701356044
42,5165,0.09575578753194712
42,5166,0.09199531308608122
42,5167,0.08067889920804669
42,5168,0.07169769819074602
42,5169,0.07160691793946092
42,5170,0.07218370730136729
42,5171,0.07644009983657703
42,5172,0.0801567703334107
42,5173,0.08540231215620506
42,5174,0.09756000128418012
42,5175,0.10050001284978953
42,5176,0.1098881402686432
42,5177,0.11704884988533822
42,5178,0.10699620674603612
42,5179,0.09103258865499136
42,5180,0.06790142353673777
42,5181,0.06486204387090387
42,5182,0.06411500432523629
42,5183,0.06397622935034818
42,5184,0.06784441899217666
42,5185,0.07636157050685362
42,5186,0.08450932805413018
42,5187,0.08903981471949232
42,5188,0.09280589545713243
42,5189,0.0980398095538249
42,5190,0.09218627492242573
42,5191,0.07997171963881272
42,5192,0.07130862592567404
42,5193,0.07150882359754293
42,5194,0.07279435804463066
42,5195,0.07532440555302473
42,5196,0.07491612298932453
42,5197,0.0809863933354669
42,5198,0.08948179854549025
42,5199,0.09757121704632178
42,5200,0.10621424664536977
42,5201,0.11218676997271333
42,5202,0.10398294190449651
42,5203,0.08629372660427838
42,5204,0.0673914404940813
42,5205,0.0644672054645262
42,5206,0.0641810830191192
42,5207,0.0637175988245768
42,5208,0.06446751847304845
42,5209,0.0714088201509312
42,5210,0.08212358677115592
42,5211,0.0870661030278945
42,5212,0.08997508041821388
42,5213,0.09669864952233337
42,5214,0.08971176336842189
42,5215,0.07935351355586208
42,5216,0.07186071789646807
42,5217,0.07396390408154335
42,5218,0.0710701348425315
42,5219,0.07420505011068884
42,5220,0.08379584792962376
42,5221,0.09594576403083771
42,5222,0.10466316769642445
42,5223,0.10432247602504977
42,5224,0.09958471651867455
42,5225,0.09729658841867915
42,5226,0.08710763526838788
42,5227,0.07082821737028812
42,5228,0.05797101467343218
42,5229,0.06126232762267081
42,5230,0.07385909805049796
42,5231,0.07912771875444058
42,5232,0.0725234846763841
42,5233,0.06791755645242106
42,5234,0.07232158388910086
42,5235,0.0770580930175826
42,5236,0.08378214301092327
42,5237,0.09603468478414803
42,5238,0.09151488085530365
42,5239,0.07667814912140546
42,5240,0.06377492026742236
42,5241,0.06321489812872634
42,5242,0.06691184277726318
42,5243,0.0755539180890485
42,5244,0.08894305173724308
42,5245,0.09976451225061343
42,5246,0.11164230750023574
42,5247,0.11233423526699873
42,5248,0.11364775023730674
42,5249,0.11207716853904318
42,5250,0.09411842865514794
42,5251,0.07632886160411533
42,5252,0.06591981342334936
42,5253,0.06805980699620973
42,5254,0.07431186010056728
42,5255,0.07666841719709247
42,5256,0.07156931506389794
42,5257,0.061311706259413935
42,5258,0.05993833262301238
42,5259,0.06511465775215755
42,5260,0.07153390649663881
42,5261,0.08264934430710812
42,5262,0.08444688121406535
42,5263,0.07609201555239163
42,5264,0.06907948683981265
42,5265,0.06927853869180826
42,5266,0.07132245518918595
42,5267,0.07602159787603209
42,5268,0.08103166301891987
42,5269,0.08421851422796026
42,5270,0.09021125251627653
42,5271,0.0939050364899002
42,5272,0.09909885230679323
42,5273,0.11134147639795809
42,5274,0.10080257934865924
42,5275,0.08144401139667476
42,5276,0.06725747307985032
42,5277,0.0718747119071045
42,5278,0.08177558469706608
42,5279,0.0802078812939309
42,5280,0.06935348797822503
42,5281,0.06028014914466014
42,5282,0.05953859977472095
42,5283,0.0627460144002444
42,5284,0.06599231008842632
42,5285,0.06904076124998444
42,5286,0.06512887746442682
42,5287,0.059882849116697286
42,5288,0.05788001043084555
42,5289,0.05909735096850536
42,5290,0.05826739514402594
42,5291,0.057940736735364796
42,5292,0.05850859373040645
42,5293,0.06070828703378212
42,5294,0.06286269358709333
42,5295,0.06833256230687974
42,5296,0.0794702673948247
42,5297,0.0812350357152878
42,5298,0.07327833678885969
42,5299,0.06765573789295999
42,5300,0.0691690098618462
42,5301,0.06453011492435004
42,5302,0.06366718839877028
42,5303,0.059707459983332926
42,5304,0.055407780088267605
42,5305,0.053308653102873214
42,5306,0.0531733596807921
42,5307,0.05702185376621401
42,5308,0.06275892719454189
42,5309,0.06958082684215415
42,5310,0.06661402689167362
42,5311,0.061605120558588335
42,5312,0.05905214009068846
42,5313,0.05819264552684654
42,5314,0.056879920369245655
42,5315,0.057827866207725835
42,5316,0.057587742237232856
42,5317,0.0577537128918445
42,5318,0.06531180688546938
42,5319,0.06623450385188226
42,5320,0.07808054924393379
42,5321,0.08409748461903281
42,5322,0.07581315271743133
42,5323,0.0681504192540776
42,5324,0.06338044894121408
42,5325,0.06627095549029881
42,5326,0.07007033003057221
42,5327,0.06512601336085681
42,5328,0.06044743661875933
42,5329,0.05754699705557463
42,5330,0.05918449606583608
42,5331,0.061664904454350404
42,5332,0.06623803785164042
42,5333,0.07105499763808402
42,5334,0.06884606847011863
42,5335,0.0658359057786739
42,5336,0.06287201742009005
42,5337,0.0615110731032193
42,5338,0.06001489315802894
42,5339,0.06032390505279738
42,5340,0.06229564690382491
42,5341,0.06435118360522922
42,5342,0.06781558539557843
42,5343,0.07480602942797404
42,5344,0.08230484115480975
42,5345,0.08641557507125447
42,5346,0.07805727406907784
42,5347,0.06958534670197442
42,5348,0.06792483371926566
42,5349,0.07122405023311491
42,5350,0.07519148538822397
42,5351,0.07074305084203159
42,5352,0.06335869630102518
42,5353,0.058074797629541354
42,5354,0.057593597775945596
42,5355,0.057384916750018805
42,5356,0.06058094693253699
42,5357,0.06383506425125447
42,5358,0.06217589533322062
42,5359,0.06192340070131841
42,5360,0.06019340187400102
42,5361,0.06278775274463047
42,5362,0.05917098772248404
42,5363,0.05855504475096956
42,5364,0.06033137555070241
42,5365,0.06628108120035706
42,5366,0.07423765232225606
42,5367,0.08427997304516455
42,5368,0.09096210781662908
42,5369,0.09393672778495711
42,5370,0.0823667370329804
42,5371,0.07079924955929046
42,5372,0.06909064775696622
42,5373,0.07232694790875051
42,5374,0.07699125572710006
42,5375,0.07505982286734032
42,5376,0.06393372122607545
42,5377,0.05639191370907467
42,5378,0.058795491676001684
42,5379,0.06060162289910115
42,5380,0.06275058361628187
42,5381,0.0677003500367191
42,5382,0.06675675901112477
42,5383,0.06742282527673547
42,5384,0.06579061354774603
42,5385,0.068728649179286
42,5386,0.06811766132934349
42,5387,0.0674442837903103
42,5388,0.06672396378075535
42,5389,0.07585972384665944
42,5390,0.08365565240060174
42,5391,0.09030396760924925
42,5392,0.09389399915800528
42,5393,0.09114099091262841
42,5394,0.08231966752916865
42,5395,0.07508160674208866
42,5396,0.07316458406010007
42,5397,0.0748413080235622
42,5398,0.07880042292042111
42,5399,0.0715891397721599
42,5400,0.060687579255529256
42,5401,0.056488518246817186
42,5402,0.05855359133974717
42,5403,0.062188775974144066
42,5404,0.06717882402935589
42,5405,0.06953470740607286
42,5406,0.0666931273052055
42,5407,0.06627895165066448
42,5408,0.06259939205945061
42,5409,0.062285663193550306
42,5410,0.05635718165271012
42,5411,0.05400360654797604
42,5412,0.05739359923697681
42,5413,0.06052500976758064
42,5414,0.06825014450160774
42,5415,0.07860420675770938
42,5416,0.08818720478870923
42,5417,0.09156369996681683
42,5418,0.08512828812734875
42,5419,0.07453255882160077
42,5420,0.06825519970783463
42,5421,0.06934376923566106
42,5422,0.07180041718032049
42,5423,0.06913950667202405
42,5424,0.061986777108998393
42,5425,0.05974357520223152
42,5426,0.06370514037575488
42,5427,0.0652949407027322
42,5428,0.06879549051420214
42,5429,0.07526214979815417
42,5430,0.07665934830564901
42,5431,0.07813509047408691
42,5432,0.07254961821393001
42,5433,0.06655113720637905
42,5434,0.0601924107730597
42,5435,0.058474224188670265
42,5436,0.06295445339258911
42,5437,0.07130422502870037
42,5438,0.0756287374233328
42,5439,0.08574056400006642
42,5440,0.0914577687181956
42,5441,0.09149043802901385
42,5442,0.08817894673364075
42,5443,0.07722855901198089
42,5444,0.06234786295124444
42,5445,0.07244014194742615
42,5446,0.07987799647478958
42,5447,0.07320142834030541
42,5448,0.06904319673560577
42,5449,0.06731072177826308
42,5450,0.0700130860537212
42,5451,0.07046672779023712
42,5452,0.07487654880058285
42,5453,0.08063736260818516
42,5454,0.08056377279880458
42,5455,0.07772023586560366
42,5456,0.07605419055178143
42,5457,0.0742710522988085
42,5458,0.07206033432605961
42,5459,0.07007042583791878
42,5460,0.0771017629528938
42,5461,0.08210754107292696
42,5462,0.0832466573271983
42,5463,0.07647649117024075
42,5464,0.07817350302303236
42,5465,0.08285618716115671
42,5466,0.07894920969047191
42,5467,0.06863063786158223
42,5468,0.06405234940751524
42,5469,0.07032828099857333
42,5470,0.07193254827616077
42,5471,0.06556003936042813
42,5472,0.06270950613321673
42,5473,0.06095542126622945
42,5474,0.06269613546346203
42,5475,0.06170066174506797
42,5476,0.06912782331777016
42,5477,0.07345702106568507
42,5478,0.07199498002451236
42,5479,0.06752219944718466
42,5480,0.06258905074846283
42,5481,0.06347453696820926
42,5482,0.06321798746090182
42,5483,0.06453844754599297
42,5484,0.0711122058511911
42,5485,0.0728916689884191
42,5486,0.07135519120492465
42,5487,0.06454678689317293
42,5488,0.06898923144391225
42,5489,0.07534566265087084
42,5490,0.07716210098516653
42,5491,0.07366575922004871
42,5492,0.06865405463282136
42,5493,0.06620218298648121
42,5494,0.06230917434112697
42,5495,0.0589373895741034
42,5496,0.05793011759850537
42,5497,0.05841959946153177
42,5498,0.055452648436535606
42,5499,0.05285227644000402
42,5500,0.06032310988963729
42,5501,0.06743941118138191
42,5502,0.06841974013393426
42,5503,0.06541510507557266
42,5504,0.05893375794609815
42,5505,0.05848428872395383
42,5506,0.05176026672044485
42,5507,0.0505947253157386
42,5508,0.057552120917749416
42,5509,0.06162346127695078
42,5510,0.06152319230382261
42,5511,0.06397059816859926
42,5512,0.0743435637244419
42,5513,0.08738985667110774
42,5514,0.08818685958289606
42,5515,0.08197617170500812
42,5516,0.07055132221763613
42,5517,0.06621604565834915
42,5518,0.06359782272175185
42,5519,0.06057189905101519
42,5520,0.059207702598856236
42,5521,0.05737003798713061
42,5522,0.054415616871273255
42,5523,0.05604057846156182
42,5524,0.06398196181694224
42,5525,0.06975398406870528
42,5526,0.06979435010495612
42,5527,0.06658923799300245
42,5528,0.061175294825726735
42,5529,0.05724994052466621
42,5530,0.054813649103086816
42,5531,0.05424573604683933
42,5532,0.056593069950705406
42,5533,0.05583973793699228
42,5534,0.05894250745033528
42,5535,0.06450820754469834
42,5536,0.07871146336275764
42,5537,0.08751655904859158
42,5538,0.08092747441512445
42,5539,0.07409937648739404
42,5540,0.0634409402870584
42,5541,0.06672287667613938
42,5542,0.06594181494293634
42,5543,0.06128009543678655
42,5544,0.060520666141702005
42,5545,0.0599973767026526
42,5546,0.05984551513108459
42,5547,0.059874084021136954
42,5548,0.06663917896611582
42,5549,0.07346201332237508
42,5550,0.07519049864116442
42,5551,0.07587708671274876
42,5552,0.07241584742797896
42,5553,0.06816846555458708
42,5554,0.05741541879696626
42,5555,0.052714314313844504
42,5556,0.05512707806454225
42,5557,0.05719140332226335
42,5558,0.0601103356027284
42,5559,0.06991590707672934
42,5560,0.08415829341167494
42,5561,0.0901104141278938
42,5562,0.08653157678306625
42,5563,0.07729552077452746
42,5564,0.06920943990471387
42,5565,0.06656489459198249
42,5566,0.0665494542352061
42,5567,0.06273308533996358
42,5568,0.060428081119746964
42,5569,0.05606017590405665
42,5570,0.058047611143013426
42,5571,0.06050897193097782
42,5572,0.06772071551149096
42,5573,0.0733523561509796
42,5574,0.07421082201560017
42,5575,0.07436565739585645
42,5576,0.07182718774228114
42,5577,0.06850041415202945
42,5578,0.06292141381520942
42,5579,0.06116672698108177
42,5580,0.06407283510206854
42,5581,0.07081583333720978
42,5582,0.07858564221888341
42,5583,0.08762359427714213
42,5584,0.09891748903256899
42,5585,0.10226879003724662
42,5586,0.08973831138781484
42,5587,0.07379645804075573
42,5588,0.0676192193235974
42,5589,0.07263640699264146
42,5590,0.0778342053828405
42,5591,0.0753697456617266
42,5592,0.07036294909379438
42,5593,0.06316873942104771
42,5594,0.05846743015191325
42,5595,0.05781425486013639
42,5596,0.06623181477061177
42,5597,0.07416447362378527
42,5598,0.07673481938231984
42,5599,0.0748002562987919
42,5600,0.07486967970065325
42,5601,0.0707981151429578
42,5602,0.06132317407362664
42,5603,0.05913245015393458
42,5604,0.06258594340183052
42,5605,0.06383302319986606
42,5606,0.07073441641435203
42,5607,0.08340913141823139
42,5608,0.08586974539518262
42,5609,0.08626778633536064
42,5610,0.07783419887448419
42,5611,0.06322390701672399
42,5612,0.05822816686903011
42,5613,0.07218257093503327
42,5614,0.07879334503893545
42,5615,0.07504532312298567
42,5616,0.061828593840193326
42,5617,0.06130367356247692
42,5618,0.06287057741100306
42,5619,0.06347977100343265
42,5620,0.07205805632583379
42,5621,0.08086866078342869
42,5622,0.08141318157641017
42,5623,0.07978835790209304
42,5624,0.07810507576987702
42,5625,0.07576410889301559
42,5626,0.07107952559207162
42,5627,0.063654116400644
42,5628,0.0642090527558556
42,5629,0.06788074004139828
42,5630,0.07345145160556497
42,5631,0.08447710602207925
42,5632,0.09400239076325231
42,5633,0.09556444351214982
42,5634,0.08603933118221904
42,5635,0.07002332770915236
42,5636,0.06956953360447911
42,5637,0.07754311075170944
42,5638,0.07388970547980082
42,5639,0.06971659603490822
42,5640,0.06667196218042394
42,5641,0.06724959401384938
42,5642,0.07150333465208418
42,5643,0.07073651412816355
42,5644,0.07809410885074204
42,5645,0.08937476397377767
42,5646,0.0936649377073417
42,5647,0.09119730720266941
42,5648,0.08758439788025352
42,5649,0.08268787217819247
42,5650,0.07292381730381324
42,5651,0.06582032569139908
42,5652,0.06788668893136846
42,5653,0.07107645587841874
42,5654,0.08176994462285744
42,5655,0.0946278955795393
42,5656,0.10950257285755782
42,5657,0.11451101187255158
42,5658,0.1113322118396043
42,5659,0.09546845019220299
42,5660,0.08713801401860206
42,5661,0.08294565619815775
42,5662,0.08003253436069654
42,5663,0.0737791125301775
42,5664,0.06922949347993233
42,5665,0.07375795068916761
42,5666,0.07877247166072841
42,5667,0.08140093515474708
42,5668,0.09166691031859078
42,5669,0.10054823460802463
42,5670,0.10321102186128285
42,5671,0.10005989579006291
42,5672,0.09526653259566965
42,5673,0.08899470457150041
42,5674,0.08171806247599095
42,5675,0.07077591236737814
42,5676,0.07313265956494691
42,5677,0.0744021976103725
42,5678,0.08594782775619472
42,5679,0.09484771985847025
42,5680,0.10552309960281481
42,5681,0.10744973303284273
42,5682,0.09735908052707173
42,5683,0.08084550897486505
42,5684,0.07158781769025903
42,5685,0.07686381536626753
42,5686,0.08537934438547229
42,5687,0.07744048127721909
42,5688,0.0760494455880533
42,5689,0.07891712707173805
42,5690,0.08556307271211516
42,5691,0.08956434954579351
42,5692,0.09427347629350308
42,5693,0.10024545012255329
42,5694,0.10223357688337163
42,5695,0.09467511175676935
42,5696,0.08855506577625408
42,5697,0.08190440894941245
42,5698,0.07604540268414582
42,5699,0.07371691070988969
42,5700,0.07337070878447612
42,5701,0.07947390605307063
42,5702,0.08855116427809392
42,5703,0.10401879629391916
42,5704,0.11482700467171651
42,5705,0.1159271246372623
42,5706,0.10373802549379028
42,5707,0.0831700277593333
42,5708,0.0772475036408472
42,5709,0.08163720232077842
42,5710,0.08080368537787419
42,5711,0.07607744647168879
42,5712,0.07390953465876673
42,5713,0.07812892440196323
42,5714,0.08633315718866032
42,5715,0.0925285087890781
42,5716,0.09813940031077893
42,5717,0.1062303564398082
42,5718,0.10749903855666548
42,5719,0.09818862551845885
42,5720,0.09199168645386263
42,5721,0.0893309074340944
42,5722,0.08428072693306692
42,5723,0.0783615406072944
42,5724,0.08586709063342071
42,5725,0.09915750920752621
42,5726,0.10394008338779445
42,5727,0.10863940721184037
42,5728,0.10894979181446232
42,5729,0.10732911106646421
42,5730,0.10382750569538583
42,5731,0.08959522173734787
42,5732,0.08367653141475209
42,5733,0.08174733741427649
42,5734,0.07908106883377537
42,5735,0.07267417236051245
42,5736,0.07348053334726092
42,5737,0.07989293543466061
42,5738,0.0858038714975976
42,5739,0.09177315945714146
42,5740,0.0991564642677248
42,5741,0.10431009540974462
42,5742,0.10335734052219742
42,5743,0.09717923785132175
42,5744,0.09476088718740425
42,5745,0.09286731803724496
42,5746,0.08409951495777054
42,5747,0.07492558458691613
42,5748,0.06828512519175252
42,5749,0.07401705022297812
42,5750,0.07794708683498872
42,5751,0.09522866618127979
42,5752,0.11168957512516506
42,5753,0.11512525858141338
42,5754,0.10832836834070815
42,5755,0.09229723809269297
42,5756,0.07898889649713606
42,5757,0.07742558869475467
42,5758,0.07477555253410294
42,5759,0.06714033117410817
42,5760,0.06507928518695613
42,5761,0.0654949727566676
42,5762,0.07072801807099544
42,5763,0.08107638977539507
42,5764,0.09256511464763383
42,5765,0.10190765637097111
42,5766,0.10113900386338555
42,5767,0.0939245374602434
42,5768,0.08877426016454824
42,5769,0.08361290844879207
42,5770,0.07479588626253096
42,5771,0.06590264518657205
42,5772,0.06572844901736292
42,5773,0.06951967232356082
42,5774,0.07660377619005761
42,5775,0.09446448796052472
42,5776,0.12520620059010507
42,5777,0.14562812466705366
42,5778,0.14916151142727882
42,5779,0.13556772874101566
42,5780,0.12238264080052501
42,5781,0.10674433336293392
42,5782,0.09068176533570617
42,5783,0.077147110015582
42,5784,0.07391077071132808
42,5785,0.0826501270225708
42,5786,0.088381996365126
42,5787,0.090702473600785
42,5788,0.09899184160742676
42,5789,0.10597078514316023
42,5790,0.10502612336581978
42,5791,0.09464309653037031
42,5792,0.08820397894970394
42,5793,0.08897018089303374
42,5794,0.08637080236277435
42,5795,0.07998846607004467
42,5796,0.08502662714625364
42,5797,0.09567952179921425
42,5798,0.10301922941751508
42,5799,0.09761268874043841
42,5800,0.09908534055037473
42,5801,0.09710631082534385
42,5802,0.08961388946824574
42,5803,0.07882499577027807
42,5804,0.07649396397387924
43,0,0.07446769549160713
43,1,0.07256651224298365
43,2,0.07062640692322725
43,3,0.07028247831058247
43,4,0.07183467692329878
43,5,0.07922744478986725
43,6,0.0828314053200085
43,7,0.08254191714462865
43,8,0.07813447287265025
43,9,0.06696407735930754
43,10,0.06185765677637127
43,11,0.06886232653682269
43,12,0.07786329694042249
43,13,0.0785418275592992
43,14,0.075719756670087
43,15,0.07514896420463275
43,16,0.07737974109132419
43,17,0.08269098136605348
43,18,0.09063995187310003
43,19,0.08842800929103617
43,20,0.0779592287527299
43,21,0.07064188021479467
43,22,0.06859065592838559
43,23,0.07506162065919388
43,24,0.07760905375708518
43,25,0.07504354415505914
43,26,0.07463222225298875
43,27,0.07482961174097268
43,28,0.0812610394849877
43,29,0.0921918697062817
43,30,0.09648414035760275
43,31,0.09224649092717574
43,32,0.08478100348199315
43,33,0.07036403897836169
43,34,0.06209497418917546
43,35,0.0672401598111944
43,36,0.07652276016505705
43,37,0.08081955134281738
43,38,0.07924271643430204
43,39,0.08265075656152726
43,40,0.08901843724637076
43,41,0.09459530885866187
43,42,0.09676583280510578
43,43,0.08848554342956921
43,44,0.07767153014070315
43,45,0.06875985481039099
43,46,0.07100465520064776
43,47,0.07800228903559059
43,48,0.08236919247457788
43,49,0.0804643478756073
43,50,0.07669447304259766
43,51,0.07589630560877132
43,52,0.08167974411686198
43,53,0.09189291130331582
43,54,0.09731017144679524
43,55,0.09481439001496297
43,56,0.08735653299553572
43,57,0.07768785949849849
43,58,0.07258680627697817
43,59,0.0696587141815609
43,60,0.07276929619707123
43,61,0.07117503918220186
43,62,0.06631244064672916
43,63,0.06091206064046097
43,64,0.06486953770580162
43,65,0.07704048639453734
43,66,0.08388064343288226
43,67,0.08725603881873405
43,68,0.07815280294963882
43,69,0.06806094825506466
43,70,0.06179933498348262
43,71,0.06522830132153562
43,72,0.06996219346413836
43,73,0.06785428772892148
43,74,0.06451642996515496
43,75,0.06476903014673681
43,76,0.06950702727174776
43,77,0.07859142729496958
43,78,0.08505895994486323
43,79,0.0825865353411834
43,80,0.07693750688103043
43,81,0.06382587315112852
43,82,0.05436945345197868
43,83,0.05433101182586901
43,84,0.06301629676963262
43,85,0.0697790326340029
43,86,0.06686117258732496
43,87,0.07409924909566724
43,88,0.08172579139335605
43,89,0.08076424931552768
43,90,0.08183573311849854
43,91,0.07654659244347589
43,92,0.07043435412365619
43,93,0.06266281084920307
43,94,0.06236096866708501
43,95,0.06546862409058872
43,96,0.0676332609900644
43,97,0.06744909614459776
43,98,0.06498428646787752
43,99,0.06581728657980745
43,100,0.07219998339875944
43,101,0.07858833027790937
43,102,0.08186252516470939
43,103,0.07781674345065454
43,104,0.07221160918412517
43,105,0.06373189774159153
43,106,0.056435155863549434
43,107,0.06337516388096673
43,108,0.07555718998897389
43,109,0.08197930392892962
43,110,0.08229812784217556
43,111,0.07958132676706899
43,112,0.08752662977591205
43,113,0.09498753040990927
43,114,0.09592706347541066
43,115,0.08475032069595148
43,116,0.07208264386277653
43,117,0.06556771954763475
43,118,0.0636354031709818
43,119,0.06702054998514101
43,120,0.0713990554124262
43,121,0.07035470102176146
43,122,0.06687024528320655
43,123,0.06593174435651304
43,124,0.07338650159544846
43,125,0.08366342254432173
43,126,0.08892755522346342
43,127,0.08223629025433232
43,128,0.07283771440184304
43,129,0.06539375111033002
43,130,0.059531998966067506
43,131,0.06269991508301971
43,132,0.07059033934426329
43,133,0.06789546897627008
43,134,0.06661205566253768
43,135,0.059449987659532626
43,136,0.06592503360041099
43,137,0.08236230929170321
43,138,0.0855772981105868
43,139,0.08111457785058278
43,140,0.06879202795909303
43,141,0.058124570158528635
43,142,0.05697738152407072
43,143,0.06331140292094117
43,144,0.06976938022888908
43,145,0.07277056509630257
43,146,0.0716692187995918
43,147,0.06783317891864504
43,148,0.07032373518195303
43,149,0.07782954404080066
43,150,0.08098492522784526
43,151,0.07768926904633547
43,152,0.06704661020638283
43,153,0.056094042755476546
43,154,0.050454638016895995
43,155,0.057668676783987904
43,156,0.07041306845220942
43,157,0.0740934573446149
43,158,0.0761333617107127
43,159,0.07506346141471555
43,160,0.07810772326742446
43,161,0.0889351918632264
43,162,0.0907922255916736
43,163,0.08363313971388804
43,164,0.07018387817284419
43,165,0.05992775044651051
43,166,0.05904128340519935
43,167,0.0649015430098957
43,168,0.06908691066173281
43,169,0.06890109914477231
43,170,0.06554131649779284
43,171,0.06600820297011033
43,172,0.0709770447977334
43,173,0.08324091313346191
43,174,0.08976831119709626
43,175,0.0824696237695586
43,176,0.07209124879153696
43,177,0.06786936719772402
43,178,0.07141202940918139
43,179,0.08104428046321342
43,180,0.0902137970060149
43,181,0.09861991347184822
43,182,0.10025481049182176
43,183,0.09340169672810093
43,184,0.08814182462250882
43,185,0.0940168373731943
43,186,0.10359164624348713
43,187,0.10857173507821849
43,188,0.08988579416046441
43,189,0.0787322866547495
43,190,0.07481209626483776
43,191,0.07485637096186627
43,192,0.07436738200200525
43,193,0.07336612880790369
43,194,0.06788315436085499
43,195,0.06599877408836606
43,196,0.06602853444022629
43,197,0.07241984354782054
43,198,0.07717742624391011
43,199,0.07253999141137908
43,200,0.06484251743189694
43,201,0.053975934378055854
43,202,0.04945869011407269
43,203,0.0526477950046299
43,204,0.06389696249163329
43,205,0.06935128895147923
43,206,0.06773832629656323
43,207,0.0663664819123385
43,208,0.07187856602554822
43,209,0.08051564169140417
43,210,0.08955027538015885
43,211,0.08915541331009293
43,212,0.07607431067064878
43,213,0.06073889262963385
43,214,0.056567837383325936
43,215,0.06259522369609558
43,216,0.0694002690006066
43,217,0.06965266636079787
43,218,0.0659515650047712
43,219,0.06278064615262985
43,220,0.06673507401983597
43,221,0.07803972342242967
43,222,0.08252590959981389
43,223,0.0820724831791664
43,224,0.0731354994332347
43,225,0.06091977623668631
43,226,0.05445169666925681
43,227,0.060174783122168986
43,228,0.07407009659793315
43,229,0.0798802076548058
43,230,0.07846127371642679
43,231,0.07704371192193714
43,232,0.08412567792465814
43,233,0.09357787430907161
43,234,0.10281338852192203
43,235,0.09863481905805487
43,236,0.0832274469982807
43,237,0.06911344125230481
43,238,0.06310297080415372
43,239,0.06963433345746359
43,240,0.07348914410699124
43,241,0.07316936251962268
43,242,0.0703851917870858
43,243,0.07278347615057244
43,244,0.08186767229232618
43,245,0.09588045592031817
43,246,0.09969604007748455
43,247,0.0889086823729678
43,248,0.07555533245806974
43,249,0.06670450689826933
43,250,0.056996093581263216
43,251,0.05678795635966241
43,252,0.06274788578974591
43,253,0.06771309754331296
43,254,0.07117309690323717
43,255,0.07374684977669298
43,256,0.08075802014615686
43,257,0.08904305324867606
43,258,0.08872740452651698
43,259,0.07995842165017944
43,260,0.06609216218665562
43,261,0.056851215860187335
43,262,0.05750830180766885
43,263,0.0644441345142151
43,264,0.06937734308947739
43,265,0.07169155885321743
43,266,0.07125258327037576
43,267,0.07337124955332097
43,268,0.07946293164668626
43,269,0.08913058848890548
43,270,0.09168662998348698
43,271,0.08695682622002451
43,272,0.07136322612424602
43,273,0.05804708764063761
43,274,0.05305277378438459
43,275,0.059035482450009565
43,276,0.07041293081855228
43,277,0.0792330163038363
43,278,0.08060494368904984
43,279,0.08077755233175254
43,280,0.0902397200725614
43,281,0.09512016070752041
43,282,0.09408285209614398
43,283,0.09245221155417138
43,284,0.08024542028446974
43,285,0.06653965673727405
43,286,0.06659211581763522
43,287,0.07506532371748037
43,288,0.07910916165114619
43,289,0.07856037769518062
43,290,0.07522366016895961
43,291,0.07724654702189612
43,292,0.08700947348234342
43,293,0.10338307021011864
43,294,0.10705761438338893
43,295,0.09631419776433778
43,296,0.08096976598830127
43,297,0.06813377526431114
43,298,0.06051878490406622
43,299,0.06728672742454214
43,300,0.07621836723413207
43,301,0.07908237914255502
43,302,0.07919468921228084
43,303,0.08331762424231255
43,304,0.10074643714795876
43,305,0.12087272647162609
43,306,0.12695552322053985
43,307,0.11761245091664121
43,308,0.09830347983740563
43,309,0.08155931786188568
43,310,0.07568724294394513
43,311,0.08640196041058854
43,312,0.09258875621464972
43,313,0.09154079188975076
43,314,0.09075571293700806
43,315,0.09729514627792249
43,316,0.11202155865750002
43,317,0.1316959717720471
43,318,0.13261768985404673
43,319,0.11567466961274801
43,320,0.09511834924474076
43,321,0.08023953462688327
43,322,0.06813882861420913
43,323,0.07151754088151628
43,324,0.07806514146768839
43,325,0.08501715775343818
43,326,0.08590014148588111
43,327,0.0842215235749406
43,328,0.10876625384708236
43,329,0.12917527978925603
43,330,0.1315423831376859
43,331,0.1210301305064535
43,332,0.09677441178127275
43,333,0.08277985413668829
43,334,0.08353619640415083
43,335,0.08981576288513063
43,336,0.09304262350806765
43,337,0.09424968463484681
43,338,0.09630137066633987
43,339,0.09975527999007155
43,340,0.11455163781339933
43,341,0.1330339082061177
43,342,0.13204939361352483
43,343,0.11302907694354522
43,344,0.09247421533809222
43,345,0.07772822107655701
43,346,0.08353330171338205
43,347,0.10054254110345852
43,348,0.10822152947987708
43,349,0.1135604542951233
43,350,0.09840077425428487
43,351,0.09102299132624853
43,352,0.1042093082270028
43,353,0.12466555100451579
43,354,0.13070943057965254
43,355,0.12068618943414705
43,356,0.10180402350785558
43,357,0.08231678400460667
43,358,0.08365598095140162
43,359,0.09527870522268965
43,360,0.10126740978057981
43,361,0.10057780542312052
43,362,0.09830408091090957
43,363,0.09706528722046591
43,364,0.1029215589263521
43,365,0.11619035198565345
43,366,0.12023568427420217
43,367,0.11217149914099551
43,368,0.09153015319020148
43,369,0.07629405217950024
43,370,0.07189709440968525
43,371,0.07403983291856975
43,372,0.08128440822500997
43,373,0.0884134549152388
43,374,0.08813048385262601
43,375,0.08964697828552667
43,376,0.10635890002532702
43,377,0.12281289991980142
43,378,0.1257456993585802
43,379,0.1111059473404688
43,380,0.08766403110524429
43,381,0.07533062274012504
43,382,0.07886545911662393
43,383,0.08756322856534218
43,384,0.09269937635238208
43,385,0.09337758772614212
43,386,0.092771801223653
43,387,0.09293132619932576
43,388,0.10517873262248298
43,389,0.11880802024635394
43,390,0.11979118558297151
43,391,0.1061844614311856
43,392,0.08333935685138584
43,393,0.07071604838897172
43,394,0.06481577939126097
43,395,0.07049943279593289
43,396,0.08304743167525154
43,397,0.08873327005840534
43,398,0.09122007252564952
43,399,0.09142683380884983
43,400,0.1032690170899659
43,401,0.1172831903327425
43,402,0.11643423621935774
43,403,0.10580085630334451
43,404,0.0870440881947293
43,405,0.07135248325173008
43,406,0.07684594696559782
43,407,0.08888224730583619
43,408,0.09368554901984649
43,409,0.09469609667770379
43,410,0.09123679824839309
43,411,0.09416869611150994
43,412,0.10747181473663972
43,413,0.12307284575954427
43,414,0.12129289491213388
43,415,0.10610686964535093
43,416,0.08314946617154723
43,417,0.07239528741615532
43,418,0.0769089588624115
43,419,0.08355986703937815
43,420,0.08547264520797988
43,421,0.08452471982241042
43,422,0.08818883922040817
43,423,0.09883267280857301
43,424,0.12677519536186407
43,425,0.14177160780127648
43,426,0.12595742117633543
43,427,0.10786759157715695
43,428,0.08639187518182326
43,429,0.075774620680314
43,430,0.07825349089094491
43,431,0.08973705161074884
43,432,0.09648124015593164
43,433,0.09639502826147674
43,434,0.09527055677586584
43,435,0.0972403597398922
43,436,0.10589113961026227
43,437,0.12015016823116742
43,438,0.11673574885351856
43,439,0.10314978144507184
43,440,0.08550325628968489
43,441,0.07272114178097526
43,442,0.06976177229422696
43,443,0.07019455705692751
43,444,0.08138122734149716
43,445,0.09023641676721253
43,446,0.09309687395416223
43,447,0.10329889413265367
43,448,0.1146593897332895
43,449,0.1278884978677753
43,450,0.12108991417962202
43,451,0.10033509708137164
43,452,0.08096007925365326
43,453,0.06889922220374901
43,454,0.0724137159098738
43,455,0.08094921843169306
43,456,0.08798107567196123
43,457,0.09022921908814546
43,458,0.08763933830579344
43,459,0.08922635598943553
43,460,0.1021917570539598
43,461,0.11532495346160045
43,462,0.1149659040736898
43,463,0.10058321236157464
43,464,0.08124036222974945
43,465,0.07223754794740785
43,466,0.07451494615329238
43,467,0.07899110282654753
43,468,0.08414188718901691
43,469,0.0873352599089952
43,470,0.09001466849515781
43,471,0.08850718159874174
43,472,0.09818470286213105
43,473,0.11390732837028147
43,474,0.11548430056370493
43,475,0.10344629402130806
43,476,0.08217630701477721
43,477,0.06832231028811175
43,478,0.07079575735390213
43,479,0.080974847213503
43,480,0.09078822417961385
43,481,0.09294237542449935
43,482,0.08865246897815393
43,483,0.08819045706005829
43,484,0.09442259335496322
43,485,0.1106295625666374
43,486,0.11339785937352684
43,487,0.10096394068208331
43,488,0.07946951881873696
43,489,0.06950959358523123
43,490,0.07701563740118966
43,491,0.09165920376196064
43,492,0.09895523923033847
43,493,0.10738470693467848
43,494,0.10299597187313136
43,495,0.09561896252718548
43,496,0.09887540692969132
43,497,0.11030790596115593
43,498,0.11011448470689282
43,499,0.10156352343131889
43,500,0.084185803227005
43,501,0.0704437257151551
43,502,0.07453592432938307
43,503,0.08388838669915949
43,504,0.09028985101599751
43,505,0.08883771921963471
43,506,0.08095111274031964
43,507,0.07791438112085851
43,508,0.08194529541568678
43,509,0.09146093291359246
43,510,0.09608672453683133
43,511,0.08953848802820759
43,512,0.07503189209504166
43,513,0.06696742946912056
43,514,0.06658776335720384
43,515,0.0762365787458422
43,516,0.07917128842878353
43,517,0.08412752284510647
43,518,0.08057500237463658
43,519,0.0725956776739436
43,520,0.08198942068117068
43,521,0.09755384950948408
43,522,0.09988649355241688
43,523,0.09104386732598568
43,524,0.07380535792213633
43,525,0.0639961056642877
43,526,0.06779320701615095
43,527,0.07682924811065714
43,528,0.08465948684363653
43,529,0.08445142992737201
43,530,0.07699168009396631
43,531,0.0719338583206278
43,532,0.07391250700549025
43,533,0.0868853481082636
43,534,0.08998848086788279
43,535,0.08426044140582829
43,536,0.07010164230563905
43,537,0.06451538247901645
43,538,0.06496101400950724
43,539,0.0670947338422292
43,540,0.07583661938341735
43,541,0.08174663305903866
43,542,0.07866329178817358
43,543,0.07566209121993137
43,544,0.0820187348478692
43,545,0.09562469269177988
43,546,0.09798955718524867
43,547,0.09091531340553588
43,548,0.07369570906646362
43,549,0.0632967952292958
43,550,0.06578728593663759
43,551,0.07824059605528783
43,552,0.08666753829586338
43,553,0.0850847051585448
43,554,0.07421972325688975
43,555,0.07014739919168896
43,556,0.07573762384163951
43,557,0.0932813570942578
43,558,0.09962938936715014
43,559,0.08776789715504633
43,560,0.07045068929278564
43,561,0.06249672822966003
43,562,0.06207468619558043
43,563,0.06721336714259622
43,564,0.07702421008412057
43,565,0.0835835571381541
43,566,0.08608241343991317
43,567,0.07907595854848071
43,568,0.07827150221766552
43,569,0.08711708282687605
43,570,0.09324756672138819
43,571,0.08526850512419694
43,572,0.07183921938571329
43,573,0.058536335326117836
43,574,0.06120807215672825
43,575,0.07204174622876044
43,576,0.07827357824509887
43,577,0.07637816252871636
43,578,0.06920515498560648
43,579,0.06647811010287956
43,580,0.0714231100346423
43,581,0.0829175091421677
43,582,0.08760887367717653
43,583,0.08171788573358714
43,584,0.06674991683579429
43,585,0.059215937135655226
43,586,0.06210987334763904
43,587,0.07611650723949752
43,588,0.0869044311733289
43,589,0.08400023104847111
43,590,0.0795089684527844
43,591,0.06699916142071065
43,592,0.06843446848388553
43,593,0.08079319987344882
43,594,0.0859543585455961
43,595,0.08387448086926245
43,596,0.06545336632160394
43,597,0.056095084087327544
43,598,0.06042423209118197
43,599,0.06846952214303703
43,600,0.07505411175661396
43,601,0.07372112197964595
43,602,0.0652603620497714
43,603,0.06083164004791369
43,604,0.06300425992280348
43,605,0.07525473964392093
43,606,0.08289390169882375
43,607,0.07665925929872587
43,608,0.0654451036976319
43,609,0.060086266348999856
43,610,0.06203716023172037
43,611,0.06375531796583364
43,612,0.06634427701630019
43,613,0.07005614278789081
43,614,0.06817164365760084
43,615,0.06603584653982232
43,616,0.06871079346109364
43,617,0.08158706348432003
43,618,0.08575320498167655
43,619,0.08124768023190734
43,620,0.07033676145537919
43,621,0.06138863437377764
43,622,0.06324043349952231
43,623,0.0705778596880084
43,624,0.07555414708850935
43,625,0.07534562226382457
43,626,0.06895643084843484
43,627,0.06523539990637853
43,628,0.06581420563292435
43,629,0.07647876093650376
43,630,0.0811185552309806
43,631,0.07714817291101793
43,632,0.06451011740679206
43,633,0.057935812376847654
43,634,0.058180798205921445
43,635,0.056035247155227404
43,636,0.06204364081694537
43,637,0.06030423355682851
43,638,0.06216268452677913
43,639,0.06631211870296655
43,640,0.06981929144814103
43,641,0.07850436744333225
43,642,0.08314860134517207
43,643,0.07801524980071967
43,644,0.06695907074148653
43,645,0.058875686010487586
43,646,0.062232297152118345
43,647,0.06912661944346543
43,648,0.07305500584950561
43,649,0.07159446175794194
43,650,0.06301419172690619
43,651,0.05859838617160767
43,652,0.061606668667391486
43,653,0.07565884728765025
43,654,0.08071639249558135
43,655,0.07517468632131001
43,656,0.06530293041963879
43,657,0.06048926093570349
43,658,0.060523990462058516
43,659,0.061686865848939496
43,660,0.06529496281694414
43,661,0.06218673204338649
43,662,0.06574394114799192
43,663,0.06305858342033313
43,664,0.07137587707973608
43,665,0.08536870571860368
43,666,0.08629277244475626
43,667,0.07861930376565879
43,668,0.06972429471530545
43,669,0.06239781387636755
43,670,0.06213499031423305
43,671,0.06588853301996465
43,672,0.07141739250242705
43,673,0.07030352343207184
43,674,0.06212423370359292
43,675,0.05884306584349273
43,676,0.05885842743362756
43,677,0.0726210470195754
43,678,0.0789378865476818
43,679,0.073114985661542
43,680,0.06442604150155179
43,681,0.05667203172894562
43,682,0.0585504700546599
43,683,0.06167095948242077
43,684,0.0642841735911094
43,685,0.06146889536302236
43,686,0.054626186997032325
43,687,0.05541772002250393
43,688,0.062137077575510916
43,689,0.07950472122970156
43,690,0.09058551491837995
43,691,0.09125435521495659
43,692,0.08910648072253369
43,693,0.08108113969923744
43,694,0.08006501623243668
43,695,0.08087952707260407
43,696,0.08397418356550085
43,697,0.08067875041937944
43,698,0.0698555478175689
43,699,0.06288589541459887
43,700,0.05705635852760978
43,701,0.06733588870338957
43,702,0.07531483039712987
43,703,0.07212544102691842
43,704,0.06372291765315347
43,705,0.05648212364098002
43,706,0.05372208699540699
43,707,0.05825712929885603
43,708,0.06858391917331215
43,709,0.07422706227679886
43,710,0.07757861301329042
43,711,0.08034826823286256
43,712,0.08577528119566574
43,713,0.0941885917658226
43,714,0.08772998982311304
43,715,0.07620085372417429
43,716,0.06874115506854825
43,717,0.0646317912330182
43,718,0.06529268141229562
43,719,0.06898047559466804
43,720,0.07218173711115378
43,721,0.07004600131453985
43,722,0.06260573245722771
43,723,0.05883860219054158
43,724,0.06012881349157042
43,725,0.07120267792458758
43,726,0.07716871154378045
43,727,0.07457671862435161
43,728,0.06625265640857404
43,729,0.059703710575335266
43,730,0.05378775424877195
43,731,0.05910821442324592
43,732,0.07187524638883318
43,733,0.07485471362602136
43,734,0.07419654668113469
43,735,0.0696574323399891
43,736,0.07636032550270103
43,737,0.08862935976411136
43,738,0.0907849616840158
43,739,0.07747078483860456
43,740,0.06410624499626387
43,741,0.06033289657019549
43,742,0.06571761619746659
43,743,0.0703677614997982
43,744,0.07283299643933246
43,745,0.07188203924062288
43,746,0.06567395966819241
43,747,0.0643603665636548
43,748,0.06937129108216869
43,749,0.08597291668894808
43,750,0.09256563383516712
43,751,0.08161367088297267
43,752,0.07006384963998487
43,753,0.06138568275313771
43,754,0.05196438147234721
43,755,0.052009983033040705
43,756,0.062355540138568165
43,757,0.06788043947194922
43,758,0.06796784439937494
43,759,0.06957434138894097
43,760,0.07476739106056625
43,761,0.08899504963866657
43,762,0.08853685447005173
43,763,0.07683110815029029
43,764,0.0673155739985011
43,765,0.06046586129132999
43,766,0.06404232107239584
43,767,0.06867383278512193
43,768,0.07183165615484312
43,769,0.07331928038640166
43,770,0.06963509302438396
43,771,0.06925271541565106
43,772,0.07691386760407211
43,773,0.09182582561444912
43,774,0.09758795471601296
43,775,0.08726057826570463
43,776,0.07231231646295895
43,777,0.064666002584302
43,778,0.055456155556175
43,779,0.05486364621337089
43,780,0.062435583967917395
43,781,0.07094641594451105
43,782,0.0748548286676064
43,783,0.07085103906946788
43,784,0.08291926434044536
43,785,0.0988093794942159
43,786,0.1019852369259877
43,787,0.08572369755246612
43,788,0.0698486397960698
43,789,0.06139178738581532
43,790,0.06360930618903778
43,791,0.06907200036898081
43,792,0.07260169631263537
43,793,0.07261062760359373
43,794,0.07024122862866734
43,795,0.06994472764921979
43,796,0.07443818690536505
43,797,0.08949138854180333
43,798,0.09564976109992433
43,799,0.08772842503365083
43,800,0.07406911540066109
43,801,0.06800136832457206
43,802,0.059222569089500764
43,803,0.0586557519040744
43,804,0.07062535486655151
43,805,0.07510983116378638
43,806,0.07837298923543357
43,807,0.07506663537090588
43,808,0.08764120618671369
43,809,0.10822423387213728
43,810,0.1126128953146105
43,811,0.09319929383237802
43,812,0.0713784038198464
43,813,0.06217580009054992
43,814,0.06648856424515694
43,815,0.07381690015486538
43,816,0.0786707187055783
43,817,0.07962717043067191
43,818,0.07793701693851514
43,819,0.07631607643444277
43,820,0.07918817047210487
43,821,0.0949399149759962
43,822,0.10230723821767689
43,823,0.09014024581950844
43,824,0.0738776887196154
43,825,0.06595304275379857
43,826,0.05733095574610319
43,827,0.0558565683866972
43,828,0.06856121939297144
43,829,0.0775745894163142
43,830,0.07760853596151442
43,831,0.0746446887537539
43,832,0.08109469079934616
43,833,0.095741392785542
43,834,0.09596646386353569
43,835,0.08504644479468977
43,836,0.06729531472989202
43,837,0.057031531919093596
43,838,0.06001986701826213
43,839,0.06615270489216367
43,840,0.07153478459062725
43,841,0.07255671334598741
43,842,0.06908726754521433
43,843,0.06827923109195419
43,844,0.07326542829854152
43,845,0.08836528645808951
43,846,0.09710467855721691
43,847,0.08821857304199263
43,848,0.0730435427707097
43,849,0.06398116147056959
43,850,0.06268302685225792
43,851,0.06553093170793314
43,852,0.06794842826082689
43,853,0.07162784450091908
43,854,0.07117450714441387
43,855,0.06531473761344908
43,856,0.07115174483364776
43,857,0.08125565829094446
43,858,0.08650619261791835
43,859,0.08090666127746127
43,860,0.06792575367531353
43,861,0.0567186882475254
43,862,0.05834903807244768
43,863,0.06579432535989342
43,864,0.06986969066168724
43,865,0.07167314786684048
43,866,0.0690834576677043
43,867,0.06373278451243314
43,868,0.06355059863128748
43,869,0.07510632178739128
43,870,0.08297976502105096
43,871,0.07731821790895513
43,872,0.0643098023596651
43,873,0.054887588840887916
43,874,0.06086826259374079
43,875,0.06055308101643426
43,876,0.06589009833642688
43,877,0.0671323444508523
43,878,0.06521683564918684
43,879,0.06946288613821788
43,880,0.06892764573966416
43,881,0.08025097941311193
43,882,0.08786623957413031
43,883,0.08055021961499306
43,884,0.06537482134540043
43,885,0.054638759472518214
43,886,0.05508013134725779
43,887,0.06217088046728915
43,888,0.06638986412078587
43,889,0.06719898900733971
43,890,0.06310801732175579
43,891,0.058131905140869126
43,892,0.05914259762006835
43,893,0.07177729319360585
43,894,0.07865094027161777
43,895,0.07522162166625299
43,896,0.062034937654984565
43,897,0.055100139894022675
43,898,0.056974830073127786
43,899,0.06585508046611706
43,900,0.07513769150066786
43,901,0.07747629904724931
43,902,0.07260573719619308
43,903,0.06333501556064336
43,904,0.05803432140545289
43,905,0.07455112298695034
43,906,0.08639588163543828
43,907,0.07858941431397856
43,908,0.064014454907612
43,909,0.053722767862673305
43,910,0.05423886959947429
43,911,0.058554817030617295
43,912,0.06190473810439703
43,913,0.0639214957800739
43,914,0.059043754704045576
43,915,0.05247967582447815
43,916,0.050324294222278895
43,917,0.06030176194910155
43,918,0.06903336917043541
43,919,0.06531128067786443
43,920,0.052676267719680356
43,921,0.04492666258537124
43,922,0.04270649304513128
43,923,0.048819842341003714
43,924,0.053554296954343696
43,925,0.06308504304161465
43,926,0.06563757798078619
43,927,0.05530170164256857
43,928,0.057053299705422195
43,929,0.0696956983582633
43,930,0.07404883791585397
43,931,0.07403659491288678
43,932,0.06473232250551118
43,933,0.05273761262560664
43,934,0.05375517151926553
43,935,0.05919669390958378
43,936,0.06399789316883962
43,937,0.0669145568377728
43,938,0.06526841862341046
43,939,0.061858230080009464
43,940,0.06368907331948265
43,941,0.07298806312063455
43,942,0.0761640302614603
43,943,0.06895359457650262
43,944,0.05712342224951535
43,945,0.052929399015346795
43,946,0.05966862181937137
43,947,0.06491919893432171
43,948,0.06967578051229882
43,949,0.07078456131509035
43,950,0.06740572581939147
43,951,0.05846160219476709
43,952,0.056722246122064605
43,953,0.070137963666882
43,954,0.08329346463252385
43,955,0.080813869710561
43,956,0.06625981375786441
43,957,0.056227668402703844
43,958,0.058981244803147315
43,959,0.06295557663773614
43,960,0.06863205369750175
43,961,0.0700384183217095
43,962,0.06779407700320957
43,963,0.061531243000033396
43,964,0.055570636570387195
43,965,0.06357219620861537
43,966,0.06909272213538432
43,967,0.06437253555278172
43,968,0.05505946809680618
43,969,0.04872540442855799
43,970,0.04895795390433368
43,971,0.04994314741642707
43,972,0.054394503194473615
43,973,0.06613205371292917
43,974,0.07127951810920324
43,975,0.07576572080511687
43,976,0.07672848834093283
43,977,0.07361321038357581
43,978,0.06885940299535932
43,979,0.06433217654157213
43,980,0.05872406689068696
43,981,0.052848397811470035
43,982,0.05211846197995994
43,983,0.05676776282888597
43,984,0.060597750632719334
43,985,0.0624197984691295
43,986,0.06305862801079741
43,987,0.058206891806323435
43,988,0.05428941727974267
43,989,0.06131904788161649
43,990,0.0668090336322923
43,991,0.06331349742694525
43,992,0.05492225829016805
43,993,0.04976192764714442
43,994,0.048835243707140416
43,995,0.04726572024696907
43,996,0.0544990026125124
43,997,0.058378185062042315
43,998,0.061476961002924234
43,999,0.05491449664787846
43,1000,0.05141062888254611
43,1001,0.06295663626970938
43,1002,0.06983633210441699
43,1003,0.070530219956818
43,1004,0.06606169286528132
43,1005,0.05700747963087451
43,1006,0.05751059342419872
43,1007,0.06312443048130478
43,1008,0.0694556669868211
43,1009,0.07109080541489272
43,1010,0.06959350174962863
43,1011,0.06315097740709631
43,1012,0.058544591475311894
43,1013,0.06655002437401972
43,1014,0.07225027434379908
43,1015,0.07069319707911874
43,1016,0.059073234184976654
43,1017,0.04982917235921778
43,1018,0.04703038985313383
43,1019,0.04552802490076891
43,1020,0.058877797236833805
43,1021,0.06859165605912794
43,1022,0.07238516873706068
43,1023,0.06909944157957923
43,1024,0.06630864014232382
43,1025,0.07488203762857701
43,1026,0.07601874579984136
43,1027,0.06906414090863054
43,1028,0.06090325259185144
43,1029,0.053591963879433456
43,1030,0.056827523924212614
43,1031,0.06151347599806835
43,1032,0.06800817993414077
43,1033,0.07010145477655882
43,1034,0.0676510671157407
43,1035,0.06468633892604406
43,1036,0.06420145621097746
43,1037,0.07891645242954773
43,1038,0.08484652759443177
43,1039,0.07646059171780595
43,1040,0.06423200949927467
43,1041,0.05512000649975007
43,1042,0.05128612112295407
43,1043,0.04996003163632
43,1044,0.06604385720695677
43,1045,0.07758806199463883
43,1046,0.08382279203390293
43,1047,0.07452005083528332
43,1048,0.06319713300627855
43,1049,0.07275224481663094
43,1050,0.07777394027959451
43,1051,0.07037468614526932
43,1052,0.06120626979616065
43,1053,0.052006325529034884
43,1054,0.055634978975184955
43,1055,0.0644426660439523
43,1056,0.0732238910488782
43,1057,0.07798178388359613
43,1058,0.07830368474955612
43,1059,0.0712272393919704
43,1060,0.06526847318426593
43,1061,0.07265976082048986
43,1062,0.07975510928885154
43,1063,0.07628341824258696
43,1064,0.06487540520220604
43,1065,0.05680881161329287
43,1066,0.06124171525568694
43,1067,0.06578532723886098
43,1068,0.07728032430231098
43,1069,0.08529291084346736
43,1070,0.08830091127326105
43,1071,0.07698025977276404
43,1072,0.06931941881974595
43,1073,0.0784465827264034
43,1074,0.08675131419820388
43,1075,0.08492858923229829
43,1076,0.077139689622321
43,1077,0.06466196681617357
43,1078,0.06445821899279623
43,1079,0.07175510849799924
43,1080,0.0764474991330993
43,1081,0.07799419561009821
43,1082,0.07636001716021552
43,1083,0.06974389760371254
43,1084,0.0642915674985468
43,1085,0.0723773454063661
43,1086,0.07910566472855336
43,1087,0.07411508404846186
43,1088,0.06329505693135538
43,1089,0.053471518990075066
43,1090,0.05150196213546095
43,1091,0.054126913938860564
43,1092,0.06894691573091999
43,1093,0.07736028014396097
43,1094,0.081324920931177
43,1095,0.07725008115425566
43,1096,0.07420370128661413
43,1097,0.08993674276632316
43,1098,0.0977538344509214
43,1099,0.08691523292149975
43,1100,0.0697138118205638
43,1101,0.060228959741039395
43,1102,0.06187266651955036
43,1103,0.0715995078392458
43,1104,0.07892039132267475
43,1105,0.08607171567360829
43,1106,0.0847981470653904
43,1107,0.08105099264325932
43,1108,0.08180843224582617
43,1109,0.09288956315174063
43,1110,0.09856679264372355
43,1111,0.08784061293600737
43,1112,0.070423425127632
43,1113,0.06086941545076366
43,1114,0.05703606197401827
43,1115,0.05776359807504426
43,1116,0.06808507597768582
43,1117,0.07979888791318394
43,1118,0.07879153340079913
43,1119,0.07401013391866462
43,1120,0.07408182054727762
43,1121,0.08357968790571405
43,1122,0.09137860261474208
43,1123,0.07967674667226232
43,1124,0.06525263459425672
43,1125,0.05359304662304242
43,1126,0.06238002332131032
43,1127,0.07527593678765308
43,1128,0.08641891638230355
43,1129,0.08813247567431666
43,1130,0.08451123833358468
43,1131,0.07945487423730592
43,1132,0.08177296425602937
43,1133,0.09574623920714086
43,1134,0.10327721978642668
43,1135,0.09227419434241553
43,1136,0.07532418235346498
43,1137,0.06438606946479103
43,1138,0.059998860373137994
43,1139,0.06111262044220375
43,1140,0.07118516924954668
43,1141,0.07846251486789266
43,1142,0.08086466625616308
43,1143,0.07347822375662699
43,1144,0.07935473833893854
43,1145,0.09139854009327866
43,1146,0.09108909442160504
43,1147,0.0828742348246017
43,1148,0.0677238763200688
43,1149,0.0583209227771414
43,1150,0.0671998344692223
43,1151,0.07629148004725302
43,1152,0.08182672025836107
43,1153,0.0847622259033909
43,1154,0.08436470245729129
43,1155,0.0806512988348417
43,1156,0.08560209251967832
43,1157,0.1024383568009835
43,1158,0.110807394445093
43,1159,0.09741222877333781
43,1160,0.08080653423818815
43,1161,0.071749061007989
43,1162,0.06603557147087241
43,1163,0.06102276035189648
43,1164,0.07186858429646958
43,1165,0.08021562111632816
43,1166,0.08267593410120455
43,1167,0.07838742017635787
43,1168,0.08424386016674176
43,1169,0.10077371969634209
43,1170,0.1110572769166607
43,1171,0.10113199290019412
43,1172,0.07974433811806411
43,1173,0.0721900742791369
43,1174,0.07493774469976945
43,1175,0.08417591828342358
43,1176,0.08912923678905467
43,1177,0.08726689313577124
43,1178,0.08956832794370229
43,1179,0.08691972034220424
43,1180,0.0939882508270554
43,1181,0.11130071630360949
43,1182,0.11845352623627116
43,1183,0.10371228927232222
43,1184,0.08081332347717747
43,1185,0.07414214391685438
43,1186,0.07266686520225725
43,1187,0.06432295907713069
43,1188,0.06451011423242956
43,1189,0.07228026441410436
43,1190,0.08184046466625379
43,1191,0.08863558064775603
43,1192,0.0950866577418226
43,1193,0.11450134143663336
43,1194,0.11819087418932311
43,1195,0.1094599153308091
43,1196,0.09139047140188328
43,1197,0.0748776999617546
43,1198,0.07888400232872624
43,1199,0.08512493082395398
43,1200,0.09097299874176397
43,1201,0.09254627840862768
43,1202,0.09200181602359063
43,1203,0.09033619577271579
43,1204,0.09327673390938872
43,1205,0.1094695560763552
43,1206,0.11514373603729036
43,1207,0.10278272448345632
43,1208,0.08357383262550418
43,1209,0.07127836851003688
43,1210,0.07147667417159856
43,1211,0.07872203519077238
43,1212,0.09014880104207247
43,1213,0.09102963157308533
43,1214,0.09770584632592735
43,1215,0.08862303038154828
43,1216,0.08612545191110521
43,1217,0.1000777022018663
43,1218,0.10808359391950834
43,1219,0.10090428812334308
43,1220,0.084163292968666
43,1221,0.06819440897298332
43,1222,0.06524966503702719
43,1223,0.07530230228536013
43,1224,0.08294625963205507
43,1225,0.08298596284426865
43,1226,0.08129170370864904
43,1227,0.07704020350930163
43,1228,0.07956941614890023
43,1229,0.09098372851812647
43,1230,0.0968146933137899
43,1231,0.09060494038573731
43,1232,0.07639604257354113
43,1233,0.06703700081894637
43,1234,0.074136644855102
43,1235,0.08489393420720466
43,1236,0.09779033748461251
43,1237,0.10315732664090904
43,1238,0.10197854057765696
43,1239,0.0893032509783623
43,1240,0.08185475662613302
43,1241,0.10144358530187529
43,1242,0.11273792920254848
43,1243,0.10490333202478704
43,1244,0.08426084344966894
43,1245,0.0663100884125412
43,1246,0.06385065367016238
43,1247,0.07110648988970933
43,1248,0.07750811594921299
43,1249,0.0759229613943496
43,1250,0.07274170039288563
43,1251,0.0682982312504449
43,1252,0.06788185787799435
43,1253,0.0736730183689575
43,1254,0.07887757053109937
43,1255,0.07443530798018437
43,1256,0.06454134477020594
43,1257,0.0565096844463023
43,1258,0.059141278769998376
43,1259,0.06667718367539434
43,1260,0.07918061508102212
43,1261,0.0872883508445125
43,1262,0.08744187262422276
43,1263,0.07658652559651358
43,1264,0.06573633806147404
43,1265,0.07408326696277251
43,1266,0.08062449410427476
43,1267,0.08119439243199417
43,1268,0.06934578446908243
43,1269,0.05798002321216951
43,1270,0.05623378915217501
43,1271,0.06264211089781453
43,1272,0.06868326181879864
43,1273,0.06768619799985341
43,1274,0.06575152032200862
43,1275,0.05849072393623273
43,1276,0.054764318912668204
43,1277,0.05972489895529622
43,1278,0.06639601465348062
43,1279,0.06757363146160685
43,1280,0.05843568409716684
43,1281,0.05104497389684255
43,1282,0.055000265859577555
43,1283,0.059609442799365725
43,1284,0.06771432550726392
43,1285,0.06965423459297665
43,1286,0.06687299348782239
43,1287,0.06256024443028951
43,1288,0.05448044448614025
43,1289,0.06051022342195532
43,1290,0.0665419090062466
43,1291,0.07106172730435213
43,1292,0.06589048218746181
43,1293,0.05720833116297184
43,1294,0.05492965298355699
43,1295,0.059701132257667246
43,1296,0.0648065624573864
43,1297,0.06431839345471473
43,1298,0.06254220597661879
43,1299,0.05975239384051395
43,1300,0.05826142839760452
43,1301,0.058771591780656905
43,1302,0.06332408221233297
43,1303,0.0627838248938211
43,1304,0.05470391595696489
43,1305,0.050439846382857985
43,1306,0.051533985328691516
43,1307,0.057652272914235095
43,1308,0.0719841776944643
43,1309,0.07483746280728469
43,1310,0.07347771737524918
43,1311,0.06955437980768168
43,1312,0.06760583063077169
43,1313,0.07347039564034917
43,1314,0.07667818066401033
43,1315,0.07179700359316697
43,1316,0.06495523358391393
43,1317,0.05860715496608034
43,1318,0.05955744417160816
43,1319,0.06032302570030097
43,1320,0.06209041903096648
43,1321,0.06101020136510638
43,1322,0.05859571512389001
43,1323,0.05718434729263564
43,1324,0.058466144774448614
43,1325,0.06710318448198783
43,1326,0.07109425428974987
43,1327,0.06967829974812881
43,1328,0.06056724452647901
43,1329,0.054097026751149316
43,1330,0.049887958691318186
43,1331,0.049125962598990255
43,1332,0.06097478316771086
43,1333,0.06583864141111868
43,1334,0.06624162912899087
43,1335,0.06304990515179353
43,1336,0.06055244356308941
43,1337,0.07142113595720148
43,1338,0.08100687785095291
43,1339,0.0772066587762353
43,1340,0.06886504414544502
43,1341,0.05881397561920304
43,1342,0.059627024748809675
43,1343,0.06211001887282517
43,1344,0.0643453179933487
43,1345,0.06457690191646316
43,1346,0.06392985241821982
43,1347,0.06329518847516598
43,1348,0.06700502801919585
43,1349,0.07979838140187864
43,1350,0.08799814282906933
43,1351,0.07995879054633703
43,1352,0.06818061602170127
43,1353,0.06106714540058383
43,1354,0.05761649453401126
43,1355,0.052105612180837604
43,1356,0.05938202154536009
43,1357,0.06615916663483078
43,1358,0.07077893177763601
43,1359,0.06932968757188537
43,1360,0.06820396939126407
43,1361,0.08141265220828399
43,1362,0.09524342227431684
43,1363,0.09338666770819862
43,1364,0.07912548373048452
43,1365,0.06435533619965167
43,1366,0.062353423630143366
43,1367,0.0673721887250942
43,1368,0.07248744669849867
43,1369,0.07768719772347132
43,1370,0.08404377976324565
43,1371,0.08617395907204843
43,1372,0.09194576006731461
43,1373,0.10595019275052017
43,1374,0.1139939812081458
43,1375,0.10653774495459001
43,1376,0.09001654683856929
43,1377,0.0753879638561109
43,1378,0.06420497968477402
43,1379,0.05935418664371071
43,1380,0.06966165848149757
43,1381,0.08157537649468569
43,1382,0.08864473142710702
43,1383,0.08534071504010332
43,1384,0.0827258385251456
43,1385,0.0981046411841118
43,1386,0.11019148227097623
43,1387,0.10478327311682976
43,1388,0.08536892531521707
43,1389,0.06972868290103124
43,1390,0.07685064789574356
43,1391,0.08612502587172646
43,1392,0.09447115445532986
43,1393,0.0981256497907171
43,1394,0.10342242562775718
43,1395,0.10468979654318421
43,1396,0.10605717288414009
43,1397,0.12027754351558695
43,1398,0.1299805246910955
43,1399,0.12086338306875088
43,1400,0.09771272466186232
43,1401,0.08167632518138918
43,1402,0.07629513946779416
43,1403,0.07185213985727529
43,1404,0.08352680595205704
43,1405,0.09218924787270492
43,1406,0.09999046043919514
43,1407,0.09575605532310115
43,1408,0.09368917214448515
43,1409,0.10997044963168458
43,1410,0.12037669608698698
43,1411,0.11394221063881134
43,1412,0.09624829932579451
43,1413,0.0824041216321579
43,1414,0.0853681487994152
43,1415,0.09117978917261134
43,1416,0.09626243756784005
43,1417,0.09982174819432658
43,1418,0.10272393389784587
43,1419,0.10306239343104391
43,1420,0.10690091486730882
43,1421,0.1257842061209572
43,1422,0.1397069597116501
43,1423,0.12588209322719549
43,1424,0.09993625082389243
43,1425,0.08111614947104229
43,1426,0.0739190104071071
43,1427,0.06842457715494889
43,1428,0.07975564529864267
43,1429,0.09621065492171181
43,1430,0.11097255350684583
43,1431,0.11121087180863047
43,1432,0.10603378335449634
43,1433,0.115220971663904
43,1434,0.12132159357269334
43,1435,0.10963227601622715
43,1436,0.08735539137741963
43,1437,0.07106269521706202
43,1438,0.08341283936671302
43,1439,0.10348487430608799
43,1440,0.11539963783518817
43,1441,0.11536487894391831
43,1442,0.11312084086824772
43,1443,0.10778641927592288
43,1444,0.10834343645222308
43,1445,0.12785856213246263
43,1446,0.13836971434861506
43,1447,0.12310028560588487
43,1448,0.09861068154041124
43,1449,0.0877505626576904
43,1450,0.09921929130793404
43,1451,0.10151669260985875
43,1452,0.10138187658742674
43,1453,0.09874654175665107
43,1454,0.09707219235395584
43,1455,0.094445916624602
43,1456,0.09506221272116619
43,1457,0.11151870095592285
43,1458,0.12214080060726898
43,1459,0.11261861383639919
43,1460,0.096187678772695
43,1461,0.08201718589985245
43,1462,0.08123047043140662
43,1463,0.08788094060318723
43,1464,0.09444758894670822
43,1465,0.09251848106134852
43,1466,0.08869126500828871
43,1467,0.08431977087070157
43,1468,0.08577647113959647
43,1469,0.0997753841205802
43,1470,0.10868164551447437
43,1471,0.0998041818914879
43,1472,0.07881409569251008
43,1473,0.06268434487989953
43,1474,0.06121282019289664
43,1475,0.05897855130129114
43,1476,0.07022006408063936
43,1477,0.08088846751727467
43,1478,0.08594532743244424
43,1479,0.08004684742061442
43,1480,0.0746229848070669
43,1481,0.08678440586463063
43,1482,0.09713784282489858
43,1483,0.09319178110921021
43,1484,0.07882204533073517
43,1485,0.06878699559806688
43,1486,0.07810512922277546
43,1487,0.08142549369272767
43,1488,0.08201403293366527
43,1489,0.08337196074507094
43,1490,0.08587718968989341
43,1491,0.08562979699604642
43,1492,0.09278209433359166
43,1493,0.10536193971045442
43,1494,0.11203924881008205
43,1495,0.10346015746496694
43,1496,0.08296360005595053
43,1497,0.07144945928815423
43,1498,0.06590541254004346
43,1499,0.062419526329489314
43,1500,0.0721313588049237
43,1501,0.081514840282707
43,1502,0.08679375037259421
43,1503,0.08611164542554382
43,1504,0.0939129634257647
43,1505,0.11509112183146258
43,1506,0.1182937631590934
43,1507,0.10469333448336461
43,1508,0.08154152624155589
43,1509,0.06654627211708845
43,1510,0.07379890512988664
43,1511,0.08660380388020222
43,1512,0.09435517080465408
43,1513,0.0928279730907487
43,1514,0.0920672872362838
43,1515,0.09288090181800612
43,1516,0.099514929497252
43,1517,0.11687460841442987
43,1518,0.12446908289920001
43,1519,0.11346866851796769
43,1520,0.09384634426495349
43,1521,0.07967857531843839
43,1522,0.07639651425090964
43,1523,0.07248899912058061
43,1524,0.07662996140739044
43,1525,0.08024522348394532
43,1526,0.08442073750322565
43,1527,0.0829989733812226
43,1528,0.08970546327466083
43,1529,0.11616513814363531
43,1530,0.12115168503490607
43,1531,0.10642810407811734
43,1532,0.08651678744155064
43,1533,0.06793508621720991
43,1534,0.06959321482607098
43,1535,0.08237720014550234
43,1536,0.09338333986564368
43,1537,0.094424137936906
43,1538,0.09523357171670187
43,1539,0.0927913449975005
43,1540,0.09981547234631723
43,1541,0.11753618231032348
43,1542,0.1253285522342157
43,1543,0.11451309709231655
43,1544,0.09444231220733218
43,1545,0.0791670039585158
43,1546,0.07738263873922013
43,1547,0.07742329217088893
43,1548,0.07754037926163958
43,1549,0.08292251091785749
43,1550,0.08516755761291148
43,1551,0.08743337594235598
43,1552,0.09674226867735498
43,1553,0.11352250796744087
43,1554,0.12146546000975383
43,1555,0.10883198729864305
43,1556,0.095724338567904
43,1557,0.07575053193913664
43,1558,0.07306664101583445
43,1559,0.08483314601235599
43,1560,0.09410593485197165
43,1561,0.09325693364922172
43,1562,0.09271675928744434
43,1563,0.08761722223994153
43,1564,0.0912587657188595
43,1565,0.10784207468099133
43,1566,0.11971396505039991
43,1567,0.11206891263071557
43,1568,0.09034745825813625
43,1569,0.07476085369970245
43,1570,0.08194467400491919
43,1571,0.09151889339609372
43,1572,0.10253201707640401
43,1573,0.10288461286244084
43,1574,0.10010392998687614
43,1575,0.09108221398671323
43,1576,0.09146391159728741
43,1577,0.11546597967865553
43,1578,0.1352155599732183
43,1579,0.13228687125380162
43,1580,0.11304985105355678
43,1581,0.09178658082724035
43,1582,0.08411789084048016
43,1583,0.08838400544236902
43,1584,0.09125703712991909
43,1585,0.08534486407012208
43,1586,0.08037822040795407
43,1587,0.07735738658364955
43,1588,0.07756680727134693
43,1589,0.08899447142566864
43,1590,0.0989460344175007
43,1591,0.09310227815826513
43,1592,0.07581701607537679
43,1593,0.06259474223786289
43,1594,0.06364798246456915
43,1595,0.07307494354084708
43,1596,0.08624120523522066
43,1597,0.09134805146783857
43,1598,0.09117234147719441
43,1599,0.08101151386840298
43,1600,0.07294512167157378
43,1601,0.09121704213227778
43,1602,0.10541776460622658
43,1603,0.09877041506991681
43,1604,0.07911538998101887
43,1605,0.06344732700365238
43,1606,0.06163303250171533
43,1607,0.07183717739850426
43,1608,0.08098949808666704
43,1609,0.07692388978982351
43,1610,0.07205243820957326
43,1611,0.06645740353105038
43,1612,0.0655067020630674
43,1613,0.07564375169196035
43,1614,0.08747027761436367
43,1615,0.08750787976826299
43,1616,0.07540162531481255
43,1617,0.06342745385996089
43,1618,0.06568367686338743
43,1619,0.07440838115372432
43,1620,0.08338691442266034
43,1621,0.08257126596267847
43,1622,0.08427545980448747
43,1623,0.07443986202851637
43,1624,0.0690348993313632
43,1625,0.08056192250126316
43,1626,0.08888630643928805
43,1627,0.08965549542038684
43,1628,0.07144334153675252
43,1629,0.06062733074625887
43,1630,0.05830484441031403
43,1631,0.06606024623048752
43,1632,0.07411469365000846
43,1633,0.07183359673427643
43,1634,0.06766174632022524
43,1635,0.06278518515560916
43,1636,0.06281379066343774
43,1637,0.07157380761710995
43,1638,0.07883798969943837
43,1639,0.07434009906175369
43,1640,0.06372026153533401
43,1641,0.055709093642220896
43,1642,0.06352065412575986
43,1643,0.07543792135703031
43,1644,0.08689830072261698
43,1645,0.09444710083774048
43,1646,0.09244435603324988
43,1647,0.08187700374493495
43,1648,0.07004136236087581
43,1649,0.07736857363060469
43,1650,0.08615427228275742
43,1651,0.08792455108053722
43,1652,0.0787037726246202
43,1653,0.0663449557575802
43,1654,0.06670853242313962
43,1655,0.07696072984640724
43,1656,0.0815486382526064
43,1657,0.07617858964928999
43,1658,0.06737334778265215
43,1659,0.05944083238151875
43,1660,0.05744400714198788
43,1661,0.06667226756973837
43,1662,0.07605343536808278
43,1663,0.07924944637424325
43,1664,0.07564389842660452
43,1665,0.06591169899543244
43,1666,0.06320306314565262
43,1667,0.060590134687004
43,1668,0.06864125867409973
43,1669,0.07202861238436756
43,1670,0.06463489558202289
43,1671,0.05978290253571801
43,1672,0.056318716676951576
43,1673,0.06559046414856178
43,1674,0.07514112281749995
43,1675,0.06903526727223099
43,1676,0.06116685277101382
43,1677,0.05219237326260226
43,1678,0.05494379152482308
43,1679,0.06041656758650269
43,1680,0.06450915534867782
43,1681,0.062457606225200184
43,1682,0.06107545669186805
43,1683,0.06113078727244165
43,1684,0.06470099402779622
43,1685,0.07787456439709485
43,1686,0.08571146248835496
43,1687,0.07992139920782353
43,1688,0.065180059623817
43,1689,0.059796441838762406
43,1690,0.06773869074273757
43,1691,0.07473570797557703
43,1692,0.07850206294770236
43,1693,0.07890402783868317
43,1694,0.0773813541959113
43,1695,0.06895701997032597
43,1696,0.06197853440491316
43,1697,0.06998433457395227
43,1698,0.0830960782611317
43,1699,0.08154307299775676
43,1700,0.0707716162609104
43,1701,0.05959515309192323
43,1702,0.06560706775578666
43,1703,0.06825213673469809
43,1704,0.07330005542864791
43,1705,0.06848032607911109
43,1706,0.06324632884036509
43,1707,0.061732501063468385
43,1708,0.059487820479200385
43,1709,0.06939368077373519
43,1710,0.07970175382444757
43,1711,0.07630819249305164
43,1712,0.06481446976604037
43,1713,0.055332580401760735
43,1714,0.058676454228611806
43,1715,0.06826460352553615
43,1716,0.07340463236585304
43,1717,0.07015488137080748
43,1718,0.07083240488342106
43,1719,0.06529666814898807
43,1720,0.061129959471875585
43,1721,0.07490493749663633
43,1722,0.08808386633725414
43,1723,0.08600843743637511
43,1724,0.07640687675775877
43,1725,0.0673256230784788
43,1726,0.0679355613829665
43,1727,0.07214702559797813
43,1728,0.0727140761623255
43,1729,0.06770923764755969
43,1730,0.06462886420249607
43,1731,0.059247967305165385
43,1732,0.05630702103198333
43,1733,0.06692396737683977
43,1734,0.08037401526043915
43,1735,0.0802676211761558
43,1736,0.06690506074125731
43,1737,0.05693047089215118
43,1738,0.06324279275741237
43,1739,0.07171823012371745
43,1740,0.07687502192119597
43,1741,0.07352411492558523
43,1742,0.06995799172632616
43,1743,0.06553806002928686
43,1744,0.06730231917108044
43,1745,0.08799032164955899
43,1746,0.10754510489660384
43,1747,0.10590349655857426
43,1748,0.09144082787479155
43,1749,0.07661933375518973
43,1750,0.07452264201458662
43,1751,0.07634440963359591
43,1752,0.07430822821029397
43,1753,0.06823804205948379
43,1754,0.06373575654212636
43,1755,0.05948649893777606
43,1756,0.05713063387968015
43,1757,0.0659998999721797
43,1758,0.07775445626623487
43,1759,0.07367362096675945
43,1760,0.06041848787728245
43,1761,0.04845326298091998
43,1762,0.054408911933801075
43,1763,0.06510598617990691
43,1764,0.07342896825092363
43,1765,0.07092227417012076
43,1766,0.06686419649981108
43,1767,0.05970656849315643
43,1768,0.05757962629391788
43,1769,0.07244666381278894
43,1770,0.08698297582260239
43,1771,0.08690760314044935
43,1772,0.07724062482380556
43,1773,0.06612156069226757
43,1774,0.06711822718904067
43,1775,0.0698417992641782
43,1776,0.06734199574556375
43,1777,0.06339258073557845
43,1778,0.06100887789924022
43,1779,0.057225769140553585
43,1780,0.054334592170561226
43,1781,0.06090484612169516
43,1782,0.06876318762690262
43,1783,0.06544854613271425
43,1784,0.05385820898349432
43,1785,0.04345290872140141
43,1786,0.045228879045441345
43,1787,0.0466050871031979
43,1788,0.05467735012453173
43,1789,0.05471714951026738
43,1790,0.06705396546397954
43,1791,0.06762121023760326
43,1792,0.06548882038877546
43,1793,0.07002836051722186
43,1794,0.07240164542961541
43,1795,0.06997511963239779
43,1796,0.06431234342708664
43,1797,0.05733039785364528
43,1798,0.0627342581582774
43,1799,0.06847896813517766
43,1800,0.0702592192604674
43,1801,0.0661406409704627
43,1802,0.061086281189621255
43,1803,0.05772949063508642
43,1804,0.05509971559983283
43,1805,0.0614841824365745
43,1806,0.06893646702076783
43,1807,0.06718276442770928
43,1808,0.06016543320300394
43,1809,0.053047397037409974
43,1810,0.06019653672251965
43,1811,0.07067114577187807
43,1812,0.08072970841157645
43,1813,0.08104142125047838
43,1814,0.07658505387126437
43,1815,0.07213706423892251
43,1816,0.05992636136330775
43,1817,0.06633053895963396
43,1818,0.07791046543192816
43,1819,0.07442129007925814
43,1820,0.06638495551555211
43,1821,0.05563568489808923
43,1822,0.05822063232755488
43,1823,0.06392985875822005
43,1824,0.06528302860204759
43,1825,0.0611681014109592
43,1826,0.056956768729201655
43,1827,0.05477955418926518
43,1828,0.051156355204344015
43,1829,0.05490555070815837
43,1830,0.06174712215787149
43,1831,0.059671053891125043
43,1832,0.05301363209791768
43,1833,0.04587018955303962
43,1834,0.04888441333139271
43,1835,0.05282246504560126
43,1836,0.05544251262409124
43,1837,0.060232479297187246
43,1838,0.05945515331803568
43,1839,0.056549925673856256
43,1840,0.0559779303625642
43,1841,0.06836389565360346
43,1842,0.07791664590577574
43,1843,0.0758850150276635
43,1844,0.07457011005909543
43,1845,0.06871350482925927
43,1846,0.06834030525673411
43,1847,0.0681287292062647
43,1848,0.06451876229853677
43,1849,0.06445092702362344
43,1850,0.06435705686128854
43,1851,0.06422663785708588
43,1852,0.06357412304741893
43,1853,0.07019267073551202
43,1854,0.07468095789714396
43,1855,0.06870346877950263
43,1856,0.060997374555144916
43,1857,0.0561295564354311
43,1858,0.05893140064467772
43,1859,0.06560372705358103
43,1860,0.08129304014027616
43,1861,0.08671053054893135
43,1862,0.08211274071421247
43,1863,0.07846014792551528
43,1864,0.06961970644474039
43,1865,0.08211372160461328
43,1866,0.09522521442922309
43,1867,0.08716905812677349
43,1868,0.0735073470633071
43,1869,0.060931019465494375
43,1870,0.0624754963723694
43,1871,0.06850492775469107
43,1872,0.06847252225905298
43,1873,0.0645072140120471
43,1874,0.06116179949602939
43,1875,0.06129676335426414
43,1876,0.06192814890384741
43,1877,0.07437133784178264
43,1878,0.0869104790450041
43,1879,0.08122660155939075
43,1880,0.0684292341217491
43,1881,0.06126817318462004
43,1882,0.05694644626235026
43,1883,0.057237955677199276
43,1884,0.06842480518318414
43,1885,0.07833998472421756
43,1886,0.07834421256595166
43,1887,0.0793409140064336
43,1888,0.07633564389438907
43,1889,0.09340467590618105
43,1890,0.10815272441767582
43,1891,0.09751760741379682
43,1892,0.0800920858545752
43,1893,0.06499498575879181
43,1894,0.06775680264715146
43,1895,0.07576495618243866
43,1896,0.07920539154062883
43,1897,0.08006225173345438
43,1898,0.08036331312548808
43,1899,0.08349605736170329
43,1900,0.08851131107954918
43,1901,0.10533657678185955
43,1902,0.11899746681657693
43,1903,0.10962944496483265
43,1904,0.09530958337496588
43,1905,0.08345734836964594
43,1906,0.07515534070829118
43,1907,0.06643610132819543
43,1908,0.07549953800508645
43,1909,0.08684571143393505
43,1910,0.09446189779633968
43,1911,0.09514049271171027
43,1912,0.08818789968545826
43,1913,0.1057020036168969
43,1914,0.12115389919509215
43,1915,0.10987212058008977
43,1916,0.09123503779591342
43,1917,0.07483684480479491
43,1918,0.07465943080342197
43,1919,0.08343142749349237
43,1920,0.08910519643276568
43,1921,0.08996498314988738
43,1922,0.09037559387456763
43,1923,0.0947425825264794
43,1924,0.09584319517704283
43,1925,0.11024823965463014
43,1926,0.12474033745780302
43,1927,0.1169198232351491
43,1928,0.10332139833677603
43,1929,0.08877665026262184
43,1930,0.07866302870137304
43,1931,0.07012195888096703
43,1932,0.07880750664087076
43,1933,0.08975758882582664
43,1934,0.09805654617007147
43,1935,0.10015644018502597
43,1936,0.09587330256899752
43,1937,0.11632885449038126
43,1938,0.14662307954131734
43,1939,0.14036812491684614
43,1940,0.11144674091203834
43,1941,0.08458706442351582
43,1942,0.07895021559740603
43,1943,0.08698451304905071
43,1944,0.0975945127792673
43,1945,0.10450628769840827
43,1946,0.10403120836378733
43,1947,0.10544395819322706
43,1948,0.10596934881865319
43,1949,0.12039103873953637
43,1950,0.13509959768940577
43,1951,0.12849151286410948
43,1952,0.11423256994670336
43,1953,0.10136953503657394
43,1954,0.09585216053332932
43,1955,0.08550365412086633
43,1956,0.08313828768654141
43,1957,0.09069140614468721
43,1958,0.09612211537153686
43,1959,0.09455879065761054
43,1960,0.09133420590222592
43,1961,0.09944835599810388
43,1962,0.10813147346106299
43,1963,0.10873333089163566
43,1964,0.09984288673461843
43,1965,0.0864469411413046
43,1966,0.08473358732039088
43,1967,0.08657089586873834
43,1968,0.08415420492584215
43,1969,0.0861777812661296
43,1970,0.08678339851856075
43,1971,0.08890518137261537
43,1972,0.09152869651089325
43,1973,0.105318970486959
43,1974,0.11804843494114606
43,1975,0.11040071983411578
43,1976,0.09286316248742024
43,1977,0.07783392737399303
43,1978,0.07641412733779518
43,1979,0.0730580637011204
43,1980,0.0699739951831631
43,1981,0.07839871492476608
43,1982,0.08586878554417937
43,1983,0.08455553453721781
43,1984,0.07885497812447147
43,1985,0.09081008730806239
43,1986,0.10509076640878806
43,1987,0.09841336505940075
43,1988,0.08497185546326816
43,1989,0.0711544754458688
43,1990,0.06824592431065604
43,1991,0.07666013613922955
43,1992,0.08036005333144536
43,1993,0.07743833858421087
43,1994,0.07590306309723892
43,1995,0.07321339689046487
43,1996,0.07062123152100154
43,1997,0.08481049848648814
43,1998,0.09861010219712281
43,1999,0.09550732090042244
43,2000,0.08224742491312727
43,2001,0.06743981121873503
43,2002,0.0614959254728303
43,2003,0.05515092597835216
43,2004,0.06395466017595439
43,2005,0.07748599277394075
43,2006,0.08520632788871263
43,2007,0.08711896278832434
43,2008,0.0798119280579347
43,2009,0.09662103332104519
43,2010,0.1109157001952144
43,2011,0.09815690702614974
43,2012,0.0789094508233551
43,2013,0.060370509624213864
43,2014,0.05988465263865852
43,2015,0.07248955475367186
43,2016,0.07983860779376806
43,2017,0.0808468933011565
43,2018,0.07963688049081186
43,2019,0.08022704931541011
43,2020,0.08119381137867585
43,2021,0.09641945643502055
43,2022,0.11052395821314781
43,2023,0.1014667609150209
43,2024,0.08523931874225328
43,2025,0.07394180900624892
43,2026,0.07390520911910085
43,2027,0.07717225206886039
43,2028,0.07816290775433622
43,2029,0.0825688950180964
43,2030,0.09261858570259814
43,2031,0.08908628533440932
43,2032,0.08214655077776192
43,2033,0.08618602369284367
43,2034,0.10158311165413263
43,2035,0.09788431316328575
43,2036,0.08602002579518098
43,2037,0.06865137008150891
43,2038,0.06432728267284683
43,2039,0.07250070332482472
43,2040,0.07317936099978374
43,2041,0.0743826770375413
43,2042,0.07373709679176625
43,2043,0.07494116285471414
43,2044,0.07315382007165713
43,2045,0.08199935413333707
43,2046,0.08971910504594566
43,2047,0.08356483566459054
43,2048,0.07387096136799956
43,2049,0.06077442958518624
43,2050,0.06388795509517109
43,2051,0.06550358800901002
43,2052,0.06870409936632735
43,2053,0.06914298929152211
43,2054,0.06826938411385385
43,2055,0.0642007169347022
43,2056,0.05987014767118773
43,2057,0.06809051609486862
43,2058,0.0780382135018906
43,2059,0.08104148184961442
43,2060,0.07631727067752762
43,2061,0.06339715790291428
43,2062,0.06442798932802422
43,2063,0.07047081900675278
43,2064,0.07013548557183573
43,2065,0.06771270628313873
43,2066,0.0648253704778699
43,2067,0.06177691806688905
43,2068,0.05831251517501385
43,2069,0.06632878032344473
43,2070,0.08206658983615892
43,2071,0.08230714704890937
43,2072,0.07065835119495907
43,2073,0.05737579837783956
43,2074,0.05883057812575846
43,2075,0.06123866462843299
43,2076,0.06351845248333934
43,2077,0.06080111891123321
43,2078,0.05730826695876558
43,2079,0.057541014517824125
43,2080,0.05627582187371552
43,2081,0.06799442375766919
43,2082,0.08488437779609033
43,2083,0.08701904415539748
43,2084,0.08071488391181125
43,2085,0.0698865823287585
43,2086,0.07012945806696773
43,2087,0.07273954397423328
43,2088,0.07178947679703107
43,2089,0.06796637240073354
43,2090,0.0643662589756126
43,2091,0.06533174366120505
43,2092,0.0626805265854796
43,2093,0.07041337244704104
43,2094,0.08462616466339327
43,2095,0.08265273523538205
43,2096,0.07205127879954365
43,2097,0.06468382623124756
43,2098,0.07072787065863101
43,2099,0.08111184660451583
43,2100,0.07959349146926033
43,2101,0.07975021191626863
43,2102,0.07583277624937226
43,2103,0.06147423849871039
43,2104,0.0586785309400902
43,2105,0.06824730514833925
43,2106,0.08428165232856359
43,2107,0.08954489364220038
43,2108,0.0839071700136742
43,2109,0.07049038643320872
43,2110,0.06887196282911423
43,2111,0.07151899304356317
43,2112,0.06634033726950536
43,2113,0.06319559804968079
43,2114,0.06173212525482159
43,2115,0.061007348089870655
43,2116,0.06031875538381333
43,2117,0.06869912533231894
43,2118,0.07974577183062172
43,2119,0.07827409930599043
43,2120,0.0684030403494642
43,2121,0.05704524059943022
43,2122,0.05779367888648632
43,2123,0.057496275846778716
43,2124,0.05817887592732938
43,2125,0.05871102616103536
43,2126,0.05920559760174658
43,2127,0.05546505092476016
43,2128,0.04932024339600567
43,2129,0.05717403458861946
43,2130,0.07183134100880864
43,2131,0.07617500707945257
43,2132,0.07294322933418586
43,2133,0.06463408693705827
43,2134,0.06404427954051628
43,2135,0.06995233343673958
43,2136,0.07002853946444654
43,2137,0.06481905284476472
43,2138,0.05840711132660048
43,2139,0.05429063272285693
43,2140,0.050685935074156675
43,2141,0.0583013061481686
43,2142,0.07059881329723104
43,2143,0.07290653296557269
43,2144,0.0637642114537017
43,2145,0.054236239242405164
43,2146,0.05683260742690685
43,2147,0.060640580626231635
43,2148,0.06284812111643845
43,2149,0.061225756843786006
43,2150,0.06160458856807232
43,2151,0.05560100335514034
43,2152,0.05261284020589841
43,2153,0.06573978017280901
43,2154,0.08425187972865528
43,2155,0.09024653096239092
43,2156,0.08647347697923627
43,2157,0.07675769196641302
43,2158,0.07811561413815502
43,2159,0.08045092740509585
43,2160,0.07519483107329217
43,2161,0.06741453037012193
43,2162,0.05926876159127074
43,2163,0.0562166218547392
43,2164,0.05187688269359365
43,2165,0.05599673712229604
43,2166,0.06688074961843359
43,2167,0.06576996240554484
43,2168,0.058298085252241706
43,2169,0.05247199300534683
43,2170,0.05426796385122234
43,2171,0.05617207746753043
43,2172,0.06218741151388471
43,2173,0.06521978378783781
43,2174,0.06271858172571348
43,2175,0.058313853971773286
43,2176,0.05336688925751284
43,2177,0.061590084378032636
43,2178,0.07187473304985728
43,2179,0.0717662575814766
43,2180,0.06623086583429895
43,2181,0.056913182726992896
43,2182,0.05751950938015602
43,2183,0.06418436403490746
43,2184,0.06898770722907997
43,2185,0.06723737626184603
43,2186,0.06340064203825052
43,2187,0.05979537789624202
43,2188,0.054087853545746835
43,2189,0.06106876354992303
43,2190,0.07628740133900934
43,2191,0.07830158631536017
43,2192,0.06800389279473242
43,2193,0.059836228166689376
43,2194,0.0677537958964673
43,2195,0.07457857397478178
43,2196,0.07259914772735049
43,2197,0.06743201346895222
43,2198,0.06557126350345678
43,2199,0.06242614393808574
43,2200,0.05895044007989692
43,2201,0.07369288858633984
43,2202,0.0930609231857503
43,2203,0.09717034542759508
43,2204,0.09144311588293456
43,2205,0.08008656569714025
43,2206,0.0778282082371521
43,2207,0.07931288315631942
43,2208,0.07612168865339719
43,2209,0.0765066264772778
43,2210,0.07551381262786
43,2211,0.07541813709104404
43,2212,0.07282710603249658
43,2213,0.0773204184204569
43,2214,0.08554395608551028
43,2215,0.08429182024413077
43,2216,0.07361079128925692
43,2217,0.06406111834448736
43,2218,0.07065132352772335
43,2219,0.0787136166344421
43,2220,0.08356661097616322
43,2221,0.08277041816512626
43,2222,0.07635574085035364
43,2223,0.06927978832318427
43,2224,0.06354415475565887
43,2225,0.07548063863093146
43,2226,0.0935484553431567
43,2227,0.09914450344811103
43,2228,0.09333722243013791
43,2229,0.083749542839988
43,2230,0.08279314162972108
43,2231,0.08273236693674685
43,2232,0.07802844347010364
43,2233,0.07506938136855615
43,2234,0.07126493037234859
43,2235,0.06633825166512254
43,2236,0.06353950753475186
43,2237,0.06954088384577146
43,2238,0.0817272947220759
43,2239,0.0838693933542531
43,2240,0.07495541286696038
43,2241,0.06633417318391634
43,2242,0.0733757404525819
43,2243,0.07823664901872561
43,2244,0.08198075459356238
43,2245,0.07744544528361917
43,2246,0.07299431106613866
43,2247,0.06581066963004743
43,2248,0.06086971344788274
43,2249,0.07631512053734624
43,2250,0.09681439726809084
43,2251,0.10390212547312419
43,2252,0.09709689477291703
43,2253,0.08799585249726338
43,2254,0.08926989504630303
43,2255,0.09224137657202215
43,2256,0.08942219261199853
43,2257,0.08444154352791527
43,2258,0.07750043059482876
43,2259,0.06999874569744757
43,2260,0.06119095730304198
43,2261,0.06505740523225872
43,2262,0.07519664563548761
43,2263,0.0785721799335021
43,2264,0.0695951179004944
43,2265,0.05723927251828269
43,2266,0.060762350888426846
43,2267,0.06969774383277451
43,2268,0.07551856868325388
43,2269,0.07539697620503703
43,2270,0.07233774959543222
43,2271,0.06405486248651064
43,2272,0.05834846458142155
43,2273,0.0707184275047704
43,2274,0.08336212542615591
43,2275,0.08477389159267362
43,2276,0.077780369043738
43,2277,0.06978173798284239
43,2278,0.0740110880414456
43,2279,0.07422662018353533
43,2280,0.07214444440343111
43,2281,0.0676845542223718
43,2282,0.06330915759115957
43,2283,0.0602105745608236
43,2284,0.05523084801570114
43,2285,0.06111635439570237
43,2286,0.06997713809504438
43,2287,0.06996927725837175
43,2288,0.06279768594680075
43,2289,0.05373750119893816
43,2290,0.058655230329236266
43,2291,0.06698529555915117
43,2292,0.07162239741669928
43,2293,0.07039588436279431
43,2294,0.06592809125345715
43,2295,0.061866751498606445
43,2296,0.05984001233058455
43,2297,0.0661629277724765
43,2298,0.07731632066000788
43,2299,0.08065670954521606
43,2300,0.07772071734591504
43,2301,0.07670738399385887
43,2302,0.080581739249601
43,2303,0.07855994448531745
43,2304,0.07443431497503214
43,2305,0.06712703533941917
43,2306,0.06248530869401691
43,2307,0.05989011319737386
43,2308,0.05519017642912255
43,2309,0.05926158711171261
43,2310,0.06597627235806303
43,2311,0.06618346367270561
43,2312,0.0586594592887246
43,2313,0.049390009175179925
43,2314,0.05259199316059187
43,2315,0.05916185379679849
43,2316,0.062311670828169144
43,2317,0.06078620318042394
43,2318,0.05820800029992354
43,2319,0.0538284881560332
43,2320,0.05337314268509772
43,2321,0.06184080768018713
43,2322,0.06982920028148885
43,2323,0.0715699495810202
43,2324,0.06651610386630782
43,2325,0.06338751976747452
43,2326,0.07131636501919177
43,2327,0.07242758579320915
43,2328,0.06830714143881016
43,2329,0.06172966034999383
43,2330,0.05823074709346127
43,2331,0.05720504546287442
43,2332,0.05501018483939828
43,2333,0.05868357813990264
43,2334,0.06437267559646702
43,2335,0.06487519816962319
43,2336,0.0593742024605209
43,2337,0.05339831864043502
43,2338,0.0565389186372113
43,2339,0.06085764861799495
43,2340,0.06306058641210688
43,2341,0.061594565424630966
43,2342,0.0618166175599214
43,2343,0.06095390767121214
43,2344,0.05974444465573052
43,2345,0.06356321747560635
43,2346,0.06825915555859914
43,2347,0.06919469868516478
43,2348,0.06873457288520231
43,2349,0.0659704827240796
43,2350,0.07035836265006892
43,2351,0.07118405394778184
43,2352,0.06821979739429826
43,2353,0.05937026941189224
43,2354,0.05555601272204157
43,2355,0.056703489007946486
43,2356,0.05570538201824517
43,2357,0.059701423667734496
43,2358,0.06321570571423787
43,2359,0.06292025027517205
43,2360,0.059429755404903445
43,2361,0.05659986563110961
43,2362,0.06260731567050001
43,2363,0.0657250354019977
43,2364,0.06709447630545765
43,2365,0.06676236154611849
43,2366,0.06709684526518819
43,2367,0.0684796472211772
43,2368,0.06955051259730786
43,2369,0.07358851130910728
43,2370,0.07815582994658925
43,2371,0.0802263007131875
43,2372,0.08467023411643405
43,2373,0.0802433603117533
43,2374,0.07889157954329601
43,2375,0.07334831093484147
43,2376,0.06644398769801275
43,2377,0.05714700040376486
43,2378,0.05267270408873823
43,2379,0.05425441169423508
43,2380,0.05416978529510652
43,2381,0.05972802617757658
43,2382,0.06552531585988451
43,2383,0.06283184384159511
43,2384,0.0561754255244582
43,2385,0.0512858987154295
43,2386,0.058411381142538264
43,2387,0.06321676247750463
43,2388,0.06403248174840627
43,2389,0.06467334463558602
43,2390,0.06436019377775444
43,2391,0.0675608566271412
43,2392,0.06701442563179011
43,2393,0.0672083131119836
43,2394,0.06979372487273852
43,2395,0.06325555008028325
43,2396,0.05699736299573076
43,2397,0.048207232485757846
43,2398,0.05179923803564993
43,2399,0.057150352993593126
43,2400,0.060124509528004993
43,2401,0.05419699338305901
43,2402,0.050706603402579625
43,2403,0.052742003609682744
43,2404,0.051976597572922174
43,2405,0.051936772211560615
43,2406,0.054350531823691546
43,2407,0.05167297761774343
43,2408,0.047150965168484785
43,2409,0.04456205669410697
43,2410,0.04843108335163533
43,2411,0.05085073053755554
43,2412,0.05421261002177366
43,2413,0.0618052978130464
43,2414,0.06278709854538053
43,2415,0.05718134732603932
43,2416,0.04986618236008164
43,2417,0.05413461195133984
43,2418,0.05990747479474084
43,2419,0.0566742560770046
43,2420,0.05531088432937036
43,2421,0.047145708797306236
43,2422,0.04428829754900733
43,2423,0.046996054433297595
43,2424,0.04735533670874264
43,2425,0.04364298013858301
43,2426,0.041291281269704064
43,2427,0.04307418611136358
43,2428,0.04290964849726607
43,2429,0.0484270695761971
43,2430,0.05162062493549748
43,2431,0.04877795988565105
43,2432,0.0433831463266916
43,2433,0.03826713665056332
43,2434,0.039850473603848934
43,2435,0.04364314749005896
43,2436,0.0509025411889673
43,2437,0.05731851565193147
43,2438,0.05761375535881553
43,2439,0.05681080943874854
43,2440,0.05406666037886107
43,2441,0.06279467372298006
43,2442,0.0710110268351286
43,2443,0.06628862391765962
43,2444,0.05784185395302861
43,2445,0.045916557685818316
43,2446,0.04190177672739955
43,2447,0.04299400067964851
43,2448,0.04607324620672876
43,2449,0.046806527081546395
43,2450,0.04773047194598918
43,2451,0.04822641929529883
43,2452,0.05024160327184284
43,2453,0.05581088097476537
43,2454,0.05720074330862053
43,2455,0.05223045901034025
43,2456,0.046205479134743786
43,2457,0.04168537056530107
43,2458,0.04061818280634526
43,2459,0.04257380124167335
43,2460,0.05152753387079331
43,2461,0.0563137380394719
43,2462,0.060037795708266756
43,2463,0.05848018933416986
43,2464,0.05618972627272766
43,2465,0.0562771154617437
43,2466,0.06067041068876537
43,2467,0.05392841831017737
43,2468,0.04816529193450571
43,2469,0.040565395345908646
43,2470,0.040044533354046126
43,2471,0.04779750716418742
43,2472,0.05194755369550374
43,2473,0.054612607153164516
43,2474,0.05673698462910842
43,2475,0.058055023030275224
43,2476,0.05674696139985454
43,2477,0.060327643691204295
43,2478,0.06277558779549752
43,2479,0.05797461548660411
43,2480,0.05137051476105082
43,2481,0.04509413535037203
43,2482,0.04483161527656261
43,2483,0.04860310840775785
43,2484,0.055812528658031324
43,2485,0.0627210087025528
43,2486,0.07176452950548189
43,2487,0.07082375338055961
43,2488,0.06410949603415927
43,2489,0.07132876928712562
43,2490,0.07296663249793685
43,2491,0.06507785341205789
43,2492,0.05528595494025483
43,2493,0.047774965616251254
43,2494,0.04948147735254965
43,2495,0.057776264541899276
43,2496,0.06636192756837238
43,2497,0.0716016256971446
43,2498,0.07294062435515238
43,2499,0.0757135686285938
43,2500,0.08182775514953175
43,2501,0.0917582712174506
43,2502,0.09445122302248032
43,2503,0.08560886296690268
43,2504,0.0757751954423338
43,2505,0.06991723318053526
43,2506,0.0654459534223334
43,2507,0.06780991244736678
43,2508,0.07886133613004481
43,2509,0.09143596214774141
43,2510,0.09665595706463458
43,2511,0.09417369089369987
43,2512,0.0865318964478471
43,2513,0.09528010916363895
43,2514,0.10786320965061592
43,2515,0.1038898152291456
43,2516,0.08662205210869335
43,2517,0.06889893417517977
43,2518,0.062279558322760234
43,2519,0.07156607429389085
43,2520,0.08571971437295944
43,2521,0.09413360467667363
43,2522,0.09810884772945687
43,2523,0.10119295757536075
43,2524,0.1061157277429054
43,2525,0.1148252800611506
43,2526,0.11477798026927788
43,2527,0.10144562485734825
43,2528,0.08947381748212845
43,2529,0.08461010636609491
43,2530,0.08248579044218245
43,2531,0.07967281862368476
43,2532,0.09159066703532916
43,2533,0.10582166752392799
43,2534,0.11613220325819905
43,2535,0.11376870688783246
43,2536,0.1067310724387532
43,2537,0.10851774978964944
43,2538,0.1203279641888645
43,2539,0.11497401707322906
43,2540,0.1008957618644682
43,2541,0.0895496441301381
43,2542,0.08737441613261637
43,2543,0.09200862467246868
43,2544,0.09440946942373198
43,2545,0.10214345270499751
43,2546,0.10512513272960379
43,2547,0.10823891544271638
43,2548,0.1140590179098684
43,2549,0.12379532529333709
43,2550,0.12761003632691204
43,2551,0.1143342342929039
43,2552,0.10091145318015766
43,2553,0.09330194028398098
43,2554,0.08999636267128354
43,2555,0.08261374954391838
43,2556,0.08499237728931336
43,2557,0.1051562901270407
43,2558,0.1148127943408577
43,2559,0.1165525568252153
43,2560,0.1173422134766411
43,2561,0.11668229115505678
43,2562,0.11814088914547957
43,2563,0.11053699384353069
43,2564,0.09599669050215606
43,2565,0.08734548551693473
43,2566,0.09034187621729968
43,2567,0.09370905123627456
43,2568,0.09748644467117965
43,2569,0.10128382631764213
43,2570,0.10588323701865174
43,2571,0.11116079370567639
43,2572,0.11595271553579016
43,2573,0.12520011718734644
43,2574,0.12902516570118217
43,2575,0.11741304563587808
43,2576,0.1068700496066818
43,2577,0.09930678604315304
43,2578,0.0945679063067945
43,2579,0.08593937573825307
43,2580,0.09259332324631396
43,2581,0.10704711445836589
43,2582,0.11591690929098904
43,2583,0.11226576473387676
43,2584,0.11127050893629079
43,2585,0.11275101021514998
43,2586,0.12350370824159589
43,2587,0.12075223723567632
43,2588,0.10797790710708473
43,2589,0.09778957562709328
43,2590,0.10207295974086471
43,2591,0.10252188513923802
43,2592,0.10508090696184776
43,2593,0.10971202480430098
43,2594,0.11467716005511024
43,2595,0.11996890852985082
43,2596,0.12371004598384049
43,2597,0.13184902691803033
43,2598,0.13441892483425105
43,2599,0.11874392448880505
43,2600,0.10500372606780865
43,2601,0.10001824156748275
43,2602,0.10667068890119333
43,2603,0.10901417938093594
43,2604,0.09654814450598037
43,2605,0.09949949001419556
43,2606,0.09926240341123177
43,2607,0.0983392727518932
43,2608,0.09897252540961153
43,2609,0.10039152056607467
43,2610,0.10764059362250245
43,2611,0.100464600009913
43,2612,0.09597535438731847
43,2613,0.09189253235618339
43,2614,0.08939921738653364
43,2615,0.09267887769077152
43,2616,0.08714177657358953
43,2617,0.08796586784281377
43,2618,0.08901456536555136
43,2619,0.09460550463724453
43,2620,0.09952500312782009
43,2621,0.1087287123628191
43,2622,0.10923425293776858
43,2623,0.09593152818558656
43,2624,0.0823166107949279
43,2625,0.07584998578194407
43,2626,0.07823600583287173
43,2627,0.07970497155555313
43,2628,0.07907791536899235
43,2629,0.07768671448004266
43,2630,0.07791930429819567
43,2631,0.0748589417393015
43,2632,0.07817389781867023
43,2633,0.08976229604197042
43,2634,0.09539905905311717
43,2635,0.09079333200431229
43,2636,0.08524743106255211
43,2637,0.07973802808010674
43,2638,0.08167102107732827
43,2639,0.08297243954282324
43,2640,0.07798580152993291
43,2641,0.0765845055367487
43,2642,0.0736021463940384
43,2643,0.07627809849471125
43,2644,0.08324824205287101
43,2645,0.092544504783928
43,2646,0.09538800128546994
43,2647,0.0824452856740602
43,2648,0.06928857302072682
43,2649,0.059451588388993615
43,2650,0.062055778360806724
43,2651,0.06420950292029635
43,2652,0.07133707825803687
43,2653,0.07799287465922577
43,2654,0.07706771481943038
43,2655,0.0718355688163357
43,2656,0.07586397230532232
43,2657,0.09068914976231708
43,2658,0.10360287226576063
43,2659,0.1008966756659364
43,2660,0.08943846806973071
43,2661,0.08063974831770838
43,2662,0.08083803218475823
43,2663,0.08017714574888607
43,2664,0.07712598308086144
43,2665,0.07707035083521306
43,2666,0.07964267501607268
43,2667,0.08562526705914876
43,2668,0.09566957870384678
43,2669,0.10634182988811552
43,2670,0.11074539560786532
43,2671,0.09448609527060023
43,2672,0.08104314085045469
43,2673,0.07386072063568859
43,2674,0.07785253913980121
43,2675,0.08496055234849989
43,2676,0.08387930538252783
43,2677,0.0775722939511911
43,2678,0.07317374974781961
43,2679,0.07517054766387171
43,2680,0.08313187986930401
43,2681,0.09366158252341092
43,2682,0.0966363029739822
43,2683,0.09457591205765095
43,2684,0.08838464098468092
43,2685,0.0807348248973438
43,2686,0.08525087201567523
43,2687,0.09186399495749217
43,2688,0.09279727909566285
43,2689,0.0891539245056522
43,2690,0.0911180915525981
43,2691,0.09823610653250642
43,2692,0.11128818609732176
43,2693,0.12763143335292212
43,2694,0.1323344055210898
43,2695,0.11522377433250218
43,2696,0.1051141139039808
43,2697,0.10106122616063755
43,2698,0.10895862574074347
43,2699,0.11371186232575388
43,2700,0.1058638582566062
43,2701,0.0905158699605137
43,2702,0.08071811332436662
43,2703,0.07977393693003762
43,2704,0.09057822458985858
43,2705,0.11119040706125492
43,2706,0.1256796507839728
43,2707,0.12918495444651737
43,2708,0.12924971873627564
43,2709,0.12998552797017363
43,2710,0.13405441949997923
43,2711,0.1280576889378894
43,2712,0.11382478176742848
43,2713,0.10660844413354813
43,2714,0.1038093349846276
43,2715,0.10886943609428056
43,2716,0.12215848487101397
43,2717,0.14244138433927914
43,2718,0.14966393853347326
43,2719,0.13659444546583277
43,2720,0.12927735850373442
43,2721,0.1270971756338231
43,2722,0.1339137794443383
43,2723,0.12812384635240828
43,2724,0.11503024816617596
43,2725,0.10057117420539118
43,2726,0.09740578573185167
43,2727,0.10765176522742885
43,2728,0.13024970379395204
43,2729,0.15942339346045348
43,2730,0.16114089567463238
43,2731,0.14909371091245024
43,2732,0.1434485558249575
43,2733,0.14388314706708272
43,2734,0.14546567898585433
43,2735,0.13206866535562428
43,2736,0.11223113255078858
43,2737,0.10366549421287478
43,2738,0.10223127190516437
43,2739,0.10899380832577052
43,2740,0.12282362447638384
43,2741,0.13820052647372846
43,2742,0.14211332456358186
43,2743,0.12942398654340312
43,2744,0.11971695634523613
43,2745,0.11440045761127936
43,2746,0.12619941652178515
43,2747,0.13510239249148312
43,2748,0.13329633311110403
43,2749,0.12064126247711678
43,2750,0.11345355076131029
43,2751,0.11482387373773767
43,2752,0.13524600648731758
43,2753,0.17135712347579593
43,2754,0.1948032757885553
43,2755,0.19177323429312745
43,2756,0.17852658227625132
43,2757,0.16836893778947973
43,2758,0.16107978842402082
43,2759,0.13934541077810278
43,2760,0.11333837633366084
43,2761,0.09916354171080945
43,2762,0.09223363819754493
43,2763,0.08981961055826627
43,2764,0.09729494846516577
43,2765,0.11323141834325053
43,2766,0.12287379276940352
43,2767,0.1149666025422344
43,2768,0.10664119124007687
43,2769,0.10012229971081367
43,2770,0.10766094425624999
43,2771,0.10943955213434932
43,2772,0.10845488971893943
43,2773,0.09808154538825227
43,2774,0.09489101463850139
43,2775,0.09959671480077999
43,2776,0.11870206494170721
43,2777,0.14679852896044848
43,2778,0.16430737435485457
43,2779,0.15906739132199957
43,2780,0.14889689239489873
43,2781,0.14205499455086207
43,2782,0.13708617098388604
43,2783,0.11850380226874739
43,2784,0.10003631013218352
43,2785,0.09120985704341128
43,2786,0.08733693884492813
43,2787,0.08827139412205738
43,2788,0.09887818213969113
43,2789,0.11584876013827548
43,2790,0.12398697611617779
43,2791,0.11461141412410589
43,2792,0.10590554196743034
43,2793,0.10025619748318658
43,2794,0.1012642671825022
43,2795,0.09421855872187634
43,2796,0.09074839223413782
43,2797,0.08624554151306722
43,2798,0.08953992457672406
43,2799,0.09935462533465024
43,2800,0.12470634386104855
43,2801,0.15126828287204297
43,2802,0.16338939793412027
43,2803,0.16369604653655362
43,2804,0.1624089315776198
43,2805,0.15795503084945622
43,2806,0.15872054481069955
43,2807,0.1415532365618098
43,2808,0.12477754817688455
43,2809,0.11350551567142572
43,2810,0.10539366274692495
43,2811,0.10542303319080809
43,2812,0.11990006918375674
43,2813,0.13844622385380345
43,2814,0.14518842899702322
43,2815,0.13398270451903221
43,2816,0.12965532672503335
43,2817,0.13250442794266878
43,2818,0.14832246731295398
43,2819,0.1565314817603886
43,2820,0.15414645795861667
43,2821,0.14016544786741916
43,2822,0.1255585526746642
43,2823,0.12261991492554913
43,2824,0.13947573464749344
43,2825,0.17071931249131647
43,2826,0.18856346329289495
43,2827,0.18155093558329335
43,2828,0.1712217814261726
43,2829,0.1619211828320475
43,2830,0.1535156335491618
43,2831,0.12953273984163752
43,2832,0.10792750464018266
43,2833,0.09589612973902065
43,2834,0.08921014134332055
43,2835,0.08391516957370355
43,2836,0.09209633998642608
43,2837,0.10727292246282376
43,2838,0.11546971290837507
43,2839,0.10893235836360958
43,2840,0.10203215215946485
43,2841,0.09496448446234568
43,2842,0.10365791620424472
43,2843,0.11064580853786542
43,2844,0.11289801792911118
43,2845,0.10936363991939532
43,2846,0.10221486137076194
43,2847,0.10202742936519968
43,2848,0.12124050596531716
43,2849,0.1541151132170742
43,2850,0.17218363355482
43,2851,0.16452960327548732
43,2852,0.14953781090195495
43,2853,0.13823141628884558
43,2854,0.13224078659022703
43,2855,0.12049602585605641
43,2856,0.10179260090276133
43,2857,0.09095322184523572
43,2858,0.08371896367245746
43,2859,0.07954790521714918
43,2860,0.08814575275796507
43,2861,0.10343586658631562
43,2862,0.11132333820273008
43,2863,0.1036631138862908
43,2864,0.09664336147904677
43,2865,0.08983981373113703
43,2866,0.09950638147651371
43,2867,0.10484331090929733
43,2868,0.104276800239973
43,2869,0.10051538227572845
43,2870,0.09759847498173545
43,2871,0.10033085592703868
43,2872,0.1195516170451062
43,2873,0.1424312696006396
43,2874,0.14725955788572082
43,2875,0.1311637465543792
43,2876,0.11666917345800533
43,2877,0.11019172951661246
43,2878,0.11019888598654776
43,2879,0.10983902211841932
43,2880,0.10070321356740207
43,2881,0.0930283671282037
43,2882,0.0852055822173271
43,2883,0.08184713206036799
43,2884,0.08880007647002355
43,2885,0.09980540547449979
43,2886,0.10610124526785233
43,2887,0.09786885747757074
43,2888,0.09258419363996385
43,2889,0.09025435646685527
43,2890,0.10203859663789495
43,2891,0.10593544110527099
43,2892,0.10232315627507381
43,2893,0.0967799604091191
43,2894,0.09444991902823259
43,2895,0.10077810182050163
43,2896,0.12090415560688711
43,2897,0.14678685088436996
43,2898,0.15758775616192106
43,2899,0.14745027089329638
43,2900,0.13729806023393828
43,2901,0.13182095402851834
43,2902,0.13055924356291124
43,2903,0.11768961266062362
43,2904,0.10468031902572292
43,2905,0.09441934203348559
43,2906,0.08500423751644973
43,2907,0.0803929279183979
43,2908,0.08810187203737752
43,2909,0.09889084379892485
43,2910,0.10310322396916814
43,2911,0.09544276746893261
43,2912,0.09208498923924142
43,2913,0.08954164052301747
43,2914,0.09255319046997057
43,2915,0.07978805780397485
43,2916,0.0752439560280841
43,2917,0.07073396642006767
43,2918,0.07260820722927876
43,2919,0.08029275897507901
43,2920,0.0961884331235897
43,2921,0.10827957643950821
43,2922,0.11479785044336197
43,2923,0.10601309004835094
43,2924,0.10148550054055548
43,2925,0.10540936158599426
43,2926,0.11453389271175955
43,2927,0.12026258575880708
43,2928,0.11415683694165406
43,2929,0.10755552716802955
43,2930,0.09701877799870053
43,2931,0.09654005246598298
43,2932,0.10808471719777855
43,2933,0.12602374377989672
43,2934,0.12907536530161431
43,2935,0.11368630253950619
43,2936,0.10217684879449068
43,2937,0.10418312783342153
43,2938,0.1079614689939095
43,2939,0.09771836452356547
43,2940,0.0885228221526309
43,2941,0.08010829105296643
43,2942,0.08014214311042625
43,2943,0.09093494629707893
43,2944,0.10809257830474395
43,2945,0.1153190115529148
43,2946,0.1065785942155097
43,2947,0.09974332681420284
43,2948,0.10354072486424967
43,2949,0.10899162495038942
43,2950,0.11882379194472545
43,2951,0.1254150426148464
43,2952,0.12343863200018537
43,2953,0.11710837615082624
43,2954,0.11252304033570881
43,2955,0.11552501542589028
43,2956,0.13162047275405817
43,2957,0.148903021874683
43,2958,0.14570836612257082
43,2959,0.12459187606513339
43,2960,0.11461878799053674
43,2961,0.118194255892182
43,2962,0.1339474703996976
43,2963,0.1327930537210744
43,2964,0.12469295755912409
43,2965,0.1160918697322426
43,2966,0.11077828740193375
43,2967,0.11414401429918947
43,2968,0.12286251094866793
43,2969,0.13287541257637628
43,2970,0.12814849269810533
43,2971,0.10634787889774956
43,2972,0.10018515904087212
43,2973,0.10075425603533625
43,2974,0.10393580035342294
43,2975,0.10485946860406505
43,2976,0.09642785276141638
43,2977,0.09230195034489347
43,2978,0.08924713491442098
43,2979,0.09269584996246753
43,2980,0.1043208579446988
43,2981,0.11742776361219215
43,2982,0.11728099978853318
43,2983,0.10302123756928035
43,2984,0.09229753529396853
43,2985,0.08665479749686429
43,2986,0.08791463315579708
43,2987,0.08908380782299789
43,2988,0.08202437814784179
43,2989,0.07471885228181868
43,2990,0.08370900423448019
43,2991,0.09828320277233715
43,2992,0.12496014393543506
43,2993,0.14580455797823666
43,2994,0.13766512373080522
43,2995,0.11562659579795079
43,2996,0.10521366840795823
43,2997,0.10628611975694112
43,2998,0.11245723465253747
43,2999,0.11486376083020927
43,3000,0.10890151171341354
43,3001,0.10470744369383125
43,3002,0.0998140579278944
43,3003,0.10063504083601481
43,3004,0.11193184288776907
43,3005,0.12678329311998401
43,3006,0.12664960049411725
43,3007,0.11105882168978716
43,3008,0.09849785267583876
43,3009,0.0938179851111708
43,3010,0.09573728507929319
43,3011,0.08550366292703511
43,3012,0.08263959915869275
43,3013,0.08318052729937234
43,3014,0.09007284063549556
43,3015,0.10498944845866864
43,3016,0.11935499900997656
43,3017,0.13495217458654848
43,3018,0.12399885619528901
43,3019,0.10345618212227059
43,3020,0.09865072786916675
43,3021,0.10019706982134699
43,3022,0.11099148640580281
43,3023,0.1214600033764529
43,3024,0.1248721156242782
43,3025,0.12374729073019683
43,3026,0.12039731598775304
43,3027,0.1228917459808723
43,3028,0.1324159452078664
43,3029,0.14877124818540877
43,3030,0.1477140272956696
43,3031,0.12919260796536866
43,3032,0.11603757872480756
43,3033,0.11591720088687296
43,3034,0.11577097910277649
43,3035,0.10605010992899347
43,3036,0.09818998051775742
43,3037,0.09887945850462863
43,3038,0.10829287032676452
43,3039,0.13327271047147546
43,3040,0.15152454703771326
43,3041,0.15211930108051025
43,3042,0.13190571022451852
43,3043,0.10492041607584134
43,3044,0.09924199590338124
43,3045,0.1048927309526676
43,3046,0.11471377470668738
43,3047,0.11985608253876366
43,3048,0.11799392789669588
43,3049,0.11698406885764331
43,3050,0.11356925859149392
43,3051,0.1163557515194611
43,3052,0.1221949855464535
43,3053,0.13195081246167845
43,3054,0.1255440414371263
43,3055,0.10934406032747566
43,3056,0.09961519527890864
43,3057,0.09847643740563555
43,3058,0.10658067440986395
43,3059,0.10922186090553804
43,3060,0.10854652532849358
43,3061,0.10127785857552536
43,3062,0.10573199513716929
43,3063,0.11124185111029784
43,3064,0.12818010680388078
43,3065,0.14459680273227837
43,3066,0.14082534885639444
43,3067,0.12894642381207722
43,3068,0.12278360095124195
43,3069,0.11505657322080798
43,3070,0.11232209968438106
43,3071,0.11571336100464506
43,3072,0.10834075238203124
43,3073,0.10539706085931297
43,3074,0.10029279675630441
43,3075,0.10125613001059046
43,3076,0.10731749539189367
43,3077,0.11925458688276555
43,3078,0.11551613392929827
43,3079,0.10049105875389816
43,3080,0.09076288218452336
43,3081,0.08425693039411737
43,3082,0.0841533902342343
43,3083,0.08313472580011667
43,3084,0.08089072101704511
43,3085,0.08542638108075022
43,3086,0.09443167982448236
43,3087,0.11231204837779263
43,3088,0.12082149231132287
43,3089,0.1204659516559866
43,3090,0.10532865383303405
43,3091,0.0880436612704689
43,3092,0.08152420472995357
43,3093,0.0776873813616175
43,3094,0.07889100826559549
43,3095,0.08239750655663565
43,3096,0.08464216426893008
43,3097,0.08702880478265122
43,3098,0.08387661530145953
43,3099,0.08564133880648471
43,3100,0.08796833370770926
43,3101,0.09276187018912935
43,3102,0.08913298161948191
43,3103,0.07766416481364823
43,3104,0.07193258366590184
43,3105,0.06753890021492037
43,3106,0.073460544591228
43,3107,0.07920352576766836
43,3108,0.07929490942388295
43,3109,0.08203284153815593
43,3110,0.08064773458124774
43,3111,0.0806621971138758
43,3112,0.08634726361786746
43,3113,0.09610764376626894
43,3114,0.09036193926071234
43,3115,0.08086443293277158
43,3116,0.07818498284789895
43,3117,0.07286926211245583
43,3118,0.07680020136203959
43,3119,0.07803962512500906
43,3120,0.07505916284975038
43,3121,0.07341057856001043
43,3122,0.06898221807663701
43,3123,0.07279177806250199
43,3124,0.07663031136326093
43,3125,0.08593848852967913
43,3126,0.0852505264241841
43,3127,0.07541258098252553
43,3128,0.06689576710343584
43,3129,0.05777398873142347
43,3130,0.06063281852030813
43,3131,0.06324163160428656
43,3132,0.06052722084294716
43,3133,0.062487921855270995
43,3134,0.06312954748428515
43,3135,0.0744474806270721
43,3136,0.08486917006310932
43,3137,0.1008820439504387
43,3138,0.10109494922512807
43,3139,0.09352584640955042
43,3140,0.0845188068108935
43,3141,0.07862688724027816
43,3142,0.08298579381367549
43,3143,0.08854501127905527
43,3144,0.08734213477080213
43,3145,0.08855868247144295
43,3146,0.08388591754996545
43,3147,0.09102691281000631
43,3148,0.10078308718449704
43,3149,0.11393966364912148
43,3150,0.10909961013793977
43,3151,0.09237331504969754
43,3152,0.07724894649718757
43,3153,0.06739212134922964
43,3154,0.06494387102818479
43,3155,0.06445288900135733
43,3156,0.06553764033815059
43,3157,0.06618344931207874
43,3158,0.07229579375710596
43,3159,0.08515538101715958
43,3160,0.0966405675091869
43,3161,0.09749621378705817
43,3162,0.08664542151365677
43,3163,0.0715616076072761
43,3164,0.06701457388364214
43,3165,0.06781708643419275
43,3166,0.07551721924709859
43,3167,0.08062719068323801
43,3168,0.0834476936328947
43,3169,0.08198547959953534
43,3170,0.07979678381905705
43,3171,0.0862868957300169
43,3172,0.09142491432138496
43,3173,0.09812125660946065
43,3174,0.09138829265988804
43,3175,0.0754501479358654
43,3176,0.06959099970601634
43,3177,0.0666192020193877
43,3178,0.07211149355446654
43,3179,0.07779926302648435
43,3180,0.07158259869511834
43,3181,0.0637679556923687
43,3182,0.06932616345361223
43,3183,0.07915404998875711
43,3184,0.09618449773427867
43,3185,0.11083165793237401
43,3186,0.10791922141329909
43,3187,0.09430802576005917
43,3188,0.08408519146442572
43,3189,0.0743600027377248
43,3190,0.0783852462559616
43,3191,0.08258131210677443
43,3192,0.08547217350817952
43,3193,0.08852163800086817
43,3194,0.08921290512410428
43,3195,0.09591270971506517
43,3196,0.10444737803345568
43,3197,0.11551865789625747
43,3198,0.11351922463143348
43,3199,0.0945154956221371
43,3200,0.07798096794063228
43,3201,0.0705711543470298
43,3202,0.07011362997849536
43,3203,0.07269060056366555
43,3204,0.07682607485505775
43,3205,0.08415528694611064
43,3206,0.09125538035800636
43,3207,0.10305662207761071
43,3208,0.11395282440654214
43,3209,0.12431804753907408
43,3210,0.11387961829992642
43,3211,0.08921130361677802
43,3212,0.07499205389438476
43,3213,0.06782700448079956
43,3214,0.0706013553470541
43,3215,0.07743624445222747
43,3216,0.08583692648987414
43,3217,0.09054128051608885
43,3218,0.09035546607959892
43,3219,0.0965026707996272
43,3220,0.09543219317389662
43,3221,0.10094134310625391
43,3222,0.09900148395327558
43,3223,0.0813441456508366
43,3224,0.07231440988292168
43,3225,0.06858473972063445
43,3226,0.0738962280151075
43,3227,0.08424015907470549
43,3228,0.09671466105710866
43,3229,0.10439206333975695
43,3230,0.10259332168119013
43,3231,0.10646785264638567
43,3232,0.10393480252868008
43,3233,0.10957390562172763
43,3234,0.10796353557191427
43,3235,0.08895962669621019
43,3236,0.07961428118542759
43,3237,0.07506610140752501
43,3238,0.0772706650353471
43,3239,0.07991003270033624
43,3240,0.08281690363647044
43,3241,0.08611435820749254
43,3242,0.0796528936403752
43,3243,0.0796144522489199
43,3244,0.07943295325877141
43,3245,0.08363293261144947
43,3246,0.08105723999912223
43,3247,0.06852707028479027
43,3248,0.06117128303407802
43,3249,0.05629203775141245
43,3250,0.0541984261306188
43,3251,0.057947392071275215
43,3252,0.0655204005275663
43,3253,0.07117229015832492
43,3254,0.07589785258164687
43,3255,0.07153436187123653
43,3256,0.07829847524951211
43,3257,0.08528020953541648
43,3258,0.08536071904297834
43,3259,0.08176776888623845
43,3260,0.07621709359814233
43,3261,0.07490231543359992
43,3262,0.07719247880210552
43,3263,0.07976002073804207
43,3264,0.07861839260340288
43,3265,0.07827465848317074
43,3266,0.07743078480864649
43,3267,0.07977078444748592
43,3268,0.08139260163267126
43,3269,0.08596854993579783
43,3270,0.08274076969948276
43,3271,0.07450742287282235
43,3272,0.07202454246901387
43,3273,0.06607792079430626
43,3274,0.05891382706273088
43,3275,0.05949646494182414
43,3276,0.07133293456262434
43,3277,0.08035832324605709
43,3278,0.07856410901374818
43,3279,0.07686490059651499
43,3280,0.08353826738183631
43,3281,0.09444986816929835
43,3282,0.09607594897023566
43,3283,0.09296604662886031
43,3284,0.08979387659558179
43,3285,0.08335878773325132
43,3286,0.0843854594410146
43,3287,0.09007648182654666
43,3288,0.09696092683017389
43,3289,0.10138204581584338
43,3290,0.10267737854319545
43,3291,0.1082438223337616
43,3292,0.1155860868889124
43,3293,0.12770775668531686
43,3294,0.12293452407194928
43,3295,0.10393560849569845
43,3296,0.09528444666775723
43,3297,0.09058119236335976
43,3298,0.08453017750366586
43,3299,0.08737870586119315
43,3300,0.08997266093762302
43,3301,0.09027398852502408
43,3302,0.08675834246205041
43,3303,0.08499903639275701
43,3304,0.09024820764747768
43,3305,0.09819432123080922
43,3306,0.09482295519135592
43,3307,0.07763694690342426
43,3308,0.06898227193708047
43,3309,0.06247284635898778
43,3310,0.065145140941629
43,3311,0.07316114477992329
43,3312,0.08578299260819638
43,3313,0.09323632937744132
43,3314,0.09483147414886313
43,3315,0.1001423586163064
43,3316,0.10657411084037155
43,3317,0.11892602187376398
43,3318,0.11678417049181047
43,3319,0.10082663584663329
43,3320,0.09566835262942827
43,3321,0.08704496416269582
43,3322,0.07444905848834571
43,3323,0.08033006488795241
43,3324,0.08918770265921519
43,3325,0.09203000376518762
43,3326,0.08787251598150017
43,3327,0.08557978848967701
43,3328,0.09601202418849139
43,3329,0.11080149769139856
43,3330,0.11775507904490884
43,3331,0.11654498870359979
43,3332,0.11026839286951226
43,3333,0.10218723924342717
43,3334,0.1030261319051845
43,3335,0.10578226242574502
43,3336,0.10454684928558206
43,3337,0.10694609349595094
43,3338,0.1048814735711134
43,3339,0.11136459849989565
43,3340,0.12067815747795638
43,3341,0.13666998667495855
43,3342,0.13851829417564288
43,3343,0.12167005335874007
43,3344,0.10997121666566678
43,3345,0.09911173917592872
43,3346,0.08706191555789038
43,3347,0.09505055347606177
43,3348,0.10599210906226851
43,3349,0.10960080554694661
43,3350,0.11160145707888701
43,3351,0.11396241798394124
43,3352,0.12260608708127008
43,3353,0.13518539843372251
43,3354,0.1419262606507848
43,3355,0.1434936981628348
43,3356,0.1437187867422998
43,3357,0.131717533366239
43,3358,0.12329946942081735
43,3359,0.12446371222817508
43,3360,0.13019876326801183
43,3361,0.12904515619123735
43,3362,0.12762145162307734
43,3363,0.135273820439742
43,3364,0.14403938097539687
43,3365,0.1649203069329806
43,3366,0.16613425611230226
43,3367,0.14953063472826408
43,3368,0.13599491759054722
43,3369,0.11884785208883579
43,3370,0.10263082741526432
43,3371,0.10634889448462669
43,3372,0.11516014856442144
43,3373,0.11759787403782555
43,3374,0.11392147451439769
43,3375,0.11646052990089022
43,3376,0.12696957745215362
43,3377,0.14552925588771853
43,3378,0.15594041510989923
43,3379,0.15960862800940195
43,3380,0.15477723011025135
43,3381,0.13919102059702884
43,3382,0.1269775878054877
43,3383,0.1286152201190696
43,3384,0.12753152963877598
43,3385,0.1243742164984975
43,3386,0.12137544613656075
43,3387,0.13438016901548142
43,3388,0.1518396136580512
43,3389,0.17125877226588948
43,3390,0.1683363862418175
43,3391,0.15196956182371255
43,3392,0.13578897992419414
43,3393,0.12144766797646565
43,3394,0.11289080978238529
43,3395,0.1121580152479825
43,3396,0.11119690466537888
43,3397,0.10556055730318246
43,3398,0.10252224206841923
43,3399,0.10603811393607226
43,3400,0.12068957348575435
43,3401,0.14667008490656055
43,3402,0.15898002935546826
43,3403,0.16160444714470196
43,3404,0.15431053960166743
43,3405,0.138109057851533
43,3406,0.12406403180412966
43,3407,0.12072202049632573
43,3408,0.12188500693043343
43,3409,0.11816712445387548
43,3410,0.11341231696400181
43,3411,0.12276888478368438
43,3412,0.13713652286029474
43,3413,0.15509069282318982
43,3414,0.1530605983155687
43,3415,0.1359543189756483
43,3416,0.1172340310772018
43,3417,0.09519824863459828
43,3418,0.07881333190995735
43,3419,0.07152795165468671
43,3420,0.07027678361028972
43,3421,0.07593721734050848
43,3422,0.08411886042938628
43,3423,0.09842292225721148
43,3424,0.11070765696748691
43,3425,0.12308973668914712
43,3426,0.1218827049471285
43,3427,0.10837021219975468
43,3428,0.09629842497448006
43,3429,0.08670003672587821
43,3430,0.0901326151665013
43,3431,0.1026596672039713
43,3432,0.1194068146343273
43,3433,0.11825283159321244
43,3434,0.11244574022120057
43,3435,0.11817779662372106
43,3436,0.12946325431150957
43,3437,0.14449458132437046
43,3438,0.14480736825121596
43,3439,0.13105723409606929
43,3440,0.11125507319950331
43,3441,0.09552989341734805
43,3442,0.08702364861154346
43,3443,0.09147072056499596
43,3444,0.10091003408892264
43,3445,0.10998103357233872
43,3446,0.11571295137711649
43,3447,0.11748652954827671
43,3448,0.11970590207440113
43,3449,0.13974070953121373
43,3450,0.14529594076561314
43,3451,0.12907166362669506
43,3452,0.10855757519252084
43,3453,0.0884071256227329
43,3454,0.07967506290533387
43,3455,0.08519968350728026
43,3456,0.09369016930873772
43,3457,0.09616513072188317
43,3458,0.09376246855017646
43,3459,0.09589732833046503
43,3460,0.09836295253636441
43,3461,0.10368342291172007
43,3462,0.10703195991205891
43,3463,0.1006756146154382
43,3464,0.09406847851003797
43,3465,0.0823518295275546
43,3466,0.06687828361349767
43,3467,0.06806207581031364
43,3468,0.07413357796744745
43,3469,0.0854874571338299
43,3470,0.08856345346123062
43,3471,0.0887950316170168
43,3472,0.08740471947687943
43,3473,0.10044938558638902
43,3474,0.10385545940325643
43,3475,0.09909230632777152
43,3476,0.09041771337341153
43,3477,0.07401130653192892
43,3478,0.06871482116638346
43,3479,0.07178965464425585
43,3480,0.08333537553627042
43,3481,0.09016185666034587
43,3482,0.08844344205868612
43,3483,0.08856966000515569
43,3484,0.09158469476720327
43,3485,0.10029910512926005
43,3486,0.10132117306357842
43,3487,0.09625194495195201
43,3488,0.0857822081916555
43,3489,0.07279317575089898
43,3490,0.07114409230487564
43,3491,0.06804613687462367
43,3492,0.07774836265255541
43,3493,0.08391320076844383
43,3494,0.09106182033454169
43,3495,0.09418960729263548
43,3496,0.08923208545843424
43,3497,0.09268155544702986
43,3498,0.09660316220087016
43,3499,0.09302261070650714
43,3500,0.08956564779739389
43,3501,0.07709788021314101
43,3502,0.07058334553600909
43,3503,0.07531540010424181
43,3504,0.08266721795482437
43,3505,0.08422230683548601
43,3506,0.07933797089581805
43,3507,0.07946741297233374
43,3508,0.08216549931818913
43,3509,0.08699227471606927
43,3510,0.09010403166856275
43,3511,0.0866577395079102
43,3512,0.08268833177632957
43,3513,0.07816928557033123
43,3514,0.07646802183175265
43,3515,0.07857667937266694
43,3516,0.08230991579774559
43,3517,0.07952653468117571
43,3518,0.07440512404723183
43,3519,0.0770337770988549
43,3520,0.0768937651913964
43,3521,0.08809023584033684
43,3522,0.10220043316494896
43,3523,0.1003340350553785
43,3524,0.08944112624323271
43,3525,0.07277051161859854
43,3526,0.06521244335100676
43,3527,0.06934565184147365
43,3528,0.07815952758290114
43,3529,0.07930594349359014
43,3530,0.0748238166984296
43,3531,0.07360298432524288
43,3532,0.07701464051554667
43,3533,0.08399771673564241
43,3534,0.08659253822483151
43,3535,0.08325405886080578
43,3536,0.07608337913435533
43,3537,0.07134736210952033
43,3538,0.06888423223311997
43,3539,0.07261499502726955
43,3540,0.07916745788734873
43,3541,0.08962485010415977
43,3542,0.09156924748094825
43,3543,0.08279929910645524
43,3544,0.07608536605811082
43,3545,0.08202516009099242
43,3546,0.09270820418719797
43,3547,0.09867692780920911
43,3548,0.08980686379056976
43,3549,0.0770028964305135
43,3550,0.07231448150736071
43,3551,0.07544391146483209
43,3552,0.08080396183571434
43,3553,0.07941533005690445
43,3554,0.07746887058095106
43,3555,0.07315124628900162
43,3556,0.07231548519744758
43,3557,0.07861679573118797
43,3558,0.08359374242496069
43,3559,0.08443568759320576
43,3560,0.07927883364792827
43,3561,0.06995466855530563
43,3562,0.061149350927164094
43,3563,0.0554736971372888
43,3564,0.06386931963143828
43,3565,0.06519405934053701
43,3566,0.06582330688039816
43,3567,0.07072242347903675
43,3568,0.06845700168534846
43,3569,0.0826156793466713
43,3570,0.09218953378095186
43,3571,0.08583499078144913
43,3572,0.0777537654505638
43,3573,0.06719509093356972
43,3574,0.06585933216741385
43,3575,0.06975093351033343
43,3576,0.0783794138914151
43,3577,0.07775486309283833
43,3578,0.07270739049127199
43,3579,0.07265031996388611
43,3580,0.07412402904097078
43,3581,0.0808779395509667
43,3582,0.08768227703513974
43,3583,0.08498086536590187
43,3584,0.07824988877168206
43,3585,0.07037647732962862
43,3586,0.062420588056824086
43,3587,0.0642232910735566
43,3588,0.07414214700226861
43,3589,0.07960083799967295
43,3590,0.08151895302555787
43,3591,0.08278524974487675
43,3592,0.09152085318989285
43,3593,0.10844976646680625
43,3594,0.1073068724994251
43,3595,0.0955325364015632
43,3596,0.08144792871058942
43,3597,0.07463853021588844
43,3598,0.07515689245756357
43,3599,0.08083161322353744
43,3600,0.086403485237126
43,3601,0.08178692259742541
43,3602,0.07782631426605169
43,3603,0.07941788824914442
43,3604,0.08497655891526608
43,3605,0.09628761258076131
43,3606,0.09874706581512249
43,3607,0.09066349770384471
43,3608,0.08118680630448784
43,3609,0.07639724424558726
43,3610,0.06790310075211704
43,3611,0.07348357162246613
43,3612,0.08455550686774993
43,3613,0.08576042112758811
43,3614,0.08259569519796779
43,3615,0.08311236807089586
43,3616,0.09333171583137002
43,3617,0.10822122104909618
43,3618,0.11306239836108804
43,3619,0.11165048064971499
43,3620,0.100486981514902
43,3621,0.0866862852516832
43,3622,0.08122447582820602
43,3623,0.08858204451949554
43,3624,0.09718533962125737
43,3625,0.0965452143266746
43,3626,0.09401123031603298
43,3627,0.0947177559918598
43,3628,0.10151212466892554
43,3629,0.11914193017592646
43,3630,0.12541347152998544
43,3631,0.11128347443822273
43,3632,0.09874798648002574
43,3633,0.09002947320521366
43,3634,0.0843604702617885
43,3635,0.07930889690804334
43,3636,0.08033539006595113
43,3637,0.08593003763771351
43,3638,0.08639896628494438
43,3639,0.09269203353262323
43,3640,0.10355356902377715
43,3641,0.11812585680230482
43,3642,0.12341506323032292
43,3643,0.11497817942671107
43,3644,0.0958974397575571
43,3645,0.08536472048763277
43,3646,0.0858638209141492
43,3647,0.10150269486460763
43,3648,0.10905064994074978
43,3649,0.10863071189089119
43,3650,0.10583178221647414
43,3651,0.10763933375667138
43,3652,0.11915032382672755
43,3653,0.13951643995141175
43,3654,0.14337335668403797
43,3655,0.13377872852303005
43,3656,0.11671909286947618
43,3657,0.10008274080580305
43,3658,0.08914004882530505
43,3659,0.0850259888852355
43,3660,0.08977908163448803
43,3661,0.09545211230376408
43,3662,0.09919401130527689
43,3663,0.11266937110762042
43,3664,0.11946062511350519
43,3665,0.13285713572027047
43,3666,0.1386712015885999
43,3667,0.12630112541595434
43,3668,0.10916459066768627
43,3669,0.09430627894012425
43,3670,0.09604645255980084
43,3671,0.102111069762013
43,3672,0.11138658169220075
43,3673,0.11222193125953826
43,3674,0.11141516468457713
43,3675,0.11676633720883584
43,3676,0.13148336783316036
43,3677,0.15863750096039808
43,3678,0.16211555917036616
43,3679,0.14703028128523712
43,3680,0.13194257459473827
43,3681,0.1134600859654712
43,3682,0.09808464724085596
43,3683,0.09464355385748927
43,3684,0.10002918136059173
43,3685,0.10446003488785956
43,3686,0.11110257106559705
43,3687,0.1216998225461937
43,3688,0.13258905974555876
43,3689,0.14539979898121724
43,3690,0.14257943373729684
43,3691,0.1268276518617528
43,3692,0.11114995080252227
43,3693,0.1010998647790502
43,3694,0.10661738807408697
43,3695,0.1264096754815583
43,3696,0.13907445933893792
43,3697,0.13526357203703082
43,3698,0.12998617772590446
43,3699,0.133869470086675
43,3700,0.1488131984060259
43,3701,0.16789286041448792
43,3702,0.17312794541987112
43,3703,0.16115251101634037
43,3704,0.14610655380342336
43,3705,0.13051694904330963
43,3706,0.11461185248545844
43,3707,0.11428499318524374
43,3708,0.12205254507257002
43,3709,0.11967606241070736
43,3710,0.11920982744686867
43,3711,0.12887162838361757
43,3712,0.14625233787189573
43,3713,0.1644663776363068
43,3714,0.15437067362162613
43,3715,0.14637065830920962
43,3716,0.12871269671147592
43,3717,0.11529310400080588
43,3718,0.11692213783776993
43,3719,0.1270602424184698
43,3720,0.13809407978614854
43,3721,0.1258981681583074
43,3722,0.11636902387981639
43,3723,0.127160600218813
43,3724,0.1420922450471856
43,3725,0.16712460705697615
43,3726,0.17431853891431293
43,3727,0.16107786608584662
43,3728,0.15254922733214124
43,3729,0.13922666183264573
43,3730,0.11752357769587994
43,3731,0.11422773292823099
43,3732,0.11829602809422264
43,3733,0.11217515694221862
43,3734,0.10269824426651114
43,3735,0.1072765170450529
43,3736,0.12456797376831419
43,3737,0.14890160197889032
43,3738,0.1685160771972428
43,3739,0.1755858658175922
43,3740,0.16082042714650324
43,3741,0.14359025870108813
43,3742,0.13924657255678188
43,3743,0.1381111214140709
43,3744,0.13980623601157852
43,3745,0.12242459344450939
43,3746,0.11127974527667348
43,3747,0.12281651286230846
43,3748,0.13622317834108094
43,3749,0.162557658988806
43,3750,0.16788832328531567
43,3751,0.15524829086751785
43,3752,0.13903889295435867
43,3753,0.12302649581302315
43,3754,0.11202433418990967
43,3755,0.1074228171385626
43,3756,0.1088020775306189
43,3757,0.10440878997891954
43,3758,0.10415792188662894
43,3759,0.12016786037839809
43,3760,0.14121259407691852
43,3761,0.17604765140018916
43,3762,0.17055995320021874
43,3763,0.1567142064252917
43,3764,0.13275830940858993
43,3765,0.11740563266516328
43,3766,0.11189203981109877
43,3767,0.12216733341352702
43,3768,0.11905149043419058
43,3769,0.10994525700702897
43,3770,0.10776265935573368
43,3771,0.12024425517540342
43,3772,0.13968790431346534
43,3773,0.16376625502492365
43,3774,0.16695435139295473
43,3775,0.15203883646988361
43,3776,0.1324434644532303
43,3777,0.12194203287056861
43,3778,0.12145833297476956
43,3779,0.12908187856303244
43,3780,0.12308718868633126
43,3781,0.10204921341854385
43,3782,0.09548348860767986
43,3783,0.102736064056836
43,3784,0.1141414704420957
43,3785,0.14441667092700372
43,3786,0.15374847177201223
43,3787,0.15303394727520994
43,3788,0.13697753422502068
43,3789,0.11352986198008469
43,3790,0.10401490621883194
43,3791,0.10766497367766321
43,3792,0.10940342674888434
43,3793,0.10454950455272369
43,3794,0.10004649014483785
43,3795,0.10673020961746209
43,3796,0.1175364303613065
43,3797,0.13949474344167848
43,3798,0.1453979357861935
43,3799,0.1350303108700447
43,3800,0.11901693647404883
43,3801,0.11252653785209786
43,3802,0.11964488703456136
43,3803,0.1392478986960641
43,3804,0.1615502889831893
43,3805,0.1661748059395212
43,3806,0.16082022290137082
43,3807,0.1610323962600776
43,3808,0.17409620334888523
43,3809,0.2031073089654027
43,3810,0.21608840582939362
43,3811,0.2011433886049792
43,3812,0.16391405882217291
43,3813,0.13400581390435648
43,3814,0.12485084134253413
43,3815,0.12774778068601897
43,3816,0.13064551882336334
43,3817,0.12209112239020092
43,3818,0.11081214587963199
43,3819,0.10585771861690964
43,3820,0.1155348472761505
43,3821,0.12534455110102874
43,3822,0.13035737157833635
43,3823,0.12259627382944303
43,3824,0.10916920115986184
43,3825,0.0923927316780772
43,3826,0.08112674656707486
43,3827,0.07788217531819212
43,3828,0.08458399474143878
43,3829,0.08668154628503916
43,3830,0.0859301710605885
43,3831,0.08967915623253722
43,3832,0.1032992466474737
43,3833,0.1284920913105828
43,3834,0.13447615092981996
43,3835,0.12451855334567423
43,3836,0.10461551625598808
43,3837,0.08833871621696372
43,3838,0.09043102499190878
43,3839,0.09551892196707186
43,3840,0.09596107188750815
43,3841,0.09071720579178397
43,3842,0.0887748069093773
43,3843,0.0927263452165978
43,3844,0.10512434388964205
43,3845,0.1262860492215715
43,3846,0.13375377458996643
43,3847,0.12409026178793667
43,3848,0.10208223517464105
43,3849,0.09132113426558912
43,3850,0.08646533060167372
43,3851,0.08001303108433139
43,3852,0.08756252127417269
43,3853,0.08960011329657101
43,3854,0.08924735026956088
43,3855,0.09704035752636736
43,3856,0.10740265724861155
43,3857,0.12790894863217359
43,3858,0.1367010673754803
43,3859,0.12620865676915535
43,3860,0.10547035050526501
43,3861,0.08738030173407996
43,3862,0.0866505542894357
43,3863,0.0928377781768717
43,3864,0.09287859332848564
43,3865,0.08717642272842399
43,3866,0.08395915628128421
43,3867,0.08798684261809718
43,3868,0.09937736163311935
43,3869,0.1200906019346609
43,3870,0.13319068067456916
43,3871,0.12568134403100883
43,3872,0.1068957482683738
43,3873,0.0943472058492177
43,3874,0.08281119987675015
43,3875,0.08032197651659993
43,3876,0.08572436018724297
43,3877,0.08990692816926706
43,3878,0.09846991795765991
43,3879,0.10854406792776027
43,3880,0.11861635997867974
43,3881,0.13318431461929284
43,3882,0.13222901208426915
43,3883,0.12533764359418142
43,3884,0.1103561785872726
43,3885,0.09379511574003753
43,3886,0.08782424803937862
43,3887,0.08992766506871185
43,3888,0.09418716530818497
43,3889,0.08837787153947937
43,3890,0.08506290702502964
43,3891,0.08837873464245741
43,3892,0.10555508878382583
43,3893,0.12129366464589851
43,3894,0.13272105246661334
43,3895,0.13059444893300842
43,3896,0.10822762027720541
43,3897,0.09946392038053097
43,3898,0.09827564463539969
43,3899,0.09842425207525593
43,3900,0.0979687129454274
43,3901,0.09141599435697936
43,3902,0.0915023536740725
43,3903,0.10116314724055633
43,3904,0.11229449513581223
43,3905,0.13041323591107318
43,3906,0.14123986283797665
43,3907,0.13214025999166443
43,3908,0.11473052063832655
43,3909,0.09607348267221377
43,3910,0.08794012838677429
43,3911,0.09556381903785267
43,3912,0.09925950826990391
43,3913,0.09338675820027843
43,3914,0.09185592396796652
43,3915,0.0963803829793645
43,3916,0.10750335012252549
43,3917,0.1233992208640101
43,3918,0.13223438172598065
43,3919,0.12551688355899035
43,3920,0.10352651474648095
43,3921,0.09231984520421563
43,3922,0.09092027955986705
43,3923,0.09929458964331943
43,3924,0.10838217511440286
43,3925,0.10558323044143177
43,3926,0.11369246979209682
43,3927,0.12107594055019624
43,3928,0.12605624374361968
43,3929,0.13216923649827794
43,3930,0.13883358646369007
43,3931,0.13225812301750084
43,3932,0.11373752720012333
43,3933,0.09757301275634235
43,3934,0.08953006480436831
43,3935,0.09567237104037694
43,3936,0.10010807976314931
43,3937,0.09879892972396932
43,3938,0.09976419994231839
43,3939,0.10763015513506241
43,3940,0.11163057866984308
43,3941,0.1280634596471168
43,3942,0.13721208626115847
43,3943,0.12937363572184293
43,3944,0.10930627018403724
43,3945,0.08719979975126455
43,3946,0.07377558828325101
43,3947,0.07611374963575612
43,3948,0.09583832848490802
43,3949,0.10383583918408143
43,3950,0.10281491943377802
43,3951,0.10374973657114978
43,3952,0.12058130993495378
43,3953,0.1336200633700926
43,3954,0.1235155505653311
43,3955,0.11028161676851796
43,3956,0.09777622124573729
43,3957,0.09224394190816303
43,3958,0.09138527527618368
43,3959,0.10307148685060262
43,3960,0.11038218469082473
43,3961,0.10589889294950232
43,3962,0.10634838106823749
43,3963,0.11093214560610279
43,3964,0.11728645278660119
43,3965,0.12506351745271047
43,3966,0.12670851601423974
43,3967,0.11632218951338565
43,3968,0.1040172099312049
43,3969,0.09535107535443581
43,3970,0.09082279441198053
43,3971,0.102801547443448
43,3972,0.12076144398038977
43,3973,0.11859403214813954
43,3974,0.12289485665209152
43,3975,0.13179191087371475
43,3976,0.15071137153620895
43,3977,0.16375687476085724
43,3978,0.15993422832426715
43,3979,0.13972440169766234
43,3980,0.11346775307174607
43,3981,0.10103936782563817
43,3982,0.1025129171569787
43,3983,0.12430563029714421
43,3984,0.1399061409143757
43,3985,0.13608438308607426
43,3986,0.13486266513351663
43,3987,0.13321374308048975
43,3988,0.1445743281009024
43,3989,0.15808498200661664
43,3990,0.16409950156336803
43,3991,0.15055555625765996
43,3992,0.12676920968628602
43,3993,0.11398886183790984
43,3994,0.10397785001894902
43,3995,0.11243564736735619
43,3996,0.13085249162984727
43,3997,0.12567185095006675
43,3998,0.11731263617666765
43,3999,0.11140435513339242
43,4000,0.11591173870021468
43,4001,0.12886906678495494
43,4002,0.13936287725017757
43,4003,0.14220464218649373
43,4004,0.13406059948205343
43,4005,0.12869416273784326
43,4006,0.13293494190373048
43,4007,0.14361578904951397
43,4008,0.1487315660274672
43,4009,0.13567841297043434
43,4010,0.12981574033198442
43,4011,0.13734258151903214
43,4012,0.1531740409110281
43,4013,0.166389037135716
43,4014,0.16547923567906234
43,4015,0.15416078175304143
43,4016,0.13033894643288943
43,4017,0.11771410435659012
43,4018,0.10661270917599179
43,4019,0.11124700028373988
43,4020,0.12010748791100331
43,4021,0.11685795656993873
43,4022,0.11235520335871257
43,4023,0.11809618040350088
43,4024,0.13641859166289516
43,4025,0.1539980558050052
43,4026,0.16828642909473596
43,4027,0.16973980407239353
43,4028,0.15986806222121397
43,4029,0.14812815577981453
43,4030,0.14650919535830695
43,4031,0.15363952922687507
43,4032,0.16134499561507534
43,4033,0.15588668785996457
43,4034,0.14682540807727654
43,4035,0.15273891972177098
43,4036,0.1672777885283152
43,4037,0.1873851331348929
43,4038,0.18495068517604177
43,4039,0.16537908683498212
43,4040,0.14989626491009694
43,4041,0.13838216049056562
43,4042,0.11985563133702744
43,4043,0.11940796301949932
43,4044,0.12249598395126941
43,4045,0.11595008756154013
43,4046,0.1169588686660396
43,4047,0.1370185561215149
43,4048,0.16686919562661845
43,4049,0.19021439978832871
43,4050,0.20812195419970833
43,4051,0.20393458965712727
43,4052,0.18260216425510936
43,4053,0.1646938839545471
43,4054,0.16147295164626746
43,4055,0.17174984732756646
43,4056,0.17559813299949964
43,4057,0.16904155872751447
43,4058,0.16904593037326793
43,4059,0.1867503650444319
43,4060,0.20267466476096654
43,4061,0.21808968192847392
43,4062,0.2115818120963301
43,4063,0.19638704833049264
43,4064,0.1731741203360348
43,4065,0.1602546791865367
43,4066,0.13989959513320774
43,4067,0.12752793055456832
43,4068,0.12771451577241083
43,4069,0.12057167609318767
43,4070,0.1273288729749811
43,4071,0.15798578489689735
43,4072,0.1902498523534903
43,4073,0.21268423539734682
43,4074,0.2162074866761035
43,4075,0.19954325039870563
43,4076,0.16968568720750152
43,4077,0.1514314010914443
43,4078,0.14190155676357907
43,4079,0.1596267593199389
43,4080,0.16264031762772846
43,4081,0.15522410862048494
43,4082,0.152608615962075
43,4083,0.18240024389732476
43,4084,0.20433162433532123
43,4085,0.21803419305498678
43,4086,0.20883022581840874
43,4087,0.18284180118115756
43,4088,0.16340027054503078
43,4089,0.16199662831125175
43,4090,0.15512099977452348
43,4091,0.14511226895670606
43,4092,0.15330112196798817
43,4093,0.13847505719525874
43,4094,0.14653489052322188
43,4095,0.17529338125755575
43,4096,0.205277191800544
43,4097,0.23807113081550765
43,4098,0.2392793316176499
43,4099,0.21342666307461458
43,4100,0.1891558961606074
43,4101,0.1592346364675902
43,4102,0.14770727428531488
43,4103,0.15443898356672317
43,4104,0.1447285876311353
43,4105,0.1305574858472856
43,4106,0.13311775729326766
43,4107,0.15575776296081423
43,4108,0.1851368993255509
43,4109,0.20019515239213
43,4110,0.19652469618516202
43,4111,0.17392407793501083
43,4112,0.1493540922834611
43,4113,0.1453394824293183
43,4114,0.13425094089402137
43,4115,0.13453190651900052
43,4116,0.1367027932660799
43,4117,0.12698503605461436
43,4118,0.1385674390542146
43,4119,0.15757583121126714
43,4120,0.1754802358438899
43,4121,0.19672866730655106
43,4122,0.19706016902638193
43,4123,0.17885376105714468
43,4124,0.1577079819115862
43,4125,0.13190964399396957
43,4126,0.12169784804697903
43,4127,0.12587086759011265
43,4128,0.11957787561332842
43,4129,0.11229014767731868
43,4130,0.11738463902367485
43,4131,0.1297763324054033
43,4132,0.14943143136555012
43,4133,0.1665367909211851
43,4134,0.16438747360214234
43,4135,0.14266751153155113
43,4136,0.1253385577723661
43,4137,0.11616797037502534
43,4138,0.10963384478323936
43,4139,0.11088042944387727
43,4140,0.11859250322267084
43,4141,0.11439859523909965
43,4142,0.1143392125414269
43,4143,0.12109142916109977
43,4144,0.1269342549392496
43,4145,0.13781894046114376
43,4146,0.14786374690818968
43,4147,0.14603148755540138
43,4148,0.13080833652574597
43,4149,0.1153303499836229
43,4150,0.10615902803175038
43,4151,0.10398542425838844
43,4152,0.10628077589647288
43,4153,0.10612858639255689
43,4154,0.10465067491823606
43,4155,0.1072581966445207
43,4156,0.11910354098811382
43,4157,0.1384404019954674
43,4158,0.1421060050275907
43,4159,0.13318163912325198
43,4160,0.11852828640877246
43,4161,0.107062429732162
43,4162,0.09136926375805977
43,4163,0.09163627550512886
43,4164,0.10916941037564146
43,4165,0.11708018330278845
43,4166,0.12242681572713376
43,4167,0.13245607544936763
43,4168,0.1426120333669578
43,4169,0.1454395232316426
43,4170,0.13620903137689355
43,4171,0.131161072957917
43,4172,0.11405172765678302
43,4173,0.10064598761241557
43,4174,0.10093914152600901
43,4175,0.11662412068716538
43,4176,0.12388456828925655
43,4177,0.11816959269785449
43,4178,0.10957675927620684
43,4179,0.11740933677937591
43,4180,0.12558179049438328
43,4181,0.14577851858898544
43,4182,0.15001637366122283
43,4183,0.13931047071674976
43,4184,0.13140347932066823
43,4185,0.12789218403412322
43,4186,0.11456737880933701
43,4187,0.1150254745981685
43,4188,0.10771067744807686
43,4189,0.10976672512127202
43,4190,0.11929850533707809
43,4191,0.1252703089596428
43,4192,0.13761595911692068
43,4193,0.14699553967201867
43,4194,0.154508677862404
43,4195,0.15572275283153608
43,4196,0.1470750134271709
43,4197,0.1310502805153221
43,4198,0.12312786677381674
43,4199,0.12649144229908427
43,4200,0.12429482310679796
43,4201,0.12283623468435756
43,4202,0.12154882637106444
43,4203,0.12569990095442743
43,4204,0.13792091401918982
43,4205,0.15386553197451874
43,4206,0.15567970608380974
43,4207,0.14491628845444884
43,4208,0.13612674402499586
43,4209,0.1221063342740751
43,4210,0.10987764518524286
43,4211,0.10540275902680082
43,4212,0.1109964266235581
43,4213,0.11430772235568092
43,4214,0.12209772526253672
43,4215,0.13548040967745292
43,4216,0.1532740788802826
43,4217,0.16377964148359836
43,4218,0.16110307152109396
43,4219,0.15282192776136158
43,4220,0.13533490356699898
43,4221,0.11927552775517582
43,4222,0.12055001448953506
43,4223,0.13348009075596148
43,4224,0.13880050058926527
43,4225,0.13388959142399887
43,4226,0.12348367098719318
43,4227,0.12700914025053692
43,4228,0.14091542402876048
43,4229,0.15803531580838712
43,4230,0.15838643688423218
43,4231,0.14703789742118634
43,4232,0.13687712232369226
43,4233,0.12891088893848415
43,4234,0.11206674594697533
43,4235,0.11228713956948376
43,4236,0.11869515541002511
43,4237,0.11245223929348412
43,4238,0.11783322974695189
43,4239,0.1380251436869804
43,4240,0.16663417275016215
43,4241,0.18036211619142467
43,4242,0.1771463494718192
43,4243,0.16441412444688408
43,4244,0.14288169366484085
43,4245,0.1256606542498635
43,4246,0.12314367163819001
43,4247,0.1357228012582812
43,4248,0.1420482505902756
43,4249,0.14068620617992253
43,4250,0.13866097890820525
43,4251,0.15090011160376982
43,4252,0.16880164209110685
43,4253,0.18993351912675663
43,4254,0.19057489650577503
43,4255,0.1704185573603109
43,4256,0.15651925827814003
43,4257,0.14372371539994155
43,4258,0.11915740669777104
43,4259,0.11663071442056366
43,4260,0.12664936713679792
43,4261,0.1283653764772085
43,4262,0.13705158206659984
43,4263,0.15573472102534303
43,4264,0.18187181896149013
43,4265,0.18217654948207285
43,4266,0.1769882563977088
43,4267,0.16752246545271246
43,4268,0.15106590451084811
43,4269,0.12763342074125059
43,4270,0.11400623783963043
43,4271,0.12818546445704576
43,4272,0.14162321021900526
43,4273,0.1467671758019691
43,4274,0.14885563397926427
43,4275,0.16163947958988029
43,4276,0.1794465057706978
43,4277,0.20397453025954307
43,4278,0.20459689883110974
43,4279,0.18380056450059076
43,4280,0.16427802120072055
43,4281,0.1482126225662881
43,4282,0.12270679453571974
43,4283,0.11908015759155308
43,4284,0.12411744647122142
43,4285,0.12684246261800078
43,4286,0.13310306152981738
43,4287,0.15616259915577627
43,4288,0.17418608884280717
43,4289,0.18988156063596429
43,4290,0.19746565036906513
43,4291,0.18390491878143117
43,4292,0.15953835590906945
43,4293,0.13286794251541145
43,4294,0.12180386820144835
43,4295,0.12937121071177377
43,4296,0.13526441614841078
43,4297,0.14289009294675192
43,4298,0.1450461132390307
43,4299,0.15703190567672604
43,4300,0.1826945052044004
43,4301,0.19793416300952557
43,4302,0.19467794980931735
43,4303,0.17666231974923963
43,4304,0.16099741101453413
43,4305,0.1526245479993599
43,4306,0.14332004969949888
43,4307,0.1453149246814406
43,4308,0.13642078517724648
43,4309,0.1285560543200111
43,4310,0.13800179197241164
43,4311,0.16256547997107484
43,4312,0.20057315758163233
43,4313,0.21443261011462564
43,4314,0.2160832221997157
43,4315,0.20830142147396413
43,4316,0.20382138274067454
43,4317,0.1941809477785106
43,4318,0.18358749722643083
43,4319,0.17796880525326875
43,4320,0.1566304710410032
43,4321,0.14300329699824377
43,4322,0.14216748602339732
43,4323,0.15652182035516998
43,4324,0.16913267333595383
43,4325,0.18225973065439227
43,4326,0.17753228647816352
43,4327,0.15715005033371776
43,4328,0.14647593479266355
43,4329,0.13324264812007933
43,4330,0.12456708299189657
43,4331,0.12170763684307113
43,4332,0.11506569971443081
43,4333,0.1117902947160182
43,4334,0.125636307816709
43,4335,0.1461786579615265
43,4336,0.1614622835114467
43,4337,0.1659698056793921
43,4338,0.16073975331187432
43,4339,0.1587324174240084
43,4340,0.14651642099418136
43,4341,0.1276361300596767
43,4342,0.11330564614979481
43,4343,0.11924769861536072
43,4344,0.1222871073550979
43,4345,0.11950879305826181
43,4346,0.11626983618430624
43,4347,0.12655516149356885
43,4348,0.1444345647524836
43,4349,0.15141324037747558
43,4350,0.14832522943674617
43,4351,0.1445902721978872
43,4352,0.14038762543226704
43,4353,0.13244209702974824
43,4354,0.13007173389743476
43,4355,0.12990163740154606
43,4356,0.13510469782095255
43,4357,0.1265582296744122
43,4358,0.12532003530873814
43,4359,0.13858744290188021
43,4360,0.14487521306988124
43,4361,0.14710810776992356
43,4362,0.15710093579741102
43,4363,0.1560485866004413
43,4364,0.14767687871201077
43,4365,0.12634410359666132
43,4366,0.11621379930090012
43,4367,0.11652714806110821
43,4368,0.11577771415047239
43,4369,0.1146829192163271
43,4370,0.11398411232837076
43,4371,0.11640630186211989
43,4372,0.12791088374182408
43,4373,0.13518681276710695
43,4374,0.1400798843339715
43,4375,0.13137580351065384
43,4376,0.1276361933010222
43,4377,0.11470313645965248
43,4378,0.10688148711462324
43,4379,0.10274649003756603
43,4380,0.10878102909235901
43,4381,0.10610206056996972
43,4382,0.11203412469761764
43,4383,0.12492129286537057
43,4384,0.14236540925523747
43,4385,0.16081685629098932
43,4386,0.15717607837471476
43,4387,0.14726744297132033
43,4388,0.1369293417135538
43,4389,0.12226947137255177
43,4390,0.11029184179032916
43,4391,0.11088578572858247
43,4392,0.1084046101575469
43,4393,0.11160902434730297
43,4394,0.10719722446509589
43,4395,0.10864149513060532
43,4396,0.12841970929154287
43,4397,0.14047940400212813
43,4398,0.14433718353434832
43,4399,0.13641879530782855
43,4400,0.12517554242977366
43,4401,0.11203773728360314
43,4402,0.0976184065307387
43,4403,0.10142419914841296
43,4404,0.10391562228998023
43,4405,0.10376719812152983
43,4406,0.10398658706474283
43,4407,0.11263171595747604
43,4408,0.13755311207846457
43,4409,0.15610117273412805
43,4410,0.16281988855098617
43,4411,0.16083246926783368
43,4412,0.1428059461563847
43,4413,0.12611313034208244
43,4414,0.12041158336508695
43,4415,0.12362183427688084
43,4416,0.12276387060423875
43,4417,0.11517270359344615
43,4418,0.10761670898787659
43,4419,0.11361043274251054
43,4420,0.12473011186348616
43,4421,0.13506237054916964
43,4422,0.1427023457587537
43,4423,0.13828187357904967
43,4424,0.13390117706177937
43,4425,0.12027022760245354
43,4426,0.11755023535603099
43,4427,0.11029679496513155
43,4428,0.10588935478078303
43,4429,0.09434711672416722
43,4430,0.08994446980349165
43,4431,0.1010839501787191
43,4432,0.11851883977005885
43,4433,0.1373722661961648
43,4434,0.1512207710130136
43,4435,0.15475056894227127
43,4436,0.15123585194051034
43,4437,0.13789617550826017
43,4438,0.12948368066486904
43,4439,0.1274681783541971
43,4440,0.12281189552575893
43,4441,0.11736912573876698
43,4442,0.11078844553563914
43,4443,0.1174860017732368
43,4444,0.12430051173730443
43,4445,0.13414665303843357
43,4446,0.1394441135463185
43,4447,0.1359403078693541
43,4448,0.13616224800078397
43,4449,0.12341494802533819
43,4450,0.10993864314567747
43,4451,0.11009672059020593
43,4452,0.12126588742111227
43,4453,0.122811720998033
43,4454,0.12595721344906144
43,4455,0.13486432815183794
43,4456,0.14051106402183614
43,4457,0.14705730871973088
43,4458,0.15261855185600062
43,4459,0.15159278511057456
43,4460,0.14626657431852383
43,4461,0.12345811745249445
43,4462,0.11873297395086364
43,4463,0.1237880285823564
43,4464,0.126441103715475
43,4465,0.11988192257411735
43,4466,0.11238206766483576
43,4467,0.1152135881763593
43,4468,0.13004981438991525
43,4469,0.14049269703298492
43,4470,0.1420276741826995
43,4471,0.14055923317791047
43,4472,0.14080917657752018
43,4473,0.1297837113082381
43,4474,0.11656194879681468
43,4475,0.10506144654117454
43,4476,0.1033677333037689
43,4477,0.09927424832568735
43,4478,0.10566043054342394
43,4479,0.12048501593555523
43,4480,0.13683393991197138
43,4481,0.14698176345312816
43,4482,0.15495949898068115
43,4483,0.150229442149628
43,4484,0.13388327998387067
43,4485,0.1180997480876404
43,4486,0.11513258815658711
43,4487,0.12152969839418098
43,4488,0.1271350562027726
43,4489,0.12149620955368343
43,4490,0.11473763516284484
43,4491,0.12643192991220048
43,4492,0.13452002313953032
43,4493,0.14641581051958807
43,4494,0.15100880661361582
43,4495,0.14590550908291916
43,4496,0.13950157574055563
43,4497,0.12674042699849933
43,4498,0.11141071998214576
43,4499,0.10966188469640155
43,4500,0.10631322577105937
43,4501,0.10382009974870321
43,4502,0.11453323948490876
43,4503,0.1308171870883464
43,4504,0.14499470919116955
43,4505,0.15549621558555746
43,4506,0.16102130225900302
43,4507,0.15274789167085126
43,4508,0.14153429865638129
43,4509,0.12054098405248621
43,4510,0.1107153716995962
43,4511,0.11629349974890985
43,4512,0.11511604181632686
43,4513,0.10737108916045278
43,4514,0.10330433337578583
43,4515,0.1066732398090476
43,4516,0.11759172198166189
43,4517,0.1290504534490289
43,4518,0.13323239427989833
43,4519,0.12751435164375052
43,4520,0.12510697139896035
43,4521,0.11755198459345081
43,4522,0.1040164416275716
43,4523,0.09427112230678639
43,4524,0.09892639815053277
43,4525,0.10100505409133702
43,4526,0.11410729348646045
43,4527,0.12729390585045494
43,4528,0.14548506518947288
43,4529,0.15645298446197475
43,4530,0.15211169697961413
43,4531,0.1463579002568703
43,4532,0.13463058444712958
43,4533,0.11983954014135434
43,4534,0.112632968153689
43,4535,0.11264024889762352
43,4536,0.12089341648228907
43,4537,0.11596623178630161
43,4538,0.11133156327978816
43,4539,0.11684124768956575
43,4540,0.13176398782023088
43,4541,0.1434442081494327
43,4542,0.13968091257515547
43,4543,0.13399242022087543
43,4544,0.13098784331059934
43,4545,0.1211633845472428
43,4546,0.10938636808223139
43,4547,0.10880258356587129
43,4548,0.10385343952162786
43,4549,0.11013859126437246
43,4550,0.12421650467056254
43,4551,0.1362520734377392
43,4552,0.15243793553502902
43,4553,0.1553626844277235
43,4554,0.1616218796475799
43,4555,0.1537286460762981
43,4556,0.14322411305264432
43,4557,0.11703690215543786
43,4558,0.10876079584502892
43,4559,0.1130429665128118
43,4560,0.11286299035795554
43,4561,0.11121694725689352
43,4562,0.10380639372140643
43,4563,0.10484755438454295
43,4564,0.1203267551329535
43,4565,0.129313288920475
43,4566,0.13068619150649746
43,4567,0.13243286078448444
43,4568,0.12531400676304466
43,4569,0.11351995244617977
43,4570,0.10452870106100043
43,4571,0.1036721688707951
43,4572,0.10149387608542133
43,4573,0.10127238097528304
43,4574,0.10567653520555016
43,4575,0.11590381919835119
43,4576,0.14249507253743474
43,4577,0.15328371047165187
43,4578,0.15642214889025655
43,4579,0.14372188830875815
43,4580,0.12595883934567204
43,4581,0.10832104974621852
43,4582,0.10299780797725684
43,4583,0.10845675811814971
43,4584,0.10983413267823708
43,4585,0.10996342399205779
43,4586,0.10292741552424169
43,4587,0.10932276321641804
43,4588,0.12927708579253114
43,4589,0.13644215789124534
43,4590,0.13939101847747415
43,4591,0.1401560556550575
43,4592,0.1289967813276154
43,4593,0.11368910630708813
43,4594,0.10368716750682415
43,4595,0.10151680593996644
43,4596,0.11205027913933663
43,4597,0.1132055830213372
43,4598,0.11331764923272925
43,4599,0.12396204213405172
43,4600,0.14726694443218147
43,4601,0.14950697930667456
43,4602,0.1589919508418577
43,4603,0.1508444279291858
43,4604,0.13702878419651154
43,4605,0.1143435815963447
43,4606,0.11204438334741025
43,4607,0.12785508569408174
43,4608,0.13583084475271082
43,4609,0.13133995229037979
43,4610,0.12273673309106478
43,4611,0.1311585621549744
43,4612,0.1453325403848527
43,4613,0.15458136760061805
43,4614,0.1557619225279243
43,4615,0.1556693475830719
43,4616,0.14260526235177662
43,4617,0.12330012388526829
43,4618,0.10617714078203015
43,4619,0.10389924277889763
43,4620,0.11162424019324413
43,4621,0.10836432317575194
43,4622,0.10192123075419324
43,4623,0.11168235224571019
43,4624,0.1345823297003783
43,4625,0.15660535382523227
43,4626,0.16285998446359595
43,4627,0.15665986927096068
43,4628,0.13766251116600103
43,4629,0.1183587999729919
43,4630,0.1219864521291591
43,4631,0.12958812882186954
43,4632,0.12949360234429994
43,4633,0.11575650031824604
43,4634,0.10904164967757232
43,4635,0.12150015886616446
43,4636,0.1418666718749028
43,4637,0.15227803268735834
43,4638,0.157314945814603
43,4639,0.14923341018302486
43,4640,0.13741141240269053
43,4641,0.1335486720301565
43,4642,0.12616744228360377
43,4643,0.1128727409612256
43,4644,0.10229123755856483
43,4645,0.08832441914766165
43,4646,0.09015508858136846
43,4647,0.10408003288384458
43,4648,0.12864215644291313
43,4649,0.1487862181680257
43,4650,0.16203769928313524
43,4651,0.15816763117098456
43,4652,0.14231821431814123
43,4653,0.11578144359862595
43,4654,0.1077074217696921
43,4655,0.11518323505718105
43,4656,0.11237382721486326
43,4657,0.10731301869788085
43,4658,0.10369127653586391
43,4659,0.10475546600100526
43,4660,0.12626607359597636
43,4661,0.1349099907029617
43,4662,0.1484060424928186
43,4663,0.14426926685616445
43,4664,0.13098931780672443
43,4665,0.12213651627489572
43,4666,0.11785241198637442
43,4667,0.12396374359250785
43,4668,0.13403989740953126
43,4669,0.11074493343528774
43,4670,0.11356518237513386
43,4671,0.11568069116142377
43,4672,0.12756210168847115
43,4673,0.14760762651679785
43,4674,0.14901760927749824
43,4675,0.14046107730197593
43,4676,0.13131609712321582
43,4677,0.10963617781338274
43,4678,0.09853985851868868
43,4679,0.10060435326538539
43,4680,0.10395408268268272
43,4681,0.09875608377535183
43,4682,0.10063862022777832
43,4683,0.10463123899830967
43,4684,0.11644390421499753
43,4685,0.12525117290740007
43,4686,0.12785665019138898
43,4687,0.1214275088454276
43,4688,0.1100792508638319
43,4689,0.10123040935688904
43,4690,0.09226054986635099
43,4691,0.09453779647004576
43,4692,0.09548393323300687
43,4693,0.09116232481282938
43,4694,0.09720168916212568
43,4695,0.1013067504574956
43,4696,0.11034943203408962
43,4697,0.11597160320616248
43,4698,0.12742340989894196
43,4699,0.13552381372670508
43,4700,0.12623618568109987
43,4701,0.10611692726665753
43,4702,0.0965239004843374
43,4703,0.10128346512043816
43,4704,0.10239268439533418
43,4705,0.09439485034407834
43,4706,0.0903069377150863
43,4707,0.09350330604251807
43,4708,0.10473422850326859
43,4709,0.11144276442002907
43,4710,0.1123207302807234
43,4711,0.1055578237534556
43,4712,0.10361912354346245
43,4713,0.09247561301743631
43,4714,0.08257590245598961
43,4715,0.08499876547827437
43,4716,0.09300894587820455
43,4717,0.09691452335629551
43,4718,0.10270764706070733
43,4719,0.12192548911317942
43,4720,0.1283783128942998
43,4721,0.11942053559253135
43,4722,0.1150996944668185
43,4723,0.11336767229470208
43,4724,0.11179227863400917
43,4725,0.10156990275136693
43,4726,0.09570477017945116
43,4727,0.10573892926351483
43,4728,0.11591878252193206
43,4729,0.11842161964766514
43,4730,0.1249556717999094
43,4731,0.12453739202364014
43,4732,0.12624002635831202
43,4733,0.11876082829046561
43,4734,0.11072147232088472
43,4735,0.11444573973435909
43,4736,0.11324698932178452
43,4737,0.09912557696348985
43,4738,0.09237473064023843
43,4739,0.09997057767490015
43,4740,0.11317706101304638
43,4741,0.12037863634489336
43,4742,0.128812134615225
43,4743,0.13714020075024516
43,4744,0.1333284682742378
43,4745,0.12350116327104271
43,4746,0.11498393406468735
43,4747,0.1149468579939643
43,4748,0.10839924267149957
43,4749,0.09694827341192916
43,4750,0.0934497502020767
43,4751,0.10652994528860765
43,4752,0.11739412265955411
43,4753,0.11702216582010393
43,4754,0.11557031078579512
43,4755,0.11660323902809175
43,4756,0.11742496675086753
43,4757,0.11152413844397514
43,4758,0.1083385910075455
43,4759,0.11131510932649483
43,4760,0.11526001575919655
43,4761,0.11130759272425537
43,4762,0.09971105116103415
43,4763,0.10281710714361816
43,4764,0.11036031563850265
43,4765,0.10853249594840868
43,4766,0.11040534802214373
43,4767,0.11251698481288096
43,4768,0.1105414316169218
43,4769,0.11057784608976208
43,4770,0.11236867184537627
43,4771,0.11454834935053482
43,4772,0.11225951223503587
43,4773,0.10418398152143972
43,4774,0.09628798155273909
43,4775,0.11061898767796427
43,4776,0.10842393235729773
43,4777,0.10406646861504396
43,4778,0.1004766552594386
43,4779,0.0978527832486072
43,4780,0.10624022620155497
43,4781,0.11116557664687786
43,4782,0.1174179970506309
43,4783,0.11570492706489302
43,4784,0.11598045279323291
43,4785,0.11096507471792653
43,4786,0.09551238433436968
43,4787,0.09729226711972311
43,4788,0.09891102410041824
43,4789,0.09335418389396652
43,4790,0.09866514557593427
43,4791,0.10819543987933125
43,4792,0.14118828040241674
43,4793,0.1653750682978978
43,4794,0.15848907166251977
43,4795,0.14148557998241576
43,4796,0.12145675632428266
43,4797,0.10918831436450453
43,4798,0.10306499737861086
43,4799,0.10865555954436021
43,4800,0.10949685750213209
43,4801,0.10002562463877339
43,4802,0.10059717475446547
43,4803,0.10808984932420339
43,4804,0.1199553994757647
43,4805,0.13281297123171917
43,4806,0.1303429927537516
43,4807,0.12441304790637035
43,4808,0.12242109079257578
43,4809,0.10890951253719722
43,4810,0.10323143457556584
43,4811,0.09823136004569369
43,4812,0.10619921817865005
43,4813,0.09898250469387465
43,4814,0.10016357028619037
43,4815,0.10519092467694932
43,4816,0.11295188134340374
43,4817,0.12796342304920064
43,4818,0.13138930993137185
43,4819,0.1309160034462566
43,4820,0.12456149207824996
43,4821,0.11582627240299168
43,4822,0.10772353035327487
43,4823,0.11139048778073278
43,4824,0.1154712689381552
43,4825,0.10722426559779592
43,4826,0.10318681408154853
43,4827,0.10449205689663418
43,4828,0.11304490005423085
43,4829,0.1248693927631818
43,4830,0.12623384289054881
43,4831,0.12182875958442821
43,4832,0.1176167716350371
43,4833,0.1082011025931869
43,4834,0.08986464131520819
43,4835,0.08666298334293165
43,4836,0.09248369092552648
43,4837,0.09202931275512356
43,4838,0.10369789140626007
43,4839,0.11420490258715726
43,4840,0.13108635087172826
43,4841,0.14451600943975595
43,4842,0.1381509505093222
43,4843,0.1317800654414221
43,4844,0.12335882947006764
43,4845,0.11658788916631596
43,4846,0.11167141899140585
43,4847,0.12256967976216873
43,4848,0.13254949437949323
43,4849,0.1264574082328814
43,4850,0.12135790311541822
43,4851,0.1235666084982101
43,4852,0.13107688888435448
43,4853,0.1398425439274334
43,4854,0.1397298453912886
43,4855,0.12924181466047263
43,4856,0.12447866665602497
43,4857,0.1098236511870702
43,4858,0.09249476077039749
43,4859,0.0948550259897871
43,4860,0.10186275371536122
43,4861,0.09924109720058273
43,4862,0.10109861131441937
43,4863,0.1128879132426883
43,4864,0.13297370961794003
43,4865,0.1540814082690874
43,4866,0.15827713710543026
43,4867,0.15295979884325284
43,4868,0.139649063585292
43,4869,0.12355727753872103
43,4870,0.12317712278229109
43,4871,0.12621498225274316
43,4872,0.1273939125532209
43,4873,0.1186475680303447
43,4874,0.11670477254883083
43,4875,0.12533711735660985
43,4876,0.13706469332602525
43,4877,0.14473568391631006
43,4878,0.13957823819139364
43,4879,0.1273868673095756
43,4880,0.12285470145933997
43,4881,0.11040740676628398
43,4882,0.09288143533265286
43,4883,0.09880450755941457
43,4884,0.10849081990527887
43,4885,0.10546679836324682
43,4886,0.11378756286618984
43,4887,0.12264489426600363
43,4888,0.13693882538200267
43,4889,0.14827879565700294
43,4890,0.13709862193806574
43,4891,0.1315889903993266
43,4892,0.12458042673439472
43,4893,0.11606863222005934
43,4894,0.11479760928060385
43,4895,0.12058663053217222
43,4896,0.12658658190243371
43,4897,0.11857150416557324
43,4898,0.11545767649214035
43,4899,0.12053773198065475
43,4900,0.13726685201741473
43,4901,0.15466579844272924
43,4902,0.14650885922625115
43,4903,0.13876265969077262
43,4904,0.12832365198663767
43,4905,0.11161734676356865
43,4906,0.09808535867827503
43,4907,0.09625475760282463
43,4908,0.10372105452374954
43,4909,0.10179254297080967
43,4910,0.11701160739096728
43,4911,0.13238449185573828
43,4912,0.14323764161977234
43,4913,0.15360186768291542
43,4914,0.14187342798392905
43,4915,0.1309117472138632
43,4916,0.12714470848745102
43,4917,0.11337230614729199
43,4918,0.11197121883537237
43,4919,0.11621250123055313
43,4920,0.12140739184856969
43,4921,0.12385755294306772
43,4922,0.11972909069215634
43,4923,0.12451581588409191
43,4924,0.14138828133514258
43,4925,0.1484487670461913
43,4926,0.14877899794912208
43,4927,0.13765862474497353
43,4928,0.13169832818117264
43,4929,0.12481773257141608
43,4930,0.1142791465977417
43,4931,0.10300796694981464
43,4932,0.09708522752339221
43,4933,0.09930406891650607
43,4934,0.10959417527601653
43,4935,0.12886543444215845
43,4936,0.15004417179902638
43,4937,0.15200818424744453
43,4938,0.15715137754057754
43,4939,0.14476798984547565
43,4940,0.14083017656310728
43,4941,0.12279827990598927
43,4942,0.11372270943688378
43,4943,0.11830435783822693
43,4944,0.11516102352935352
43,4945,0.11825857059294853
43,4946,0.12426306782199477
43,4947,0.13224523483999687
43,4948,0.151336331557541
43,4949,0.15290089810198182
43,4950,0.14923415260509956
43,4951,0.14093503391317322
43,4952,0.12956664188789047
43,4953,0.1163795241461785
43,4954,0.11724585086829732
43,4955,0.12127925278048521
43,4956,0.11262573112788399
43,4957,0.10686192251039232
43,4958,0.11596980407420349
43,4959,0.1301741577025434
43,4960,0.15063536217993015
43,4961,0.16461078951879338
43,4962,0.17006575875976906
43,4963,0.1580566684315567
43,4964,0.1364594130031431
43,4965,0.12202709816076165
43,4966,0.11640225051343601
43,4967,0.11915256604254086
43,4968,0.11491824414339341
43,4969,0.11038234999750922
43,4970,0.11304259893650907
43,4971,0.12365310665009084
43,4972,0.13572299905223423
43,4973,0.1477656029776612
43,4974,0.14023231331363864
43,4975,0.1258764359103699
43,4976,0.12201719973846475
43,4977,0.11733949120292494
43,4978,0.11677414956044019
43,4979,0.12391538452862313
43,4980,0.12116076361328515
43,4981,0.12471549487687497
43,4982,0.13410651129908324
43,4983,0.13772722253188666
43,4984,0.14341705902731405
43,4985,0.14704452789666908
43,4986,0.15049952209997217
43,4987,0.1450193572775723
43,4988,0.13711979530662755
43,4989,0.12206420950510698
43,4990,0.11408193090388971
43,4991,0.11843022211565295
43,4992,0.12041444997512227
43,4993,0.11204832117881951
43,4994,0.10800321075759742
43,4995,0.10669807313139425
43,4996,0.11718399120122358
43,4997,0.12085121067905068
43,4998,0.11769123795754144
43,4999,0.11381059191222986
43,5000,0.10683017784587441
43,5001,0.10066080453776534
43,5002,0.10009129788103593
43,5003,0.11241543458764637
43,5004,0.12099038479522777
43,5005,0.11764802528446859
43,5006,0.12191492479477019
43,5007,0.11455907059922502
43,5008,0.11247120900255587
43,5009,0.11790291759916302
43,5010,0.12312934964960208
43,5011,0.12631755990865906
43,5012,0.11779752510792046
43,5013,0.10278764110194347
43,5014,0.09796534772475103
43,5015,0.1061203417996478
43,5016,0.10820782145075787
43,5017,0.09759766143394755
43,5018,0.08778753143477089
43,5019,0.08392443489713669
43,5020,0.0932545982079373
43,5021,0.10227684418394072
43,5022,0.10270449803226524
43,5023,0.09784642698843178
43,5024,0.08993752405273554
43,5025,0.08635482163702764
43,5026,0.08521844055309093
43,5027,0.09233251008706177
43,5028,0.10245346881875465
43,5029,0.08928029849346523
43,5030,0.09185210895838418
43,5031,0.09006029084156407
43,5032,0.08901754988074144
43,5033,0.09859744794571727
43,5034,0.10494273871728955
43,5035,0.10850651068631975
43,5036,0.1127274623128127
43,5037,0.09597118469600546
43,5038,0.09079966053874197
43,5039,0.09235233282453567
43,5040,0.09336434346274985
43,5041,0.09025578617504311
43,5042,0.08376683910613064
43,5043,0.08587905917221025
43,5044,0.09692070020607836
43,5045,0.10194014775947932
43,5046,0.09892962048496325
43,5047,0.09786887710890985
43,5048,0.08973255980886487
43,5049,0.08704815481091532
43,5050,0.08058935195806445
43,5051,0.09228682375836324
43,5052,0.10164011877924402
43,5053,0.09724329318137676
43,5054,0.09293235577774404
43,5055,0.08375805186124292
43,5056,0.07807606229614156
43,5057,0.08772680279214733
43,5058,0.0928618421879603
43,5059,0.1033373282098364
43,5060,0.09618909191290421
43,5061,0.08577177848884968
43,5062,0.08103927619013986
43,5063,0.08519538567083695
43,5064,0.08640991162020194
43,5065,0.08538024485964395
43,5066,0.07841907948777317
43,5067,0.07377385187741799
43,5068,0.08105289711084412
43,5069,0.09044166689835532
43,5070,0.09397214390760383
43,5071,0.0942138650431671
43,5072,0.09168389371945417
43,5073,0.08697759997616168
43,5074,0.07990904353378707
43,5075,0.08329333550856054
43,5076,0.0911939805821668
43,5077,0.09297351853828949
43,5078,0.1012613737233771
43,5079,0.10732050722392093
43,5080,0.11606593105682039
43,5081,0.12009283274063863
43,5082,0.10215491738209403
43,5083,0.09627642294019541
43,5084,0.09388370591111048
43,5085,0.09077979654793117
43,5086,0.08929064128169055
43,5087,0.09633580105611336
43,5088,0.09983646636791718
43,5089,0.09209134424306774
43,5090,0.08416171770393241
43,5091,0.07988812435292961
43,5092,0.08193909463417337
43,5093,0.09103468624029815
43,5094,0.0910901073373007
43,5095,0.09208187533580231
43,5096,0.09960487065217492
43,5097,0.09329586704906763
43,5098,0.09242907620311126
43,5099,0.09970156766222102
43,5100,0.09820604438256023
43,5101,0.0945277043792225
43,5102,0.0896179976116281
43,5103,0.0879337729114625
43,5104,0.09650776147602799
43,5105,0.11065676422347036
43,5106,0.11744200973710704
43,5107,0.11349928640338183
43,5108,0.10672536551497157
43,5109,0.09517782416623077
43,5110,0.09919676660941047
43,5111,0.10473373730579282
43,5112,0.10842583692423875
43,5113,0.10757500836774013
43,5114,0.10164496361409538
43,5115,0.09710400169466173
43,5116,0.0996574721410298
43,5117,0.10657318834569839
43,5118,0.10690439430372235
43,5119,0.10103500722742317
43,5120,0.09377939130299254
43,5121,0.09217107048095208
43,5122,0.0902681169163528
43,5123,0.09603703177116711
43,5124,0.09892979445491214
43,5125,0.09435244745025337
43,5126,0.0925526202905637
43,5127,0.09463761833980956
43,5128,0.11159616875386116
43,5129,0.13209713663673303
43,5130,0.13887514002719756
43,5131,0.12453527890414091
43,5132,0.11081695673731128
43,5133,0.09707811955455406
43,5134,0.0903551463815041
43,5135,0.09993410567368033
43,5136,0.10399929705423766
43,5137,0.1014868102552225
43,5138,0.09861391276074541
43,5139,0.09739920991992593
43,5140,0.10459929295084698
43,5141,0.11001290056561616
43,5142,0.11055859715836344
43,5143,0.10125292801673662
43,5144,0.09458802497943199
43,5145,0.09384670220463952
43,5146,0.09045817041386561
43,5147,0.10024002027496347
43,5148,0.1141362209110284
43,5149,0.11869333655904919
43,5150,0.12320504668489733
43,5151,0.10861372060966476
43,5152,0.10909088528441481
43,5153,0.11100000774404122
43,5154,0.11745015853223587
43,5155,0.11786606693688666
43,5156,0.10690671639653004
43,5157,0.09981666482787137
43,5158,0.09403120781879822
43,5159,0.10098719478418385
43,5160,0.10669692344509071
43,5161,0.1011115316424047
43,5162,0.09635254318606004
43,5163,0.09067378006119262
43,5164,0.0939292028382249
43,5165,0.1055839350187262
43,5166,0.10956839651027626
43,5167,0.10395661735349558
43,5168,0.0998910429110269
43,5169,0.09584091631190557
43,5170,0.09187538794386434
43,5171,0.08596205975192055
43,5172,0.08532013362675846
43,5173,0.08427899058955707
43,5174,0.08787391489577538
43,5175,0.09067266966121558
43,5176,0.09787115219279698
43,5177,0.10023776997712254
43,5178,0.10533302165004428
43,5179,0.10982105535272255
43,5180,0.09957703061952944
43,5181,0.1012661141861112
43,5182,0.10000727334085599
43,5183,0.10511474627334329
43,5184,0.10815038930732325
43,5185,0.10484231175101169
43,5186,0.10650419560689098
43,5187,0.10346222169990182
43,5188,0.10389852081336638
43,5189,0.10974356413576294
43,5190,0.11013751763079732
43,5191,0.11150720422836402
43,5192,0.10949295194901319
43,5193,0.09915729112256118
43,5194,0.0893957259869292
43,5195,0.08753614199246239
43,5196,0.08092967699450573
43,5197,0.07981906480395833
43,5198,0.08344476563779966
43,5199,0.0922448220466432
43,5200,0.10094858954606252
43,5201,0.1056339039241596
43,5202,0.11110194068180651
43,5203,0.11133980305296665
43,5204,0.10759840645131998
43,5205,0.10550586569538321
43,5206,0.10457648922811089
43,5207,0.10997644554674688
43,5208,0.10655202992445781
43,5209,0.09769148783498757
43,5210,0.09383448947544784
43,5211,0.08683141677786237
43,5212,0.08891815392417907
43,5213,0.09323431046614185
43,5214,0.09393031535146415
43,5215,0.09534783474303538
43,5216,0.09628742039067835
43,5217,0.09848363931766886
43,5218,0.09512694118683031
43,5219,0.10180041384287383
43,5220,0.10541763232605413
43,5221,0.10507772061047096
43,5222,0.11327736135837133
43,5223,0.10372013757794298
43,5224,0.10018042979650091
43,5225,0.10037528109121435
43,5226,0.10115580165559164
43,5227,0.10996195918783135
43,5228,0.09941664234917626
43,5229,0.09335216525246408
43,5230,0.09553196386004506
43,5231,0.10393361683007298
43,5232,0.10376271215214797
43,5233,0.09813946444382574
43,5234,0.09528868304993239
43,5235,0.08763587603134057
43,5236,0.08610505537594045
43,5237,0.08818932470639093
43,5238,0.0898555390429289
43,5239,0.09175671354556844
43,5240,0.0945010924826292
43,5241,0.09524386289497172
43,5242,0.093059466662304
43,5243,0.10071619843315689
43,5244,0.10603075240319734
43,5245,0.10016528414940909
43,5246,0.10629937931070862
43,5247,0.10268426833802126
43,5248,0.10928251686157228
43,5249,0.12136837313974505
43,5250,0.1227350368839956
43,5251,0.11933190560254273
43,5252,0.11080648497451355
43,5253,0.10090043798827517
43,5254,0.09274250784497919
43,5255,0.09211851290734423
43,5256,0.09625890720440053
43,5257,0.08999460377038461
43,5258,0.08709625471101505
43,5259,0.08077263310002608
43,5260,0.07896446735947325
43,5261,0.08657009026516363
43,5262,0.09046688796375955
43,5263,0.0955436272067589
43,5264,0.09673255147392956
43,5265,0.09514598150608278
43,5266,0.09403319526403547
43,5267,0.10214010482734256
43,5268,0.12149823500906115
43,5269,0.13196558879381617
43,5270,0.13101016800763846
43,5271,0.11322836279239211
43,5272,0.10949884020720227
43,5273,0.13747038481501672
43,5274,0.1469069797820495
43,5275,0.14025269813665875
43,5276,0.12160179198728287
43,5277,0.10593970990091693
43,5278,0.10075272488071961
43,5279,0.0959702745987743
43,5280,0.0936590239379091
43,5281,0.0920356890549181
43,5282,0.08975932946539802
43,5283,0.08079960646806413
43,5284,0.08055663086978605
43,5285,0.08835031162681511
43,5286,0.0875955619885179
43,5287,0.08822883859555665
43,5288,0.0862878841581164
43,5289,0.07644211967211534
43,5290,0.07062019190839187
43,5291,0.06999717848654863
43,5292,0.07533390180801393
43,5293,0.07677250640434392
43,5294,0.07846074125237884
43,5295,0.07709398975108318
43,5296,0.08149209272570906
43,5297,0.08588483750698295
43,5298,0.09146292251590947
43,5299,0.09153248378902663
43,5300,0.09016004653401816
43,5301,0.07709682624241822
43,5302,0.07464407993218816
43,5303,0.07658087098140703
43,5304,0.07644964306193552
43,5305,0.0750124944943505
43,5306,0.07047718394786553
43,5307,0.07370828307711506
43,5308,0.07367478337367307
43,5309,0.08022562598665797
43,5310,0.08739164170956651
43,5311,0.08863218762637845
43,5312,0.0865531963346471
43,5313,0.07503077831676193
43,5314,0.06447407615343997
43,5315,0.06231811909075351
43,5316,0.06314629820709822
43,5317,0.0661030136195512
43,5318,0.0765537381587957
43,5319,0.08017630820346716
43,5320,0.08447664340895736
43,5321,0.08627785200642449
43,5322,0.08792474946566814
43,5323,0.0929674380262928
43,5324,0.09339386422219226
43,5325,0.08464721509504762
43,5326,0.08253152290916801
43,5327,0.08346438880711164
43,5328,0.08188395147405698
43,5329,0.0794378334039836
43,5330,0.07805616494854445
43,5331,0.07556969492314776
43,5332,0.07500075381388749
43,5333,0.08176402273964482
43,5334,0.08660626271504537
43,5335,0.08982262969479513
43,5336,0.08910747362225166
43,5337,0.07664480747626197
43,5338,0.0657142307473707
43,5339,0.06552430490986132
43,5340,0.07400726360804842
43,5341,0.07481857422804129
43,5342,0.08135332485928765
43,5343,0.08696190883930445
43,5344,0.090618174321858
43,5345,0.095997044514528
43,5346,0.09716714381600668
43,5347,0.09810827935821641
43,5348,0.09069848830526821
43,5349,0.07874756556940844
43,5350,0.07161884581965905
43,5351,0.0705736218945228
43,5352,0.07560710390860309
43,5353,0.07411646741435764
43,5354,0.0740544358734362
43,5355,0.07034009369835377
43,5356,0.07624021530323659
43,5357,0.08300213249677663
43,5358,0.08832708450319798
43,5359,0.09512452456742317
43,5360,0.08964484319519157
43,5361,0.08002443427771769
43,5362,0.0696729363715691
43,5363,0.0665193037721689
43,5364,0.07167825884622955
43,5365,0.07807445575036322
43,5366,0.08678952428910282
43,5367,0.10075955759562785
43,5368,0.10899693635348087
43,5369,0.11866336210368134
43,5370,0.11935463313032588
43,5371,0.11107168090398237
43,5372,0.10111211056129435
43,5373,0.08908754206006232
43,5374,0.08447436641738512
43,5375,0.08173081575533286
43,5376,0.08061472876519321
43,5377,0.07753540951718915
43,5378,0.07745256120950429
43,5379,0.0782244837678831
43,5380,0.08651374833960251
43,5381,0.09201420385568182
43,5382,0.0966302553986117
43,5383,0.10069016993813354
43,5384,0.0932323792259461
43,5385,0.08334764750232261
43,5386,0.07520384026778792
43,5387,0.07353162172749156
43,5388,0.07585111559067925
43,5389,0.07930260332606814
43,5390,0.09217141928831722
43,5391,0.10610461485253594
43,5392,0.11394985425418566
43,5393,0.11773036337290882
43,5394,0.11122348429693328
43,5395,0.11336871683278955
43,5396,0.10559109990975053
43,5397,0.09027937892221272
43,5398,0.07960366616988197
43,5399,0.07941533871024445
43,5400,0.08052525017385528
43,5401,0.0808580245980947
43,5402,0.08238536877795707
43,5403,0.08264006457372808
43,5404,0.08846253501062365
43,5405,0.09574884120419401
43,5406,0.09750089744362612
43,5407,0.10373028008236854
43,5408,0.09461591579341581
43,5409,0.08282092278906353
43,5410,0.0677117900856112
43,5411,0.07181652996127724
43,5412,0.08149081690452106
43,5413,0.08733712119580841
43,5414,0.09908231476757669
43,5415,0.10430179797858381
43,5416,0.11197209092143205
43,5417,0.11633937344884625
43,5418,0.1131747622716274
43,5419,0.109202618725704
43,5420,0.09384902301588431
43,5421,0.0805603055510492
43,5422,0.07514564881631985
43,5423,0.08217223512542784
43,5424,0.09173736236812204
43,5425,0.08956828932794884
43,5426,0.09817249207350141
43,5427,0.09750981415932902
43,5428,0.1063948187584555
43,5429,0.11457468955295882
43,5430,0.11666287123120071
43,5431,0.1199421807874314
43,5432,0.11186124555721852
43,5433,0.09611108002230688
43,5434,0.0821913229502216
43,5435,0.0821718432859172
43,5436,0.08679815385816154
43,5437,0.09240630165186933
43,5438,0.10592373922413867
43,5439,0.11118959757982982
43,5440,0.11978093287653682
43,5441,0.12965185312539554
43,5442,0.13188249868917648
43,5443,0.1262616316994671
43,5444,0.10066975690409509
43,5445,0.09364305934812184
43,5446,0.0939648961105908
43,5447,0.09606386179529976
43,5448,0.10222548869530854
43,5449,0.09988100516821863
43,5450,0.10171593205878757
43,5451,0.09885531081176345
43,5452,0.1043963982838736
43,5453,0.11362531397189521
43,5454,0.11484606881773285
43,5455,0.11341378032167802
43,5456,0.10391025124377999
43,5457,0.09145552409967418
43,5458,0.08384337649671815
43,5459,0.08451092559627772
43,5460,0.09728096305606901
43,5461,0.10369312582925913
43,5462,0.10656976399321057
43,5463,0.10153113816068908
43,5464,0.09372924138452213
43,5465,0.09795175374920574
43,5466,0.10932359142978229
43,5467,0.11253052442164062
43,5468,0.10416903365717863
43,5469,0.09687291482047038
43,5470,0.09220428004024349
43,5471,0.09524420423336646
43,5472,0.09593039914716962
43,5473,0.09154194455874957
43,5474,0.08813120921070439
43,5475,0.08415863000872101
43,5476,0.0915847808072084
43,5477,0.10022788060067635
43,5478,0.10451567410263952
43,5479,0.10658808531350826
43,5480,0.09363047015988599
43,5481,0.08752580274677381
43,5482,0.08201926959298986
43,5483,0.09652146961627339
43,5484,0.10823701984873904
43,5485,0.09818461831342554
43,5486,0.09883485676178044
43,5487,0.08211622866059418
43,5488,0.07859889601704753
43,5489,0.08730076532119663
43,5490,0.1001237519587382
43,5491,0.11015013186136213
43,5492,0.10313964332695381
43,5493,0.09322393864277029
43,5494,0.08817943247131185
43,5495,0.088797883098368
43,5496,0.0863670762812254
43,5497,0.08105877597815137
43,5498,0.08145500688069307
43,5499,0.07900185033513321
43,5500,0.07930743991929108
43,5501,0.08503559659490628
43,5502,0.08962440907263126
43,5503,0.09281274518176609
43,5504,0.08811716852205907
43,5505,0.07757299050201934
43,5506,0.06780879722791534
43,5507,0.06870866307676293
43,5508,0.07845318376294942
43,5509,0.07758525296565387
43,5510,0.0835301262250386
43,5511,0.08041297005393917
43,5512,0.08083688729591776
43,5513,0.08857611181388383
43,5514,0.09549996101104048
43,5515,0.09992362615109136
43,5516,0.0932773045703208
43,5517,0.08170909836605555
43,5518,0.08002662725799108
43,5519,0.08368111809259908
43,5520,0.09058526595483857
43,5521,0.08809362464335045
43,5522,0.08467296540057215
43,5523,0.08218566424397324
43,5524,0.08591821204726184
43,5525,0.08968707633779288
43,5526,0.09590922127887995
43,5527,0.0982874234934384
43,5528,0.09416870402838254
43,5529,0.08213996834241304
43,5530,0.0723537434637517
43,5531,0.0748578687627863
43,5532,0.0799568138018598
43,5533,0.08288128276656705
43,5534,0.08934257197612697
43,5535,0.09988438549522351
43,5536,0.10412452401153151
43,5537,0.11100460699428495
43,5538,0.10839919844708697
43,5539,0.10282907116222152
43,5540,0.087371161796841
43,5541,0.07787419639859869
43,5542,0.07569760266817953
43,5543,0.08183399337319743
43,5544,0.08990510349474183
43,5545,0.08305095735881177
43,5546,0.08584473772288878
43,5547,0.08402837169892456
43,5548,0.0893151917063798
43,5549,0.09370549575526955
43,5550,0.09725352425597153
43,5551,0.09907449576944748
43,5552,0.09116986054204407
43,5553,0.07980793833549521
43,5554,0.07182661565366386
43,5555,0.07023833078451669
43,5556,0.0728690393884412
43,5557,0.0697303033310221
43,5558,0.0754363189226316
43,5559,0.07991599374456224
43,5560,0.08879213009727184
43,5561,0.09809440872254034
43,5562,0.10380251848483862
43,5563,0.10053173411942529
43,5564,0.08487923758968582
43,5565,0.07579865391413372
43,5566,0.07648193197433506
43,5567,0.08146230226718498
43,5568,0.08211271752841524
43,5569,0.08182073123221012
43,5570,0.07985839626078117
43,5571,0.07800127327855327
43,5572,0.08678358583595701
43,5573,0.09595535792482103
43,5574,0.09947120884602069
43,5575,0.09767641152294075
43,5576,0.09117517680484723
43,5577,0.0835460122308669
43,5578,0.07200325793403935
43,5579,0.07205835699620661
43,5580,0.07663441054905623
43,5581,0.08076612209866664
43,5582,0.09474376764853029
43,5583,0.10573650680855036
43,5584,0.11991218168939645
43,5585,0.12625952462493156
43,5586,0.11880487138482722
43,5587,0.1066970869146578
43,5588,0.09058679188459032
43,5589,0.08474764832606255
43,5590,0.0838870942072529
43,5591,0.08787643456032104
43,5592,0.08961808039028246
43,5593,0.0847229049232412
43,5594,0.08774651247947635
43,5595,0.08729880462373564
43,5596,0.09800808988260742
43,5597,0.10931790695385028
43,5598,0.11434116939828144
43,5599,0.11039437483267099
43,5600,0.1000572909146977
43,5601,0.09187557721149786
43,5602,0.08138486969286146
43,5603,0.0788679534418609
43,5604,0.0823927509044714
43,5605,0.0871290384150106
43,5606,0.09859908128214179
43,5607,0.1068392916504772
43,5608,0.11293389013758327
43,5609,0.11278846703887244
43,5610,0.11124285075556353
43,5611,0.10573427368334555
43,5612,0.09169628409284093
43,5613,0.09011556644944681
43,5614,0.08694339619275059
43,5615,0.08628776199807588
43,5616,0.0899376061925414
43,5617,0.0913390308898443
43,5618,0.09508509758306809
43,5619,0.09745098305436004
43,5620,0.11119756151694334
43,5621,0.11851192454657211
43,5622,0.11967650134720514
43,5623,0.11420201922799939
43,5624,0.10260711019177425
43,5625,0.09602080473351861
43,5626,0.08943710640343508
43,5627,0.08712699823554967
43,5628,0.08829022032773565
43,5629,0.09473854773797512
43,5630,0.1035757198010162
43,5631,0.11341289219718574
43,5632,0.11399353674810206
43,5633,0.11467930525417741
43,5634,0.11194984043412794
43,5635,0.10534429762066551
43,5636,0.09534772365709651
43,5637,0.08978207713205386
43,5638,0.0871644493531675
43,5639,0.09441195070143114
43,5640,0.10342355583843255
43,5641,0.10476431827024503
43,5642,0.10843345247657214
43,5643,0.11327317718533608
43,5644,0.1284651241551654
43,5645,0.14060414400524338
43,5646,0.13913089963024491
43,5647,0.1301755705159527
43,5648,0.1200121666454267
43,5649,0.11152505646813636
43,5650,0.10577738149503958
43,5651,0.10187272410059225
43,5652,0.10509999130950111
43,5653,0.10511947038544893
43,5654,0.11377824894146693
43,5655,0.12170249891991045
43,5656,0.1268993802580452
43,5657,0.1348485664782936
43,5658,0.1350035865415424
43,5659,0.12653122445917425
43,5660,0.11272669093939329
43,5661,0.10355318524177329
43,5662,0.1034992450414582
43,5663,0.11109362875960281
43,5664,0.11711332770232849
43,5665,0.11513375185099563
43,5666,0.11490934051449883
43,5667,0.12089723898812701
43,5668,0.1367401407969844
43,5669,0.1504830025820764
43,5670,0.15146016426733666
43,5671,0.13674387469968938
43,5672,0.11922782474976687
43,5673,0.10803939176280156
43,5674,0.0990030963047893
43,5675,0.09153431019476298
43,5676,0.09150618939550055
43,5677,0.09914713012543572
43,5678,0.11032649867227808
43,5679,0.1310810374991963
43,5680,0.13430319108330088
43,5681,0.1470950837873779
43,5682,0.14356333524290496
43,5683,0.12845318502627384
43,5684,0.11346545297129003
43,5685,0.0992736238330496
43,5686,0.10472340945319301
43,5687,0.10772842570087755
43,5688,0.12077943603216058
43,5689,0.12202373981722217
43,5690,0.11919484098422901
43,5691,0.125918484946999
43,5692,0.13709172663588054
43,5693,0.14907649652606814
43,5694,0.1474046418332018
43,5695,0.13703606793823322
43,5696,0.1256649635342653
43,5697,0.11084815392789776
43,5698,0.10612291335501482
43,5699,0.10222189384996601
43,5700,0.10176309680790732
43,5701,0.1089418741938006
43,5702,0.11654001013757682
43,5703,0.13043025646412146
43,5704,0.1382879802402383
43,5705,0.14259030953478194
43,5706,0.13967964183755088
43,5707,0.12989256236866256
43,5708,0.11296395214382678
43,5709,0.10157125319729689
43,5710,0.10282331629970874
43,5711,0.1087191889939161
43,5712,0.11265020026058249
43,5713,0.11398868255925382
43,5714,0.11823455931404231
43,5715,0.12810832371756742
43,5716,0.13998465019646555
43,5717,0.15111484530174565
43,5718,0.1516113747607041
43,5719,0.14464565869901155
43,5720,0.12835921176494794
43,5721,0.11728823097255028
43,5722,0.10751073762326586
43,5723,0.10830188958174645
43,5724,0.1148333755167277
43,5725,0.12122687659627088
43,5726,0.12525576893290863
43,5727,0.1366784220061417
43,5728,0.13963248526812827
43,5729,0.1463625730193229
43,5730,0.14412132544559758
43,5731,0.13431776711384902
43,5732,0.12499192641659297
43,5733,0.11014857886548897
43,5734,0.10704221041632236
43,5735,0.10852314010875978
43,5736,0.10178288838993348
43,5737,0.1025228706372024
43,5738,0.10354251232255841
43,5739,0.11122030522752396
43,5740,0.12272630859833512
43,5741,0.1281744161694725
43,5742,0.13410133035379745
43,5743,0.12296314540480277
43,5744,0.1124284128370932
43,5745,0.1068854648832946
43,5746,0.09739735536166053
43,5747,0.0882090997870984
43,5748,0.0803554527848196
43,5749,0.08667385443498556
43,5750,0.09446185759514344
43,5751,0.11014458800659145
43,5752,0.11754240067925716
43,5753,0.12769725426022224
43,5754,0.13586770020731867
43,5755,0.12272926411472483
43,5756,0.11344436422306448
43,5757,0.09688148812703086
43,5758,0.09370182191265584
43,5759,0.09742887102384598
43,5760,0.09603300515543468
43,5761,0.09752740334994876
43,5762,0.09632657544947618
43,5763,0.102871981683025
43,5764,0.11868068531706372
43,5765,0.12466811113385047
43,5766,0.1347695017491273
43,5767,0.12892695942311674
43,5768,0.1152249687948418
43,5769,0.10403298952053484
43,5770,0.09388229987630324
43,5771,0.09207049817430296
43,5772,0.09402594885858857
43,5773,0.09515452030642081
43,5774,0.09791471194257798
43,5775,0.10747249405662938
43,5776,0.12713465514586772
43,5777,0.14866333529159645
43,5778,0.15410739550352215
43,5779,0.14576401821725096
43,5780,0.13909276570287618
43,5781,0.14110608060215601
43,5782,0.1382657319351462
43,5783,0.13837076882965058
43,5784,0.129415913083064
43,5785,0.11653220639245271
43,5786,0.11646309918100525
43,5787,0.116144828680258
43,5788,0.12618706671368904
43,5789,0.12593498770889403
43,5790,0.1269147219595698
43,5791,0.1211151936187724
43,5792,0.11176672320925468
43,5793,0.1090605064200962
43,5794,0.10335722898905725
43,5795,0.10559650284662837
43,5796,0.10885278571849001
43,5797,0.11661639443540822
43,5798,0.12279539101435595
43,5799,0.11770431104055877
43,5800,0.11409681843021377
43,5801,0.11637598874272012
43,5802,0.12537764828313472
43,5803,0.12222670647998013
43,5804,0.11331321944813294
44,0,0.03874951493666928
44,1,0.04038283902327555
44,2,0.040228699657900505
44,3,0.04182468914999026
44,4,0.04435477722266207
44,5,0.04626290238081377
44,6,0.04851247366893598
44,7,0.05459949438682194
44,8,0.054374287559413155
44,9,0.04847440141967613
44,10,0.04697049461387289
44,11,0.0427560951195966
44,12,0.0383589895342103
44,13,0.039942850778583144
44,14,0.04636013599085096
44,15,0.05419290320770954
44,16,0.05509687384432078
44,17,0.05664697535851319
44,18,0.06195516705502226
44,19,0.06399699375882821
44,20,0.0587985112564214
44,21,0.05050556087672402
44,22,0.04790571127082737
44,23,0.044855821845843365
44,24,0.04142280119386505
44,25,0.0432667750923688
44,26,0.04393828233806312
44,27,0.045181435707856994
44,28,0.04707827395540772
44,29,0.05022222346406944
44,30,0.0524865148110502
44,31,0.05736854484344908
44,32,0.05787357369126718
44,33,0.052314767792442686
44,34,0.05002223738193389
44,35,0.045289616682455534
44,36,0.040063390442949445
44,37,0.04044334852290935
44,38,0.04527350135708922
44,39,0.0507425785066466
44,40,0.05551199554254336
44,41,0.055823036718426984
44,42,0.06228083857764609
44,43,0.06820383891495829
44,44,0.06662595293981242
44,45,0.05846240454789092
44,46,0.05233440622213177
44,47,0.04900469426475272
44,48,0.04721234593056495
44,49,0.046633684264600274
44,50,0.04829426836291741
44,51,0.046262117923587476
44,52,0.047730484348360414
44,53,0.04823461813870259
44,54,0.05062484668719254
44,55,0.0579473482756742
44,56,0.05867098045878482
44,57,0.054465751409024384
44,58,0.05122294967866176
44,59,0.0454296436471803
44,60,0.04032008528863749
44,61,0.036731208264961346
44,62,0.038767451731863446
44,63,0.04280056997057594
44,64,0.04396050690658646
44,65,0.04810970335668283
44,66,0.055903351729936906
44,67,0.059450600992798946
44,68,0.05773765663746325
44,69,0.051658994491988415
44,70,0.04643374879948661
44,71,0.04286975576996314
44,72,0.04058734882141983
44,73,0.04188379097382303
44,74,0.04235349944604216
44,75,0.04330733094775
44,76,0.04555071837304049
44,77,0.045768170434353724
44,78,0.04779077451199443
44,79,0.05398019431634053
44,80,0.05420009976205685
44,81,0.04998414510340965
44,82,0.04900536284608643
44,83,0.04424744938305891
44,84,0.03792692182793807
44,85,0.03681598603599927
44,86,0.043018989621199946
44,87,0.04753444934392835
44,88,0.04938592578679352
44,89,0.04575646222077883
44,90,0.05188910546087223
44,91,0.05700609611913034
44,92,0.055690503244786756
44,93,0.04926194267407796
44,94,0.04286967152421315
44,95,0.0408470998130211
44,96,0.040997413542741154
44,97,0.040406416157843905
44,98,0.04182554744720871
44,99,0.04151688581159311
44,100,0.04504380168685196
44,101,0.04558467561977709
44,102,0.04688184552633628
44,103,0.05279416890969786
44,104,0.05159430488157442
44,105,0.04819318405208579
44,106,0.04720579890489647
44,107,0.04460349971946511
44,108,0.03977303741685966
44,109,0.03827746103786689
44,110,0.042666526126677616
44,111,0.04650826905742555
44,112,0.04896803041013444
44,113,0.048569527533288935
44,114,0.05398711929812019
44,115,0.060093899546155696
44,116,0.06162799899766073
44,117,0.05909104010857074
44,118,0.048756312344122324
44,119,0.04442440986311227
44,120,0.04638798069622818
44,121,0.04736143207509231
44,122,0.04807279779471386
44,123,0.0466557263701866
44,124,0.049221996606411376
44,125,0.048788496226891964
44,126,0.05051893586926417
44,127,0.05571802904709321
44,128,0.05532806538636841
44,129,0.05169161493551553
44,130,0.05035082657007411
44,131,0.04559233120402863
44,132,0.04147962306340257
44,133,0.0359031500851976
44,134,0.03673364688320432
44,135,0.03785146798599335
44,136,0.039462362380816
44,137,0.041637540108059624
44,138,0.045733766242269235
44,139,0.04974431699490158
44,140,0.05263855238897199
44,141,0.05345630223825771
44,142,0.04539489379739998
44,143,0.0426303903666332
44,144,0.039992896056441615
44,145,0.03818922401796309
44,146,0.0391998067007945
44,147,0.03993822943145908
44,148,0.0433527053871842
44,149,0.04303978812519949
44,150,0.04430017063325098
44,151,0.049097018942769785
44,152,0.0484637313378196
44,153,0.04404151653573666
44,154,0.04517057572651996
44,155,0.043080827598816075
44,156,0.037462315381013835
44,157,0.036019687110511796
44,158,0.0399717287818723
44,159,0.04309355018444224
44,160,0.04446091684483236
44,161,0.044337506376907636
44,162,0.048608084996916864
44,163,0.05120126634333181
44,164,0.05411614973434845
44,165,0.052787770261713475
44,166,0.04577611997632297
44,167,0.041900023743411036
44,168,0.040786484404777265
44,169,0.04118312125952663
44,170,0.041172248156905164
44,171,0.041455039236011904
44,172,0.04389045529452346
44,173,0.046048944977185036
44,174,0.047876128949758956
44,175,0.05415791645824671
44,176,0.05416447700091095
44,177,0.0490494877421232
44,178,0.0482566115357548
44,179,0.04619734234482483
44,180,0.04632205668891709
44,181,0.04611960863253659
44,182,0.04425388158888532
44,183,0.03929772448174061
44,184,0.037623544877433995
44,185,0.04078419920490534
44,186,0.04365963982992936
44,187,0.050406327917405624
44,188,0.057271755901335014
44,189,0.051058440394567965
44,190,0.045575226343478624
44,191,0.04246138420631736
44,192,0.03854908653573315
44,193,0.03716383335507469
44,194,0.03574822723033879
44,195,0.037744063080191265
44,196,0.04253528192517951
44,197,0.044020533628520445
44,198,0.04624178160239776
44,199,0.050349640838968486
44,200,0.050055530621317144
44,201,0.044997788111791566
44,202,0.04589081200818704
44,203,0.04446743038677398
44,204,0.038270977675132316
44,205,0.03651122141254676
44,206,0.03973323749376718
44,207,0.04381918333890909
44,208,0.04558306302082727
44,209,0.047104820977151914
44,210,0.05200722463732493
44,211,0.055009214955460774
44,212,0.05299453836190765
44,213,0.04726340399071929
44,214,0.0446045159457561
44,215,0.04249079839742263
44,216,0.03910968648052125
44,217,0.03847053875980925
44,218,0.03820969131144035
44,219,0.03877221538260018
44,220,0.04282235166518877
44,221,0.043864017716632245
44,222,0.047218150237266464
44,223,0.05363250136573054
44,224,0.05524482542819755
44,225,0.04844502974520406
44,226,0.04786152542048974
44,227,0.04416924698872458
44,228,0.03788798368554956
44,229,0.03997998557734823
44,230,0.04685373786415185
44,231,0.05259628252162961
44,232,0.05363959059217282
44,233,0.05486095513506793
44,234,0.060802230306169866
44,235,0.06466221457674994
44,236,0.0623027542786434
44,237,0.05686120380804255
44,238,0.053136611854310054
44,239,0.049942585679624285
44,240,0.04645701639449856
44,241,0.04788124613030272
44,242,0.04959598262057778
44,243,0.050303076686552525
44,244,0.051626548494495
44,245,0.05286416725327269
44,246,0.05506790974999244
44,247,0.06166640537058284
44,248,0.06232012807601708
44,249,0.05828042574974759
44,250,0.055353818647397655
44,251,0.05009459806159673
44,252,0.043790559261272864
44,253,0.041661211290699274
44,254,0.045942232545516055
44,255,0.04985961754208659
44,256,0.048309916309296146
44,257,0.04975729475345918
44,258,0.05333231885442449
44,259,0.05532507241586436
44,260,0.0579502442189169
44,261,0.053923362219313896
44,262,0.04760526703607575
44,263,0.045821906670530335
44,264,0.04403046054780509
44,265,0.04403177121303555
44,266,0.04410692079546836
44,267,0.04453596391231618
44,268,0.048344973308637
44,269,0.05059561836571129
44,270,0.05385013110725457
44,271,0.05944897832106401
44,272,0.05779389911226321
44,273,0.053442217297551387
44,274,0.05510232017005623
44,275,0.05337539489180702
44,276,0.047420255278212524
44,277,0.048736184997963825
44,278,0.05384823487516016
44,279,0.05891726387769962
44,280,0.05559074120592047
44,281,0.05352775595765076
44,282,0.057858240144611155
44,283,0.06323470925308616
44,284,0.06100431627138569
44,285,0.05531285243646849
44,286,0.05311869614923037
44,287,0.049466385946925887
44,288,0.04669909676517126
44,289,0.04880843614557754
44,290,0.04845696043121319
44,291,0.047855820627169934
44,292,0.0514615574709958
44,293,0.05464056798036128
44,294,0.06004329941377784
44,295,0.06705728006774947
44,296,0.06705564409816826
44,297,0.06220122241730514
44,298,0.06021409128679072
44,299,0.05683821700156809
44,300,0.05201173244967685
44,301,0.053258818128270054
44,302,0.059495662816653826
44,303,0.06421293743414964
44,304,0.06344283860312348
44,305,0.0655268808164923
44,306,0.07249198117587714
44,307,0.07484502618727065
44,308,0.07066509776603087
44,309,0.06543157306182813
44,310,0.06095683470576927
44,311,0.056377551162723985
44,312,0.05391581842442304
44,313,0.05707483115959397
44,314,0.05776756203026794
44,315,0.05626146721055636
44,316,0.060066106727573024
44,317,0.06428973431087501
44,318,0.06941522890038203
44,319,0.07594741335128385
44,320,0.07746576370255162
44,321,0.07293096500311444
44,322,0.06946844088031988
44,323,0.0621206850516172
44,324,0.05527848629370522
44,325,0.05464468717766053
44,326,0.056804939220681486
44,327,0.06178532482770555
44,328,0.05722062806402866
44,329,0.06346561897792692
44,330,0.06997721247757482
44,331,0.07715709515282329
44,332,0.07590554783769599
44,333,0.06813811968356627
44,334,0.06275509885944834
44,335,0.05792863958036135
44,336,0.057255137586238285
44,337,0.06108582691104745
44,338,0.06056499567239813
44,339,0.0580023953825502
44,340,0.05998945699234924
44,341,0.06239536556592349
44,342,0.06762056658197708
44,343,0.07239475952729006
44,344,0.0733117537497535
44,345,0.07080772709208225
44,346,0.06876424789133717
44,347,0.0659005232900925
44,348,0.06514485432407988
44,349,0.06648860883284029
44,350,0.06061509203236512
44,351,0.057736741631495905
44,352,0.05001510685150257
44,353,0.05463967495134297
44,354,0.06213227625029283
44,355,0.06667772681854649
44,356,0.0665359178201657
44,357,0.0629404076413415
44,358,0.057713802437229914
44,359,0.05385512208383623
44,360,0.05314550811285389
44,361,0.055245688649284135
44,362,0.05455769838034442
44,363,0.05299948258990401
44,364,0.05429958398545859
44,365,0.056132898028543446
44,366,0.06076795497032478
44,367,0.06616505018276843
44,368,0.06829595386669622
44,369,0.06272920523092365
44,370,0.062281339735899194
44,371,0.05688039177984226
44,372,0.050892350434215375
44,373,0.053870737603407624
44,374,0.05789731587393556
44,375,0.06262991277351929
44,376,0.05911190735639603
44,377,0.06258826597006797
44,378,0.06736792888870362
44,379,0.06973886094601002
44,380,0.0689948521821158
44,381,0.062231063674114837
44,382,0.058401992537714276
44,383,0.05303459777241488
44,384,0.05203918150671719
44,385,0.05637891213263887
44,386,0.05591894065751831
44,387,0.054560632321449316
44,388,0.05727955238329402
44,389,0.059533596955050776
44,390,0.0631463418579418
44,391,0.06819774872400555
44,392,0.0681770547446708
44,393,0.0631480020351261
44,394,0.06561786187251296
44,395,0.06325756856811278
44,396,0.05725854336309366
44,397,0.05749654754430998
44,398,0.06445602281664688
44,399,0.0691106950900273
44,400,0.06493785072347909
44,401,0.06359220903522766
44,402,0.06316599994174911
44,403,0.06623116013973222
44,404,0.0708268829073503
44,405,0.06730171072704579
44,406,0.058963305951190606
44,407,0.05555794476007341
44,408,0.05692633811590113
44,409,0.06114765764232962
44,410,0.061577383025611526
44,411,0.05921041242056382
44,412,0.05970389151674703
44,413,0.06049804707128682
44,414,0.06337298202533317
44,415,0.06813323391543183
44,416,0.06601404628101139
44,417,0.06154405800431081
44,418,0.06107853243939229
44,419,0.06036699382507958
44,420,0.05719579163628127
44,421,0.054325972430706825
44,422,0.055389553345070563
44,423,0.054835885931534295
44,424,0.055076940258453055
44,425,0.05697679705806895
44,426,0.060554541022676434
44,427,0.06397910552301167
44,428,0.06800196658818146
44,429,0.061424756091990156
44,430,0.0553676115909283
44,431,0.052888235058597896
44,432,0.052869214989840145
44,433,0.05783639125819487
44,434,0.05674232816288438
44,435,0.056448021578876836
44,436,0.059359144437903466
44,437,0.06052059356107542
44,438,0.060820413877933216
44,439,0.06493960533038434
44,440,0.06256861989488836
44,441,0.056896434236622356
44,442,0.05855533243411868
44,443,0.05722896437122179
44,444,0.05054229330023438
44,445,0.052727506483310975
44,446,0.05853721185409885
44,447,0.06404561048596913
44,448,0.06172014460445937
44,449,0.06016535420409443
44,450,0.060348918399199286
44,451,0.0633335105163808
44,452,0.06702991345442545
44,453,0.06416611183421018
44,454,0.05413073613897572
44,455,0.05073229556766051
44,456,0.05150944639012751
44,457,0.05471299464616112
44,458,0.055549712962157216
44,459,0.05419149718013681
44,460,0.05826304480427664
44,461,0.058815856597058846
44,462,0.05998247412849856
44,463,0.06330219430434932
44,464,0.06359900097838687
44,465,0.05965990544199608
44,466,0.06130927749592544
44,467,0.05843784838646507
44,468,0.05363477050048822
44,469,0.05153345258623058
44,470,0.051698007583678186
44,471,0.05257768721561943
44,472,0.051519230439053355
44,473,0.05291560873009857
44,474,0.05525257342733195
44,475,0.058833589971449864
44,476,0.06341681573879421
44,477,0.06196828454627451
44,478,0.05347661295252551
44,479,0.05087205318445621
44,480,0.05033085664756459
44,481,0.053325943727267844
44,482,0.05200805416295612
44,483,0.05205119244676174
44,484,0.05495783089721647
44,485,0.05394440830830142
44,486,0.05501941665885338
44,487,0.05923447175180631
44,488,0.06204687389090764
44,489,0.05532017483249616
44,490,0.055793178740437654
44,491,0.0567258131889723
44,492,0.05628634737509676
44,493,0.059100106243599
44,494,0.05492033745080533
44,495,0.04994415745602255
44,496,0.04811434155684624
44,497,0.05088256706482329
44,498,0.053159985319476646
44,499,0.0551050791311606
44,500,0.057941236657521204
44,501,0.056114403297637894
44,502,0.051008653597298066
44,503,0.04874321146869409
44,504,0.04874504461782063
44,505,0.05046308793650469
44,506,0.04546581319961426
44,507,0.044176557072690345
44,508,0.04697504012713405
44,509,0.048423436521481796
44,510,0.049975164428061894
44,511,0.053889517153182784
44,512,0.05584039344089888
44,513,0.05091631657572328
44,514,0.05354647604347073
44,515,0.05200442501310093
44,516,0.04918450009201577
44,517,0.0460984399855336
44,518,0.043942340775980526
44,519,0.04616539847532783
44,520,0.046392728124496185
44,521,0.048312997395418875
44,522,0.048854786819214804
44,523,0.05156658273061449
44,524,0.05786655518513809
44,525,0.05385040189841591
44,526,0.04733173657575732
44,527,0.04396078965061745
44,528,0.04367666908071116
44,529,0.04527344489261177
44,530,0.04418092326570595
44,531,0.04475061998140826
44,532,0.04801177371013789
44,533,0.04798715942165296
44,534,0.049174617777722925
44,535,0.053595541351006255
44,536,0.053713269825890385
44,537,0.050415459055034806
44,538,0.053051121662837715
44,539,0.04839585184796366
44,540,0.042331114555854525
44,541,0.04347831686819198
44,542,0.04633016398031511
44,543,0.05101571131841169
44,544,0.052490189398180294
44,545,0.05280209759188138
44,546,0.05618654426316012
44,547,0.0585793138869977
44,548,0.05997118640479321
44,549,0.05686802987779895
44,550,0.04723949508342635
44,551,0.04617808165050624
44,552,0.0436747418626139
44,553,0.046503619680286816
44,554,0.04590160655180218
44,555,0.04577605263845796
44,556,0.04867083962717069
44,557,0.04979049184759659
44,558,0.04997755687171532
44,559,0.05199725444581324
44,560,0.05098896157055162
44,561,0.048293177753360464
44,562,0.049809219458659064
44,563,0.04936369181279456
44,564,0.04884507240502204
44,565,0.050332574135806676
44,566,0.049991383409594164
44,567,0.04742893537511863
44,568,0.044884212138250085
44,569,0.045609283205727456
44,570,0.04951805742548395
44,571,0.047889512528971556
44,572,0.05207280771213272
44,573,0.0482152269412305
44,574,0.04396185629431374
44,575,0.042508853651394486
44,576,0.03911768122475515
44,577,0.04082528635329208
44,578,0.04011739589189839
44,579,0.04228796729093364
44,580,0.046848707566198466
44,581,0.04803998496696205
44,582,0.04912335043124425
44,583,0.05104601004609229
44,584,0.04886173874283443
44,585,0.04443707460720142
44,586,0.04697597375625682
44,587,0.04575408752804255
44,588,0.04382476151658327
44,589,0.04349196281014241
44,590,0.03873397138612289
44,591,0.03567616826850202
44,592,0.03810935467289595
44,593,0.04272227146857435
44,594,0.04299030658439215
44,595,0.04496401916236916
44,596,0.04978722184715647
44,597,0.048994072477958804
44,598,0.044709815422915314
44,599,0.04281257732268321
44,600,0.03902784371293829
44,601,0.04127995985893006
44,602,0.040383277388846214
44,603,0.04146778261186474
44,604,0.04501137743566649
44,605,0.0462470438008867
44,606,0.04882826197852448
44,607,0.05135531616784638
44,608,0.051091469034036774
44,609,0.0469186675028353
44,610,0.049784259595496996
44,611,0.04600416852394
44,612,0.03769338204139249
44,613,0.03736628518448873
44,614,0.037326955982052316
44,615,0.04383983259873981
44,616,0.045458261592250644
44,617,0.04694774722229525
44,618,0.04915264535842471
44,619,0.04944716183286652
44,620,0.05361410481864425
44,621,0.05054089196123509
44,622,0.04396397362914996
44,623,0.039751706895810444
44,624,0.03518136523266977
44,625,0.03651209007865217
44,626,0.037215952654220404
44,627,0.039529015428760056
44,628,0.044689131186432834
44,629,0.04733288437447506
44,630,0.04876161600686446
44,631,0.04911581758001602
44,632,0.04904584448519588
44,633,0.04427013685673045
44,634,0.04622981707031554
44,635,0.043371178643324244
44,636,0.04154535985172196
44,637,0.040072397075666226
44,638,0.039910547971469874
44,639,0.04735898482136842
44,640,0.050734352083396286
44,641,0.0540904063371618
44,642,0.05692271436948265
44,643,0.054273430087027716
44,644,0.049992670110318306
44,645,0.04585783465537344
44,646,0.042025602406393484
44,647,0.03956280410376625
44,648,0.036246584665970645
44,649,0.03752461354972166
44,650,0.03611218336454842
44,651,0.037409058759996706
44,652,0.04110325821070101
44,653,0.043950631603464574
44,654,0.04633733793801839
44,655,0.04744604352787524
44,656,0.04773017429119304
44,657,0.04382474679549329
44,658,0.04651023698838469
44,659,0.04367957144326937
44,660,0.03880006251935263
44,661,0.033260227071247185
44,662,0.03392976489615028
44,663,0.036961866498657237
44,664,0.04105832320624312
44,665,0.04566701795549906
44,666,0.04680392819072824
44,667,0.04610743003750956
44,668,0.04869712534375694
44,669,0.04632672920518927
44,670,0.04037172003441676
44,671,0.037241823124676166
44,672,0.03543790082105895
44,673,0.03817425690470713
44,674,0.03690491262414841
44,675,0.0378762444076764
44,676,0.0415737531414559
44,677,0.042329862148267026
44,678,0.042933266823173645
44,679,0.04288973549361125
44,680,0.04323277068691198
44,681,0.04179703819069011
44,682,0.04473378543882609
44,683,0.04366998348126757
44,684,0.03923007035990776
44,685,0.038668287241075634
44,686,0.03567609670673382
44,687,0.036490323939017515
44,688,0.04013388912291075
44,689,0.04594780129938371
44,690,0.05040603181214738
44,691,0.05048021550050361
44,692,0.04876501381053124
44,693,0.04203966500182719
44,694,0.04112031378382303
44,695,0.039195164881238996
44,696,0.03608599724295523
44,697,0.03802694178895818
44,698,0.03819454716945106
44,699,0.03959218293000022
44,700,0.04135581786142948
44,701,0.04122737074825888
44,702,0.042353783401950014
44,703,0.04237210475280364
44,704,0.04302993779089556
44,705,0.04077871315773126
44,706,0.043684906357196546
44,707,0.04019495419786619
44,708,0.03199867365446041
44,709,0.034684010926876646
44,710,0.039173294435425665
44,711,0.043494603610063715
44,712,0.04775897068641561
44,713,0.050609005432442886
44,714,0.05008494112231876
44,715,0.049020158002885526
44,716,0.052077252436421334
44,717,0.048395291602930955
44,718,0.042256147708291426
44,719,0.03967945195427641
44,720,0.03631178807299243
44,721,0.04002689233751289
44,722,0.039873614050047745
44,723,0.03908691453173897
44,724,0.041832170181846484
44,725,0.042239929798658135
44,726,0.042941014925847266
44,727,0.044575849800747025
44,728,0.04584215222863395
44,729,0.0427834503709295
44,730,0.04401709940952451
44,731,0.04201080774215396
44,732,0.035841956928240847
44,733,0.03855342297969153
44,734,0.04121973818335117
44,735,0.04472839875242204
44,736,0.04737145694478277
44,737,0.04924859906280458
44,738,0.05111894300704079
44,739,0.0517019739177291
44,740,0.055151301924225
44,741,0.05182017584705483
44,742,0.04306593568759257
44,743,0.04083370514181875
44,744,0.03900170640138071
44,745,0.044104430519599974
44,746,0.04406613014281751
44,747,0.04311088895971068
44,748,0.045648710799903555
44,749,0.04735159309702668
44,750,0.04708978190920718
44,751,0.047957071696833185
44,752,0.04715164208830976
44,753,0.044605511228278306
44,754,0.047052376578331424
44,755,0.04562541571742543
44,756,0.03726236040040319
44,757,0.039184097990180716
44,758,0.040770573300883
44,759,0.043821442226882786
44,760,0.044772966761504836
44,761,0.04777008005887811
44,762,0.050576299069616956
44,763,0.05046067489823461
44,764,0.051419837364501786
44,765,0.04663416538346551
44,766,0.0412198450619057
44,767,0.04139649012740051
44,768,0.03923070291790914
44,769,0.04422445539218809
44,770,0.043724909227679916
44,771,0.042003558151716386
44,772,0.04533272168735115
44,773,0.04675250102078335
44,774,0.046604011867758345
44,775,0.04752014516264992
44,776,0.04857465906313908
44,777,0.04607255641974995
44,778,0.04806962570604615
44,779,0.04488196630542129
44,780,0.03577616841473648
44,781,0.03786436167855595
44,782,0.039565247607542695
44,783,0.0456079856054873
44,784,0.04732627888487989
44,785,0.0481188967144904
44,786,0.04734479150369477
44,787,0.04853646418515853
44,788,0.05213060116383763
44,789,0.04940810876249699
44,790,0.042666432687475775
44,791,0.040833879614827984
44,792,0.04067261419394497
44,793,0.04513370158533585
44,794,0.04591662934556391
44,795,0.04427923538374246
44,796,0.04550346176141126
44,797,0.04625203154721231
44,798,0.04777642766300612
44,799,0.05018464577079933
44,800,0.051829303513866276
44,801,0.0485539471652288
44,802,0.049571091266752326
44,803,0.04600118558040668
44,804,0.0380416639878123
44,805,0.04067714146454254
44,806,0.043582212523168545
44,807,0.04852872754805218
44,808,0.05096027624804458
44,809,0.054556439670163236
44,810,0.055881993645766626
44,811,0.05476232114379624
44,812,0.0594015273396943
44,813,0.0563883441360298
44,814,0.04758994421234982
44,815,0.04445007200815937
44,816,0.04233412991215372
44,817,0.04682701386148462
44,818,0.04577576053884894
44,819,0.043323982291756574
44,820,0.0445684641560089
44,821,0.04659908802431968
44,822,0.04865031069430713
44,823,0.05079260928472552
44,824,0.05268362140157475
44,825,0.0498321760203846
44,826,0.050787761152612514
44,827,0.04697468886952844
44,828,0.037280449905916425
44,829,0.03973182566742639
44,830,0.040308522318607695
44,831,0.046143743194050214
44,832,0.0461479500778736
44,833,0.05078480855574554
44,834,0.05065486476204569
44,835,0.05133714480963386
44,836,0.05451283885735541
44,837,0.051453097405248505
44,838,0.04581742325165526
44,839,0.042328353141135054
44,840,0.040411468729031626
44,841,0.04555042331946399
44,842,0.04428880742333374
44,843,0.04123313452373769
44,844,0.0425525158489241
44,845,0.04352193813674182
44,846,0.045826209190918794
44,847,0.04816896596645601
44,848,0.04947390098017134
44,849,0.04523172576793931
44,850,0.04587975052271658
44,851,0.04509428114105772
44,852,0.041761585830262946
44,853,0.044250503230877494
44,854,0.043207338456965255
44,855,0.044505791082262526
44,856,0.04382039362326774
44,857,0.04391988186700909
44,858,0.049567610665155346
44,859,0.04956653326907444
44,860,0.04841073157992517
44,861,0.04488497544322182
44,862,0.04182142389555785
44,863,0.04120807423445194
44,864,0.03722057125288536
44,865,0.039329422654149
44,866,0.03667996148289149
44,867,0.035847145198417876
44,868,0.03954738533869326
44,869,0.041748933005874775
44,870,0.04246764234755864
44,871,0.04378929555148942
44,872,0.043992726544171204
44,873,0.040579490946937226
44,874,0.0427285767990856
44,875,0.04218803200268593
44,876,0.036241967546183355
44,877,0.03579388237373303
44,878,0.03185605226956279
44,879,0.03355084191913487
44,880,0.03574551774850386
44,881,0.03728282281574848
44,882,0.03969833839797613
44,883,0.040733661376424604
44,884,0.04351549933341786
44,885,0.04533720321432584
44,886,0.039471562118689046
44,887,0.03816428288002224
44,888,0.036638260885174086
44,889,0.03756475213487675
44,890,0.0357585403768249
44,891,0.03583998545445317
44,892,0.03979291684370659
44,893,0.040862893728653114
44,894,0.04141564232800369
44,895,0.043005530735093
44,896,0.04245560850675662
44,897,0.039121472016993675
44,898,0.04127050019563846
44,899,0.040278666813674306
44,900,0.037143946078559385
44,901,0.03872660385842148
44,902,0.03456787512961248
44,903,0.03365394200892511
44,904,0.03591580716060771
44,905,0.038101700853867944
44,906,0.038403920983961316
44,907,0.03867043930944581
44,908,0.042039253700622045
44,909,0.043693113513665095
44,910,0.03961817459648352
44,911,0.03616315099643689
44,912,0.03301274587014865
44,913,0.033689551809495864
44,914,0.03228958199958376
44,915,0.03190623079202225
44,916,0.036594348154824506
44,917,0.037173319656705874
44,918,0.03829411408128774
44,919,0.04006113896361661
44,920,0.03961173708781536
44,921,0.036546190408160754
44,922,0.03814481209581716
44,923,0.04127203442768078
44,924,0.036080814057493985
44,925,0.0318683479613584
44,926,0.030485332727994037
44,927,0.03269526243296364
44,928,0.035188789871120445
44,929,0.040155435313747496
44,930,0.04052140331766043
44,931,0.03870890557812776
44,932,0.043037931778498545
44,933,0.0411501765994354
44,934,0.0364943694644811
44,935,0.03703066537809483
44,936,0.038312090727198704
44,937,0.04201250501154082
44,938,0.03866459561193512
44,939,0.034670091739381376
44,940,0.03689445804764326
44,941,0.039751350464869446
44,942,0.04226056226380514
44,943,0.04577929175629683
44,944,0.04706247944297146
44,945,0.04501416485692693
44,946,0.04652360760254564
44,947,0.046055429451952
44,948,0.041430961078207595
44,949,0.04057198240701708
44,950,0.03588797771071628
44,951,0.03175807497609149
44,952,0.035038332647873566
44,953,0.03985204350591031
44,954,0.04034622892995257
44,955,0.040097551521049844
44,956,0.04418190966450762
44,957,0.04710281715930987
44,958,0.04153202960944272
44,959,0.04092856544499268
44,960,0.03864710474542565
44,961,0.04168430580617322
44,962,0.03847925582229231
44,963,0.0344310228679139
44,964,0.03586778244495742
44,965,0.03791602191543878
44,966,0.041059896154534106
44,967,0.042504165486444576
44,968,0.043019694326003236
44,969,0.04114620183846828
44,970,0.043523636884839775
44,971,0.0439504532741259
44,972,0.034335381600479435
44,973,0.03478904952588394
44,974,0.03475970245317234
44,975,0.036226872381232955
44,976,0.03975074609760009
44,977,0.04217485684769465
44,978,0.04349657827818844
44,979,0.044650466101605626
44,980,0.04559018163295156
44,981,0.04281506178331387
44,982,0.04179553111024776
44,983,0.04116882840165837
44,984,0.040012287740770404
44,985,0.043257525731976956
44,986,0.03979524486361384
44,987,0.03591917632149514
44,988,0.037661215084465856
44,989,0.03966337954867083
44,990,0.04080480260794186
44,991,0.04142438774370471
44,992,0.04217228308270758
44,993,0.04113552166851062
44,994,0.04308509676966543
44,995,0.04206480006322278
44,996,0.03743219646597643
44,997,0.0380107654037368
44,998,0.03625783759672972
44,999,0.03470646524663626
44,1000,0.03557573030573215
44,1001,0.04020575531440336
44,1002,0.042342531934137055
44,1003,0.04163119688707935
44,1004,0.04252390761567645
44,1005,0.04031992958163114
44,1006,0.04080142154711703
44,1007,0.041653036415476595
44,1008,0.038953081586384615
44,1009,0.043012154148000935
44,1010,0.04040661534350534
44,1011,0.03683564816356539
44,1012,0.03870025241119987
44,1013,0.040247993325454756
44,1014,0.042302984260361165
44,1015,0.04509516933360781
44,1016,0.046787410290960126
44,1017,0.043899704264978995
44,1018,0.0464030677441046
44,1019,0.0474789117732698
44,1020,0.04084672496716179
44,1021,0.04174303031063033
44,1022,0.042938250703189504
44,1023,0.04555775466880363
44,1024,0.046324646156747
44,1025,0.05082577636940895
44,1026,0.05110398608841627
44,1027,0.04858598467861047
44,1028,0.04774031854185566
44,1029,0.04776627563767834
44,1030,0.04646357575278701
44,1031,0.04561249642026813
44,1032,0.043599369703725896
44,1033,0.048919358536393114
44,1034,0.04756634402227078
44,1035,0.042047210978507596
44,1036,0.04311545756893613
44,1037,0.04480375513953066
44,1038,0.04652317519453604
44,1039,0.04862283592760738
44,1040,0.0480365478150677
44,1041,0.04499650228035318
44,1042,0.047215951117210914
44,1043,0.04788189134234777
44,1044,0.041577496995542904
44,1045,0.04538895726237839
44,1046,0.04352322959129909
44,1047,0.0409970433701551
44,1048,0.038914239452841545
44,1049,0.04446261194559638
44,1050,0.045796342902753286
44,1051,0.04184613922287042
44,1052,0.04520790902727174
44,1053,0.04813497717871919
44,1054,0.044911631361708886
44,1055,0.04583061731852358
44,1056,0.044260182349307384
44,1057,0.04914852077836879
44,1058,0.0460251494570792
44,1059,0.04109409950149916
44,1060,0.0426095325375305
44,1061,0.04379253468724592
44,1062,0.04634576760822834
44,1063,0.04759855620364003
44,1064,0.04725285706366897
44,1065,0.04614831725520805
44,1066,0.04832007279950388
44,1067,0.04934004132517838
44,1068,0.047426770734343725
44,1069,0.05255488981935093
44,1070,0.04898169717595268
44,1071,0.04336201631366901
44,1072,0.03967823318795172
44,1073,0.04334449870701338
44,1074,0.04767251244611483
44,1075,0.04736512539296916
44,1076,0.04670321913069598
44,1077,0.04719953576539567
44,1078,0.04584786854979232
44,1079,0.04638073367004855
44,1080,0.042542894178227625
44,1081,0.044743046506933705
44,1082,0.041966666749864025
44,1083,0.037273534763087306
44,1084,0.04010732456414755
44,1085,0.04313921375863665
44,1086,0.04512651724454204
44,1087,0.04530631368543461
44,1088,0.045265675246050054
44,1089,0.04257910555756336
44,1090,0.04473077031936053
44,1091,0.04674375703552429
44,1092,0.040643086742086075
44,1093,0.04491802441066952
44,1094,0.04785427960098276
44,1095,0.05059483417809414
44,1096,0.05380442633036194
44,1097,0.05972595994874621
44,1098,0.06147755165887065
44,1099,0.05693871170593117
44,1100,0.05281004895677977
44,1101,0.04907513770596291
44,1102,0.045783983568636014
44,1103,0.04661118734746632
44,1104,0.04576809712154008
44,1105,0.05320621257809249
44,1106,0.05162351592126692
44,1107,0.047926347210339025
44,1108,0.05233035612512535
44,1109,0.05516229353467134
44,1110,0.05694510717018773
44,1111,0.057738084990931283
44,1112,0.05533246183811009
44,1113,0.0522226197308829
44,1114,0.054462741789078194
44,1115,0.054834720864816916
44,1116,0.043984866636727696
44,1117,0.04660150680888134
44,1118,0.04903940484959234
44,1119,0.0500695781066395
44,1120,0.05032358677566331
44,1121,0.05365381672463504
44,1122,0.05712518620065515
44,1123,0.056617557784475483
44,1124,0.056130904627422186
44,1125,0.05546179633301489
44,1126,0.051460840365654445
44,1127,0.05018509110814161
44,1128,0.045954276122263084
44,1129,0.05116463291476866
44,1130,0.0510122169827039
44,1131,0.045839611787040484
44,1132,0.04719332080440585
44,1133,0.05160323168505007
44,1134,0.05546328975540236
44,1135,0.056237459508966504
44,1136,0.05621184411993323
44,1137,0.05319771765387819
44,1138,0.05416865063860803
44,1139,0.053643284250807395
44,1140,0.044306541824524176
44,1141,0.046909368681061624
44,1142,0.04679864448385443
44,1143,0.046852339295193564
44,1144,0.04916051540211092
44,1145,0.05680827741564231
44,1146,0.06103719144373438
44,1147,0.05929427896238519
44,1148,0.059085078058953876
44,1149,0.05836438302928106
44,1150,0.052723633614423664
44,1151,0.05088673842746853
44,1152,0.04849861794388769
44,1153,0.05525184667266096
44,1154,0.05367358530370338
44,1155,0.04715499592454485
44,1156,0.050598466008505205
44,1157,0.055912069521185465
44,1158,0.06087761195515085
44,1159,0.06306395546113727
44,1160,0.06269962344873951
44,1161,0.05913836215969095
44,1162,0.060477574409844734
44,1163,0.06064461602916803
44,1164,0.05027925906168275
44,1165,0.051036172338749394
44,1166,0.04960199647208838
44,1167,0.05349654653893155
44,1168,0.052881427438656266
44,1169,0.062165554698607316
44,1170,0.06720748924250759
44,1171,0.063222327837471
44,1172,0.06573214953904262
44,1173,0.061059168126550246
44,1174,0.057975767459250635
44,1175,0.05453675246146997
44,1176,0.05118608644993581
44,1177,0.05951077022957499
44,1178,0.061114145366445646
44,1179,0.054067223281359954
44,1180,0.05603694383506931
44,1181,0.0598420140583103
44,1182,0.06408590773352967
44,1183,0.06544406645614213
44,1184,0.06406033926093686
44,1185,0.05991832843696043
44,1186,0.06159400059063942
44,1187,0.059903851422192345
44,1188,0.05308003012514392
44,1189,0.05496555625694889
44,1190,0.05305510742191533
44,1191,0.05406715948585064
44,1192,0.05579437686770417
44,1193,0.062162640672952865
44,1194,0.06641432673131159
44,1195,0.06832757022311482
44,1196,0.06917140961682063
44,1197,0.07120505723142602
44,1198,0.06223139373200735
44,1199,0.06068739982194341
44,1200,0.057759918640282404
44,1201,0.06173108027673951
44,1202,0.06091182139294175
44,1203,0.05452034422271328
44,1204,0.05744285764263547
44,1205,0.06181145282834916
44,1206,0.06094718675201484
44,1207,0.06178413581611154
44,1208,0.06176268195179661
44,1209,0.05644936835880063
44,1210,0.057586554711530895
44,1211,0.05808584839351256
44,1212,0.05677353825035654
44,1213,0.05846209390933315
44,1214,0.053303958598486946
44,1215,0.046219433167129266
44,1216,0.048835971168853826
44,1217,0.052167843188839935
44,1218,0.05401136212302907
44,1219,0.05260108564714263
44,1220,0.056518092088652945
44,1221,0.062175939361405246
44,1222,0.053628554197905035
44,1223,0.052176808614330376
44,1224,0.04865737416839624
44,1225,0.05305094780893483
44,1226,0.05109106428785471
44,1227,0.04474085776198097
44,1228,0.04703139445534585
44,1229,0.05165204580458579
44,1230,0.0542037622402896
44,1231,0.05501406227555485
44,1232,0.05416193431827642
44,1233,0.05096567147506959
44,1234,0.051838212445822075
44,1235,0.054364628862093194
44,1236,0.05572817765175546
44,1237,0.06344102133165154
44,1238,0.05813288835400794
44,1239,0.04996936809347002
44,1240,0.050461458715986875
44,1241,0.055839558131507774
44,1242,0.05422195821127755
44,1243,0.051948212950017676
44,1244,0.055403795791812906
44,1245,0.05776467179762907
44,1246,0.0538182068434804
44,1247,0.05176562599199961
44,1248,0.0462340442786326
44,1249,0.04795015394965734
44,1250,0.046876451918087085
44,1251,0.04225512155176298
44,1252,0.04702497532382483
44,1253,0.05003320305495725
44,1254,0.05032074877575528
44,1255,0.05378040222627896
44,1256,0.05410422553634063
44,1257,0.05080045651572232
44,1258,0.05061067797283349
44,1259,0.05097311001372683
44,1260,0.04959809274568648
44,1261,0.05437247584347008
44,1262,0.05169994832686874
44,1263,0.04688794832170864
44,1264,0.047333770801427234
44,1265,0.05079165685942902
44,1266,0.04939225496071026
44,1267,0.04839286419840571
44,1268,0.04986938158165539
44,1269,0.05384060590751796
44,1270,0.04741124887640502
44,1271,0.047094122700213015
44,1272,0.04300519100609343
44,1273,0.0449816751982636
44,1274,0.04409865456890964
44,1275,0.03981916341828315
44,1276,0.04319509313939329
44,1277,0.04532553260149888
44,1278,0.046335234477662794
44,1279,0.04847760264297888
44,1280,0.050575384550185544
44,1281,0.0474998982346907
44,1282,0.048562372839597585
44,1283,0.04889883753228609
44,1284,0.04456751968272958
44,1285,0.044654614720303104
44,1286,0.040139566680992285
44,1287,0.03755325517046004
44,1288,0.03780609383191453
44,1289,0.041599533395052866
44,1290,0.040589965705287556
44,1291,0.04301296979978041
44,1292,0.04479365093708492
44,1293,0.04743144965531933
44,1294,0.04412991585797375
44,1295,0.04255738855543503
44,1296,0.039881368253521926
44,1297,0.04224364261539669
44,1298,0.04284777340278336
44,1299,0.03982060518578882
44,1300,0.0422244187219825
44,1301,0.042152576285207466
44,1302,0.043810745843009105
44,1303,0.047709120194523856
44,1304,0.04841932613796491
44,1305,0.045938245486503215
44,1306,0.049853337353234536
44,1307,0.052730682598392406
44,1308,0.044365577269003253
44,1309,0.04119636421699464
44,1310,0.04289174626890048
44,1311,0.044911484585671374
44,1312,0.047756872072984666
44,1313,0.0529297811680716
44,1314,0.055929618513312275
44,1315,0.057678049428806985
44,1316,0.05733908277681723
44,1317,0.05519058066870792
44,1318,0.04795490174860965
44,1319,0.0454625362089823
44,1320,0.045078258399834675
44,1321,0.0497443786585141
44,1322,0.04980582158089632
44,1323,0.04425348397016113
44,1324,0.04518007964579461
44,1325,0.04661384263450463
44,1326,0.047598751164432844
44,1327,0.05021868068365712
44,1328,0.049396325642063116
44,1329,0.0476689528956092
44,1330,0.0493863958022726
44,1331,0.04963916526589458
44,1332,0.04149576691389099
44,1333,0.04050228113624199
44,1334,0.042862957820769654
44,1335,0.04323501909439967
44,1336,0.045568172105122436
44,1337,0.049292295008260295
44,1338,0.05333021569983645
44,1339,0.05459929857667342
44,1340,0.05709328032236152
44,1341,0.055363805089364816
44,1342,0.04933995714261803
44,1343,0.04730184300318802
44,1344,0.04463737548204
44,1345,0.049704585112127976
44,1346,0.05036290693736399
44,1347,0.044245415099481086
44,1348,0.043816038127993145
44,1349,0.04629871354526654
44,1350,0.05022185001825643
44,1351,0.05404414399209673
44,1352,0.055436042934628255
44,1353,0.05162278775785789
44,1354,0.05393118451371694
44,1355,0.05597517984488181
44,1356,0.04890002935688296
44,1357,0.04852691687777121
44,1358,0.04837450682375388
44,1359,0.0513221270403446
44,1360,0.0534519242797699
44,1361,0.05777518046275331
44,1362,0.0619843798113892
44,1363,0.060571302159952704
44,1364,0.0587592222901269
44,1365,0.05514852677302055
44,1366,0.05204648260807749
44,1367,0.05353249130815694
44,1368,0.05351612373188575
44,1369,0.06249840111468557
44,1370,0.06324935379650899
44,1371,0.0556649819516641
44,1372,0.05544090975298195
44,1373,0.05995572649048629
44,1374,0.06615224333141727
44,1375,0.06810309543009802
44,1376,0.0683059465165488
44,1377,0.06344679723440151
44,1378,0.0640415044612818
44,1379,0.06444188374220658
44,1380,0.05653129208804971
44,1381,0.059152829117088114
44,1382,0.06301075837078236
44,1383,0.06643759045146544
44,1384,0.06588793559496174
44,1385,0.07209903198422447
44,1386,0.07565833138037435
44,1387,0.07412103728107389
44,1388,0.07338907378092795
44,1389,0.07037348396286583
44,1390,0.06229731742628702
44,1391,0.060517467730864846
44,1392,0.058710152503306405
44,1393,0.06854423617154132
44,1394,0.06894857830133155
44,1395,0.06161708317159946
44,1396,0.06136257072132706
44,1397,0.06553284929745491
44,1398,0.07008031595412699
44,1399,0.07370084519681418
44,1400,0.07267735203575054
44,1401,0.06687957076100887
44,1402,0.0682088290573478
44,1403,0.06612533123347175
44,1404,0.056021065320058565
44,1405,0.058743190676516566
44,1406,0.06210301415062028
44,1407,0.0628166792030954
44,1408,0.06375742920879997
44,1409,0.06933634985212839
44,1410,0.07655496369533443
44,1411,0.07697357202655494
44,1412,0.07711037988168525
44,1413,0.07275919606504112
44,1414,0.06802236068212908
44,1415,0.06643129850488536
44,1416,0.06257492501404226
44,1417,0.07227319015190858
44,1418,0.06863530257707479
44,1419,0.05830208607837142
44,1420,0.0588457853369673
44,1421,0.06430495871585284
44,1422,0.07049483915982094
44,1423,0.07543741477776938
44,1424,0.07683129073132201
44,1425,0.07087777132076295
44,1426,0.0699288820063441
44,1427,0.07216638745367172
44,1428,0.06039799961154564
44,1429,0.06523978423587012
44,1430,0.0678687704594385
44,1431,0.07437404402214716
44,1432,0.06943654603099075
44,1433,0.07383193294708679
44,1434,0.08060871483546019
44,1435,0.07509362171288236
44,1436,0.08116761737021569
44,1437,0.08075954169685612
44,1438,0.07685138275949165
44,1439,0.0726251899102097
44,1440,0.06903652563276334
44,1441,0.08019841711644499
44,1442,0.08043844823407643
44,1443,0.07253830512212697
44,1444,0.06473887059952914
44,1445,0.0672712968585213
44,1446,0.07872283073939809
44,1447,0.08608353192780867
44,1448,0.08586621547485493
44,1449,0.08121519219368907
44,1450,0.08371110732329849
44,1451,0.07908711711876013
44,1452,0.06692111204026474
44,1453,0.06819881765052915
44,1454,0.06433617819789147
44,1455,0.06067346051027865
44,1456,0.05289841502479758
44,1457,0.0555421852235399
44,1458,0.06375994808982677
44,1459,0.06362073041312756
44,1460,0.06445554924435333
44,1461,0.06654180721851188
44,1462,0.06540118802376756
44,1463,0.06373414520956583
44,1464,0.05734060304289336
44,1465,0.061755910594221565
44,1466,0.058349581022404215
44,1467,0.052235185708312294
44,1468,0.05428200972795318
44,1469,0.05628059343658589
44,1470,0.05854716998555239
44,1471,0.0608181924229573
44,1472,0.06028853796177861
44,1473,0.055366599613474246
44,1474,0.05902128194039974
44,1475,0.06162119001056964
44,1476,0.05153924715826695
44,1477,0.04917001796112165
44,1478,0.050486144077582965
44,1479,0.050585976201176934
44,1480,0.048842322018048584
44,1481,0.05164904935357716
44,1482,0.05612009357263689
44,1483,0.05541548326932423
44,1484,0.061883969061143504
44,1485,0.06272042276886476
44,1486,0.056073410816770204
44,1487,0.05585293571610491
44,1488,0.05292417137017519
44,1489,0.05914276803154091
44,1490,0.06024240597988569
44,1491,0.053813129839637375
44,1492,0.05489392896332526
44,1493,0.0578984037776358
44,1494,0.06301785816838777
44,1495,0.06703325208403382
44,1496,0.06588559856374093
44,1497,0.05917940695683716
44,1498,0.06345633021744443
44,1499,0.06659523943429321
44,1500,0.05849347365291266
44,1501,0.05685589862181664
44,1502,0.05831015266876967
44,1503,0.06030196107337052
44,1504,0.06088571415389995
44,1505,0.06207307858880619
44,1506,0.07111444253225661
44,1507,0.0695179844387014
44,1508,0.06701021783565154
44,1509,0.06891814143662345
44,1510,0.06469140131809945
44,1511,0.061454239610456825
44,1512,0.057877481065968815
44,1513,0.0643136983088304
44,1514,0.06526261984510626
44,1515,0.057491213299891444
44,1516,0.057860385042785026
44,1517,0.06213227673880013
44,1518,0.06609253781059063
44,1519,0.06947872863474953
44,1520,0.06884250359482301
44,1521,0.06433659599896575
44,1522,0.06582909028898476
44,1523,0.06779935862381324
44,1524,0.056609965502937704
44,1525,0.0534238062072734
44,1526,0.05471993270457386
44,1527,0.05459624016966267
44,1528,0.05602682197479892
44,1529,0.060621819993546204
44,1530,0.0644892604724616
44,1531,0.06289207607660786
44,1532,0.06696675778146143
44,1533,0.07079666407069532
44,1534,0.06417196572922866
44,1535,0.06214640165121387
44,1536,0.05807473990044763
44,1537,0.06572921839266438
44,1538,0.06670127234441424
44,1539,0.058901135442645594
44,1540,0.05734389568894978
44,1541,0.060819888055816874
44,1542,0.06618438479292613
44,1543,0.06897874134824154
44,1544,0.0691933986011824
44,1545,0.06682239829388802
44,1546,0.0671854530078695
44,1547,0.06827289513147342
44,1548,0.05635510202785251
44,1549,0.058117718268878474
44,1550,0.05976599570141236
44,1551,0.058467117144690293
44,1552,0.058695287842667726
44,1553,0.060780682427901495
44,1554,0.06725921563099752
44,1555,0.06745894199038462
44,1556,0.06641985696096263
44,1557,0.06865139824582354
44,1558,0.06602923598776272
44,1559,0.06147821857586956
44,1560,0.056716208868726956
44,1561,0.06104981833617494
44,1562,0.059930342313941835
44,1563,0.051899898921390686
44,1564,0.054297863445150245
44,1565,0.05861394816157943
44,1566,0.06576642715226116
44,1567,0.06923211469206837
44,1568,0.07008135757374327
44,1569,0.06362159467339061
44,1570,0.06440293974062726
44,1571,0.06647598818684261
44,1572,0.06355283765422035
44,1573,0.06791566865603955
44,1574,0.06456761895893957
44,1575,0.05545166774938126
44,1576,0.05096010416809641
44,1577,0.05502386681715686
44,1578,0.06327135394895753
44,1579,0.0653413979093667
44,1580,0.06398804457476494
44,1581,0.06309205358613475
44,1582,0.06042663264264335
44,1583,0.061258255562760856
44,1584,0.05677438299766115
44,1585,0.059126746115804596
44,1586,0.056442607661557634
44,1587,0.049102839858031426
44,1588,0.050838123361670526
44,1589,0.05469729373105821
44,1590,0.05729512018593348
44,1591,0.059808005941931974
44,1592,0.05870740665714435
44,1593,0.05558131145246318
44,1594,0.05477160651241873
44,1595,0.05726756646982963
44,1596,0.05403708370221501
44,1597,0.057129810474817244
44,1598,0.054618656034176004
44,1599,0.04726544223390871
44,1600,0.04739806040808096
44,1601,0.05323659056263433
44,1602,0.05446839555873887
44,1603,0.05309547183550307
44,1604,0.056449911182755094
44,1605,0.06214919594424783
44,1606,0.05991498742676287
44,1607,0.05809082227873869
44,1608,0.05294068052232663
44,1609,0.05559009095637952
44,1610,0.05273303692775237
44,1611,0.04573104937681304
44,1612,0.04741351763615051
44,1613,0.050627782873897256
44,1614,0.05377925798533759
44,1615,0.05807877417528579
44,1616,0.060329581817355
44,1617,0.057349921037834074
44,1618,0.05746609408513356
44,1619,0.05796171833799147
44,1620,0.0542818070218283
44,1621,0.054435759696362475
44,1622,0.05363401872985758
44,1623,0.048086158463561124
44,1624,0.04514488228966275
44,1625,0.04883818835229927
44,1626,0.049240953729685254
44,1627,0.05236295231171268
44,1628,0.05374708308566947
44,1629,0.05815084550438817
44,1630,0.05450767233296618
44,1631,0.05322832734796507
44,1632,0.04905309295149935
44,1633,0.051378042857516515
44,1634,0.05159776744495435
44,1635,0.0451520529642325
44,1636,0.045900456867966635
44,1637,0.04681931062323984
44,1638,0.0500767789202503
44,1639,0.053649023797415096
44,1640,0.053522087117998135
44,1641,0.052009328161479844
44,1642,0.051073508927151255
44,1643,0.05518994917470492
44,1644,0.05255475133013845
44,1645,0.056885879525386894
44,1646,0.052238746009577224
44,1647,0.04516001057036366
44,1648,0.04206126678457597
44,1649,0.043239447091077694
44,1650,0.0460774565461569
44,1651,0.047032855842785305
44,1652,0.04954335977724687
44,1653,0.053853066987900745
44,1654,0.05156531308362697
44,1655,0.04944307686511265
44,1656,0.04646789197576518
44,1657,0.04766794761418485
44,1658,0.04522594654429593
44,1659,0.03893499933454152
44,1660,0.040553337954995425
44,1661,0.043234852826658815
44,1662,0.047320557481223664
44,1663,0.053968107061365664
44,1664,0.05722277079841551
44,1665,0.05665406946835167
44,1666,0.05883317338471289
44,1667,0.05940150102619903
44,1668,0.051240632809396204
44,1669,0.04517901509455694
44,1670,0.04357158085031895
44,1671,0.04410499963844418
44,1672,0.043818262266899485
44,1673,0.04763387150543205
44,1674,0.05173878148484576
44,1675,0.05167761910600139
44,1676,0.05312541339005245
44,1677,0.05522855507845957
44,1678,0.05252220525794561
44,1679,0.04805768881767715
44,1680,0.04325729929331798
44,1681,0.046465864199743585
44,1682,0.04866042760373938
44,1683,0.044963828731661194
44,1684,0.04458949786119149
44,1685,0.04876476705044739
44,1686,0.053250052441460104
44,1687,0.05652187795180868
44,1688,0.05642447771229416
44,1689,0.05430514834685297
44,1690,0.058101238513349605
44,1691,0.06076564238259277
44,1692,0.05712690680561713
44,1693,0.05532029945591628
44,1694,0.04993330227301003
44,1695,0.04272677446382687
44,1696,0.04005955229010367
44,1697,0.04338169638884969
44,1698,0.04869010932812127
44,1699,0.04761905677515828
44,1700,0.049612457793216526
44,1701,0.05249828497348809
44,1702,0.049936413528784175
44,1703,0.0495998462552457
44,1704,0.04423704043043759
44,1705,0.048166711266232266
44,1706,0.04551902449919968
44,1707,0.04135241221594391
44,1708,0.04299065038497943
44,1709,0.04794742921913381
44,1710,0.05292570936325704
44,1711,0.05577129560321176
44,1712,0.05443343639958748
44,1713,0.050552074316432334
44,1714,0.051065989039636786
44,1715,0.053121913366754966
44,1716,0.04981018852779419
44,1717,0.050478887894977
44,1718,0.04771214330948317
44,1719,0.0436878080395813
44,1720,0.04109308921059584
44,1721,0.04537743035543213
44,1722,0.050880852697030944
44,1723,0.05273379747486319
44,1724,0.050469425044352687
44,1725,0.04965016368681943
44,1726,0.04897661450388984
44,1727,0.04871206803007836
44,1728,0.044354034288326655
44,1729,0.04581462202655258
44,1730,0.044261954717764354
44,1731,0.038909081081253696
44,1732,0.0408185062185031
44,1733,0.046653236083007435
44,1734,0.0517227915800614
44,1735,0.05509202643193752
44,1736,0.054212790747775234
44,1737,0.05210633276113123
44,1738,0.05362168291879832
44,1739,0.055408256612224475
44,1740,0.05245506633889199
44,1741,0.05380917723693681
44,1742,0.051058374960063505
44,1743,0.04540495454046041
44,1744,0.04416394733442649
44,1745,0.04927879175786918
44,1746,0.057502182644489086
44,1747,0.06076496510988061
44,1748,0.05543676148672954
44,1749,0.050273630339789
44,1750,0.048902044534295905
44,1751,0.04816867961673657
44,1752,0.04258295529131977
44,1753,0.043854054031285256
44,1754,0.042000288309444814
44,1755,0.03794341433032003
44,1756,0.03967005222495394
44,1757,0.043996495370072886
44,1758,0.04820004225398177
44,1759,0.051126331563146644
44,1760,0.0503094995833402
44,1761,0.04891354130594239
44,1762,0.04987118200510217
44,1763,0.05137917227439633
44,1764,0.04816775371490529
44,1765,0.049906290943590406
44,1766,0.04808346132898114
44,1767,0.04277402306735484
44,1768,0.04127575125585276
44,1769,0.043723887598702556
44,1770,0.04991713241130671
44,1771,0.05307525241516888
44,1772,0.050302352026653036
44,1773,0.047996658844036
44,1774,0.0470354928756059
44,1775,0.0466869345176125
44,1776,0.04342767086138789
44,1777,0.04589720786863922
44,1778,0.04529134753759975
44,1779,0.04106182039737742
44,1780,0.042031455374188426
44,1781,0.04309700820466256
44,1782,0.04443656972525372
44,1783,0.045798921224284556
44,1784,0.04495245235500812
44,1785,0.04405697943579408
44,1786,0.04762066296291583
44,1787,0.04867083563724191
44,1788,0.04635028406663268
44,1789,0.04487849320124325
44,1790,0.047315035269010076
44,1791,0.042424841774546446
44,1792,0.04055007805571034
44,1793,0.04074905190169698
44,1794,0.04476943916280778
44,1795,0.04677755238183705
44,1796,0.046460302285706544
44,1797,0.04803822779173095
44,1798,0.04762024014824891
44,1799,0.046919320600092566
44,1800,0.043477584361222815
44,1801,0.04600047619857081
44,1802,0.04542314309694531
44,1803,0.04213422588549033
44,1804,0.04325839494103909
44,1805,0.042508005006081824
44,1806,0.04438927301458515
44,1807,0.046390463450055854
44,1808,0.047025133151003845
44,1809,0.04739128082022544
44,1810,0.05172690167821832
44,1811,0.0537330931244678
44,1812,0.05211654681360363
44,1813,0.05239845886591538
44,1814,0.047652514317214054
44,1815,0.04158013653152135
44,1816,0.038241494482544124
44,1817,0.03869781407805733
44,1818,0.03925842428549367
44,1819,0.03934790430225883
44,1820,0.042442832097549774
44,1821,0.046582304756882034
44,1822,0.04672439955497353
44,1823,0.045177532742149744
44,1824,0.04115293091071428
44,1825,0.042260407113926604
44,1826,0.04256017984909724
44,1827,0.039770963759581064
44,1828,0.04103726729577754
44,1829,0.03957487829676679
44,1830,0.04054192477879532
44,1831,0.04338922222407285
44,1832,0.04428770750235029
44,1833,0.045116171631868325
44,1834,0.050100174796884084
44,1835,0.053049977503067725
44,1836,0.04595735028527089
44,1837,0.041085605171766966
44,1838,0.04250431915107223
44,1839,0.04345988262750668
44,1840,0.0447354328332316
44,1841,0.04684809452187919
44,1842,0.04617710192317278
44,1843,0.04692231686483014
44,1844,0.04996030505048039
44,1845,0.05307366543227624
44,1846,0.05000303991132276
44,1847,0.045839738056040046
44,1848,0.04148708856867869
44,1849,0.04762592368042999
44,1850,0.04891407842797998
44,1851,0.045496746143100536
44,1852,0.044372382865083534
44,1853,0.041531265670749724
44,1854,0.042972055614780666
44,1855,0.04562607965171277
44,1856,0.04705744765388238
44,1857,0.047502379975956126
44,1858,0.05512552950778428
44,1859,0.05966914909601019
44,1860,0.056204630528577444
44,1861,0.052472663887609565
44,1862,0.054210037998129776
44,1863,0.05809823359761885
44,1864,0.058071770482565635
44,1865,0.05613774373516375
44,1866,0.057636083459327414
44,1867,0.05734714735479936
44,1868,0.05715323627803131
44,1869,0.05957748231557808
44,1870,0.058312765998332454
44,1871,0.05383720563773632
44,1872,0.04894506645019207
44,1873,0.05531068456643955
44,1874,0.06023492280084421
44,1875,0.05705179635429667
44,1876,0.055682315430363866
44,1877,0.05359828207352991
44,1878,0.0557593344216151
44,1879,0.05868168610835255
44,1880,0.05977130555090739
44,1881,0.06024998783445631
44,1882,0.06503079649518156
44,1883,0.0652470113371558
44,1884,0.056206525637367555
44,1885,0.0571091942313238
44,1886,0.06126126648588392
44,1887,0.06402858510271084
44,1888,0.06540174250544434
44,1889,0.06305501915044752
44,1890,0.0619344617755373
44,1891,0.061324465697368755
44,1892,0.06300544984980552
44,1893,0.06635407757419294
44,1894,0.06446416039598984
44,1895,0.060346124283691606
44,1896,0.05652415552319317
44,1897,0.0658979304790423
44,1898,0.072377152097205
44,1899,0.06634902781951621
44,1900,0.0627929617122734
44,1901,0.0621182856275511
44,1902,0.06675374789095037
44,1903,0.07077626656371909
44,1904,0.07046169091037048
44,1905,0.06799398679659921
44,1906,0.07047927787042314
44,1907,0.06703130126177698
44,1908,0.057336978130208584
44,1909,0.05882842151387814
44,1910,0.06547178106055347
44,1911,0.0662882412162105
44,1912,0.06761292250183179
44,1913,0.06725118470856542
44,1914,0.07008429760348718
44,1915,0.07121907727240112
44,1916,0.0737721825181724
44,1917,0.07955142132640218
44,1918,0.07575376100638039
44,1919,0.07135499703668192
44,1920,0.06723009485403521
44,1921,0.07740816816604518
44,1922,0.08198409185281404
44,1923,0.07405045119946957
44,1924,0.07113284324415783
44,1925,0.07136158772461758
44,1926,0.07778289130798952
44,1927,0.08289457338623935
44,1928,0.08222715182227616
44,1929,0.07909394001055049
44,1930,0.08140870261806522
44,1931,0.07954440502154109
44,1932,0.06636045013913289
44,1933,0.06929966223901056
44,1934,0.0749421482143646
44,1935,0.07775493657463196
44,1936,0.08016770759234919
44,1937,0.0785538262814952
44,1938,0.08523794248931242
44,1939,0.08718405762556801
44,1940,0.08873193404607345
44,1941,0.08612013454615437
44,1942,0.08072763517733808
44,1943,0.07773422543653404
44,1944,0.07394723125641217
44,1945,0.0832175746909939
44,1946,0.08530084252880317
44,1947,0.07608031449139703
44,1948,0.07157531741761607
44,1949,0.07118969166702009
44,1950,0.07811075630577223
44,1951,0.08332622073398313
44,1952,0.08303680958854127
44,1953,0.08089006203297962
44,1954,0.08091200331148247
44,1955,0.07384980667199077
44,1956,0.060569511978993316
44,1957,0.06339923131634076
44,1958,0.0670898461125562
44,1959,0.06275525452556835
44,1960,0.05767120646941015
44,1961,0.05605090002497625
44,1962,0.06224056671955801
44,1963,0.068121210077187
44,1964,0.07263596420613112
44,1965,0.0754789671364851
44,1966,0.07166362027827308
44,1967,0.06874350991801455
44,1968,0.06310764035314537
44,1969,0.06913982781564845
44,1970,0.06662620066806553
44,1971,0.05727779585022879
44,1972,0.056146967780462256
44,1973,0.05805288925558227
44,1974,0.0650798792327305
44,1975,0.06784877131587201
44,1976,0.0656222140636815
44,1977,0.06269213158686182
44,1978,0.06564301656998787
44,1979,0.06219380049829233
44,1980,0.05207049012480554
44,1981,0.05482463474448215
44,1982,0.057310992245111554
44,1983,0.05536254516319505
44,1984,0.05413781474672447
44,1985,0.052004790655423114
44,1986,0.05638843898352397
44,1987,0.05649191394802285
44,1988,0.0582046818347049
44,1989,0.06550097383768971
44,1990,0.06412153361429872
44,1991,0.06215493080036673
44,1992,0.05616347578204048
44,1993,0.061100580105268136
44,1994,0.06011857090693723
44,1995,0.05271829331550578
44,1996,0.05161206553471005
44,1997,0.0527953196727563
44,1998,0.05802505794304783
44,1999,0.06327123615395128
44,2000,0.06442256038456418
44,2001,0.06422099680789838
44,2002,0.06980257289164495
44,2003,0.06942444248667454
44,2004,0.05692787058514081
44,2005,0.05611984903933749
44,2006,0.0592419127136707
44,2007,0.06133017613939691
44,2008,0.0618680824147751
44,2009,0.06133970944073382
44,2010,0.06391450354002841
44,2011,0.06272807386490452
44,2012,0.06348135499675399
44,2013,0.06631538548270512
44,2014,0.06536450145623533
44,2015,0.0633378616564738
44,2016,0.05792020451205215
44,2017,0.06541810676229
44,2018,0.06841864108327664
44,2019,0.06174980026251399
44,2020,0.05874476091044201
44,2021,0.05880448244040106
44,2022,0.0646874655353425
44,2023,0.06826256806060411
44,2024,0.06565134481673791
44,2025,0.06445641967848754
44,2026,0.06868445400941016
44,2027,0.06682014156722212
44,2028,0.05287521928650269
44,2029,0.05600749686559482
44,2030,0.055733057153312116
44,2031,0.04716452818916452
44,2032,0.042028646590031
44,2033,0.04177312247789405
44,2034,0.04668626401612045
44,2035,0.04719826191947664
44,2036,0.049641390739145266
44,2037,0.05490332635059912
44,2038,0.05566636720299449
44,2039,0.05358128582441723
44,2040,0.047905707998749304
44,2041,0.051284034903716726
44,2042,0.05212724601402849
44,2043,0.04691871724832668
44,2044,0.04830724378578137
44,2045,0.05027910444819987
44,2046,0.05464796590167444
44,2047,0.05768202738588458
44,2048,0.055234601617432516
44,2049,0.05314888508342314
44,2050,0.05660312104647156
44,2051,0.05670598221359879
44,2052,0.04969526915695653
44,2053,0.0506127473135991
44,2054,0.04834968929313979
44,2055,0.04435628346722559
44,2056,0.044063993852238095
44,2057,0.044595451019603355
44,2058,0.047894584078286985
44,2059,0.048888563920402237
44,2060,0.049597387256493916
44,2061,0.05172712909301855
44,2062,0.050485229673557244
44,2063,0.0509327929934704
44,2064,0.04617449512239091
44,2065,0.04874510330442395
44,2066,0.04936209308709375
44,2067,0.045675249682654184
44,2068,0.04669396225589637
44,2069,0.04751269149379597
44,2070,0.05028635972753312
44,2071,0.05237537919881135
44,2072,0.05188283199080665
44,2073,0.04929556566635426
44,2074,0.0514688396471537
44,2075,0.05002226078199947
44,2076,0.04253812794603202
44,2077,0.04478317114417858
44,2078,0.043489197290846555
44,2079,0.04118650633978955
44,2080,0.041194785736322875
44,2081,0.04366714550807919
44,2082,0.050413184181388536
44,2083,0.0539090247400882
44,2084,0.05169497615572836
44,2085,0.049547692976978044
44,2086,0.0490064940468351
44,2087,0.04924723275698577
44,2088,0.044652484510018686
44,2089,0.04704256790333182
44,2090,0.0476043255318135
44,2091,0.04479401966167313
44,2092,0.04586166798186897
44,2093,0.046471969364627636
44,2094,0.05033934909191616
44,2095,0.05289295636699711
44,2096,0.05182091409253344
44,2097,0.05089354677175719
44,2098,0.05377174203381172
44,2099,0.054930459083227544
44,2100,0.048173371503826404
44,2101,0.0533045471478733
44,2102,0.0536967183494232
44,2103,0.04597323997370754
44,2104,0.04330325919493077
44,2105,0.04521539259428175
44,2106,0.050555663940605844
44,2107,0.05290566783455016
44,2108,0.051878043633636
44,2109,0.05166747153792586
44,2110,0.05216157804951485
44,2111,0.05177535006911076
44,2112,0.04527756019090172
44,2113,0.04725514796821909
44,2114,0.04872857242786192
44,2115,0.044865562525408124
44,2116,0.046719884292631776
44,2117,0.049299098183355
44,2118,0.05398610524575272
44,2119,0.05684050924435301
44,2120,0.05547226774020824
44,2121,0.05312230512299983
44,2122,0.05465041007450021
44,2123,0.054780459115146375
44,2124,0.04701483720983641
44,2125,0.049147606065209945
44,2126,0.051286582821806544
44,2127,0.047760043130851595
44,2128,0.04459954801104452
44,2129,0.045360050720287905
44,2130,0.051394643163872426
44,2131,0.05316695185027232
44,2132,0.050607537537652784
44,2133,0.049897056189056356
44,2134,0.05076915181049033
44,2135,0.05056170593928884
44,2136,0.04550946895931732
44,2137,0.04818201592379096
44,2138,0.0493387554377361
44,2139,0.04588093802472234
44,2140,0.04734495930005866
44,2141,0.04887595362474571
44,2142,0.05125948727082057
44,2143,0.05377330347292306
44,2144,0.052687507394876536
44,2145,0.051533773662304
44,2146,0.054565478059917516
44,2147,0.05194703359858138
44,2148,0.044034974478521595
44,2149,0.047289239244646605
44,2150,0.05099314104498319
44,2151,0.047379631823585684
44,2152,0.04492454136242128
44,2153,0.046654616406492565
44,2154,0.05276346995931822
44,2155,0.056453916259240476
44,2156,0.05585541516940698
44,2157,0.05467221458831171
44,2158,0.05573086618371064
44,2159,0.0539856237223032
44,2160,0.04744492952549427
44,2161,0.048448024413859224
44,2162,0.04818312197407087
44,2163,0.04666905619791276
44,2164,0.04939471998469679
44,2165,0.04912982573324661
44,2166,0.052273699224633034
44,2167,0.05452450094535257
44,2168,0.05287267783740989
44,2169,0.053584689967697774
44,2170,0.05806518988279857
44,2171,0.057814787016865564
44,2172,0.05056246560718084
44,2173,0.049356224248764326
44,2174,0.04588871825687268
44,2175,0.044421598679433634
44,2176,0.046966958732967
44,2177,0.050190892135478594
44,2178,0.05129312982548022
44,2179,0.05159440159212071
44,2180,0.053062652001638684
44,2181,0.0563388417201075
44,2182,0.05584471223856324
44,2183,0.052729515466390285
44,2184,0.044756707560465306
44,2185,0.0463037032098705
44,2186,0.0494171863090581
44,2187,0.04832715396754781
44,2188,0.05069982777394177
44,2189,0.05114962193376922
44,2190,0.055262839496411295
44,2191,0.05864461118381427
44,2192,0.05723347775548875
44,2193,0.057389334679824974
44,2194,0.0606913614284336
44,2195,0.061512375281756085
44,2196,0.054248442097125364
44,2197,0.05543238142540142
44,2198,0.05758227157569112
44,2199,0.05471534425375804
44,2200,0.05174954288663386
44,2201,0.05312407996915415
44,2202,0.058671886819382596
44,2203,0.060859373833679724
44,2204,0.05713910622668208
44,2205,0.05626049733612887
44,2206,0.058223725237694715
44,2207,0.059295671365663744
44,2208,0.0518664476301331
44,2209,0.055087133016669156
44,2210,0.05745391774154849
44,2211,0.05494070411631919
44,2212,0.056127351999755395
44,2213,0.056302084995792805
44,2214,0.057325815868494
44,2215,0.057924009596291
44,2216,0.056415026101981264
44,2217,0.056152110367592656
44,2218,0.05972192143345473
44,2219,0.06050481663714304
44,2220,0.05370891247457862
44,2221,0.05915417693700197
44,2222,0.059430528655353185
44,2223,0.054935208271259674
44,2224,0.05330249803818414
44,2225,0.055514383567256964
44,2226,0.06054324396644937
44,2227,0.06383462591762717
44,2228,0.060681205247920415
44,2229,0.05974943862224108
44,2230,0.05984574496718709
44,2231,0.058860066555867084
44,2232,0.054294699268053546
44,2233,0.05819619134869758
44,2234,0.05832665631677607
44,2235,0.054603221962866134
44,2236,0.05586919960533104
44,2237,0.057044008008336665
44,2238,0.06017211526745805
44,2239,0.06224761809584459
44,2240,0.058765620322235305
44,2241,0.059015659496065326
44,2242,0.06312651489839227
44,2243,0.06325548212767985
44,2244,0.05907533071700097
44,2245,0.06362962203523469
44,2246,0.06279548318726287
44,2247,0.05547610982197641
44,2248,0.05270734877536943
44,2249,0.05390433352926771
44,2250,0.0597215342962967
44,2251,0.06431337899029861
44,2252,0.061365588045081125
44,2253,0.060683276828835384
44,2254,0.06262237305266197
44,2255,0.061483179262262225
44,2256,0.053900287907997856
44,2257,0.055847680962082244
44,2258,0.05350511565662219
44,2259,0.049059799928203356
44,2260,0.0504992786654601
44,2261,0.05173034769385526
44,2262,0.05278174335838059
44,2263,0.05423072718154426
44,2264,0.053306974612739574
44,2265,0.05265394131401919
44,2266,0.056004760646973996
44,2267,0.05662078570525764
44,2268,0.052166518730243035
44,2269,0.05634068082531355
44,2270,0.055703469210271916
44,2271,0.050148239284388545
44,2272,0.04878090951292674
44,2273,0.04917125777421743
44,2274,0.052546051306759864
44,2275,0.055766434708381184
44,2276,0.054042756895691386
44,2277,0.05551704693050115
44,2278,0.058042030197274525
44,2279,0.056482100146254946
44,2280,0.05035931497854496
44,2281,0.052429400344811423
44,2282,0.05190237062292592
44,2283,0.04857265068755182
44,2284,0.0496105543970336
44,2285,0.049623372841738886
44,2286,0.05062122489258366
44,2287,0.05266731626240889
44,2288,0.05217736632696094
44,2289,0.05247579537852727
44,2290,0.056026672880301685
44,2291,0.05752912726934676
44,2292,0.052730309854542315
44,2293,0.055410666182503114
44,2294,0.053052635357998465
44,2295,0.04860560625220421
44,2296,0.04705653744572733
44,2297,0.04627258818899394
44,2298,0.05002530985053935
44,2299,0.053355654254172526
44,2300,0.055404129314675525
44,2301,0.057200143074096065
44,2302,0.058328234517317515
44,2303,0.05368858145813281
44,2304,0.04657287918440349
44,2305,0.046946180535795315
44,2306,0.04689657324740049
44,2307,0.04612625746679242
44,2308,0.04915262291470105
44,2309,0.049397984493475836
44,2310,0.049473922918676645
44,2311,0.0509722429724241
44,2312,0.05114867411025381
44,2313,0.051441822345841694
44,2314,0.05472849626955858
44,2315,0.05374216980198106
44,2316,0.04888916424023652
44,2317,0.05113298765575941
44,2318,0.05124265292218446
44,2319,0.048312337351975314
44,2320,0.04869434147174215
44,2321,0.04552035772590072
44,2322,0.04473033763034491
44,2323,0.047872627299913095
44,2324,0.04857154498808763
44,2325,0.05028902689251618
44,2326,0.05368549952083055
44,2327,0.050620903947167104
44,2328,0.0444267680976297
44,2329,0.04503797795309343
44,2330,0.046527907783068014
44,2331,0.04790693996102013
44,2332,0.05202838529609142
44,2333,0.05132930682407509
44,2334,0.050243952087715385
44,2335,0.05154202672634981
44,2336,0.05199952356644028
44,2337,0.05257355539287727
44,2338,0.05602965647562814
44,2339,0.05433513766698752
44,2340,0.04892167896526523
44,2341,0.04664605994117033
44,2342,0.04547818645486801
44,2343,0.04425447165761885
44,2344,0.046777236047415176
44,2345,0.04586537189613133
44,2346,0.04526449333740594
44,2347,0.046885755376519164
44,2348,0.049556089348730424
44,2349,0.053981954603757404
44,2350,0.057711633467084744
44,2351,0.05406539311329731
44,2352,0.04763554114016455
44,2353,0.0488273653368384
44,2354,0.051892854523409346
44,2355,0.051868910454418674
44,2356,0.05454360447931543
44,2357,0.05326714395921924
44,2358,0.05277125326254745
44,2359,0.05627433066987499
44,2360,0.05643260706813858
44,2361,0.05792834170323049
44,2362,0.06173060141838396
44,2363,0.05910764798247522
44,2364,0.050486556887109686
44,2365,0.04717852412251196
44,2366,0.0457592569074803
44,2367,0.046116115021700904
44,2368,0.05295739451842078
44,2369,0.055746217236971304
44,2370,0.053313449083270584
44,2371,0.05056645662623861
44,2372,0.05233744756742609
44,2373,0.0533329888423039
44,2374,0.05222758770437326
44,2375,0.04955546135552284
44,2376,0.04198050151598026
44,2377,0.04322115195372749
44,2378,0.04621749881036211
44,2379,0.04651525610624763
44,2380,0.04829962973101434
44,2381,0.04668396100091728
44,2382,0.04573427673795758
44,2383,0.04716625543029577
44,2384,0.048290776402149814
44,2385,0.05025227442779715
44,2386,0.05468532645162434
44,2387,0.05410190488975279
44,2388,0.04868646414998688
44,2389,0.04843512567953929
44,2390,0.048117594933512024
44,2391,0.04526573225236033
44,2392,0.044498782202147515
44,2393,0.0448966229474954
44,2394,0.04395704958515931
44,2395,0.04093012365403557
44,2396,0.042006032668505784
44,2397,0.04418593121661793
44,2398,0.04779968312938266
44,2399,0.046289975891336654
44,2400,0.04058614529183897
44,2401,0.04072114191133664
44,2402,0.0416484493173061
44,2403,0.040409238247927366
44,2404,0.040716436924280924
44,2405,0.039263341946408466
44,2406,0.038708647751666526
44,2407,0.04035882675547054
44,2408,0.04251041713054827
44,2409,0.04658664729807039
44,2410,0.05051662993496789
44,2411,0.049767771635327994
44,2412,0.043800513517888
44,2413,0.040783563125445246
44,2414,0.04001273829588315
44,2415,0.03957973868599597
44,2416,0.039418478180835104
44,2417,0.044699168598250245
44,2418,0.04342827612107111
44,2419,0.04000586597755646
44,2420,0.04072138806447555
44,2421,0.03983754494368186
44,2422,0.0380292880755817
44,2423,0.035374275216092835
44,2424,0.029981640767020375
44,2425,0.03269451123557717
44,2426,0.034716679791186304
44,2427,0.03297162179651775
44,2428,0.03277651262420081
44,2429,0.033143241785083766
44,2430,0.03363334243096422
44,2431,0.03477155959018117
44,2432,0.03598851028074366
44,2433,0.036456032463934376
44,2434,0.04063027383022943
44,2435,0.04402424459865495
44,2436,0.039447402751436905
44,2437,0.03743717716472832
44,2438,0.036282872625807906
44,2439,0.036938192455814624
44,2440,0.0399021605256325
44,2441,0.04343266717900161
44,2442,0.04286834575510281
44,2443,0.037416578774964654
44,2444,0.03980251742121272
44,2445,0.03848151407246749
44,2446,0.03760892651191903
44,2447,0.037782862132239844
44,2448,0.03614893273956286
44,2449,0.0395928296947468
44,2450,0.04117656021551676
44,2451,0.03930904153210479
44,2452,0.03778203677270268
44,2453,0.03720819965121504
44,2454,0.037014165532155856
44,2455,0.03717390673901467
44,2456,0.0390228863147991
44,2457,0.038588595431128365
44,2458,0.04089342202425691
44,2459,0.04205038187711143
44,2460,0.03725399426440836
44,2461,0.03743328339174294
44,2462,0.03995506430982463
44,2463,0.04409411974187753
44,2464,0.04599556682662326
44,2465,0.043358742641823225
44,2466,0.04071950277862639
44,2467,0.03689043010229209
44,2468,0.039949235465621416
44,2469,0.04007565402961028
44,2470,0.038167486889271206
44,2471,0.03760392206999827
44,2472,0.03615718093782049
44,2473,0.04077072541931438
44,2474,0.0432599537274335
44,2475,0.03944739872815644
44,2476,0.03773932190528141
44,2477,0.038127039148810916
44,2478,0.037510359935258426
44,2479,0.038945588203409175
44,2480,0.04194896338685953
44,2481,0.041917986257711745
44,2482,0.044501037766525545
44,2483,0.047060843191203953
44,2484,0.04191094452925203
44,2485,0.042694039689884083
44,2486,0.04935931156752492
44,2487,0.055499784236405766
44,2488,0.05611195256357892
44,2489,0.055023153485181775
44,2490,0.05010565969601273
44,2491,0.04803608574025251
44,2492,0.05099444431428864
44,2493,0.0502153300520212
44,2494,0.04896144071251905
44,2495,0.05027384533996351
44,2496,0.04891986976582889
44,2497,0.05672939692610629
44,2498,0.05920885134082002
44,2499,0.05597473385590017
44,2500,0.054077977473750684
44,2501,0.05544492870345327
44,2502,0.055742012069482
44,2503,0.057779472836163547
44,2504,0.06000260913063198
44,2505,0.059296222556326404
44,2506,0.060787157581324545
44,2507,0.06020263880550614
44,2508,0.053244751049051915
44,2509,0.055577904039604886
44,2510,0.05860193383699219
44,2511,0.06554328684307936
44,2512,0.0723582367067705
44,2513,0.07278490112784751
44,2514,0.06516905692999024
44,2515,0.05682603900444276
44,2516,0.06299621956435163
44,2517,0.06427600561375817
44,2518,0.06132114817085148
44,2519,0.06303132515265929
44,2520,0.061610904889136314
44,2521,0.07099898611037664
44,2522,0.07322449187058455
44,2523,0.0672299740230592
44,2524,0.06500789033157407
44,2525,0.06711031572458379
44,2526,0.0676401444479031
44,2527,0.07106904985561859
44,2528,0.07553418408049219
44,2529,0.075969477360625
44,2530,0.07652618096580448
44,2531,0.07243217703799615
44,2532,0.0604631618869347
44,2533,0.059496032567398216
44,2534,0.06473762379414115
44,2535,0.074084218126999
44,2536,0.08021780430302426
44,2537,0.0806631616749591
44,2538,0.07537862673337156
44,2539,0.0737247093714839
44,2540,0.08153692367843182
44,2541,0.08230117166476104
44,2542,0.07967023016296641
44,2543,0.07917839108496338
44,2544,0.07573784607659353
44,2545,0.08289850201560978
44,2546,0.08139746053229002
44,2547,0.07004683975083491
44,2548,0.06483236426124082
44,2549,0.06726813687118023
44,2550,0.06908034101934753
44,2551,0.07364426371789141
44,2552,0.08008474571815327
44,2553,0.08267717460931481
44,2554,0.08565910880764305
44,2555,0.08408740005851975
44,2556,0.07047422094580018
44,2557,0.06973915639766204
44,2558,0.07062897934206507
44,2559,0.07256260729192048
44,2560,0.07039539293067859
44,2561,0.0694553331600604
44,2562,0.06723367951921082
44,2563,0.06992629058752935
44,2564,0.07958818938250668
44,2565,0.08314067555016925
44,2566,0.08099316778479818
44,2567,0.08120217786622766
44,2568,0.07680540095185898
44,2569,0.08250279366205876
44,2570,0.07868173423194376
44,2571,0.06815913342975519
44,2572,0.06557058188930058
44,2573,0.06872885063793084
44,2574,0.07098832010256166
44,2575,0.07648625076089786
44,2576,0.08391662190852721
44,2577,0.08658673843960321
44,2578,0.08657027481275392
44,2579,0.08342988081506005
44,2580,0.07119302772800813
44,2581,0.07075003776593186
44,2582,0.07049198487494357
44,2583,0.07559352498141313
44,2584,0.08202147826090024
44,2585,0.08016744406934974
44,2586,0.07456413598249596
44,2587,0.0740644571333542
44,2588,0.0829699269159983
44,2589,0.09217539033800082
44,2590,0.0907469161978298
44,2591,0.08918936957235227
44,2592,0.08163527222062407
44,2593,0.08364801613866382
44,2594,0.07862636384933151
44,2595,0.0694486186227681
44,2596,0.06594582422864667
44,2597,0.06842469807532588
44,2598,0.07117941847390537
44,2599,0.07701047802885289
44,2600,0.08765873870461721
44,2601,0.09344253553476875
44,2602,0.09862210946721639
44,2603,0.09488265095615195
44,2604,0.07499783265857517
44,2605,0.07027541133778704
44,2606,0.06597013434626155
44,2607,0.06288128467303397
44,2608,0.05649512815646848
44,2609,0.05636881357243059
44,2610,0.059639168955827895
44,2611,0.06589315555010178
44,2612,0.07511696395288292
44,2613,0.08091553473918975
44,2614,0.08032725531631985
44,2615,0.08078766148371097
44,2616,0.06977768790412062
44,2617,0.06860752552259729
44,2618,0.063524213680924
44,2619,0.05722095489564999
44,2620,0.05592778536524538
44,2621,0.05885870370476144
44,2622,0.05871030656724215
44,2623,0.06234474904967626
44,2624,0.06874546166936363
44,2625,0.07436178132826642
44,2626,0.08042585565878571
44,2627,0.07893564684581984
44,2628,0.06681086587408483
44,2629,0.06321663514487559
44,2630,0.06114389168019396
44,2631,0.05549589281228828
44,2632,0.05010917375219127
44,2633,0.04987308328774814
44,2634,0.05117760254677593
44,2635,0.05553021282550989
44,2636,0.06475126277862765
44,2637,0.06887174106372343
44,2638,0.07009556056832794
44,2639,0.06902679823124803
44,2640,0.058260868454346366
44,2641,0.057185654790066084
44,2642,0.0539370587938731
44,2643,0.05061577175459972
44,2644,0.05033962619607522
44,2645,0.05261975642633922
44,2646,0.052716950481548355
44,2647,0.05561974841757739
44,2648,0.06278510021816139
44,2649,0.0672343119399237
44,2650,0.07397029601297846
44,2651,0.07623028867236131
44,2652,0.06572641477258505
44,2653,0.06004739144241072
44,2654,0.059877689236578796
44,2655,0.06534574567485725
44,2656,0.07160234305472045
44,2657,0.07394395536300524
44,2658,0.07060042268373357
44,2659,0.0704591683306963
44,2660,0.07800947552672602
44,2661,0.08121132358031496
44,2662,0.08210061193630733
44,2663,0.07800903771492668
44,2664,0.06737228381739188
44,2665,0.06631141488078615
44,2666,0.06535577667547887
44,2667,0.0625008848162296
44,2668,0.061726088714415005
44,2669,0.06295080458161305
44,2670,0.06220518885938506
44,2671,0.06669521363610521
44,2672,0.07713459128665026
44,2673,0.08452846635345188
44,2674,0.09414272034237166
44,2675,0.09843482562310743
44,2676,0.08468778732874482
44,2677,0.07468034857405205
44,2678,0.07466766723725617
44,2679,0.08425692764854553
44,2680,0.09500387247204611
44,2681,0.09809644179331485
44,2682,0.08977566760464584
44,2683,0.08434478705644756
44,2684,0.08375350076770874
44,2685,0.09045740097410006
44,2686,0.0946404619873898
44,2687,0.09532397414942428
44,2688,0.08480758366688937
44,2689,0.08287561280187489
44,2690,0.08023621823457915
44,2691,0.07695569873308673
44,2692,0.07580931382132353
44,2693,0.07778898240334037
44,2694,0.0778780657567934
44,2695,0.08391848970334918
44,2696,0.09812357281033979
44,2697,0.10889147177730849
44,2698,0.12131451195431897
44,2699,0.12268569845856564
44,2700,0.10405888793671769
44,2701,0.09040675695610988
44,2702,0.08797901788014544
44,2703,0.09555254408643137
44,2704,0.10311269379037709
44,2705,0.10730056517529699
44,2706,0.10090072596759501
44,2707,0.09866675617486484
44,2708,0.104642917147778
44,2709,0.1159983062261303
44,2710,0.12726707308495983
44,2711,0.12568399690537976
44,2712,0.1071134344334127
44,2713,0.09764979552408298
44,2714,0.08670334068307385
44,2715,0.08008370532635052
44,2716,0.07698008962951894
44,2717,0.08165238845260121
44,2718,0.08446222709961694
44,2719,0.09331169433917354
44,2720,0.11020960574720204
44,2721,0.12390714268915129
44,2722,0.13603439298609685
44,2723,0.13398876848504038
44,2724,0.1127070257242091
44,2725,0.09721333773580305
44,2726,0.09199371946110203
44,2727,0.09097508973890647
44,2728,0.08864469748119337
44,2729,0.09066696278270808
44,2730,0.09547378206183597
44,2731,0.10719255936831966
44,2732,0.11859031225217734
44,2733,0.12099929690026516
44,2734,0.12542384184213504
44,2735,0.12280243651587158
44,2736,0.10373540665570045
44,2737,0.095080961536486
44,2738,0.08532457543927471
44,2739,0.07668808784004436
44,2740,0.07439257817370151
44,2741,0.0803584026740638
44,2742,0.08553963451907068
44,2743,0.09767496193022254
44,2744,0.10869317863663418
44,2745,0.11599499025337505
44,2746,0.12620337774516452
44,2747,0.1237856565995667
44,2748,0.10136059753968993
44,2749,0.08478193246403892
44,2750,0.0788663726031329
44,2751,0.07599601858646081
44,2752,0.07486224340573931
44,2753,0.0798675653396532
44,2754,0.0891089967344296
44,2755,0.10402304483336991
44,2756,0.1163690249007508
44,2757,0.12314660693903133
44,2758,0.12768527620256434
44,2759,0.11975444753956657
44,2760,0.09763252808843577
44,2761,0.08454975074926321
44,2762,0.07185456405652256
44,2763,0.06521706856563934
44,2764,0.06511595160750429
44,2765,0.07013137555006915
44,2766,0.07174583386390175
44,2767,0.07860800154832197
44,2768,0.08953310998696519
44,2769,0.10104382882702202
44,2770,0.11222658574511833
44,2771,0.11114174386519803
44,2772,0.09083910142801846
44,2773,0.07742559223433597
44,2774,0.06668105402557835
44,2775,0.06317436343686753
44,2776,0.063348166693619
44,2777,0.07040307021649356
44,2778,0.07852279178180474
44,2779,0.08998298334651109
44,2780,0.09978068822695019
44,2781,0.10532591122367047
44,2782,0.11218770896941756
44,2783,0.10806253433154632
44,2784,0.08902369251530722
44,2785,0.07861566461998058
44,2786,0.06835831413465214
44,2787,0.06459704629350649
44,2788,0.06410983767115092
44,2789,0.07031855862540311
44,2790,0.0731983096623908
44,2791,0.0793885209682128
44,2792,0.08736264058988805
44,2793,0.0954268849129613
44,2794,0.10557816767165658
44,2795,0.10614323043674968
44,2796,0.09209975385716718
44,2797,0.08733385059794586
44,2798,0.08746695628921719
44,2799,0.09587448860962597
44,2800,0.10655153999730191
44,2801,0.11539609615348247
44,2802,0.1176981285200721
44,2803,0.1226196062717581
44,2804,0.1254323730575978
44,2805,0.12835546835411393
44,2806,0.13756009765742347
44,2807,0.12932354071174496
44,2808,0.10633026563674831
44,2809,0.09317653932856175
44,2810,0.08150249729428605
44,2811,0.07854958523234352
44,2812,0.07813567297999162
44,2813,0.08279466019156909
44,2814,0.08659097463265221
44,2815,0.0935449941129882
44,2816,0.10353793757112247
44,2817,0.11518275609402955
44,2818,0.12932583785951104
44,2819,0.12889603041415462
44,2820,0.1061376361042975
44,2821,0.09240799737603962
44,2822,0.0787203442795438
44,2823,0.07582609408278995
44,2824,0.0762872758424999
44,2825,0.08032747137401962
44,2826,0.08708330581948477
44,2827,0.09884341021910123
44,2828,0.10596872222379426
44,2829,0.11081796874040067
44,2830,0.11619187974163162
44,2831,0.11014987854713497
44,2832,0.09034907111365799
44,2833,0.08021146990993809
44,2834,0.07289230422751246
44,2835,0.07168410148040372
44,2836,0.07048302296397223
44,2837,0.07344796880385411
44,2838,0.07488722708394237
44,2839,0.08043406651877055
44,2840,0.08575346299990419
44,2841,0.09064110904940534
44,2842,0.09766145774102274
44,2843,0.1001731508079119
44,2844,0.08658565290795513
44,2845,0.08292153015337198
44,2846,0.07959480334156072
44,2847,0.07826177645726029
44,2848,0.07695778181940852
44,2849,0.07846268733504085
44,2850,0.08312981562644249
44,2851,0.09006238126766616
44,2852,0.0925508854962733
44,2853,0.0941249539535151
44,2854,0.1004469208801457
44,2855,0.10334560019108084
44,2856,0.08947392533004325
44,2857,0.08186768872462438
44,2858,0.07533126175946638
44,2859,0.07692228214637382
44,2860,0.07677940405869506
44,2861,0.0790592346844021
44,2862,0.079824816562433
44,2863,0.08584801181983445
44,2864,0.09301966757328416
44,2865,0.09667516410650209
44,2866,0.10243817626932573
44,2867,0.10359961594967446
44,2868,0.08930289750965874
44,2869,0.0832134857202189
44,2870,0.07836236264140098
44,2871,0.07980619218907496
44,2872,0.07979800495381237
44,2873,0.08054329098368593
44,2874,0.08109613465365313
44,2875,0.08157015184393228
44,2876,0.08420710960241756
44,2877,0.08943892070217359
44,2878,0.09500454421605799
44,2879,0.09693157340440406
44,2880,0.08527985576521513
44,2881,0.07998994100109719
44,2882,0.07594094823159908
44,2883,0.07676916834246134
44,2884,0.07459799560161412
44,2885,0.07477648395216306
44,2886,0.07499099995935535
44,2887,0.08209545768263592
44,2888,0.09086652617156922
44,2889,0.09907213703754639
44,2890,0.10829627127943353
44,2891,0.10816330160156765
44,2892,0.09091718378478662
44,2893,0.08015863754599603
44,2894,0.07675375974809029
44,2895,0.08006897365327406
44,2896,0.07977570687415393
44,2897,0.08094962949334979
44,2898,0.08308531935570365
44,2899,0.09099006300278184
44,2900,0.09995258460266566
44,2901,0.10472268160676078
44,2902,0.10941598092199342
44,2903,0.10458003551006327
44,2904,0.0893836489681062
44,2905,0.07967438833753818
44,2906,0.07344477325139702
44,2907,0.07471022383051368
44,2908,0.07474761277885539
44,2909,0.07708431763105586
44,2910,0.07707822152154443
44,2911,0.0807936128453384
44,2912,0.08952318183778225
44,2913,0.095764653803818
44,2914,0.10271842120249274
44,2915,0.10316903113479975
44,2916,0.08797997862002924
44,2917,0.07928161049603323
44,2918,0.07735101667557008
44,2919,0.0823435093533138
44,2920,0.08523469243373451
44,2921,0.08662212251775771
44,2922,0.08789763741609342
44,2923,0.08382982520153409
44,2924,0.09186040409839555
44,2925,0.09821631548466489
44,2926,0.10749675391191918
44,2927,0.10930745950852418
44,2928,0.09107364854257007
44,2929,0.0806837524053845
44,2930,0.07454087248982831
44,2931,0.07563065998907735
44,2932,0.07619796575602812
44,2933,0.07971404030503706
44,2934,0.08165170117430515
44,2935,0.08964972103985083
44,2936,0.10008821353088238
44,2937,0.11239288377846755
44,2938,0.1264624630120017
44,2939,0.1277685468622507
44,2940,0.10395226061810815
44,2941,0.08632426111344824
44,2942,0.08115948572054707
44,2943,0.08927673206537368
44,2944,0.09644610185554542
44,2945,0.09701270271180143
44,2946,0.0915288786087213
44,2947,0.08421579967962205
44,2948,0.09347222305539328
44,2949,0.10254674184553045
44,2950,0.10895282586884456
44,2951,0.11131898840195317
44,2952,0.0968720480020572
44,2953,0.08719159000828254
44,2954,0.08364043164568812
44,2955,0.08465631383193795
44,2956,0.08339436319398892
44,2957,0.08276619528833881
44,2958,0.08415667969297896
44,2959,0.09410610715639259
44,2960,0.10669195830965801
44,2961,0.12048747253698981
44,2962,0.1355361320471634
44,2963,0.1326552507139097
44,2964,0.1094075190697624
44,2965,0.08656273077764345
44,2966,0.068779416695219
44,2967,0.06627179126047456
44,2968,0.0644633467928476
44,2969,0.06618817203574001
44,2970,0.06578029560416773
44,2971,0.064927588416016
44,2972,0.07549516993901699
44,2973,0.08732391929535024
44,2974,0.0956734037111923
44,2975,0.09892543877518827
44,2976,0.08707709771509299
44,2977,0.07920899022023063
44,2978,0.07485651334762063
44,2979,0.07396052394993989
44,2980,0.07128403252430372
44,2981,0.07124965077977014
44,2982,0.06990747771966305
44,2983,0.07300117686955633
44,2984,0.077502941019505
44,2985,0.0837588074548378
44,2986,0.09056932083478983
44,2987,0.09228609079265884
44,2988,0.07618604960310901
44,2989,0.06579401671314562
44,2990,0.06484076067507816
44,2991,0.06804933474565668
44,2992,0.07306133144938627
44,2993,0.07761026985174531
44,2994,0.07485291662167202
44,2995,0.07438888906503882
44,2996,0.08012321184765588
44,2997,0.09034913557733973
44,2998,0.09789152832752705
44,2999,0.09823506013201003
44,3000,0.08610379913739548
44,3001,0.07771898031333858
44,3002,0.07384165284205498
44,3003,0.07489882334209652
44,3004,0.07286837978625796
44,3005,0.07185389351783415
44,3006,0.072354257242049
44,3007,0.08023472338363444
44,3008,0.08743747456447427
44,3009,0.09521716499777978
44,3010,0.10385711717151856
44,3011,0.10063537570794409
44,3012,0.08629154399174102
44,3013,0.07835821170794675
44,3014,0.07838811881525007
44,3015,0.08540449154453594
44,3016,0.0906482556364871
44,3017,0.09212981114641149
44,3018,0.0869393686348334
44,3019,0.08066536732041324
44,3020,0.08806602282751103
44,3021,0.09854344190117903
44,3022,0.10472793211908586
44,3023,0.11074921814082411
44,3024,0.0974378560433166
44,3025,0.08519532383698153
44,3026,0.0806310733558461
44,3027,0.08092701089647311
44,3028,0.07798042764768344
44,3029,0.0779796291524123
44,3030,0.0804017243770567
44,3031,0.09079909834026924
44,3032,0.10248242734307723
44,3033,0.11431865459212365
44,3034,0.1246788796324458
44,3035,0.11867672645777441
44,3036,0.09634704796072394
44,3037,0.0794390341512754
44,3038,0.074046899495631
44,3039,0.0766717020779275
44,3040,0.0741018552167708
44,3041,0.06970227216614118
44,3042,0.06708810343335206
44,3043,0.07087956794327872
44,3044,0.08163877815502071
44,3045,0.09336515705990783
44,3046,0.10348645804916103
44,3047,0.10563035795371585
44,3048,0.0906960054218114
44,3049,0.07948032999824477
44,3050,0.07467700871206953
44,3051,0.07258526170230933
44,3052,0.06798913434106636
44,3053,0.06835281423072077
44,3054,0.07089349852935678
44,3055,0.0779672391810855
44,3056,0.08285585655237962
44,3057,0.09017701445252592
44,3058,0.09671688085990598
44,3059,0.09518222184808996
44,3060,0.07900199698536961
44,3061,0.0658945356494196
44,3062,0.058127698159248266
44,3063,0.054178195403458126
44,3064,0.05371704560373284
44,3065,0.055264638290692565
44,3066,0.05902761448941043
44,3067,0.06026592110032677
44,3068,0.07102887599604564
44,3069,0.08025923219546202
44,3070,0.08704151195230748
44,3071,0.08676117145071136
44,3072,0.07239691805539303
44,3073,0.0631352115876891
44,3074,0.05901840135086446
44,3075,0.06208321869266617
44,3076,0.06030304372722305
44,3077,0.058720790041404555
44,3078,0.05765493025538011
44,3079,0.06065009756041536
44,3080,0.06448921197827064
44,3081,0.07030048093518859
44,3082,0.07828469754006746
44,3083,0.07964180999483027
44,3084,0.06625826682446281
44,3085,0.05826110283516716
44,3086,0.054817956454002364
44,3087,0.058527139613721135
44,3088,0.05704167678898227
44,3089,0.055423789700565114
44,3090,0.05379542243098503
44,3091,0.054433097862270866
44,3092,0.061413381052753006
44,3093,0.06848884320137326
44,3094,0.07449305236318138
44,3095,0.07498359367048966
44,3096,0.06403902051556898
44,3097,0.05921098518200232
44,3098,0.06015940109049929
44,3099,0.06399258042252734
44,3100,0.061697157954390826
44,3101,0.0561447239767995
44,3102,0.051781437134384455
44,3103,0.052963723735612096
44,3104,0.05576323008473846
44,3105,0.06014052041510881
44,3106,0.0688816141829553
44,3107,0.06995768814265148
44,3108,0.06173349302640067
44,3109,0.0558180726255842
44,3110,0.0517314032332285
44,3111,0.053909266897105804
44,3112,0.05204078923530946
44,3113,0.05024963368322293
44,3114,0.0456873604931952
44,3115,0.04864337054691353
44,3116,0.05360485723316267
44,3117,0.059787612614527474
44,3118,0.06731781673789793
44,3119,0.06734115575105619
44,3120,0.05933713216558477
44,3121,0.05535001129804349
44,3122,0.05656820548366123
44,3123,0.06092814766867384
44,3124,0.05779360267242954
44,3125,0.0539271356851179
44,3126,0.05180347276814796
44,3127,0.05383885948944202
44,3128,0.056888340104856806
44,3129,0.06193897437872636
44,3130,0.06977054227907525
44,3131,0.07066860531860716
44,3132,0.061951961551062376
44,3133,0.056295760020747015
44,3134,0.054077562272307936
44,3135,0.05901260717181735
44,3136,0.059138820799010706
44,3137,0.05721920701520075
44,3138,0.057677816479965976
44,3139,0.05993894521214038
44,3140,0.06313707163899428
44,3141,0.06701729271662894
44,3142,0.07515784097383969
44,3143,0.07580835500360661
44,3144,0.06497831762581947
44,3145,0.057180682257163995
44,3146,0.05831596339273985
44,3147,0.06645043383403706
44,3148,0.06502350854702334
44,3149,0.06027628785601119
44,3150,0.055326868613689566
44,3151,0.05511474524989489
44,3152,0.058618780018301835
44,3153,0.06273799702195736
44,3154,0.06846888283805998
44,3155,0.06914247489133638
44,3156,0.05914652305223197
44,3157,0.054852336023917606
44,3158,0.057117672439779686
44,3159,0.06429117099111185
44,3160,0.06727374995137873
44,3161,0.06285798361808156
44,3162,0.05642702378737524
44,3163,0.05736104210035271
44,3164,0.06268332979499279
44,3165,0.06589100357322743
44,3166,0.06969077963033098
44,3167,0.06697993962432763
44,3168,0.057953457196538376
44,3169,0.05474407543028919
44,3170,0.058757795614953236
44,3171,0.06361056135295202
44,3172,0.06078477096679524
44,3173,0.05346653143892035
44,3174,0.047366403382346316
44,3175,0.04812737541968194
44,3176,0.05232107155473029
44,3177,0.05651021171111159
44,3178,0.0630659018750407
44,3179,0.06245585628573807
44,3180,0.05024218884713797
44,3181,0.04191336708179559
44,3182,0.04250645056659282
44,3183,0.048152279394334384
44,3184,0.05397330797303796
44,3185,0.05731140262988988
44,3186,0.0563225353595834
44,3187,0.05653406507735386
44,3188,0.06678312453687806
44,3189,0.07178347127819105
44,3190,0.07176783822743016
44,3191,0.069901883920166
44,3192,0.05967827573616195
44,3193,0.05696380809997316
44,3194,0.06077699596434633
44,3195,0.06328833660924059
44,3196,0.05828536280192289
44,3197,0.05097237526694242
44,3198,0.04624984810957084
44,3199,0.04729913545136179
44,3200,0.05326557103908736
44,3201,0.059344229362956025
44,3202,0.06637886863585087
44,3203,0.06775020265718776
44,3204,0.055907080166766196
44,3205,0.04983434384450265
44,3206,0.04833913165322639
44,3207,0.05501661701989424
44,3208,0.05825585785376846
44,3209,0.05529522933174958
44,3210,0.05136061729570462
44,3211,0.049440977532020904
44,3212,0.05483109900868378
44,3213,0.0630189744088058
44,3214,0.0660210025477254
44,3215,0.06579195253262214
44,3216,0.057865538407516015
44,3217,0.05403213155498798
44,3218,0.05824820022014347
44,3219,0.06170802632858429
44,3220,0.05726220373968562
44,3221,0.04965518808676372
44,3222,0.04524303372728761
44,3223,0.04584269554765094
44,3224,0.05039405657643502
44,3225,0.05551299471859629
44,3226,0.060990004810390006
44,3227,0.06066822807157019
44,3228,0.055563796456272456
44,3229,0.057024862764949995
44,3230,0.053869913709594895
44,3231,0.05422973545375584
44,3232,0.05275992559227722
44,3233,0.049389154097623685
44,3234,0.04805165862940433
44,3235,0.04727421631883068
44,3236,0.054845990559553436
44,3237,0.06285064039658245
44,3238,0.06642703025233836
44,3239,0.06496128054723194
44,3240,0.05692077493494956
44,3241,0.0535638815791071
44,3242,0.05459568471433815
44,3243,0.0566678241597397
44,3244,0.054501099983971034
44,3245,0.04860633236598036
44,3246,0.04516188535332624
44,3247,0.04618263391918287
44,3248,0.051093780464462876
44,3249,0.05597163544266844
44,3250,0.059858445455900626
44,3251,0.05968866719480086
44,3252,0.049155770730651374
44,3253,0.04531899423468466
44,3254,0.04777432698155028
44,3255,0.05436185815187981
44,3256,0.05485724114751363
44,3257,0.05275951771156668
44,3258,0.049505636163859904
44,3259,0.05492539245915147
44,3260,0.05989615760372029
44,3261,0.0627734958413046
44,3262,0.06351375070416557
44,3263,0.05937382100069522
44,3264,0.05043696736794008
44,3265,0.05033488161376602
44,3266,0.05253725203771097
44,3267,0.05622210516672899
44,3268,0.05390379308268515
44,3269,0.05022885018329929
44,3270,0.04674195669732056
44,3271,0.047974946686276755
44,3272,0.050706650880643654
44,3273,0.053897444704563376
44,3274,0.05616074436723771
44,3275,0.05477263666596261
44,3276,0.05102419975034474
44,3277,0.05326417782348226
44,3278,0.05619610510595728
44,3279,0.06491714721074164
44,3280,0.07017179461359274
44,3281,0.07223979088292386
44,3282,0.06907672589394144
44,3283,0.06995440386817875
44,3284,0.0748120879521984
44,3285,0.07474399482793767
44,3286,0.07560604211074418
44,3287,0.06903128997505863
44,3288,0.06016697321245812
44,3289,0.06355548834530701
44,3290,0.07034043143355605
44,3291,0.0731183339225263
44,3292,0.06816770853387143
44,3293,0.06377704742842955
44,3294,0.05980861301791831
44,3295,0.058956886851022836
44,3296,0.061909569744377564
44,3297,0.06659039725753174
44,3298,0.06962642196713713
44,3299,0.06697287311907574
44,3300,0.0556387667573865
44,3301,0.050537639811431875
44,3302,0.05135963550951763
44,3303,0.05811193340260161
44,3304,0.06496876203465107
44,3305,0.06478087304053873
44,3306,0.05969588601270479
44,3307,0.05922322648831689
44,3308,0.06438484771326348
44,3309,0.06654205313792752
44,3310,0.06282505864051445
44,3311,0.0568908099913301
44,3312,0.054018297242273555
44,3313,0.0617763883389047
44,3314,0.06906044890185194
44,3315,0.06829833212695534
44,3316,0.05972975523770018
44,3317,0.05154135705090955
44,3318,0.04771997920729824
44,3319,0.05260940705617202
44,3320,0.06093363031811613
44,3321,0.06286639036504535
44,3322,0.06465647011885864
44,3323,0.05940330599581126
44,3324,0.049172039357394025
44,3325,0.048566664677013434
44,3326,0.053955912523048336
44,3327,0.06664992047380155
44,3328,0.06918179589676583
44,3329,0.06273103239370668
44,3330,0.059257089116855836
44,3331,0.06535468153510589
44,3332,0.07450105207354218
44,3333,0.07571744452582435
44,3334,0.07642033971249941
44,3335,0.06801235301288036
44,3336,0.05842305212285289
44,3337,0.06343427462516425
44,3338,0.06761582245491318
44,3339,0.06589016515856531
44,3340,0.057156487942352605
44,3341,0.053540646185894054
44,3342,0.0531725603955265
44,3343,0.056105277952350305
44,3344,0.06402249409697311
44,3345,0.06853642187660255
44,3346,0.07221255529739341
44,3347,0.06925267103899395
44,3348,0.06091381034768451
44,3349,0.06434052767223748
44,3350,0.07596739737770648
44,3351,0.08527955341893655
44,3352,0.0866406817558621
44,3353,0.08253474852132571
44,3354,0.07854167376130942
44,3355,0.08472537429685235
44,3356,0.09224195924551373
44,3357,0.09003541102222923
44,3358,0.09168039604579471
44,3359,0.0844171290921959
44,3360,0.0734500773983106
44,3361,0.07737851686675906
44,3362,0.08377283370074093
44,3363,0.08020922782399446
44,3364,0.06989118837172183
44,3365,0.06491614464971696
44,3366,0.06494752819047243
44,3367,0.07011694592780103
44,3368,0.07747666672856832
44,3369,0.07913703594175082
44,3370,0.08287271957188094
44,3371,0.07920762063216634
44,3372,0.07022335995125224
44,3373,0.07086018413172614
44,3374,0.07659494923957251
44,3375,0.08592002792526056
44,3376,0.08640502882250595
44,3377,0.07973042095737863
44,3378,0.07926444205887193
44,3379,0.08710913982570175
44,3380,0.0941577149082927
44,3381,0.09442272302745655
44,3382,0.09421234932816838
44,3383,0.08619191780736148
44,3384,0.07585705951860082
44,3385,0.08020562751672886
44,3386,0.08559338085269715
44,3387,0.0841966814764041
44,3388,0.0753903793872936
44,3389,0.07179093085735948
44,3390,0.0706844417315297
44,3391,0.07228435005990615
44,3392,0.08162780985291063
44,3393,0.08531813974276621
44,3394,0.08976903299201097
44,3395,0.08654084582342823
44,3396,0.07639336118882074
44,3397,0.07212151272008416
44,3398,0.06680317401403783
44,3399,0.06756399418060755
44,3400,0.0635656960606769
44,3401,0.060796832026483
44,3402,0.06693522391202614
44,3403,0.07784986342542087
44,3404,0.0895192687605588
44,3405,0.08897739693848011
44,3406,0.08964906632434151
44,3407,0.0822872259794944
44,3408,0.07186002011151778
44,3409,0.07220747133257792
44,3410,0.07536273261120817
44,3411,0.07496797116089876
44,3412,0.068657837583314
44,3413,0.06418553539468666
44,3414,0.06166022146727107
44,3415,0.06075032012024366
44,3416,0.06521842410155565
44,3417,0.06514821283763077
44,3418,0.06619340646579955
44,3419,0.06384923743457202
44,3420,0.057907919573294386
44,3421,0.055226866886498444
44,3422,0.05904232643555045
44,3423,0.068874359061142
44,3424,0.06851293702300615
44,3425,0.06355988027825887
44,3426,0.06221057818804621
44,3427,0.06670693896166807
44,3428,0.0747221821277678
44,3429,0.07918392082790508
44,3430,0.07940963468745624
44,3431,0.07500943296312552
44,3432,0.07168462129646572
44,3433,0.07494461274483126
44,3434,0.0794750514295194
44,3435,0.07944934989219278
44,3436,0.07440358658394007
44,3437,0.06821479356160275
44,3438,0.061577514037826866
44,3439,0.06291347731009983
44,3440,0.0666371314770585
44,3441,0.06586166539573741
44,3442,0.07043167931646868
44,3443,0.07211913514418623
44,3444,0.06823728756296313
44,3445,0.06893361450643225
44,3446,0.06278339530953572
44,3447,0.06013274596321372
44,3448,0.05538206580667683
44,3449,0.05404218110558955
44,3450,0.052196394767815166
44,3451,0.055588842669791166
44,3452,0.06440688745060144
44,3453,0.06929312794467131
44,3454,0.0632237077675929
44,3455,0.05630762352265979
44,3456,0.05640562503158963
44,3457,0.062384522819943264
44,3458,0.06366883554055758
44,3459,0.06594737041757213
44,3460,0.0629210180368996
44,3461,0.05669813289966673
44,3462,0.051131536486101636
44,3463,0.05335763180956196
44,3464,0.056671431596792235
44,3465,0.056537151523240556
44,3466,0.058218850305240155
44,3467,0.056366537436696035
44,3468,0.05201660570616637
44,3469,0.05443942773110447
44,3470,0.05865972839043079
44,3471,0.0666485120505522
44,3472,0.06132785878587241
44,3473,0.05265254123794598
44,3474,0.04939888097808763
44,3475,0.05171697338679621
44,3476,0.056590315649208675
44,3477,0.05404785707920213
44,3478,0.053836713321690245
44,3479,0.05365898672748419
44,3480,0.05041484544905859
44,3481,0.05742206134939797
44,3482,0.06281000776860753
44,3483,0.06590591219617987
44,3484,0.0626457231991616
44,3485,0.057431600771482454
44,3486,0.05322135187498258
44,3487,0.05311632075201744
44,3488,0.054367809821908204
44,3489,0.04831578559530364
44,3490,0.047841204247832066
44,3491,0.05076656820942385
44,3492,0.05068727451210199
44,3493,0.053790404702448544
44,3494,0.052918609862966266
44,3495,0.05330168070289572
44,3496,0.05118602656070539
44,3497,0.04867897138160306
44,3498,0.04912644705173558
44,3499,0.050371010885477005
44,3500,0.055383396590313695
44,3501,0.05249091006952596
44,3502,0.05222685117102685
44,3503,0.05367623157767227
44,3504,0.05054841341079193
44,3505,0.05335167062011738
44,3506,0.055069579075059605
44,3507,0.05740619290199912
44,3508,0.057475464333802184
44,3509,0.05496261809147267
44,3510,0.05422328138388217
44,3511,0.05608265910958156
44,3512,0.057215489369082294
44,3513,0.05119632761223144
44,3514,0.048180724648104765
44,3515,0.049365211883793995
44,3516,0.04937253679363928
44,3517,0.053716960733054916
44,3518,0.04753531797410744
44,3519,0.047321020040154434
44,3520,0.04657196607629507
44,3521,0.04706852491638082
44,3522,0.04480448966361168
44,3523,0.04702205946715606
44,3524,0.05330644849754191
44,3525,0.05704866840356451
44,3526,0.05222708110522622
44,3527,0.04936093315615445
44,3528,0.04639812697619578
44,3529,0.05000814106453164
44,3530,0.051273676631466404
44,3531,0.05324985617570225
44,3532,0.0537837304288801
44,3533,0.05193450050914927
44,3534,0.04998602574438038
44,3535,0.0528640018978528
44,3536,0.0559064671913382
44,3537,0.05052628778888094
44,3538,0.0485507348667139
44,3539,0.04835234051882197
44,3540,0.04969756837253263
44,3541,0.05324187736230186
44,3542,0.048124059105485284
44,3543,0.0457114769935876
44,3544,0.04537073060658509
44,3545,0.04673953373210735
44,3546,0.046464270244348085
44,3547,0.047413777578435824
44,3548,0.05159539234576029
44,3549,0.049456657889000714
44,3550,0.0478285538177168
44,3551,0.05005065389637897
44,3552,0.04446305936093223
44,3553,0.045530450337802536
44,3554,0.04497413371663277
44,3555,0.0467178377595864
44,3556,0.05042960569150956
44,3557,0.05191140591300202
44,3558,0.05042381928325478
44,3559,0.051874237888176064
44,3560,0.0535867243462862
44,3561,0.049980900534785565
44,3562,0.04973618055557547
44,3563,0.04878145211725886
44,3564,0.04371359514505563
44,3565,0.044203226590497684
44,3566,0.051070206656442345
44,3567,0.05974028154051152
44,3568,0.06253101053889072
44,3569,0.06780841394461769
44,3570,0.07115250804079978
44,3571,0.06722291441578077
44,3572,0.060135602541955165
44,3573,0.05510333398633736
44,3574,0.05277084960186954
44,3575,0.0489321612311037
44,3576,0.04232442681841484
44,3577,0.04509563992504757
44,3578,0.046001234063968825
44,3579,0.04476087209173535
44,3580,0.047892084547424225
44,3581,0.048929181747611905
44,3582,0.047942144311829304
44,3583,0.04925954941488378
44,3584,0.05042748086193893
44,3585,0.04715322367454911
44,3586,0.04843809625028437
44,3587,0.04760414408440013
44,3588,0.0400598250812746
44,3589,0.03973326454407525
44,3590,0.043310988213847434
44,3591,0.04900836040080144
44,3592,0.05219580334365613
44,3593,0.055116315712005835
44,3594,0.05566935383123028
44,3595,0.05895591638383345
44,3596,0.06296220028382252
44,3597,0.0560118238217462
44,3598,0.05231021964480512
44,3599,0.051960969012508615
44,3600,0.050806313436483605
44,3601,0.0575499620167192
44,3602,0.05896609098430741
44,3603,0.054679468438062595
44,3604,0.05266788045703511
44,3605,0.055796493554815266
44,3606,0.05643402398780213
44,3607,0.058114735645602454
44,3608,0.05935007392337921
44,3609,0.054779350175603876
44,3610,0.053369139787914965
44,3611,0.05371894513706739
44,3612,0.04843215948681455
44,3613,0.04905661583447542
44,3614,0.05650161973889176
44,3615,0.06603982232881439
44,3616,0.07076605568438182
44,3617,0.06854549942264015
44,3618,0.06718573515895951
44,3619,0.06774492732484164
44,3620,0.06522863738957725
44,3621,0.05997713231420553
44,3622,0.058518275292069995
44,3623,0.05658231767383529
44,3624,0.05282238650855222
44,3625,0.06133877296083874
44,3626,0.06609912220018861
44,3627,0.06321323568210438
44,3628,0.060979825941734414
44,3629,0.06347501652971038
44,3630,0.06585687198219493
44,3631,0.06685263969550026
44,3632,0.06859009623255333
44,3633,0.06172793139836434
44,3634,0.06013679465609736
44,3635,0.059407187433830784
44,3636,0.05223517543929878
44,3637,0.051836902208588095
44,3638,0.05695915231264966
44,3639,0.06859157884507258
44,3640,0.06927385445395616
44,3641,0.07033897095852074
44,3642,0.06970538001337782
44,3643,0.07125083606759997
44,3644,0.07091074576687172
44,3645,0.06841774869743884
44,3646,0.06385474125052983
44,3647,0.058058047291267165
44,3648,0.056082750357868985
44,3649,0.06342576892674391
44,3650,0.0667704024756519
44,3651,0.06488275358957067
44,3652,0.06566838898409702
44,3653,0.06838111670118115
44,3654,0.06675850445224935
44,3655,0.06849785615830897
44,3656,0.06810396728888202
44,3657,0.0605628579337463
44,3658,0.06136685565789351
44,3659,0.06045645482682711
44,3660,0.052188425336396595
44,3661,0.049014419698212956
44,3662,0.05343719125661304
44,3663,0.061209725558883404
44,3664,0.05978311865260823
44,3665,0.0594210366148338
44,3666,0.06145380729592015
44,3667,0.06165414512845362
44,3668,0.0728139371640331
44,3669,0.06378587579449503
44,3670,0.058760241459589184
44,3671,0.05730029216467846
44,3672,0.05687578516235851
44,3673,0.06348759206154565
44,3674,0.06654004926573787
44,3675,0.06352773519021628
44,3676,0.06282796488717354
44,3677,0.06915430138098069
44,3678,0.07264211268999311
44,3679,0.07545672441060612
44,3680,0.07517360863828154
44,3681,0.06699922770429982
44,3682,0.06327055354051236
44,3683,0.06422763538818714
44,3684,0.06501367767163459
44,3685,0.07337383188005954
44,3686,0.0904818463003442
44,3687,0.10715497122760588
44,3688,0.1051883233898293
44,3689,0.09603042955699816
44,3690,0.09455848504766934
44,3691,0.08121719390339874
44,3692,0.07778996464598115
44,3693,0.08212689321101557
44,3694,0.07333993977941053
44,3695,0.0681217300644828
44,3696,0.062271809740503406
44,3697,0.07016837357725304
44,3698,0.07404700450947667
44,3699,0.07156060017115087
44,3700,0.07436159680884356
44,3701,0.07956592307091913
44,3702,0.08196166175902897
44,3703,0.08421064905521572
44,3704,0.08337874511991722
44,3705,0.07479308847641797
44,3706,0.06947221356648396
44,3707,0.06690725039783509
44,3708,0.06100421809913736
44,3709,0.05903050177736094
44,3710,0.06222778305338772
44,3711,0.07742883403458029
44,3712,0.08159384162211573
44,3713,0.07846690275330588
44,3714,0.07802676781660638
44,3715,0.08182954918390214
44,3716,0.08471201363882094
44,3717,0.07770166952284743
44,3718,0.07195046981909166
44,3719,0.06548934177097297
44,3720,0.06108243258142458
44,3721,0.07114222265012267
44,3722,0.07769440212375868
44,3723,0.07576702914606148
44,3724,0.0773728600003363
44,3725,0.08582906249350186
44,3726,0.08902211778440705
44,3727,0.08999111514770397
44,3728,0.0893061787296137
44,3729,0.08317231054738623
44,3730,0.07884482373611423
44,3731,0.0734092970987519
44,3732,0.06684660501726007
44,3733,0.06593381855802632
44,3734,0.07141942807843539
44,3735,0.08631864878960424
44,3736,0.08897707716159012
44,3737,0.09471198710260041
44,3738,0.10314918168156223
44,3739,0.1035562106400311
44,3740,0.09243949433977398
44,3741,0.08138134401570951
44,3742,0.08049998787894438
44,3743,0.0704214017034711
44,3744,0.06516489783585733
44,3745,0.07405143136104811
44,3746,0.0777338616318179
44,3747,0.0751791946051786
44,3748,0.07531756244665744
44,3749,0.08346627496767021
44,3750,0.08912958487460261
44,3751,0.09079897844265103
44,3752,0.08668282169283267
44,3753,0.07847589393380196
44,3754,0.07641029375769702
44,3755,0.07815511989154109
44,3756,0.06585796508747492
44,3757,0.06152139193566858
44,3758,0.06875331847290629
44,3759,0.07721797432966619
44,3760,0.07089437894432714
44,3761,0.07569914660177748
44,3762,0.07752351177018801
44,3763,0.083128081909327
44,3764,0.0961496738340173
44,3765,0.08545618112953858
44,3766,0.07730199370015835
44,3767,0.07372373757212229
44,3768,0.07183565003820745
44,3769,0.07872522113253966
44,3770,0.08238635545528812
44,3771,0.07901825353737814
44,3772,0.0794090238866822
44,3773,0.08916188763406874
44,3774,0.0948077338682807
44,3775,0.09141003285865175
44,3776,0.08627259376181753
44,3777,0.07791886722027985
44,3778,0.07717079397011646
44,3779,0.07475633374383667
44,3780,0.0681211013128862
44,3781,0.06499754549939159
44,3782,0.06194145802229924
44,3783,0.06492056630069999
44,3784,0.05913724519560044
44,3785,0.06002088748828817
44,3786,0.06439421882583832
44,3787,0.0714773956983684
44,3788,0.08384944152207653
44,3789,0.08952374499454037
44,3790,0.08056488744376991
44,3791,0.0671730446121515
44,3792,0.06432031021771122
44,3793,0.06635686795206472
44,3794,0.0637739063241235
44,3795,0.06380621652809171
44,3796,0.06961118728499875
44,3797,0.08148047848431247
44,3798,0.0844265370925842
44,3799,0.08388541747278988
44,3800,0.07827462488408356
44,3801,0.07360902177805509
44,3802,0.07677527291564262
44,3803,0.07731787358960922
44,3804,0.07477817633578458
44,3805,0.0768302788274321
44,3806,0.07232726364743776
44,3807,0.0721517326592282
44,3808,0.06899791474430236
44,3809,0.07321797224992432
44,3810,0.07011323054243086
44,3811,0.07042023038623528
44,3812,0.07582691669573069
44,3813,0.0837626700550328
44,3814,0.07952842332933993
44,3815,0.06716774166116131
44,3816,0.06246651454776893
44,3817,0.06156372723213478
44,3818,0.05550239099777425
44,3819,0.054283313280623094
44,3820,0.06203950077421679
44,3821,0.07109299822282517
44,3822,0.0757318393185242
44,3823,0.07546911178615842
44,3824,0.07030950392422591
44,3825,0.06532376282500342
44,3826,0.06629386239146465
44,3827,0.0640267531828521
44,3828,0.053024166728797256
44,3829,0.05033227994847853
44,3830,0.05381618868281466
44,3831,0.06450355877033002
44,3832,0.06105055451669461
44,3833,0.06132619086246775
44,3834,0.06260059103519525
44,3835,0.06620070105655879
44,3836,0.07551353353801682
44,3837,0.07936737145921864
44,3838,0.07430580286242357
44,3839,0.06663369976434916
44,3840,0.061462368296665675
44,3841,0.0605802452629064
44,3842,0.05727574612992018
44,3843,0.05448151882831029
44,3844,0.06086382491192487
44,3845,0.0713412654407943
44,3846,0.07771047933748106
44,3847,0.07937629309790052
44,3848,0.07180445241822914
44,3849,0.06519943545862127
44,3850,0.06932211917903014
44,3851,0.06473169518801837
44,3852,0.053567728622518185
44,3853,0.049524108120278854
44,3854,0.05276517626678392
44,3855,0.06648381787451339
44,3856,0.06325999286843888
44,3857,0.06288218691113057
44,3858,0.06325133310684268
44,3859,0.06678119664742443
44,3860,0.07150714110871098
44,3861,0.0755534710019224
44,3862,0.07193556840274379
44,3863,0.062485064816908076
44,3864,0.05776105212306922
44,3865,0.05983862382616878
44,3866,0.060950236312046074
44,3867,0.05990131564491354
44,3868,0.06408608926483364
44,3869,0.07211536969993405
44,3870,0.07736277096557949
44,3871,0.07830830261416825
44,3872,0.0743133261466652
44,3873,0.07269614645298711
44,3874,0.07101147307234551
44,3875,0.06782981465896537
44,3876,0.05665640523493094
44,3877,0.0522435563408663
44,3878,0.05659383857566255
44,3879,0.06919776480556641
44,3880,0.06954555488967092
44,3881,0.0648927680180011
44,3882,0.06098765018598245
44,3883,0.06337419677758606
44,3884,0.07005040312640672
44,3885,0.07434546199926304
44,3886,0.06625316507470497
44,3887,0.05818887603013353
44,3888,0.057196749667839254
44,3889,0.059446848370700724
44,3890,0.06218991400255143
44,3891,0.06293101059624552
44,3892,0.06775036778737932
44,3893,0.07510033556190306
44,3894,0.07876070868791032
44,3895,0.07452647854875613
44,3896,0.071585137218311
44,3897,0.06558688165835476
44,3898,0.06629814047790981
44,3899,0.06600785977267162
44,3900,0.06519849507941185
44,3901,0.0651931905805964
44,3902,0.06272708112249213
44,3903,0.06616223999169488
44,3904,0.06047433148260832
44,3905,0.07061721383842033
44,3906,0.0791766156923987
44,3907,0.08208710300504148
44,3908,0.08238082842133142
44,3909,0.07707060550184881
44,3910,0.06933098612183561
44,3911,0.06568106011834292
44,3912,0.062354556595284175
44,3913,0.06187850207750355
44,3914,0.06338313060804131
44,3915,0.06479794296937563
44,3916,0.06913075054028583
44,3917,0.07756373033623011
44,3918,0.08444049275103352
44,3919,0.08416650475143778
44,3920,0.07732807540826604
44,3921,0.06814277369862014
44,3922,0.06700069278124281
44,3923,0.06536880383132042
44,3924,0.062494823583790333
44,3925,0.058861331295016556
44,3926,0.06177103334907561
44,3927,0.0655123828141482
44,3928,0.05797569769099728
44,3929,0.061424952743884396
44,3930,0.06326667545338936
44,3931,0.06305478727787849
44,3932,0.06805399152728113
44,3933,0.07351174895948846
44,3934,0.06807313566514162
44,3935,0.06269094053143154
44,3936,0.06153723247229402
44,3937,0.059803295661912066
44,3938,0.05833941913287108
44,3939,0.060149908740169254
44,3940,0.06542161913725204
44,3941,0.0803949255444411
44,3942,0.08771861565188907
44,3943,0.08752506574370056
44,3944,0.07838265152310044
44,3945,0.06813808483534715
44,3946,0.06519564575395652
44,3947,0.05750724750956489
44,3948,0.05347377812387448
44,3949,0.05596379718947407
44,3950,0.0589689364737116
44,3951,0.06695715005966797
44,3952,0.0693397829809919
44,3953,0.07891772331310039
44,3954,0.08362862282598794
44,3955,0.08562564189471544
44,3956,0.08214392367608418
44,3957,0.07308734914698
44,3958,0.06566651443023894
44,3959,0.06048352922734988
44,3960,0.055943612029799
44,3961,0.0565481544632973
44,3962,0.057365607473400054
44,3963,0.057600649779300885
44,3964,0.061762668696525594
44,3965,0.07382127984422679
44,3966,0.07985331991934451
44,3967,0.08099481271348585
44,3968,0.07852954156656818
44,3969,0.07018502528678774
44,3970,0.06363751589173157
44,3971,0.057655387332697254
44,3972,0.05648876428433532
44,3973,0.05863589721671435
44,3974,0.06335131883628599
44,3975,0.07924288750896016
44,3976,0.08353131912998986
44,3977,0.08209844241368598
44,3978,0.08164176896779543
44,3979,0.08677386145188633
44,3980,0.0898256009258817
44,3981,0.08990555070701704
44,3982,0.07968234119327362
44,3983,0.07143448270646356
44,3984,0.0657280640721541
44,3985,0.06852530293653837
44,3986,0.07412534311583896
44,3987,0.07514466253280369
44,3988,0.0763774477031226
44,3989,0.08574805852416018
44,3990,0.09309563238800024
44,3991,0.09699508092955063
44,3992,0.09653903477932656
44,3993,0.09119099724413476
44,3994,0.08538597657164297
44,3995,0.0766660613532277
44,3996,0.0731414019963497
44,3997,0.07137977052288201
44,3998,0.07347180290629225
44,3999,0.08269291943123896
44,4000,0.08031833566422072
44,4001,0.08145916120137998
44,4002,0.08984624170523965
44,4003,0.09419448347547625
44,4004,0.09401845651626507
44,4005,0.09269243704618195
44,4006,0.09528853688873783
44,4007,0.09599920599089178
44,4008,0.085929731653785
44,4009,0.09062739936812653
44,4010,0.09196225327728141
44,4011,0.08472545858884391
44,4012,0.08487438703606767
44,4013,0.09446378513784078
44,4014,0.10107850044361806
44,4015,0.1001169548484138
44,4016,0.09581008381119217
44,4017,0.08797219426265618
44,4018,0.08350029919613158
44,4019,0.0754284116091331
44,4020,0.07813177358898327
44,4021,0.08146925717683907
44,4022,0.08455008053110981
44,4023,0.09582420231897863
44,4024,0.09267297366154899
44,4025,0.09712764890562023
44,4026,0.10219326704305828
44,4027,0.10239084322045452
44,4028,0.10437607229314508
44,4029,0.0963563309014427
44,4030,0.08977945570134108
44,4031,0.07925212198158378
44,4032,0.07100466886739365
44,4033,0.07877771396789109
44,4034,0.08220758198221231
44,4035,0.07733861593981148
44,4036,0.08022620857439802
44,4037,0.09549432272028693
44,4038,0.1042560189966607
44,4039,0.10832911783927889
44,4040,0.11034966300912769
44,4041,0.10870252346785854
44,4042,0.09884034322349841
44,4043,0.0843166259712141
44,4044,0.07979186694630483
44,4045,0.08238761486461534
44,4046,0.093691026650665
44,4047,0.1140178665239076
44,4048,0.10745591472460327
44,4049,0.11371840033910624
44,4050,0.11992179415590734
44,4051,0.11588414736015293
44,4052,0.10909129968143193
44,4053,0.10538881349241969
44,4054,0.10575581182929203
44,4055,0.09538152881485244
44,4056,0.08590175222478433
44,4057,0.09128620282665756
44,4058,0.09791794929562074
44,4059,0.09485994800771189
44,4060,0.10035397272920529
44,4061,0.11478458772161951
44,4062,0.12299423028029607
44,4063,0.12735076787587069
44,4064,0.12340354909471263
44,4065,0.11792080693061059
44,4066,0.10665472584632694
44,4067,0.09203884920484913
44,4068,0.08442665379907231
44,4069,0.08285439873329523
44,4070,0.09335775871180314
44,4071,0.11048882173846453
44,4072,0.10452211662407797
44,4073,0.09984111631146728
44,4074,0.10703716489894584
44,4075,0.1058698087760233
44,4076,0.10657412605787871
44,4077,0.11547067553134993
44,4078,0.09585450045653485
44,4079,0.08756129517283177
44,4080,0.08154782267706583
44,4081,0.09049846813075005
44,4082,0.09478999352364131
44,4083,0.09840734341445129
44,4084,0.09618109466347523
44,4085,0.10988524801302799
44,4086,0.12388515067605427
44,4087,0.12550088933619508
44,4088,0.12323790316924843
44,4089,0.12241548032721197
44,4090,0.1224289837202416
44,4091,0.10816913598953247
44,4092,0.09838481776457403
44,4093,0.09038987087661501
44,4094,0.09073840062960983
44,4095,0.09293274429025762
44,4096,0.07438813036583491
44,4097,0.08315526506437529
44,4098,0.09977648189685012
44,4099,0.10906625076244254
44,4100,0.1230293460983806
44,4101,0.12270387374882882
44,4102,0.09821835410184167
44,4103,0.08600851050031252
44,4104,0.07659146717897446
44,4105,0.0820263611752898
44,4106,0.082933593136755
44,4107,0.08080833107326424
44,4108,0.0816983856505011
44,4109,0.09702915667398483
44,4110,0.10991097440937841
44,4111,0.11470558930506886
44,4112,0.11072838412883741
44,4113,0.1169371502850078
44,4114,0.11655587123193484
44,4115,0.1063286799180498
44,4116,0.09661062711796019
44,4117,0.09342227372857044
44,4118,0.09209485446967165
44,4119,0.09685329610441619
44,4120,0.07255627863386956
44,4121,0.07767576204116983
44,4122,0.08254735867180571
44,4123,0.0882375079233704
44,4124,0.09859105953835703
44,4125,0.10458895400719945
44,4126,0.09510173035319781
44,4127,0.07950168235776452
44,4128,0.0748888942349405
44,4129,0.0794109431990302
44,4130,0.07544311487136009
44,4131,0.07238767369195175
44,4132,0.07966830626289687
44,4133,0.09373615108712642
44,4134,0.10509350838058602
44,4135,0.10448600650014139
44,4136,0.10010535541619268
44,4137,0.0948519525836725
44,4138,0.09139769348928993
44,4139,0.08227354162173858
44,4140,0.07835088261190506
44,4141,0.08102263708522668
44,4142,0.08019296882921367
44,4143,0.07771832452278689
44,4144,0.06109834120412938
44,4145,0.06550896791993026
44,4146,0.07136597296734568
44,4147,0.07996293694400886
44,4148,0.08780984985242937
44,4149,0.09169544721152688
44,4150,0.08104825336425986
44,4151,0.06403958378811886
44,4152,0.06301905556962013
44,4153,0.06789736566776888
44,4154,0.06463360769766256
44,4155,0.06474312597082596
44,4156,0.07624565426184389
44,4157,0.09579266451073928
44,4158,0.10518130170115704
44,4159,0.10581528858170006
44,4160,0.09400410081552926
44,4161,0.08238553681403224
44,4162,0.07708870712146687
44,4163,0.0701915334389876
44,4164,0.06247573097702298
44,4165,0.061522352679267076
44,4166,0.0656196314972693
44,4167,0.07948135952076965
44,4168,0.0882316316934992
44,4169,0.08826158521999913
44,4170,0.09058329320332739
44,4171,0.0904947522732454
44,4172,0.09301679928908653
44,4173,0.09906210822881654
44,4174,0.09176643128125037
44,4175,0.08237690642891807
44,4176,0.07513021436249795
44,4177,0.07864600014335446
44,4178,0.07474270001255798
44,4179,0.08007767735068394
44,4180,0.0921805115491676
44,4181,0.10978584259688992
44,4182,0.11965663150055063
44,4183,0.11768960659175597
44,4184,0.11083699781744996
44,4185,0.11147550127911453
44,4186,0.10869446135713222
44,4187,0.10055181252637001
44,4188,0.07654516084152453
44,4189,0.0744595797574024
44,4190,0.07985982864469757
44,4191,0.08945599134460162
44,4192,0.0893982261781187
44,4193,0.08852476675675472
44,4194,0.0886988187608265
44,4195,0.09267827079555951
44,4196,0.09897651326910441
44,4197,0.10061740342825325
44,4198,0.09080211226126726
44,4199,0.0775204852257327
44,4200,0.07027151591891806
44,4201,0.07257658626861642
44,4202,0.07225413934532925
44,4203,0.07466619171607791
44,4204,0.0862950541352784
44,4205,0.10339493090147361
44,4206,0.11202171768507332
44,4207,0.11201019085416142
44,4208,0.1087599305043765
44,4209,0.10317304319312165
44,4210,0.0980923033504559
44,4211,0.08253405953438853
44,4212,0.07216868635978294
44,4213,0.07098686882234834
44,4214,0.07218472294118337
44,4215,0.08774383409161998
44,4216,0.09297773901990071
44,4217,0.09442554127925912
44,4218,0.09496687370046628
44,4219,0.09674773474589217
44,4220,0.10332721067275721
44,4221,0.1092204481594565
44,4222,0.1020904171054443
44,4223,0.08796945707861155
44,4224,0.07847074393571538
44,4225,0.08044924795767824
44,4226,0.07779706877411374
44,4227,0.08190042107483218
44,4228,0.0874232178007558
44,4229,0.10452424055744444
44,4230,0.11367528228259437
44,4231,0.11618394107604296
44,4232,0.11273097736066934
44,4233,0.11168088470097862
44,4234,0.1081582268260929
44,4235,0.0924719460161074
44,4236,0.07935572608203571
44,4237,0.07229469883267887
44,4238,0.07830970662177401
44,4239,0.09141460158231444
44,4240,0.09046304269730661
44,4241,0.08925148966965743
44,4242,0.08851820027682865
44,4243,0.0936338582199749
44,4244,0.10280755284219406
44,4245,0.1133315371337566
44,4246,0.10740845806486514
44,4247,0.0871796996093764
44,4248,0.07752744109032533
44,4249,0.08173341919277062
44,4250,0.08301821942700972
44,4251,0.0861350188328695
44,4252,0.08984895374012383
44,4253,0.10542631934718037
44,4254,0.1147566578645226
44,4255,0.11919150322457069
44,4256,0.11921361978471755
44,4257,0.11827995925403102
44,4258,0.1099424725631919
44,4259,0.09193441640124071
44,4260,0.08379642473700134
44,4261,0.07907126329956829
44,4262,0.08814589966218427
44,4263,0.10208214326750964
44,4264,0.09597448502469712
44,4265,0.09069025832240195
44,4266,0.09395280861889728
44,4267,0.1019367510414956
44,4268,0.11377199372237477
44,4269,0.12208548509392944
44,4270,0.10079326966476121
44,4271,0.08412947240958625
44,4272,0.07802961809493311
44,4273,0.08591174501479629
44,4274,0.09167372925796076
44,4275,0.09043745063109429
44,4276,0.08807011816449795
44,4277,0.10267243285252695
44,4278,0.11132424736275891
44,4279,0.11334562714829574
44,4280,0.11245738331615963
44,4281,0.12158990356823463
44,4282,0.11569704990957763
44,4283,0.0932107653683044
44,4284,0.08188015765786823
44,4285,0.08709936431283526
44,4286,0.0969541943714085
44,4287,0.1145521952548452
44,4288,0.10267342062946029
44,4289,0.09887728694816396
44,4290,0.10355798697639476
44,4291,0.10390521473210369
44,4292,0.1021612582056556
44,4293,0.10139596338974684
44,4294,0.09346587565919545
44,4295,0.08282458023305356
44,4296,0.07819650636422022
44,4297,0.0854375319678578
44,4298,0.08990843198606717
44,4299,0.08635410870225534
44,4300,0.08706450323210671
44,4301,0.10301344206598599
44,4302,0.11285440154587731
44,4303,0.11646101081912087
44,4304,0.11112367869188823
44,4305,0.11741350487790961
44,4306,0.11719430998721857
44,4307,0.10607551399770913
44,4308,0.08943464197055319
44,4309,0.09237436982437444
44,4310,0.10854260651916256
44,4311,0.11255236839584587
44,4312,0.10093639909082185
44,4313,0.11217532504707142
44,4314,0.1231210138093262
44,4315,0.12427527048099407
44,4316,0.12143988118090532
44,4317,0.12185230756134038
44,4318,0.11820329328045005
44,4319,0.10648775279483527
44,4320,0.10041253406729139
44,4321,0.10923556430199889
44,4322,0.11799717540411811
44,4323,0.10943810057316002
44,4324,0.0989652362084553
44,4325,0.10843158119819145
44,4326,0.1114350759611431
44,4327,0.10855889566866601
44,4328,0.1033792844743806
44,4329,0.09832019142374668
44,4330,0.0944416369394892
44,4331,0.08554250817852685
44,4332,0.07450432541223066
44,4333,0.07605984262844626
44,4334,0.07759820991063898
44,4335,0.08310168143920457
44,4336,0.06975573455296871
44,4337,0.0717283730674878
44,4338,0.07782629967488702
44,4339,0.08418350574779317
44,4340,0.09299607667976732
44,4341,0.09549515386892098
44,4342,0.08309136758797905
44,4343,0.07294694286294938
44,4344,0.06731042806446473
44,4345,0.0746517518981072
44,4346,0.07810302364436449
44,4347,0.08165985301763147
44,4348,0.0856592119979678
44,4349,0.09794438521841915
44,4350,0.10208959206829368
44,4351,0.09953213545037067
44,4352,0.09273964895861483
44,4353,0.09423494756884762
44,4354,0.09677363196111961
44,4355,0.08488213900328423
44,4356,0.08414908558248536
44,4357,0.08142569124524876
44,4358,0.08326779358887866
44,4359,0.08424980179275776
44,4360,0.06291304434281854
44,4361,0.06560769226176225
44,4362,0.07171458754658344
44,4363,0.07976923621800588
44,4364,0.08726497160414774
44,4365,0.09296520013451506
44,4366,0.07986918454645481
44,4367,0.07032349455232216
44,4368,0.0693239399137684
44,4369,0.07246024523548113
44,4370,0.07010639173669231
44,4371,0.07126570852062002
44,4372,0.08001747185071437
44,4373,0.09744280278884468
44,4374,0.10771926538135364
44,4375,0.1133526208721698
44,4376,0.10483409313280637
44,4377,0.08906994028283485
44,4378,0.08214026992145396
44,4379,0.07163953987886171
44,4380,0.06728067072852373
44,4381,0.06345727882893779
44,4382,0.07137753981801782
44,4383,0.08478868791600387
44,4384,0.0801077271968097
44,4385,0.08250776532019277
44,4386,0.08417963911298657
44,4387,0.08622648841682964
44,4388,0.08555417989093125
44,4389,0.08597082115715814
44,4390,0.07463448048612979
44,4391,0.06729164912437706
44,4392,0.06852803944069373
44,4393,0.076089059657836
44,4394,0.07594910668353741
44,4395,0.07729225200288484
44,4396,0.08576037196933604
44,4397,0.10088261658649751
44,4398,0.10879542706943439
44,4399,0.10750190621434624
44,4400,0.09898469059021413
44,4401,0.08909226473506901
44,4402,0.07774198867237525
44,4403,0.06960640036462022
44,4404,0.06858899678090681
44,4405,0.06972248931402107
44,4406,0.07080655913294005
44,4407,0.08564845927427497
44,4408,0.08861896730097993
44,4409,0.09780584648664895
44,4410,0.10756083276724236
44,4411,0.10943253770322892
44,4412,0.10077790357736453
44,4413,0.08771274223338082
44,4414,0.073915884047723
44,4415,0.0666412761766066
44,4416,0.06470759429117058
44,4417,0.07217867542306963
44,4418,0.07217878686490864
44,4419,0.07555927641746564
44,4420,0.08207599973467114
44,4421,0.09636417012772569
44,4422,0.10579876386200408
44,4423,0.10348037545144681
44,4424,0.09152210814040786
44,4425,0.08585855324076942
44,4426,0.08021983355947832
44,4427,0.06921666580007645
44,4428,0.06533665563772
44,4429,0.06217728153796562
44,4430,0.06655915338002298
44,4431,0.07981942592202003
44,4432,0.08389560706761486
44,4433,0.0936238340350439
44,4434,0.10409973657116708
44,4435,0.10688110072108334
44,4436,0.0955343525184826
44,4437,0.08224352602720686
44,4438,0.07284084529271648
44,4439,0.0683956292030007
44,4440,0.06744929684557595
44,4441,0.07270362341195179
44,4442,0.06951317432611466
44,4443,0.07016974827502473
44,4444,0.07667736497505244
44,4445,0.08863010767991655
44,4446,0.09627770774813635
44,4447,0.10010443618540989
44,4448,0.09353721226494667
44,4449,0.0845038888258876
44,4450,0.07542730362093963
44,4451,0.07160187026072824
44,4452,0.06472286479567912
44,4453,0.06920822672491654
44,4454,0.07294990897373646
44,4455,0.08895593721697502
44,4456,0.09039444258469782
44,4457,0.08568798010832433
44,4458,0.09144668007955023
44,4459,0.09474351141357536
44,4460,0.09922495616326395
44,4461,0.09443675646372947
44,4462,0.08001198710722315
44,4463,0.07136251254749246
44,4464,0.07106834018081443
44,4465,0.07938006446352887
44,4466,0.08096235516876965
44,4467,0.08230516761637449
44,4468,0.08132059900483712
44,4469,0.09446284337265126
44,4470,0.10120678555186538
44,4471,0.09840688538326152
44,4472,0.09508752706762433
44,4473,0.09866462510950935
44,4474,0.09709430016334304
44,4475,0.07653398759575815
44,4476,0.07144967982989447
44,4477,0.07330944172179703
44,4478,0.08299675883466269
44,4479,0.1032778162645629
44,4480,0.10012314262320586
44,4481,0.09121223630296099
44,4482,0.08989887296647643
44,4483,0.09274054683080038
44,4484,0.09614829079650578
44,4485,0.10155144578866804
44,4486,0.0867372095128794
44,4487,0.07056733639488173
44,4488,0.06622343307003577
44,4489,0.0779180090327546
44,4490,0.07715282733448142
44,4491,0.07697672803806754
44,4492,0.07704203362170992
44,4493,0.09225342762882771
44,4494,0.09956967080709583
44,4495,0.09921975241668514
44,4496,0.09701790889047969
44,4497,0.09359055952242948
44,4498,0.08624517114410947
44,4499,0.07737178724170608
44,4500,0.0675635820074374
44,4501,0.06594253153588417
44,4502,0.07685258206859852
44,4503,0.09276177354819275
44,4504,0.08428138882497258
44,4505,0.0799157962750361
44,4506,0.07678108860743539
44,4507,0.07859572835999717
44,4508,0.08292056242901616
44,4509,0.0887165056877588
44,4510,0.07770372344252818
44,4511,0.065725220828769
44,4512,0.06832256028623533
44,4513,0.07620326724603588
44,4514,0.07333523270827502
44,4515,0.07298940284837165
44,4516,0.07344816611569355
44,4517,0.08532762329666202
44,4518,0.09199612163850125
44,4519,0.09169169683731307
44,4520,0.08331475204178371
44,4521,0.0807975579799596
44,4522,0.0802498322225452
44,4523,0.06860428744766807
44,4524,0.06737435591025527
44,4525,0.06450244587047053
44,4526,0.07056326823214011
44,4527,0.0838942772518171
44,4528,0.07602729220220049
44,4529,0.0768764296988513
44,4530,0.0733925509686163
44,4531,0.07385249593962992
44,4532,0.0792997401451481
44,4533,0.08432856901102048
44,4534,0.07515086086792945
44,4535,0.06505608169800653
44,4536,0.0693541092003553
44,4537,0.07879643333328842
44,4538,0.07463591727042558
44,4539,0.07498348429059373
44,4540,0.07656740166885011
44,4541,0.08807919403329975
44,4542,0.08898961613070248
44,4543,0.08934875391533963
44,4544,0.08422572427005093
44,4545,0.08359440567623994
44,4546,0.0809170245112477
44,4547,0.07513112448106805
44,4548,0.06582904150618578
44,4549,0.06494108033918188
44,4550,0.07192454017170412
44,4551,0.07694172304702641
44,4552,0.07210319426012456
44,4553,0.06886192820785007
44,4554,0.07001044261971368
44,4555,0.0752031991632598
44,4556,0.07966911694900693
44,4557,0.08382458080073173
44,4558,0.07224369971189913
44,4559,0.0652163142245274
44,4560,0.07082252424362567
44,4561,0.07439826693602435
44,4562,0.07387265667986083
44,4563,0.07228404904054968
44,4564,0.07456378519550508
44,4565,0.08681038454298208
44,4566,0.08998049881319924
44,4567,0.08882914240400946
44,4568,0.08255004894108438
44,4569,0.07736971033744619
44,4570,0.07327959195638643
44,4571,0.06711489807983471
44,4572,0.0628898439443283
44,4573,0.0614342459431493
44,4574,0.0607422206646306
44,4575,0.06739648111577314
44,4576,0.06698955060981408
44,4577,0.06628877332894485
44,4578,0.06731553621020724
44,4579,0.07685610177937238
44,4580,0.08103432079779946
44,4581,0.07940854133126403
44,4582,0.06842784704798947
44,4583,0.06081220383594274
44,4584,0.06539491949213848
44,4585,0.06902106299418173
44,4586,0.07119398943992328
44,4587,0.07381218443629706
44,4588,0.08044215424762723
44,4589,0.09517086023217176
44,4590,0.1005582340780636
44,4591,0.10135593733263427
44,4592,0.0907118064700938
44,4593,0.07831830204079221
44,4594,0.06821059577626422
44,4595,0.06642628803543374
44,4596,0.07261613910384412
44,4597,0.07012663367004768
44,4598,0.07091479944292342
44,4599,0.08494292030897208
44,4600,0.09082895289088304
44,4601,0.09191922947628324
44,4602,0.0988172510253065
44,4603,0.10300068515133795
44,4604,0.09748798640851557
44,4605,0.08964202704486235
44,4606,0.07353766138024646
44,4607,0.06969585115225169
44,4608,0.07020759677583108
44,4609,0.07365228897905812
44,4610,0.07838428625824373
44,4611,0.08077476303765087
44,4612,0.08545327229878445
44,4613,0.09853180824296973
44,4614,0.10407662148425371
44,4615,0.1060245034987645
44,4616,0.09807613086053706
44,4617,0.08719542016395794
44,4618,0.07754380793336178
44,4619,0.0688242456458173
44,4620,0.07431977359295065
44,4621,0.06935088656163299
44,4622,0.07274447458697891
44,4623,0.08272047651686334
44,4624,0.08507607755304737
44,4625,0.08610721944844946
44,4626,0.09705169091541035
44,4627,0.10626053699813286
44,4628,0.10262195752495966
44,4629,0.0845962110038255
44,4630,0.0700601151888619
44,4631,0.06577958075955459
44,4632,0.06769257289874113
44,4633,0.07129907061953057
44,4634,0.07588190961350987
44,4635,0.07567607688740834
44,4636,0.08293350138216456
44,4637,0.09875707366882829
44,4638,0.10359715763493867
44,4639,0.10070912525612474
44,4640,0.09435241979507498
44,4641,0.08760187372110029
44,4642,0.0720074393169069
44,4643,0.06472281672491469
44,4644,0.06826006575772392
44,4645,0.07242585579723929
44,4646,0.07181015546251437
44,4647,0.0738499806374237
44,4648,0.0745505767076165
44,4649,0.08115859063439636
44,4650,0.09246551151181287
44,4651,0.10276710183732293
44,4652,0.09727037490037309
44,4653,0.0893297679271429
44,4654,0.07040741042624847
44,4655,0.0648762357784859
44,4656,0.06842180251286176
44,4657,0.06803679290600896
44,4658,0.06777164008955361
44,4659,0.06811321712368558
44,4660,0.07677107767842713
44,4661,0.08949040866040056
44,4662,0.09611673402839434
44,4663,0.09784926068236098
44,4664,0.08691229538715126
44,4665,0.0817199134596594
44,4666,0.07477056143280579
44,4667,0.07154510255544011
44,4668,0.06734525857586013
44,4669,0.05985242792572561
44,4670,0.0651123479116579
44,4671,0.06958727188875768
44,4672,0.062077921030455174
44,4673,0.060475671464707025
44,4674,0.0610131651746577
44,4675,0.0693243925843675
44,4676,0.0788192165496473
44,4677,0.08231805795007173
44,4678,0.06872560851824976
44,4679,0.059457511879998176
44,4680,0.06071380642936277
44,4681,0.05955228933269358
44,4682,0.056073505108056886
44,4683,0.05670351497032925
44,4684,0.06526844341300138
44,4685,0.07776475982983125
44,4686,0.08411888467139417
44,4687,0.08854494384103831
44,4688,0.08113384250436621
44,4689,0.07125401644323527
44,4690,0.06045099236567089
44,4691,0.05797560874677433
44,4692,0.057021550814856714
44,4693,0.05809911913166594
44,4694,0.058095578704085576
44,4695,0.06094386570247626
44,4696,0.05340688066836256
44,4697,0.05422948672364452
44,4698,0.05946395926887289
44,4699,0.06894778743469213
44,4700,0.07709743203148017
44,4701,0.07200171820440633
44,4702,0.0603328743395142
44,4703,0.054877650711801326
44,4704,0.05494251717242099
44,4705,0.05309233548368234
44,4706,0.051009224605990514
44,4707,0.054565962020233706
44,4708,0.0653032369948095
44,4709,0.0773036781349492
44,4710,0.0845817420521751
44,4711,0.08523877631719885
44,4712,0.07671144841781105
44,4713,0.07092484329307804
44,4714,0.06364509881577803
44,4715,0.0580494935136235
44,4716,0.053573489616183655
44,4717,0.05177750957584259
44,4718,0.05542830117458414
44,4719,0.06737773672219717
44,4720,0.06979250153825273
44,4721,0.06168816246780083
44,4722,0.057451488009410356
44,4723,0.0672482487915813
44,4724,0.07838897167901598
44,4725,0.0846763388514811
44,4726,0.07593437001722211
44,4727,0.06717941115826453
44,4728,0.06373584295329186
44,4729,0.05991137327647508
44,4730,0.05881209682266482
44,4731,0.06607398297172788
44,4732,0.07818132482217281
44,4733,0.089238334703013
44,4734,0.0946219060213069
44,4735,0.09588850288316261
44,4736,0.08912028663367422
44,4737,0.08274277983704031
44,4738,0.07153799463743117
44,4739,0.06778874297819638
44,4740,0.05902400656960325
44,4741,0.05723836767614891
44,4742,0.06435831626536746
44,4743,0.07556829577543234
44,4744,0.07562554759809616
44,4745,0.0658743048878291
44,4746,0.06163811720688794
44,4747,0.06985946236250094
44,4748,0.07891678069020112
44,4749,0.08283630394578878
44,4750,0.07367147326256103
44,4751,0.0685696919390717
44,4752,0.06564325020438534
44,4753,0.059583832840416885
44,4754,0.05433991914188675
44,4755,0.06046950280692865
44,4756,0.07330456414642651
44,4757,0.08602422095230117
44,4758,0.09483767453503791
44,4759,0.0974789054351959
44,4760,0.09300997157149045
44,4761,0.09044347915443855
44,4762,0.07900154280026589
44,4763,0.07347005966517704
44,4764,0.06625959181514333
44,4765,0.06341832558220689
44,4766,0.06597174748927387
44,4767,0.0746326694330664
44,4768,0.06865328375705183
44,4769,0.06362969215262605
44,4770,0.06664393330268144
44,4771,0.0794113419838756
44,4772,0.08984253404904377
44,4773,0.08627896304575976
44,4774,0.06928922217246575
44,4775,0.0626379176179952
44,4776,0.06250954545874218
44,4777,0.062252793430450884
44,4778,0.05772914425034576
44,4779,0.061342347697750106
44,4780,0.07098803852599261
44,4781,0.08349547652003239
44,4782,0.09119510433415844
44,4783,0.09250926588499189
44,4784,0.09164004831275806
44,4785,0.0880715166893948
44,4786,0.07008504595164117
44,4787,0.06476385030966582
44,4788,0.06074301497376538
44,4789,0.05775144958334538
44,4790,0.06254821718675684
44,4791,0.06655286440330711
44,4792,0.0757481494521552
44,4793,0.08337173128179932
44,4794,0.08611105681583985
44,4795,0.09840374734721528
44,4796,0.09340496069179366
44,4797,0.07609410949542635
44,4798,0.061230215047057696
44,4799,0.05766193607651085
44,4800,0.06049721518494251
44,4801,0.06396240705159982
44,4802,0.06226128718137951
44,4803,0.06379692220757181
44,4804,0.0718335781455599
44,4805,0.08339821455370827
44,4806,0.08854432526884148
44,4807,0.09189599130933164
44,4808,0.09028605519470782
44,4809,0.08341458668236414
44,4810,0.07228205207299553
44,4811,0.06312338465205265
44,4812,0.06085543383648359
44,4813,0.06057449837122183
44,4814,0.06403100935850493
44,4815,0.06367465202936613
44,4816,0.06637298588955672
44,4817,0.07622876968373568
44,4818,0.08220851725824939
44,4819,0.0864224166715893
44,4820,0.09401086753981774
44,4821,0.07647541584751594
44,4822,0.06144758476123312
44,4823,0.05733341325754629
44,4824,0.05527576156396612
44,4825,0.05918850479723633
44,4826,0.058847899035672994
44,4827,0.05963052034956569
44,4828,0.06697455256785997
44,4829,0.07631930224216879
44,4830,0.08262134480235427
44,4831,0.08609099832110825
44,4832,0.08300956411107252
44,4833,0.07929899959222915
44,4834,0.06817418490919491
44,4835,0.06339925327892248
44,4836,0.05991656535162026
44,4837,0.06833634432750012
44,4838,0.07710746910656255
44,4839,0.08567006893275582
44,4840,0.08976016825708186
44,4841,0.09122234095554375
44,4842,0.09497263590504688
44,4843,0.09523069646741782
44,4844,0.08865894273270601
44,4845,0.07980146649299044
44,4846,0.06882830767567265
44,4847,0.0654457063027699
44,4848,0.06465674742945056
44,4849,0.06951559864410747
44,4850,0.0702476707171163
44,4851,0.06775101756451181
44,4852,0.06867669156577687
44,4853,0.07650971791130622
44,4854,0.08173056909881456
44,4855,0.08416801999637367
44,4856,0.08515161622421848
44,4857,0.08135270640316428
44,4858,0.07049802182588064
44,4859,0.06471974819035689
44,4860,0.06463432503184445
44,4861,0.07431484305141307
44,4862,0.07966520700498797
44,4863,0.08031493356773074
44,4864,0.08226814231993614
44,4865,0.08720686270977529
44,4866,0.09123885987704204
44,4867,0.09118896669172977
44,4868,0.0868942404360531
44,4869,0.07685408701522153
44,4870,0.06388191616059248
44,4871,0.06095932271440246
44,4872,0.06208115915199344
44,4873,0.07384695489421862
44,4874,0.07641391712966394
44,4875,0.07385870827564814
44,4876,0.07767336273870848
44,4877,0.08420160694939566
44,4878,0.08212937213045736
44,4879,0.08159293056574776
44,4880,0.0825269507894794
44,4881,0.08115012327609411
44,4882,0.07054440733406765
44,4883,0.07154967840242532
44,4884,0.06807573960657433
44,4885,0.07104796296262261
44,4886,0.07884836176489517
44,4887,0.08303099114779114
44,4888,0.07865862515219829
44,4889,0.07766686969327749
44,4890,0.08265243935595533
44,4891,0.08419150492586414
44,4892,0.0898598487957811
44,4893,0.07606560858129537
44,4894,0.06328662250021566
44,4895,0.05816544816454955
44,4896,0.05974403016606032
44,4897,0.07071658325790048
44,4898,0.0731484304313857
44,4899,0.07262107347894804
44,4900,0.07673280298722826
44,4901,0.08442486202761168
44,4902,0.08509753843501278
44,4903,0.08345957884063657
44,4904,0.08253294429797975
44,4905,0.07588837350047233
44,4906,0.06845854147580971
44,4907,0.06792027982348584
44,4908,0.06354887984051785
44,4909,0.06667711099230354
44,4910,0.07825700285507615
44,4911,0.08933858484555546
44,4912,0.08544478168810436
44,4913,0.0851831980569134
44,4914,0.08891043863842027
44,4915,0.08528816415133564
44,4916,0.09069868863614006
44,4917,0.07777361722974767
44,4918,0.06541172498559297
44,4919,0.05904578796144576
44,4920,0.056605511784442966
44,4921,0.06579431966753942
44,4922,0.07081829031021848
44,4923,0.07117473339213429
44,4924,0.07119631587034535
44,4925,0.07806531203890574
44,4926,0.07999607617961457
44,4927,0.07914085637259305
44,4928,0.08049414604329945
44,4929,0.08209463999108949
44,4930,0.07148114506375118
44,4931,0.06403523689842819
44,4932,0.06339469079832852
44,4933,0.07170792082625499
44,4934,0.07870571800442488
44,4935,0.0898746182227888
44,4936,0.08462298847206069
44,4937,0.08318758126844729
44,4938,0.08558821620080104
44,4939,0.0836507510392514
44,4940,0.08764282287194317
44,4941,0.07702237026087203
44,4942,0.06273492632824566
44,4943,0.060111163851888166
44,4944,0.060293059729596116
44,4945,0.07004840829996879
44,4946,0.0732206453605701
44,4947,0.07419760553931472
44,4948,0.0746784084998381
44,4949,0.07876282608075054
44,4950,0.08117033125427536
44,4951,0.08023977114912256
44,4952,0.08171605828653418
44,4953,0.080682172891921
44,4954,0.07895506665223681
44,4955,0.07618196372100852
44,4956,0.0686642247402535
44,4957,0.06851873899105791
44,4958,0.07828188391575366
44,4959,0.08485015271576327
44,4960,0.07571784412749033
44,4961,0.07401351774398737
44,4962,0.07196694991784443
44,4963,0.07347766996959941
44,4964,0.07935702364654099
44,4965,0.07593130042431297
44,4966,0.06460257770775092
44,4967,0.0609333051635953
44,4968,0.06260545774740896
44,4969,0.0759239269180366
44,4970,0.082176516365315
44,4971,0.08024428849176564
44,4972,0.07503077415618986
44,4973,0.07876553690106955
44,4974,0.07962860188063632
44,4975,0.07836683360646159
44,4976,0.07662792699339889
44,4977,0.07469067030210512
44,4978,0.07195489900946922
44,4979,0.07144541662000951
44,4980,0.06564274249714153
44,4981,0.07635057293618096
44,4982,0.08585519521047211
44,4983,0.07890170057893803
44,4984,0.06570413262157682
44,4985,0.06685545681331219
44,4986,0.06776942559100675
44,4987,0.07196877494107647
44,4988,0.07799902532973728
44,4989,0.07399897894731104
44,4990,0.06296456916789987
44,4991,0.05889446341980665
44,4992,0.05814114202810891
44,4993,0.068858702807103
44,4994,0.07386462161427479
44,4995,0.06995856240447676
44,4996,0.06885454677085205
44,4997,0.07510729241422044
44,4998,0.07453145529021185
44,4999,0.07468729202749425
44,5000,0.07099822907935183
44,5001,0.07222221935888747
44,5002,0.06843226847428859
44,5003,0.0670336460543025
44,5004,0.06624739792398189
44,5005,0.07138192287963345
44,5006,0.07632679820933819
44,5007,0.06931710945411837
44,5008,0.05988604917065846
44,5009,0.061391539441307
44,5010,0.06325667145222608
44,5011,0.06728786501539702
44,5012,0.07133474433365324
44,5013,0.0674690657617871
44,5014,0.05904717712522199
44,5015,0.05616187919632753
44,5016,0.054824436527118124
44,5017,0.0604347407929208
44,5018,0.06084992434111837
44,5019,0.06124151823473911
44,5020,0.06942395929739464
44,5021,0.07679629531419853
44,5022,0.07573145178875572
44,5023,0.07432484041607736
44,5024,0.07032004361140502
44,5025,0.0653849092147652
44,5026,0.059317144751083684
44,5027,0.05894145350812978
44,5028,0.05920611673402396
44,5029,0.0608430086410969
44,5030,0.06248445008079514
44,5031,0.0541211073543395
44,5032,0.04899798243850174
44,5033,0.05276681800873653
44,5034,0.05763949231304396
44,5035,0.05922932460515191
44,5036,0.06447479193443886
44,5037,0.06320997640988593
44,5038,0.05412194412406555
44,5039,0.05141974199059756
44,5040,0.05162944669602851
44,5041,0.05692228756897845
44,5042,0.05543509682619899
44,5043,0.057911661418477055
44,5044,0.06789841103697354
44,5045,0.07211084146576728
44,5046,0.0724862467762139
44,5047,0.07130271142192295
44,5048,0.06363074166844197
44,5049,0.059271457263317597
44,5050,0.05391693937128154
44,5051,0.05301246411357696
44,5052,0.05138289541460183
44,5053,0.05686706395799758
44,5054,0.05322086696799248
44,5055,0.051114167461601405
44,5056,0.04948889730641782
44,5057,0.05466877006636729
44,5058,0.05538032729745442
44,5059,0.061432715229812154
44,5060,0.0646882395101006
44,5061,0.06011196486579108
44,5062,0.05338484048531028
44,5063,0.05153597633320362
44,5064,0.04823898519905256
44,5065,0.04926285054233925
44,5066,0.05030564388323914
44,5067,0.053612549744031186
44,5068,0.06451528025690308
44,5069,0.07316530566133617
44,5070,0.07514007056345423
44,5071,0.0721920461112724
44,5072,0.06854706118228639
44,5073,0.06636722117950627
44,5074,0.06272370642871554
44,5075,0.05630087726668438
44,5076,0.05065788036977574
44,5077,0.05371156539601134
44,5078,0.061133901728656
44,5079,0.07118108886589897
44,5080,0.07378571375119553
44,5081,0.07262744225340013
44,5082,0.06876338775703625
44,5083,0.0714560961042215
44,5084,0.0714846904693206
44,5085,0.06974334188493254
44,5086,0.061135013986771715
44,5087,0.05522686307058995
44,5088,0.05082186533312098
44,5089,0.05080587163583779
44,5090,0.05142579456650858
44,5091,0.05662008735264045
44,5092,0.062421064830398665
44,5093,0.07077781838931847
44,5094,0.0703405573819686
44,5095,0.06678208322283714
44,5096,0.06550044091002545
44,5097,0.0672565791820726
44,5098,0.06837071664273431
44,5099,0.062197284085726556
44,5100,0.05037564040187269
44,5101,0.05310633755402559
44,5102,0.05526574721992568
44,5103,0.060043506047248216
44,5104,0.06126157407949425
44,5105,0.059726527009884955
44,5106,0.06277619818158027
44,5107,0.06605834764234889
44,5108,0.07077317616557717
44,5109,0.07008432271020239
44,5110,0.05995234554181464
44,5111,0.055137505988433456
44,5112,0.05406552050946777
44,5113,0.05880497925928942
44,5114,0.05838432408910274
44,5115,0.057447006368750844
44,5116,0.05541779702212404
44,5117,0.05981412378801182
44,5118,0.060133475679370406
44,5119,0.059032294201735974
44,5120,0.06146981267831832
44,5121,0.06545557493013439
44,5122,0.07279573625983364
44,5123,0.0654369555442948
44,5124,0.060194770118894805
44,5125,0.05555407971337214
44,5126,0.05234457882199738
44,5127,0.053076121345118785
44,5128,0.0521646274872196
44,5129,0.056602188089119924
44,5130,0.05620060082756252
44,5131,0.05977305441150192
44,5132,0.06368741183005544
44,5133,0.06584116167570486
44,5134,0.05352136917265825
44,5135,0.052599657320243125
44,5136,0.04917100675267666
44,5137,0.05328017103681448
44,5138,0.05527207158284669
44,5139,0.05659698660244413
44,5140,0.06068872948238792
44,5141,0.06885994114307437
44,5142,0.06723150256899212
44,5143,0.06577998784618948
44,5144,0.06397244640625376
44,5145,0.06348304496772661
44,5146,0.060317500827855045
44,5147,0.05630948983889229
44,5148,0.056567004417793706
44,5149,0.0652618231134209
44,5150,0.07017605345305283
44,5151,0.06442060839744064
44,5152,0.060112698434322376
44,5153,0.0597739350089513
44,5154,0.06331069904904772
44,5155,0.06846437254479679
44,5156,0.06941410594227686
44,5157,0.06500917781144419
44,5158,0.05239798276277057
44,5159,0.051544222229563036
44,5160,0.051831274838612405
44,5161,0.05603356865264927
44,5162,0.05700680923922372
44,5163,0.05686149474184786
44,5164,0.05848608746615229
44,5165,0.06459673982185982
44,5166,0.06586918960933179
44,5167,0.06392054703630938
44,5168,0.06012308312787204
44,5169,0.05743617592172243
44,5170,0.05669038449018508
44,5171,0.054248657904333926
44,5172,0.05106885546602173
44,5173,0.0543802403464658
44,5174,0.05993081911611861
44,5175,0.06517710913457371
44,5176,0.06405472768282712
44,5177,0.0698264636717367
44,5178,0.07259214669810904
44,5179,0.07299558480443669
44,5180,0.07280969087754556
44,5181,0.06310621300187276
44,5182,0.055560804542990415
44,5183,0.05483569440998732
44,5184,0.05215840084680828
44,5185,0.05739722872777455
44,5186,0.05940935129725478
44,5187,0.06177165470762685
44,5188,0.0657486562284519
44,5189,0.0712503288364262
44,5190,0.07030344785579466
44,5191,0.06632985615093957
44,5192,0.061925498065929584
44,5193,0.0589359533034065
44,5194,0.05740248545057746
44,5195,0.0545508533057079
44,5196,0.048871354848223005
44,5197,0.05342005908258583
44,5198,0.05699330853423747
44,5199,0.06114320420778004
44,5200,0.06048744768103735
44,5201,0.06222232965948076
44,5202,0.06522286946563817
44,5203,0.06820131004316435
44,5204,0.06527539023800132
44,5205,0.05799447156796296
44,5206,0.05096700404855226
44,5207,0.04959662583744146
44,5208,0.04920250931094625
44,5209,0.0548144156927888
44,5210,0.05881746775693675
44,5211,0.060896267825403444
44,5212,0.06438565252798921
44,5213,0.06896184909335845
44,5214,0.06889783991962235
44,5215,0.0645358132039185
44,5216,0.05748183690226651
44,5217,0.05404924024979407
44,5218,0.05259324367982908
44,5219,0.05156324194191978
44,5220,0.04959254219736031
44,5221,0.052707891309522206
44,5222,0.055068572710548894
44,5223,0.05500612720783247
44,5224,0.05155570235560691
44,5225,0.052064773101465886
44,5226,0.04972244073308362
44,5227,0.05173563565164655
44,5228,0.05556832969217998
44,5229,0.05114377593707984
44,5230,0.04781219933614391
44,5231,0.04848297459726454
44,5232,0.048074195726287766
44,5233,0.05345222040586797
44,5234,0.052843893203608466
44,5235,0.05369736521866158
44,5236,0.05689045237436494
44,5237,0.06188077049641607
44,5238,0.06311170857823294
44,5239,0.06274915984409937
44,5240,0.059586963665428795
44,5241,0.053061311586773977
44,5242,0.04960966595865009
44,5243,0.05135210552076954
44,5244,0.051597746219145466
44,5245,0.05246326389199898
44,5246,0.05417977733464386
44,5247,0.05524823207109047
44,5248,0.055227804806480464
44,5249,0.055862324254016056
44,5250,0.05037560225551991
44,5251,0.04655602514002806
44,5252,0.04818846294161964
44,5253,0.04731977193184776
44,5254,0.04466057695113516
44,5255,0.04492992382725872
44,5256,0.04567250194065759
44,5257,0.04799624799715945
44,5258,0.046510205620051266
44,5259,0.047356505416459395
44,5260,0.05275708561683747
44,5261,0.060667951004077125
44,5262,0.06311389402353444
44,5263,0.06058292958110731
44,5264,0.05830416003016119
44,5265,0.05317869920407716
44,5266,0.0516477531254289
44,5267,0.0547479676125016
44,5268,0.05743861978255576
44,5269,0.06356368517726961
44,5270,0.061351165036888006
44,5271,0.05431955967374476
44,5272,0.05165564366292934
44,5273,0.05657957064708379
44,5274,0.051658349752070704
44,5275,0.04977936334327871
44,5276,0.053739931691957794
44,5277,0.049725719890991935
44,5278,0.04965782397199517
44,5279,0.04728559711270525
44,5280,0.04471665724379002
44,5281,0.044929302543670224
44,5282,0.042657759275012974
44,5283,0.042186709942722646
44,5284,0.046334631728999716
44,5285,0.05295243081911708
44,5286,0.055658022760663686
44,5287,0.05553198977058485
44,5288,0.051387814582422975
44,5289,0.04748682498005613
44,5290,0.0475878370111122
44,5291,0.04808411129535392
44,5292,0.045245034457724216
44,5293,0.04390246630135193
44,5294,0.0454631251771993
44,5295,0.052082371248835434
44,5296,0.05546247165667891
44,5297,0.06104001428766228
44,5298,0.06685374748114116
44,5299,0.06434172647293473
44,5300,0.060293016664005654
44,5301,0.053387912193086993
44,5302,0.046566890074838725
44,5303,0.04664485612062645
44,5304,0.0452274152706874
44,5305,0.04477954693145429
44,5306,0.04313539386891658
44,5307,0.04583408623881311
44,5308,0.04937482114787781
44,5309,0.05552600360383444
44,5310,0.05670464856350512
44,5311,0.055263247205751626
44,5312,0.05093251574970354
44,5313,0.047412767051833275
44,5314,0.04630546350594744
44,5315,0.04763908989151181
44,5316,0.04201963794090205
44,5317,0.042204507497448834
44,5318,0.045214246108080114
44,5319,0.05130058301127355
44,5320,0.05418213394955499
44,5321,0.05752936686502197
44,5322,0.060097616927296746
44,5323,0.061825434092262294
44,5324,0.05885280307398589
44,5325,0.049672692660326104
44,5326,0.04549468521677867
44,5327,0.044401887082449944
44,5328,0.04210584147482731
44,5329,0.045263733967636895
44,5330,0.04660928816561809
44,5331,0.04841380743173011
44,5332,0.05337508489074685
44,5333,0.05819315217965493
44,5334,0.05803796237555922
44,5335,0.05596709829900911
44,5336,0.05170842348957688
44,5337,0.04878467207252505
44,5338,0.04735974129608921
44,5339,0.046714607379338496
44,5340,0.04357066468610476
44,5341,0.041885617865533104
44,5342,0.042317921741850666
44,5343,0.04766900826924284
44,5344,0.04846857402341778
44,5345,0.04958479943684093
44,5346,0.05182587818268384
44,5347,0.055812401365800665
44,5348,0.05493407305647279
44,5349,0.04930443677323673
44,5350,0.04682871382686676
44,5351,0.047818975129061476
44,5352,0.04536503038571669
44,5353,0.04849986656801859
44,5354,0.048394838491576844
44,5355,0.04935946147767649
44,5356,0.05078762908156702
44,5357,0.05289504679862516
44,5358,0.054818445673955656
44,5359,0.05571065117477257
44,5360,0.05349647793909974
44,5361,0.053534663681143055
44,5362,0.05262175924792896
44,5363,0.04999762769329718
44,5364,0.04491581393719164
44,5365,0.04374899695403748
44,5366,0.047537392335013626
44,5367,0.0521524276970727
44,5368,0.052565405194622085
44,5369,0.05199197138683264
44,5370,0.058533467073699885
44,5371,0.05841848809272823
44,5372,0.056869239222372685
44,5373,0.05285879920045924
44,5374,0.04797653727324699
44,5375,0.048732098349722267
44,5376,0.048278065082579445
44,5377,0.05204536314952116
44,5378,0.05375138006444028
44,5379,0.052688769206415804
44,5380,0.05650857415495362
44,5381,0.06068251716744867
44,5382,0.06241593167738058
44,5383,0.06284170580204274
44,5384,0.05892175205872081
44,5385,0.05439094946461591
44,5386,0.05154578397581487
44,5387,0.050140526220757174
44,5388,0.0439864395079068
44,5389,0.04379730086495243
44,5390,0.04644351114190193
44,5391,0.05056257577110345
44,5392,0.0492189510066632
44,5393,0.05127063793407818
44,5394,0.05351456308258671
44,5395,0.05576323580577043
44,5396,0.05385490470494008
44,5397,0.04909110077088669
44,5398,0.04805665963816184
44,5399,0.05058190248717853
44,5400,0.04941294666984777
44,5401,0.05043971983374037
44,5402,0.0513203294077434
44,5403,0.05153107572655281
44,5404,0.05591740790607526
44,5405,0.05931056318709598
44,5406,0.06024238635669108
44,5407,0.059473679657425976
44,5408,0.05551469968483536
44,5409,0.05237139352515333
44,5410,0.04978213659519385
44,5411,0.048714504210385576
44,5412,0.043031337532628194
44,5413,0.04344218408606652
44,5414,0.045425759412463046
44,5415,0.05271688515766209
44,5416,0.050963668601768056
44,5417,0.05037446534206642
44,5418,0.05154890124754303
44,5419,0.05697125605228675
44,5420,0.056956361211885874
44,5421,0.05093505402762551
44,5422,0.04801737676112306
44,5423,0.04839001565636046
44,5424,0.04714233540925221
44,5425,0.050097659644882296
44,5426,0.05495749757006069
44,5427,0.054094138301507576
44,5428,0.053245783749737756
44,5429,0.057162878054391957
44,5430,0.06063654274867371
44,5431,0.06357469652913592
44,5432,0.06172082984549975
44,5433,0.056509608673221905
44,5434,0.0533965357554994
44,5435,0.05310133884594278
44,5436,0.04982041398149967
44,5437,0.05110341435354356
44,5438,0.05885641345520598
44,5439,0.06184627536232685
44,5440,0.055822408148789776
44,5441,0.054806275035242207
44,5442,0.055714534084978506
44,5443,0.06113714872456146
44,5444,0.060116250500746295
44,5445,0.05629619955669601
44,5446,0.05264503833791691
44,5447,0.04941393962713173
44,5448,0.05150552238085688
44,5449,0.05716766455293945
44,5450,0.061787046216748284
44,5451,0.05613822569313846
44,5452,0.05261715906697669
44,5453,0.05670305431356611
44,5454,0.06504320693280052
44,5455,0.07000511077628774
44,5456,0.07002327884822301
44,5457,0.06646678179008868
44,5458,0.06140116924857476
44,5459,0.05469193632169301
44,5460,0.050929106928036885
44,5461,0.05083057386260228
44,5462,0.051533143223781615
44,5463,0.04534790531931038
44,5464,0.038696719505702505
44,5465,0.04451838858437281
44,5466,0.05441579100643716
44,5467,0.06205238402860882
44,5468,0.06563850136569248
44,5469,0.06390010494718083
44,5470,0.057825654332594886
44,5471,0.048120659305085176
44,5472,0.04861941190314904
44,5473,0.050410165966661605
44,5474,0.050660397962445716
44,5475,0.04827744698553143
44,5476,0.048583288781321676
44,5477,0.05338647246007329
44,5478,0.05907751815749873
44,5479,0.06260467744477273
44,5480,0.06023472347399896
44,5481,0.058376301923480284
44,5482,0.051749950221338166
44,5483,0.05035432324398114
44,5484,0.04878353658720336
44,5485,0.0473005249276829
44,5486,0.05029358211443542
44,5487,0.0419590602323598
44,5488,0.03533374968598468
44,5489,0.04286443766910845
44,5490,0.0545770625452123
44,5491,0.06301679892476279
44,5492,0.06539172890385751
44,5493,0.054987341346946904
44,5494,0.04772027662066871
44,5495,0.046121108362990534
44,5496,0.042708748838226236
44,5497,0.042109217614414496
44,5498,0.04367177112270767
44,5499,0.04484196011202813
44,5500,0.048940442970189964
44,5501,0.05616876097504038
44,5502,0.06324888634795148
44,5503,0.06451452670915192
44,5504,0.05799200122608601
44,5505,0.04869446330540495
44,5506,0.04530468149393038
44,5507,0.045759276695243024
44,5508,0.0442094147973687
44,5509,0.044095303993586875
44,5510,0.04406058644899885
44,5511,0.045085169079014775
44,5512,0.047116989245789394
44,5513,0.05529030949042826
44,5514,0.06286724588290193
44,5515,0.06569678441496388
44,5516,0.06434022353293942
44,5517,0.05610727523621822
44,5518,0.05074443317676913
44,5519,0.048024430789085776
44,5520,0.04245664823017301
44,5521,0.04159530586008661
44,5522,0.04693583053412229
44,5523,0.04875477851719336
44,5524,0.052645589793640306
44,5525,0.0600812750800783
44,5526,0.0655184447609643
44,5527,0.06450276183838108
44,5528,0.058542216240531714
44,5529,0.05388307539257988
44,5530,0.05275086862363001
44,5531,0.05502957907120435
44,5532,0.051789997910757335
44,5533,0.04817434126485739
44,5534,0.05102163830178044
44,5535,0.05769077006545872
44,5536,0.05753621304763292
44,5537,0.06113263305127171
44,5538,0.06560578806584996
44,5539,0.06790003768001288
44,5540,0.06770086004610212
44,5541,0.05883311912015011
44,5542,0.05269211612002923
44,5543,0.04995819590321003
44,5544,0.046053513072524734
44,5545,0.047476466622777776
44,5546,0.05095717002654113
44,5547,0.05292064320187636
44,5548,0.05702209777473912
44,5549,0.06366543673924792
44,5550,0.06853291960407511
44,5551,0.06964181916842375
44,5552,0.0648518477363828
44,5553,0.05754099697145672
44,5554,0.052151809705653175
44,5555,0.052050463285215155
44,5556,0.04898459209694061
44,5557,0.045826531982943154
44,5558,0.049109988889264496
44,5559,0.05583403207022531
44,5560,0.05908217880810458
44,5561,0.0641970028601947
44,5562,0.0712065358936871
44,5563,0.07199591983870941
44,5564,0.0682977108309355
44,5565,0.05726420240527825
44,5566,0.046176466284267866
44,5567,0.04527284673742973
44,5568,0.042649670855503315
44,5569,0.0459246633944776
44,5570,0.04993102201154257
44,5571,0.048984273069445125
44,5572,0.05070358990667058
44,5573,0.056401392194506406
44,5574,0.0624799626678269
44,5575,0.06429732099218857
44,5576,0.06237959336564538
44,5577,0.06148800710762998
44,5578,0.06064993545265431
44,5579,0.057871527846590595
44,5580,0.04892920500682933
44,5581,0.0456877642788778
44,5582,0.05153380820282404
44,5583,0.05730835651645358
44,5584,0.05588558025111864
44,5585,0.0558952246293226
44,5586,0.05883041695924779
44,5587,0.06254624704767181
44,5588,0.062204055210374226
44,5589,0.05828156525607274
44,5590,0.04995579839121874
44,5591,0.0478403260035322
44,5592,0.04650190798047877
44,5593,0.05487911254535869
44,5594,0.055924010603759164
44,5595,0.04831849957497965
44,5596,0.048323338185154316
44,5597,0.05609459779180236
44,5598,0.0643354060881138
44,5599,0.06857539898093085
44,5600,0.06786411133550614
44,5601,0.059193890397724394
44,5602,0.05260883885003007
44,5603,0.05477314458315936
44,5604,0.04917437817841265
44,5605,0.04753351543339158
44,5606,0.060167286251007285
44,5607,0.07124388774427086
44,5608,0.06206738347685657
44,5609,0.056294378021170426
44,5610,0.0655208121724765
44,5611,0.06909693369619573
44,5612,0.06623290943252973
44,5613,0.06278531511170594
44,5614,0.05171689717237266
44,5615,0.04969828152167071
44,5616,0.048424856200516
44,5617,0.05630198355756365
44,5618,0.06008095090335798
44,5619,0.05157782680267372
44,5620,0.04836455489589629
44,5621,0.055920070755096196
44,5622,0.06307762060652203
44,5623,0.0710277486351817
44,5624,0.07437610808694316
44,5625,0.07031018516478173
44,5626,0.061375798479502496
44,5627,0.060140618617361946
44,5628,0.05353568924671575
44,5629,0.04948903150101676
44,5630,0.05902552059999318
44,5631,0.06466201894738838
44,5632,0.05502710759859671
44,5633,0.06039800583270076
44,5634,0.06994239366999454
44,5635,0.07398839491541269
44,5636,0.07910405753803165
44,5637,0.07656289637981363
44,5638,0.057697247972445076
44,5639,0.052828189042738206
44,5640,0.05204134971219137
44,5641,0.05935488185634906
44,5642,0.0637319971201473
44,5643,0.05529622646984057
44,5644,0.05050082818412261
44,5645,0.06069558444565107
44,5646,0.07170960504243147
44,5647,0.08003705022317027
44,5648,0.08244136717892273
44,5649,0.0761514347196998
44,5650,0.0639478610985347
44,5651,0.05966947211030815
44,5652,0.05330938215094938
44,5653,0.05182577551844435
44,5654,0.060512009356355034
44,5655,0.0621208941052583
44,5656,0.05838018187818167
44,5657,0.06400530036635284
44,5658,0.07485709915969964
44,5659,0.08279614842027103
44,5660,0.08649636500962771
44,5661,0.08268057499795847
44,5662,0.07104111713328307
44,5663,0.06276625112565101
44,5664,0.06001329608179012
44,5665,0.06691891631349256
44,5666,0.0711983242872666
44,5667,0.06228793425371867
44,5668,0.05728098185265521
44,5669,0.06727503772135647
44,5670,0.07754966538594353
44,5671,0.08395486130894461
44,5672,0.08734587337079776
44,5673,0.08253816787856383
44,5674,0.07044048654385829
44,5675,0.06584471635854681
44,5676,0.05963964998291924
44,5677,0.05650420356087094
44,5678,0.06293495240669701
44,5679,0.0705299017004418
44,5680,0.0621301925794332
44,5681,0.06755923679337618
44,5682,0.07644295780315402
44,5683,0.07925000045572524
44,5684,0.07999315625497334
44,5685,0.07336911020817283
44,5686,0.06578145216574048
44,5687,0.05986844473431376
44,5688,0.061275544419873366
44,5689,0.06905640621742946
44,5690,0.07590472528750052
44,5691,0.07095185855212165
44,5692,0.06653901735335223
44,5693,0.07266403037215632
44,5694,0.08009596370648743
44,5695,0.08291562962718742
44,5696,0.08427365791529437
44,5697,0.07696211962808147
44,5698,0.07072856479391167
44,5699,0.06790027017886431
44,5700,0.06348893112110618
44,5701,0.059946234709214584
44,5702,0.06668087789812087
44,5703,0.07459119587392128
44,5704,0.06983694192682058
44,5705,0.0727982658067744
44,5706,0.08164935360039796
44,5707,0.08003374662027347
44,5708,0.08546871406855211
44,5709,0.08491615559493941
44,5710,0.0704401771226658
44,5711,0.06725026884460387
44,5712,0.06530365942628674
44,5713,0.07409019709170643
44,5714,0.08225171524229287
44,5715,0.08038086952660933
44,5716,0.07789853681323439
44,5717,0.08218503248415307
44,5718,0.0891181598080903
44,5719,0.09020912098753668
44,5720,0.09241897942640953
44,5721,0.09089921858329164
44,5722,0.08106580565886769
44,5723,0.07751807044771154
44,5724,0.07374320305434144
44,5725,0.07455129971844641
44,5726,0.0763024146632887
44,5727,0.06789669151201083
44,5728,0.0603985856156812
44,5729,0.06578237126209345
44,5730,0.07813393227897278
44,5731,0.08149452445774352
44,5732,0.0855151293841005
44,5733,0.08226575364888543
44,5734,0.07008938375364436
44,5735,0.06855557998792658
44,5736,0.06704009602240842
44,5737,0.07079795524648823
44,5738,0.07425337474874978
44,5739,0.07069048227854195
44,5740,0.0746810621755612
44,5741,0.08300737879803484
44,5742,0.08668663703209069
44,5743,0.08147792037923139
44,5744,0.07790945214265839
44,5745,0.07239923358424394
44,5746,0.06176645288713842
44,5747,0.06389703306931552
44,5748,0.059968365500962274
44,5749,0.05843950541980448
44,5750,0.06307137160369217
44,5751,0.06906713312890808
44,5752,0.06843897379314219
44,5753,0.07236422719629712
44,5754,0.07949345314697265
44,5755,0.08151538539248797
44,5756,0.07727121830143154
44,5757,0.0711741434694192
44,5758,0.06126938288328094
44,5759,0.058507348658682616
44,5760,0.056272342085098834
44,5761,0.058295730526149045
44,5762,0.06620592442170942
44,5763,0.06521457753653498
44,5764,0.0704585934563588
44,5765,0.07965433638586841
44,5766,0.0838684199851389
44,5767,0.08213326699948695
44,5768,0.08262493201886287
44,5769,0.08235108204525825
44,5770,0.07439450937086005
44,5771,0.07606283690464524
44,5772,0.07154095179754748
44,5773,0.06996066359442166
44,5774,0.07673010303008627
44,5775,0.07798148969571418
44,5776,0.07766255247443886
44,5777,0.09019965533092392
44,5778,0.09795344696847857
44,5779,0.09681653947643604
44,5780,0.09985927153445953
44,5781,0.10100369791986939
44,5782,0.09225132429920951
44,5783,0.0863089532179882
44,5784,0.07872732981476051
44,5785,0.07960006878869264
44,5786,0.08823630580715691
44,5787,0.08273154601864408
44,5788,0.07907355563259391
44,5789,0.08162085151510642
44,5790,0.08365868512730873
44,5791,0.07890976674814439
44,5792,0.07762260964735926
44,5793,0.08118398423216741
44,5794,0.07365204244696057
44,5795,0.07054343020604541
44,5796,0.06549563929935089
44,5797,0.06678911237595765
44,5798,0.0687450686005294
44,5799,0.05580372567303405
44,5800,0.045944646889127284
44,5801,0.05262541862515669
44,5802,0.06132532913951606
44,5803,0.06610988698067893
44,5804,0.06965186485069606
