window,prediction_mse,layer0_spectral_l1,layer1_spectral_l1,layer2_spectral_l1
0,0.08880282193422318,0.07186590065306332,0.10133616441453584,0.07731345393092232
1,0.08868904411792755,0.07042920024525791,0.1022425419923592,0.07743431709118603
2,0.08504980802536011,0.06518212411075217,0.09976639321296848,0.07847807617637348
3,0.06667225062847137,0.06674903824265108,0.1036619124215006,0.07715276003376773
4,0.05778507888317108,0.07127798390683832,0.10317170186464229,0.07710633967926692
5,0.06761247664690018,0.07465259010770732,0.10495247792633343,0.08003751265939396
6,0.06638526916503906,0.07330001916854516,0.10640602032118672,0.08576107499177447
7,0.06988915801048279,0.07131893579607614,0.10741512121113983,0.08361667204421369
8,0.08281119912862778,0.06563902245542089,0.10101350124862227,0.07854659304347168
9,0.05889638513326645,0.0677937538264225,0.10389676154095003,0.07704426527003458
10,0.03988189995288849,0.0704899489932919,0.10017160821896623,0.07910223998390853
11,0.037410326302051544,0.07389742418718453,0.10124706740622734,0.07720851912025772
12,0.03583299741148949,0.07249022065935641,0.10217832393461253,0.07591972905850847
13,0.0469626747071743,0.06917541491815025,0.10312434115882202,0.07536812462659334
14,0.07004234939813614,0.06388140154730976,0.09861460506298499,0.07590161310369133
15,0.08916222304105759,0.06558971130909476,0.10357407612839414,0.07707776217278518
16,0.09141471236944199,0.06951322717871417,0.102562261434876,0.07538697305964571
17,0.06881944835186005,0.07301071471654998,0.10326288110538805,0.0770839608557131
18,0.07710449397563934,0.07214939943013038,0.10616750218027562,0.08434198944204092
19,0.0963267832994461,0.06958652722348113,0.1078262159893913,0.08375232365203994
20,0.08647626638412476,0.06377499664285793,0.09989820317801511,0.07895355862924731
21,0.05320312827825546,0.06592325291641796,0.10358842433899347,0.07802132684980713
22,0.06940598040819168,0.07063464239642775,0.10084894758596287,0.07921268424558338
23,0.09338422119617462,0.07408243912183574,0.10155108351146656,0.07642860739712042
24,0.10100254416465759,0.07347326283454199,0.10293446343299925,0.0771760063052631
25,0.10044180601835251,0.07072391345802966,0.10461172195579495,0.07849719210285887
26,0.08561655133962631,0.06445192610079166,0.0994020467872864,0.07814048387238526
27,0.0610232949256897,0.06616588723788448,0.10302372530455402,0.07732992063131629
28,0.05754247307777405,0.06998455273142916,0.10266449054295142,0.07736780223843391
29,0.07049830257892609,0.07450155515378297,0.10548617512213912,0.08056224396270441
30,0.061796098947525024,0.07494593134173172,0.1094116248936273,0.08526971888438063
31,0.06536559015512466,0.07133397739140904,0.11147525773136913,0.08411981838762729
32,0.08994344621896744,0.06548968999684779,0.10230259067979276,0.07852111320392702
33,0.07250092923641205,0.06746156736817378,0.10669604132522797,0.07905514353674427
34,0.055220723152160645,0.07097076308771938,0.10402164787919496,0.08050281114400532
35,0.05081288143992424,0.07556657230859107,0.10632897014409158,0.07787558223727177
36,0.04304392263293266,0.0761315197751764,0.10770563036418818,0.07670523655550597
37,0.04646778851747513,0.07270555382600362,0.10872556260744365,0.07869124156972966
38,0.07821892946958542,0.0673432492082517,0.10460070972778056,0.08053731341413926
39,0.09852609038352966,0.06872820040784283,0.1086619637639184,0.0810829535152682
40,0.09046899527311325,0.07274455398499792,0.1082075071874275,0.07975560358101258
41,0.08463088423013687,0.07623182989873406,0.10799890834037518,0.08169318451475026
42,0.13247087597846985,0.07629823002775987,0.1092461333624755,0.08814911694234297
43,0.1214260384440422,0.07203517526204035,0.10974623368644937,0.08620247707474135
44,0.13029900193214417,0.06648426793903682,0.10322284340937382,0.0790075374585065
45,0.07421104609966278,0.06730255201868789,0.10663699616101674,0.07644570508992336
46,0.07605250924825668,0.07205790598289483,0.10404088389710459,0.07579962753530074
47,0.10091705620288849,0.07502590933675869,0.1036914763373856,0.07465521076004847
48,0.11348739266395569,0.07543429356079018,0.10422550165499823,0.07387513037131922
49,0.12036934494972229,0.07149509788275353,0.10498095378937614,0.07691049959441015
50,0.11867039650678635,0.0673683546238955,0.103057536909002,0.078059526326013
51,0.08975160121917725,0.06832496119325714,0.1074917083472216,0.07944515178657101
52,0.08422859758138657,0.07277418023590149,0.10723710055576943,0.07841691780802904
53,0.08093948662281036,0.07560332188762896,0.10482179350874415,0.08073500182624174
54,0.08150176703929901,0.07531482267607305,0.10644701690315922,0.08430949523833564
55,0.0910114124417305,0.0711289184692624,0.1076150583924861,0.08243034842077339
56,0.0987684428691864,0.06685437043398527,0.1019647422120018,0.07709900234575157
57,0.08222934603691101,0.06783434683567933,0.10550373829258178,0.07489184490882375
58,0.08279799669981003,0.07098805252875624,0.10301442666364892,0.07532210803716098
59,0.07574401795864105,0.07295008420006768,0.09902853525005789,0.07249443541983654
60,0.09472858160734177,0.07288671886983926,0.09956173154081839,0.0706826194817582
61,0.0696844533085823,0.06743540591853957,0.09939610767237657,0.07047252840198902
62,0.09401765465736389,0.06348363535185154,0.09746025712729554,0.07351962805394603
63,0.0873788446187973,0.06414218609729479,0.1013568629841016,0.07446042139299797
64,0.07354564964771271,0.0681375016875499,0.10134244098696737,0.07249303291511795
65,0.050458624958992004,0.07069938173504219,0.09857769396386923,0.0746025896416287
66,0.05238825082778931,0.07106231871478015,0.10067538375480369,0.07890604719908867
67,0.061903465539216995,0.06716659680015401,0.10042981049607577,0.07859306867687622
68,0.07904864102602005,0.06354432682115521,0.09718608571589661,0.07422702959052693
69,0.05719514191150665,0.06391603643293325,0.09969354349587847,0.07197323368459538
70,0.06393180787563324,0.06852351644662259,0.1000518973985844,0.07218193340050821
71,0.08081233501434326,0.0711131216216216,0.09745531973392327,0.07164749352312404
72,0.08461210131645203,0.07203594344423309,0.09913840209210538,0.07027586913179056
73,0.0906638577580452,0.0683195862363303,0.09898027523398835,0.07279678958686239
74,0.08701717108488083,0.06437514489558027,0.09750065180934751,0.07278464681965192
75,0.06504503637552261,0.06612057207808773,0.10245720721086936,0.07485821348877252
76,0.059200070798397064,0.07010462406794268,0.10245404966518552,0.07365671660783567
77,0.06354882568120956,0.07202954756877102,0.10011603155801717,0.0754398186289006
78,0.0649595633149147,0.07372801042509837,0.1041886381540658,0.07977079176620713
79,0.07530166208744049,0.07022534516013365,0.10283787761593799,0.07840193771398672
80,0.09010455757379532,0.06504451946277225,0.09953491853145473,0.07514655556914805
81,0.07616279274225235,0.06667207823151483,0.10290402866223278,0.07388166890312922
82,0.04864233359694481,0.06944948862065799,0.10141084640659649,0.07417285175596516
83,0.04029014706611633,0.07213255486634339,0.09896349825214132,0.07242233399816325
84,0.03884802758693695,0.07240856740605074,0.10160435230689155,0.07027240581001584
85,0.05836969614028931,0.06877387949058936,0.09972672501247729,0.07107332365567462
86,0.07273069024085999,0.06354240759228402,0.09738265036763073,0.07274412278155588
87,0.08078279346227646,0.06514021377340053,0.10128679385648785,0.0740582717773651
88,0.06997713446617126,0.06809379602282487,0.10113906236682951,0.072352961197851
89,0.060710608959198,0.07217019195928076,0.09971354760685104,0.07370056348307939
90,0.0964026004076004,0.07226121951994441,0.10206638961040088,0.07918706285115466
91,0.09276700019836426,0.0685400109872726,0.10074105650648865,0.07715854759627483
92,0.09351715445518494,0.06338316769187914,0.09736189167190928,0.07292561766718295
93,0.05448366329073906,0.06518052170534851,0.10059309522627569,0.07089681511895936
94,0.05726810544729233,0.06817369478338889,0.09991442813291544,0.07098237677744314
95,0.07270945608615875,0.07186692269273998,0.09809679706765011,0.07058104802251203
96,0.0817750096321106,0.07270146483675206,0.10096179117402902,0.0700357200050832
97,0.08829957246780396,0.06884851946181637,0.0993961645740184,0.07276490738331427
98,0.08387359231710434,0.06426037847480986,0.09742946963316966,0.07225417135740324
99,0.06404829770326614,0.0655514304397702,0.10168275780444383,0.07404876871909208
100,0.05874372646212578,0.06814586506703815,0.10111834032440684,0.07174214080109903
101,0.059267375618219376,0.07179658061366166,0.09952962539629487,0.0748731299495232
102,0.0640406608581543,0.07246732987686424,0.10256200102828122,0.07865313860764972
103,0.07903167605400085,0.06847660219198133,0.10038416162017051,0.07724888251003811
104,0.09248168766498566,0.06357184808401233,0.09736449625933276,0.07390300065366694
105,0.07653314620256424,0.06559408418516323,0.10132104719216774,0.07287613321854206
106,0.04682949557900429,0.06784237288262354,0.09986612429865162,0.07326146372901153
107,0.03958588466048241,0.07121129285937002,0.09746779444171118,0.07085595713086192
108,0.04093534126877785,0.07170223420664178,0.1005749899481268,0.07005805251130216
109,0.05098265781998634,0.06827487412293032,0.09927519854917953,0.0709019583011726
110,0.07510208338499069,0.0631295828978305,0.09642998194712694,0.07220864150804833
111,0.09618163108825684,0.0658777983476714,0.10115868752728474,0.07374753924816148
112,0.10630037635564804,0.06811591321710929,0.10066438061893267,0.07137491219041193
113,0.08490423113107681,0.07094923294334389,0.09819748287821625,0.07448780647624204
114,0.10572471469640732,0.071776167297914,0.10210476579445577,0.0785812363030603
115,0.13338282704353333,0.0678770457711153,0.0997775791500342,0.07548706028805109
116,0.12551496922969818,0.0632598446543175,0.09662752694149258,0.07106614572782116
117,0.06975540518760681,0.0660973372077363,0.10189243674881299,0.07157626125924653
118,0.050449930131435394,0.06865583073832741,0.10078779670182497,0.06990137996255102
119,0.060416728258132935,0.07201495484816042,0.09828292168013646,0.06980455551047149
120,0.08085779845714569,0.07251062298466747,0.10107640537074512,0.07011463253670319
121,0.08781270682811737,0.06879488281252456,0.09859426210049559,0.07225417394645228
122,0.08580832928419113,0.0634961291861851,0.09578197617894685,0.0715578179275337
123,0.053208932280540466,0.06598449480561297,0.10073419598480933,0.07389096138624843
124,0.053360581398010254,0.06812254947580282,0.10012411316645965,0.07160536019261211
125,0.05186210572719574,0.0721307769843538,0.09824053291148092,0.07415091456327318
126,0.04795587807893753,0.0724163038237964,0.10164835318611741,0.07851629427944264
127,0.05013773590326309,0.06863164295409831,0.09986097133752538,0.07625419695327071
128,0.07491419464349747,0.06343405424510169,0.09715785842011354,0.07423157886776867
129,0.07451926916837692,0.06555273971453478,0.1021326990869536,0.07593060127032185
130,0.059811338782310486,0.06791965945967765,0.10093513797983328,0.07378362088016298
131,0.07371816784143448,0.07181416919281068,0.09986323437517429,0.07313228688750338
132,0.09674447029829025,0.07233767931943835,0.10229443375988877,0.07047080951007562
133,0.07808193564414978,0.06915505122944772,0.09933506941079157,0.06941878893937874
134,0.08427843451499939,0.0633148991685575,0.09620875206267376,0.07027272894864457
135,0.07603614777326584,0.06495058260223412,0.10115190931396151,0.07275862187815231
136,0.06803620606660843,0.06750371260243894,0.1021572698417324,0.07153752359667827
137,0.06290749460458755,0.07080585310679989,0.10040145761220652,0.07452938258041032
138,0.07353879511356354,0.07192883113890534,0.10371627162382015,0.07959276029726275
139,0.09497446566820145,0.06829578638586663,0.09989843381859821,0.07597570897519804
140,0.10513979941606522,0.06293147146379226,0.09650278599685903,0.07090936821381842
141,0.06399080157279968,0.06442331406623224,0.10062859367350958,0.07099980012731734
142,0.04719921201467514,0.06668962960560022,0.0990176432318499,0.06940044562929251
143,0.05137108638882637,0.06981663750725729,0.09694891065937367,0.06831693507557815
144,0.07027805596590042,0.0717299617631295,0.10106088356043327,0.0693531449541117
145,0.07742007821798325,0.06808918653305432,0.09784784778457702,0.07153148144339601
146,0.07375942915678024,0.06240288878256838,0.0955012141926168,0.07099427702153131
147,0.0525466613471508,0.06414115194625962,0.10032158222353935,0.07292498740114989
148,0.039614252746105194,0.06634182053130701,0.09875317746361566,0.0707122225990882
149,0.03834724426269531,0.07020798655419838,0.09709925391395444,0.07257141330544534
150,0.036885663866996765,0.07113375526522892,0.09967805843093126,0.07765074864318149
151,0.05414596199989319,0.06744423122284034,0.09704501947073713,0.07462059605825223
152,0.07016102969646454,0.06160523037517896,0.09509535894188734,0.07255395578300429
153,0.06002940610051155,0.06367896215711255,0.09936000216292036,0.07460153355695832
154,0.03489019721746445,0.06607618005789999,0.09846025909693848,0.07380319704853032
155,0.03236854821443558,0.06931153150970658,0.09651285326114595,0.07015272930778448
156,0.044950492680072784,0.07008132099422061,0.09897996603357577,0.0687796225618662
157,0.05066072568297386,0.06692893641468617,0.09722969892834916,0.06793279494261127
158,0.06988811492919922,0.060951665500668106,0.09566685441868904,0.0698451764487682
159,0.08029922097921371,0.06231808971722607,0.0983947322227864,0.07227316931132823
160,0.08775270730257034,0.06568031621725799,0.09860766013125916,0.06923665447261751
161,0.07907146960496902,0.06804086930281904,0.09653729020200785,0.07299741235766195
162,0.09723838418722153,0.06999018795886693,0.09961605339931391,0.0772921023509263
163,0.11699974536895752,0.0661697815718191,0.09739914920741842,0.07326162887929683
164,0.12228786945343018,0.06099165337306205,0.09510695865829298,0.06912180461267785
165,0.06645902991294861,0.06203031189115905,0.09820972659882803,0.06928667320785696
166,0.04687347635626793,0.06517839629340715,0.09742500665647115,0.06833355732538347
167,0.06276936829090118,0.06806471677373599,0.09591646570866409,0.06797900152420276
168,0.0797060877084732,0.06975875938551014,0.09793019838466818,0.06803273048304857
169,0.08547080308198929,0.06622159548861888,0.09591806655282907,0.06880884343684116
170,0.07802250981330872,0.06103008586743938,0.09446790022694862,0.06911869095337998
171,0.05151023343205452,0.06173054522046704,0.09686913008931407,0.07123507345930712
172,0.044712409377098083,0.06512671066116221,0.09705625791429175,0.0702079024735004
173,0.049905505031347275,0.06757125549161411,0.09505003763100726,0.07103569142212801
174,0.044515226036310196,0.06936498390034435,0.0979831153289413,0.07658986835873306
175,0.05725729465484619,0.06586215906510472,0.09536035869844058,0.0741079570967627
176,0.0736846923828125,0.06069385041409047,0.09416977435681843,0.07156085417734454
177,0.08010492473840714,0.06198858111410319,0.09711039352240482,0.07287354558942467
178,0.07613169401884079,0.065047957812158,0.09765450326045057,0.07297035479909414
179,0.0804804340004921,0.06743112587357168,0.09648229899119283,0.0704825371333083
180,0.09154898673295975,0.06848112991468547,0.0978932433519041,0.0686990621222907
181,0.1127520278096199,0.06545151966392354,0.09458290037528433,0.06879638344211554
182,0.09867994487285614,0.05999714633155289,0.09268046334716905,0.06889742622964748
183,0.0702979639172554,0.06157470969312983,0.09579971278454469,0.07044864147670883
184,0.06157678738236427,0.06452505841735762,0.09661495370840113,0.07035281574106556
185,0.10658802837133408,0.06845601033565635,0.09629805748624115,0.07348254144024671
186,0.1361234039068222,0.06848466564302182,0.0971327595910672,0.0776297701604029
187,0.15339629352092743,0.06588245517831162,0.09659863163428292,0.07605354845803004
188,0.11952622979879379,0.060277028447124674,0.09512286408526337,0.07166772033977177
189,0.06847117096185684,0.062254766837708836,0.09852010063660178,0.07171912854926749
190,0.07496461272239685,0.0653152010113056,0.09834849866356189,0.07227838455965449
191,0.06886731833219528,0.06886113275940504,0.09715220814997441,0.07216927264280133
192,0.07037970423698425,0.06860236779068062,0.0966211026838827,0.07077824076290132
193,0.07098612189292908,0.06599593860895303,0.09387319618002771,0.07164195557481425
194,0.07040230929851532,0.06026168122269708,0.09268873226842858,0.07089100464217395
195,0.05223102867603302,0.06195815604504811,0.09662711984458859,0.07210061430097339
196,0.047128692269325256,0.06468407802586525,0.09675657761058888,0.07186815285621706
197,0.05006108060479164,0.06828417898882712,0.09614804628129611,0.0743172668947178
198,0.042762015014886856,0.06808021860748527,0.09710258237029396,0.07776776828088776
199,0.046638306230306625,0.06494163752389627,0.09443529727658065,0.07549543177394162
200,0.07144878804683685,0.0597308487862273,0.09193579100429933,0.07238062239990467
201,0.06284653395414352,0.0612397920609689,0.09647640332759638,0.07359075210056994
202,0.04062503203749657,0.06463864744177548,0.096215557883838,0.07410875088430756
203,0.03363806754350662,0.06778933369962248,0.09616897404247915,0.0730950200816291
204,0.03276965394616127,0.06782867503581604,0.09728997237642766,0.07004320127024809
205,0.03911423683166504,0.0647750577356626,0.09449292800800196,0.06958953003820598
206,0.07237815856933594,0.06019294019794175,0.09287581517149017,0.07180601674271811
207,0.09020592272281647,0.06142802264191724,0.09779126354510227,0.07313624618823268
208,0.08153342455625534,0.06499572881607213,0.09832542377517041,0.07116051200364357
209,0.05777844414114952,0.0687816697915161,0.09832288592957038,0.0766832462300298
210,0.059156384319067,0.06908702196252849,0.09945016200557445,0.08024947301318162
211,0.07909528911113739,0.06502747799935281,0.09551347076502292,0.07933674896572178
212,0.08364234864711761,0.06032086703653858,0.09368434402757532,0.074064044678875
213,0.053820911794900894,0.061918736596821074,0.09626945958367292,0.07361943776237324
214,0.058317117393016815,0.06578710826648804,0.09710022468276967,0.07489258530789424
215,0.07626260817050934,0.06960040428794584,0.09711654865774012,0.07534465322770821
216,0.09338482469320297,0.07053450954229147,0.09816441724789349,0.07326771835266109
217,0.09613069891929626,0.06603306029351835,0.0953356534513318,0.07408792900707854
218,0.08727321028709412,0.061278148347943144,0.09329811399002684,0.0722093719812566
219,0.05537347495555878,0.0620350983530555,0.09765968980664756,0.0724192223340678
220,0.049332424998283386,0.0659367784863416,0.09840261465173063,0.07432568193722346
221,0.056797005236148834,0.06969674380701636,0.09823731362568586,0.07672781378205416
222,0.05945271626114845,0.07060558744830829,0.09863870235468095,0.07901897524817501
223,0.07157081365585327,0.06595700029333687,0.09503743406790517,0.07655785847437344
224,0.09155331552028656,0.06122161284781658,0.09272612686750206,0.07276294914087174
225,0.07082200050354004,0.06128184875208104,0.09686803099370044,0.07324477451974826
226,0.05428047478199005,0.06554165144251532,0.09678365259521576,0.07480793904331731
227,0.04288928955793381,0.06891662733647197,0.09587992917870804,0.07407997686607068
228,0.037621162831783295,0.06999877299588979,0.096055931753848,0.07123745351616106
229,0.05022420734167099,0.06559861593933104,0.09354354842313573,0.0709357476307423
230,0.08152716606855392,0.060103684541538034,0.09292962381346417,0.07288666235769861
231,0.09838893264532089,0.06054536997517767,0.09874063910050147,0.07391343120533801
232,0.09367886185646057,0.06586370543847146,0.10018366261582572,0.07304247780168417
233,0.06292202323675156,0.0695349638566773,0.10009948806230452,0.07768311551881432
234,0.07417196035385132,0.06998687501446532,0.1008769450271875,0.08110876469030509
235,0.09609317034482956,0.06520078585435812,0.0966535637966013,0.07900562731630636
236,0.09596364945173264,0.06011373935261353,0.09357626185931062,0.07474908472633311
237,0.058616671711206436,0.060434526377422575,0.09723702369000224,0.07488894304124996
238,0.06172579899430275,0.06611417785216754,0.0985458905905086,0.07507665147053388
239,0.09012221544981003,0.06956440327585123,0.09709923574237879,0.07481844362271381
240,0.09904028475284576,0.07066372499508576,0.09781104740496263,0.07229078539881845
241,0.11479921638965607,0.065546705959568,0.09332148464590065,0.0721274996782113
242,0.09621261805295944,0.06027772870432861,0.09309974861224252,0.07241975931525271
243,0.06048092991113663,0.060464622175557904,0.09716646078945214,0.07313925804872684
244,0.048485610634088516,0.06608087304072872,0.09878206869146969,0.07433026401666554
245,0.05418377369642258,0.06968931643598106,0.09803486377803133,0.07574599148545809
246,0.053323984146118164,0.07052961742335326,0.09894767126736236,0.07769799848227063
247,0.07138215005397797,0.06455433144784632,0.09387046666690768,0.07651171167757538
248,0.0997728779911995,0.0598354302117978,0.09358063195657929,0.07627789092686577
249,0.07912037521600723,0.05994999870976191,0.09784988063165759,0.07733346240788119
250,0.061086393892765045,0.06524013850324918,0.09786349193745768,0.07765113860127032
251,0.05439271405339241,0.06924175469575627,0.09786301164383633,0.07646265840654026
252,0.05154351517558098,0.06956367873629692,0.09806312688702758,0.07046043116615794
253,0.0560162253677845,0.06338661447820555,0.09349128779307048,0.06987097995278481
254,0.08396074175834656,0.05923966455814478,0.09325235317887864,0.0725337844378988
255,0.08470088243484497,0.06004241522256329,0.09750731216675802,0.07317145313043584
256,0.04607055336236954,0.06566808825827257,0.0986976057150481,0.07265513615215352
257,0.05332467332482338,0.06931004673986098,0.0975025091384819,0.07652393442298305
258,0.07652271538972855,0.06924140245681314,0.09840586300228288,0.07787705233433796
259,0.10890697687864304,0.06302927661097506,0.09296639834112091,0.07525482028682932
260,0.09298872947692871,0.05978792681920826,0.09286305425151795,0.07150229549135996
261,0.05529902130365372,0.06136210479512088,0.09753941780915253,0.07176177663992317
262,0.05680421367287636,0.06644237438884838,0.09884752568812746,0.07269419600665465
263,0.08127109706401825,0.07054137229144467,0.0972444552383977,0.0730678909533783
264,0.08843805640935898,0.07020096447636326,0.09750519618576643,0.0714896453759118
265,0.09828903526067734,0.06353461402139873,0.09279886832423824,0.0718967785882141
266,0.0841151624917984,0.060492964605663495,0.09336172750240808,0.07213526051550141
267,0.05503252521157265,0.062338587986488954,0.09735195127599129,0.0718231747807164
268,0.04119149222970009,0.06714548872457503,0.1004660274164837,0.0737174773220585
269,0.03782808408141136,0.07171658614380391,0.10017513573311865,0.07623994582404268
270,0.03215211257338524,0.07118937125243098,0.09825896777421252,0.0766730727075746
271,0.04382793977856636,0.06412518286357023,0.09362378431551432,0.07628332687145734
272,0.07217909395694733,0.06066761478095106,0.09365125002427116,0.07618686349078281
273,0.06221788376569748,0.06263776485558513,0.09798965172215186,0.07680219374485218
274,0.05314122140407562,0.06713863902060803,0.10061886117627004,0.07848349720352837
275,0.05221308022737503,0.07128187616968057,0.10021880952448176,0.07636368641955299
276,0.048168450593948364,0.0709510663407839,0.09861349072623139,0.07039230741819207
277,0.053581103682518005,0.06403696905143573,0.09407298611295345,0.06990324557358872
278,0.08065791428089142,0.06117752799029643,0.09574045251982466,0.07301903603561127
279,0.10321862250566483,0.06306785235984082,0.09918508950547307,0.0738690144997212
280,0.10684574395418167,0.06777457900881681,0.10134689395891087,0.07391370700717274
281,0.09597193449735641,0.07262828845140729,0.10091815780615594,0.07835280567538284
282,0.12829817831516266,0.07205086581259466,0.09925144996202548,0.0804260592189369
283,0.1289350688457489,0.06390064820566592,0.09444049055881285,0.07873258712879529
284,0.09675809741020203,0.06157382114698263,0.09536157418373047,0.07539102369781862
285,0.05422532185912132,0.06317003669058784,0.09751335687875938,0.07402902622230369
286,0.06399503350257874,0.06901696681146968,0.100538890742487,0.07610590114395002
287,0.0879337266087532,0.07374632176333737,0.09947085355349715,0.0760855949174582
288,0.10074882209300995,0.07282108269671425,0.09755167908012502,0.07335316798802298
289,0.11456959694623947,0.06443685585092171,0.09279504578169312,0.07343867976318695
290,0.09352432936429977,0.062277549850594485,0.09483052827200136,0.07336013708195116
291,0.05523950979113579,0.06341345131937748,0.09753659273116103,0.0726234233579777
292,0.042865678668022156,0.06845143192181787,0.10100247116303981,0.0758500951723789
293,0.048874106258153915,0.07353331853199402,0.10013813262684158,0.07707747562234314
294,0.05563417077064514,0.07287666468692372,0.09900024952715224,0.07776810114240153
295,0.0719529539346695,0.06436553295755758,0.09454470814225574,0.07832671814350411
296,0.09992438554763794,0.06237268391263818,0.09556135875486209,0.07804536225051643
297,0.07949057221412659,0.06366892364039177,0.09882943467417146,0.07870156926082612
298,0.060377463698387146,0.06852291220301741,0.10061360321716271,0.07919483322666278
299,0.043958842754364014,0.07237226370241735,0.10040527305567094,0.07697839437200799
300,0.044338636100292206,0.0725343526230513,0.09749341013891176,0.07211281517780768
301,0.05088990181684494,0.06403357512927564,0.09361546812767255,0.07063945655040556
302,0.08711384236812592,0.062444059973009496,0.09578667539757539,0.07426254812481818
303,0.11032852530479431,0.06350592930553565,0.09991029955520926,0.07505316856360528
304,0.10964737832546234,0.06938161879629592,0.10290776112900621,0.07539332544875582
305,0.07032159715890884,0.07284432636265255,0.10327252790093229,0.07988365369778422
306,0.09636720269918442,0.07273100450262357,0.10060890984143446,0.08130636843702992
307,0.112116739153862,0.06407124115312954,0.09609533661042148,0.08125472874378371
308,0.11889529228210449,0.0630757503518255,0.09627057675776514,0.07736956390222047
309,0.07643788307905197,0.0639493937442183,0.09851666718090818,0.07560140358570816
310,0.08033852279186249,0.06974011700746653,0.10133651917041182,0.07669778744764065
311,0.10400598496198654,0.07372199317595136,0.09923324089134299,0.07644904577463407
312,0.11741273105144501,0.07351070235103979,0.09678502341229649,0.07330168908290159
313,0.14370843768119812,0.06482560155920877,0.09349658576833172,0.07378221206665456
314,0.11868461966514587,0.06309513831926213,0.0953681863141901,0.0737000295170036
315,0.07589496672153473,0.06391189738487396,0.09875467039480128,0.07385931753268851
316,0.06156529113650322,0.0699312450178807,0.10108829699916462,0.07584334088760175
317,0.06126923859119415,0.07398028613921918,0.0996399671442746,0.07761805253814119
318,0.06421452015638351,0.07399312915117742,0.09876087731682849,0.07862021837546382
319,0.08245739340782166,0.06529586413591648,0.0945084067810015,0.08023815511782097
320,0.12220776081085205,0.06275103426175285,0.09558263454506667,0.08064289364048256
321,0.10201792418956757,0.06372999939418875,0.09811955052106107,0.0800968656661074
322,0.07366602122783661,0.06951305071938271,0.10015519444783903,0.07821296903006311
323,0.0654582530260086,0.07396682593364297,0.09904851120657651,0.07810162835224338
324,0.049261339008808136,0.07404422906175673,0.09761346763649731,0.07198146747128344
325,0.05970630422234535,0.06531162691523656,0.09434003183980631,0.0710043712052688
326,0.10368724167346954,0.06288214754330301,0.09534981004223465,0.07425812463967757
327,0.12390066683292389,0.06425499326364711,0.09913856273539934,0.07456349758383331
328,0.10031846910715103,0.06981185485596031,0.09987693698418046,0.07470903992725328
329,0.10181502252817154,0.07475464398297832,0.10049955559261893,0.07852148684671012
330,0.10510160028934479,0.07370230045822845,0.09853013443037952,0.08019724279759494
331,0.13069307804107666,0.06484917390985191,0.09547536383141839,0.0787669961671391
332,0.14938071370124817,0.06317986768881877,0.09576653162199503,0.07744534148865222
333,0.08744754642248154,0.06449453530648641,0.09807515351351846,0.074596298375723
334,0.09837832301855087,0.06982726624165268,0.09850642532622332,0.07614506160722549
335,0.11349660158157349,0.07473632301071585,0.09775381921676338,0.07562566756214065
336,0.11412087082862854,0.07383508875488241,0.09564473351864589,0.07328950696805285
337,0.14126509428024292,0.06461205544878909,0.0927266389757273,0.07359357939793526
338,0.14559921622276306,0.0628498682968602,0.09438522482097471,0.07349384327684282
339,0.08911406248807907,0.06393478930862527,0.09671188877376379,0.07325205617094292
340,0.06287936121225357,0.06906412686600683,0.09770562938278929,0.07484794140085871
341,0.06359294801950455,0.07438703775994909,0.09872925837447358,0.07737933060371785
342,0.07091259956359863,0.07362104324132705,0.09600406045929577,0.07778846493418791
343,0.07619267702102661,0.06458729137269575,0.09329432076759771,0.07960238780213065
344,0.1430056244134903,0.06299702156292052,0.09502669748928284,0.0799260421200383
345,0.09728725999593735,0.06336852092508195,0.09747812723631447,0.07993630993921676
346,0.10497897118330002,0.06830474431556377,0.09769954326508175,0.07789100210765686
347,0.09577854722738266,0.07376808935935132,0.09819871929298657,0.07715453509316679
348,0.09996041655540466,0.07376449596251157,0.09489221317076871,0.07223745973186402
349,0.13909170031547546,0.06475009220834517,0.09245436115243519,0.07191321317536885
350,0.14134249091148376,0.06271344110169565,0.09325790198453872,0.07255880125596562
351,0.13551782071590424,0.06345947578504717,0.0961219825628842,0.07364684468556552
352,0.07809647917747498,0.06799931584664463,0.09700180535419146,0.07285826534626677
353,0.07651259005069733,0.07319976110719331,0.09665652069256545,0.07812517137821362
354,0.13038724660873413,0.07308900131347258,0.09408919970753926,0.07825000458206223
355,0.11827158182859421,0.06451027648216363,0.09211168626309994,0.07693170154040763
356,0.13450320065021515,0.0629273451317786,0.09253006675231217,0.07391757084327068
357,0.08735604584217072,0.06414779800277294,0.0952047778937049,0.07288845274142726
358,0.08422327041625977,0.06818228481618792,0.09589374090701815,0.07373591255870755
359,0.10016491264104843,0.07429928528883677,0.09647087604709069,0.07545651939649219
360,0.10099141299724579,0.07403153118075884,0.09417729771754667,0.07401523661804292
361,0.12470454722642899,0.06445639602864514,0.09109313204358474,0.07324983075613203
362,0.13932685554027557,0.06384301927477302,0.09376622624680547,0.07349351480660932
363,0.09357621520757675,0.0640413907351038,0.09519135366012012,0.07231768527194003
364,0.061600252985954285,0.06940103053841577,0.09827659666789113,0.0744511764960766
365,0.07142119109630585,0.07439886718487553,0.09881245332763688,0.07820767988554969
366,0.08134341984987259,0.07521738359237583,0.09620039151115943,0.07796407098506146
367,0.09005260467529297,0.06498834234020703,0.0918598055892572,0.07848882936209935
368,0.14759911596775055,0.06372784767090388,0.09261219499721401,0.07745676459764933
369,0.12069272994995117,0.06437484493703009,0.09575642321401495,0.0761691650370193
370,0.08307681232690811,0.06889721495315264,0.09710020202375289,0.07574062053772203
371,0.059127867221832275,0.07354425824882996,0.09760697687653948,0.07524131963526766
372,0.05270407348871231,0.07336956591017958,0.09418178712432165,0.07237965264283973
373,0.07177021354436874,0.06385814412488364,0.0899625305802524,0.07070312163952976
374,0.10518655180931091,0.06307233149287417,0.09238815972100278,0.07273646357800868
375,0.11629941314458847,0.06420234396245378,0.09718167650046211,0.07351170669233115
376,0.08602554351091385,0.06956496534535207,0.09822556695887764,0.07474266727468065
377,0.057205960154533386,0.07538287951629566,0.09952720941744862,0.0787650974106232
378,0.0810011550784111,0.07423566857297184,0.0952389060351352,0.07856400387605073
379,0.12725086510181427,0.06438144665540824,0.09063445453900455,0.07720551964123061
380,0.13624097406864166,0.06303664731579621,0.09146724901716306,0.07444453345913082
381,0.06993800401687622,0.06372402442721042,0.09652925738967473,0.07265525686831405
382,0.08195202052593231,0.0688514429875907,0.0974645381486961,0.07480698173089771
383,0.10466453433036804,0.07440006212722979,0.09903252563806514,0.07672079629900906
384,0.10954834520816803,0.07427271800508684,0.09411634166102921,0.07451291784777272
385,0.1275816261768341,0.06446698318625982,0.08969426459459498,0.07255416851344286
386,0.14365282654762268,0.06383855411702738,0.09227830538023757,0.07295933696729996
387,0.08903291821479797,0.06438814347752592,0.09651055310035699,0.07302802241233852
388,0.05977160856127739,0.06863757272870835,0.09709859901642699,0.07474716927409307
389,0.0497114434838295,0.07435031246934704,0.09910028712547381,0.07749089760323288
390,0.05522817745804787,0.07428410460288387,0.0953419073915761,0.07738191818334071
391,0.0676172524690628,0.06417579793141988,0.09031677158224147,0.07883265130426169
392,0.11879124492406845,0.06324829432498077,0.09210685727733524,0.07897565813851683
393,0.09999058395624161,0.06352758860356687,0.09686120857325901,0.07821241331312359
394,0.07859370112419128,0.06765772569307359,0.09642521909994305,0.07760115772398865
395,0.05449223518371582,0.07341223055702405,0.09908360962941944,0.07612301113524927
396,0.04752492532134056,0.0736358024144371,0.09506841034821417,0.07198980825612183
397,0.054444942623376846,0.06469792129707182,0.09155011818122154,0.07028757715583644
398,0.10306303948163986,0.06411492694096489,0.0929968373049413,0.07339309616065443
399,0.1282305270433426,0.06541965481608737,0.09757905380502852,0.0750844052890034
400,0.10448845475912094,0.0705999655974999,0.09733672504444746,0.07458437656746615
401,0.08058977127075195,0.07598053948843518,0.0994071121372651,0.07919309143835797
402,0.1151096299290657,0.07478652352883673,0.0950678852078274,0.08064132435719179
403,0.15400853753089905,0.06544310096812893,0.09077803134840917,0.07741360448656
404,0.15996354818344116,0.06496672828703107,0.09198920557500978,0.07600858379653598
405,0.07020500302314758,0.0667440063055414,0.09807508932133557,0.07333117491372244
406,0.05671991780400276,0.07309216468198193,0.09709086828758094,0.07480325996571242
407,0.09570925682783127,0.07877629680214643,0.09936768886720068,0.07812638869167635
408,0.1013883426785469,0.07751313940421706,0.09470810501338502,0.07500442902952634
409,0.14206360280513763,0.06725054346910274,0.09069842270013714,0.0738012201598805
410,0.14518512785434723,0.06597842836098942,0.09204911471654499,0.07506987275250644
411,0.0950862318277359,0.06754786032960705,0.09724403444794553,0.07537080613081558
412,0.05458162724971771,0.07343166201964958,0.09742972600880741,0.07625165326444781
413,0.047212518751621246,0.07881401783193921,0.10015573614530685,0.07919481761540971
414,0.05286543071269989,0.07718339614433954,0.09513054051312789,0.07894819881317569
415,0.07242784649133682,0.06711039984171577,0.0908542013865051,0.08091165632218901
416,0.14123040437698364,0.06539325190325562,0.09163422248499668,0.0804993715135598
417,0.11020553112030029,0.06733709088290514,0.0978346150122646,0.07907376566731185
418,0.08648011088371277,0.0724715255445478,0.0973126439096323,0.07711822723546363
419,0.07235776633024216,0.07860559775072423,0.10000103276413216,0.07789800283897864
420,0.08431609719991684,0.07731219735567724,0.09520356754224192,0.07314754447958008
421,0.08433766663074493,0.06659290186860262,0.09117595940595709,0.07207330122371217
422,0.1334439069032669,0.06477210521233269,0.09211598342297628,0.07438279842769704
423,0.10540508478879929,0.06715759545901588,0.09846103445180558,0.07599916353584649
424,0.10484965890645981,0.07259394663753228,0.09733041929481602,0.07775255588574627
425,0.1255618929862976,0.07823784219378543,0.10027816203182637,0.07995812513381216
426,0.1504380851984024,0.07729490271507405,0.09488257555804515,0.07930052752239075
427,0.14486771821975708,0.0668757353977703,0.09148160971673942,0.07766081747561125
428,0.14690275490283966,0.06544447894962525,0.09265826843862356,0.07541722399925052
429,0.07910459488630295,0.06742619036492035,0.09842324389387658,0.0729363764206684
430,0.08322860300540924,0.07236541644718025,0.0971593270922119,0.07563561752644549
431,0.09416954219341278,0.07800708573897701,0.09950035545151473,0.07851592767801997
432,0.09166382253170013,0.07768131034475828,0.09395687958106116,0.0749289272094591
433,0.11460044234991074,0.06686274823998421,0.09003040931888044,0.0734540085228172
434,0.1296577751636505,0.0662840870954453,0.0928350648793408,0.07486383049123496
435,0.09546004235744476,0.06812009488017222,0.09818043812570852,0.07594330166332276
436,0.06453756988048553,0.07276784551310599,0.0981961602568124,0.0766107539268023
437,0.05260884761810303,0.07812997761544979,0.10016247410398706,0.07940788926449881
438,0.06227487698197365,0.07781579878254768,0.09556718797350237,0.07929187927919946
439,0.09380588680505753,0.06696795067306377,0.09127638301209316,0.08056152448165067
440,0.14451804757118225,0.06591228746190607,0.09346343828770404,0.07997612011015888
441,0.09815811365842819,0.06776134657671608,0.09887715393904709,0.07796625840172405
442,0.088294617831707,0.07225223202866059,0.09780826038783073,0.07752982129664905
443,0.06327440589666367,0.07756958062016256,0.09936539869409336,0.07740455572729252
444,0.05791844055056572,0.0766709540189264,0.09419435952773113,0.07342324152331212
445,0.09208153933286667,0.06681753585246569,0.08989371494511221,0.07349167715555087
446,0.10562994331121445,0.06611081470038152,0.09372037621856387,0.07480542780849074
447,0.1138773187994957,0.06828250123194458,0.09877811181009388,0.0764117544152815
448,0.08784722536802292,0.07297592729563757,0.09758927480080898,0.07799481544832308
449,0.11389773339033127,0.07778564107415124,0.10141768759275856,0.07950785518455822
450,0.17707064747810364,0.0770076604909313,0.09598670938354309,0.07823334890570671
451,0.20152296125888824,0.06773221150018162,0.09222028007161785,0.07707525111450338
452,0.1744367927312851,0.0666278170043949,0.09506342874304581,0.07465852594492928
453,0.08268707245588303,0.06825770368916717,0.09999497900199299,0.07290066198490304
454,0.06861570477485657,0.07327797268598948,0.09951794867151341,0.07416561286741966
455,0.09728331863880157,0.07754746502020769,0.10129245047782892,0.07768806771812488
456,0.10721119493246078,0.07729307237974767,0.09537471687567303,0.07546805509770692
457,0.12612907588481903,0.06769179673866876,0.09225884421864038,0.07374214378967023
458,0.12847216427326202,0.06671505452723708,0.09550703601471179,0.07493331854166202
459,0.08426761627197266,0.0681297431597382,0.09912548139266991,0.0757863016033045
460,0.05786244198679924,0.07275815357741425,0.0993813259944068,0.07643120722064448
461,0.04493777081370354,0.07760050729942283,0.10229094538115446,0.07926821036302162
462,0.04103996604681015,0.07699140800278174,0.0959990243702916,0.07932229576688977
463,0.05808084458112717,0.06757400548941969,0.09235144748729461,0.08084118050478774
464,0.10985447466373444,0.06707831346826328,0.09630768941681987,0.081568663619551
465,0.0997847393155098,0.0687992219850666,0.10101086172627159,0.07982314693416453
466,0.0967947468161583,0.07344774577473831,0.10123892239731912,0.07909204925763062
467,0.07059290260076523,0.07738949201710067,0.10278324743880103,0.07731810613396949
468,0.08003534376621246,0.07666756276714091,0.09658975882885151,0.07326843346877976
469,0.09986922889947891,0.06849259949467905,0.09271894720173038,0.07316688514258765
470,0.11391901969909668,0.06768571011583674,0.09656732795091116,0.07503439504325309
471,0.09229078143835068,0.06897021292773817,0.10181846018347916,0.07672315517466229
472,0.0825788676738739,0.07317136693804684,0.10141529599404993,0.07870360141547991
473,0.09479760378599167,0.07694873381226243,0.10440309443559662,0.08005401800357868
474,0.14532136917114258,0.07637146407348672,0.09630848376774152,0.07915109421030285
475,0.16429951786994934,0.0682592616794493,0.09436624733332222,0.07774604124406008
476,0.15159092843532562,0.06747399004357513,0.09787282903224838,0.07454071378455364
477,0.07497412711381912,0.06949695851867022,0.1029859598535548,0.07412496404209942
478,0.059822794049978256,0.07387858156195842,0.1027864715659172,0.074192435138581
479,0.08036554604768753,0.07721537227919327,0.10300622742765136,0.07699858162352012
480,0.08864657580852509,0.07613131040256606,0.09499131758822331,0.07427034333724744
481,0.09953190386295319,0.06791833001396971,0.0929531755866408,0.07385921201008216
482,0.10618016868829727,0.06753336509147721,0.09722727462239474,0.0748199927935192
483,0.07204485684633255,0.06930381643561256,0.10178584925147377,0.075400912691921
484,0.05085594952106476,0.0731596577578436,0.10109936686647276,0.07688109406909684
485,0.039421919733285904,0.07714066603298647,0.10303186110720289,0.07876306036429546
486,0.031275246292352676,0.0764394073926238,0.09571735251821183,0.07838758267474474
487,0.03754439949989319,0.06804666052064837,0.09211650394259992,0.08015027372007158
488,0.083037830889225,0.06750595378978068,0.0966357279738672,0.08131120021887371
489,0.09525277465581894,0.06845628069233044,0.10251370306289048,0.0796643653674849
490,0.08772429078817368,0.07312113975782222,0.10155328532846099,0.07743139744882757
491,0.07565134763717651,0.07701221750037575,0.10238345791070964,0.07681755715736359
492,0.07510349899530411,0.07559700405598532,0.09405631864512558,0.07186899195909803
493,0.11785818636417389,0.06686964509314784,0.09066184954747615,0.07232187245309428
494,0.12777432799339294,0.06616078893318088,0.09439069998756992,0.07432105158475488
495,0.08104617893695831,0.06762091971329767,0.10119858076650892,0.07580802121204952
496,0.0564211905002594,0.07339866124980202,0.10074132592260829,0.07663078521208337
497,0.05434420704841614,0.07683816520935113,0.10165455927866313,0.07832780608528352
498,0.09475108981132507,0.07555047909809531,0.09430276709331453,0.07953146413379085
499,0.0917128175497055,0.06655951520364839,0.09067633937941345,0.07734207070168339
500,0.10745559632778168,0.06594803730075047,0.0948981030755693,0.07583165670895833
501,0.057855408638715744,0.06696328989246114,0.09965587820699474,0.0745635507596208
502,0.060586169362068176,0.07289385429318032,0.10069682715833467,0.07547156360874832
503,0.08935654163360596,0.07706897965101041,0.09976734885511487,0.07811739132284716
504,0.08227255195379257,0.07621661288033889,0.09248657914842723,0.0753742004921083
505,0.09901507943868637,0.06635026594546907,0.08899312706642834,0.07414106690958465
506,0.11045076698064804,0.0663782565876217,0.0934774568202592,0.07589845573540407
507,0.0732991024851799,0.06723945302077071,0.09753481446985436,0.07548269336237609
508,0.05800371617078781,0.07295376383300295,0.10084670412124751,0.07722949995724043
509,0.05431955307722092,0.07762237393509437,0.1025341442321868,0.08033283987955707
510,0.0569504015147686,0.07628118249819653,0.09637271151385418,0.08051734071646545
511,0.0629664957523346,0.06669804113350424,0.09184430899375373,0.08039584443730186
512,0.11970272660255432,0.06671624345383056,0.09395670500383581,0.08200512090273454
513,0.09634517878293991,0.06765487305376001,0.09991834509810428,0.07960742724589184
514,0.08426093310117722,0.073506278949867,0.10183161059382831,0.07803931912195604
515,0.09123862534761429,0.07736070465193544,0.10188152435424452,0.07929194436442143
516,0.09267651289701462,0.07650868574487786,0.09573114068551097,0.07686844560306486
517,0.09539363533258438,0.06707323476352868,0.09041784637413636,0.07589343797662616
518,0.11033692210912704,0.0663088453469443,0.09377835687308372,0.07669073968810636
519,0.0878136157989502,0.06735153609430032,0.09992739472449456,0.07683455518662387
520,0.08857180178165436,0.07328029862513409,0.10263677062473495,0.08086753499725442
521,0.09355024993419647,0.07680720697390116,0.10359634404783184,0.08078519078755421
522,0.1133561059832573,0.07600285025468702,0.0960093088478121,0.08081230993635227
523,0.11237277835607529,0.06678418992012314,0.09180573765674901,0.0786316608916767
524,0.12157630920410156,0.06596165246741205,0.09385166102006905,0.07636895792611624
525,0.057037532329559326,0.06805089643107966,0.10162077378115697,0.07551739484576421
526,0.04787136986851692,0.07251395533508953,0.10170764756155695,0.07617726628475588
527,0.07931368052959442,0.07644853580420928,0.10212691999007023,0.07801180419295117
528,0.07824286073446274,0.0753282092438142,0.09408416503131965,0.07540091902613734
529,0.09215497970581055,0.06632022056813468,0.08927547779093113,0.07440440296226446
530,0.10957581549882889,0.06588080596478162,0.09348797148493375,0.07575815971981449
531,0.07432328909635544,0.0680675348677579,0.10021521512865963,0.07509342672043583
532,0.04825086519122124,0.0727268097511392,0.10160784121555554,0.07779031283673128
533,0.040317993611097336,0.07743964833156494,0.10282189510356221,0.0790563205746595
534,0.03694026917219162,0.07556914402702176,0.09547348337373843,0.07985262227392602
535,0.046285782009363174,0.06661759874652903,0.09086183195809859,0.07956913293071603
536,0.0931004211306572,0.06602555900559014,0.09382788967906676,0.08131128661740522
537,0.08836188912391663,0.068068787826761,0.10095818372407682,0.08140888376082514
538,0.06540273874998093,0.07228506156762005,0.10248532438584287,0.07962867113452245
539,0.05557641759514809,0.07668050299285341,0.10290322369872545,0.07794626945573574
540,0.057227715849876404,0.07523707578470283,0.0960900400611437,0.07412191988168947
541,0.06317681819200516,0.06693801474028978,0.09204610766779785,0.07337790004250641
542,0.08692312240600586,0.06647261690790301,0.09500741351298565,0.07571379399671586
543,0.08442192524671555,0.06896885524592154,0.1028257358502477,0.07686715622371693
544,0.07390724122524261,0.07243736614820763,0.1023658906462762,0.07932297910989618
545,0.09254060685634613,0.0765682117024584,0.10360021088072667,0.07863384390876174
546,0.11196824908256531,0.07545959722090011,0.09646566824250616,0.07810526146842499
547,0.15717332065105438,0.06669225144756873,0.09226049889413378,0.07607387499147306
548,0.11405756324529648,0.06644130935755918,0.09518413375820399,0.07446854933976016
549,0.07554657012224197,0.06887090157618339,0.10074563069596319,0.07379338775543487
550,0.049423083662986755,0.0724222363798046,0.1024582544791075,0.07477964663139841
551,0.08128036558628082,0.07704066874731565,0.10348183454626901,0.0773797698813075
552,0.09132947772741318,0.07627557447245273,0.09612691289832859,0.0749799085890215
553,0.09954827278852463,0.06740207852728639,0.09178019231951753,0.07341618067300905
554,0.10319440811872482,0.06686578164945009,0.09613714563316167,0.07606467126928039
555,0.06832823157310486,0.06903662894882155,0.10085213979904108,0.07469969780234739
556,0.051422130316495895,0.07257555914201606,0.10284070551009528,0.07758171116334707
557,0.052824702113866806,0.07726087290730206,0.10435617616477302,0.07896240006758758
558,0.06013278290629387,0.07605170248130103,0.09659279142296252,0.07991489281878389
559,0.05693666264414787,0.06761030780236656,0.09280935772469548,0.07810345589768843
560,0.09524502605199814,0.0664777751359556,0.09588298674525995,0.07968724999646551
561,0.0822017639875412,0.06962719283099766,0.10190246447270367,0.07911451317913568
562,0.07818379998207092,0.07226832053785368,0.10261901186594485,0.07853347774437912
563,0.0822051391005516,0.07696883535119288,0.10575600775140041,0.07890869498316742
564,0.09063078463077545,0.07628199535291054,0.09704123433970233,0.07473286706770836
565,0.10399340838193893,0.06764085064206377,0.09230459776653593,0.07499594756520288
566,0.11136559396982193,0.06683926967128631,0.09666619729558716,0.07638316007165111
567,0.0615139976143837,0.07008741001331943,0.10373523952250613,0.07536188270229766
568,0.04911737143993378,0.07240957002592774,0.1041154441621715,0.07831295570592448
569,0.03578038141131401,0.0772049760557241,0.10778359706867285,0.07689462795289241
570,0.08158436417579651,0.07593536774049768,0.09768910919136066,0.07888162698637798
571,0.07027853280305862,0.06744095503089768,0.09406889296260972,0.07749073958194708
572,0.11031639575958252,0.06668515248659827,0.09805135401933741,0.07556947322061149
573,0.052793361246585846,0.06965071674201313,0.10364137785628551,0.07525362741024094
574,0.047041330486536026,0.07202656328633479,0.10400474952920043,0.0751481239113935
575,0.07749058306217194,0.07701886178284247,0.10594343059991473,0.076558194791256
576,0.08370992541313171,0.07604147398743687,0.09739530062321769,0.074440136646579
577,0.08595013618469238,0.0672094469849864,0.09269045314923959,0.074056252178183
578,0.09051574021577835,0.06682551756200637,0.09714947708684268,0.07606050312563943
579,0.05778495594859123,0.06893047488023579,0.10340846111038929,0.07529296916685146
580,0.03946331888437271,0.07160094942131735,0.10380395216672994,0.07704875198899526
581,0.03576508164405823,0.07739147613806013,0.1065156752491399,0.07892607280746468
582,0.03328617289662361,0.07619243286692873,0.09825277493667893,0.07833238152740804
583,0.03255009278655052,0.06746158179505711,0.09345241053566244,0.07867598199426985
584,0.06419693678617477,0.06682543887189892,0.09788116148440369,0.07981703690685368
585,0.06631363928318024,0.0694878873297874,0.1042594466937202,0.07944539529220473
586,0.0708964392542839,0.07165650201937011,0.10484650569425824,0.07928570919597734
587,0.07663295418024063,0.07699284141511002,0.10797017947800475,0.07920036495203422
588,0.08972673118114471,0.07579995430436118,0.09711787023907345,0.07456575136193468
589,0.09836578369140625,0.0674664083452191,0.0942731709974256,0.07406781892084398
590,0.10063038766384125,0.06650971260252464,0.09757626753463425,0.07608281068709549
591,0.058755695819854736,0.06979859441119082,0.10529330789836014,0.07560936252096308
592,0.04445387050509453,0.07138916585628154,0.10484559883360155,0.07812392051011917
593,0.09088759124279022,0.07643208527785426,0.10788701269106586,0.07989544317100833
594,0.08885666728019714,0.07551359909143456,0.09799097636240055,0.07936566427134154
595,0.10083486884832382,0.0671966948353881,0.09474477657940004,0.0761966477362382
596,0.08226452767848969,0.06668411863846367,0.09860920499542876,0.07562998641027406
597,0.04492546617984772,0.06983151090849792,0.10487450534885895,0.07455715381212621
598,0.04331482946872711,0.07192409486375388,0.10361503558047076,0.07602037636887281
599,0.07066702842712402,0.07674001429010908,0.10673158476847386,0.07728538411928945
600,0.07232999056577682,0.07635243811268771,0.09719584147334202,0.07481749968452153
601,0.07875991612672806,0.06760548888884456,0.09465332703502032,0.07426247469683928
602,0.0766952633857727,0.0664100422687114,0.09794051667951775,0.07584005140589553
603,0.05342675372958183,0.06963188871924988,0.10465089159629093,0.07527183087470862
604,0.03741539269685745,0.07213554788835558,0.10404650134664899,0.07663928935365617
605,0.03673987090587616,0.07674195884622709,0.10768639838580354,0.07970984778248429
606,0.03463221713900566,0.07655565568825289,0.09798302092879294,0.0797140271417594
607,0.0313040092587471,0.06718764201268038,0.0951881325696441,0.07960985075078672
608,0.06711966544389725,0.06698271470420543,0.09865984545420693,0.0807204566344428
609,0.06814057379961014,0.06959286841515831,0.10498203725833424,0.08069311760457994
610,0.07089881598949432,0.07269700296221274,0.10489129303112645,0.08083429592311049
611,0.06429023295640945,0.07716601203869158,0.10801372814308001,0.07883169840243313
612,0.0683700442314148,0.07585793409713976,0.09758787335368611,0.07502463637359258
613,0.07082824409008026,0.06718936197754322,0.09431038104475296,0.07414195286035509
614,0.06809668242931366,0.06637522851401699,0.09962538986348378,0.07477198679927499
615,0.05637895688414574,0.06901396393155555,0.10668871878600009,0.07563231986767999
616,0.04087115824222565,0.07230691946241065,0.10676144203653547,0.07910295329570906
617,0.05277840420603752,0.07731713504075614,0.11092950256699276,0.07967003934816605
618,0.089211106300354,0.0760800036704966,0.10096834438104195,0.08053262727840682
619,0.09455733001232147,0.06799738762433848,0.09673953147910691,0.07665786969980441
620,0.10094749182462692,0.06660907206419137,0.09968540717148992,0.07349670614831148
621,0.05304889380931854,0.06871606065763008,0.10497584483560198,0.07377554963838527
622,0.0399339534342289,0.07198140439282506,0.10543693166773525,0.07475438753624858
623,0.0617671012878418,0.07703684087124486,0.1094292066686262,0.07509874458508471
624,0.07880893349647522,0.07644326291782773,0.0985251301182685,0.0734535233555193
625,0.0821969285607338,0.06849818434145243,0.09592496553510298,0.07393675216679069
626,0.07140181958675385,0.06718865565693156,0.1000364458282427,0.07459820705651016
627,0.04810738563537598,0.06951596262738624,0.10665171324141444,0.07420516157039662
628,0.034402694553136826,0.07168668737319055,0.10496460949166356,0.07543888813471339
629,0.030854463577270508,0.0778915544015704,0.10971121621004323,0.07829839972779927
630,0.030909337103366852,0.0767298326111328,0.0996383368845608,0.07843739909568809
631,0.03248370438814163,0.06883468147152288,0.09688289475675611,0.07707994072533184
632,0.054268401116132736,0.06700388838704834,0.10002393497982166,0.07859015837120582
633,0.05792836472392082,0.06941779988802411,0.10691346006496757,0.07940469760229263
634,0.06039432808756828,0.07241113336733934,0.10684961165541407,0.07971213514396615
635,0.0451958142220974,0.07858240323472798,0.11138206476409827,0.0775578340368386
636,0.05979745835065842,0.07622597225227547,0.09908277523502287,0.07299382268954267
637,0.06356632709503174,0.06838497432579743,0.09787129209913005,0.07324785884676054
638,0.06578604131937027,0.06699593124364932,0.09982474374859583,0.07374726274266886
639,0.058698832988739014,0.06919020182837964,0.10710843216075619,0.07379172873656754
640,0.04554292559623718,0.07227133965977293,0.10571649872272447,0.07584128244089684
641,0.034419555217027664,0.0770513482269789,0.10942322581602233,0.07600594412812549
642,0.028867123648524284,0.075448555387248,0.09832116673339661,0.07630208232940948
643,0.03341728821396828,0.0680188762134098,0.0974745527516366,0.07566701784113232
644,0.05926576256752014,0.06663418365302733,0.09986388342987737,0.07393487179201684
645,0.03715283423662186,0.06877863719230082,0.10636472996991632,0.07346379592891798
646,0.0410076379776001,0.07239427294657472,0.10697251240703402,0.07480197772507167
647,0.0668901726603508,0.07654985192778048,0.10861862758414033,0.07509921651196699
648,0.07168516516685486,0.07570122070361121,0.09844189610109909,0.07350992294284255
649,0.07702812552452087,0.06781057075564391,0.09723966283295433,0.07359497600976811
650,0.07481513172388077,0.06694763776026919,0.10012939635844881,0.07432888711980903
651,0.05278698727488518,0.06958002057833274,0.10695947099388796,0.07387107982397433
652,0.04573037475347519,0.07258531288841114,0.10735751958189282,0.0758914466324202
653,0.05388287827372551,0.07667684047290996,0.10944308187031875,0.0776562311021536
654,0.05214795842766762,0.0761725112776954,0.10084110339945597,0.07866677493094053
655,0.05471986532211304,0.06798859627577011,0.09856932555885231,0.07609987333243283
656,0.08515995740890503,0.06718554846840769,0.10037261743419319,0.07674806022419355
657,0.06575607508420944,0.0694594535669551,0.10728438740096041,0.07651043451490071
658,0.06719733774662018,0.07269200024778866,0.10786683678089615,0.0784709017527578
659,0.07040537893772125,0.07661374575673982,0.1085017958974427,0.07671711796302666
660,0.08032252639532089,0.07640339293039604,0.09942983514240146,0.07352441595783697
661,0.053764116019010544,0.06807484338090762,0.0978149937353003,0.07322745835670182
662,0.06890552490949631,0.06757988841562339,0.10058014780791404,0.07480915178318438
663,0.042436633259058,0.07008322950971381,0.1075255486118911,0.0745770781664582
664,0.04544048756361008,0.07365572268422799,0.10784699185669631,0.07813423124827562
665,0.06089555844664574,0.07727749246324571,0.10903005919671224,0.07766986927334092
666,0.07754752784967422,0.0770786314202536,0.10084393142580339,0.07861740453210776
667,0.07037591934204102,0.06792685041949821,0.09922678084101212,0.07446132827266155
668,0.08577808737754822,0.06729999695270088,0.1008135626020163,0.0723673773509148
669,0.04562860354781151,0.07008771381099271,0.10775798537035602,0.07261850942909884
670,0.0420353040099144,0.07369765130025667,0.10865198898149647,0.0746933646920984
671,0.06854911893606186,0.07728448856599997,0.10908990306868088,0.07551019173856949
672,0.07693719863891602,0.07669324801181988,0.09961627377270056,0.07273826167379759
673,0.07713369280099869,0.06755338248792818,0.09743514695173502,0.0731007124467498
674,0.06294282525777817,0.06762316538973355,0.10044808488225804,0.07496276911677775
675,0.046617262065410614,0.06995358477868603,0.10672074870355536,0.07386592691840388
676,0.041742488741874695,0.07404836013107241,0.10786042290788869,0.07609733907927356
677,0.034690648317337036,0.07882772760740075,0.11053757444165434,0.07768675691436547
678,0.03437327221035957,0.07788631774172262,0.10126999945790251,0.07702266722583577
679,0.044307954609394073,0.0686955747435817,0.09862342669003779,0.07555858629757953
680,0.06969903409481049,0.06816769652707964,0.1021519984528866,0.07782472368348568
681,0.05850491300225258,0.07026234548589576,0.10914031438548832,0.0768803581233445
682,0.06685253977775574,0.07390209146341666,0.10989954427897314,0.079414621167734
683,0.07214535027742386,0.07727228223116626,0.10912545980923148,0.0776672542354529
684,0.07832110673189163,0.07708371693813337,0.10055298686125586,0.0723893025976323
685,0.08650662004947662,0.0682223510563939,0.09768039947059139,0.07211761757020216
686,0.07075842469930649,0.06760301885226888,0.10260539925122196,0.07410189912833033
687,0.060936544090509415,0.07039990208136496,0.10894014484387303,0.07363579822410855
688,0.03670206665992737,0.07429788263771529,0.11079093297935567,0.07578705274068445
689,0.03291706740856171,0.07761767815023018,0.11171143724136785,0.07730849220804971
690,0.03227010741829872,0.0769821270584926,0.10318207659547053,0.07704348615036824
691,0.028811773285269737,0.06887800926212932,0.09944787197780246,0.07470049033498245
692,0.04635894298553467,0.06801159817881347,0.1036713868788966,0.07681955048677089
693,0.041372328996658325,0.07009527739476541,0.11063931667272352,0.07583555148908912
694,0.05021640285849571,0.07320914945647143,0.11185679996559134,0.07731287217209307
695,0.059331487864255905,0.07632460365737356,0.11131398957840212,0.07644158047237061
696,0.06909553706645966,0.07658752199776964,0.10309903698514286,0.07123687471810886
697,0.06954324245452881,0.06869493623832958,0.09967828386043497,0.07181626562163462
698,0.06600884348154068,0.06754687693118372,0.10323296345689568,0.07427284402544805
699,0.05588126182556152,0.0704430232102092,0.11066822314777701,0.07260303905283144
700,0.03962547332048416,0.07360491599302349,0.11097152793409536,0.0743879579993488
701,0.030102401971817017,0.07622231343252993,0.11018872823434632,0.07587788844266352
702,0.02679220587015152,0.07672314550275318,0.10239250118302543,0.07526666748824949
703,0.0345812626183033,0.06875232374819457,0.09976142856205383,0.07343258939222097
704,0.05507628247141838,0.06785615518411213,0.10322965038865856,0.0765419205626516
705,0.055909547954797745,0.07018253970827604,0.11094447410170566,0.07559175214826341
706,0.045382190495729446,0.07374629114994634,0.11119322035734772,0.0771073726643144
707,0.03610779717564583,0.07612178429163298,0.11046348540677037,0.07432736753440067
708,0.03504420444369316,0.07608155779146764,0.10235996865740495,0.07010533329240473
709,0.04028301686048508,0.06888781845298252,0.10091287704853315,0.0704973296593752
710,0.05866876617074013,0.06800945706004108,0.10495261710664963,0.07258643765542216
711,0.06568598002195358,0.071294515141162,0.11175312685881837,0.07359715830459033
712,0.05454661697149277,0.07524403044629223,0.11331050976506069,0.07591146557430523
713,0.07945235818624496,0.07815789932063542,0.11284382514993956,0.07575237968324017
714,0.0891278013586998,0.07802799748354237,0.1052969309592091,0.07746619015453006
715,0.09112825244665146,0.07149835137621861,0.10398405636957432,0.0746351943570634
716,0.08395767211914062,0.06984042960859496,0.10637601085892845,0.07295710792553468
717,0.05309740826487541,0.07318646666610529,0.11300511639980228,0.07471882534138795
718,0.03957909718155861,0.07648775749413557,0.11391963127111943,0.0749705564191152
719,0.06349296867847443,0.07968863305910374,0.11375910344173468,0.07599941272422313
720,0.07491304725408554,0.08055951805481207,0.10668228916043976,0.07238492733001536
721,0.0855257660150528,0.07305072512541834,0.10405033797466569,0.07292683702907647
722,0.0742759108543396,0.07130809230543177,0.10840310359027003,0.07509254899439088
723,0.055225033313035965,0.0741349193139056,0.11448679901904671,0.07440076478635045
724,0.04505879804491997,0.07654870590017837,0.1143459060902431,0.07548939441459473
725,0.046952854841947556,0.07950209424941015,0.11435647643420387,0.07747020364708429
726,0.046631790697574615,0.08032378552291897,0.10808754684590718,0.07777735929749004
727,0.04607671871781349,0.07262345493635727,0.10454777527209225,0.07438508959927852
728,0.0669577568769455,0.07104857696288723,0.10757332642204877,0.07628815825139407
729,0.06119202449917793,0.073609610224988,0.114128692094167,0.07507379660769027
730,0.0427887961268425,0.0763766217476416,0.11362937287089175,0.07686779163164058
731,0.039433468133211136,0.07931664761305311,0.11434663705434298,0.0763213915983586
732,0.03824959695339203,0.0799400048306484,0.10744685251301393,0.07252833818502301
733,0.03944788873195648,0.07222012076497027,0.10372939799863659,0.07307104262671732
734,0.058114320039749146,0.0718312710268339,0.1087089456121208,0.074707884469993
735,0.06666304171085358,0.07448334294507551,0.11500388347716335,0.07530950814604243
736,0.0749325230717659,0.07793377493600245,0.11517536750939329,0.0775131131514081
737,0.0853993222117424,0.08032335011043662,0.11597939751868104,0.07772390283013146
738,0.10276234894990921,0.08105166306642192,0.10942987186242785,0.07867594093447866
739,0.0966637060046196,0.07325345707653906,0.10554444653696357,0.07330321363568426
740,0.09736663848161697,0.07268067830683483,0.10922284187520757,0.0728865663803267
741,0.05759533494710922,0.07512657392783384,0.116250682154708,0.0736379639440234
742,0.04151017963886261,0.07878452660490498,0.11592058467406732,0.07424330579219354
743,0.07061925530433655,0.08206181016978745,0.11702790586551572,0.07646892656193162
744,0.08860385417938232,0.08266657025242757,0.10876250063224126,0.07254846901858357
745,0.09461124241352081,0.07420349269273947,0.10545917263540386,0.07332741255187464
746,0.06885497272014618,0.07288603831190277,0.10816660654359031,0.07551096948147165
747,0.04896186292171478,0.07567044035462595,0.11617444785383414,0.07588338989172176
748,0.0458231046795845,0.07944215581534152,0.1155871440455476,0.07821189012145556
749,0.052746836096048355,0.08274396136591862,0.11663015680074228,0.079073041735877
750,0.04835762456059456,0.08279543474479689,0.10949063668966699,0.07872261208973472
751,0.04484116658568382,0.0750552692986204,0.10827747397097424,0.07562749051481987
752,0.06820163130760193,0.07344554905678162,0.11102104419767392,0.07865193256640796
753,0.06507259607315063,0.07651418950413871,0.12012839941017099,0.07834222531787899
754,0.04024351388216019,0.07974557125661948,0.11827747207416324,0.07929564538865087
755,0.032959096133708954,0.08285004112093054,0.11927133073524855,0.07844137895269075
756,0.03348784148693085,0.08368983608909746,0.11152192432928994,0.07438504428956802
757,0.04398692771792412,0.07577478757604096,0.1086422408145978,0.07456198690673092
758,0.05856190621852875,0.07528531702946549,0.11312624525449211,0.07615446563233924
759,0.071535125374794,0.07872998797848497,0.12055175682240268,0.07651258026636301
760,0.05586276948451996,0.08129612738010515,0.11840144355226583,0.07892723397910423
761,0.10045881569385529,0.08496444742897284,0.12043746593342931,0.0815743938115555
762,0.140721395611763,0.08484640687334866,0.11262525638185439,0.0810944367959265
763,0.12386161088943481,0.0763879928549029,0.10998904136509524,0.07632243049176667
764,0.09825974702835083,0.07619232936084007,0.1135898408371932,0.07533344137314796
765,0.05488525331020355,0.07906519465598617,0.12122919377672653,0.0759777480935298
766,0.04977389797568321,0.08276119415538702,0.11991509121933702,0.07601917837108409
767,0.07223407924175262,0.0863731916626244,0.12124098638698827,0.07880191553180554
768,0.08346965163946152,0.08595963361360633,0.11257102940821341,0.0746828949714308
769,0.09867216646671295,0.07741069036680831,0.10946731195352907,0.0753547142446914
770,0.08560819178819656,0.07641680838908198,0.11340288348868803,0.07809886568876254
771,0.06312866508960724,0.07935321551197032,0.12065894963662126,0.07829203653103661
772,0.059916820377111435,0.08430918833081451,0.11993920195790743,0.08048725083418362
773,0.07282000780105591,0.08666112966625623,0.12135009714135986,0.0832367831910351
774,0.07624190300703049,0.0868026124477278,0.11500005961237675,0.08180741291314654
775,0.05843698978424072,0.0777696222260885,0.11108542456415195,0.07682122438242021
776,0.08320246636867523,0.07739479619132675,0.11492993229520015,0.08004901016014244
777,0.08012700080871582,0.07940551085492341,0.12331778663238012,0.08084730823695635
778,0.05607762932777405,0.08427272378187858,0.12229869151159845,0.07999231357482875
779,0.04790382832288742,0.08674582501590539,0.12325457738258713,0.08027440522701416
780,0.044673193246126175,0.08678004243434727,0.1147254701656188,0.07625579088722557
781,0.054239217191934586,0.07758858396918131,0.10948611597554615,0.07596480136446067
782,0.05994683876633644,0.07786478656582782,0.11502044861435895,0.07776091841413209
783,0.06774422526359558,0.0789918332063937,0.12174698399305575,0.07772538148643741
784,0.08802946656942368,0.084643944069939,0.1221825993395716,0.08291037049503346
785,0.1081756204366684,0.08598092291575539,0.12337548361167064,0.08470636789268249
786,0.1175982654094696,0.08678513058043716,0.11604076341914489,0.08301915709257054
787,0.10377809405326843,0.07672389359411397,0.11071454033961442,0.0768264673294395
788,0.10237900912761688,0.07672259264521891,0.11409931757280191,0.07541501019337714
789,0.05825233459472656,0.07843548907142178,0.12196113879065033,0.07593479653300685
790,0.04084448888897896,0.08362831171501936,0.12212288200573546,0.07569787815115574
791,0.0660909116268158,0.08596920421824863,0.12325879979497936,0.07845801424961407
792,0.08076983690261841,0.0865548489398856,0.1141596967166536,0.07588796420997268
793,0.10502942651510239,0.07728829015203471,0.10938262494166295,0.0755614656362452
794,0.0894884392619133,0.07675871265443956,0.11447607834775732,0.07754818610391477
795,0.059575155377388,0.08000973863785465,0.12098410701208388,0.07826006419085701
796,0.04764867573976517,0.08422389577901956,0.12067426286158632,0.08031119766419861
797,0.05685773491859436,0.08616834389084697,0.12226854064371392,0.08244277129087357
798,0.056526824831962585,0.08695520401944168,0.11371511954763734,0.08024030677738239
799,0.046497050672769547,0.07751767281132238,0.10967959265315606,0.07456269348605583
800,0.0738348588347435,0.07688781582956071,0.11377800824828022,0.07817875073040477
801,0.07523876428604126,0.0795724630078153,0.12309910481362572,0.07825343091578568
802,0.05080854520201683,0.08425989887918703,0.12209747348261848,0.0783456588410314
803,0.040935419499874115,0.08587013188818543,0.12286649873536909,0.0786471095502061
804,0.043287813663482666,0.08661959054123375,0.1137248390020072,0.07522689095515746
805,0.049542877823114395,0.07764324874145524,0.10965058921245091,0.07470284455622615
806,0.07188675552606583,0.07767813073328787,0.1146762045899574,0.0763872644902179
807,0.0773559957742691,0.08117577137971305,0.12392639026293648,0.07820825234461935
808,0.09380786120891571,0.08626484382654458,0.12337972752528813,0.08144434056962516
809,0.11295895278453827,0.08802525818907352,0.124052297992782,0.08353137544524751
810,0.13435618579387665,0.08898915144438713,0.11640980298330468,0.0814611547094493
811,0.12412504851818085,0.07914314371990594,0.1118896945027898,0.07504699364792143
812,0.12317024171352386,0.07871066574610254,0.1142812108796992,0.07293565390207063
813,0.06677715480327606,0.08166759811558232,0.12371452988135809,0.07422683944473504
814,0.03956858441233635,0.08686275096803513,0.123621909829314,0.07460781773464288
815,0.07246425747871399,0.08878374600275475,0.12411587239462772,0.07757026946494187
816,0.09754928946495056,0.08937682633169179,0.11543791380932875,0.07508290201541828
817,0.1245114728808403,0.07962976987773308,0.111665885839483,0.07439894973382026
818,0.1019868403673172,0.07994281166019705,0.11498986001505168,0.07622059733978309
819,0.06559013575315475,0.08246632840772274,0.12483896182631792,0.07759263207202322
820,0.05127503722906113,0.08714511611089774,0.12243531039799774,0.08006500641777667
821,0.06209912896156311,0.08867200592901828,0.124116133506269,0.08215590430859311
822,0.06085205078125,0.0894060700581525,0.11489683147422237,0.07946650712351046
823,0.04819243401288986,0.08002573313237252,0.11181849646203218,0.07399164525203537
824,0.07326706498861313,0.07983985551885765,0.11477428360614744,0.07776116192720109
825,0.07144074141979218,0.08248220857677467,0.12541500015704235,0.07746195850145264
826,0.05625152587890625,0.08695811629936513,0.12386989630085998,0.07811797209967933
827,0.036784082651138306,0.08907161249691085,0.124957690534746,0.07805284858195904
828,0.04314844310283661,0.08902332889178016,0.11551940196592772,0.07391483124976281
829,0.05459171533584595,0.07990514853501925,0.11222749042235321,0.07407722657277685
830,0.07707541435956955,0.0798708423467752,0.11534716110752172,0.0756039426634492
831,0.08130355924367905,0.08323662142513746,0.12632098058479793,0.07712069681179648
832,0.07402447611093521,0.08746144262256222,0.1239350266938458,0.0810000281290112
833,0.09226349741220474,0.08895252716554523,0.12520454548489707,0.0828027212923169
834,0.1490429788827896,0.0894760904169208,0.11593767981434086,0.07999072935794829
835,0.12479794770479202,0.08104378981753896,0.11288990444091426,0.07553321233203047
836,0.13042935729026794,0.08026366550236307,0.11533277940590084,0.07299224618704271
837,0.06907519698143005,0.0834999155113279,0.125859471521773,0.07480496277088582
838,0.04968886077404022,0.08732428156220902,0.12422284802702345,0.07491153721823683
839,0.06868629157543182,0.08929532846387778,0.12506363856022065,0.07790522816471755
840,0.09282887727022171,0.0894079381345318,0.11564494115278681,0.07488937457365609
841,0.11251357942819595,0.08037459493379834,0.11224797704976575,0.07457501641901021
842,0.09307975322008133,0.08000076321481712,0.1148201891848462,0.07520251989663286
843,0.05807739496231079,0.08366469478562043,0.12501985439890106,0.07759179347185832
844,0.04649491235613823,0.08797860818115769,0.12364761786201398,0.08100081956560463
845,0.06229904666543007,0.0894676960310452,0.12444486810373355,0.08241780870873087
846,0.06348708271980286,0.08949833089918499,0.11537181839528547,0.08000317999079264
847,0.04436362907290459,0.08067357654655435,0.11245503551420777,0.07431487994110976
848,0.06316884607076645,0.07991944820277758,0.11522376676593242,0.07748060795947863
849,0.07895369082689285,0.08352329390314686,0.12584889423718096,0.07770847271673585
850,0.06643453985452652,0.08835124308577397,0.1260705642932116,0.07781763491013484
851,0.06260810792446136,0.08968284533487582,0.12544711944052417,0.07784879718031673
852,0.09085040539503098,0.08969145424065714,0.11720890521837796,0.07488604955939104
853,0.12636727094650269,0.08057457431518497,0.1124471509693191,0.07369366752239213
854,0.12253393977880478,0.07936204501262108,0.11507489055350857,0.07509249419174595
855,0.0867447629570961,0.0833338615711933,0.12495030315596259,0.0743461241161799
856,0.06267675012350082,0.08865019516638531,0.12560520286541016,0.08042470142512716
857,0.03750375285744667,0.08945513531261289,0.1250687158919292,0.08046435653708578
858,0.02081182971596718,0.08946821512187435,0.11642257975644851,0.07778972105020227
859,0.031492989510297775,0.08065977062054838,0.11273704955848603,0.07480891432760256
860,0.04997842013835907,0.08001658094107761,0.11548046535153986,0.07519870525927227
861,0.043627914041280746,0.08378200819723464,0.12582409158828042,0.07456635555937279
862,0.050132568925619125,0.08835314960141231,0.12574500451915493,0.07599236320406302
863,0.055153585970401764,0.08986526270634855,0.12472967175253205,0.07665989368020598
864,0.06783599406480789,0.08957510870203017,0.11523128660890568,0.07508969284212619
865,0.08721692115068436,0.08043597833202965,0.1124143807052795,0.07469093164140533
866,0.078422412276268,0.08038533390581641,0.11542761671762047,0.07543086592069834
867,0.056655555963516235,0.08414219014366986,0.12548111376025975,0.07742981029838712
868,0.04567144066095352,0.08925337108041516,0.12436630136389595,0.08087500433124105
869,0.054282963275909424,0.08989566608526821,0.12422826139041422,0.08263523040845665
870,0.059565477073192596,0.08968915195364811,0.11537746986090638,0.07968198418508586
871,0.04079052433371544,0.08044405101431241,0.11264433362121418,0.07339410970405934
872,0.0637531578540802,0.08003321305162203,0.11581682013430097,0.07685085451999606
873,0.08082160353660583,0.08427668850492735,0.12680862238353316,0.07783247383712343
874,0.07180621474981308,0.0894119029053553,0.12692449742526926,0.0783694596560816
875,0.05200178548693657,0.09066942014535045,0.12629827474491917,0.0786995621545337
876,0.06902588158845901,0.09101919174207365,0.11813467114791308,0.07509810713742944
877,0.08739017695188522,0.08190560665817635,0.11479307812592753,0.07585313849470897
878,0.07690116763114929,0.08146422009643217,0.11757277887751258,0.07701766465377444
879,0.06255120784044266,0.08436688535314875,0.12730380528523685,0.07719145035074798
880,0.04087970405817032,0.08998103914088224,0.12793833020989387,0.08250686708288611
881,0.06825779378414154,0.08910765137829674,0.12630981103349395,0.08441733965045009
882,0.09485331922769547,0.09056829417064134,0.11852224703574153,0.08329360753002964
883,0.07762400805950165,0.0825974560609911,0.11655259109922675,0.07719578345809436
884,0.07896097004413605,0.0807888544837409,0.11706916151798633,0.075325803013048
885,0.06137598305940628,0.0841193836288865,0.12662297679888243,0.07517664002989984
886,0.04031093791127205,0.08913684611821039,0.1263260790151919,0.07555203017900189
887,0.05751403421163559,0.08807381755194937,0.12404123849144909,0.07686988829046594
888,0.059887103736400604,0.08975881643982607,0.11630479050889973,0.07523289914811394
889,0.07381842285394669,0.08148310665919568,0.11376829440860535,0.07562972603363903
890,0.06420765072107315,0.0799871637830676,0.11568438556519543,0.07599652288339415
891,0.046252645552158356,0.08334140579066296,0.12499412366216589,0.07775265640248627
892,0.0403597317636013,0.08887775017024081,0.12467729089022574,0.08060343748617609
893,0.041080549359321594,0.08826609702482549,0.12324987088774182,0.08157431945553814
894,0.03676433116197586,0.08969556518539322,0.11511285290519067,0.07847218581910077
895,0.035836830735206604,0.08191188677225524,0.11430295451365971,0.07417944862190892
896,0.054128989577293396,0.08007915318159795,0.11637358434126478,0.07681846183028394
897,0.0655021071434021,0.08335393138768857,0.12599510402699557,0.07611141645094713
898,0.06353697925806046,0.08868254512261538,0.12641010335067013,0.0775117881672094
899,0.06512611359357834,0.0887340719212536,0.12472022755453828,0.07858835497607242
900,0.0828307718038559,0.09093091273233944,0.11636164899079571,0.07499592142006434
901,0.09546247124671936,0.0824073617995199,0.1149726509197711,0.07612521667744189
902,0.08447282761335373,0.07876380467289167,0.11521034056329621,0.0767854734093557
903,0.06262949854135513,0.0813531928724634,0.12495127743756317,0.07725271025606259
904,0.061253808438777924,0.08627061009452067,0.12380939277640778,0.08251901247614658
905,0.07310856133699417,0.08576239131066454,0.12369291799238318,0.08527942956973164
906,0.0802278146147728,0.08790685189327395,0.1169801651299956,0.08311287113031683
907,0.07206744700670242,0.07999245204973116,0.11480622545752843,0.07639468751942285
908,0.07113032042980194,0.0759759444532288,0.11339318432141811,0.07312600193350711
909,0.057695887982845306,0.0786693690744788,0.12287993802022745,0.07220458957104531
910,0.03375212475657463,0.08286041840375696,0.1213533137569387,0.07192392078672674
911,0.043826185166835785,0.08276205125645804,0.11968348410530211,0.07336335328559325
912,0.05050218850374222,0.08424823863125579,0.1125117525857084,0.07190675788558312
913,0.06200782582163811,0.07740110093254898,0.11085330229154287,0.07289943134062825
914,0.05333281680941582,0.07372840729904495,0.11104359944477006,0.0725417386991396
915,0.0364144891500473,0.07633234915980859,0.11890588425784737,0.07398961174806279
916,0.037065573036670685,0.08145348400792789,0.11827896772843563,0.07634065956855675
917,0.03640046715736389,0.08233026721868876,0.11818315926189639,0.07860362379295104
918,0.035380907356739044,0.08453596807919522,0.11259344884031282,0.07666668617495405
919,0.027806220576167107,0.0776609856797711,0.1120774100894721,0.07106480735016013
920,0.04419717937707901,0.07359746522233292,0.11148573429717633,0.07181308291030791
921,0.05168440192937851,0.07650225067593683,0.11990553206584825,0.07208669542084033
922,0.037765465676784515,0.08210435588625463,0.1203510170817922,0.07267746673508459
923,0.04573448747396469,0.0830058766797364,0.11961547887154332,0.0748075707568653
924,0.0538567490875721,0.08432099492882658,0.11353418539736661,0.07134439155825502
925,0.04795711860060692,0.07809373516201719,0.11356775858253791,0.0725559167336194
926,0.0598955899477005,0.07439903504622764,0.11283190980254512,0.07269803227943034
927,0.047307416796684265,0.07739023553356658,0.12145251198489483,0.07274256221022962
928,0.032419949769973755,0.08276772071173691,0.12069477991608847,0.07604771223842484
929,0.042806096374988556,0.08346873212181737,0.120544072476874,0.07910097278226519
930,0.08251471072435379,0.08460767683340212,0.11402887080461709,0.0790185184605988
931,0.07099134474992752,0.07833329838591864,0.1142387129620352,0.07460427326210164
932,0.09330237656831741,0.07480938952109212,0.11419413103156902,0.07243966119736377
933,0.043943505734205246,0.07718395546915652,0.12249269783240666,0.07158272570955598
934,0.03632685914635658,0.0834363286532495,0.12224597138487049,0.07180363296416947
935,0.04588746652007103,0.08445435094930562,0.12220942069751944,0.07452875257312727
936,0.04742373526096344,0.08597419859918226,0.11451336275743597,0.07260533008592188
937,0.06993406265974045,0.07828028191427325,0.1121323696118852,0.07402059590801655
938,0.05648636445403099,0.07604182159601733,0.11272536506565353,0.07476472960845848
939,0.03773842751979828,0.07996003450101476,0.12153208899653077,0.0760843766166893
940,0.03969502076506615,0.0856301822903331,0.12236364018072114,0.0790840633620482
941,0.03924982249736786,0.08681740846871475,0.12290492912186211,0.08158615318272196
942,0.03927423059940338,0.0878319928004989,0.11759256970658306,0.08138670105134223
943,0.0335933119058609,0.07990747240838206,0.11700841544905813,0.07755136428159966
944,0.059795256704092026,0.07657352291605525,0.11653872677238596,0.07796911746714169
945,0.06659715622663498,0.07991717986748838,0.12712701690546468,0.07706883054570453
946,0.061437562108039856,0.08634848690893188,0.127911127076155,0.0766983475915972
947,0.06599495559930801,0.0872459056675745,0.1255448961621319,0.07814302770692555
948,0.09589236229658127,0.08684080616262839,0.11849388358025865,0.07517025197154403
949,0.11292271316051483,0.07913498287207626,0.11547595488502922,0.07665799148749958
950,0.08432598412036896,0.07720567405473884,0.11578030083004687,0.07678953037877514
951,0.044060833752155304,0.08062276051317778,0.12513220650370632,0.07582641426723588
952,0.03548002988100052,0.08685754235389377,0.12641119154547112,0.08158029028738527
953,0.08691272884607315,0.08745697817028981,0.12557822138599914,0.08449475643145098
954,0.12175241112709045,0.08741363479358068,0.11924096630148323,0.08308947907773857
955,0.08800196647644043,0.0793442907801283,0.11608781885213994,0.07832600699302637
956,0.06347880512475967,0.07664921336769476,0.11442405994568663,0.0745371041476465
957,0.05071454867720604,0.08006019661591036,0.1261546618258056,0.07411004164686462
958,0.0429040752351284,0.08693504196116127,0.12602178628978003,0.07476804790820989
959,0.059036459773778915,0.08770254818698187,0.12340863371973608,0.07689393147426317
960,0.0722673311829567,0.08701953035733496,0.11808050860487125,0.0756598008741556
961,0.0865456610918045,0.07906964447606168,0.11409779808610342,0.07680018287988477
962,0.07203473150730133,0.07630952130763838,0.11336969730936018,0.07522274337879259
963,0.04532236233353615,0.07954478214130441,0.12312206825544703,0.07670334380921025
964,0.03847884759306908,0.08710241388687265,0.12536827732593175,0.07986187485369155
965,0.033821962773799896,0.08749631078216268,0.12338070610146379,0.0813518994025976
966,0.03706056997179985,0.08711436687916095,0.11749996639846925,0.07924088541667812
967,0.026260243728756905,0.07965255891765705,0.11424317542372267,0.0737782060863905
968,0.05416883900761604,0.07602888780913374,0.11313096190588924,0.0743616964006894
969,0.060323603451251984,0.07915897579152603,0.12355241621983454,0.07506986588731945
970,0.05158735439181328,0.08712764384331183,0.12634229662054644,0.07576247934248954
971,0.053186360746622086,0.0873319888735537,0.12369209012870618,0.07744252507710805
972,0.04205942153930664,0.08709622912923054,0.11862415110832587,0.07441556643917512
973,0.052437324076890945,0.0792284758361153,0.11549668859234385,0.07537958617198985
974,0.07310345768928528,0.07643323065520254,0.11437326479427638,0.07599799015330241
975,0.04683276265859604,0.07919824922581188,0.12452610717298228,0.07534889315556716
976,0.04227719083428383,0.08793679913780691,0.12630863320079266,0.08086006367192998
977,0.057294927537441254,0.08757036410205343,0.12461749320851233,0.08226408228711249
978,0.09239606559276581,0.08791985417337701,0.11925019899975255,0.08110978861167412
979,0.06419287621974945,0.07963805324833455,0.11606936256574509,0.0761989373873424
980,0.06096900254487991,0.07686602776381152,0.11443487245213445,0.07361610000803176
981,0.04621950909495354,0.07966451554426313,0.12546399971409394,0.07499880543945105
982,0.04449908062815666,0.08804718375660438,0.12675879995887576,0.07519664301710403
983,0.05850711837410927,0.08787386564094356,0.12469538727639849,0.07675399633109398
984,0.06491024792194366,0.08808478113930086,0.11887504724700909,0.07481696492750292
985,0.07601546496152878,0.08058184816603854,0.11603677830109413,0.07706076903223272
986,0.07181860506534576,0.07775635846741791,0.11451630896794672,0.07637939492688117
987,0.0461186021566391,0.08014939203683119,0.12450348294884618,0.0770390785070065
988,0.03729036822915077,0.08821545100733229,0.12563188340471668,0.07952039341818223
989,0.0381595715880394,0.08826455994604998,0.12443187944006612,0.0820596939199251
990,0.045754168182611465,0.08775708383282996,0.11868523676736654,0.08026615605049353
991,0.030957648530602455,0.08015971662677064,0.1154625148908604,0.07418344672450056
992,0.05382255092263222,0.07727992685652638,0.11516020615751339,0.07499173439574279
993,0.05860156938433647,0.0802548497163779,0.12547967857938616,0.07595507965862082
994,0.05137736722826958,0.08870669617662588,0.1264402177165443,0.07577187072086412
995,0.04705367237329483,0.0877446608531287,0.1242013220612895,0.07694679493633202
996,0.0645914226770401,0.08776382637239076,0.11906521564176539,0.07425038309672177
997,0.06859356164932251,0.08070063688513143,0.11653427052247886,0.07625422929745425
998,0.06797626614570618,0.07743977121696416,0.11546146313850505,0.07621712058057313
999,0.05525827407836914,0.08041433948467352,0.12595388090454393,0.07494176056348781
1000,0.03828289732336998,0.0890790333068086,0.12628599607314733,0.0780730240386089
1001,0.04802177846431732,0.08770175883704151,0.12444712753710802,0.08242576228367045
1002,0.0560847707092762,0.08792967897927449,0.11882997789263787,0.07994984894709888
1003,0.03500530496239662,0.08072204315041068,0.1160209805405439,0.0748423009761676
1004,0.04851453751325607,0.07791409217526803,0.11588364321360504,0.07369065460573349
1005,0.043759021908044815,0.08096473503612617,0.12653519293488708,0.07491453464249548
1006,0.043171677738428116,0.08888966665657043,0.12667815404775684,0.07415031672405893
1007,0.05969003215432167,0.08756279881496115,0.12500126288270483,0.0766761315890503
1008,0.07607316970825195,0.08861409455854832,0.12002002671155845,0.07468981849319173
1009,0.08319152891635895,0.08160585377437751,0.11662192993668978,0.07658811684746916
1010,0.07065006345510483,0.07852237969227462,0.11652977382094401,0.07602693438509865
1011,0.04888790100812912,0.08140923303086298,0.126429500035307,0.07593166879510037
1012,0.03600942716002464,0.08895582416338559,0.1274289093236615,0.07955422791084481
1013,0.03119291551411152,0.08853740732470002,0.12612093317833886,0.08219592370409129
1014,0.03158702701330185,0.08871994866887457,0.1195561047425997,0.07854423582623314
1015,0.02717549167573452,0.08142732875626722,0.1165668358319703,0.07288682717982274
1016,0.04866435378789902,0.0785509224703681,0.11654316365559056,0.07481066159164328
1017,0.06181731075048447,0.0817365558061779,0.12731231177256308,0.07574729937896689
1018,0.034341972321271896,0.08927795659042541,0.12814352228493872,0.07654519502610892
1019,0.026574118062853813,0.0888514725072788,0.12656284419559427,0.07632716026566473
1020,0.03524637222290039,0.088424671085611,0.11984599334829692,0.07387331687584651
1021,0.041415583342313766,0.08139342949518075,0.11761775642342279,0.07547499198836513
1022,0.05872068181633949,0.07964469724898388,0.11881422702318806,0.0754498327030655
1023,0.06774045526981354,0.08278466828005246,0.1289771440754919,0.07553245293266403
1024,0.05454174801707268,0.09022297104020427,0.12901782789127106,0.0788917283115263
1025,0.06856599450111389,0.08959810380576928,0.12740607909620358,0.08237846507305409
1026,0.09046589583158493,0.09071818422505792,0.12207989391189354,0.08204771793780975
1027,0.06575678288936615,0.08235545070159894,0.11937466190699823,0.07740837811795617
1028,0.07469069957733154,0.08063380579594809,0.11941425401078294,0.07440306856416702
1029,0.051123518496751785,0.0838838397627232,0.12930151169862705,0.07476879417249967
1030,0.04401105269789696,0.09056929302932991,0.12926284501507937,0.07350081714482747
1031,0.06426412612199783,0.09101895665430951,0.127276558312694,0.0767867721398643
1032,0.08195464313030243,0.09079510937083159,0.12177864068357173,0.07407827837456854
1033,0.09675755351781845,0.08299733099651281,0.11894552505001191,0.07601038250398932
1034,0.07797156274318695,0.08063358513137436,0.11883250657162213,0.07623352744679043
1035,0.05385557934641838,0.08367450819823577,0.12882059587348285,0.07630176525794585
1036,0.048331551253795624,0.09057113561960982,0.12850615350906133,0.07990586176090096
1037,0.04918176308274269,0.09106445268419176,0.12682119905363354,0.08251009153748784
1038,0.044466566294431686,0.09027482511906851,0.1203950374580534,0.07888814771855489
1039,0.03019076958298683,0.08145218671225485,0.117998509088111,0.07309210950629806
1040,0.06703875958919525,0.07999595889026664,0.11862151441382443,0.0759118641447434
1041,0.0812428817152977,0.08316665318859097,0.129086552842302,0.07614901269474225
1042,0.05526994168758392,0.0904447735262945,0.12937029172949976,0.07510450567275755
1043,0.039106182754039764,0.09068264288356268,0.12686652254029954,0.07697178706376868
1044,0.060011882334947586,0.09019538787042293,0.12070417541502731,0.07369032879720994
1045,0.0864434465765953,0.08139129517483498,0.11783900719559938,0.07584066306794345
1046,0.06556757539510727,0.079977798974563,0.11825387573140068,0.07605288999540692
1047,0.05404921993613243,0.0828225177450726,0.12911225952194988,0.07497536965969585
1048,0.05333414673805237,0.09059612584073894,0.12932181609526305,0.0794050388208329
1049,0.07474903762340546,0.09036286124916773,0.12765778260350805,0.08370228352962485
1050,0.10437566041946411,0.08982185834277595,0.1212724604852041,0.08135584267927537
1051,0.08419179171323776,0.08120240854612876,0.11909867715675602,0.0766083267195446
1052,0.08296224474906921,0.07960730681121787,0.11813996682895413,0.07360280731275344
1053,0.05957580730319023,0.08260159626013643,0.12843364514846078,0.07336532870877154
1054,0.04604937881231308,0.09056179302558795,0.12990278276951092,0.07292630513536026
1055,0.06476692110300064,0.09043274398883784,0.12696853286868698,0.07528363543217587
1056,0.07902750372886658,0.09050432521052446,0.12160033330706015,0.07469087660325714
1057,0.09841734915971756,0.08148023592605134,0.1179696749599851,0.07591353005255762
1058,0.08097297698259354,0.07955834815416889,0.11812888164406689,0.0751054203368622
1059,0.05300268903374672,0.08290435560788403,0.12850272478499294,0.07603243269250283
1060,0.04301305487751961,0.09092205330467563,0.12960716365067768,0.079808953780674
1061,0.04994615167379379,0.09053286172852419,0.12742943129464,0.08264518717345572
1062,0.05924734100699425,0.09079711093519952,0.1210425573925164,0.08066856944686514
1063,0.03573814034461975,0.08166429910791101,0.11804914402761288,0.07360028761384728
1064,0.06600562483072281,0.07963488625598342,0.1183452543212205,0.07596978394754007
1065,0.0822104662656784,0.08252489087379175,0.12920810071096298,0.07607018087404133
1066,0.06052050739526749,0.09101065077661881,0.13058138446822828,0.07546179304355682
1067,0.05939687043428421,0.09051801009365867,0.12790985949309672,0.07737834226177075
1068,0.08131998032331467,0.09047246090918293,0.12179447218456135,0.07395130666924767
1069,0.12637479603290558,0.08157108085857949,0.11918033188133491,0.07536864643717613
1070,0.11278104782104492,0.08022717197983852,0.1188009227432063,0.07514184780992125
1071,0.07860593497753143,0.08243577312822058,0.12829480645978555,0.07439837829716946
1072,0.06014193966984749,0.09091341254295147,0.12904030751066442,0.07988413705843636
1073,0.07510420680046082,0.0903758226867798,0.1275553620372241,0.08226577524003487
1074,0.0894823968410492,0.0904100633800911,0.12170395072173329,0.08148102321047963
1075,0.04460624232888222,0.08183571982164534,0.11925681574773311,0.07523849814741732
1076,0.058628831058740616,0.07983736516629775,0.11873846421477237,0.07431864667031128
1077,0.06782526522874832,0.08267092391667091,0.12830241474037998,0.07534249771730164
1078,0.05881978198885918,0.09092499563783071,0.1289484793965755,0.07388490883695517
1079,0.06828388571739197,0.0905609494358473,0.1270815850795153,0.07618607672062014
1080,0.07010164111852646,0.0908317046641225,0.12148157704471445,0.0746384931956564
1081,0.09821438789367676,0.08144522530858106,0.11802687473024477,0.07611846593387503
1082,0.07784559577703476,0.07992416172922705,0.11881303633143835,0.07592813499374695
1083,0.05368888005614281,0.08285434432527224,0.12762446305812167,0.07590507128681591
1084,0.04394134134054184,0.09070603597457098,0.12722648386117263,0.07985867267227982
1085,0.050023455172777176,0.09048762551190019,0.1265391489187185,0.08279918475211757
1086,0.058076076209545135,0.09082467078186142,0.12039158170973696,0.07998473596971314
1087,0.038623277097940445,0.0815895305847462,0.1175552590799192,0.07352801231323855
1088,0.06298517435789108,0.07902634694464254,0.11745987095538059,0.07559050189966837
1089,0.07325486093759537,0.08259400290225714,0.12783128987964887,0.07552779715213824
1090,0.041581396013498306,0.09051735947410852,0.1278209462115739,0.07459974656587422
1091,0.028089608997106552,0.09083313117690783,0.12621880541509953,0.07665763688618844
1092,0.02954033575952053,0.09109977005936769,0.12133864198746154,0.07473776475579824
1093,0.04800264164805412,0.08218205134990791,0.11834622327579708,0.07529268571546294
1094,0.061996523290872574,0.08175303983606028,0.12047031307627122,0.07629487554886843
1095,0.06901677697896957,0.08563332558085067,0.1302287369681101,0.07549072009379991
1096,0.0634727030992508,0.09311026046483838,0.12970380861116015,0.08055042370863784
1097,0.0767531469464302,0.0926907196208326,0.1304991431781236,0.08551316654457743
1098,0.09742700308561325,0.09345109347126422,0.12500073848669294,0.08251269727474281
1099,0.057037174701690674,0.08396026161487966,0.12362944463601155,0.07861423623821874
1100,0.06129922345280647,0.08298806612376365,0.12396759005635133,0.07778331072515453
1101,0.06774266809225082,0.08686757524906513,0.1338158947239467,0.07855454368774449
1102,0.057601917535066605,0.09441364303898615,0.13260833827631888,0.07589669490570611
1103,0.07679390162229538,0.09333848499606721,0.13153987210721949,0.07911028359778868
1104,0.09428835660219193,0.09373004130464305,0.12473865125185984,0.0757104730465331
1105,0.1129414513707161,0.08494370597690057,0.12182824248322581,0.0792369235053631
1106,0.08792191743850708,0.08419721510883481,0.12392723147092348,0.07933362921206571
1107,0.05660440772771835,0.08842233847255616,0.1328753888615348,0.07901844498333709
1108,0.0468384325504303,0.09579196231879238,0.13170027917689256,0.08345341154634753
1109,0.050424348562955856,0.09453213985815623,0.13205813881402617,0.08646220362949784
1110,0.06298045814037323,0.0952129520743203,0.12586360908858432,0.08178212072700389
1111,0.03761960193514824,0.08582942034733086,0.12416248447915758,0.07723477383010206
1112,0.06804129481315613,0.08481951108416107,0.12595914295623545,0.08206474996181277
1113,0.0943669006228447,0.08883999246585185,0.1360433761805703,0.08168899053095421
1114,0.07051818072795868,0.09623290978763556,0.13399390410010453,0.0788714789477266
1115,0.038072023540735245,0.0952935694872283,0.1331271361454656,0.08000304557008774
1116,0.032400183379650116,0.09612985122571281,0.1271841273647104,0.07787926097150483
1117,0.06930636614561081,0.0871680930228723,0.12584862554737367,0.08053691831153464
1118,0.07577794045209885,0.08749502806952601,0.12803145873274954,0.08087095751962346
1119,0.09317454695701599,0.09097489505313407,0.13573757601711078,0.07914268634046358
1120,0.08162130415439606,0.09814699243324182,0.135604389364185,0.08356305182088365
1121,0.058513540774583817,0.09720217834745144,0.13364308780950215,0.08689605529611243
1122,0.09728960692882538,0.0968133298521018,0.12842770081637275,0.0847793916808981
1123,0.07068278640508652,0.08772575179802927,0.1259783203496637,0.08128191648553931
1124,0.07674857974052429,0.0875305663966636,0.128668723510701,0.08084780950972185
1125,0.0714348703622818,0.09218650064285314,0.13745937593277774,0.07903847401573844
1126,0.04955736920237541,0.09952776497766887,0.13714550171305515,0.07739861588977165
1127,0.06348411738872528,0.09959211039295303,0.1346788645239113,0.07995636870759472
1128,0.08595474809408188,0.09878555639404887,0.1283506539896414,0.07822274692786774
1129,0.1250048130750656,0.08880768775200555,0.12556150273036176,0.081943214314306
1130,0.12147334963083267,0.08820570287489814,0.1276537547906309,0.08154454362254125
1131,0.07632651925086975,0.09294870060009684,0.13621389955652347,0.08027790737007814
1132,0.057388149201869965,0.10076513051433876,0.137374442174521,0.08642961048852894
1133,0.06962932646274567,0.09987472606370412,0.13530857640346125,0.08860639745659031
1134,0.09004532545804977,0.09948800830965364,0.12956295903469658,0.08412845224799552
1135,0.05152510106563568,0.08953758464227138,0.1269094629388242,0.07961811895249028
1136,0.0854145959019661,0.0887043276335392,0.12891059051816886,0.08198426539149072
1137,0.10573949664831161,0.0932054098776275,0.13681201859048941,0.08004325492285598
1138,0.059058282524347305,0.10002268057743552,0.138189444886136,0.07845087656974714
1139,0.042982619255781174,0.09927215744640713,0.13488989258209225,0.08004274978616008
1140,0.042480725795030594,0.0989817394384017,0.12903515912346206,0.07817357736462482
1141,0.061553798615932465,0.08887905522040135,0.126056648629199,0.08069085893473725
1142,0.0912657156586647,0.088831110929093,0.12848619864164243,0.08114123628660046
1143,0.08481159061193466,0.09374411860413473,0.1366618134139891,0.07915388590702123
1144,0.07710825651884079,0.1009548333529613,0.13773644848485025,0.08495953624780227
1145,0.09152521193027496,0.099469494887028,0.134862464603705,0.08692906600882945
1146,0.12048320472240448,0.09922572496632469,0.1291897648407726,0.08480310180591713
1147,0.08263743668794632,0.08986737168187374,0.12734407310350612,0.07987285693947016
1148,0.10354527831077576,0.08887348134858732,0.12896030986286444,0.07941609364285641
1149,0.08288893103599548,0.0936760136671626,0.13693940176340658,0.07902519864647357
1150,0.06528393924236298,0.1005946901528353,0.13750619191562088,0.07702010915814748
1151,0.07684033364057541,0.09958328721158237,0.13471971314101663,0.08029077248571591
1152,0.08482783287763596,0.0989537400960753,0.12807173270409125,0.07814812329872786
1153,0.10251399874687195,0.0893361228224793,0.1261297812872081,0.08117335536970069
1154,0.10247891396284103,0.08931983742526295,0.12769680976609765,0.08091588091909951
1155,0.06004876270890236,0.09444381278838238,0.1368805093171785,0.08122601384135598
1156,0.05252889171242714,0.10135195737145185,0.1372482934006972,0.0852904522851789
1157,0.058675289154052734,0.10055216187967146,0.13480546998563375,0.08725845448860294
1158,0.07499527186155319,0.10078686140760486,0.12868254493491144,0.08409805541615
1159,0.04845753312110901,0.09021969237272728,0.1284015434056323,0.08141623217342525
1160,0.0948139950633049,0.08919840778212186,0.13232580055518964,0.08610333339575525
1161,0.11748094111680984,0.09399879739659744,0.139836238817687,0.08409354709633127
1162,0.08157405257225037,0.10173032698748173,0.1414579066120953,0.0834682160858843
1163,0.04020603373646736,0.10151875838803828,0.13972213521885535,0.0842216990197411
1164,0.041987549513578415,0.10272801612356813,0.13344680625963445,0.08308480410989909
1165,0.06970233470201492,0.09162004590943423,0.13089353749342653,0.08442735890469932
1166,0.10865042358636856,0.09227703847424319,0.1342295859364506,0.08374325582040841
1167,0.10479649156332016,0.09558805102890858,0.14117468401328565,0.08156008345099769
1168,0.09177783131599426,0.10378736168881074,0.14138466138591912,0.08626388117204797
1169,0.08364567905664444,0.10333798270960524,0.14001317797118798,0.09083242749788317
1170,0.1691027134656906,0.10474864103943951,0.13425978124663435,0.08888077197618599
1171,0.12654860317707062,0.09293803156794868,0.13216674350046453,0.08462769627805686
1172,0.14909981191158295,0.0921538052184339,0.13428323464684916,0.0827938051373695
1173,0.09064171463251114,0.0952333545511677,0.14096186455726895,0.0808987464727487
1174,0.07643052935600281,0.10370930864500082,0.14125721265097746,0.07887441442569464
1175,0.07643067836761475,0.10360355587502616,0.13959801190437995,0.08293180140161029
1176,0.0992407500743866,0.10582704860980573,0.13504974071931417,0.08320036248110561
1177,0.1384960114955902,0.09385777127911772,0.13221286596924473,0.08482781396503249
1178,0.14019767940044403,0.09281412186240515,0.134370153586927,0.08394658301493667
1179,0.08097302168607712,0.09540803216386733,0.14066216960015984,0.08198134050135787
1180,0.06808128952980042,0.10340275359044716,0.14034141382524132,0.08711390696541219
1181,0.06891047209501266,0.10385949988114951,0.13915358102921646,0.09012742511893658
1182,0.08969079703092575,0.10579960372013648,0.13482709518217215,0.0875146145965482
1183,0.046733830124139786,0.0929797942093137,0.13275624105688408,0.08269800201785994
1184,0.09286903589963913,0.09246136779075075,0.136063833321507,0.085566624384788
1185,0.12543386220932007,0.09569264103675822,0.14242915018340344,0.08372279538554246
1186,0.09228499978780746,0.1038969153984631,0.1431322516140969,0.08272530149448419
1187,0.053061094135046005,0.10446763305974822,0.14227252349000621,0.08445016192186855
1188,0.05951962247490883,0.10658062438284181,0.13701448889238232,0.08354626831625481
1189,0.08166714757680893,0.09336517581330707,0.13437140360769628,0.0841429983222396
1190,0.11322872340679169,0.09310496575712705,0.13697954484640215,0.08401592935485559
1191,0.11622337251901627,0.09678717277616147,0.14357085278143888,0.08121715498112948
1192,0.07573885470628738,0.10476496992845172,0.14363778874053343,0.08872285571681514
1193,0.08993326127529144,0.10441375490731547,0.14158914880380913,0.09066372806221348
1194,0.1324341893196106,0.10679156902555474,0.1363751665576273,0.08954626283040774
1195,0.10157307982444763,0.09308126088183967,0.13352599189642453,0.08252818820819202
1196,0.13012421131134033,0.09285592926109972,0.13665817779276823,0.08328087313452243
1197,0.1280011087656021,0.09675714470354378,0.14285928846985294,0.08041557216711358
1198,0.08693985641002655,0.10416904342833028,0.1422449443224484,0.07950972379773123
1199,0.09166284650564194,0.10427882214515952,0.14079439295624374,0.08273719947031151
1200,0.09624120593070984,0.10614587194873878,0.1355454551734798,0.08289563527699931
1201,0.1367136687040329,0.09350271310911844,0.132939332643891,0.0850457997339435
1202,0.15284264087677002,0.09318524189543398,0.1363814336158945,0.08357223222386344
1203,0.10386823862791061,0.09704582867497104,0.142065061444416,0.08051203546658049
1204,0.08169067651033401,0.1046724468532466,0.14107066455867212,0.08665796755016608
1205,0.09454122930765152,0.10402153106890134,0.1402942458521854,0.0898178145943055
1206,0.11133496463298798,0.10585823773052497,0.13432896207043596,0.0875318644241835
1207,0.06346210092306137,0.09306986473913974,0.1340912775548707,0.08298123501450588
1208,0.10469423979520798,0.09300324472813855,0.13705690209258625,0.08595684575232078
1209,0.13849495351314545,0.09724824031167593,0.142354193951439,0.08268942984793415
1210,0.10276804864406586,0.10502179427907428,0.14252900510817926,0.08084663027957867
1211,0.07378747314214706,0.10399224688614331,0.1412631238200902,0.08408911437197374
1212,0.09505337476730347,0.10660900288317175,0.13672011776214585,0.08306783503076684
1213,0.14316050708293915,0.09446510517158725,0.1353009239075332,0.08583406273560483
1214,0.15658169984817505,0.09413782808911267,0.1365637829283121,0.08540297855219812
1215,0.09907037764787674,0.09813710378093599,0.14211478709027306,0.08225238904680815
1216,0.09425947815179825,0.10525502303103047,0.1430652467661067,0.09046209692259886
1217,0.11581041663885117,0.10428731841269746,0.141754274122477,0.09230799699651891
1218,0.15537169575691223,0.10651692637560521,0.13520694505008934,0.09170649446944422
1219,0.11996288597583771,0.09366103248361211,0.13535140469430315,0.08682557529951153
1220,0.12372128665447235,0.09206352995642154,0.13641271324002663,0.08447113069723794
1221,0.10864212363958359,0.09613897899520908,0.1409798873660581,0.08003341221875923
1222,0.07234849035739899,0.1035170933927167,0.14175099307126018,0.08040630142783121
1223,0.07167214155197144,0.10135002306969226,0.1382417080377378,0.08380043376131083
1224,0.08431334793567657,0.10313060758588564,0.1328195729764257,0.08319351490796371
1225,0.11503644287586212,0.09087796199779884,0.131825731914994,0.08526472684100016
1226,0.11603546142578125,0.09047254881210566,0.13247470809163794,0.08256613780148629
1227,0.0859101191163063,0.09491905365274556,0.137101406176945,0.07957983808972481
1228,0.07186193019151688,0.10341312551820864,0.1397523222738461,0.08754549815143092
1229,0.07225015759468079,0.10154904335196896,0.13731535971389233,0.08965840006754978
1230,0.09315436333417892,0.10342192441018971,0.13414882639254003,0.087242383724501
1231,0.05468010902404785,0.09154231867152562,0.13440199851844506,0.08264989165676577
1232,0.09417648613452911,0.09248515386378298,0.13752777011640327,0.08572600481169651
1233,0.12840765714645386,0.09576904548447414,0.14325558627110954,0.0827456511016279
1234,0.10328197479248047,0.10454520134568873,0.14376408343225425,0.08222120039612062
1235,0.08227851241827011,0.10184715362558366,0.1383382165933411,0.08445325022421811
1236,0.10971920937299728,0.10416996289183372,0.1329008037739522,0.08426882187382578
1237,0.15406160056591034,0.09329015116462665,0.13481551856587357,0.08629340860761106
1238,0.14388245344161987,0.09246029720051509,0.13702983426427506,0.08458893820605079
1239,0.1121080070734024,0.09658020888573926,0.1413413173405994,0.0824481522286191
1240,0.10147716850042343,0.10546625541847328,0.14313339861661742,0.09068993041171028
1241,0.10904010385274887,0.10306271743632521,0.139150391590821,0.09249607390755897
1242,0.13200056552886963,0.102191510642087,0.13251712329686377,0.09009579331105534
1243,0.10112576186656952,0.09254173494028933,0.13362283270484382,0.08655159252436115
1244,0.11118750274181366,0.09164718406069992,0.13654966680712854,0.08299518007196399
1245,0.0969475582242012,0.09556816364439374,0.13952153673157047,0.07960358460332323
1246,0.06760510057210922,0.1039575699059684,0.14358043571906326,0.07955976713722401
1247,0.06364256143569946,0.10212569213844298,0.13828710789379875,0.08189010234515327
1248,0.07244782894849777,0.10188113293778883,0.132405923744868,0.0848368396569342
1249,0.10012780874967575,0.09094190895222119,0.13282698003417756,0.08520628919617707
1250,0.10957982391119003,0.09126107799331948,0.13607338356960214,0.08331410493985952
1251,0.0817955881357193,0.09520971014824621,0.13996683587688302,0.08130129015777819
1252,0.06817276030778885,0.10345089494669724,0.14250046213381884,0.08804288989164627
1253,0.056495726108551025,0.10265746837187044,0.13699319574086258,0.08902661006825753
1254,0.06902288645505905,0.10120599681372147,0.13288269481977039,0.08678069280737016
1255,0.041249778121709824,0.09058868137867292,0.13264723102301643,0.08164886300865573
1256,0.0780252143740654,0.09094454122079193,0.1364004897649118,0.08331325535395497
1257,0.10304825752973557,0.09530801110425875,0.14156782293225736,0.08308280151386813
1258,0.08727701008319855,0.10351987541132111,0.14416009146569292,0.08427199179151484
1259,0.07183627784252167,0.10214973828085516,0.13764336291428336,0.08490015897654032
1260,0.09955962747335434,0.10026832454195887,0.1314340862904041,0.08292639222694158
1261,0.13678275048732758,0.0897634439812989,0.131776426992537,0.08439625027215016
1262,0.12710370123386383,0.08918895643217345,0.13409359154796505,0.08215615938623283
1263,0.09012269228696823,0.09316137377435198,0.1373114135745139,0.08036317930891944
1264,0.0765223428606987,0.10135922281000063,0.14046924173824601,0.0898767643789554
1265,0.09878388047218323,0.09952819043168123,0.134695443371948,0.09052028169929671
1266,0.10238375514745712,0.09869185224008072,0.12979521340465447,0.08804283586171936
1267,0.08832912147045135,0.08963176547498729,0.13138202080485278,0.08393927815685326
1268,0.08152177184820175,0.08865504255069385,0.1344076422894915,0.08179621813315228
1269,0.08461044728755951,0.09181340289048472,0.13619005595015185,0.07745381668126892
1270,0.05290396139025688,0.09973169116246039,0.13914334087315736,0.07824660228826738
1271,0.058755502104759216,0.0981177496842676,0.13385383339938803,0.08037842086162184
1272,0.06577197462320328,0.0968481224696376,0.12693696157495846,0.08264640903913884
1273,0.08232447504997253,0.089841284917991,0.13211773308391447,0.08253008223635962
1274,0.08111535012722015,0.088565950055417,0.1342013331141292,0.08218497580962106
1275,0.05758943036198616,0.09194354922154548,0.13562762883759721,0.07981799854701159
1276,0.05149654671549797,0.09919602738706117,0.1373996581582289,0.08567492096196656
1277,0.04318869858980179,0.09782400268032769,0.13243770254780518,0.08732189971205423
1278,0.04924992099404335,0.09832240299390983,0.1293187240574367,0.08520619208889454
1279,0.03615798428654671,0.09098267420552247,0.1328743663026068,0.0799313504005462
1280,0.052123814821243286,0.08888052580227104,0.13666397734290892,0.08183260121632223
1281,0.08244694024324417,0.09181086583519454,0.13847442893302106,0.07985545808317301
1282,0.07092061638832092,0.09927828884534523,0.13829923775132671,0.08169137827522367
1283,0.0626501590013504,0.09814157685656891,0.1341917952670568,0.08139291586216614
1284,0.0806548073887825,0.09737148298715753,0.12904557647881562,0.08067522433926598
1285,0.10240156203508377,0.09047235522496923,0.13170686108435686,0.08122232313894688
1286,0.0871465653181076,0.08744816609131532,0.13506944746074828,0.0812449638608388
1287,0.06676342338323593,0.08962290236306024,0.1361078371223285,0.07912067771110931
1288,0.04909045621752739,0.09723374734992013,0.1359376706391613,0.08615681713464052
1289,0.06577873975038528,0.09659878622532551,0.13183580659622643,0.08767223005794077
1290,0.08773836493492126,0.09618994138513855,0.1275456937949679,0.08613881091810144
1291,0.06811055541038513,0.08951394209082197,0.13100162380064087,0.08277638872199998
1292,0.06592156738042831,0.08596657804595034,0.13251156400859718,0.07936787440572478
1293,0.06229212135076523,0.08915510317800296,0.1358727305361224,0.07632535541628636
1294,0.042386122047901154,0.09631192835443701,0.13570697098365356,0.07578333936032466
1295,0.05484096705913544,0.09541142313243083,0.1298694158272328,0.07776998136383088
1296,0.0625433474779129,0.09486047299652732,0.12396858886418988,0.07970391500747395
1297,0.0727224051952362,0.08866370346745348,0.12803368546830174,0.07984074400304425
1298,0.07130647450685501,0.08562041940379767,0.12972685209101273,0.08011780306988835
1299,0.05768802762031555,0.08827152728495186,0.13282047179113973,0.07882162030608696
1300,0.05484148487448692,0.09535489589640589,0.1323497712987617,0.08259798558215006
1301,0.03597908467054367,0.09532384087249782,0.12832424603935733,0.0844003153241486
1302,0.03982409089803696,0.09477469636061837,0.12494367904519268,0.08236816696910416
1303,0.029513608664274216,0.08904133536280226,0.12938942141193444,0.0784066795314367
1304,0.04855969920754433,0.08650899305787443,0.13380156467572854,0.08099552792070863
1305,0.0729622095823288,0.08882266041233669,0.13672179544570703,0.07902785126427209
1306,0.05845286697149277,0.0962220513145486,0.13644988103746833,0.0799477029417369
1307,0.04597057029604912,0.09618740411785835,0.1303451316002495,0.08165365096979613
1308,0.060964152216911316,0.09513514014581666,0.12649500688711862,0.08129894910431196
1309,0.05255797877907753,0.08903588701465996,0.13081944637654014,0.08098130052606743
1310,0.06387079507112503,0.08719053675589086,0.13399778540949725,0.0808129509864766
1311,0.0815979614853859,0.08904931999072928,0.13592648403271126,0.08113924459865682
1312,0.0803338810801506,0.09704952231470805,0.13606492340361778,0.08534689793862858
1313,0.06531412154436111,0.09509032662862776,0.13030188673675927,0.0881211923375838
1314,0.11473492532968521,0.09495203036383183,0.1264308637459806,0.08778847542637905
1315,0.11544816195964813,0.08865233875767937,0.13028094965318449,0.0840236886437023
1316,0.10731834918260574,0.08620408159612242,0.13295993490135494,0.081324843553163
1317,0.07915280014276505,0.0883315958315375,0.13436375733806064,0.07634797126091487
1318,0.04985927417874336,0.0968791855047944,0.1349269791752527,0.07590327988438655
1319,0.06714902818202972,0.09556112739108312,0.13009938788600067,0.07726560560996748
1320,0.07028134912252426,0.09580057780391625,0.1263588516249535,0.08080744744052908
1321,0.0816047340631485,0.08934994724190568,0.12930601129282068,0.08114997430223726
1322,0.08266034722328186,0.08623748200130911,0.1309354941177616,0.08104506422664647
1323,0.06032094731926918,0.08923830648697711,0.13214339293053248,0.07815857637955648
1324,0.0547257624566555,0.09753046739480489,0.1343368040543626,0.08418703826058173
1325,0.0501415841281414,0.09567275691833377,0.12777708095085533,0.08456754988042087
1326,0.05552636459469795,0.09617814358718232,0.12649648494616586,0.08397905512261254
1327,0.03730117157101631,0.08932130541963436,0.12956463342116845,0.0795434136775497
1328,0.0559132918715477,0.0861393193817661,0.1320274475445803,0.08111020183193379
1329,0.0824749544262886,0.08889421385818697,0.13518586667248628,0.0790383185427549
1330,0.06343256682157516,0.09725322875986801,0.13519535762317306,0.07925953808071161
1331,0.04873274639248848,0.09551390791882768,0.13040047555511367,0.07991328286134866
1332,0.052237771451473236,0.09608900938412553,0.12659941273167472,0.08215621372645414
1333,0.057690076529979706,0.08970739808567983,0.1308997977821632,0.08210530134425888
1334,0.06485876441001892,0.08656563373175902,0.13295206833051834,0.08134890480950331
1335,0.07933475822210312,0.09015120775330329,0.13612039394199096,0.08102418495536674
1336,0.07688513398170471,0.09835412262416314,0.13521647102355835,0.08521273918135662
1337,0.062134817242622375,0.09633566962406204,0.13140733461497112,0.08902966281218858
1338,0.11497460305690765,0.09756655762774248,0.1289073316612826,0.08820628452466966
1339,0.11405447870492935,0.08972302688373418,0.13087180594221934,0.08383846130016583
1340,0.11702456325292587,0.08656442161961343,0.13281382970059877,0.08063676220663302
1341,0.08653416484594345,0.09049535456460717,0.13562114015526305,0.0773777769493545
1342,0.05020658299326897,0.09807102185955051,0.13631815337388628,0.07561674889263198
1343,0.06030174717307091,0.09655988021983579,0.1317340697012761,0.0784534462511894
1344,0.06310196220874786,0.09854455934428735,0.1287216295974566,0.08170572481711055
1345,0.08409802615642548,0.09073154905801682,0.1302709128046816,0.08156998025511845
1346,0.09237903356552124,0.08787599941831795,0.13253858743760433,0.08139717661541265
1347,0.05928751453757286,0.09122624038745669,0.1336804232486773,0.07905026904593904
1348,0.05270325765013695,0.09928784984349685,0.13507313147871397,0.08529629857953386
1349,0.061041209846735,0.09763499569558641,0.1315569472876612,0.08680186800159101
1350,0.07781769335269928,0.0985860000192103,0.12902786365305838,0.08558788921899803
1351,0.04712028428912163,0.09181345259896334,0.13214872926257293,0.08180670492485295
1352,0.0782402902841568,0.08809627033403275,0.13444434404181954,0.08335113790941293
1353,0.0874095931649208,0.09113724587797413,0.1378009747357882,0.08135205425378711
1354,0.06308326870203018,0.0994268536293267,0.13854679248334534,0.08167457564186663
1355,0.04660318046808243,0.09650253362571083,0.1333880604426616,0.08133795615789248
1356,0.04117462411522865,0.09843813316032848,0.12918918476125238,0.08235198805327626
1357,0.05246751755475998,0.09201175612412098,0.13334423798830575,0.08176543897285767
1358,0.07090208679437637,0.08962356267881434,0.13510957177295235,0.08160417477934293
1359,0.08280141651630402,0.0935736756403256,0.13911384699213913,0.08016106770895665
1360,0.08210849016904831,0.1022885678566929,0.13906816413668358,0.08590312082553363
1361,0.08805664628744125,0.09826749064315067,0.13412720491949157,0.0881732046077985
1362,0.11194634437561035,0.10069283606427741,0.13051093328281552,0.08899654465874528
1363,0.08013615012168884,0.09369556345136135,0.13420165866051115,0.08351349320511896
1364,0.08347732573747635,0.08964890664400846,0.1361381849862786,0.083170084207862
1365,0.0721065029501915,0.0935250698740692,0.1390468712558923,0.07914702655923461
1366,0.05770343914628029,0.10163530215600781,0.14052356190933676,0.07787084435373512
1367,0.08178111910820007,0.09932395838678797,0.1357719263547686,0.07993881935753774
1368,0.08680335432291031,0.10186546637406681,0.13194461942189428,0.08220510301750267
1369,0.11386562883853912,0.09439188811605166,0.13345764242731298,0.08333527276447246
1370,0.1215449869632721,0.09046180712927278,0.13415135213253093,0.08202260052940423
1371,0.08743433654308319,0.09470520784564428,0.13674718440016,0.07951533833306468
1372,0.0799361988902092,0.10233897600814848,0.13863776413331566,0.08637578336437783
1373,0.09064482897520065,0.10069174255848817,0.13589810517124246,0.08854861255638106
1374,0.11363887786865234,0.10355322896440144,0.13292340984479625,0.087753054941736
1375,0.06441924721002579,0.09493882306752348,0.13582724574284494,0.08348109027997792
1376,0.10857576876878738,0.09067046776041504,0.13735957381701802,0.08497724116925896
1377,0.12416064739227295,0.09565785022696924,0.14156837875974498,0.08186856331800016
1378,0.09062867611646652,0.10225779735523513,0.14143163771189354,0.08271952050814928
1379,0.05664617940783501,0.10134152927954948,0.1386302945544355,0.08395891603546496
1380,0.04692482203245163,0.10428902589620594,0.13559107131824913,0.08531685823883946
1381,0.059632882475852966,0.09626149119180037,0.1388182938640753,0.08466555566949227
1382,0.09073473513126373,0.09251412399693414,0.13864712997299192,0.08509444920239986
1383,0.11140670627355576,0.09769940128727232,0.14316949434343396,0.08358186829446558
1384,0.12618345022201538,0.1055732705483746,0.1433797990357145,0.08885631805899422
1385,0.10079018771648407,0.10454030900150803,0.14163987472389009,0.08981718692845157
1386,0.16594086587429047,0.10724673978444853,0.13737269166993632,0.09217075067133443
1387,0.1385134607553482,0.09760267470360881,0.1394945736671401,0.08799203270395381
1388,0.15671412646770477,0.09276879528057291,0.13898838734253882,0.08748383390020739
1389,0.11915671825408936,0.09833350263767623,0.1431836721922103,0.08197980378629423
1390,0.08635514229536057,0.10600664231963774,0.14385842564915324,0.08238086406170599
1391,0.0972113385796547,0.10499794479504189,0.14221829902782196,0.08438676720254291
1392,0.11594279855489731,0.10815960922172191,0.13775154785393956,0.08565529625553826
1393,0.16216391324996948,0.09821581551174248,0.1381081289763793,0.08627708381174609
1394,0.15546302497386932,0.0929876645016891,0.13698633228649665,0.08509111896226329
1395,0.10226308554410934,0.09780272492545769,0.14115778528855455,0.0815355840334754
1396,0.07828503847122192,0.10512046378542982,0.14220632157797308,0.08905550751389235
1397,0.09261789172887802,0.10449501200728793,0.14102281693768107,0.09031218068484632
1398,0.10260100662708282,0.1077564621381728,0.13691786125035907,0.08861894411299248
1399,0.060095299035310745,0.09847767523757084,0.13875746924197083,0.08425748892377559
1400,0.11219031363725662,0.09273988304789818,0.1371256819630913,0.08558696277748132
1401,0.13519448041915894,0.09762882005946792,0.14232275982187062,0.08317112085298639
1402,0.09728463739156723,0.10537954163190748,0.1434492636962423,0.08446143170974067
1403,0.05425897240638733,0.10467864855146787,0.14217519459738379,0.08539579484701136
1404,0.046379756182432175,0.10732609324071397,0.13717026735719007,0.08560650217859223
1405,0.06931234896183014,0.09847547854142297,0.13872416116250583,0.0850328908210183
1406,0.10252851992845535,0.09416739956177897,0.1393476578958269,0.08514288294317722
1407,0.12157409638166428,0.09829720533389195,0.14363818640707945,0.0830832899223897
1408,0.12257654219865799,0.10665481392355253,0.14460802587151755,0.08905363018035946
1409,0.10743214190006256,0.10611593397770767,0.14300240043588752,0.09069421885611971
1410,0.13427819311618805,0.10799036906024616,0.13882582465931692,0.09109271315931537
1411,0.0970962643623352,0.09856567932845865,0.13947566373813147,0.08787785054174115
1412,0.13913100957870483,0.09467194922382767,0.14094255736765984,0.08769448194355016
1413,0.11865641176700592,0.09853161041683406,0.14287292547441652,0.08200513643053928
1414,0.09474624693393707,0.1068779797144631,0.14398041560673844,0.08172137136483489
1415,0.10277587175369263,0.10657138788330318,0.1432689273862677,0.08489029698289322
1416,0.10064220428466797,0.10764816718284966,0.13826002937870985,0.08539887276960549
1417,0.15197335183620453,0.09871721161063127,0.13867063012683986,0.08650319163098173
1418,0.15508922934532166,0.09415226241651632,0.13854158426682603,0.08547894876047107
1419,0.10373106598854065,0.098167272387411,0.14262213123386883,0.08087993431721356
1420,0.0795184075832367,0.10646539588947404,0.14374978258342255,0.088599464314506
1421,0.09709973633289337,0.10647958817435135,0.14245832746340817,0.0905892820605659
1422,0.12416476756334305,0.10777160278035139,0.13778634128724832,0.08949536828334119
1423,0.06698238849639893,0.0984350372061601,0.13849052264716685,0.08413989659617
1424,0.11515719443559647,0.09380042368826044,0.13898040873321332,0.08653933260219673
1425,0.15486940741539001,0.09778271293881767,0.14361889863181296,0.08408117157719151
1426,0.10031142830848694,0.10671378983964352,0.14514106388494355,0.08460857106184433
1427,0.058698248118162155,0.10622325137863688,0.14338124235941838,0.08589656169867363
1428,0.050172578543424606,0.10762839801269247,0.13847126438560803,0.08580615012607275
1429,0.07621046155691147,0.09879625934202685,0.1396701945436029,0.08674322416940156
1430,0.09791607409715652,0.09483412325959874,0.1404769268153191,0.08588972575454731
1431,0.13110636174678802,0.09927710274422089,0.1443088654378765,0.08406905392114865
1432,0.14110077917575836,0.10715514014117221,0.14555931848341921,0.09009365047487655
1433,0.0817207619547844,0.10787276317089348,0.1455283624266386,0.09217735941254532
1434,0.17494414746761322,0.10912168770309587,0.13990488444253965,0.09348566775068311
1435,0.1739688366651535,0.1003017373400815,0.14001327623928575,0.09045233893451567
1436,0.24019137024879456,0.09529367741251325,0.1398675881549125,0.08727335094580292
1437,0.16371873021125793,0.0996371995975141,0.1441171841822607,0.08278617977204074
1438,0.11265616118907928,0.10801925199202596,0.1450969535403204,0.08278583841903592
1439,0.09005744755268097,0.10912677393164362,0.14586456450892762,0.08745215865088117
1440,0.10591527819633484,0.10933153962536074,0.13986290813961483,0.08739209567781567
1441,0.17726264894008636,0.10079988196535923,0.13861225998290844,0.08777679653825049
1442,0.1789572387933731,0.09586618146755356,0.13930141647913044,0.08741321448315274
1443,0.12391716986894608,0.09906808563009943,0.14441133554578497,0.0817062727834654
1444,0.08363542705774307,0.10703009249228397,0.1449528841140779,0.0906912740023592
1445,0.054142534732818604,0.1086613370150249,0.14492487696249984,0.09254577091577794
1446,0.05615736171603203,0.1094094671682157,0.13996701796754518,0.08928888966628422
1447,0.03404897823929787,0.1013299329510269,0.13923932737061528,0.08481413821716081
1448,0.07244812697172165,0.09656707044485868,0.1413548750292105,0.08843643797972887
1449,0.11729001253843307,0.10020656233955007,0.14470610763444122,0.0872004876006221
1450,0.1366799920797348,0.10850992825449689,0.14803493315186625,0.0883387466587551
1451,0.09161157160997391,0.10951808440859931,0.14675733862092596,0.09014684433991606
1452,0.08546102792024612,0.11047661776476198,0.1419219492583951,0.0883944593159587
1453,0.1418853998184204,0.1022756104633708,0.14069714884798779,0.08634496660525535
1454,0.15895123779773712,0.09786121451794783,0.1423534423233,0.0870628145685226
1455,0.12252514809370041,0.10043135531490176,0.1441322316940751,0.08119399294407287
1456,0.07996595650911331,0.10858165733638714,0.1459052287133788,0.08872754829374117
1457,0.057271216064691544,0.11009196715153542,0.1457260630815269,0.0910737897358548
1458,0.09534427523612976,0.11150162346524774,0.14126784415520446,0.09020380855275524
1459,0.08402392268180847,0.1023853080486614,0.14106589025285807,0.0865370685390467
1460,0.11368508636951447,0.09773796251776966,0.14242919926805964,0.08565107106122355
1461,0.11275414377450943,0.10056616646800975,0.14489360887445485,0.08001484327743215
1462,0.11845073103904724,0.10890583960285015,0.14692952326013453,0.08075486534227506
1463,0.10099077224731445,0.1098239124056727,0.14578946795772202,0.08501906320694545
1464,0.07760350406169891,0.1110395661396329,0.14167842267428676,0.08613940250782116
1465,0.12167895585298538,0.10218224906545138,0.14095617950829398,0.086753145618068
1466,0.13245752453804016,0.097069760549571,0.14181938860941562,0.08594096589445115
1467,0.09146451950073242,0.10013471005469698,0.14384452485704813,0.08120948164742398
1468,0.06674766540527344,0.10865276772746388,0.1454348623939017,0.08938306547674578
1469,0.06809530407190323,0.11006087262585823,0.14568075957020515,0.09136736953110632
1470,0.07686164230108261,0.11078913146747463,0.14110325020230435,0.0897798607607157
1471,0.04601309821009636,0.1012911473914281,0.14054815885730693,0.08490298638220165
1472,0.07736567407846451,0.09672636761599934,0.1419708695661603,0.08666562146101682
1473,0.11692892014980316,0.09982407759931246,0.14323088652097093,0.08193454010564472
1474,0.08314938098192215,0.10848749491661112,0.14605778828649113,0.08286725950817854
1475,0.0473649837076664,0.10949723249320752,0.1453984624087082,0.08505329756306851
1476,0.04261646047234535,0.11001325628786462,0.1402789557357758,0.08574660124489673
1477,0.07160034775733948,0.1011153151394688,0.14112758913717285,0.08614725603659204
1478,0.09008847922086716,0.09672689839403202,0.14181973862651598,0.08593104878065069
1479,0.10276694595813751,0.0992599132938842,0.1442636060919822,0.08208647195341312
1480,0.0930534303188324,0.10816970214986518,0.14628506159291985,0.0887819974818173
1481,0.08018077909946442,0.10919780688606971,0.14601260424957693,0.0913958052549447
1482,0.19043436646461487,0.11078828236952201,0.14036657547264575,0.09257734970219546
1483,0.14910422265529633,0.10084360480520985,0.14067966206265387,0.08789718475210516
1484,0.13910365104675293,0.09786464498231745,0.14222807395599465,0.08672469418685366
1485,0.08923804014921188,0.09973886703919023,0.14332737275801885,0.0797317457219757
1486,0.059744808822870255,0.10907666027608885,0.14653821225296906,0.08029655292277355
1487,0.07521268725395203,0.10892186341136015,0.14646471763809776,0.08447201383377255
1488,0.0747566819190979,0.1114540585918307,0.14011065473153914,0.0864378134066757
1489,0.10618150979280472,0.10152702764902632,0.14038742606136773,0.08684957796089161
1490,0.11205923557281494,0.09804506797033521,0.141007857706708,0.08547173275529646
1491,0.07173490524291992,0.10074568497320545,0.14196851942983965,0.08145344174180068
1492,0.06576906889677048,0.10982632573857981,0.14567551133423437,0.08924550855602169
1493,0.06081615760922432,0.11108560495606458,0.1453253690520642,0.09211574593181032
1494,0.07601842284202576,0.11288474233228384,0.14165541640546628,0.09118820548599699
1495,0.03918961063027382,0.10291753695601584,0.14458715032897498,0.08702502557452972
1496,0.08238717913627625,0.0999363194815742,0.1475777914286101,0.08908948193543753
1497,0.1267133206129074,0.10218978495918538,0.14835642100969906,0.08389720296781263
1498,0.09864918887615204,0.11147381048304568,0.14923122857063198,0.08593933615183008
1499,0.04563463479280472,0.11250753395851888,0.1485706664209875,0.08725449690171634
1500,0.045878611505031586,0.11387886338668472,0.1439716078744256,0.08947828797453704
1501,0.056784261018037796,0.10423614116496673,0.14628278901727654,0.09068812398579268
1502,0.08505656570196152,0.10219341869982614,0.14993112841405895,0.08977555925741294
1503,0.10134606063365936,0.105350497294546,0.15094500356319332,0.08443483567278084
1504,0.10258086770772934,0.11377680517701232,0.15098157036662566,0.09124024771673706
1505,0.09139305353164673,0.11456536779644813,0.14998465355822818,0.09489051168147324
1506,0.15875044465065002,0.11548955999680934,0.14355998197776493,0.09548040577634088
1507,0.10556679964065552,0.10580959025280605,0.14598592715959385,0.08988203362102212
1508,0.12503129243850708,0.10195154276188284,0.14927183350156822,0.08893862227690406
1509,0.1108572855591774,0.10580396936835337,0.15100707606036812,0.08305124972341062
1510,0.07879039645195007,0.11425785932909255,0.15038242946887112,0.08210254194168648
1511,0.08191157877445221,0.114284340276516,0.15021012162245836,0.08551654786499917
1512,0.08977761119604111,0.11595434969994503,0.144658208295209,0.08943271773017514
1513,0.1502191573381424,0.10632145073817902,0.14587180752650977,0.09125225487693428
1514,0.16365168988704681,0.1027133923157978,0.1499438742326129,0.09034853222121912
1515,0.10696379840373993,0.10559663950747006,0.15080535521126945,0.08419938244411197
1516,0.07593519240617752,0.11375206127371242,0.14923459378960552,0.09252376118845347
1517,0.07988446205854416,0.11410978904368622,0.14850744439995103,0.09582760192218624
1518,0.11601629108190536,0.11583341836979724,0.14347553403161456,0.09435558128715699
1519,0.0657225102186203,0.10568476901332949,0.1447491112887009,0.088533295095085
1520,0.10267040133476257,0.10224323278811696,0.1492985353577929,0.0898005844411738
1521,0.1431843340396881,0.10544246222873944,0.1523892191935671,0.08483714390086483
1522,0.11327505111694336,0.11340739487899248,0.15032696674754573,0.08632187561046965
1523,0.06548234075307846,0.1146279247576178,0.15074544341243454,0.08668694280287136
1524,0.06137732043862343,0.11629001018654321,0.14496350569333927,0.08964917370936717
1525,0.08852531760931015,0.10643251580340128,0.14572454696800022,0.09120712772260366
1526,0.11361011117696762,0.10239510100501376,0.1494945112757551,0.08984407245119033
1527,0.10436538606882095,0.1056341073678476,0.15226144556768614,0.0866378485058826
1528,0.09473463892936707,0.11425562843748029,0.15040146215307415,0.09430303512568794
1529,0.11084692925214767,0.11523856092692678,0.1511885458310408,0.09710722217841208
1530,0.1868484616279602,0.11727696447497936,0.14528061328144207,0.09623444891578577
1531,0.16837657988071442,0.10668379264015909,0.14649098751615794,0.09094262774422174
1532,0.1673760861158371,0.10269008214234647,0.1486777632509573,0.08922061611051178
1533,0.13643720746040344,0.10553510915681295,0.151121367847054,0.08272820393315289
1534,0.08456254750490189,0.11379596175946921,0.14882065705871658,0.081241152815334
1535,0.08344166725873947,0.11445808226921779,0.1485552737219025,0.08458706745655951
1536,0.09382814168930054,0.11631455140547993,0.1435394678194874,0.0886751211129748
1537,0.13301020860671997,0.10688834389263317,0.14560611277329413,0.09101677890941134
1538,0.148456409573555,0.10280683743622684,0.1486051703389348,0.08871132541687411
1539,0.09763648360967636,0.10624932902338151,0.15121395917750957,0.08427062966546067
1540,0.068938709795475,0.11466625454823114,0.14878995903060754,0.09170608436581906
1541,0.06861826777458191,0.11500538479053697,0.1484232759508422,0.09478393474417163
1542,0.10356922447681427,0.11672849351271732,0.144691150840485,0.09410855412716969
1543,0.06358695030212402,0.10811242407167865,0.1490388590951384,0.08944657685234621
1544,0.10475215315818787,0.10464201533780783,0.15401469782670207,0.09163841870787208
1545,0.1411578506231308,0.10709491479418051,0.15547497275239397,0.08661302125741029
1546,0.10625043511390686,0.115591841331105,0.1525800688088683,0.08876524565217546
1547,0.07357645779848099,0.11528029482338896,0.15010175620190713,0.08898798063191314
1548,0.06682629883289337,0.11647690516884618,0.1452434630878541,0.09058085297774973
1549,0.11481133103370667,0.10911522496533906,0.15069301176337338,0.09282103508130785
1550,0.1406852751970291,0.10635460219830327,0.1545637886857113,0.09363389048689
1551,0.11973118036985397,0.10806858712034449,0.15580684600066927,0.08638492533142487
1552,0.12799794971942902,0.11709793113360668,0.1525519285214053,0.09577440152663076
1553,0.12400037050247192,0.11545245052024278,0.15029393918126518,0.0959126625654683
1554,0.17116716504096985,0.11582391662224961,0.14442715264409792,0.09643408350028575
1555,0.07458286732435226,0.1092927104131927,0.14930002489768202,0.0907608354267934
1556,0.09627637267112732,0.10574022121657878,0.1532305210371322,0.08916060591901545
1557,0.11243879795074463,0.10603640603882368,0.1544369752438025,0.08367810849519518
1558,0.08547189086675644,0.11619895950801301,0.15171130167792074,0.08170284658108029
1559,0.08985044807195663,0.11564943493406286,0.14934548807953696,0.08465441618325106
1560,0.08842341601848602,0.11518302803095715,0.14291721510774547,0.0891800819824961
1561,0.13187603652477264,0.1091103437429959,0.14843311147707994,0.09182879474829195
1562,0.16008241474628448,0.10533112627790633,0.1526495079896856,0.09188956436667901
1563,0.10540065169334412,0.10634567134695873,0.15315762162659952,0.08531569021150481
1564,0.08194474875926971,0.11623739939577779,0.15084189153203514,0.09255177700343321
1565,0.062257178127765656,0.11545662062171057,0.14912557297573448,0.0935685283865631
1566,0.07811965048313141,0.11438901068747519,0.14194403370529918,0.09371744504842376
1567,0.05799367278814316,0.10868669370257754,0.14765719192669138,0.08925426600179386
1568,0.10028689354658127,0.10466426661373039,0.15276630768660804,0.09100281846532134
1569,0.14736707508563995,0.10651082321509862,0.15414903517242753,0.08580629847191337
1570,0.11898348480463028,0.11632422519676557,0.15245784947039273,0.087132920615344
1571,0.08547651022672653,0.11573097019175395,0.14987379961750363,0.08771895357010108
1572,0.08552143722772598,0.11446598856872212,0.14225394287910187,0.08821567910606767
1573,0.156047523021698,0.10878141806253129,0.14765296049745383,0.09063476899793312
1574,0.182639017701149,0.10467387539380209,0.1520479094151602,0.09246979710289326
1575,0.13066153228282928,0.10649815310850584,0.1530721831217991,0.08548099512099651
1576,0.09742835909128189,0.11635628945430881,0.15091878418297092,0.09303395259025651
1577,0.09237600862979889,0.1158151121052362,0.1484968040809486,0.09331120040710589
1578,0.11232750862836838,0.1142818110345373,0.14200606685952616,0.09407776273396355
1579,0.06669387221336365,0.10918129928091348,0.14892593120474987,0.09005504295973589
1580,0.08960814028978348,0.10497960489997209,0.15382180610931287,0.09103954902176588
1581,0.10136068612337112,0.10681351063100095,0.15339604698024467,0.08484918918443994
1582,0.08819052577018738,0.11668212501087721,0.15191589853390453,0.08430383733657895
1583,0.0854177251458168,0.11688585602870516,0.14954087493930052,0.08627999587858012
1584,0.07817631959915161,0.11501479557756346,0.14245024420926553,0.0884813015939859
1585,0.11477359384298325,0.10954429928034831,0.148822379531915,0.09163983511579349
1586,0.13399912416934967,0.10565782691777943,0.1535864778497987,0.09221209026014962
1587,0.10207891464233398,0.10732345720270904,0.15292825547784974,0.08585095371438553
1588,0.07721337676048279,0.11693824066265668,0.15111247782393666,0.09281137351018258
1589,0.060678381472826004,0.11710837418570427,0.14910529500071992,0.09429592867408153
1590,0.06564786285161972,0.11542646254465527,0.14238925771615943,0.09432195489712432
1591,0.04156609624624252,0.11008802370039437,0.14905421950779915,0.08917388610720857
1592,0.0724320337176323,0.10565148318497165,0.15371157829388596,0.0908487241203621
1593,0.12980586290359497,0.1071308633066553,0.15434483330208454,0.08715561629948691
1594,0.10743353515863419,0.11683348906934597,0.151416612245491,0.08712591821392844
1595,0.08027991652488708,0.11741144598899339,0.14989275234044871,0.08757174977612732
1596,0.0918557345867157,0.11526547255003855,0.1436442104035959,0.08880803739868366
1597,0.1408567875623703,0.10937698261731438,0.14861028137791157,0.0920271648158175
1598,0.15102583169937134,0.10360577463359442,0.15279320002872784,0.09225319538443698
1599,0.11955715715885162,0.10430018524145251,0.15320019991686912,0.08707729570892755
1600,0.11742422729730606,0.11424079047376522,0.14935353367534576,0.09574802682197321
1601,0.13912393152713776,0.11657648218064054,0.1507894901870835,0.09753189020369017
1602,0.1658174693584442,0.1150356021714616,0.14417180957042738,0.09733264106912451
1603,0.11784019321203232,0.10829931132886687,0.14836212041733932,0.09362182728698137
1604,0.10246714949607849,0.1016046294671768,0.15141367567310385,0.08989784761243874
1605,0.10234487801790237,0.10266141392526461,0.15129114832989643,0.08330984627594126
1606,0.07609039545059204,0.11022466380325699,0.14650732213852943,0.080766992949758
1607,0.07092298567295074,0.11374791839065722,0.1477705445606379,0.0848556571782337
1608,0.07304392755031586,0.11300162387215633,0.14071535858048026,0.08828204207774099
1609,0.0985429435968399,0.10722231881950811,0.14594055514970267,0.09053266714510749
1610,0.12318956851959229,0.10144485274418204,0.14992257640967255,0.09055359875036241
1611,0.0908786728978157,0.10274152037042789,0.1503806018339844,0.08531844489282875
1612,0.06701492518186569,0.11069285915050706,0.14682173512709465,0.0926419162196348
1613,0.05080417916178703,0.11435438940811334,0.1481272098979701,0.09426926349848869
1614,0.06533649563789368,0.11361143875309217,0.14199424476338632,0.09537977415832978
1615,0.04641658812761307,0.10721290183490878,0.14451671087024145,0.08898430135439239
1616,0.08046979457139969,0.10057252283445307,0.14948362056218387,0.08999321156104198
1617,0.12410495430231094,0.10253785184657352,0.1511742941346328,0.08778095632001481
1618,0.10042919963598251,0.11068102423925387,0.14703954472736155,0.08720044765395786
1619,0.06996919214725494,0.11364769716036523,0.14860145429679353,0.08885456857977735
1620,0.0866205096244812,0.11255842651914777,0.14117932746296333,0.08761858880484891
1621,0.12030622363090515,0.10600248493440426,0.14371301286591312,0.08934634100342026
1622,0.13166120648384094,0.09992441943895752,0.14777023009947518,0.08944696775016431
1623,0.09641631692647934,0.10043739305871151,0.1499980062524466,0.0853856014965474
1624,0.06847038865089417,0.10900784247458283,0.14471535776537892,0.09344222693921299
1625,0.09396909922361374,0.1107794838083984,0.14566540856467577,0.09553170646199538
1626,0.07911187410354614,0.10982192357720101,0.1393772587917592,0.09656372087559645
1627,0.08417981117963791,0.10433366208231089,0.1421884708861932,0.09169127828631597
1628,0.07173414528369904,0.09869006435169245,0.14475348661376197,0.08683780047810409
1629,0.09452959150075912,0.10013324879922446,0.14759967385291525,0.08283143558335239
1630,0.05752459540963173,0.10769237572581923,0.14359805930916172,0.08101940079217512
1631,0.061669815331697464,0.11072271574625855,0.14406171162080045,0.08398868130564102
1632,0.06196936219930649,0.10810271391349947,0.13562126152811166,0.08662185041002168
1633,0.0805753543972969,0.10353147656481494,0.1392776288597455,0.0878931459502817
1634,0.09423550963401794,0.09837873154171756,0.14324942965070012,0.08813892087550303
1635,0.07333401590585709,0.09990614126416873,0.14536551022938776,0.08378607289982488
1636,0.06364594399929047,0.10741946913875845,0.1419657346653615,0.09042637390858967
1637,0.05152986943721771,0.11055496351907014,0.14314143900250273,0.09225654288355618
1638,0.06003287434577942,0.10863480551402924,0.13608675619627725,0.09352303920069995
1639,0.03813840448856354,0.10361448089905624,0.13986477182924498,0.08619831791344311
1640,0.0650440976023674,0.09832546944716797,0.1445284059855036,0.08788823561022573
1641,0.09781613200902939,0.09997176675379137,0.14736215848138945,0.08447916708277861
1642,0.08390920609235764,0.10728917222600863,0.14384649090190205,0.08557172307499407
1643,0.08229990303516388,0.11091614486550334,0.14555520326318155,0.08843032322233482
1644,0.0831776112318039,0.10953095964798702,0.1393462513701063,0.08856263455327791
1645,0.12704142928123474,0.1048102246942433,0.14227101493923963,0.08987150698759906
1646,0.11373389512300491,0.09981804027689964,0.14639668262037098,0.09080127697764719
1647,0.07391038537025452,0.10058374006353335,0.1476027795309409,0.08702717618516984
1648,0.0625048279762268,0.10962409414473745,0.14560704368133612,0.09488442377488043
1649,0.06913451105356216,0.11420471848214389,0.14827483270739703,0.09844805220052101
1650,0.09574729204177856,0.11257957432526332,0.14189199696741042,0.09974296216512067
1651,0.09379982203245163,0.10659413509552569,0.14511451983854323,0.0961294179113155
1652,0.09991781413555145,0.10233226865401468,0.152444838014846,0.0953472944935089
1653,0.08652105182409286,0.10118227573142374,0.15057184365302398,0.08681310206496097
1654,0.055048808455467224,0.10880440694000514,0.1459080206406396,0.08675739699072472
1655,0.05347835645079613,0.11262048890047213,0.14901967025553478,0.08805626993913185
1656,0.05304299294948578,0.11097547557034265,0.1410490463522394,0.09177372546551318
1657,0.06716188788414001,0.10463866021887638,0.1422826246843094,0.09178593742303227
1658,0.07644426077604294,0.10025102804472535,0.14722233917329175,0.09303286917345123
1659,0.05810987576842308,0.09965826262242947,0.14707733736634715,0.08924884349363774
1660,0.054323118180036545,0.10700385104809347,0.14365147428944106,0.09401966146549579
1661,0.03957029804587364,0.10988274294155374,0.14432873777280433,0.0947990201912928
1662,0.045515768229961395,0.10956933592545025,0.13812315822942284,0.0945971142988513
1663,0.035863909870386124,0.10283854098446867,0.14010673037330304,0.08697107464709247
1664,0.05974765121936798,0.09944634809791525,0.14530138011769356,0.08979435370371279
1665,0.09402909874916077,0.10033985085115499,0.14603933862524743,0.08764283739918864
1666,0.08894551545381546,0.1075123633136585,0.14355510514433154,0.08980135594355573
1667,0.06812917441129684,0.1109650818198313,0.1472802850890542,0.09313822014307852
1668,0.0632096603512764,0.10867927796692411,0.13992574216739595,0.09033080236498688
1669,0.061954330652952194,0.10223676047833478,0.14135141509215465,0.09095217826096363
1670,0.0689210593700409,0.09675427696070922,0.1456016095617392,0.09001119980896644
1671,0.07384465634822845,0.09745419043687731,0.14398359301721358,0.08661695433511826
1672,0.05665888637304306,0.10502365379270398,0.14124331970545595,0.09175997916425625
1673,0.04793083295226097,0.10816729587533781,0.145259083584073,0.09355870935031031
1674,0.10636790841817856,0.10667475422755572,0.13842219900036612,0.0954787111185828
1675,0.09623026847839355,0.10093783657772816,0.13977247657592207,0.09115177144830158
1676,0.09734506160020828,0.09581394866771321,0.14163496536645565,0.08846569432510228
1677,0.07411029934883118,0.09683086082284352,0.14148516667330338,0.08358126149869083
1678,0.04846756160259247,0.10470218668269568,0.14016469870565496,0.08112683837675352
1679,0.05532696098089218,0.10823922240250271,0.144929767941026,0.08503390857094807
1680,0.06110934913158417,0.10709806268453347,0.1383996773154479,0.08946752782109692
1681,0.07879304140806198,0.10099805929144838,0.13846178549282137,0.09036529313754603
1682,0.08326568454504013,0.09600262586265487,0.1404725283183303,0.08927923834339224
1683,0.05108584836125374,0.096943387250212,0.13963796663338374,0.0864868027302509
1684,0.045629821717739105,0.10418972547041917,0.1384617179221453,0.09072854778080644
1685,0.04445788636803627,0.1086936866134157,0.1428441785657112,0.09336836032712524
1686,0.06125957891345024,0.10687761753904165,0.13777702300034864,0.09373850161644143
1687,0.03658176213502884,0.10116257867339339,0.1394013280766081,0.08654073473053839
1688,0.05887724831700325,0.09691350615888847,0.1449916424057033,0.08887861626870186
1689,0.08327477425336838,0.09717946832921719,0.1435011312261145,0.08666678542566672
1690,0.08392073959112167,0.1045334504717355,0.1429823849681365,0.08855431026280353
1691,0.0673413947224617,0.10908781496288036,0.14610471262332325,0.09082968341868981
1692,0.07731218636035919,0.1068841834893088,0.1393285549437556,0.08922311495260854
1693,0.11338365823030472,0.1007408620531014,0.13950476091715017,0.09044890244171072
1694,0.11629363894462585,0.09699454942438525,0.14434918521802825,0.0910954815135847
1695,0.0584057979285717,0.0964518420538635,0.14247833405860108,0.0857246041206121
1696,0.042143143713474274,0.10400952819744064,0.1423103412511841,0.09220205108420955
1697,0.06977972388267517,0.10866633560540925,0.1459851385644745,0.09327657326822941
1698,0.11012079566717148,0.10617186989527044,0.13785093711033844,0.094060825852844
1699,0.10653579980134964,0.1001975756505644,0.13791563626331688,0.09011951900902201
1700,0.10272521525621414,0.09580449740700975,0.1418922867593644,0.08903315429553406
1701,0.06635807454586029,0.09621860771870828,0.14155296063862008,0.08270301775008954
1702,0.06036453694105148,0.10275208451196641,0.14067041197794364,0.08241134073650044
1703,0.06630083918571472,0.10797441347235223,0.1433124160523527,0.08594322955059205
1704,0.05874358117580414,0.10538689632092386,0.13632671012946831,0.08825256257099473
1705,0.07981449365615845,0.09942206705490882,0.13747327422276936,0.08926989457019806
1706,0.08650441467761993,0.09463437996363937,0.1411447591967474,0.08962820051056108
1707,0.05943094566464424,0.09551804740700492,0.14005839837494094,0.08634407510703998
1708,0.04500201344490051,0.10212204959443644,0.13934343007846214,0.09110613860112603
1709,0.038368888199329376,0.10771937410291291,0.142520763782631,0.0915664975493193
1710,0.05234227329492569,0.10493551649755005,0.1368835681760706,0.09274237296570433
1711,0.03414587676525116,0.09899376499556166,0.13727973577482752,0.086327448885122
1712,0.05553162097930908,0.0951145245272634,0.14084675573332933,0.0887562077620936
1713,0.07093047350645065,0.09663756422600643,0.14193239858382792,0.08650475291012832
1714,0.06778769195079803,0.1027037178970363,0.13998955967898022,0.08595329043850296
1715,0.07340241223573685,0.10790343378577982,0.1438604470752999,0.08836804592251549
1716,0.06735803931951523,0.10421213838122437,0.13710563973422654,0.08839688918972934
1717,0.11098755151033401,0.09838495192518736,0.13781253686126754,0.08872541622342725
1718,0.12241308391094208,0.09489932895947707,0.141980692432852,0.0899988279242268
1719,0.07836877554655075,0.09655903298621911,0.14177890507582253,0.08568356372034196
1720,0.05753559246659279,0.10293589308023582,0.13968585312592555,0.0916565342705984
1721,0.06901292502880096,0.10799545192207552,0.14354454778012893,0.09117653621493779
1722,0.08082907646894455,0.10458810908659161,0.1365521928133919,0.09259979357095297
1723,0.05754430592060089,0.0983093495094337,0.13791186520319657,0.08740963724846008
1724,0.061075758188962936,0.0948003146030152,0.14208454310716517,0.08762126743056954
1725,0.05447138473391533,0.09659555663870693,0.14228123850719457,0.08368343112859654
1726,0.04729325696825981,0.1027339624690946,0.1400632142307521,0.08247183230210432
1727,0.06961634010076523,0.10766014874923947,0.1425723533775929,0.08562519598904779
1728,0.06385491043329239,0.10461378962631902,0.13608696530320422,0.08795579241206171
1729,0.08407390862703323,0.09858784267300785,0.13718738802457173,0.08913181249686163
1730,0.09332483261823654,0.09486536881269876,0.1421605516447306,0.09029273919947274
1731,0.059904132038354874,0.09690433554003407,0.1418855446113328,0.086180652894843
1732,0.04027702286839485,0.10327031272220676,0.14059055176702326,0.0922739055002792
1733,0.038020163774490356,0.10732043637482756,0.14325267168485806,0.09226011896033147
1734,0.06502553075551987,0.10414190114409684,0.13632216817540901,0.09323665535179558
1735,0.043796345591545105,0.09857274760649885,0.13728664812515082,0.08636409680224227
1736,0.059429362416267395,0.09457006995544685,0.14074690918965338,0.08910356914868256
1737,0.07470128685235977,0.0955040491258913,0.1413203205673714,0.08631938742469035
1738,0.06546909362077713,0.10314214848767253,0.14072469237197427,0.08719113683446598
1739,0.06651315093040466,0.10717962399128313,0.14434371811389185,0.09022985387107375
1740,0.06420716643333435,0.10544266489571258,0.13825707352882283,0.08771678246824298
1741,0.10014570504426956,0.09898205802021133,0.13789543291633197,0.08824748882257018
1742,0.113226518034935,0.09485123618112125,0.13911939590910247,0.08945515933275228
1743,0.07088720798492432,0.09575500867925633,0.1412019101345072,0.08524860710451095
1744,0.055376168340444565,0.10237866163529195,0.13871734091002838,0.09100450221287511
1745,0.07318253070116043,0.10625290494625289,0.14284788866399223,0.09087105448229246
1746,0.08453215658664703,0.10451323508980964,0.13701839630112034,0.09204581825814265
1747,0.05304820463061333,0.09771990177221293,0.13702569425561462,0.08660013572573659
1748,0.06500007212162018,0.09364433853785391,0.13971936425383855,0.08780305292269225
1749,0.0631389319896698,0.09564726301184026,0.14225256429599378,0.08511081240500075
1750,0.05168380215764046,0.10196529563163453,0.1393309709339752,0.08270784282327606
1751,0.06878876686096191,0.10630466605324594,0.14328297356800926,0.08617560951714803
1752,0.0660092756152153,0.10477465030236618,0.13684890828564658,0.08756600707810593
1753,0.08739135414361954,0.09778133128363695,0.1373338880516166,0.08888420317001906
1754,0.08846256881952286,0.09377477366557327,0.1404027023791791,0.08970855176986768
1755,0.058260057121515274,0.09588219647285748,0.1417481607964273,0.0862115400580194
1756,0.042124319821596146,0.10204063717145896,0.13890223518580977,0.09248379224602168
1757,0.03846567124128342,0.10636396998316856,0.14335294063974235,0.09222331363375505
1758,0.052234064787626266,0.10553014425627277,0.13800827448929695,0.0929561786770521
1759,0.03661978617310524,0.09798836894149786,0.13781908312906194,0.08677339015637156
1760,0.057392336428165436,0.0944717822450177,0.13947535178167014,0.08826151768816777
1761,0.06970193237066269,0.09623027621291445,0.14200186429046335,0.0862388449715487
1762,0.05945635959506035,0.10366219445533251,0.13989219656088508,0.08535353338132984
1763,0.06644608080387115,0.10786499116281666,0.14514075939094898,0.08805340626147819
1764,0.06502965837717056,0.10665005678527915,0.13961632175839098,0.08750954202172051
1765,0.10564872622489929,0.09879287680293812,0.1375486886265893,0.08763373226157933
1766,0.11958178877830505,0.09491144699852469,0.13872346447168982,0.08927816138672172
1767,0.07482541352510452,0.09613042225900945,0.14115962428405193,0.08541202351356335
1768,0.05106649175286293,0.1036849492056529,0.1388879238974341,0.09145843525626444
1769,0.0635531097650528,0.10735208988383803,0.14304334822483872,0.09181222195493853
1770,0.07558972388505936,0.1063595676409162,0.1395069212726132,0.09303631177825938
1771,0.04593665152788162,0.0989769128267783,0.13816541769022816,0.08717710295405846
1772,0.054841287434101105,0.09504703254784524,0.13915690969453057,0.08810525069495108
1773,0.05874280259013176,0.09661273027311588,0.1418689237214717,0.08502278329772955
1774,0.04863400757312775,0.10414130916078851,0.14016581955468063,0.08301558747016897
1775,0.06564697623252869,0.10763521213909141,0.143595882352634,0.08609973295761547
1776,0.05797766521573067,0.10720182771510087,0.13924004696710499,0.08729856470473708
1777,0.07433152198791504,0.09920135736090173,0.1372520312156291,0.08818586734219552
1778,0.07698013633489609,0.09537818228435523,0.13977575438866185,0.0892149398503324
1779,0.0556587278842926,0.09653099553621311,0.14192978153880734,0.0860212652060522
1780,0.04268622025847435,0.10416167461804517,0.13964649191956977,0.09242341130193835
1781,0.03962831571698189,0.10772207713023597,0.1438218086272725,0.09283455150364639
1782,0.052226562052965164,0.10718877426057304,0.13905007513751255,0.0932877093428715
1783,0.043074823915958405,0.09900368331638564,0.13662896133211377,0.08692529763755757
1784,0.054594576358795166,0.09506809841525778,0.13922960846061472,0.08843036323270302
1785,0.07085765898227692,0.09631969498633186,0.14180948259018059,0.08627727844053262
1786,0.050960972905159,0.10440445145863367,0.13915243873284627,0.08542158088742968
1787,0.05361779034137726,0.10746897844487621,0.14283431858971343,0.08697763618071855
1788,0.05933191627264023,0.1066374879904959,0.13880564177677623,0.0864535389277237
1789,0.08277520537376404,0.09850255190799247,0.1365468756081364,0.08671327702721075
1790,0.11260721832513809,0.09475332105180702,0.13849765174610543,0.08872614892374227
1791,0.06812500953674316,0.09580256059786044,0.14021718237948735,0.08513528789857495
1792,0.05691095441579819,0.10389617903229426,0.1373417205074459,0.09099079490566404
1793,0.06728444993495941,0.10615936223924684,0.13980998662549932,0.09182673629454598
1794,0.06580647081136703,0.1059584518156136,0.13656955839931112,0.09313027758695101
1795,0.0425456240773201,0.09759952991606496,0.13657220882609594,0.08772882966037163
1796,0.054726146161556244,0.09448294794266464,0.1390248502276334,0.08899962085252758
1797,0.059774983674287796,0.09625599266417278,0.14157714878928512,0.08451656645723307
1798,0.054116323590278625,0.10411219880038595,0.13782156764882292,0.08256879587344654
1799,0.06867999583482742,0.10613594346561377,0.14015914848308655,0.08545072176857636
1800,0.06985612958669662,0.10612451983626701,0.13600564748760113,0.08662135641856673
1801,0.08253166079521179,0.09850521289426874,0.13753853303622013,0.08813442674345545
1802,0.0807928740978241,0.09501432054737044,0.1398568661171553,0.09001416351637587
1803,0.060723625123500824,0.09721512963719121,0.14139547460567442,0.0868346993844995
1804,0.050436340272426605,0.10416995469047707,0.13768614836926427,0.09262848506315664
1805,0.0422586090862751,0.10715439570811669,0.1406897383478255,0.0934625356278362
1806,0.045746225863695145,0.10693938847460795,0.13653033824754413,0.0932253194734095
1807,0.036762747913599014,0.09837883476281392,0.13608091857827,0.08706986839525756
1808,0.04792926087975502,0.09482643550113372,0.13964074611417898,0.08746626987022312
1809,0.07580726593732834,0.09691631592836022,0.14191256662113289,0.08581824071807355
1810,0.07557796686887741,0.10391071883240159,0.13763615730297366,0.08496057640094988
1811,0.07421077787876129,0.10769484845790805,0.1418949936624616,0.08684753637813902
1812,0.08572987467050552,0.10643083879504002,0.13728947267126299,0.08588434173431227
1813,0.11139173805713654,0.09855207012156669,0.13607108686844085,0.08701346166469492
1814,0.08938023447990417,0.09363760868290968,0.13707823875877886,0.08843629898728927
1815,0.06258289515972137,0.09510643557855974,0.13944805366624177,0.08642372800690769
1816,0.04912523552775383,0.10044121115667966,0.13424560760584847,0.09254294104500281
1817,0.06284448504447937,0.10329377549466132,0.13853918359849107,0.09500651898379173
1818,0.07383354753255844,0.10231179511493291,0.13534977828031114,0.09506106520841806
1819,0.061679765582084656,0.09553799380233081,0.1359314520162661,0.09107243128150314
1820,0.06543011963367462,0.09158614033993319,0.13644143283258606,0.08758379617801539
1821,0.06968944519758224,0.09294399844871305,0.13728061962605906,0.08264727906091734
1822,0.04905365779995918,0.09896190402239928,0.13474008121574046,0.0809549250486637
1823,0.05940258130431175,0.10205779589907121,0.13808286212385712,0.08238266712784041
1824,0.05853712558746338,0.10160168058194886,0.13358155542529812,0.08472787846062331
1825,0.06746027618646622,0.09439877445433333,0.13323966917383798,0.0864492172021723
1826,0.06975948810577393,0.09108804472107943,0.13461248416513938,0.08710408405599988
1827,0.05663582310080528,0.09335707343783438,0.1356356275031857,0.08479536582465078
1828,0.04818941280245781,0.0992602832092849,0.13186471581283152,0.08969626475867601
1829,0.03985618054866791,0.10242552576564554,0.13676867774360887,0.09127425010831577
1830,0.03514808043837547,0.1025853263728966,0.1339931998281932,0.09117384820401737
1831,0.0316912978887558,0.09487322430377515,0.134089070436912,0.08502536302274981
1832,0.04917115345597267,0.09146717472214139,0.1343800836592492,0.0860922947717828
1833,0.07261529564857483,0.09338992121833484,0.13639746637649533,0.08429028425493525
1834,0.06107950210571289,0.10008507058884511,0.1340617533445493,0.08346865494771856
1835,0.06583952158689499,0.10214227370701513,0.137291892072523,0.08567681956283979
1836,0.06895624846220016,0.10172430153668817,0.13502308518825082,0.08486352322725099
1837,0.06306084990501404,0.09410713671481696,0.1336783580224448,0.0859711583680708
1838,0.06713655591011047,0.09016819313930216,0.13390111258457713,0.08711732535482426
1839,0.07272939383983612,0.0914543000983711,0.13600796053702666,0.08554972076421417
1840,0.05581948906183243,0.09719453347930627,0.13189079021212569,0.0890735310304145
1841,0.04720701277256012,0.09991465826290646,0.1353142126276471,0.09224132376877868
1842,0.0739879384636879,0.09925341854627696,0.1332454432541839,0.093675272756293
1843,0.07881376892328262,0.09263823344175083,0.13322168346736296,0.08976661986516263
1844,0.08535608649253845,0.08918302437124742,0.13264465614820659,0.08631196472307329
1845,0.08143427222967148,0.09046135988015212,0.13475153478721155,0.08164067141245544
1846,0.052327968180179596,0.09696020973637216,0.13100036041366922,0.0783810880141035
1847,0.06295923888683319,0.09979829176601153,0.13545217615096783,0.08100868934454081
1848,0.06305520981550217,0.09914790457265613,0.13242121358786474,0.08366308305851339
1849,0.07001680880784988,0.09241480682940387,0.13134294226726625,0.08484662001348488
1850,0.07090232521295547,0.08864612665570339,0.1304816610589631,0.08630935744820016
1851,0.062442321330308914,0.08994670441905438,0.13159554388370348,0.08390452233554471
1852,0.06028617173433304,0.09687933580054722,0.1284789390193418,0.08789024870510906
1853,0.0544409416615963,0.0992838877593667,0.1323329106622231,0.08889249983122487
1854,0.04733920842409134,0.09915439786019466,0.1313433655649251,0.08874130127638141
1855,0.04298628121614456,0.09234147210126255,0.13138750527569215,0.08425386356886758
1856,0.05879897251725197,0.08931136264423106,0.1345446886089086,0.08659931051759423
1857,0.0834239199757576,0.09051981085069731,0.13659777852030072,0.08450331498014485
1858,0.06822230666875839,0.09720970645448448,0.13262480351618136,0.08567025543556084
1859,0.059873878955841064,0.09947203440889964,0.1362961160675028,0.08719309370230618
1860,0.055813178420066833,0.09916902484034433,0.1334458931513964,0.08715538539385713
1861,0.05379478260874748,0.09237809145272236,0.1327600266575661,0.08678498123347607
1862,0.06775590777397156,0.08931509675632779,0.13361286672981176,0.08754553709461743
1863,0.0914556160569191,0.09080284375148819,0.13604054552747,0.08644473848839881
1864,0.10087104141712189,0.09713732693106798,0.13134181128816583,0.08937017230839626
1865,0.0843421146273613,0.09929741600247605,0.13568387299350967,0.09372153546401042
1866,0.1300644725561142,0.09807806786019704,0.13354527012114742,0.096299563459548
1867,0.12395641207695007,0.09138287148522029,0.13303422853593438,0.09266875191417899
1868,0.13410386443138123,0.0889748247314267,0.13390897229522417,0.08990301591005556
1869,0.09544827789068222,0.09008497581443115,0.1358552069617333,0.08575866375968465
1870,0.06820143759250641,0.09632996774462516,0.1311954764714779,0.08271965746923553
1871,0.08717776834964752,0.09869982096750006,0.13532142783039738,0.08421374364162514
1872,0.08715694397687912,0.09833963602780654,0.13251595683367615,0.08617317682234614
1873,0.10771690309047699,0.09171363097448952,0.13152277018021488,0.08682959292903589
1874,0.11270954459905624,0.08890675110757545,0.13320634457489525,0.08805199036037942
1875,0.09250685572624207,0.09004542946626094,0.1339238671609105,0.0864250331252889
1876,0.07270775735378265,0.0952081613304999,0.12976783173895115,0.08897123341943314
1877,0.06831491738557816,0.09751668155237855,0.13332474151790843,0.09050325221813656
1878,0.07137038558721542,0.0983654206170367,0.1314626392248387,0.09007142221520503
1879,0.04622054472565651,0.09159519462338227,0.1294608848497768,0.08519232247182856
1880,0.06658317893743515,0.08876543760278355,0.13166400858874996,0.08544561894259797
1881,0.09260235726833344,0.09010069385335734,0.13431059598719286,0.08462309816813622
1882,0.09012733399868011,0.0952556035293002,0.13088950046748965,0.08520221850906284
1883,0.06730697304010391,0.09762509712615218,0.13485919310320196,0.08735985347539857
1884,0.0578022301197052,0.0962593103155892,0.13163757772404805,0.08517041182730872
1885,0.052600204944610596,0.08960870874755646,0.1283187683557806,0.08448613406500241
1886,0.06362450122833252,0.08562639376587759,0.12967529047623386,0.08371303517394756
1887,0.10562378913164139,0.08655008001474901,0.13232633137423916,0.08393022668483616
1888,0.11220645904541016,0.09152122174426701,0.12870998643066214,0.08835733378541431
1889,0.10518480837345123,0.09327324502195306,0.1308628590557686,0.09162545747399244
1890,0.14048375189304352,0.09332262454899741,0.12955142004516373,0.09240808607722335
1891,0.13962195813655853,0.08784675567417309,0.12701895739464975,0.08988668823389889
1892,0.16204655170440674,0.08465881732343114,0.12767323561966978,0.08547554868630755
1893,0.13219504058361053,0.08587797103201035,0.1303163700968416,0.08426906328679756
1894,0.08381413668394089,0.09119626256008714,0.12728460194173927,0.08033448916510744
1895,0.10249161720275879,0.09289607062640776,0.1291192970719208,0.08163132846258359
1896,0.0992116928100586,0.09296676950605182,0.1278464805162997,0.08314340958428874
1897,0.12228527665138245,0.0861658553894257,0.12303847518655261,0.08396924337653308
1898,0.13473059237003326,0.08420340001190561,0.12519858892413815,0.08420598679654051
1899,0.11799798905849457,0.08635409558225077,0.12692851404114738,0.08221592508715335
1900,0.09093772619962692,0.0919075733750259,0.1252983733489329,0.0847032319178728
1901,0.1061408668756485,0.09372166074305593,0.12839511075351373,0.08863470800928946
1902,0.11489629745483398,0.09459189953964495,0.12902810473339396,0.08966524659996077
1903,0.0692949965596199,0.0882103836627146,0.12744933286997054,0.08532936970896023
1904,0.09136103093624115,0.0869023162919405,0.1323876705627907,0.08786575170750749
1905,0.12720812857151031,0.09042238977646243,0.1351831877837249,0.08805294791412543
1906,0.10411857813596725,0.09496785700594854,0.1312976336919347,0.08673618505860957
1907,0.08469268679618835,0.09729204268598632,0.13543384675615977,0.08633404814769964
1908,0.06980074942111969,0.09799893643563341,0.13189563715827662,0.0881949800294838
1909,0.06684266775846481,0.09090239360713921,0.12867128147563017,0.08834965767843621
1910,0.09142446517944336,0.08924040728066134,0.13167603823283722,0.087106880542958
1911,0.12102837860584259,0.09194031847702665,0.13507652564112227,0.08725665081175069
1912,0.13328632712364197,0.09603530240418232,0.13029218239633264,0.09025250345957753
1913,0.13715989887714386,0.09806704072850056,0.13313618373617084,0.09372719890340137
1914,0.20312999188899994,0.09786187961827082,0.13161313896691243,0.09564914617067749
1915,0.17775684595108032,0.09110758487317269,0.12973393117225165,0.09161815774984511
1916,0.19049149751663208,0.08959963218143602,0.13310626967275335,0.08890451023618903
1917,0.1605767160654068,0.09101290537612229,0.13481267292672208,0.08554571256536586
1918,0.10544037073850632,0.09400234202459178,0.12941911378376092,0.0828644169896721
1919,0.11997029930353165,0.09644040835297889,0.13168643896590082,0.08337707543716254
1920,0.12408654391765594,0.09660034767374802,0.12912404129761812,0.08585879367503037
1921,0.14406634867191315,0.08953008369557926,0.12608653075072512,0.08651945025927281
1922,0.1788802444934845,0.08745906594350701,0.12840695452618092,0.0861933254230737
1923,0.1556645780801773,0.08965275932027716,0.12997472386657716,0.08408101751900228
1924,0.1207602471113205,0.09381057004708103,0.12668837325627166,0.08650132651555856
1925,0.119301438331604,0.09558342946535828,0.12931456060093593,0.0897120326831303
1926,0.12680166959762573,0.09606475453947501,0.12787424407855805,0.08996688399388883
1927,0.06762699782848358,0.08916077349502122,0.12533771981107902,0.08520446680149588
1928,0.10701781511306763,0.08657145213386438,0.12797033716626072,0.08579673400082484
1929,0.1501372754573822,0.08957757856503258,0.13107246299013886,0.08556000387961188
1930,0.1298418939113617,0.09351796280450846,0.12822763504347703,0.08499370914719338
1931,0.09944523125886917,0.09566476084772323,0.13067095891815286,0.08393759042612739
1932,0.08829038590192795,0.09533264138412206,0.1289183130102301,0.08697120971944651
1933,0.08233308792114258,0.088742928624006,0.12559283844584604,0.08673640572761675
1934,0.10050877183675766,0.08680875160397215,0.1291680735812706,0.08589825296015113
1935,0.13654106855392456,0.08882935813164038,0.132080550717157,0.08645151693602816
1936,0.1792730838060379,0.09303593343835766,0.12790205579939212,0.09052529562124738
1937,0.1642812043428421,0.094280828798338,0.13053478869425097,0.09282699788729477
1938,0.2066413313150406,0.09429262051837589,0.12866930224831954,0.09225398362844855
1939,0.20004825294017792,0.0876245481420953,0.12574778069141487,0.09080140409649913
1940,0.21862870454788208,0.08683222148273244,0.12824905289734695,0.08753671938680291
1941,0.18403731286525726,0.08929223928170549,0.1311907657625027,0.08645500316228265
1942,0.12764084339141846,0.0931352910314426,0.12560723472001964,0.08118571984633204
1943,0.14588533341884613,0.09458369156133307,0.12914039394840796,0.08162881176090928
1944,0.13934728503227234,0.09394863589114953,0.12799551916616136,0.0856802620326499
1945,0.15398353338241577,0.08779224448419441,0.12456133492627791,0.0864898054663663
1946,0.17452841997146606,0.08728442695129607,0.12767343173478637,0.08625591121953631
1947,0.15264922380447388,0.08943007574743897,0.12992541652390283,0.08426312700878374
1948,0.11068720370531082,0.092856531866148,0.12567631032406734,0.08684380984782288
1949,0.12485985457897186,0.09491285544477615,0.12908280367194983,0.08951283634911739
1950,0.15226005017757416,0.09390459589140564,0.1275153950047938,0.08967052760855695
1951,0.09321355819702148,0.08745141216430724,0.1258164271752048,0.08573586167576588
1952,0.11568674445152283,0.08694908911931143,0.12789218364916158,0.085288918441526
1953,0.1370507776737213,0.08892759091214358,0.13072263853648278,0.08453943078198273
1954,0.11597993224859238,0.09219009544446356,0.12505549686639078,0.08257045773390398
1955,0.09607917815446854,0.09460028951419887,0.12928765080303045,0.08181075041845079
1956,0.08784878998994827,0.09360979863201219,0.126910331970013,0.08447727937668663
1957,0.12888377904891968,0.0869057312656655,0.12516850781094394,0.08554935247140066
1958,0.16328004002571106,0.08636543194341946,0.1271482122076743,0.08582744751251428
1959,0.14161399006843567,0.0891059858009743,0.13001241953981568,0.08286586556862559
1960,0.10641154646873474,0.0925127179364445,0.12557913436410173,0.08587007975844055
1961,0.13075806200504303,0.09415226701947149,0.1300346523738285,0.08959642241661643
1962,0.16396130621433258,0.09348167324488212,0.12637722444708085,0.08864794816356632
1963,0.11748100817203522,0.08696749902132607,0.12549987107414956,0.08509004360949263
1964,0.1312296986579895,0.08683632878968686,0.128208036407933,0.08447763324943669
1965,0.13354133069515228,0.09008162195859698,0.13036132490928531,0.08264639041300059
1966,0.11714070290327072,0.09357257916940974,0.12645544655109028,0.08176889187447642
1967,0.11875085532665253,0.0958576524959527,0.13209538378772276,0.08255393829218642
1968,0.10656824707984924,0.09451450920112875,0.1289236920042007,0.08482373734242071
1969,0.12425350397825241,0.08744431310793503,0.12637733339544857,0.08650317472842547
1970,0.14160121977329254,0.08718247200353225,0.12758397806105853,0.08640493570587814
1971,0.11645897477865219,0.09117224122197061,0.12993395991728504,0.08411286016750022
1972,0.08812239021062851,0.09397449962247138,0.12691429364775056,0.08648768199632154
1973,0.10211542993783951,0.09670452000827026,0.13291470685147203,0.09140102518575435
1974,0.1222829520702362,0.09680629157181976,0.13050917550182223,0.09198870794273355
1975,0.0655890479683876,0.08906584031022736,0.12903185527233194,0.08609654945087543
1976,0.09680604934692383,0.08748166470033915,0.13077014110509094,0.0873042506124002
1977,0.12397494912147522,0.09130313757391763,0.13258753428201328,0.08504851907507473
1978,0.10276193916797638,0.09417204265514413,0.12731065526871807,0.08452051836820261
1979,0.08750849962234497,0.09627162380967201,0.13242750275112264,0.08379215939714522
1980,0.0823175460100174,0.09628740578048589,0.12982895626160945,0.087960959152818
1981,0.13145776093006134,0.08902706720284127,0.12843009170239023,0.08856720831198518
1982,0.13411034643650055,0.08821264230855182,0.1304600340148886,0.08872951768815489
1983,0.10420229285955429,0.091468233125314,0.13246711344453746,0.08575604478649956
1984,0.10290025919675827,0.0943781399606518,0.12817309945464236,0.08891987409509057
1985,0.09797629714012146,0.09675538014942403,0.13271824056505827,0.09186928462361572
1986,0.14679136872291565,0.09562375017919211,0.1295826787908975,0.09116517837996119
1987,0.11407895386219025,0.0889954752079824,0.12886005439653545,0.08811041450686745
1988,0.12711624801158905,0.08885754346460283,0.13160436524067445,0.08676801328727292
1989,0.11861516535282135,0.09142854989262265,0.13295831522316257,0.08474055987549525
1990,0.08899489790201187,0.0947648925874694,0.12759197655764,0.08206452954279674
1991,0.08385816961526871,0.0963706690386176,0.13193257862496066,0.08252663261761173
1992,0.0895543321967125,0.09499027874804696,0.12843715494598584,0.0864739549821108
1993,0.11420750617980957,0.0881765704353415,0.12683596880933382,0.08719919672136979
1994,0.12901337444782257,0.087994051214135,0.12919359105741438,0.08772243503530613
1995,0.09291543811559677,0.09080634672054487,0.12994914980368708,0.08536778748928481
1996,0.06900686770677567,0.0944865572681457,0.12794852277054247,0.08929972316838423
1997,0.06872941553592682,0.09551456878868848,0.13081799753126264,0.09049705736023124
1998,0.08506007492542267,0.09385815046732794,0.12782059862260503,0.09003494538139532
1999,0.04158281534910202,0.08684178668593044,0.1253362610005089,0.0837594114217204
2000,0.06598801165819168,0.08656731319752262,0.12689543077858134,0.0843558775501119
2001,0.10053913295269012,0.08786207289085185,0.12868845179256452,0.08324817281197801
2002,0.10556446015834808,0.09261372747099918,0.12732417839696752,0.08483221304806768
2003,0.05947350338101387,0.09385842660471284,0.13099509683759808,0.08426878438798789
2004,0.053924959152936935,0.09293438749654741,0.12876642709613498,0.08636386303023612
2005,0.058666788041591644,0.08572388091642305,0.1262159293599607,0.08524392324056711
2006,0.07346027344465256,0.08349999907302706,0.12573717144030533,0.08572046751434813
2007,0.09709303081035614,0.08403291885471374,0.1269997717780104,0.08522239238829726
2008,0.13064320385456085,0.08800857656160484,0.12389969767606583,0.08755366221901008
2009,0.12327003479003906,0.08968696564837426,0.12676223135437184,0.08955787102305807
2010,0.1837131530046463,0.08912421760595762,0.12478738539397077,0.08994670010299537
2011,0.1642100065946579,0.08254752784930271,0.12363612355299386,0.08660966563558457
2012,0.17098097503185272,0.08120020707310245,0.12162208963120526,0.08373579609584941
2013,0.12530475854873657,0.08278781885641835,0.12517535783912548,0.08180508822130812
2014,0.0819767639040947,0.08770338251278598,0.12254780426926493,0.07803280119620892
2015,0.08596756309270859,0.09053353082665615,0.12595847974558552,0.07995943342468392
2016,0.09667959809303284,0.09006409218452995,0.12537378806132868,0.08434220771903174
2017,0.10674036294221878,0.08300531954755118,0.12144753616819727,0.08417436595270138
2018,0.11511062830686569,0.08159431069019445,0.1196167284933486,0.08522804310566728
2019,0.08705876022577286,0.08362532922719208,0.12410981754016918,0.08300201909431383
2020,0.056681666523218155,0.08831384265918735,0.12165585625756971,0.08462864348739675
2021,0.06904227286577225,0.09041046613955904,0.12484479546475198,0.08718651201989734
2022,0.10152801871299744,0.09030474365517646,0.12521952199083417,0.08784997132252147
2023,0.044505227357149124,0.08338791327868532,0.12144714183610082,0.08249302660638962
2024,0.07135707139968872,0.08096309532703719,0.11995963987929568,0.08121037013531997
2025,0.09753628075122833,0.08423668674899307,0.12615794842520753,0.08220699815368887
2026,0.0911220908164978,0.08835245058297023,0.12264522862663534,0.08131941301885341
2027,0.09209882467985153,0.09054406153168724,0.1265519329700597,0.0827742299831792
2028,0.07669002562761307,0.09016586540413031,0.12587984142422115,0.08447639467253847
2029,0.13627256453037262,0.08297743202047146,0.12123278877754716,0.08391396279534126
2030,0.15037959814071655,0.080507681321847,0.11919165746727568,0.08570167029073929
2031,0.08896240592002869,0.08290448777236187,0.12354809102888317,0.08159301982733726
2032,0.06571141630411148,0.08741497496238572,0.12151454405649297,0.085902609116175
2033,0.07891088724136353,0.09028440021576184,0.12585095938319613,0.08811972342193797
2034,0.126515731215477,0.08962069563508356,0.12551460423988264,0.08853994092954479
2035,0.1002158671617508,0.08322410228361661,0.1232168987861745,0.08534079379853156
2036,0.10834546387195587,0.08113798754846485,0.12024331866617506,0.08274097837166589
2037,0.1054026335477829,0.08445963332652272,0.1251483757767625,0.0810561655291108
2038,0.07627562433481216,0.08765452808100296,0.12228705149186898,0.07946309552329245
2039,0.07059840857982635,0.08989504102139477,0.12532817394627654,0.08082543755190506
2040,0.06460877507925034,0.08968270607610901,0.12519047655285526,0.08458221107437623
2041,0.0757308378815651,0.08245855452937846,0.12000122182514693,0.08512274486625554
2042,0.08644580096006393,0.08082528460396922,0.11718423957389161,0.08486515186331223
2043,0.07217983156442642,0.08422074734561578,0.12274810956100835,0.08248814796566878
2044,0.05707526206970215,0.08655817556908305,0.11928808173704382,0.08385535141200304
2045,0.06274363398551941,0.08969626649371021,0.12295210963394637,0.08762596830703219
2046,0.07499055564403534,0.08914392276476872,0.12342590568209352,0.08794566553009307
2047,0.04160163551568985,0.08213391491045542,0.12006399296084723,0.08121480726530114
2048,0.055122219026088715,0.08042975763981768,0.11787237524540743,0.08177469787501186
2049,0.07751840353012085,0.08350869888778324,0.12413374853624358,0.08112157677767025
2050,0.07923709601163864,0.08667419962992284,0.12090485386313649,0.08220392051887901
2051,0.07798656821250916,0.0898058570323263,0.12551426340989033,0.08513899114660245
2052,0.07044433802366257,0.08911351631894145,0.12583011600765007,0.0856821464396948
2053,0.09704778343439102,0.08179493785956236,0.12061502338608708,0.08504494862154362
2054,0.1115243136882782,0.07918002859365082,0.11741330430954125,0.0848855644492747
2055,0.07986972481012344,0.08213839417333157,0.12153207583492649,0.08216810097471393
2056,0.049678247421979904,0.08515512331883951,0.11910305589395666,0.0843615055344221
2057,0.07392558455467224,0.08826207913579473,0.12247384876366407,0.08664288701440631
2058,0.12175984680652618,0.08827297402070883,0.12353043570315791,0.08784158729363291
2059,0.09098830074071884,0.08080337788465487,0.11916692420728654,0.08295898370877172
2060,0.0862167552113533,0.07871645749055355,0.11646235974289341,0.08154445161341917
2061,0.07042114436626434,0.08129234854058504,0.12118896223112169,0.07893744066766938
2062,0.06022563576698303,0.08497989993667074,0.11917107413124431,0.07888661570690528
2063,0.06546497344970703,0.08800676172838638,0.1216249470492118,0.08107243801078798
2064,0.05826476216316223,0.0879400681096507,0.12326586344771377,0.08418047262136118
2065,0.07235529273748398,0.08052385434460084,0.11834440317092905,0.08470305777314509
2066,0.08132089674472809,0.07871272249087913,0.11541019568872316,0.0848907445786835
2067,0.06442221999168396,0.08184877511525794,0.12102389721606309,0.08248199076157837
2068,0.04898913949728012,0.08535826328119657,0.11963418943812763,0.08490230314204956
2069,0.046005770564079285,0.0886073148058339,0.12287791435646124,0.0874504519613533
2070,0.06361862272024155,0.08900421754650883,0.12414605685325932,0.08833931405743878
2071,0.03544874116778374,0.08073944242485408,0.1199249651922092,0.08140390429078219
2072,0.05159769952297211,0.07901264348615923,0.11624962469722848,0.08091432758887734
2073,0.07544323801994324,0.08227370901664353,0.12187855572651234,0.08100186968841172
2074,0.07098592072725296,0.08543080489630492,0.11944554329230832,0.08025529299012758
2075,0.07090821862220764,0.088680932371327,0.12361995768844417,0.08196567317832337
2076,0.061353497207164764,0.08902795895750176,0.12507610148055212,0.08454871143252662
2077,0.09259840101003647,0.0808949869120256,0.12003038218704462,0.08459729085559124
2078,0.08706019073724747,0.0792728687410484,0.11626630179564036,0.08487112359846352
2079,0.07693721354007721,0.08233765901280356,0.12118117213795543,0.08242617327118072
2080,0.05612372234463692,0.0854885852440598,0.11963048668176354,0.08454672463459835
2081,0.07397586107254028,0.08876886577905468,0.12281480505170363,0.08707804293977933
2082,0.08906305581331253,0.08933357553325574,0.12443993270688773,0.08828891373421073
2083,0.05664052441716194,0.08123978254357465,0.12034402866117201,0.08209983823704387
2084,0.06606922298669815,0.0796953300936733,0.11719862274567161,0.08101581158277883
2085,0.06557110697031021,0.0826850156633162,0.12191273259465557,0.07927229998680164
2086,0.05663510411977768,0.08576623297899898,0.12063215172426377,0.07907913585306041
2087,0.0642990916967392,0.08881449991111673,0.12346406718220176,0.08186648788736807
2088,0.055817581713199615,0.08935546400247207,0.12452852725382804,0.08469380197859659
2089,0.06488163024187088,0.08115115053757009,0.1194970327143805,0.08536312827207816
2090,0.07210314273834229,0.07969447376527515,0.11646639831774608,0.08481057261799572
2091,0.05676265060901642,0.08350310193092453,0.12174363895716069,0.08228876835460462
2092,0.044592052698135376,0.0861227267722951,0.12041099661171688,0.08491626716472694
2093,0.049595627933740616,0.08840303246025501,0.12280468243528238,0.0872582842251403
2094,0.06129692494869232,0.08928077331179596,0.12535556376999893,0.08885267290088829
2095,0.03524567559361458,0.0813145134055307,0.12175238289526816,0.08250772136098465
2096,0.05464350804686546,0.07996182008482751,0.119084306856455,0.08215953930571726
2097,0.07925242930650711,0.08347865346525091,0.12453267017263697,0.08169757678203157
2098,0.07676348090171814,0.08623670673167258,0.1219008370542686,0.08184316095591691
2099,0.07619046419858932,0.08817835862501601,0.12326881403103988,0.08378910724033845
2100,0.0647646114230156,0.08885506153282698,0.12450046387064444,0.08461236778280391
2101,0.11132542788982391,0.08050842961592725,0.1207271611466576,0.08542796496917467
2102,0.11522754281759262,0.07943167982469344,0.11731096165545964,0.08654605982506539
2103,0.07771922647953033,0.0825982783121561,0.1221072899279109,0.08235051363820087
2104,0.06440962851047516,0.08564123316411999,0.1207450989889018,0.08517887155658371
2105,0.0788106620311737,0.08848229987071027,0.12387933811860997,0.08695432784689361
2106,0.08427626639604568,0.088721432675224,0.1236503357365706,0.08858441814538308
2107,0.05416182056069374,0.08054204833223824,0.1198065620168713,0.08233230577767357
2108,0.05792434141039848,0.07920334095686943,0.11779023846736912,0.08144364297996289
2109,0.05853355675935745,0.08255346853239275,0.12219102390066167,0.07937905301720277
2110,0.05442659184336662,0.08534077472185951,0.12001126201279759,0.07986686565976114
2111,0.06535948812961578,0.08882674336005335,0.12408467770797679,0.08212257569901982
2112,0.05382747948169708,0.0892525119588054,0.12398443332631527,0.08441493630219189
2113,0.06321831047534943,0.08142212436697853,0.11997102026920196,0.08555838302886296
2114,0.07120203226804733,0.07883148111490906,0.11723059009053886,0.08581997136015142
2115,0.05401550233364105,0.08268051371994935,0.12172796885644642,0.08244272527481243
2116,0.04771795868873596,0.08521054343806239,0.11928442257026937,0.08512662424668105
2117,0.05282134935259819,0.08941680594197775,0.12399901377845045,0.08792304285378363
2118,0.05891162157058716,0.09000776134377629,0.1260417263701488,0.08923813759791645
2119,0.03516202047467232,0.08224968214080551,0.12213935502065007,0.08266391390009022
2120,0.05143536999821663,0.07922437327738772,0.11987710421189855,0.08222707052324084
2121,0.07230398058891296,0.08299189241332608,0.1247244352930681,0.08102694863710637
2122,0.0775923877954483,0.08516632642468952,0.12124419316144036,0.08150762049118564
2123,0.07791131734848022,0.08877989064714197,0.12520683225386503,0.08375159442226836
2124,0.05609719082713127,0.08946578021062992,0.12623701194125594,0.08582863163592704
2125,0.08978826552629471,0.08120973189202217,0.12159522867394656,0.08502733982791978
2126,0.10193690657615662,0.07928092214656585,0.11983631183702097,0.08591455978444608
2127,0.07042521983385086,0.08302909582764102,0.12360913914333636,0.08193605986470588
2128,0.05792641639709473,0.08469970929975598,0.12001829726509775,0.08483359170594783
2129,0.0684763714671135,0.0881179428467771,0.1231743274462472,0.08659311027026469
2130,0.08594309538602829,0.08944184569650278,0.12465641450544923,0.08921197140164717
2131,0.05049658939242363,0.08131191614546622,0.12137780467898077,0.08343476338110344
2132,0.06213639676570892,0.07911553869533146,0.12040904772057895,0.08130816348210688
2133,0.05966759845614433,0.08340798250038707,0.1253964812674319,0.08012069766196778
2134,0.06064197048544884,0.08581862839173827,0.12081543687552386,0.07942879631951162
2135,0.06644884496927261,0.08968504374502183,0.1242595536944021,0.08154104985596239
2136,0.05802072957158089,0.09090906316144168,0.12549272309081322,0.08509480574091893
2137,0.06168119236826897,0.0812978127285135,0.11958191568633439,0.08556863079083382
2138,0.06734414398670197,0.078962619909807,0.11795686779498772,0.08530380421056025
2139,0.05556762218475342,0.0840234567554299,0.12388363486857289,0.081875606057497
2140,0.047428637742996216,0.08607868080851953,0.12050746858276028,0.08478498744232155
2141,0.03900080546736717,0.0905035454526001,0.1235918625921855,0.08754890144021826
2142,0.05194111168384552,0.09197371233957266,0.1260561092225293,0.0895774547557054
2143,0.03243458643555641,0.08249085455652966,0.12002473877642311,0.08150914727735467
2144,0.04500018060207367,0.07953472507844182,0.11861918077438896,0.08067842823104625
2145,0.07182011753320694,0.08382556576742216,0.12483606041037526,0.08229843401095475
2146,0.07499817758798599,0.08729054888019921,0.12261925142495667,0.0821597346123237
2147,0.07006589323282242,0.09103061972959946,0.12570565846635928,0.08519353566615039
2148,0.05510277673602104,0.09165907406704508,0.12714851001099478,0.08712650242438448
2149,0.08677548170089722,0.08207201288714042,0.12019113967786434,0.0845890986283267
2150,0.10062312334775925,0.08023206060437259,0.1181332765452762,0.08544946023098693
2151,0.07246194779872894,0.0844699807284748,0.12425089962228815,0.08234913041192155
2152,0.06551582366228104,0.0880708328607942,0.12168803059670873,0.08474308686090862
2153,0.06928738206624985,0.09027187806114818,0.12388310383686724,0.08664777396721046
2154,0.0630023181438446,0.0909170620669487,0.12442579017966401,0.08769885359538969
2155,0.03837314248085022,0.08150258287250742,0.1190663049265563,0.07913718369040111
2156,0.04705975949764252,0.08025078282777304,0.1185563989805331,0.07979219188030666
2157,0.057086843997240067,0.08415673882787464,0.1253440257496827,0.08056770917054905
2158,0.06168320029973984,0.08756854515275779,0.12266931902063566,0.08073956834076716
2159,0.06231050565838814,0.0902742588383876,0.12563847018416022,0.08463004895724141
2160,0.045749202370643616,0.091034698727331,0.12785146730380365,0.08628359626818026
2161,0.05527304485440254,0.0825235512892249,0.12070070116975709,0.08447575287343949
2162,0.07454898208379745,0.0803526709366315,0.11763225852580046,0.08332305517829167
2163,0.0653739795088768,0.08393541529522111,0.1254522481853882,0.08186345393103064
2164,0.0596231073141098,0.08658762736077798,0.12093800102240447,0.0847105900601704
2165,0.03936696797609329,0.09006874247222374,0.12564485360926003,0.0873067201616982
2166,0.0388585589826107,0.09127142854297426,0.12550521392947947,0.0879578884429982
2167,0.022154074162244797,0.0827069594922558,0.12067394678177408,0.08034816341257983
2168,0.04076307639479637,0.08019311732157054,0.11801060192922562,0.07949035948185572
2169,0.06719297915697098,0.0836428019185509,0.1260453114472851,0.08073309026230045
2170,0.08171746134757996,0.0874520900859498,0.12199439945812594,0.08032478538157019
2171,0.0714976117014885,0.08985918519473779,0.1255197262708605,0.08266845429980459
2172,0.06528650969266891,0.09047096141224618,0.12448393157735425,0.08268318433520228
2173,0.08243262767791748,0.08177992642954256,0.11930981392033492,0.08343063261568535
2174,0.06987429410219193,0.0799345722418403,0.1157874572801168,0.0835138509430413
2175,0.06254428625106812,0.08122998232491631,0.12369047067817944,0.08278238298946629
2176,0.06588621437549591,0.08425074665085565,0.12028792085089055,0.08461090735078484
2177,0.05382779240608215,0.08611528477815635,0.12297787104111042,0.0871433951434432
2178,0.06325266510248184,0.08801350208093693,0.12358459248694845,0.08728109071999994
2179,0.060763098299503326,0.08124365081284876,0.12071155761580016,0.08559912477438103
2180,0.0668010488152504,0.07939458972331127,0.11520464491641494,0.0812425469464797
2181,0.07677289843559265,0.08093289697950734,0.12280224331705684,0.07897602398730817
2182,0.06751243770122528,0.08414708568021077,0.11786518572289519,0.07565413984733299
2183,0.06438422203063965,0.08531258753906054,0.11912510824761956,0.07758606225444208
2184,0.058943841606378555,0.08648006649443084,0.12121400877919805,0.08095263353318222
2185,0.05589921772480011,0.0801288655762463,0.11900701288921701,0.08264241183770037
2186,0.06693863123655319,0.07795586280420333,0.11475498787481678,0.08166830697750634
2187,0.06835068762302399,0.08063365945166795,0.12275123985619531,0.08068986176096488
2188,0.06583911925554276,0.08351646166963257,0.11740542557122158,0.08190192663537267
2189,0.049759071320295334,0.0850899444556157,0.12048520347903656,0.08526891338098724
2190,0.050157222896814346,0.08598182160792377,0.12026957057085075,0.08502911252758444
2191,0.02920731157064438,0.07914835295881571,0.11746144297123638,0.07917675201366746
2192,0.05010548233985901,0.0774598849900125,0.11357830047088967,0.0778573821080602
2193,0.07977201044559479,0.0797243727995053,0.12134166205533367,0.07857462389747912
2194,0.09420803934335709,0.08305456938058396,0.11802613285472155,0.07868573077606783
2195,0.07685160636901855,0.0853251057038093,0.1216513808914048,0.08018971904746129
2196,0.07519550621509552,0.08623700168946645,0.12326659344394143,0.08051630342413951
2197,0.08462401479482651,0.07954369054340524,0.11756303801198996,0.08020752796377849
2198,0.09508693963289261,0.07586038870258026,0.11078561636426802,0.07927252477726023
2199,0.07726042717695236,0.0769719752888331,0.11620756346289633,0.07839798569154545
2200,0.08074094355106354,0.08028378166378024,0.1131662431941734,0.07904257815576511
2201,0.09389936178922653,0.08251322411030794,0.11829596100828327,0.08275180073898443
2202,0.1079118475317955,0.08432075072434149,0.11958181167966543,0.08546233929620338
2203,0.06486620754003525,0.07851673769186418,0.11686611630599067,0.08058123527013793
2204,0.0704166516661644,0.0757132118264619,0.11151891075032294,0.07617061191996051
2205,0.07908625155687332,0.07779985428615492,0.11851875164085236,0.07692850046405347
2206,0.09022407978773117,0.0818173270671333,0.1156658280061321,0.07612227776787628
2207,0.08999985456466675,0.08443598662277495,0.12049390510135809,0.07809398651060478
2208,0.07965041697025299,0.08529099875731133,0.11996192294829479,0.08034018576409342
2209,0.07170924544334412,0.07956777560924354,0.1156342969503596,0.0809378558966062
2210,0.0721566379070282,0.0767347817673273,0.11048551787907684,0.08021216656332326
2211,0.062335286289453506,0.07816407349618792,0.11663674139080377,0.07844987300227918
2212,0.06785490363836288,0.08179095352892861,0.11440176583779436,0.08054884927997792
2213,0.06287673860788345,0.08451812808315437,0.11955017905333011,0.08461832503502903
2214,0.06790132820606232,0.08680834663631486,0.1215365652300386,0.08666040186573354
2215,0.036726318299770355,0.08096685269765416,0.1165338878467335,0.08098827355709003
2216,0.05424341931939125,0.07742304295443488,0.11136026956565188,0.07788057558874789
2217,0.08713001757860184,0.07922680659283281,0.11847919446224986,0.07773711665886932
2218,0.09776169806718826,0.08200872782826378,0.11492879090939191,0.07649243577238568
2219,0.08628714829683304,0.08486070923912305,0.11961434386490287,0.08019887448745895
2220,0.07532909512519836,0.08694514511296074,0.12122437461364469,0.08112243098446625
2221,0.09779758751392365,0.08149690695453447,0.11662735501171474,0.08242417408904402
2222,0.11618830263614655,0.07755167440835878,0.1116504511338317,0.08236437892672112
2223,0.09067469090223312,0.07982230853898387,0.1190554219436625,0.08055856298306462
2224,0.09131482988595963,0.08277128432059418,0.11601691759443694,0.08098996039281463
2225,0.10043428093194962,0.08627650327796114,0.11995965029030037,0.08397084823622523
2226,0.10449220985174179,0.08682502913540166,0.12047035407394367,0.08659626103957062
2227,0.06083929166197777,0.08183296051749488,0.1176355083744585,0.08170740702542262
2228,0.07144805788993835,0.07863621090627776,0.11281079343593575,0.07864523063627377
2229,0.08147367089986801,0.08043763287779683,0.1192383600370773,0.07721569893012731
2230,0.08582093566656113,0.08361441569321018,0.11645820522331679,0.07700661508750349
2231,0.08565831929445267,0.08735381700016598,0.12116757820075588,0.08106986578730689
2232,0.07392372190952301,0.0881721073007462,0.12201232654532693,0.08288102199392912
2233,0.07398863136768341,0.08189244473895713,0.11662265100185015,0.08291204618386412
2234,0.08987364917993546,0.07907411876778601,0.11335637965006441,0.08300116857964251
2235,0.0683252289891243,0.08137671739197691,0.11865358404451336,0.08112339832782468
2236,0.06931163370609283,0.08470181851284496,0.11707976214479218,0.0830230385902494
2237,0.05501984432339668,0.08813527788350851,0.12186825212776885,0.08666799820184672
2238,0.06921014189720154,0.08909548572622383,0.12280999135512195,0.08983546175265757
2239,0.04757652059197426,0.08228432750928111,0.11847778627560503,0.08408928716726834
2240,0.07344412058591843,0.0802425422436336,0.11626267767329926,0.08184496279408578
2241,0.09584729373455048,0.08223431144236745,0.12294986883505064,0.08108955298529902
2242,0.10214727371931076,0.08447784500281914,0.11808691490721991,0.07936209167145043
2243,0.08612573146820068,0.08818378615941724,0.12267014267159175,0.08163503356168532
2244,0.07539868354797363,0.08913811696852245,0.12386109111854422,0.08471141471397409
2245,0.09861820191144943,0.08260078647134755,0.11795388059594353,0.08493016271456523
2246,0.11430284380912781,0.08039140649802609,0.11356542027645443,0.08383209411839837
2247,0.0765569657087326,0.08196962833022323,0.11976111357606524,0.08163479959504279
2248,0.08008573204278946,0.08498574793186303,0.11643218767119844,0.08245751105471372
2249,0.09063427150249481,0.0883673654193965,0.12051336757245346,0.08515757008064627
2250,0.09481652826070786,0.08907662252373606,0.12216587667300444,0.08837242480709108
2251,0.07034910470247269,0.08339816902704612,0.11880403606011208,0.08304731764043485
2252,0.09616772830486298,0.08060199970927782,0.11460441360384163,0.07955050220670923
2253,0.09363646805286407,0.08214110266717226,0.12126460969820642,0.07927602042125038
2254,0.08941650390625,0.08523002859088918,0.11842389113886519,0.07880469655481631
2255,0.0813884437084198,0.0888007437430392,0.12183513434431337,0.08115851026057212
2256,0.07046247273683548,0.08918328290563889,0.12224420843133946,0.08416188964107787
2257,0.08188842982053757,0.08337838075587706,0.11792654434185765,0.08589255707684075
2258,0.09094872325658798,0.08056528321182961,0.11492618505088353,0.08393323951683786
2259,0.06525471061468124,0.08295966735826853,0.12143483280093582,0.08263046810945228
2260,0.06336650252342224,0.08552795869384716,0.11968447097864778,0.08441825840565413
2261,0.048434291034936905,0.08897920908833394,0.12259128391891107,0.08505819352105341
2262,0.05759217590093613,0.09062593653468376,0.12396832481330797,0.08894259015484286
2263,0.04293220490217209,0.08387606704156521,0.11869183221015035,0.08434776563362592
2264,0.06861541420221329,0.0807181648116329,0.11419549328651568,0.07953084615585869
2265,0.08555229008197784,0.08287426933061645,0.12112061889744337,0.07988870713652148
2266,0.08415386080741882,0.08535061333984141,0.1187480560104237,0.07809408727563603
2267,0.07754680514335632,0.08891789712997929,0.12138816900336731,0.07987214987070312
2268,0.06673667579889297,0.08995718495168713,0.1232033808871697,0.0831329129179015
2269,0.10160736739635468,0.08326824010202642,0.11709661040709461,0.08424637391131244
2270,0.11124952882528305,0.08072625608085572,0.1135109753384254,0.08371724331205817
2271,0.07536754012107849,0.08281961113158608,0.12045711031536993,0.08194760110354044
2272,0.07315902411937714,0.08588231475853304,0.11905215262446837,0.08305914116395893
2273,0.07923295348882675,0.08898028819619436,0.12155508471435382,0.08400859429570894
2274,0.07894513756036758,0.08996554869523483,0.12199946343866289,0.0880260326054446
2275,0.05780785530805588,0.0827532954715334,0.117904439968949,0.08194833861824845
2276,0.07781284302473068,0.08061755382381383,0.114163520602458,0.07874643163681433
2277,0.08111773431301117,0.08247625401705085,0.12125214883178477,0.07802530457450815
2278,0.0798308253288269,0.08565237628672163,0.11930123255670466,0.07756558397101929
2279,0.07760095596313477,0.08903031283852414,0.1226766603370118,0.08023745305550355
2280,0.06512585282325745,0.08997340897879169,0.12355405660015889,0.08356542057026577
2281,0.0747600719332695,0.08339080765702661,0.1177288582085906,0.08530636628848282
2282,0.08608948439359665,0.08107534515366127,0.11501042400061268,0.08399313998173906
2283,0.06119943782687187,0.08321016281497363,0.12127148823438073,0.08221442758882277
2284,0.06040600314736366,0.08596506529611375,0.11947728266267471,0.0844106027461911
2285,0.052670788019895554,0.0892490094792226,0.12242617931717709,0.08466331394318492
2286,0.05500341206789017,0.09057112070398911,0.12299046710781508,0.08786929213973266
2287,0.04235726594924927,0.08381252769712601,0.11765272538716802,0.08246678014950952
2288,0.06662600487470627,0.08201433517640083,0.1141228671173956,0.07916947737488494
2289,0.07979576289653778,0.0833124474527939,0.12147794063977119,0.08022182254316519
2290,0.08094633370637894,0.08641305298394542,0.11998845426402545,0.07823826765777037
2291,0.0805816799402237,0.08926473950590781,0.12173500395755545,0.08042064358021621
2292,0.07234875857830048,0.09075083601102577,0.12348656470748177,0.08280722267279268
2293,0.11426558345556259,0.08418608846366803,0.11732231894273588,0.08473803551532973
2294,0.12007216364145279,0.0819985870045269,0.11449122965205705,0.08435767719285735
2295,0.08455237001180649,0.08350527616911359,0.12066855779152809,0.08183259220304924
2296,0.07811110466718674,0.08665541485837841,0.11905858542023372,0.08378982354098298
2297,0.08950454741716385,0.08966516900820479,0.12200629926244573,0.08453322645140525
2298,0.09879396110773087,0.09046824198841176,0.12234343206710084,0.0879322455270878
2299,0.06269966810941696,0.08362582583186912,0.11870852103080959,0.08176036049510137
2300,0.07514171302318573,0.08189849168993578,0.1151149587831771,0.07905440752525825
2301,0.07549623399972916,0.08346558618514383,0.12191574629394357,0.07983025585405872
2302,0.07298166304826736,0.08697365524447752,0.11947292614676482,0.07948561011152099
2303,0.07427041232585907,0.08951590990406698,0.1221094775358227,0.0812966586448464
2304,0.06553203612565994,0.09043762071782656,0.12278040155770373,0.0838874663782424
2305,0.07835012674331665,0.08317024029187038,0.11732490327728845,0.08530013284273298
2306,0.09754187613725662,0.08180783940266809,0.11553357352045887,0.08508639572120633
2307,0.0727158710360527,0.08274869206296182,0.12180024708505856,0.08220133190885798
2308,0.06895193457603455,0.0870113803550918,0.11903404584166921,0.0841769293022143
2309,0.05538170784711838,0.08915296761961417,0.1223450681349265,0.08589491948648936
2310,0.054781291633844376,0.09057742373161524,0.12288062457206181,0.08853243060412361
2311,0.04116607829928398,0.08391920389409914,0.1184759271562903,0.08370030347276917
2312,0.05722328647971153,0.08262877702215884,0.11475444311768374,0.07973140519557598
2313,0.06780511140823364,0.08316025030889654,0.12228216909389401,0.08099334422248698
2314,0.07503078877925873,0.087614716823361,0.12008932851078674,0.07917984752993859
2315,0.07140805572271347,0.0894740036440078,0.12381387304090447,0.0807674158638654
2316,0.07288560271263123,0.09073718078194759,0.12471178808806532,0.08318105683162368
2317,0.09436221420764923,0.0845586033071926,0.11865385755894581,0.0844068294337235
2318,0.10180141776800156,0.0826798332693227,0.1153612752620179,0.08504673355777372
2319,0.06911312788724899,0.08356854039862499,0.12193780143390268,0.08279547654868766
2320,0.06271643936634064,0.08771864304086387,0.11937800552423194,0.08384985619155907
2321,0.06961249560117722,0.08960101261275434,0.12420112838878837,0.0859237911790587
2322,0.0675385594367981,0.09045623427461887,0.12299721557006636,0.08832990378613349
2323,0.04598907008767128,0.08366367786782909,0.11899177467435167,0.08257436993640789
2324,0.05356466770172119,0.08200075707796163,0.11516172018919578,0.07966129791974332
2325,0.0556933656334877,0.08337151099704712,0.12267792210366828,0.07964492062294631
2326,0.056636035442352295,0.08755910332002616,0.11988678491663575,0.07912415658849951
2327,0.05729032680392265,0.0896358260843154,0.12464830004635243,0.08137498029049071
2328,0.06016681343317032,0.09044819055176599,0.12425661462926586,0.08385259585651737
2329,0.05567748472094536,0.0836241504605295,0.11806878616688316,0.08506218775939121
2330,0.0646309182047844,0.08219533834313207,0.11555585797815393,0.08552727466524658
2331,0.054118044674396515,0.0833821348503666,0.12361721448297427,0.0826413967293753
2332,0.0630364790558815,0.08778077998861769,0.12071209788055942,0.08441014593191155
2333,0.04785922169685364,0.09007105672296412,0.12566692560942216,0.08670656964291484
2334,0.056652605533599854,0.09147116360440033,0.12556637235097415,0.08932837726205645
2335,0.04527023062109947,0.08491719100913327,0.11969567300060137,0.08425919202166886
2336,0.05220037326216698,0.08315113087685667,0.11583813234611967,0.08039387101684736
2337,0.06810580939054489,0.0833341858728434,0.12339774010196133,0.0816168133923323
2338,0.06576897948980331,0.08755784570838136,0.12071866221464424,0.08003429275423929
2339,0.05773712322115898,0.08965698635043866,0.12544243041495795,0.08109613954946342
2340,0.05730924382805824,0.09214761369428218,0.12660756202072856,0.0836706939772493
2341,0.07318543642759323,0.08485164034933158,0.1190940039817945,0.08526644071384938
2342,0.07485159486532211,0.08303882620668929,0.11647707453787647,0.08599943066294867
2343,0.05034366622567177,0.08253331381099241,0.12360902282334124,0.0832317805574781
2344,0.04735982045531273,0.08496343560565846,0.12116062868364236,0.08590682538985622
2345,0.05069425702095032,0.08699144105327035,0.12496090811259863,0.08758371328471494
2346,0.060350652784109116,0.08950289259213738,0.12566673370729886,0.08951961172114725
2347,0.050489336252212524,0.08312898476626517,0.12083799235871777,0.08604921693763683
2348,0.055599842220544815,0.0819924158310098,0.11663357244474902,0.08119212703273924
2349,0.07334794104099274,0.08159321186207175,0.12282832872533267,0.07867153728991833
2350,0.07232212275266647,0.0838135858474211,0.1200010209457289,0.07583110597961261
2351,0.06420310586690903,0.0850740916888786,0.1228299635768534,0.07856581964220513
2352,0.06998920440673828,0.08737515236586305,0.12303223404532072,0.08296776648792115
2353,0.058892443776130676,0.08111449925532242,0.11722663253345235,0.08433095005993407
2354,0.06369594484567642,0.08022252918449065,0.11377112675928674,0.08428856986374855
2355,0.05030279979109764,0.08092759198760695,0.12120431155306864,0.0815354454214874
2356,0.060154519975185394,0.08375672867364915,0.11890082704346398,0.08436963875070028
2357,0.0541803352534771,0.08582996231673824,0.12302994175526769,0.08732438852215309
2358,0.057868219912052155,0.08793138007666355,0.1218057844509262,0.08738802326005833
2359,0.052288975566625595,0.08046678714888592,0.1157956784198661,0.08143491853385372
2360,0.04624200984835625,0.07899336678638184,0.11134993971633861,0.07658520457827403
2361,0.06885484606027603,0.07993681372355275,0.12062952766581127,0.08011106767510652
2362,0.07889895886182785,0.08305367144203124,0.11857861993139501,0.08041262999236444
2363,0.08297707885503769,0.08429378470950039,0.12201991422858742,0.08162768106319586
2364,0.07309004664421082,0.08630155460497964,0.12251608599643235,0.08333956764870032
2365,0.08735081553459167,0.07874998074158497,0.11534450028466842,0.08335062045293484
2366,0.0764872282743454,0.076103078794486,0.10868387363570962,0.07989499135252488
2367,0.06789347529411316,0.07649038503483664,0.11712302370680185,0.08164087834964419
2368,0.04431518167257309,0.07813216949573638,0.11597843852628409,0.08365364879863532
2369,0.0556674599647522,0.07945269981184301,0.12073242363683806,0.08545245081537044
2370,0.06502151489257812,0.08204333716963329,0.12190569744696687,0.08656876936551178
2371,0.056842122226953506,0.07589863606313027,0.11462043820754152,0.08070623727383609
2372,0.0673333927989006,0.07470626462952995,0.10826887657174017,0.07601501270542863
2373,0.08103872835636139,0.07556169372840336,0.11602969779403237,0.07478344718829617
2374,0.07126207649707794,0.07832407112367307,0.11662469873628116,0.07296519827290271
2375,0.061892569065093994,0.0805289964552779,0.1216632909007591,0.07627512779197579
2376,0.06322188675403595,0.08277099236435123,0.12122465345790695,0.07986596846889044
2377,0.05448274314403534,0.07705915749904467,0.11370698947383823,0.07987595543933311
2378,0.055977653712034225,0.07581854620231093,0.1092265654426638,0.07933971747722245
2379,0.046212345361709595,0.0761941494652009,0.11608098304932014,0.08000640014313064
2380,0.054306935518980026,0.07808567872675787,0.11576250973818442,0.08187153826971785
2381,0.05806276947259903,0.08012707993419368,0.12091349158697615,0.0855567473878032
2382,0.058863911777734756,0.08295839164155792,0.1211856348693087,0.08615855732588197
2383,0.04784799739718437,0.07750513113803238,0.11361881431918207,0.07945313194042375
2384,0.05204114690423012,0.07584551138348455,0.10831993596610522,0.074643746380409
2385,0.06849580258131027,0.07628968757298614,0.11684941461251087,0.07646579317719994
2386,0.07429821044206619,0.07812219304378637,0.11710650028678944,0.07695026672841904
2387,0.06268761307001114,0.07993186043515298,0.12170776949824919,0.07858839671636678
2388,0.0684158056974411,0.08312960636344525,0.12272581684860824,0.08088460038493644
2389,0.08977172523736954,0.07723887257536308,0.11509276613640113,0.0812947990635531
2390,0.07567791640758514,0.07570883347060736,0.10935100892312434,0.0801878859364185
2391,0.048511479049921036,0.07551209366802682,0.11580613592136983,0.08044961488353487
2392,0.041586983948946,0.0765304285751239,0.1156699325566096,0.0823160741070951
2393,0.0593019463121891,0.07912509533590831,0.12178518130086619,0.08734276691575679
2394,0.07747973501682281,0.08208160774493733,0.12352038196322081,0.08712687073376975
2395,0.06539005041122437,0.0767026343623811,0.11696096606147485,0.08234860295598727
2396,0.06963364779949188,0.07538613082397659,0.11011079018312535,0.07701770275339938
2397,0.07135862112045288,0.0747057792249372,0.11664574469684479,0.07612414176276747
2398,0.06240898743271828,0.0746824545521934,0.11496916575063838,0.07310982091100598
2399,0.058314766734838486,0.07699299990687695,0.1195232786236501,0.07658660434364534
2400,0.06593071669340134,0.07980024567959822,0.119477732884053,0.07987221780876261
2401,0.05927315354347229,0.07377647149696921,0.11064326569401951,0.07881597232825763
2402,0.05863410234451294,0.07244045843649925,0.105877740343153,0.07938706852141936
2403,0.04114197567105293,0.07230512449965863,0.11170402340982116,0.07848161166875087
2404,0.051351599395275116,0.07335039350058305,0.11037669609657068,0.08005974451718895
2405,0.06478651612997055,0.076019176179954,0.11615517384063737,0.08331130045179182
2406,0.07213665544986725,0.07883010341877797,0.1159596034712498,0.08358375913882174
2407,0.05881247669458389,0.07235813448757465,0.10785529393652603,0.07593436572759643
2408,0.05349951982498169,0.07133646408034588,0.10276901455659856,0.07203665574191492
2409,0.055429607629776,0.07151662622635534,0.11123768426827835,0.07333389289365701
2410,0.05976059287786484,0.07320712738811953,0.110590055860319,0.07546113339515526
2411,0.05181095749139786,0.07616483490933167,0.11719997882579207,0.07793986109503863
2412,0.07011474668979645,0.07829119655495198,0.11781500253253609,0.08035015762633324
2413,0.04834454879164696,0.07027329575469911,0.10814793643337707,0.07970692075684194
2414,0.0598771907389164,0.06854288427783738,0.10264293599251975,0.07694172863197328
2415,0.043256986886262894,0.06859097748240418,0.10902944339156448,0.07657641152242302
2416,0.05472069978713989,0.06947712859102019,0.1080408780026117,0.07829091407541754
2417,0.0649997666478157,0.07323146730292247,0.11454759119089451,0.08118639025302882
2418,0.07074286043643951,0.07557764552884004,0.11503875703556873,0.08120209862166504
2419,0.085714191198349,0.06939379693829768,0.10766158766567599,0.07643127641392117
2420,0.07371537387371063,0.06874087744321723,0.10190870814493627,0.07209872556378057
2421,0.06626357138156891,0.06896221897359117,0.10720088848793942,0.0701210342176298
2422,0.046446725726127625,0.06974531190772346,0.10683968452876626,0.06820201118933697
2423,0.04935123771429062,0.07429800440545017,0.11497842716231124,0.07383210758597815
2424,0.05292554199695587,0.07698040644833654,0.1145388931982187,0.07575530649398562
2425,0.06300758570432663,0.07069935995443513,0.10683042716454844,0.07626557344471387
2426,0.06542465090751648,0.06954729638869857,0.10125745801157847,0.07566778498839567
2427,0.04589733108878136,0.0693459215926693,0.10599039064638459,0.0745778423948677
2428,0.044312216341495514,0.06969512792505496,0.10540360429662345,0.07581001895828217
2429,0.04913855716586113,0.07467445643845055,0.11336165308269046,0.08104755477993132
2430,0.05033129081130028,0.07640163826632208,0.11343749868841078,0.07936022214560311
2431,0.03779682517051697,0.07083773162125978,0.10628053164908978,0.07300299742376166
2432,0.045240968465805054,0.06912698282242996,0.10017644408776741,0.06887624476396112
2433,0.05211076885461807,0.06933065812968825,0.10781678479878497,0.07203686844101143
2434,0.04671100899577141,0.06961826951324075,0.10675499553211053,0.07146184556668021
2435,0.031453102827072144,0.07409000162836842,0.11381333230244538,0.07567086988227491
2436,0.03830728679895401,0.07621642319596968,0.11328147149593523,0.07531049405478296
2437,0.034727584570646286,0.07013992321913277,0.1070704883387792,0.07752678447920476
2438,0.037247635424137115,0.0694469556411979,0.10156281005874003,0.07699106351887754
2439,0.048696454614400864,0.06886703243808218,0.10804865185780549,0.07613478108352402
2440,0.034207116812467575,0.06909621860003391,0.10700798352228497,0.0788989750674421
2441,0.060268107801675797,0.07323989619648091,0.11497115009955557,0.08133124761031806
2442,0.10034582018852234,0.07489430082571673,0.11499865619131967,0.08033031987878934
2443,0.09570476412773132,0.06986733389364065,0.10920003139231976,0.07703797618916264
2444,0.10000141710042953,0.06845924224127922,0.10087552404434653,0.07128096146420036
2445,0.0716768354177475,0.06795466102566308,0.10578802578491088,0.0695411380007132
2446,0.03549698740243912,0.06953417065199799,0.10547266907136194,0.06669222118988416
2447,0.03891400620341301,0.07246224143926548,0.1110303011356648,0.07019317023577895
2448,0.05403795838356018,0.07559196192086155,0.11152403978493307,0.07297021047144936
2449,0.06620447337627411,0.06914735418324021,0.10297149474215271,0.07341165975701476
2450,0.07063887268304825,0.06746943133076445,0.09646310239800253,0.07361578850078368
2451,0.06128194183111191,0.06781363174947103,0.104283583776331,0.07453918419119061
2452,0.04560879245400429,0.06860896310514351,0.10373036383226074,0.07462232885828547
2453,0.054553594440221786,0.07328331856554132,0.11194946956503302,0.07776866188916037
2454,0.05750322341918945,0.07567533385927255,0.11273874622995105,0.07677774408054677
2455,0.03443380817770958,0.07016561714533966,0.10359461187608131,0.07100024997044908
2456,0.04213308170437813,0.06780121392025713,0.09637003098450085,0.06694256892856919
2457,0.052817203104496,0.06809205248427085,0.10574753399128962,0.06960055488326154
2458,0.04376722127199173,0.06840347218285402,0.10600921061530238,0.06864227299023383
2459,0.033329982310533524,0.07299817951922032,0.11307261331640467,0.07281507224871973
2460,0.03571026027202606,0.07585537763735815,0.11292619504061507,0.07365414116902053
2461,0.03992477431893349,0.06991250582176764,0.10396944860706701,0.07387385254403336
2462,0.05116977542638779,0.06747457213185454,0.09720256841735703,0.0749383590273693
2463,0.05586877465248108,0.06800195583543873,0.10606000812411032,0.07376811506616575
2464,0.058480218052864075,0.06854527286265553,0.10655300032807907,0.07509518042194961
2465,0.0722789466381073,0.07333629384445733,0.1131037317379675,0.07801406456372675
2466,0.12340079247951508,0.07641268360181024,0.11275349959584101,0.07874653265131247
2467,0.09784076362848282,0.06976924019693631,0.10506087117558739,0.0733683481517683
2468,0.07864096760749817,0.06740184081258288,0.09744631794316026,0.06829920981648076
2469,0.0618223138153553,0.06848753958443274,0.10721958820550472,0.06907606569507198
2470,0.05033566802740097,0.06885513312186707,0.10764894401697145,0.06795990121700736
2471,0.05517273396253586,0.07496885419657509,0.1150184527758427,0.0727514873345144
2472,0.06630471348762512,0.07730365321616522,0.11341730463090255,0.0740091851374122
2473,0.08043119311332703,0.071364920686877,0.10470394540275771,0.07262522664727254
2474,0.09008174389600754,0.06858671981808721,0.09754164659828847,0.07397568222724947
2475,0.08149658888578415,0.06889944407145626,0.10527667658957834,0.07420843965979808
2476,0.054118189960718155,0.06984878581037107,0.10659912077503603,0.07517213304861649
2477,0.06437598913908005,0.07528097357058017,0.1152795775155115,0.07916679170692403
2478,0.062438830733299255,0.07811474469677061,0.11379772830214833,0.07728674925264424
2479,0.03384238854050636,0.07232501984282536,0.1051143907219107,0.07194818152179588
2480,0.0403335876762867,0.06887308289739698,0.09557941157385942,0.06699554003920095
2481,0.051441680639982224,0.06814639515614186,0.10635422662446951,0.06928880671328322
2482,0.046129260212183,0.06916550564032352,0.10809119205556779,0.07013804396921669
2483,0.035161230713129044,0.07558008318741888,0.11644807649116311,0.07416525284208228
2484,0.037567898631095886,0.0762096738394647,0.11306984956857705,0.07349548410048315
2485,0.03745458275079727,0.07208585903938643,0.10646245310463415,0.07508278951684931
2486,0.0487651601433754,0.06820571599639857,0.09722130966653371,0.07516211804668606
2487,0.10458626598119736,0.06831983716061599,0.10633609591069583,0.07618753001879032
2488,0.11248064041137695,0.06928346064746575,0.10868503512746858,0.0770426033387826
2489,0.08015329390764236,0.07544226101515754,0.11707475154078345,0.07999204163225723
2490,0.09433434903621674,0.07653495149220423,0.11270111802938935,0.07832673553293472
2491,0.11340045928955078,0.07161197851926716,0.10603845114602374,0.07534863170994201
2492,0.11828935146331787,0.06828417399039521,0.09778650052551545,0.07112735818692466
2493,0.10187391191720963,0.06857446837373193,0.10696977300745986,0.07104230839485651
2494,0.06779421865940094,0.07047771660727453,0.11192387353594145,0.07056069034651924
2495,0.06982588022947311,0.07786850673023137,0.12024122634459089,0.07395016170995684
2496,0.08000799268484116,0.07954282376209278,0.1176201466433302,0.0753675808646987
2497,0.10807238519191742,0.0736178471721713,0.10752414233114135,0.07453823826197215
2498,0.1187497079372406,0.07129853673655037,0.09859183419561159,0.07458096310996618
2499,0.10336408019065857,0.07119528168865376,0.1047685699344487,0.07623908126994218
2500,0.0809302031993866,0.071616692253956,0.10978572582231526,0.07640686096506057
2501,0.09702318161725998,0.07890499006393775,0.11953643676956928,0.08272749303990877
2502,0.07662486284971237,0.07983358246988924,0.11637636767875961,0.08007802710832625
2503,0.049557868391275406,0.07398396191514617,0.10770017976355092,0.07524226397026773
2504,0.0727306455373764,0.07166901396922913,0.0987729255093571,0.07262588568914573
2505,0.09822627902030945,0.07092382870315066,0.10690992253483125,0.07250393402280697
2506,0.08574454486370087,0.07135629058846087,0.11108410958223015,0.07233604128436538
2507,0.055291831493377686,0.07877505883685418,0.12007420514113401,0.076078187565767
2508,0.05069366469979286,0.07991595410268104,0.1176344381178314,0.0751615943316664
2509,0.05085744336247444,0.0745259904801883,0.10857236560975263,0.0769261515508758
2510,0.06058802083134651,0.07256624075835148,0.10045944668486723,0.07726320131770546
2511,0.11497287452220917,0.07181875962693,0.10870789803562969,0.07936908630862609
2512,0.15686245262622833,0.0721316269790286,0.11396138449522314,0.08086452710233455
2513,0.15609845519065857,0.07905313083033641,0.12256328104870061,0.08216887950004458
2514,0.13610070943832397,0.08046707545397506,0.11971741229151403,0.08258694088775219
2515,0.18188147246837616,0.0751801948686638,0.1122725129362402,0.07867581966832365
2516,0.21787452697753906,0.07255308493176149,0.101591987205996,0.0756337315049545
2517,0.18676425516605377,0.07221807325965514,0.10881527316536349,0.07229329026661158
2518,0.092275470495224,0.07217018103478955,0.11379864552385585,0.07154004853070099
2519,0.08613217622041702,0.07993569797723792,0.12241309379663011,0.07525987425536586
2520,0.0922904908657074,0.08082534206316903,0.11946266813510692,0.07534656884759988
2521,0.1226491928100586,0.07535327821142071,0.10954360051892062,0.07589921869999562
2522,0.13402965664863586,0.07302922267795542,0.09989607611482353,0.07525433175641669
2523,0.126637265086174,0.07227484684594611,0.10545170231263654,0.07714804360135956
2524,0.0977025032043457,0.07210411494753183,0.11044374961900588,0.07708842285087346
2525,0.11130653321743011,0.07979199592076121,0.1213178489017277,0.08258822076264788
2526,0.08517022430896759,0.08057011276581974,0.11702162672498106,0.08007181085683789
2527,0.06392060220241547,0.07457571228803712,0.10867741948578562,0.07691089150300057
2528,0.08498028665781021,0.07292741611882425,0.09866295927704445,0.0740078380566985
2529,0.1150532215833664,0.07215255665856236,0.1070963700451592,0.07325049436281374
2530,0.09748119860887527,0.07067157733979816,0.11068636314083834,0.0731740022549921
2531,0.06896656006574631,0.07939086472756081,0.12179446430206976,0.07700973611227409
2532,0.04523038491606712,0.08078818151831563,0.1187090435544652,0.07568401711008305
2533,0.054077308624982834,0.07606440092555622,0.11127258348696492,0.07766333021701977
2534,0.08051356673240662,0.0744204691538943,0.10123714882597995,0.07768701946903417
2535,0.14388690888881683,0.07337138550744199,0.11026229716317189,0.07777060182172656
2536,0.18322978913784027,0.07172436981069369,0.11388228736312582,0.07964845685746849
2537,0.16850732266902924,0.08105178574100713,0.12301855405115009,0.08236977294748073
2538,0.14881424605846405,0.08318593785562706,0.11976668635149065,0.08203975916181847
2539,0.16312386095523834,0.07859169930325115,0.11394285128348174,0.0808350210570186
2540,0.18934492766857147,0.0761769526897169,0.10349224349576293,0.07872579511486687
2541,0.17219166457653046,0.07504696010496806,0.11150859680843238,0.07507529264034268
2542,0.13145974278450012,0.0735090849399097,0.11672898049002453,0.07459756572075425
2543,0.12176931649446487,0.08318833534457218,0.12664413685341175,0.07810795554141901
2544,0.11016502231359482,0.08338630580720076,0.12277598254861308,0.07692583211978533
2545,0.13230860233306885,0.07845850624266486,0.11421892105192964,0.07863012166597243
2546,0.1569567620754242,0.07684126651505309,0.10453883989074592,0.07851215990990458
2547,0.1378265917301178,0.07600876815199141,0.1097705813155891,0.0789395099211175
2548,0.10417158156633377,0.0736067930293259,0.11524309483437468,0.07892986949745491
2549,0.11637795716524124,0.08278609403289443,0.12640884248550296,0.08408463631939597
2550,0.101064532995224,0.08224498551476406,0.12076961585886452,0.08051013714890622
2551,0.06544992327690125,0.07715663994847498,0.11283531354928461,0.07913907240167362
2552,0.09151792526245117,0.07579841887320356,0.10306505868481217,0.07667098089724214
2553,0.1296219378709793,0.07491230990019017,0.10911455815716381,0.07526441949739864
2554,0.11385982483625412,0.07204944720035962,0.1149935736262354,0.07630935243714775
2555,0.09914105385541916,0.0815118403562185,0.125719054628309,0.07716195175611626
2556,0.06328219920396805,0.08158851152895073,0.12000570460889821,0.07644494888726966
2557,0.06035342812538147,0.07677294501856707,0.11179732893260184,0.07988701548126807
2558,0.09422539919614792,0.07411802283645533,0.1017753748229909,0.07768816177800987
2559,0.12784741818904877,0.07306763947295804,0.10672365165105163,0.07852093360687289
2560,0.1388876885175705,0.07202678400399817,0.1149629913116303,0.07836633501147108
2561,0.12468352168798447,0.08098157167119498,0.1239152969557617,0.08171922308714273
2562,0.13037541508674622,0.0807931635281084,0.11841112600658626,0.08020614857866427
2563,0.14449617266654968,0.07800792046146762,0.11325150872668073,0.08000598311763799
2564,0.1811673492193222,0.07504085602645158,0.10282364351464626,0.07708627401994153
2565,0.1649872213602066,0.07415845316877993,0.10824654171115178,0.07196938572191657
2566,0.1415012776851654,0.07233553198383168,0.11635173436028143,0.07272001487584147
2567,0.13085512816905975,0.08214686615249832,0.12629390683798575,0.07645119185888939
2568,0.11935452371835709,0.08229012791398692,0.12190150590457102,0.07610900515367364
2569,0.1374523639678955,0.07937046285057865,0.11583138596990383,0.07893175209773355
2570,0.15458761155605316,0.07697245380819896,0.10538059285554442,0.07897991308199707
2571,0.14366593956947327,0.07474675351749338,0.10876189275735125,0.079360395732398
2572,0.11881129443645477,0.07325836600910132,0.11684400252767188,0.07922420586628848
2573,0.1219082698225975,0.08359603184366149,0.12766111236367747,0.08404468001136314
2574,0.10125889629125595,0.08388127591793039,0.12327337349436855,0.08185428292395108
2575,0.07189454138278961,0.08120502959652778,0.11760805132349433,0.08200534834741041
2576,0.1039852648973465,0.07888399279855118,0.10781803827843307,0.07899440074158275
2577,0.1486930251121521,0.07559260149612905,0.11043077237293986,0.07439008391712709
2578,0.13098794221878052,0.07387831373845445,0.11783622511201798,0.07531403488932081
2579,0.09711126983165741,0.0833737340336243,0.12741171733621806,0.07769508744302739
2580,0.05898880958557129,0.08363534515416109,0.12378832661594018,0.07637476413266522
2581,0.06045806035399437,0.08202437159741513,0.11792817084648032,0.08132019002108254
2582,0.07858430594205856,0.08042587837116508,0.10969349532146809,0.08140796613864743
2583,0.13301411271095276,0.0776038835844066,0.11421578338122246,0.08107605551001296
2584,0.2019355446100235,0.07654349049808166,0.12288402917558439,0.08313879546751111
2585,0.17601360380649567,0.08569341070457677,0.13056567779604136,0.08369468334153186
2586,0.13584288954734802,0.08638899129647423,0.12565215578492037,0.08372175708682106
2587,0.15074510872364044,0.08338231584172934,0.12143330321812923,0.08474449079173335
2588,0.2219969630241394,0.0819811710475409,0.11140177449976303,0.08305002985752702
2589,0.21047143638134003,0.07917648297973806,0.1163282114000085,0.07766574338781726
2590,0.14546813070774078,0.07971160001140985,0.12542099631068948,0.079726732329599
2591,0.13176539540290833,0.08981450017548184,0.13361130520606368,0.08133244529594102
2592,0.12160281091928482,0.08990989616067938,0.12969710451052474,0.07954428131118488
2593,0.1304774135351181,0.08730918962298125,0.12311816383653004,0.08344123825614273
2594,0.15118302404880524,0.08514944544920627,0.11355571081783822,0.08375702159193275
2595,0.14394479990005493,0.08123044585893151,0.11745241255542037,0.08266397664922398
2596,0.10749916732311249,0.07918994688326608,0.12535224317952454,0.0828210868399182
2597,0.11569053679704666,0.08930693174012208,0.13368089607912761,0.08596472229460783
2598,0.0997483879327774,0.09071821052597832,0.1318084904495609,0.08432757806388902
2599,0.07771765440702438,0.08894909359652405,0.12492710564249537,0.08582425116907053
2600,0.10227736830711365,0.08813635717351084,0.11633249840355289,0.08342032749811464
2601,0.153469517827034,0.0838289467828704,0.11999343180235433,0.0805900778515334
2602,0.12247522920370102,0.08074035626203865,0.12816152257043922,0.08165567357039594
2603,0.10515375435352325,0.08956337016809433,0.13469860246529564,0.08151374770019203
2604,0.072615846991539,0.09113214617888886,0.1324105065929995,0.08075608964378685
2605,0.10476800799369812,0.09078423031660611,0.12842515728722603,0.08701870539567441
2606,0.1092773899435997,0.08962814232798388,0.11971092053257379,0.08564164998176703
2607,0.142740398645401,0.08622175052243784,0.12313610294183976,0.08572194006605166
2608,0.09806067496538162,0.08274328926473737,0.13090451260041422,0.08561784376586135
2609,0.10647241771221161,0.0910749134194052,0.1351138457588519,0.08680423016992567
2610,0.10719907283782959,0.09131682791538323,0.1316900491462338,0.08602496202683445
2611,0.09559693187475204,0.09146612695253835,0.1289325933465283,0.08732991827567783
2612,0.1224859356880188,0.08891216778796134,0.11855102505652206,0.08404285071617346
2613,0.16773800551891327,0.08670082408142216,0.1224704939871462,0.07985884371230277
2614,0.13180692493915558,0.08335201563958336,0.13084388087007204,0.07887521316296477
2615,0.11407297104597092,0.09174950905997502,0.1362620423806951,0.07981712322039515
2616,0.09561588615179062,0.09314167980685885,0.13363054182408754,0.08052005842947153
2617,0.09106351435184479,0.0918128784251239,0.12919289135598636,0.08434044987529904
2618,0.11038463562726974,0.0898520788212371,0.12066527519884315,0.08543788768334296
2619,0.10697678476572037,0.08754464554994816,0.12301384894905948,0.08531957545579803
2620,0.08244423568248749,0.08448420570678827,0.13137858436017627,0.08565718781854288
2621,0.0870397537946701,0.09237680377800919,0.13645696656316966,0.08674891374073919
2622,0.07422462105751038,0.09336602851497969,0.13324822824751603,0.08506284336838961
2623,0.05209672451019287,0.09231531430171858,0.13057036287779322,0.08673100208811256
2624,0.07189898192882538,0.09041802603407392,0.12078964202897699,0.08437918614637173
2625,0.13294079899787903,0.08737784077010191,0.12242542938373187,0.08106104091606169
2626,0.10373460501432419,0.08491135756221078,0.13046054196518525,0.08023922948344527
2627,0.08311457931995392,0.09181425101361697,0.13592925920149557,0.07907205298946339
2628,0.08553791791200638,0.09306596884033315,0.13355473187938532,0.07919577928553193
2629,0.09861432015895844,0.09147090280116442,0.12915547695146198,0.08436997285134162
2630,0.1306140273809433,0.08856874604429109,0.11932986188453149,0.08388328673235647
2631,0.10585298389196396,0.085049553299628,0.11976408849316343,0.0827049267597031
2632,0.08228012174367905,0.08225582110900255,0.12880956696379683,0.08288452536036515
2633,0.10422034561634064,0.0905740559213112,0.1337788920739077,0.08485928642328283
2634,0.1098741739988327,0.09173534820511159,0.13216650888735387,0.08378532256670765
2635,0.09042812883853912,0.09119523460692491,0.12951208270260664,0.08504246924721788
2636,0.10603079199790955,0.08893026289666274,0.11954286221732952,0.08398201696346974
2637,0.1447417438030243,0.08571383134053878,0.12010405653925851,0.07791345111192734
2638,0.11312451213598251,0.08311809692566201,0.1297621209770606,0.07858504837120123
2639,0.08432477712631226,0.09141614735735076,0.13611049117390106,0.0795338394433498
2640,0.07609789818525314,0.09273899841320853,0.13533252189555423,0.07874906389727708
2641,0.06849305331707001,0.09273869315861262,0.1328908359823959,0.08417497003059297
2642,0.08601410686969757,0.08982763974453456,0.12316492255754467,0.08551438557553573
2643,0.08948934823274612,0.08788192856877765,0.12274981648920885,0.08530724132267194
2644,0.07187647372484207,0.08372398059091984,0.1302540097316189,0.08420822875301505
2645,0.07297173887491226,0.09252645015650973,0.13748456998392034,0.0863079152490224
2646,0.06336420774459839,0.0937428224676483,0.13670180285929454,0.08438589472486445
2647,0.04478731006383896,0.09489445561981387,0.13443700971466752,0.08786470525410138
2648,0.06684086471796036,0.091935748569439,0.1245441547105892,0.08573485963466107
2649,0.12631209194660187,0.08901599718003333,0.12358833380161426,0.0803422943470076
2650,0.11241468787193298,0.08514292070571336,0.13225508608357686,0.08119107175771328
2651,0.06882418692111969,0.09333625929652806,0.13954383459672615,0.07861369878174139
2652,0.05281606316566467,0.09391927115477246,0.13819359429642858,0.07912859655913983
2653,0.04170811176300049,0.09643996062528498,0.13739810154918927,0.08604331033114779
2654,0.0410403348505497,0.09517925761799419,0.12751302829115202,0.08633032941278228
2655,0.10406231135129929,0.09451793253978123,0.1311657316618298,0.08818610343537689
2656,0.1723984181880951,0.09228287377505907,0.1405461800224002,0.08933919875501342
2657,0.1620544195175171,0.09870779189582621,0.14555658392802123,0.08954435389450084
2658,0.1250413954257965,0.09945381728420978,0.14242112805259338,0.08967787612297425
2659,0.098564513027668,0.10056263730163763,0.14138946156721396,0.09337677764413671
2660,0.12682129442691803,0.09900969896339892,0.1331717311143488,0.09265280415821381
2661,0.15793411433696747,0.09667346165876854,0.1326162042571718,0.08771396260782086
2662,0.10038349777460098,0.09555560195251221,0.1433419171115119,0.0881374296807067
2663,0.09052462130784988,0.10394659042153925,0.1494214944983468,0.08657449860634037
2664,0.10266935080289841,0.10418432307331765,0.14772472055065733,0.08397901246283529
2665,0.09085747599601746,0.10416965626313872,0.14474382935342847,0.09014311384846387
2666,0.0977882444858551,0.1011319211068289,0.13376961912459195,0.09138014955015739
2667,0.09133132547140121,0.09769978122900252,0.13276699920917626,0.0910764133764126
2668,0.06273204833269119,0.094984306317797,0.1436293002341163,0.09254398081315958
2669,0.06834136694669724,0.1036529568431089,0.15001105478724808,0.09310322684856534
2670,0.07116789370775223,0.1038107082219606,0.14772973103030018,0.08896225502547458
2671,0.06413988023996353,0.10525795197660535,0.14677054271228693,0.09250439980089796
2672,0.0971471294760704,0.10257769998705425,0.13631749768906373,0.09166273797214916
2673,0.15847629308700562,0.09937320385713838,0.13479476316085126,0.08708693564973621
2674,0.1143515557050705,0.0951144889758094,0.1431783925113637,0.08963064482038575
2675,0.07299897074699402,0.10286148761864093,0.14934794588066438,0.08534203822011509
2676,0.08197125792503357,0.10423537060044756,0.1473470209984797,0.08446076374526888
2677,0.06647177785634995,0.10698258588671251,0.14730980669101817,0.09041510336005663
2678,0.047806691378355026,0.10328472254987861,0.1382390752832774,0.0906129948826505
2679,0.11930777132511139,0.1010117759678478,0.1397201355362182,0.09341778707656938
2680,0.2172449678182602,0.09811442996945946,0.14973552457251865,0.09694897121239197
2681,0.26197195053100586,0.10595968554817857,0.15355886754242842,0.09629719884165112
2682,0.13847193121910095,0.10561396291427082,0.14764800181042298,0.09368991523837938
2683,0.11267117410898209,0.10725131334655186,0.14884309291411124,0.09762211566115576
2684,0.16253750026226044,0.10405590971496523,0.13884250926937988,0.09581935483654136
2685,0.2385331094264984,0.10106575819552424,0.13704029679025484,0.08694907475322809
2686,0.12635910511016846,0.09911224769809913,0.14700992469206958,0.08933178640917751
2687,0.11100181192159653,0.1096559076304365,0.1536563291892387,0.09040734254946514
2688,0.12470155954360962,0.10918349441559728,0.15048457461034703,0.08829898139574963
2689,0.10943713039159775,0.11025424806848964,0.15012484095313375,0.09641488281361284
2690,0.10362130403518677,0.10635639767078894,0.14085826558130668,0.09672791819035499
2691,0.10140866786241531,0.10311142707262975,0.1396171881995754,0.09672452080315698
2692,0.07242994755506516,0.10025637137637604,0.14870896122754063,0.09750960230657729
2693,0.09433966875076294,0.11044660443142869,0.15532151798748586,0.09762663910478307
2694,0.09992356598377228,0.11043944907054484,0.15226628101860584,0.09312823734169488
2695,0.10032429546117783,0.11149058096221011,0.15151527766798323,0.09786402588184197
2696,0.13690905272960663,0.10617619573621008,0.14158849481338717,0.09603169649942433
2697,0.19784484803676605,0.10206027816229866,0.13794296421943805,0.09016117927288259
2698,0.15181078016757965,0.10022155579338005,0.14802289194768103,0.09610709900769972
2699,0.09469281136989594,0.1087434855794815,0.15349008775867848,0.09088629955419675
2700,0.09179072827100754,0.10943855403035173,0.15176033895662852,0.08962128855200807
2701,0.07633589208126068,0.11037281324440054,0.1508465609445003,0.09639427348177541
2702,0.05396771430969238,0.10619085440990972,0.14104895259554226,0.09561747729301132
2703,0.14800907671451569,0.10386526341519244,0.14089795422455428,0.09785291666452213
2704,0.26371607184410095,0.10083824293147452,0.15114149973008953,0.10122979762333556
2705,0.2824556529521942,0.11068536209387676,0.15530644255770226,0.09925257050772682
2706,0.1958908885717392,0.11178156572731955,0.15213822296295762,0.0971805151979786
2707,0.16611991822719574,0.11343167763948109,0.15344420909567696,0.10241982280877085
2708,0.22417350113391876,0.10741521846409642,0.14300599295731892,0.10130457834388117
2709,0.2871873676776886,0.10504420477664347,0.14065182524856193,0.09615754958113315
2710,0.18029366433620453,0.10257367903113143,0.1498683178534926,0.09821920884417752
2711,0.14182303845882416,0.11281624131421152,0.1564330407583599,0.09574012208414366
2712,0.12640193104743958,0.11277519886976162,0.15181214826635017,0.09038674503828777
2713,0.12021055817604065,0.11486892100221535,0.15318233802494455,0.10040204781791108
2714,0.12406494468450546,0.10944279821271435,0.14382687345677297,0.10158795162760285
2715,0.12015242874622345,0.10615509005513113,0.14130085608680532,0.09902010661034387
2716,0.08556098490953445,0.10250989397007718,0.15128539413958123,0.10016372984164314
2717,0.1110122799873352,0.11296658177980991,0.15722171687241612,0.10056947973847752
2718,0.11995713412761688,0.11190334956624434,0.1528940393620606,0.09593887881628721
2719,0.13360300660133362,0.11364664740523386,0.15374010890593415,0.10195294369805703
2720,0.1867465376853943,0.10889951946791644,0.14428935683062755,0.09922268232435952
2721,0.25870633125305176,0.10478076503962233,0.14045323029878728,0.09539767964828373
2722,0.17182278633117676,0.10156242327418251,0.14942769643992032,0.0990373712931669
2723,0.11676766723394394,0.1110286356357279,0.15710545511258786,0.09418269761750374
2724,0.10537045449018478,0.11089839598097768,0.15137717780655932,0.09229318331967348
2725,0.09731224924325943,0.11373010673876015,0.15239477808742166,0.09874153469735299
2726,0.08182377368211746,0.10756178544867073,0.14202466073847958,0.09828995937896687
2727,0.1373925358057022,0.10549757849206844,0.14221684937581314,0.10006587627540985
2728,0.11487548053264618,0.10322917477658815,0.15240434128943894,0.10174453676032638
2729,0.16561231017112732,0.1120756006437809,0.15938116958108725,0.10262224138758941
2730,0.16954249143600464,0.1114509473315231,0.15327457807145883,0.09854326585564467
2731,0.1868515908718109,0.11353050273498845,0.1550223168613012,0.10360770129524298
2732,0.2277604341506958,0.10803617537264643,0.14448129031903198,0.10224048770632406
2733,0.2937512993812561,0.10494890288289138,0.14164200783093656,0.09748743252910522
2734,0.19683837890625,0.10299191826994901,0.15253945282156042,0.09773534187554954
2735,0.16350258886814117,0.11223694589795845,0.15909209136258348,0.09405533050926916
2736,0.13574868440628052,0.11142524133313118,0.1526273450671902,0.09100459512101576
2737,0.1374819129705429,0.11282385660244688,0.15438546435729703,0.09902578381022224
2738,0.11905663460493088,0.10722703681984068,0.1440009025795862,0.1010494541701673
2739,0.11304379999637604,0.10375204040573151,0.14196759696906666,0.10041300262276677
2740,0.0843663364648819,0.10153738971547628,0.15233449793551374,0.10117013193477914
2741,0.1000950038433075,0.11087687836982077,0.1587772256708486,0.10082478587763291
2742,0.09602846950292587,0.11102285203514857,0.15518021990972478,0.0966249806033432
2743,0.11770196259021759,0.11322198709604749,0.15563298125653918,0.1021825148933591
2744,0.17233270406723022,0.10717043175911717,0.14499985364204074,0.10058830840138872
2745,0.24643701314926147,0.10399722020737148,0.1398166494463622,0.09705125084614502
2746,0.19482478499412537,0.10236957198335951,0.1499002924831559,0.09757607890506917
2747,0.13577044010162354,0.10987536293749889,0.15649714212066693,0.09328393820874609
2748,0.08817989379167557,0.11153305361984094,0.15291825812834592,0.08971956169969414
2749,0.09297917038202286,0.11274477894450628,0.15364247511681395,0.09534198276247569
2750,0.13502506911754608,0.10538441320675757,0.1415836726662401,0.09516244820941334
2751,0.12131620943546295,0.10198397533079963,0.13698151783347626,0.09503933087916488
2752,0.11983045190572739,0.10100940582829056,0.14806635592264297,0.09808246890886249
2753,0.1617911159992218,0.10937392350422376,0.15409383461908685,0.10044982614206815
2754,0.1619628667831421,0.1098546743060881,0.15063606244519986,0.09492929493714723
2755,0.15949971973896027,0.11130934149078531,0.15326012223219065,0.10024912760848331
2756,0.20856307446956635,0.10551767993418054,0.14200955586746164,0.09843881691482616
2757,0.268798291683197,0.10138739132616345,0.13611210980098612,0.09337350889896873
2758,0.21846789121627808,0.10012391821441492,0.14680469397944398,0.09470286010208531
2759,0.15650075674057007,0.10809578836555214,0.15169747595583144,0.08876000441961462
2760,0.11243075877428055,0.10867945753458005,0.14946936222365617,0.0865578202486997
2761,0.10070396959781647,0.10960778841687709,0.15161141616293322,0.09170901250275994
2762,0.09674832224845886,0.10461206972072792,0.14103985084189957,0.0932188356365849
2763,0.0937855988740921,0.10173367915944885,0.13607284755136245,0.09363480984100349
2764,0.06819812953472137,0.10013490296104259,0.1469703535130271,0.0956636553737271
2765,0.067206472158432,0.10798648422748922,0.15145127763441416,0.0962568688525741
2766,0.057063113898038864,0.10954773908408924,0.1494460835284219,0.09340184200955698
2767,0.06506746262311935,0.11075976131144341,0.15134586538785177,0.09835516406011037
2768,0.13520777225494385,0.10550222980494418,0.14071984641191546,0.09744861526357877
2769,0.22490599751472473,0.10316943719273614,0.13556797485699568,0.09163433856084313
2770,0.17071887850761414,0.10117651182766582,0.14598845200805524,0.09268992195953746
2771,0.11418017745018005,0.10827265178347484,0.15058861342994156,0.0865738336969796
2772,0.0730469673871994,0.10994537115344226,0.14903560381598052,0.08566521839024412
2773,0.07300028204917908,0.11110824804146882,0.15105140761827063,0.09161372697154858
2774,0.09767291694879532,0.10557425993180276,0.1401552234855289,0.09273062886473049
2775,0.10130632668733597,0.10374532739495029,0.1365964317173406,0.09368563170674299
2776,0.08974386751651764,0.10168184963559038,0.1478459318809273,0.0947059767107334
2777,0.12085510790348053,0.10966288396490437,0.15093383515998926,0.09666978811326045
2778,0.1158115342259407,0.11143269095162735,0.15097015665415772,0.0940509451425728
2779,0.1236124038696289,0.11363197866674155,0.1543944533865653,0.10026161850036203
2780,0.1775287687778473,0.10754449277225264,0.14475315906164174,0.09984433271626178
2781,0.2126423716545105,0.10508308948743456,0.13823829416725605,0.09367897635697542
2782,0.16889294981956482,0.10341901076253804,0.1491600107805647,0.09419474083875752
2783,0.12081925570964813,0.11052142599801443,0.15257986798794634,0.08792334709919597
2784,0.09726012498140335,0.11194698706969751,0.15175655061185844,0.08651847823970711
2785,0.09242694824934006,0.11301381810993381,0.1555163615268654,0.09183447513020028
2786,0.09171213954687119,0.1079423697730113,0.1448040005744552,0.09473297700029931
2787,0.09347904473543167,0.10513663405694963,0.13816436113594313,0.09444455271566755
2788,0.07224895805120468,0.10350187449401914,0.14862803360002452,0.09494073735776333
2789,0.06786094605922699,0.11075114611856816,0.15304002324762256,0.09698949540603677
2790,0.05119302123785019,0.1119679233683514,0.15224028255231647,0.09488584813256272
2791,0.05811931937932968,0.11314649267277428,0.1561901429619906,0.10070563239039808
2792,0.1321500688791275,0.10814851914394435,0.14447124977860115,0.09939147709917232
2793,0.2166641354560852,0.10466136831421856,0.1370202340975947,0.09422174040338623
2794,0.15416638553142548,0.10352499608093663,0.14740018451981254,0.09429527786087641
2795,0.09116540849208832,0.11046297347809193,0.15243672334549918,0.08735565555893567
2796,0.07764291018247604,0.11129687251924757,0.151330964312543,0.08749402256049824
2797,0.061292920261621475,0.11264208339986666,0.15471294694885085,0.09216425611241101
2798,0.04980948939919472,0.10920434670049219,0.14474685882215704,0.09334540014157074
2799,0.13585704565048218,0.10837857687885931,0.14178822844667283,0.09844321668531802
2800,0.2115141749382019,0.1077844886887463,0.15236967862429063,0.0992279952989326
2801,0.24049441516399384,0.11659252458427952,0.15862580345938923,0.10192094051502266
2802,0.15055274963378906,0.11766327967213032,0.15802691835448546,0.1020617231845371
2803,0.13794204592704773,0.11969733395453147,0.1626482483554261,0.10852758520419799
2804,0.20674976706504822,0.11300096632478708,0.151102175079651,0.10612575881754321
2805,0.25607168674468994,0.11138990707735133,0.14429388517248706,0.10178390689064601
2806,0.1898554265499115,0.11094344595967609,0.1545936320967704,0.10078581502093732
2807,0.13625288009643555,0.11951672449106071,0.15856663136423174,0.09542007683525128
2808,0.10831015557050705,0.11926493506062519,0.15640934364539472,0.09155881617994027
2809,0.10745659470558167,0.12074207266970725,0.15974796009314404,0.0962706650347893
2810,0.10771608352661133,0.11383142913639131,0.15109295458131708,0.09747666975961215
2811,0.11240481585264206,0.11157966656771237,0.14576690272450135,0.09956631615676786
2812,0.08373431861400604,0.10948672358125172,0.1548859811056012,0.09893331993020013
2813,0.08684264868497849,0.11856291018785825,0.15932069544120278,0.1020109406193043
2814,0.07784415036439896,0.11781405103056543,0.15593339641630088,0.09805599888835559
2815,0.0758783295750618,0.12036577067321573,0.15912804243120512,0.10467109215190647
2816,0.16261348128318787,0.1132120670943836,0.15015671832620178,0.10288654644896701
2817,0.25798889994621277,0.11078481803288996,0.14399723043123586,0.09720774060294891
2818,0.18184714019298553,0.10936991960852262,0.15354154050998925,0.09786702814000323
2819,0.10419630259275436,0.1184383924354937,0.1602913383736528,0.09358173758501726
2820,0.06871819496154785,0.11814137713096033,0.15633708726659148,0.0913910497864518
2821,0.07854711264371872,0.12085467913228806,0.15956372210568748,0.09649099484100604
2822,0.11597197502851486,0.11344264783522987,0.15056800531757647,0.09703116672137306
2823,0.1244904026389122,0.11118466012909649,0.1451216483227624,0.09955657265153915
2824,0.1075567677617073,0.10916856455090268,0.1540326401684421,0.09970983116955011
2825,0.13689734041690826,0.1180552456461919,0.15910639367629922,0.10435360042755355
2826,0.13498647511005402,0.11737267894132412,0.15554227451000788,0.09954901924448172
2827,0.12788671255111694,0.12082519506331763,0.15948361559841162,0.1065915519817139
2828,0.16901084780693054,0.11336782812915015,0.1508295033756559,0.10498573363781553
2829,0.2315022200345993,0.11060938361121972,0.14466122080014443,0.09930761370184876
2830,0.18157781660556793,0.10874841944556354,0.1533312012441619,0.09939003802858766
2831,0.11965202540159225,0.11711864223298596,0.15831568196200285,0.09394477340282424
2832,0.08766838908195496,0.11722636847423772,0.15333212982137523,0.08994925138107562
2833,0.08162592351436615,0.11974204576233144,0.15817541804276647,0.09526880270017726
2834,0.08745667338371277,0.11254310092792208,0.15011721654761112,0.09672651783440225
2835,0.10245808213949203,0.11020304328275034,0.14546514855077664,0.09917936754729265
2836,0.08707758784294128,0.10848081191655053,0.15430587395446385,0.09878050539416172
2837,0.07522506266832352,0.11738270505691183,0.15829918077237962,0.10211379133826823
2838,0.059236571192741394,0.11789095127119752,0.15363426713845033,0.09830033871229608
2839,0.05170854181051254,0.12023108832457022,0.1583293858305299,0.10436512460007825
2840,0.10029543191194534,0.11239842384048293,0.15085794749922973,0.10286946502999617
2841,0.18816153705120087,0.10989805518525135,0.1446694182168714,0.09687448104316111
2842,0.1543745994567871,0.10840099178763357,0.15235228802835274,0.09723124511586456
2843,0.09391941875219345,0.11621738542456597,0.15775837613613522,0.09231398071758995
2844,0.06553365290164948,0.11812214873672743,0.1540120845751928,0.08948316321406354
2845,0.07614050060510635,0.12063557833009965,0.15851684277103004,0.09462452484310922
2846,0.10015585273504257,0.11226724672337919,0.15062453263348619,0.09601701305093811
2847,0.10291290283203125,0.1097380133444768,0.14599474176193034,0.09801747088836064
2848,0.09857141226530075,0.10802554833883639,0.15414103774446514,0.09842661342871226
2849,0.12070388346910477,0.11564485480495881,0.15688711547555212,0.10251810108712672
2850,0.12248414009809494,0.11764917587887352,0.1537844567876486,0.09872286033672216
2851,0.10902956873178482,0.11980102328208542,0.1575587787671742,0.1044978121006944
2852,0.1357712596654892,0.11225923415364238,0.15031792733360597,0.1030267462079588
2853,0.2002849578857422,0.10926580259906148,0.14526368702511122,0.0968221849703212
2854,0.15244396030902863,0.1079534692495034,0.15336326134821288,0.09638049553815291
2855,0.11736656725406647,0.11550375114543981,0.15691915944113086,0.09275058877896956
2856,0.09442164748907089,0.11763761840342014,0.15410888617673574,0.08985473099561277
2857,0.08715525269508362,0.11931766786048165,0.15862101536026776,0.09475845707164057
2858,0.08693528175354004,0.11191329462052259,0.15108790181262333,0.09656863857775021
2859,0.10864195227622986,0.10938069595600965,0.14719380985870945,0.09898161200880744
2860,0.10422646254301071,0.10796161116444276,0.15485291781537633,0.09832897188278343
2861,0.09622569382190704,0.11609354718563529,0.1571664510477491,0.10262242773363099
2862,0.0778660848736763,0.11839857341147787,0.15516707126279733,0.09920146553471372
2863,0.06631330400705338,0.12098406576791043,0.16016486883269376,0.1055782928427329
2864,0.09996426850557327,0.11285846241515074,0.15277190283586534,0.1042229335195779
2865,0.17964965105056763,0.11027601584454388,0.14745230452006214,0.09814995239246453
2866,0.1497199982404709,0.10891484595027817,0.15526400494896606,0.09844555156776803
2867,0.1036813035607338,0.11591368380536458,0.15830129927882844,0.09304879979954439
2868,0.07367229461669922,0.11901154077709072,0.15536376747271444,0.09019299620821299
2869,0.0733317956328392,0.12111286614794907,0.1601889373963443,0.09382308785498021
2870,0.08515718579292297,0.11415202662383907,0.15443815278876089,0.09548442713349886
2871,0.08356325328350067,0.11185177574110572,0.1481606891647225,0.09755794014608167
2872,0.07904474437236786,0.10916243429675866,0.15552225850549098,0.09685115185140634
2873,0.09820573776960373,0.11578121435705174,0.15695873522526113,0.10043318896959517
2874,0.11037158221006393,0.11884340813978839,0.15371109894994728,0.09794811869101361
2875,0.10479843616485596,0.121110289166092,0.1601253127651553,0.10420048737219342
2876,0.13665717840194702,0.11344631012381093,0.15300461246771058,0.10212658028278372
2877,0.19671694934368134,0.11075628738942166,0.14652932835016894,0.09420898112191071
2878,0.1505075842142105,0.10878033405869224,0.15483371446464692,0.09513765475885308
2879,0.11366503685712814,0.11529103938782449,0.1572199151125731,0.09257428203061603
2880,0.09655850380659103,0.11849153665434099,0.15364027540244118,0.09062770966187116
2881,0.09520675987005234,0.12010434643249362,0.16051861464705658,0.09545091067361565
2882,0.0972403809428215,0.11281346246518074,0.15316220486125198,0.09697573124264691
2883,0.1109326034784317,0.1106697934769278,0.14660825064924074,0.09896231676516551
2884,0.1020396426320076,0.10904196863464692,0.15564362579441993,0.09882625323836787
2885,0.09395615756511688,0.1158991567277239,0.15775938344738752,0.1036711941619499
2886,0.07562301307916641,0.11934563806693582,0.15441861737268733,0.09981651201676969
2887,0.07056064158678055,0.12172062749315088,0.16129575787825431,0.10524346719877369
2888,0.10634404420852661,0.1136119957507852,0.15352196151493502,0.10402533596727995
2889,0.18969891965389252,0.11155965014994772,0.14684554099680858,0.09807340584444457
2890,0.1572125256061554,0.10960299076867407,0.15595902850466078,0.09875142559734128
2891,0.11125195026397705,0.11595218155639066,0.1582439795281636,0.09304484631172182
2892,0.07275854796171188,0.11994951309054444,0.1568211642673614,0.09157680382485225
2893,0.06975352764129639,0.1212376795050071,0.16203495248747546,0.09483567405659726
2894,0.0927804633975029,0.11472785413206556,0.15502475785572425,0.09726110293734251
2895,0.09856566041707993,0.11154229398271086,0.1492136320728929,0.09809453543434991
2896,0.09206777065992355,0.10933978543580179,0.1563898070340453,0.09755388257486439
2897,0.11176886409521103,0.11552337685978858,0.15792522920991325,0.1035712480655214
2898,0.1061653420329094,0.11935723716262979,0.1576235088001173,0.099854730052077
2899,0.10503051429986954,0.1206080037918647,0.16175574341858234,0.10452712011692095
2900,0.13690683245658875,0.11399471816306367,0.15561661416097652,0.10439023483531584
2901,0.19390279054641724,0.11004375965559272,0.14741951253013574,0.09636826807941799
2902,0.17773625254631042,0.10805734809171287,0.1550227590001615,0.09697341008554289
2903,0.12432827800512314,0.1143919371444782,0.15644914545281774,0.0921094905754354
2904,0.09153762459754944,0.11875683393047885,0.15624211125091111,0.09041470429417409
2905,0.07902058213949203,0.120370470129959,0.16217562102778016,0.09347849692884812
2906,0.07870356738567352,0.11381903863798729,0.15630466221408743,0.09573307182109594
2907,0.09119316935539246,0.11091795823559547,0.14987587514493472,0.09686162514377615
2908,0.09583507478237152,0.1090734961578503,0.15738294945661277,0.0978680615849268
2909,0.0884818360209465,0.11472526679397799,0.1574293177515818,0.10324157059862663
2910,0.0640527680516243,0.11908041759691543,0.15837180999112543,0.10042039383622593
2911,0.060275327414274216,0.12114574745723852,0.1637508088116411,0.10445636207050563
2912,0.07708757370710373,0.1145422156000869,0.15731451475461525,0.10285862251444264
2913,0.15374091267585754,0.11183596528755761,0.15019550387187855,0.09662094288155698
2914,0.13030007481575012,0.10876885472507704,0.15589055160346324,0.09729467316536851
2915,0.09287901222705841,0.11402928824664221,0.15706359880655354,0.09072964163486215
2916,0.07002604752779007,0.11848379273816327,0.1585269949735876,0.09154133640459335
2917,0.05991519242525101,0.11998041324226269,0.1619551028722039,0.0930426708382205
2918,0.0413685217499733,0.1136740185169509,0.15527064259734316,0.09330084493155297
2919,0.07786490023136139,0.11180414211234116,0.14922173066025812,0.09630033566522878
2920,0.1280319094657898,0.10946287672702568,0.15702437900961713,0.09665023938327319
2921,0.1022566631436348,0.11529882315308324,0.1575278195861177,0.10058230090248625
2922,0.1133103147149086,0.12129272036926686,0.15961934323959193,0.10223467480999743
2923,0.0759274959564209,0.1223550346422901,0.16412412943686985,0.10388185065884041
2924,0.1842072755098343,0.11504165353197177,0.15638264313854508,0.10007202898846175
2925,0.17247870564460754,0.11262359788343278,0.14993007220084434,0.09504166306234975
2926,0.12520816922187805,0.10992351323556247,0.1556042352938594,0.09378817499983078
2927,0.09474300593137741,0.11600026495806594,0.15838159477564534,0.0928575119375032
2928,0.08193506300449371,0.12168613346763743,0.15893416042700492,0.09141672521573235
2929,0.10178088396787643,0.12169830979324989,0.16430089349037,0.0959481437811927
2930,0.10053879767656326,0.11658094326048417,0.15770594035414237,0.09667083371098614
2931,0.11580531299114227,0.11262974073619124,0.15014917580855994,0.09865757903711989
2932,0.10927702486515045,0.1096602352836475,0.15788013254207847,0.09877312771842965
2933,0.09258109331130981,0.11462205519027281,0.15850642154663122,0.10418133703616074
2934,0.06705884635448456,0.12130377737907465,0.15988576248391592,0.1039841213113022
2935,0.058434270322322845,0.12115941370107364,0.16262897010387822,0.10538494772755955
2936,0.10262180864810944,0.11619283753626432,0.15548070365695044,0.10422716618491702
2937,0.18671122193336487,0.11217075700916214,0.14608266857093333,0.0979000414360144
2938,0.15204793214797974,0.11061224007637435,0.15387989528100487,0.10009763467849259
2939,0.09636159241199493,0.11454350793467545,0.15533052148823853,0.09323444393528196
2940,0.08593333512544632,0.12086738468113555,0.1583863722048121,0.09357580429369335
2941,0.06537915766239166,0.1216108542626491,0.16204220420120918,0.0938868176278921
2942,0.043404411524534225,0.1167982974176594,0.15600339546468692,0.09382234552993865
2943,0.13586987555027008,0.11353814738732596,0.14933677060787212,0.09864196989289122
2944,0.21732330322265625,0.11102058047608153,0.1560605110397083,0.09919201694166632
2945,0.25052693486213684,0.11598229428871903,0.15659145988707693,0.10302411125289607
2946,0.16916969418525696,0.12222646180662328,0.1595126351373909,0.1044097646945977
2947,0.12943346798419952,0.12358867124473195,0.1641113920524836,0.1067891414315278
2948,0.20025290548801422,0.11736047116543302,0.1578676105463641,0.10339343076692069
2949,0.2462666928768158,0.11327030827971556,0.14753243090316814,0.09736961367972019
2950,0.1541007161140442,0.11101252282461636,0.15377393059951905,0.09819484970379767
2951,0.11123581230640411,0.11678176044931611,0.1554538532550817,0.0957527033169688
2952,0.08820405602455139,0.12220628535781065,0.1588959888706712,0.09512945027287908
2953,0.09357920289039612,0.122466878042097,0.16381460738945286,0.09763721589291041
2954,0.11405877023935318,0.11647528597638078,0.15849682637954218,0.09732033622094943
2955,0.12747135758399963,0.11230748782363031,0.1511384326597463,0.10107313802806833
2956,0.12373754382133484,0.1102132118641114,0.1582157748502568,0.1015147916763204
2957,0.11107349395751953,0.11489153090363574,0.16068751933069195,0.10637833783849272
2958,0.07180508226156235,0.12099614633604676,0.16266651288982004,0.1070950177872895
2959,0.05384550988674164,0.12241372562495699,0.1647108255632272,0.10711489439661115
2960,0.08858994394540787,0.11668314822850173,0.1576575465486075,0.10580902860865393
2961,0.20159728825092316,0.11186172546420542,0.14746187492940824,0.09886435635064132
2962,0.20875687897205353,0.10960548280486103,0.15383704945588172,0.10188149897840125
2963,0.11888766288757324,0.11388419838237464,0.15499379701849547,0.09582233608535856
2964,0.05347815155982971,0.12091255018836394,0.1596840111984329,0.097262196866978
2965,0.06986243277788162,0.12228370429013845,0.1635247387689467,0.09953134852288935
2966,0.0859065130352974,0.1168731359681674,0.1584526437973798,0.09665159059733573
2967,0.09797808527946472,0.11161100989031013,0.14946801405753152,0.09810262202405186
2968,0.08888792991638184,0.10954920217907338,0.1567550144490933,0.09891000289621354
2969,0.09082961827516556,0.11369987824137505,0.15778577418598605,0.10415291271399935
2970,0.12601569294929504,0.12039230267122135,0.16007475206707403,0.10463474234232528
2971,0.11022128909826279,0.1222384934711816,0.1636111794253148,0.1061146158655142
2972,0.14514492452144623,0.11585093307276093,0.1566961223356669,0.1021847661536413
2973,0.1800912767648697,0.11023790189610803,0.14705247150008338,0.09620052090389669
2974,0.13673895597457886,0.10782037222520775,0.15380579201230013,0.09730987135991902
2975,0.10425953567028046,0.11196036897149529,0.1558960817410185,0.0955714237422292
2976,0.07490009814500809,0.11807411829040282,0.15807705173403522,0.09624474808984719
2977,0.09488360583782196,0.11988955535114255,0.16172584483532865,0.09761632982939003
2978,0.09368386119604111,0.11571043830825499,0.1570108603655559,0.09603892880591375
2979,0.10450122505426407,0.11042850235942532,0.14666657104287803,0.09843929560387533
2980,0.10311111062765121,0.10886455031015085,0.1549683058884898,0.10056298160895392
2981,0.07255084067583084,0.11392949326317812,0.15760939849116365,0.10508269866791474
2982,0.04507818818092346,0.120953981373712,0.1603317439479119,0.10598721634770124
2983,0.034310974180698395,0.12212369434838193,0.16424782719893288,0.10650387477298574
2984,0.059788595885038376,0.11632684485818236,0.15565463811062,0.10579441721191557
2985,0.1562950313091278,0.1118988929731811,0.14565446345531213,0.10001538220573741
2986,0.13032636046409607,0.11020992093306446,0.1527658063508268,0.10170182926586877
2987,0.07890842854976654,0.11394430752558625,0.15599703674270612,0.09632111280569523
2988,0.04442596063017845,0.12011356921090677,0.15915829475870732,0.0964967385511133
2989,0.05868987739086151,0.12104695805296091,0.16266177566589296,0.09738028849113502
2990,0.05513064190745354,0.11467584257674553,0.15579832366462568,0.09467751537804663
2991,0.07008963823318481,0.10988794093352633,0.14487484865530942,0.09716719203567341
2992,0.07657455652952194,0.1080967664075046,0.15300688420134947,0.0981649382361821
2993,0.07187871634960175,0.11252453652310254,0.15651102277389126,0.10407447835509749
2994,0.08981578052043915,0.12000232570080889,0.15993179322427784,0.10495057872418476
2995,0.1151578351855278,0.12113621766349927,0.16435125469955575,0.10481026267718603
2996,0.16966885328292847,0.11550584965763187,0.15570887423820612,0.10062412135715704
2997,0.2096124142408371,0.10936053259410779,0.14460477877705522,0.09483529362721095
2998,0.13889698684215546,0.10762884166044935,0.15284952568413293,0.09667484082466996
2999,0.10297486931085587,0.11073795511073198,0.1561459957521117,0.09568526322490438
3000,0.07521271705627441,0.11842996484709448,0.15887179594273848,0.09592415128675436
3001,0.09997813403606415,0.119781731242825,0.16424454039617117,0.09814099599233904
3002,0.10300859808921814,0.11481041915882456,0.15787268750960065,0.09636597725488351
3003,0.11096888780593872,0.10911318087619058,0.14700580928399082,0.09771538338488249
3004,0.11618735641241074,0.1073826091747323,0.15623265228993652,0.10039306499578003
3005,0.07685786485671997,0.11032484233014711,0.15921283203281622,0.10540980608219262
3006,0.0456693172454834,0.11762066737029825,0.16148666751432836,0.10662438020605954
3007,0.03892556205391884,0.12064586877134205,0.16519330806982038,0.10647860388662442
3008,0.07227364182472229,0.1136440324306725,0.15562221610521684,0.10442429727595667
3009,0.15646247565746307,0.10782786055685226,0.1438808350029303,0.09849890998338759
3010,0.15845774114131927,0.10683551517838498,0.1527918423844092,0.1015771494297204
3011,0.09045001864433289,0.10908880093136845,0.15520026804378498,0.09693999245750681
3012,0.0672515258193016,0.11609209716405043,0.15847339552514736,0.09653926458678183
3013,0.05707850307226181,0.11820759263594036,0.16243984387448906,0.09577191751088575
3014,0.03310217335820198,0.11215742732889611,0.15518137482483016,0.09456582353906161
3015,0.10784539580345154,0.10663539892392854,0.1447752097050153,0.09511444400814352
3016,0.19584663212299347,0.10593193067826673,0.15248498216021683,0.09752293539772781
3017,0.19718152284622192,0.10863273726266597,0.1553194552062724,0.1007996568031993
3018,0.1434972584247589,0.11573294490356689,0.15934593348506385,0.10475951027221636
3019,0.13438411056995392,0.12089022055407678,0.16637481654852396,0.10471332291812101
3020,0.2058936059474945,0.11448349362963738,0.15794052008776507,0.10267829183668585
3021,0.2610572874546051,0.10829409561752022,0.14545947095455486,0.0953212295570705
3022,0.1721496731042862,0.1070573226511455,0.15135085881207858,0.09820558095004318
3023,0.10595839470624924,0.10981235869460143,0.15370891774409864,0.09728460709243145
3024,0.07167050242424011,0.11643465926182714,0.15660551640881912,0.09690998344047369
3025,0.11402091383934021,0.11975226812398582,0.16498576470094492,0.09938084327406688
3026,0.12587295472621918,0.11310298048084758,0.15772716880825816,0.09742390857725926
3027,0.14134377241134644,0.10710119391362584,0.1473193787740601,0.0991256959907597
3028,0.12075049430131912,0.10501636061039234,0.15509563899966408,0.10144534914931728
3029,0.08856009691953659,0.10836503186065297,0.15553015943753626,0.10460032436260147
3030,0.05737735703587532,0.11461348842946929,0.15725499779768237,0.10853855079140996
3031,0.046169985085725784,0.11737189752847024,0.1624015509513204,0.10662414643026664
3032,0.08101088553667068,0.1108747025535437,0.15297100247061507,0.10459802176539759
3033,0.1692340075969696,0.1038363809876574,0.13936469093127493,0.09840874811591757
3034,0.16735342144966125,0.10274070528143554,0.14794313862710393,0.10348342642275007
3035,0.08026266098022461,0.10558932456124923,0.14918972087427324,0.09844939151858939
3036,0.05800241604447365,0.11360401041444158,0.1539162229092211,0.09767732273802773
3037,0.04829183220863342,0.11627878591154515,0.15925249202347977,0.09568943515046362
3038,0.051551781594753265,0.10979332990029388,0.15356805440260568,0.09351680149990214
3039,0.11626119166612625,0.10242472585335567,0.14287319665372994,0.09370824475128246
3040,0.1029939204454422,0.1016721370523198,0.15060576286974012,0.09615596640737428
3041,0.09971659630537033,0.10539870543111964,0.15042331106247497,0.0980930818314119
3042,0.12422983348369598,0.11374173362588563,0.15440663341160096,0.1037869095445315
3043,0.15733489394187927,0.11778642396343994,0.1617178068500097,0.10362170330858579
3044,0.19002678990364075,0.11109458657731146,0.15579793336251466,0.10154004211442072
3045,0.22155341506004333,0.10382767489212287,0.14372668709908465,0.09519138643324719
3046,0.16899484395980835,0.10250757840375031,0.15092211362481459,0.0986790728914407
3047,0.11399806290864944,0.1039762872441159,0.15026540810379788,0.09666005378719779
3048,0.07957395911216736,0.11194289659612457,0.154237031495284,0.09698182469831802
3049,0.0975446030497551,0.11571982931095852,0.16162086849412913,0.0973865643808706
3050,0.10080374032258987,0.10982161845066507,0.15558529081018826,0.09584773050408503
3051,0.11695310473442078,0.10389247883898158,0.14573501409114217,0.09720763332615055
3052,0.09472474455833435,0.10192373404505868,0.1540526480960551,0.09860056278730661
3053,0.06459151953458786,0.10408124715738966,0.15276314104531047,0.1023527771378689
3054,0.040951989591121674,0.11177254042861541,0.15642143421793311,0.10618342132771827
3055,0.03678957372903824,0.11495047383490498,0.16191598056437606,0.10545865323282189
3056,0.060688599944114685,0.10988119277285376,0.15412281963542493,0.10472874558612269
3057,0.12533527612686157,0.102122140636489,0.14054628232285016,0.09911791926352875
3058,0.13728001713752747,0.10270136283100931,0.1495956585810851,0.10303436498773162
3059,0.08694472163915634,0.10383041585751927,0.14892411439244277,0.09675527907949176
3060,0.0456959567964077,0.11175942181071549,0.15283790340242928,0.09604670625147707
3061,0.06161407753825188,0.1143415499817737,0.1580441909255887,0.09325875884792492
3062,0.08844113349914551,0.10927324344044943,0.15228684041380305,0.09086539666370165
3063,0.06652767956256866,0.10078003688915875,0.1396371985751728,0.09139192608940433
3064,0.08669406920671463,0.10187055428575743,0.1477347685746259,0.09397209860366623
3065,0.06345471739768982,0.10398937936524731,0.1481004607504688,0.09740283007051968
3066,0.057717449963092804,0.11237668506320411,0.15295181742471284,0.1036380666698054
3067,0.09117398411035538,0.11520409055593869,0.15844290825993257,0.10218238826835996
3068,0.1525934785604477,0.11092595745894519,0.1529627960072273,0.09956078167284964
3069,0.15053878724575043,0.10141765295104001,0.14042815991792088,0.09459721407043459
3070,0.11166529357433319,0.10237839800335075,0.14800020109343578,0.10013230224092161
3071,0.06925956904888153,0.10285473012055105,0.14755803737018755,0.09720777463003732
3072,0.05089724808931351,0.11110311853869739,0.1524649594939795,0.09672587373870144
3073,0.06861329823732376,0.11373620569834747,0.15850969088518507,0.0953799946181879
3074,0.08348853886127472,0.11002738236975725,0.1533620890321157,0.09268755489881654
3075,0.10484690964221954,0.10222577262627475,0.14299390281419158,0.09390396678177265
3076,0.09395569562911987,0.1025067092336191,0.1503226671104002,0.09609678628816196
3077,0.06771338731050491,0.10409284118706962,0.15112552675222668,0.10168452088106796
3078,0.033846400678157806,0.1107471239139656,0.15440709905279784,0.10454083547616592
3079,0.021925561130046844,0.1134478223871366,0.15709722747648716,0.10312422367344226
3080,0.04698764160275459,0.1091866396687118,0.15192432921026738,0.1027650413686174
3081,0.10139835625886917,0.10093145460640464,0.1382635500275082,0.09783326764263335
3082,0.11231102794408798,0.10086344714695207,0.1462572767444322,0.10307537161111525
3083,0.06536728143692017,0.10191030645710261,0.1462732932132336,0.09901408239102555
3084,0.03394264355301857,0.10935678805294419,0.1505991204873802,0.09610910741311382
3085,0.04354798421263695,0.11327201723798512,0.15638007032662318,0.09239142718628678
3086,0.0629257783293724,0.10883691744038693,0.15220489659070335,0.09050392209859819
3087,0.0783192589879036,0.09868385556390515,0.13886752633983235,0.09060730121073159
3088,0.06980957090854645,0.09950488854306204,0.14656851182608574,0.09192885734078143
3089,0.07122402638196945,0.10120547627803257,0.14609567645539495,0.09646167454060914
3090,0.0791730061173439,0.10862672906311678,0.14997510353178273,0.10152876812297079
3091,0.10005311667919159,0.11228655231656305,0.15541053350833112,0.10112095537235234
3092,0.11858529597520828,0.1078461187721129,0.15144523409934463,0.09794191217070104
3093,0.1435144543647766,0.09780723081596579,0.13782857539882293,0.09183186405660085
3094,0.12656326591968536,0.0977378394299175,0.14418952159102624,0.09578576896287992
3095,0.07688490301370621,0.09930339397095667,0.14460462231043777,0.09476262704403277
3096,0.05136900395154953,0.10658270648877123,0.14724379078136154,0.09406053384388201
3097,0.05055622756481171,0.1100242829645461,0.15223363812222168,0.09211683802188468
3098,0.06184500455856323,0.10548881578546622,0.14932974407042351,0.09054552315882627
3099,0.08017730712890625,0.09726755236241229,0.13792012564466036,0.09150825934247854
3100,0.07495523989200592,0.09723826512378113,0.14452505141208719,0.09333287067587265
3101,0.057806167751550674,0.09885539561863808,0.14377982440080408,0.09740211131693434
3102,0.03445756435394287,0.10648794525176034,0.14748741372848737,0.09966733221423887
3103,0.02106332778930664,0.1085827760068788,0.15098748015715355,0.09962051146191585
3104,0.03201356902718544,0.10436223223106665,0.14753019813903012,0.09962296263916727
3105,0.07401867210865021,0.09644123245580459,0.13522955842964046,0.09390431080882285
3106,0.09024015814065933,0.09631610102917271,0.1427318345423275,0.09918071869566254
3107,0.06513246148824692,0.09840302951398106,0.14216553726294964,0.09571623578336103
3108,0.0438811220228672,0.10630387019841302,0.14726599462102333,0.09355297356450278
3109,0.05518924817442894,0.1083914572859833,0.14973438518572954,0.0913388433366681
3110,0.07661353796720505,0.10541153028738072,0.14738249104488654,0.08942972871095084
3111,0.0967194065451622,0.09702862777751578,0.1369978852799817,0.08844559602309637
3112,0.07409650832414627,0.09645724079626948,0.14360947916569833,0.08972553182234283
3113,0.06779148429632187,0.09805110582721448,0.14183386649695337,0.09552606305311198
3114,0.03892315551638603,0.10645851060247491,0.1461014870721438,0.09803009916212074
3115,0.04367714747786522,0.10856853189242802,0.15022707324350668,0.09881538383529738
3116,0.0464431457221508,0.10549621538520847,0.14806416305428854,0.0998897479499094
3117,0.08390979468822479,0.09737864888453639,0.13616007020595125,0.09300749811151193
3118,0.09170443564653397,0.09744231388327342,0.14428809754432062,0.09772793941094783
3119,0.060051146894693375,0.09783348822171481,0.14463280786884897,0.09589461556414149
3120,0.04374837130308151,0.10528295027172398,0.1465505675334203,0.09321269005366166
3121,0.04397836700081825,0.10803623980731049,0.15048882834888339,0.09220775513092626
3122,0.05208677425980568,0.10332952552109678,0.14756310378604914,0.08932347215742037
3123,0.0721990317106247,0.09699058786402093,0.13620011674454646,0.0897718889802982
3124,0.07226628810167313,0.09679036475078796,0.1449520273338971,0.09173384626918336
3125,0.06353186815977097,0.09873220344741669,0.1440383977143824,0.09731944740790292
3126,0.04523613303899765,0.10552144712713404,0.14573789819933125,0.09972644108232838
3127,0.027166100218892097,0.10749080659982009,0.15048250553052298,0.1001377622479322
3128,0.03489493951201439,0.10459866215082042,0.1480066644389468,0.09979230472387628
3129,0.07894346863031387,0.09688183022564462,0.13547071569672015,0.09516678186700767
3130,0.08446674048900604,0.09692205103537938,0.14467491235538707,0.0996752781247639
3131,0.05531543493270874,0.09746461506032512,0.14352272960897047,0.09655030126491787
3132,0.03570030629634857,0.10489298595318125,0.14385852523454049,0.09250205436964914
3133,0.03262011334300041,0.10680960204428282,0.14635871856983104,0.0898668486475712
3134,0.036879513412714005,0.1035067291235468,0.1460001485975255,0.08827997628023769
3135,0.0773160383105278,0.09532168776014664,0.13385977540596644,0.08829568481909655
3136,0.1122775673866272,0.09513869900349822,0.14305492688142954,0.09129311652649127
3137,0.07424664497375488,0.09770551379441587,0.143374300547533,0.09655182723926664
3138,0.05218982324004173,0.10570680331426185,0.14651456969059581,0.10076493031815054
3139,0.036439381539821625,0.10898078963117727,0.1508328383384614,0.09967383638430234
3140,0.045767705887556076,0.10508461594609746,0.14865959083324387,0.10020025010268307
3141,0.06996000558137894,0.09655207185076561,0.1357235418100036,0.0931017659081864
3142,0.07270140200853348,0.09605867921322697,0.14382812055800828,0.09738613276755959
3143,0.05292951688170433,0.09820139435451739,0.14388970416852967,0.09580474282430074
3144,0.046841099858284,0.10560555982926025,0.14681484240601347,0.09493408122828167
3145,0.05792471393942833,0.1097429996832795,0.1501485129677194,0.09387163215554643
3146,0.06596938520669937,0.10598687261964339,0.14919788977529677,0.0908821153195416
3147,0.09159490466117859,0.09750365476294597,0.13785715274916688,0.09126397288169551
3148,0.0988883301615715,0.09690697025070079,0.1446935347696157,0.0925667693108116
3149,0.09347563982009888,0.0984168537864675,0.1443522374442005,0.0980220385789624
3150,0.07375216484069824,0.10506214821322656,0.14528598675083876,0.1004709679308057
3151,0.04292987287044525,0.1084531953674746,0.1476885954451914,0.10024294411752945
3152,0.04052243009209633,0.10473440589763626,0.14483223516481283,0.1005992461746894
3153,0.06261707842350006,0.09545340508757695,0.13175644692957553,0.09296819557593604
3154,0.07351676374673843,0.09447198964869936,0.1417708681590051,0.09893972731790558
3155,0.046078406274318695,0.09825224212698219,0.14168577821603343,0.09583044712603049
3156,0.055592119693756104,0.10451458078094725,0.1432806309662609,0.09144788261398572
3157,0.04075279459357262,0.10799869764189468,0.14615823691200974,0.09016229878948823
3158,0.03724846616387367,0.1041643571676618,0.14351886036581396,0.0886537720815103
3159,0.07708046585321426,0.09457549704454925,0.13201487534877646,0.08690294425199985
3160,0.08811849355697632,0.09428437816727363,0.14182800190121883,0.08849419676227782
3161,0.0870109498500824,0.09834763335188033,0.1408690484943989,0.09499979377866757
3162,0.09995858371257782,0.1055672000264833,0.14357379801055672,0.0973809600474325
3163,0.10323654115200043,0.10816738982579989,0.14681932672625045,0.09766624796588247
3164,0.10485969483852386,0.10326162347023761,0.14327229200748323,0.09559540962340202
3165,0.10338256508111954,0.0952596684707907,0.13191038779122388,0.08934579285020691
3166,0.08531735092401505,0.09460020837104545,0.14117645727179773,0.09340717685166468
3167,0.05674012005329132,0.09805582903016097,0.14037587473389024,0.09520263821075207
3168,0.0496576689183712,0.10492149992643594,0.1417251593361234,0.09262527779115454
3169,0.044897522777318954,0.10695114869984143,0.14546954098900688,0.09183279735520032
3170,0.05455514043569565,0.10316378433777301,0.14319027786610547,0.08891981388040616
3171,0.0830257311463356,0.0959960231492014,0.13370920424710225,0.08787187957651864
3172,0.08159686625003815,0.09605714689940649,0.1425815091058065,0.09098437849739854
3173,0.06406478583812714,0.09887122274538017,0.14065294661296432,0.09621192790492274
3174,0.04937410354614258,0.10505736209025329,0.14164927892941612,0.09890450057046406
3175,0.034451790153980255,0.10751942682588361,0.1456944633145411,0.09976831975725865
3176,0.029909849166870117,0.10330416433537701,0.14181704673168058,0.09905572912807357
3177,0.058256104588508606,0.09658336160761358,0.13174152353158386,0.0931968062330936
3178,0.06790506839752197,0.0957469333412167,0.14225207166314002,0.09884402856260971
3179,0.050865862518548965,0.09930801563642397,0.14074379526977515,0.09676996872058675
3180,0.046696100383996964,0.10691488536956527,0.14352186045239268,0.09267673572263395
3181,0.03684953227639198,0.10894248915343006,0.1471075918440389,0.09076718266722877
3182,0.041044410318136215,0.10497405029018711,0.14324842001076682,0.09112951525042247
3183,0.0733717605471611,0.09733409819987465,0.133917654133051,0.09101388806326383
3184,0.10817961394786835,0.0964428101157874,0.14341781217088084,0.09292960452944023
3185,0.10617667436599731,0.09934254404810967,0.14085602468085232,0.09605871693304492
3186,0.080234095454216,0.10618181245318628,0.14350560984953972,0.09817482356722355
3187,0.084066241979599,0.1081479451661425,0.14905807222611697,0.09849795591186124
3188,0.11740975081920624,0.10459284606302889,0.14438792421705027,0.09716734101515388
3189,0.10198809206485748,0.09635510303671073,0.13324254809072367,0.09100714493448563
3190,0.07264775782823563,0.09535656785592789,0.14300119763850752,0.09388969719539221
3191,0.0554608516395092,0.09674429733075515,0.140947611846994,0.09413756241791185
3192,0.051083043217659,0.10374911201895275,0.14189465134034257,0.09189975594263244
3193,0.05742976814508438,0.10693716441175165,0.1459750752135964,0.09084215496513838
3194,0.06555437296628952,0.10341172305233978,0.14232701976812498,0.08938686687078325
3195,0.08324439078569412,0.09593126393854998,0.1325135514350753,0.08888590662056715
3196,0.08235059678554535,0.09666006788640451,0.1426870559331501,0.08982148311330326
3197,0.06874959170818329,0.09791799831889268,0.14023534579351038,0.09411836190600836
3198,0.04734763130545616,0.10353668042604677,0.1409358553871953,0.09620934109448433
3199,0.03489989787340164,0.10702720962625985,0.14567236522040486,0.09937480514118184
3200,0.046946119517087936,0.10234814228750984,0.1410471440475377,0.09820435256331256
3201,0.07350766658782959,0.09449251404671166,0.13205170746984954,0.0936634739909419
3202,0.07718222588300705,0.094807348478618,0.14107118182573264,0.09713200211117501
3203,0.0689762681722641,0.09713256638363778,0.1386618995851255,0.09563127909156098
3204,0.07322005182504654,0.10428957843634215,0.14185251851378725,0.09182368853526768
3205,0.06556979566812515,0.10790894727498322,0.14591493106180167,0.09005246096977211
3206,0.06263221800327301,0.10261876854436788,0.1407779038754836,0.08727831470618032
3207,0.08268510550260544,0.09456514478904543,0.13229292568156728,0.08807140803443204
3208,0.10413819551467896,0.094836891447475,0.14128730515659746,0.08998200602905054
3209,0.12698079645633698,0.09667573468823382,0.13918435766518303,0.09370759142230592
3210,0.11982420831918716,0.10383569358127819,0.14205059717714472,0.09585926261740196
3211,0.10404276102781296,0.10608428384557213,0.1469387368782269,0.0966645061714091
3212,0.11169075220823288,0.10088077434859212,0.1413573309319368,0.09449476432688075
3213,0.11128553748130798,0.0938661609352892,0.13094556183935763,0.08896933763242205
3214,0.09451904147863388,0.09256684294018172,0.13914216067575344,0.09193966326037929
3215,0.09335941821336746,0.09315858527235257,0.13761373981009487,0.0916946625774342
3216,0.07507655769586563,0.10007690775081532,0.13881405103584638,0.0898737045137604
3217,0.06392189860343933,0.1021049610386057,0.14267443455383994,0.0893670648373805
3218,0.059385526925325394,0.09748062904448326,0.13733309737022176,0.08704627329914848
3219,0.07656221091747284,0.09092772500613656,0.12925470863322214,0.08700010633045786
3220,0.07925732433795929,0.09033712456378988,0.13565202464512566,0.08761417851033518
3221,0.07657791674137115,0.09297386646968388,0.1355079413546048,0.0908998481466732
3222,0.0528402216732502,0.09947616175711343,0.13660794505255175,0.09280544578798616
3223,0.029624689370393753,0.10085065621773434,0.14152443114099345,0.09688329981333875
3224,0.048435110598802567,0.09708894749636134,0.1373373558067854,0.0957299672807415
3225,0.07567472755908966,0.09026402502020771,0.13001111247770492,0.08980411384277852
3226,0.09155169874429703,0.08950355659621088,0.13569166988540382,0.09331704973793005
3227,0.09113923460245132,0.0924915144840252,0.13515267451558566,0.09131855937111268
3228,0.09338846802711487,0.09920503777953855,0.13726419374777724,0.08933350060013322
3229,0.09898349642753601,0.10156582540674056,0.14237271609744429,0.08666061119767848
3230,0.08189462125301361,0.09591315991827805,0.13604370582635567,0.08653075310052548
3231,0.09620752930641174,0.09006938653639644,0.13043279479315545,0.08752324665624499
3232,0.0944695696234703,0.09001444808752841,0.13490786269792043,0.08870597313061185
3233,0.11237621307373047,0.09294030531469782,0.13633551167264454,0.09009319988639194
3234,0.12438983470201492,0.09943465308872947,0.13746789999367562,0.09334748213173283
3235,0.09314781427383423,0.1013372782441197,0.1414284854831879,0.0961948768983098
3236,0.10233399271965027,0.09555655181713246,0.13573583819252455,0.09332706918292959
3237,0.0997554287314415,0.08898137636587825,0.12691234295777562,0.08770934246169322
3238,0.09438356012105942,0.08774498555894607,0.12995627711350763,0.09323045332685759
3239,0.08072028309106827,0.09004356943714717,0.13097725419613598,0.0912526354632528
3240,0.07517699897289276,0.09671379288295383,0.1352256463680275,0.09000734678160406
3241,0.06779339164495468,0.09897082452150562,0.13886356733777447,0.08873311596614636
3242,0.05777983367443085,0.09378513908335954,0.13277565468452182,0.08624439082841699
3243,0.07090546935796738,0.08746952375341398,0.12539335863821827,0.08678815485250428
3244,0.055701300501823425,0.0878432442593372,0.12926340337766315,0.08671096876764994
3245,0.0467805340886116,0.09101027211765932,0.13012231646732253,0.08861462827778084
3246,0.04320257529616356,0.09602951214492203,0.1350467429205264,0.09261074734220323
3247,0.027814941480755806,0.09883928632305747,0.13945188695453895,0.09791683122492918
3248,0.045851074159145355,0.095793905520968,0.13402034161905024,0.0953682277172676
3249,0.07456888258457184,0.08863603704669402,0.1270734391222038,0.09044144686518382
3250,0.06688573211431503,0.08845201363190024,0.12990359710271218,0.09439857402386055
3251,0.06812489777803421,0.08981510833105327,0.12988703245741828,0.09217873393530401
3252,0.050576869398355484,0.09509804318525737,0.13322184346167656,0.09081710735892098
3253,0.03698914870619774,0.09778011014290758,0.13775954755110623,0.08953880155913224
3254,0.05264761298894882,0.09567343790975426,0.1335581912489132,0.08859118199990079
3255,0.07818098366260529,0.08869906639619628,0.12736531093650677,0.08791678168778004
3256,0.10175110399723053,0.0882921179155288,0.12959833651109498,0.0886787759492743
3257,0.08010704815387726,0.0917251690085641,0.12976968514671408,0.0907664963776638
3258,0.06151476502418518,0.09664618710156535,0.133655830652448,0.0940503519399669
3259,0.06016291305422783,0.09901926914246091,0.13974820220225342,0.09898956884585122
3260,0.06040019169449806,0.0967985471467425,0.13549294295231512,0.09596272749822342
3261,0.05981631577014923,0.08977729944592093,0.1265232357646082,0.09131136718580506
3262,0.07257384806871414,0.09024997493907455,0.13156204832905402,0.09635710090700757
3263,0.0698188990354538,0.09428802750199056,0.13149750825673615,0.09303923219339523
3264,0.06369654089212418,0.09774149255906278,0.13392208412222384,0.09387937469432432
3265,0.06418058276176453,0.09993364682701351,0.1392155174251924,0.09185656451365935
3266,0.057755134999752045,0.09673280305331872,0.13356524590945468,0.08896129336693949
3267,0.07832279056310654,0.0905148286185053,0.12607725928116192,0.08795637757373546
3268,0.0764971375465393,0.0907389922285809,0.1308942422679586,0.08944843646244562
3269,0.053130242973566055,0.09462202469729754,0.13020896930605727,0.09010307805733672
3270,0.03603152185678482,0.09712905128732464,0.13142116885782573,0.09372354660656969
3271,0.02900996059179306,0.10018130036711073,0.13801671556503117,0.09824869675167468
3272,0.047810714691877365,0.09566233739979929,0.13277373158675146,0.09516506852618237
3273,0.059818677604198456,0.09064329396586532,0.1265340435969068,0.0900869085134505
3274,0.0669938400387764,0.09036789021101697,0.13140293271149311,0.09674181531804474
3275,0.05386835336685181,0.09462939062338682,0.1311449719746961,0.09276642768399303
3276,0.05243109166622162,0.09729099143605259,0.1313455874524256,0.09128516770421066
3277,0.036985307931900024,0.1001222913228775,0.13629189000201036,0.08828513092340871
3278,0.04118989035487175,0.09554194097644424,0.13204796983074824,0.08833470444958817
3279,0.09259330481290817,0.09055427287323706,0.12702492214975822,0.08774117068076298
3280,0.15485182404518127,0.09067634556348068,0.13199346507300988,0.09112642037899864
3281,0.1461477130651474,0.09531290410256647,0.13291335524008896,0.0911048095403459
3282,0.06830055266618729,0.09985542605599611,0.13445030499218527,0.09534187721799182
3283,0.06369246542453766,0.10259841708486034,0.140517149552445,0.1009232784450417
3284,0.11466392129659653,0.09775058338619197,0.13359777639537304,0.09784570153238446
3285,0.09645652770996094,0.09213886312344867,0.12603904995060924,0.09243912584232011
3286,0.08233017474412918,0.09234380325534834,0.13031269587262925,0.09706570295072808
3287,0.07923680543899536,0.09673850253681508,0.13324661561732434,0.09451252774922812
3288,0.08356549590826035,0.10027650286936823,0.13315647912829576,0.09324272952277682
3289,0.09136500209569931,0.10307680938123678,0.1389135089598165,0.09126193930811512
3290,0.09978678077459335,0.09992370446076934,0.13475492534450761,0.08919887235714284
3291,0.11472266167402267,0.09326418124206776,0.12845552692321857,0.08861751881985756
3292,0.08315172791481018,0.09218231752287666,0.13086522228939979,0.09029683863064568
3293,0.06358370184898376,0.09631385935113307,0.13402242007900386,0.09181334161425396
3294,0.0405271053314209,0.09928887847863077,0.13351181410088866,0.09407826532723687
3295,0.03717050328850746,0.10135170479942814,0.14012106877156127,0.09942857297398516
3296,0.07225482910871506,0.09949929420860278,0.13672206139761023,0.09797220145952214
3297,0.07813630998134613,0.09256917975554392,0.12883803096021595,0.0915863370010559
3298,0.08007626980543137,0.09174290732704322,0.13165607659325726,0.09650419640224954
3299,0.061437711119651794,0.09633823541723513,0.13497189247761765,0.09487698844107695
3300,0.04896033927798271,0.09915394831219677,0.13246208698434067,0.09182743562077458
3301,0.04502668231725693,0.10061973217846241,0.1367442325371776,0.08867732776892469
3302,0.0492955781519413,0.09904317311259964,0.13325451627729545,0.08862369800717361
3303,0.09342871606349945,0.09233972807943443,0.12740946728797534,0.08880897385377624
3304,0.15823230147361755,0.09109059509899174,0.13073678523264443,0.09170351376225327
3305,0.14453643560409546,0.0958011585391243,0.13320448389403358,0.09314617529665944
3306,0.09414847195148468,0.09837672027854359,0.1333002163492797,0.09433599539346728
3307,0.11586034297943115,0.09936153762084897,0.13781995645033532,0.09656751108418403
3308,0.16162064671516418,0.09763116558236486,0.13392365404021112,0.09478494830498621
3309,0.13262690603733063,0.09121260120036177,0.1264319863400618,0.08952894701522872
3310,0.09013187140226364,0.08971888191935706,0.12837234969683817,0.09270401944711554
3311,0.07110864669084549,0.09402563472856938,0.13105284619130025,0.09169561426024511
3312,0.0781223475933075,0.09614675402838667,0.12978098790896486,0.09235947130079286
3313,0.08233032375574112,0.09816275065605705,0.13354336451273868,0.09091825516485443
3314,0.09634546935558319,0.09732673969065181,0.13204242483113324,0.09037456440349632
3315,0.10865694284439087,0.09332498124005267,0.12876131027153837,0.08981263703152491
3316,0.07216548174619675,0.09348405235994067,0.13017903552266566,0.09076935291276599
3317,0.04593697190284729,0.09787823026592969,0.13657484441107812,0.09297859172914437
3318,0.029568491503596306,0.09934411990666923,0.13296230251491548,0.09539170343629437
3319,0.04419755935668945,0.10048266890731548,0.1377772983297593,0.10104454213009725
3320,0.09688014537096024,0.09889989011271721,0.13378889519545958,0.09928214580760257
3321,0.09936362504959106,0.09369918858099459,0.1310733108204968,0.09329760723436702
3322,0.09588956832885742,0.09313241363534255,0.1323708198132975,0.09648118619193222
3323,0.07642773538827896,0.09842554290066308,0.13690496404390437,0.09785709404883908
3324,0.05146206542849541,0.10073755997188451,0.13627578019299302,0.09553862285282366
3325,0.04059267044067383,0.1017332460267674,0.13931903798315218,0.09113201999103496
3326,0.06442657858133316,0.09941736794336177,0.13320704235896816,0.09047901132995162
3327,0.11641686409711838,0.09626137483766221,0.13227961946528044,0.09004346885025322
3328,0.1600847989320755,0.09647680168290412,0.13389765158273806,0.09470017146775596
3329,0.11394886672496796,0.10187720838481976,0.1371699621244108,0.09600597005138224
3330,0.055525172501802444,0.10169913670725328,0.13590396282456227,0.09947917690163707
3331,0.0791330486536026,0.10278392613380886,0.13945253233071214,0.10158618293764289
3332,0.1384284943342209,0.09923701072359693,0.131865742921742,0.0970571026240894
3333,0.12447059154510498,0.09639074834069944,0.1308936125693889,0.09609889544567568
3334,0.11568281054496765,0.09637197313744371,0.13443728062606716,0.09770276092801958
3335,0.10992821305990219,0.10258263894499259,0.13726664441231418,0.09837103478499772
3336,0.09816811233758926,0.10231217110378112,0.1362756919234792,0.09705228425417012
3337,0.10297219455242157,0.10307648992782087,0.13918100228727753,0.0939603085987593
3338,0.10836852341890335,0.10013345048016807,0.1312615317803722,0.09164260340275275
3339,0.11384982615709305,0.09599794318753246,0.13182891242607916,0.09244443468980497
3340,0.06749900430440903,0.09537492540661839,0.1348754524031819,0.09435987746349288
3341,0.048952650278806686,0.10181599215504838,0.137399995324575,0.09676666880080735
3342,0.03886611387133598,0.10223138669913862,0.13563927987007815,0.10049991792661168
3343,0.05865129083395004,0.10158792002992593,0.1390230273501013,0.10191434414203028
3344,0.12497305124998093,0.09913825909178513,0.13181065736862838,0.09774663281338704
3345,0.13219550251960754,0.09534015963474127,0.1315168484966206,0.09455777194400238
3346,0.12048814445734024,0.09457059250820428,0.13436553961257383,0.0953833394321648
3347,0.11740303039550781,0.10133602695901084,0.136261032739679,0.09807978186124315
3348,0.07558838278055191,0.10330071188353475,0.1354808966480151,0.0964588150639111
3349,0.04861930385231972,0.10385568058825548,0.13865756826125028,0.09076370967509093
3350,0.05665147304534912,0.09911187416523064,0.13165471636315385,0.09017092670796935
3351,0.12386157363653183,0.09696949658175556,0.1330257539341688,0.09296661346346377
3352,0.1785309761762619,0.09573424945383834,0.13513245494241274,0.09636708287266159
3353,0.15687619149684906,0.10352297527063249,0.1384746581741669,0.09965129710343104
3354,0.06357075273990631,0.10382943494232756,0.13613703820794684,0.10285169960911501
3355,0.08553419262170792,0.10468958637818612,0.1398084990170059,0.10188344339929513
3356,0.1496741622686386,0.0994900335947992,0.1322922553390403,0.09765896562681436
3357,0.1577938199043274,0.09765585876485033,0.13249329276052982,0.0974893034787539
3358,0.14504875242710114,0.09775596573998448,0.13652901136938347,0.09835823379835609
3359,0.12779273092746735,0.10454543726859562,0.13950647226431218,0.10016217797864019
3360,0.1135580763220787,0.10499711897246017,0.13564040981682002,0.10009728177406435
3361,0.13114282488822937,0.10451143211457463,0.1393485116915014,0.09596045581389415
3362,0.12973082065582275,0.09935765839995357,0.1302961496052511,0.09182222925797187
3363,0.13207083940505981,0.09664343119889329,0.13164024818951542,0.09408464946263861
3364,0.07780276238918304,0.09732724990020447,0.13475688739428604,0.09611339183634948
3365,0.0657230019569397,0.10447021091131171,0.1400225035651481,0.0974492378365983
3366,0.04883602634072304,0.10613019683884897,0.1365851106786061,0.1019470589736438
3367,0.08154544234275818,0.10568629820736263,0.14082906831228972,0.10467470456166139
3368,0.17146219313144684,0.10010456040866243,0.13286668830137793,0.09944191752327405
3369,0.15930786728858948,0.09772623870984272,0.13479427154612109,0.09779056207518871
3370,0.13996100425720215,0.0980363880440709,0.135348448950907,0.09632323097281112
3371,0.12400923669338226,0.10488493459766492,0.13889666667219364,0.10012096590196201
3372,0.06929437816143036,0.10729872592643343,0.13712720967165418,0.09764888921342178
3373,0.05212610214948654,0.10685676657116848,0.13975462779414086,0.09272163544484173
3374,0.07606673985719681,0.10210954698116259,0.13305813974084524,0.09016493321634948
3375,0.162736713886261,0.1011248284268802,0.13619994197420435,0.09322055072204195
3376,0.18568354845046997,0.09985275333316329,0.1358726327792721,0.09762642857468883
3377,0.13387398421764374,0.1074230041786214,0.14027202236301345,0.10040647499499893
3378,0.05706547200679779,0.10961961890060769,0.14020419580292515,0.10392352887983898
3379,0.0941016674041748,0.10763141464457265,0.14002317566425118,0.10471556349784458
3380,0.16622057557106018,0.10189632594357768,0.13406544783825178,0.09859956664959751
3381,0.17109479010105133,0.10245865391739843,0.13688453104966927,0.09901159436947037
3382,0.15994830429553986,0.10118243678527855,0.13706278902157368,0.09800515674050207
3383,0.1664084941148758,0.10966828675969363,0.1417511807252402,0.10302649671678978
3384,0.1546664535999298,0.11108331949435475,0.1400129332090561,0.10509317547501719
3385,0.15945211052894592,0.1080795470369888,0.14100949575274255,0.098338792881688
3386,0.15182466804981232,0.10246095535098397,0.13321059494985718,0.09300052882059129
3387,0.142677903175354,0.10262221455871456,0.13705682206880987,0.09595223950367265
3388,0.09458810836076736,0.10245499793497,0.13665994694269845,0.09943774586971149
3389,0.07315205037593842,0.11235139904152866,0.1434773901757081,0.10130278027042149
3390,0.05082109570503235,0.11546721955499971,0.14412898667701068,0.10541889960537976
3391,0.06326580047607422,0.11232773828419575,0.14382691311811585,0.10399793038475179
3392,0.1583508402109146,0.1070046550270727,0.13934150898344042,0.10083168783927904
3393,0.17272843420505524,0.1061920303490866,0.14203487618235666,0.10039535226685127
3394,0.16262131929397583,0.1051818699514482,0.1399687363218572,0.09822683519843607
3395,0.13145288825035095,0.1139560717697491,0.14461074224922402,0.10267449660081641
3396,0.11407482624053955,0.11721475922921401,0.145331513510517,0.10367428344478363
3397,0.1420663744211197,0.113316436496745,0.14331602853472977,0.09605347748716159
3398,0.15780828893184662,0.10763817444655616,0.14049983646055278,0.09494207598993633
3399,0.1567864865064621,0.10645593482480101,0.14264480656252176,0.09560899050694079
3400,0.1148717850446701,0.1042689088731235,0.13905440963082835,0.09908683360943366
3401,0.06940247863531113,0.11182352976979412,0.1446867000522813,0.10146262447664002
3402,0.0655580684542656,0.11401933360100552,0.14308661821197768,0.10550266948557416
3403,0.10214190185070038,0.11150017407443147,0.14349482631729701,0.1027425422888424
3404,0.15109671652317047,0.10631540332517063,0.13965177621583613,0.09895140562046349
3405,0.15114937722682953,0.10640763085310458,0.14164747045571982,0.09860399531536124
3406,0.14935462176799774,0.10434527379424931,0.13952977726643698,0.09903473817998486
3407,0.12946543097496033,0.11151039385117217,0.14489289369193548,0.10329349370044333
3408,0.12256958335638046,0.1147191142072379,0.14251842661253697,0.10441781601887783
3409,0.1226218193769455,0.11094271680327342,0.1416480292705176,0.09908256304639806
3410,0.12219075858592987,0.10556929316595114,0.1360604987706193,0.0950791739381764
3411,0.13223837316036224,0.10537102439744835,0.13999940878887743,0.09610042485017843
3412,0.09842779487371445,0.10354902942265688,0.13812322705379937,0.09990385837600475
3413,0.0641927644610405,0.11204609610523346,0.14336222889317785,0.10110680432400156
3414,0.05580158159136772,0.11695967966489391,0.1441929960301794,0.10566745858164367
3415,0.05819558724761009,0.11176814911789029,0.14489337407318567,0.10301659515411409
3416,0.13586297631263733,0.1040069518035513,0.14053815307739911,0.10311852769657938
3417,0.13740985095500946,0.1038904565570342,0.14256800176809015,0.10057937676407892
3418,0.11485227197408676,0.1035907104000104,0.13912368836900185,0.09861140766105976
3419,0.08461713045835495,0.11256658451727673,0.14495353600315164,0.10299038015552774
3420,0.06277218461036682,0.11718937014568222,0.14602513521553673,0.10152016575720788
3421,0.05603109300136566,0.11202656870244508,0.14431493274746077,0.09664697049378282
3422,0.071587473154068,0.1055254236937264,0.14059001360233706,0.09575295246635211
3423,0.12390480190515518,0.10538315993983206,0.14432593818892417,0.09716673147148952
3424,0.13096654415130615,0.10511922673959374,0.1417093468560814,0.1005699297145734
3425,0.07033475488424301,0.11399549626245777,0.1453648386922845,0.10248470844139534
3426,0.08877360075712204,0.11683624241091108,0.14676681367383393,0.10732165633095554
3427,0.12944640219211578,0.11167379864293511,0.14461582992999975,0.1021270990880669
3428,0.22711186110973358,0.10508084849685519,0.14044411873030788,0.09779077109431161
3429,0.17008623480796814,0.10518707308351077,0.14230192814592932,0.09712354889073178
3430,0.1158716157078743,0.10474627158230235,0.1400736604789796,0.09456489846971278
3431,0.09542768448591232,0.11360757168796333,0.14377052463871587,0.09958721519471142
3432,0.12226004153490067,0.11598933776127823,0.14345199773866285,0.1019834637195392
3433,0.11855929344892502,0.11197826293523944,0.14287748362971436,0.09807754777672292
3434,0.13602443039417267,0.1044115648106711,0.1392547608938108,0.09642727852073935
3435,0.13382194936275482,0.10593753751396102,0.1429709273392209,0.09842935161142212
3436,0.09832292795181274,0.10564742112466755,0.1411499549973791,0.10087890420375244
3437,0.0679137259721756,0.1137896615477283,0.14536516977897687,0.10123701194604379
3438,0.05728130042552948,0.11600963630420721,0.1472405585422577,0.10812103810898264
3439,0.07562203705310822,0.11152518458032473,0.14603496232970245,0.10430690931696927
3440,0.14228227734565735,0.10505272163422238,0.14158752061011717,0.10303208795861173
3441,0.14837047457695007,0.10512833549712877,0.14422782053280717,0.10049333797866454
3442,0.12759411334991455,0.10430521166954887,0.1397484008134603,0.09901503951033427
3443,0.10537151247262955,0.1133366261855489,0.14578238770139001,0.10272503630672442
3444,0.13089361786842346,0.11669089284061718,0.1470859505452048,0.1036218066809997
3445,0.1539267599582672,0.11210021773056968,0.1433408246096504,0.10016826464300853
3446,0.15304608643054962,0.10587974930498258,0.14174869755737013,0.09830194995811739
3447,0.15773966908454895,0.10447191511157315,0.14423022541888655,0.09849724231086981
3448,0.15480533242225647,0.10481039017263791,0.14004279386215523,0.10243341583945592
3449,0.13460609316825867,0.11204247166077362,0.14495248818836162,0.10488891444429758
3450,0.1323162019252777,0.11591159567490453,0.14662302085745763,0.11032730386937536
3451,0.15211090445518494,0.11092060463804776,0.14585242491389216,0.10374484392323374
3452,0.1733689159154892,0.10509272122101651,0.14073692607174146,0.09939984557108068
3453,0.14189623296260834,0.10349191034191228,0.14225303324371455,0.09539860522353973
3454,0.10830172151327133,0.10330847435594247,0.13764585137478028,0.09223196325369236
3455,0.1058838963508606,0.1094612584015314,0.1425182483707342,0.09666850474772161
3456,0.11776670813560486,0.11392859921472977,0.14262235437369142,0.10025468731741864
3457,0.11599353700876236,0.10849953121349937,0.1404565593815054,0.09627288304544095
3458,0.10663411766290665,0.10371845403187964,0.13934600937050814,0.0950318503545125
3459,0.12016622722148895,0.10295556665739845,0.1427425069550649,0.09451473383909438
3460,0.0828632041811943,0.10334195369124076,0.13722039672664854,0.095163265355828
3461,0.060414887964725494,0.10912051572292193,0.14257839759340737,0.09893340680084654
3462,0.05530206859111786,0.1126502469285402,0.14375620905606537,0.10546715253466399
3463,0.06601930409669876,0.10760293167456184,0.140655964407826,0.10055867224896246
3464,0.10546579211950302,0.10285764419984288,0.1381761393685412,0.10124899118153681
3465,0.08661172538995743,0.10225466791404202,0.14172838937486168,0.09756292273417834
3466,0.06004122272133827,0.103360811133363,0.13587519598648468,0.09507739468220432
3467,0.060208190232515335,0.10871894127495069,0.1398264026283403,0.09806079523554442
3468,0.06566119939088821,0.11235631407733573,0.14031745720334848,0.09757295087210695
3469,0.09089725464582443,0.10740527901583709,0.1386443519635482,0.09485582058435268
3470,0.09244901686906815,0.10234580426572994,0.13793083619202573,0.09604270958754176
3471,0.12108690291643143,0.10198719298835082,0.14250083195629068,0.09478787872428272
3472,0.10391276329755783,0.10343711164082361,0.13640701670929112,0.09621115259547887
3473,0.08010343462228775,0.10912626119858498,0.14151203676189247,0.09944502879750404
3474,0.06390218436717987,0.11317135134773264,0.14158372647671114,0.10531950515400425
3475,0.08792595565319061,0.10772130294660126,0.13986970212588104,0.09988335985913763
3476,0.09032145887613297,0.10256029869808617,0.13807789532725298,0.09830857153584033
3477,0.07230554521083832,0.1025597178191461,0.14110320076657976,0.0958958271833945
3478,0.08008794486522675,0.10394791061491636,0.13646695288895946,0.09436591966087632
3479,0.09898402541875839,0.10946516947612374,0.1402242681098245,0.09778374746019568
3480,0.09547020494937897,0.11377332020776255,0.13981154143657723,0.09879815261896908
3481,0.10456258803606033,0.10817052369283851,0.13879863625548075,0.09626098795696808
3482,0.08932854980230331,0.10331115206426143,0.13825593660540647,0.09479506188602858
3483,0.09636581689119339,0.1043400465615807,0.1415315529151446,0.09590684372962709
3484,0.0711871087551117,0.1052781040433516,0.13794588088047613,0.09662292216160923
3485,0.05655435100197792,0.11007161256719834,0.1441798223997521,0.0988825841366347
3486,0.047788068652153015,0.11557681390166205,0.14670167675911416,0.10723322339522565
3487,0.06494215875864029,0.11008233348132122,0.14599865896137662,0.10291051913768583
3488,0.10835926979780197,0.10646001077725648,0.14772001672137136,0.10524580166356533
3489,0.09592129290103912,0.10622129037766892,0.1495228242179465,0.10158050409168361
3490,0.08380661904811859,0.10698810972039405,0.1438296727118491,0.09898971320396942
3491,0.06941214203834534,0.11185972229094508,0.14502219013740528,0.10025449099218214
3492,0.07763303071260452,0.11650721174102192,0.14618142861025954,0.1003087697258538
3493,0.1155015230178833,0.11064662795708599,0.144948763119066,0.09995387085903977
3494,0.10923779010772705,0.10823678223613196,0.14829054912980646,0.09891729532264103
3495,0.10825152695178986,0.1076314072754279,0.1497474137010346,0.09753545121246172
3496,0.0711636021733284,0.1081512238797353,0.1439179786640879,0.0980278955018641
3497,0.0487079918384552,0.11100344321645507,0.14603835905320392,0.1007047175416418
3498,0.07761397957801819,0.11552638705455913,0.1449424101720528,0.10827492073020589
3499,0.10989627242088318,0.10922521767463302,0.14435992197065783,0.10433867420350856
3500,0.12623368203639984,0.10610104406011009,0.14478214583783133,0.1004319986610978
3501,0.0752263218164444,0.10533353993152267,0.1450965995580877,0.09641877468816712
3502,0.07174047082662582,0.10677971129736585,0.14035613415436451,0.09550960665664303
3503,0.08155164122581482,0.11066055362383614,0.14199141896954418,0.09777866452201617
3504,0.08633924275636673,0.1150464012105556,0.1425134072917998,0.09984525628845747
3505,0.093565933406353,0.10835572394453438,0.14125736826745403,0.0979209813779812
3506,0.08491767942905426,0.10501680917775934,0.14181413089592415,0.09664570083633482
3507,0.08939503133296967,0.10526655638302712,0.14356536641488588,0.09614967071771506
3508,0.06691162288188934,0.10714151124196482,0.14253667743158605,0.09764549699856429
3509,0.048233699053525925,0.11091249309418419,0.1432014034457395,0.10187946798231683
3510,0.04689588025212288,0.1157332720370564,0.14619148133467708,0.10811944652041153
3511,0.05902708321809769,0.10924606799271866,0.1456303710949576,0.10399158138145183
3512,0.09066447615623474,0.10664628899382335,0.14620438345367504,0.10489081908838296
3513,0.09338311105966568,0.10548340192249839,0.1465411969212191,0.10226953263553011
3514,0.07733286917209625,0.10773356154642516,0.14483709073278914,0.10183566353576023
3515,0.06609926372766495,0.11255135190898842,0.14631688878323573,0.10183194506813606
3516,0.09074882417917252,0.11673236944474716,0.14715885170081078,0.10281875867551368
3517,0.12515635788440704,0.1100334141906461,0.14552438147709382,0.10138945599099984
3518,0.09980674088001251,0.1065648448823452,0.14507784050930064,0.0981423929722922
3519,0.09170946478843689,0.10434869529336184,0.1450496061388911,0.09775430035687722
3520,0.06567026674747467,0.10730689509863461,0.14576391271867387,0.101292921952381
3521,0.05517915263772011,0.1117738788498917,0.14756635578122917,0.1039590160975521
3522,0.0686914473772049,0.11327376102620951,0.14530513357405797,0.11004494032459494
3523,0.0952274426817894,0.10818011516470763,0.1454374972531464,0.10500671704827322
3524,0.1022348403930664,0.10439360100972218,0.14364402976088916,0.10060568704472521
3525,0.08170315623283386,0.10138720183541548,0.14417324640109558,0.09428775340204115
3526,0.05313319340348244,0.10436910183795979,0.1411386266260438,0.0923766339111313
3527,0.05741378292441368,0.109500416096976,0.14281491169781269,0.0952216285868733
3528,0.07379503548145294,0.11035892567866691,0.14031909791546116,0.09686937179805363
3529,0.08375679701566696,0.10560542620045425,0.1404871082599167,0.09660381886552181
3530,0.08384320884943008,0.1028100305581789,0.14069113147826728,0.09591426288361364
3531,0.08211230486631393,0.10126767300869158,0.14184841010716154,0.09503102680882834
3532,0.0653953030705452,0.104381634490661,0.14259827931534205,0.09680185530039359
3533,0.041359320282936096,0.11095339080148997,0.1458994864911694,0.10106078015270285
3534,0.04371512308716774,0.11309152023266766,0.14622546993496652,0.106657456141301
3535,0.06627405434846878,0.10778282502866876,0.1502321712498465,0.10441753767893447
3536,0.1074584349989891,0.10355625723064697,0.148178291060873,0.10565567713428918
3537,0.09494597464799881,0.10276629322127247,0.14747798336309056,0.10140265869825503
3538,0.079379603266716,0.10564170366384076,0.144657579940439,0.09751908747025828
3539,0.0814119502902031,0.11195145875555595,0.145193105884967,0.10023082278087755
3540,0.11113032698631287,0.11489139562628047,0.14773366970889287,0.10119926950930774
3541,0.11715368181467056,0.10873552305591314,0.14928129683824737,0.10120483568538069
3542,0.09478412568569183,0.10408586832809773,0.14866539879603632,0.0995420021517047
3543,0.0939713791012764,0.10280874690682161,0.1495260023956679,0.10014389817668347
3544,0.07749935984611511,0.10628019217212031,0.14640799465232546,0.09970070255686721
3545,0.0926535353064537,0.11146527220158617,0.1469363000541179,0.10191044118984373
3546,0.12378636002540588,0.11080069921063727,0.1474573351048654,0.1085111788768171
3547,0.15317438542842865,0.10707716681690589,0.1481055215616536,0.10458845827328943
3548,0.12238571792840958,0.10153765337852994,0.14597400000620284,0.10055077501166601
3549,0.06234341859817505,0.10023867422005046,0.14635713305930878,0.09522398141039656
3550,0.06370606273412704,0.10274138432772598,0.14095144593926182,0.09458955307676567
3551,0.08045439422130585,0.10804899826851236,0.14038738408897142,0.09691490034308758
3552,0.09132944792509079,0.10799999525127936,0.14069441244757463,0.09701687694467089
3553,0.09987542778253555,0.10502018191713289,0.14142065026985426,0.09671390930833891
3554,0.09087999910116196,0.1002910182016671,0.14333870945938784,0.0955993192345077
3555,0.08963000029325485,0.1002938067312689,0.1457953909503555,0.0954764037717945
3556,0.06257423758506775,0.10410879994896209,0.1432765154522713,0.09565336825459046
3557,0.04280636087059975,0.10919367756100479,0.14251017980013445,0.09872165104799438
3558,0.04322334751486778,0.10775380292964036,0.14441902107684593,0.1042946120522124
3559,0.05188572406768799,0.10574618754327295,0.14646964486201317,0.10003407788248046
3560,0.09013430774211884,0.10178307020650253,0.14596747608844665,0.10246808011041354
3561,0.07958518713712692,0.10124877352173872,0.14657516327512835,0.09755588651356498
3562,0.05679694190621376,0.10281187157227359,0.14149936903253615,0.09536855759416601
3563,0.04500678554177284,0.10844966380760011,0.13994682732478994,0.096784679087645
3564,0.06690289080142975,0.10794208160138345,0.14173729364066398,0.09525528487109242
3565,0.08141617476940155,0.10487687064636518,0.14511894989872132,0.09594073028534299
3566,0.057224128395318985,0.1024970825074304,0.14515292782719694,0.09543608360843638
3567,0.09247250854969025,0.10075230453399438,0.1446000237547815,0.09396867891849882
3568,0.06535736471414566,0.10347198376783538,0.14243584077653504,0.09293706349188073
3569,0.035826172679662704,0.10780648733766346,0.14051884133289397,0.09599613283403344
3570,0.03148172050714493,0.10772789349967017,0.1425675202341357,0.10182112461646721
3571,0.027591319754719734,0.10477699318751767,0.144382831996131,0.09622479384228094
3572,0.051904212683439255,0.10054235702937525,0.14421333261401786,0.0988814517235781
3573,0.0505702830851078,0.10039473260885577,0.1434490488439966,0.0938038740367945
3574,0.047750841826200485,0.10393049961852889,0.14133434051339486,0.09090467459820874
3575,0.06289107352495193,0.10831101261682408,0.13891705029848106,0.09403318778202635
3576,0.09035101532936096,0.10855353584508683,0.1403537649716794,0.0954997851098541
3577,0.09949152916669846,0.10541508788047564,0.14360926958127485,0.09553543307633862
3578,0.08816072344779968,0.10144798560299022,0.14449499691615061,0.09428463549080365
3579,0.08050256967544556,0.10193943353485499,0.1445408976069641,0.09444164325193541
3580,0.06215650215744972,0.1039996300845715,0.14305980383816116,0.09434019053268168
3581,0.04879618436098099,0.11021341503075656,0.14255037390078645,0.09710001874870035
3582,0.0498446449637413,0.10859138133858001,0.14490975659910363,0.10385332182687397
3583,0.0590837337076664,0.10610460286478417,0.1487195992952531,0.10168546517484321
3584,0.0937761589884758,0.10302198187887318,0.1488232683248625,0.10309894196556316
3585,0.0852845087647438,0.10272238003707473,0.14653254529424278,0.09828506788367691
3586,0.05224676430225372,0.10472229437017293,0.14339179519626913,0.09564461593962531
3587,0.048644185066223145,0.10928427694253653,0.13953427665770365,0.09553610197133601
3588,0.0668327584862709,0.10821274827216693,0.14027190325633984,0.09398747085496209
3589,0.0664839893579483,0.10706970988166485,0.1465410889673171,0.09601347254485347
3590,0.0703222006559372,0.10206687619155047,0.1459068175649699,0.09567468032951475
3591,0.09791533648967743,0.10422187295382629,0.14777439609778742,0.09689636588449693
3592,0.08486292511224747,0.1064407413808799,0.1448283545600705,0.09734636104080628
3593,0.10810477286577225,0.1097804167687591,0.1399660239349442,0.09764247074421116
3594,0.13791951537132263,0.10820527822620715,0.14128767454371358,0.10398616031577047
3595,0.14774994552135468,0.10616762188330817,0.14527047586757727,0.09961947604038328
3596,0.12404501438140869,0.10066593169345954,0.14338528837582015,0.09856560607075154
3597,0.08446304500102997,0.10344390950029986,0.14520107354801437,0.096355515537861
3598,0.07149691134691238,0.10606129643533281,0.14259845585676975,0.09524807613378429
3599,0.0980062484741211,0.11017640408570575,0.1375093774257061,0.09771331992000838
3600,0.11201474815607071,0.10862490158497798,0.13945970716433936,0.09718182676717473
3601,0.12183672189712524,0.10743487958925685,0.14365077482690755,0.09721646860658074
3602,0.08779817819595337,0.10238613146465013,0.14392961813751684,0.09562453678784587
3603,0.07915996760129929,0.10495287931213526,0.1456492847500706,0.09558035844027281
3604,0.059392236173152924,0.1087085904045093,0.14684207490994847,0.09561261989302566
3605,0.0438113771378994,0.11166113168860191,0.14112083883911586,0.09631269403912027
3606,0.04797635227441788,0.11198475056706164,0.14370528121860712,0.10496799077475143
3607,0.056120239198207855,0.10810960629313787,0.15005338925683925,0.10278472220159776
3608,0.1017669066786766,0.10531048760128056,0.14979674065190138,0.10477334045379015
3609,0.10453817248344421,0.10773282727389732,0.15430332864250224,0.1047923298549124
3610,0.06632362306118011,0.10954586817299344,0.15082237786325584,0.09995599494242584
3611,0.06444048881530762,0.11264028040861375,0.14372512394889916,0.10039945550281787
3612,0.059190116822719574,0.11289177817618888,0.14506643860924925,0.09920963648618217
3613,0.059672560542821884,0.10964953088877066,0.14716911109979344,0.09802981392777589
3614,0.07670304924249649,0.1064781899936293,0.1503273550304193,0.09594387025619966
3615,0.11888270080089569,0.10913941327674269,0.15304704791177046,0.09741167261464113
3616,0.14036200940608978,0.11095245271757555,0.15184423045698728,0.09710057320017952
3617,0.10101461410522461,0.11533354621252954,0.14408088502432131,0.09991778856020855
3618,0.0693550556898117,0.11504120406670047,0.1478892127048012,0.1084005889791476
3619,0.07974594086408615,0.11045944827407847,0.14815949201069875,0.10250771017033532
3620,0.11876767128705978,0.10562964663341261,0.14934911951799715,0.10315890357092843
3621,0.09565316885709763,0.10919925018822302,0.15034384987444974,0.10118144644855791
3622,0.06909675151109695,0.11190158860309816,0.1500485759017017,0.09734475758198063
3623,0.10649218410253525,0.1173699940725538,0.1421733061594001,0.10007133664283044
3624,0.12472477555274963,0.11685541317185666,0.1464568332025529,0.10067361985108764
3625,0.14304988086223602,0.11179883179013782,0.14636021511715488,0.09835449236937874
3626,0.12017390131950378,0.10629755182273914,0.14867045626420697,0.09769476516146113
3627,0.1024739220738411,0.10968708507313982,0.15151113066433347,0.09797652709460766
3628,0.06401415169239044,0.11221781490451552,0.15248102452497972,0.09958803468010781
3629,0.05952465161681175,0.11738637387493407,0.1450731765605977,0.10118079157945109
3630,0.06486807763576508,0.11666507234266212,0.14925110786398327,0.10816016634009752
3631,0.08782440423965454,0.11220593548978912,0.15136562997702296,0.10379631927743427
3632,0.15684618055820465,0.10715768798172108,0.1542632670839671,0.10654312307810021
3633,0.14878997206687927,0.10912857029101074,0.15430382151393252,0.10493028573784441
3634,0.10254937410354614,0.11111822435331366,0.15400766604808816,0.10017947046354174
3635,0.08455564081668854,0.11633975079219618,0.1433648833187233,0.10149518662240126
3636,0.06691736727952957,0.11534282694170939,0.146495424391855,0.10042525529788447
3637,0.0767609030008316,0.11249559944790763,0.15161447545041307,0.09953277587571024
3638,0.07941839098930359,0.10692800457435289,0.15209094802807324,0.09952624531321531
3639,0.10645844042301178,0.10979966677783173,0.15448424854046464,0.09771462008940154
3640,0.09998439997434616,0.11217366078932728,0.153822736469988,0.09921937062154317
3641,0.04591887444257736,0.11677417718266024,0.14303370727027329,0.10038143281403937
3642,0.07485052198171616,0.11502038199146364,0.14688847935567576,0.10715546849070141
3643,0.1262792944908142,0.11185232335401153,0.1497158327644804,0.10219065911176578
3644,0.18889674544334412,0.1058403715801267,0.15106335490161638,0.10409232077807715
3645,0.13640081882476807,0.10942319910488373,0.15223175176344986,0.09906370747386338
3646,0.09257019311189651,0.11231128171152148,0.15121660113771515,0.09268922468664358
3647,0.10685393959283829,0.11736863476118814,0.14184091371510538,0.09718710478082344
3648,0.1393318474292755,0.11578929651920099,0.14371428164200253,0.09947830808236705
3649,0.17509369552135468,0.11251804348032489,0.1486322919256919,0.09734346851374794
3650,0.15925602614879608,0.10711902197362297,0.15108670516346911,0.09701621064163027
3651,0.13135847449302673,0.11137219293950001,0.15467914163036608,0.09757546470694053
3652,0.09650640189647675,0.11440214644926354,0.15558351768110615,0.10021941214662858
3653,0.09236301481723785,0.11848919065041316,0.14525052056916465,0.10150490871208012
3654,0.10986275225877762,0.11833723961857041,0.14889132005663722,0.10787942040857058
3655,0.12499169260263443,0.11464352737129134,0.15530049998456238,0.10469187945008483
3656,0.1724805235862732,0.10905191517513778,0.1568111673121421,0.10577784034771062
3657,0.15749964118003845,0.11176368911787855,0.1559290189700346,0.1023723432759137
3658,0.10892189294099808,0.11396790334242621,0.15565891609208557,0.09874204968506989
3659,0.08957715332508087,0.1193196084183258,0.14569996156146245,0.09895867952375595
3660,0.08328583091497421,0.11799947627111038,0.1488404847028958,0.09836855895692134
3661,0.09542915225028992,0.11387532415044585,0.1541096285547104,0.09932983433957408
3662,0.09808583557605743,0.10713625578511467,0.15473182071597777,0.09776718364153517
3663,0.11930029094219208,0.11030640854875351,0.15418727798936804,0.09671053782997943
3664,0.10029956698417664,0.11442788237174684,0.1549614721193753,0.09803029278863808
3665,0.12204763293266296,0.11760198971211965,0.14395092505296891,0.10114014011782725
3666,0.22288461029529572,0.11659847406856202,0.14809609554576017,0.10825843488295263
3667,0.25422602891921997,0.11243647161107284,0.15252088320217896,0.10320742563612008
3668,0.23818591237068176,0.10643860217850216,0.15321653416610903,0.10172772920458337
3669,0.09838361293077469,0.11002400599271772,0.1526834541995069,0.09745333490158627
3670,0.08136824518442154,0.11474850374000685,0.15275401395834737,0.09397600041970731
3671,0.12254781275987625,0.11740745755185532,0.14154402227334628,0.09765157876988693
3672,0.1495477557182312,0.11650527130493776,0.1455792360129098,0.0989036382377198
3673,0.174003466963768,0.11299241306002883,0.15087050222183496,0.09859978361769701
3674,0.13822275400161743,0.10590845898224108,0.15271949295850185,0.09719952857008107
3675,0.11521890014410019,0.10951545706640277,0.1549860619733234,0.0953573570949561
3676,0.07027337700128555,0.11444461904752917,0.1565105358776276,0.09863711305298203
3677,0.08385837823152542,0.11698777864856034,0.1454938940040844,0.1017538675994545
3678,0.09926006197929382,0.11803048450829041,0.15000872557882683,0.10739545239546365
3679,0.13006003201007843,0.1144812945522652,0.15453505734169543,0.1068449714811439
3680,0.1938866674900055,0.10927810337458288,0.1570815931571422,0.10815876549637866
3681,0.15658585727214813,0.11235533778390429,0.15798393154576232,0.1042059828151077
3682,0.08744999766349792,0.11651833578035875,0.15897316053794613,0.10052452345687048
3683,0.07569704949855804,0.11812728690677546,0.14776266352826098,0.10196346446878123
3684,0.06375836580991745,0.11905874506412673,0.14810087696728563,0.0983679440841939
3685,0.0754048302769661,0.11550563322283133,0.15612215035698676,0.09973575051446361
3686,0.08184356242418289,0.11082863374898672,0.1543262049202913,0.0981604763962641
3687,0.128573477268219,0.11454160518213562,0.15935684253253188,0.09820456258946376
3688,0.12295735627412796,0.11879021274005302,0.15964285082698162,0.09819466993379879
3689,0.057651691138744354,0.11842267128489499,0.14658250121900288,0.09946121788604402
3690,0.0448472760617733,0.11842368103605416,0.14702786633684983,0.10612419669658318
3691,0.19021107256412506,0.11558581700600774,0.1538154385364872,0.10470112592180786
3692,0.2845320999622345,0.11034668557822119,0.1555243928835429,0.10469446409344879
3693,0.23589901626110077,0.11379796214450909,0.15731443168919787,0.099738206795134
3694,0.11602917313575745,0.11921023793202057,0.15825480712112247,0.09376890806907813
3695,0.1344124972820282,0.11884731903357038,0.14566546275527859,0.09677321525862109
3696,0.16409549117088318,0.11941752905722995,0.14643737403418722,0.09829265307927941
3697,0.19789347052574158,0.11515092174646036,0.1523643902011431,0.09978258809334774
3698,0.1923345923423767,0.11004866905729817,0.15331289563017161,0.09802439597933205
3699,0.15659956634044647,0.11407584425465232,0.1569314136824562,0.09786340302274565
3700,0.10206785798072815,0.1197909719162043,0.15902471942805374,0.09896523115541225
3701,0.12850983440876007,0.11960600034612462,0.14774185883682714,0.1009378267215188
3702,0.15303398668766022,0.11984643002883005,0.1495778475172499,0.1058833332158109
3703,0.19103722274303436,0.1157972918193987,0.15719654767036906,0.10615439417645654
3704,0.2226053923368454,0.11229056286781737,0.15736991959852345,0.10503743668435792
3705,0.19779901206493378,0.11489266009056466,0.1594756661554374,0.1058829596944602
3706,0.1263587772846222,0.11973858102275801,0.15906424502143668,0.102092770252477
3707,0.09824644029140472,0.1195673303803349,0.1481862926128604,0.09862792934210454
3708,0.10139413177967072,0.12001802299450012,0.15153691046645615,0.09947014273906724
3709,0.11390668153762817,0.11597452509077924,0.15829731383473503,0.10082827718177284
3710,0.11708845943212509,0.1122145480458857,0.1569025826629472,0.09931237346703853
3711,0.1578998863697052,0.11546377043983179,0.16019688241042232,0.09932253980797631
3712,0.17967405915260315,0.11944159531782737,0.15883228333011656,0.09922140009506801
3713,0.2306315153837204,0.11841218522547474,0.14599519391456062,0.10211793845801755
3714,0.2565685510635376,0.11895462483152251,0.14799887432974282,0.10786778515049983
3715,0.29363083839416504,0.11603605002520713,0.1553894039810496,0.10618972994437455
3716,0.26680630445480347,0.11084897203172733,0.15579648069727084,0.10646703503640662
3717,0.17444533109664917,0.1151521887228668,0.1574316688440235,0.1010363584863248
3718,0.1367115080356598,0.11936963355925427,0.1566228063660161,0.09851347264449731
3719,0.15705031156539917,0.11866736632013603,0.14520282849611962,0.10028636120979449
3720,0.1792612373828888,0.12022170410674153,0.14719879697735616,0.10046412714431842
3721,0.22993764281272888,0.11475759422629905,0.15289407098886967,0.10067186803565836
3722,0.19473153352737427,0.11086407683074775,0.15428568782913052,0.09893174878449612
3723,0.1605217307806015,0.11571179953810012,0.1583949209255238,0.09897413025744921
3724,0.08271948993206024,0.12022179117268711,0.15777688209797622,0.09999654406905693
3725,0.11350815743207932,0.11929433718758964,0.14631638555357254,0.1032624697026729
3726,0.14942196011543274,0.1206292115974752,0.14950638479599865,0.10687033662791431
3727,0.1911235749721527,0.1148550717361433,0.15594574835159583,0.10630306014067781
3728,0.22168709337711334,0.11256211751288606,0.1567557904883617,0.10720813156372964
3729,0.19623629748821259,0.11677751283201618,0.15918900306293485,0.1052153586232246
3730,0.13232499361038208,0.11978524643569553,0.1587506807506527,0.10306204494177534
3731,0.10665247589349747,0.11894517000170426,0.14574388544911313,0.10331019680827191
3732,0.07305670529603958,0.12056048450075657,0.14871813767334405,0.10091508054363435
3733,0.08175615966320038,0.1152384414529477,0.15457110845558278,0.09973489297580107
3734,0.0984141081571579,0.11429432352871888,0.15655744510207423,0.0989699072174158
3735,0.1532544195652008,0.11724509983527082,0.1593182084514197,0.09628041695635968
3736,0.15365132689476013,0.12206701389623277,0.1592835911918745,0.09829107831121218
3737,0.09915151447057724,0.12108804213166321,0.14783489674811404,0.10155109139946049
3738,0.0488094799220562,0.12221602803521484,0.1487882917301351,0.10644678556413717
3739,0.12312975525856018,0.11760305872291683,0.15545877110244813,0.10348428899594832
3740,0.19877402484416962,0.11392415629683383,0.157034308539365,0.10671286532482155
3741,0.15776997804641724,0.1178987074515322,0.1584947680665652,0.10239160769520445
3742,0.12828266620635986,0.12254730204137604,0.15735831909089415,0.10075414430784532
3743,0.15067444741725922,0.12206916163440716,0.1481008260406074,0.10198895022039038
3744,0.1688305139541626,0.123517338935743,0.1479343467770203,0.10152649720816416
3745,0.23381370306015015,0.11738932576398434,0.15347250192824433,0.10184628673927022
3746,0.18462908267974854,0.11354972714346241,0.155110105719326,0.09948379133474478
3747,0.18164218962192535,0.11809905955300827,0.158675504620689,0.09922305638561892
3748,0.09313420206308365,0.12139620050327432,0.1560019543444656,0.09922782121181911
3749,0.09447358548641205,0.12105784289726153,0.14577423000492407,0.10342519983867021
3750,0.13491639494895935,0.12206785793494,0.14737271333708202,0.106136791556303
3751,0.20301412045955658,0.11678885517358198,0.1557450242479753,0.1063325071358545
3752,0.22490596771240234,0.11341793247485912,0.15911868103621266,0.10703375818556889
3753,0.19803982973098755,0.1183571713844608,0.1619125285710733,0.10803893216812747
3754,0.14640848338603973,0.12172570931746884,0.16018355282687644,0.10371712712516713
3755,0.10728896409273148,0.12169339660284137,0.14857670014746602,0.10352914925887076
3756,0.08792891353368759,0.12320491191719402,0.14919524537569454,0.09967351679071451
3757,0.1222410649061203,0.11784062477938156,0.15569685167455363,0.10220823344813036
3758,0.1282150000333786,0.11391791562508914,0.15875483033502086,0.1000626132791106
3759,0.1906590759754181,0.11886115788209795,0.16296625440721216,0.10115209032196702
3760,0.1553916335105896,0.12185922510687769,0.1610254778051871,0.0997647599154685
3761,0.12230103462934494,0.12235634516176058,0.1487532224591697,0.10314936724834034
3762,0.28131043910980225,0.12255867154454507,0.14948135079478717,0.10676645415187268
3763,0.34506839513778687,0.1173946045171669,0.15563466139842275,0.10416009873322092
3764,0.3299851715564728,0.11374205166701522,0.15843814177123441,0.10463472482828258
3765,0.15550966560840607,0.11889435794353093,0.16194350327080118,0.10124917602982787
3766,0.10225629061460495,0.12220358306197067,0.16111601236761472,0.09573344496216339
3767,0.1607963889837265,0.12308524162913971,0.149488881841433,0.10130993092072148
3768,0.15822267532348633,0.12305622455851398,0.14959050992845693,0.10092310095687655
3769,0.2103094458580017,0.11850407949062079,0.15484619301224353,0.10195897875450868
3770,0.16612176597118378,0.11403235264619557,0.15661876512704306,0.10033359662629948
3771,0.15093421936035156,0.11953879805310881,0.1614133627653835,0.09897526663359626
3772,0.08171035349369049,0.12316109593117092,0.16132607630200899,0.10034640568088594
3773,0.07330407202243805,0.12333877978712429,0.14931203346608232,0.1041279836374379
3774,0.08911115676164627,0.12279422219219766,0.15149069828757786,0.10723974502436572
3775,0.1442730724811554,0.11976775736537258,0.15933779492119274,0.10740355604027493
3776,0.19116154313087463,0.1150817631234502,0.16090490558598783,0.10712653276524615
3777,0.21908555924892426,0.1203707668479035,0.1643832052700853,0.10515434929952572
3778,0.15336570143699646,0.12368465051946115,0.1634726558225066,0.10377849450813215
3779,0.1214369386434555,0.1232198677861498,0.15018784750212838,0.10215827051306346
3780,0.14456051588058472,0.12258186939291585,0.1497336024193001,0.10295852986000131
3781,0.18676500022411346,0.11988709846411183,0.15745125907274912,0.10350631253674038
3782,0.18318387866020203,0.11532117331195685,0.15919426955673843,0.10016083213972445
3783,0.16771946847438812,0.12097525722564195,0.16539087366370506,0.09947011376180512
3784,0.13616953790187836,0.12319975601539798,0.16333139531595303,0.10007132657458072
3785,0.07703714072704315,0.12360367832802616,0.15283780218356974,0.10284682160139241
3786,0.10489843040704727,0.12280746715561883,0.15023059335010727,0.10792914694694032
3787,0.2018233686685562,0.11892303255195485,0.15790487481386145,0.10625121618504961
3788,0.2570851147174835,0.1151739153099546,0.15985816716412204,0.1053782203930606
3789,0.22641684114933014,0.1205442094049194,0.16434861373544096,0.10053777868645873
3790,0.1173897236585617,0.1229587628212716,0.16313159941927277,0.09594999315147833
3791,0.10943135619163513,0.12279092094924698,0.15098005681009086,0.10003571892156621
3792,0.12813064455986023,0.1217338719096861,0.14851433835032546,0.10182665453444212
3793,0.15375269949436188,0.11826416619363579,0.15743356926987376,0.10231257149568564
3794,0.1591765135526657,0.11450272010195837,0.15758263808693176,0.10104904759125605
3795,0.12968499958515167,0.12034688810171987,0.16345370891086317,0.09873253058117061
3796,0.08165083825588226,0.12311781008829312,0.16368842659234487,0.10130327419124495
3797,0.062001992017030716,0.12441311152448989,0.15076659858513278,0.10362543241234637
3798,0.06789376586675644,0.12203422170893258,0.15063974239717196,0.10677386077719166
3799,0.11902041733264923,0.11878728050526713,0.16143148740270544,0.1083712670443698
3800,0.17541278898715973,0.11477745625596082,0.16236026403557277,0.10775964381654939
3801,0.22277501225471497,0.11956715370938298,0.166231605968432,0.10698093715594185
3802,0.1535039246082306,0.12251017784717066,0.16437519751444318,0.1055651549279874
3803,0.12126502394676208,0.12436287899159099,0.15138092069170528,0.10289734740389629
3804,0.16055159270763397,0.12328835986674637,0.1508990121589725,0.10347753587310034
3805,0.18899661302566528,0.12101786821954853,0.1598651025785944,0.10527557844721941
3806,0.173365980386734,0.11646376348474555,0.15869100878976844,0.10163593885940582
3807,0.18892711400985718,0.1227079558008562,0.16596748865316044,0.10186676656467278
3808,0.17338018119335175,0.12699345370060083,0.16456323571299233,0.10550716906316121
3809,0.17563852667808533,0.12783912353606586,0.15134491461105173,0.1064735379082339
3810,0.20563606917858124,0.1269182451507376,0.1536676493078881,0.11512034099553035
3811,0.2534639835357666,0.1244257675841271,0.1647540528376673,0.11616121738891731
3812,0.26911064982414246,0.12086136208555587,0.16685638124597582,0.11550447956168051
3813,0.2321668565273285,0.1253322145537769,0.17249812267164175,0.11161945883350356
3814,0.14117707312107086,0.1311179310361634,0.16978178745550238,0.1069345143186149
3815,0.12326866388320923,0.1295823647146208,0.15555460440154886,0.10936182979548321
3816,0.13240213692188263,0.12571810400712738,0.15300418284031417,0.11101424726951543
3817,0.13707824051380157,0.12435350233537337,0.16141361821420885,0.1109387360587144
3818,0.142532616853714,0.11908805917202728,0.16154638350554487,0.10845926133490251
3819,0.1228770762681961,0.12406065731079931,0.1666083327858816,0.10407598785924545
3820,0.07482883334159851,0.12873116732196452,0.1640114090706436,0.10473702651080442
3821,0.06653808057308197,0.1276903743766871,0.1508915362458093,0.10776395740450315
3822,0.07079626619815826,0.1240468225914158,0.14934661408583236,0.11137794054425908
3823,0.10171320289373398,0.12210937395178488,0.1601077159364724,0.1127923212721913
3824,0.14953091740608215,0.1171825606868572,0.1629123802872277,0.11265036713297051
3825,0.17056173086166382,0.12258185978350312,0.1676011426741324,0.11211677690339257
3826,0.12333385646343231,0.12805980465977262,0.16704146813590703,0.11361790375565552
3827,0.1004936695098877,0.12775801011296667,0.1537184525193669,0.10872803519594107
3828,0.1073397696018219,0.12408625085138757,0.14963376551234903,0.1076042784867326
3829,0.11685480922460556,0.12233325430226505,0.15911019883723043,0.10768119712020723
3830,0.1380774825811386,0.11712000658644146,0.16088168970221275,0.10606090202726749
3831,0.1530410200357437,0.12180009729818429,0.1669845538556613,0.1048645421623812
3832,0.12464039772748947,0.12734634639344325,0.16548616627907273,0.10683270025664991
3833,0.11198806017637253,0.1267095600075839,0.1516288634812222,0.10796139500891638
3834,0.15934188663959503,0.122925135875292,0.14797650073090815,0.11404292822695637
3835,0.2347961664199829,0.1223256667595983,0.1592386712233886,0.11279331027916148
3836,0.26633211970329285,0.11638117766038635,0.16104823187750716,0.1098736898922852
3837,0.18549953401088715,0.12061859092642745,0.16523385050857484,0.10394519645300716
3838,0.10154285281896591,0.12713164654253423,0.16383484353619907,0.10322434062345262
3839,0.11699773371219635,0.126477862655881,0.15125409640787335,0.1041640143170624
3840,0.13975487649440765,0.123342248203226,0.14665894622885126,0.10775485809302038
3841,0.14528979361057281,0.1218181895490456,0.15661319750169167,0.10796999109946613
3842,0.14033062756061554,0.1170562340512172,0.1580402013057847,0.10630820341885316
3843,0.11368817836046219,0.12119973793861218,0.16436600128053008,0.10359558713352968
3844,0.07041344046592712,0.12736689666921494,0.16318788496336942,0.10436135188837094
3845,0.06230657547712326,0.12726933138596086,0.15108179630204358,0.10748466841706344
3846,0.06080244854092598,0.12439959065949142,0.14889520829615155,0.11308748162780188
3847,0.09183137118816376,0.1231169006187844,0.1619182303647643,0.11488470002461147
3848,0.16310691833496094,0.1185326092790173,0.16415110053437354,0.11334969188503238
3849,0.18931521475315094,0.12263605821609704,0.1698246312908602,0.11332564478750262
3850,0.15582764148712158,0.12771007699576184,0.16799142259474587,0.11408346615804653
3851,0.11693765223026276,0.12840812304665217,0.1548253936984333,0.1077637274812877
3852,0.12791769206523895,0.12411302411156226,0.15010135465409394,0.10811657906644356
3853,0.12470369040966034,0.12407839691654993,0.16142011208657087,0.10813570079582759
3854,0.14141926169395447,0.11944524321810263,0.16295539328508007,0.10723908108015254
3855,0.15959762036800385,0.12300141893463437,0.16811783653313125,0.10611727496170031
3856,0.1284818947315216,0.12942773642921176,0.16782638899438443,0.10744102101298489
3857,0.09990102052688599,0.1295960693508283,0.15468972544389126,0.10907915061419783
3858,0.14862149953842163,0.12437136826851435,0.14894391502623489,0.11361232403199573
3859,0.20665453374385834,0.12315025973204326,0.16054682172262805,0.11310578201757754
3860,0.2223549336194992,0.11827838188778445,0.16201351533049813,0.11019176107835155
3861,0.1848573535680771,0.12166039855635026,0.16594160004492434,0.1047888989952872
3862,0.10231420397758484,0.12799191740070104,0.16544141271700016,0.10458204016316607
3863,0.10439053177833557,0.12859298001395206,0.15235981054616296,0.10427420707256156
3864,0.14882488548755646,0.12404668349035593,0.1478950928555065,0.10702515322731973
3865,0.16879619657993317,0.12227532640768661,0.15831242957328923,0.10849735723366379
3866,0.182835653424263,0.11786557207654438,0.1613380346688504,0.10737588377422917
3867,0.1372663676738739,0.1213993116847084,0.16623726624176227,0.10414045218645923
3868,0.08362553268671036,0.12799860119370757,0.1660205906228889,0.1049521099254726
3869,0.06680738180875778,0.1289904432397744,0.15274022028067089,0.10768714207710123
3870,0.07940470427274704,0.12394280615256838,0.14870639330306681,0.11129385528914355
3871,0.09216253459453583,0.12239538791178023,0.16100511691857552,0.11423418931280932
3872,0.16158460080623627,0.11828450270976458,0.16549528386182014,0.11231513253618135
3873,0.1929253190755844,0.12183910338829093,0.16989109327137245,0.11059911665832332
3874,0.139973983168602,0.12808636307674717,0.16891087326534135,0.11157976846081165
3875,0.11563381552696228,0.1295067520237166,0.15588061496838346,0.10817642132627059
3876,0.12357988208532333,0.12474110634924383,0.1505240682722742,0.10698332247763552
3877,0.1304965764284134,0.12312629071599619,0.16029657735523803,0.10642035398218518
3878,0.1544407457113266,0.11839360749605149,0.16393243077083974,0.1069104620240488
3879,0.17882069945335388,0.12111165613501686,0.16808392292487478,0.10461915738339456
3880,0.17279046773910522,0.1273927921827842,0.16728081657618593,0.10687508404327946
3881,0.1365579515695572,0.12949649914586311,0.1546471892859299,0.10704871835660298
3882,0.15007954835891724,0.1235857576898245,0.14889911954205062,0.11261030619034158
3883,0.21794521808624268,0.12195646004886627,0.15898866105095658,0.11271540954657552
3884,0.2609851658344269,0.11733449572033706,0.16315530866730457,0.11153747743827301
3885,0.2052946537733078,0.11986488451334866,0.16639458558719256,0.10326636657557148
3886,0.11705982685089111,0.12646872968873976,0.16583213229625826,0.10190241525148282
3887,0.11279468238353729,0.12874023463595238,0.15376657437303834,0.10336844791828868
3888,0.14242926239967346,0.12374996264507146,0.14786562854217503,0.1067565724104167
3889,0.16593120992183685,0.121761727014864,0.15744102701274681,0.10701843335626755
3890,0.16970549523830414,0.11753403893029808,0.16091442508890055,0.10707816317171705
3891,0.15213067829608917,0.12048353188351674,0.16587385912569552,0.10355676044121943
3892,0.07692144066095352,0.12678353088896432,0.1648324151011402,0.10336692586311544
3893,0.06886199861764908,0.1280372435895196,0.1520044001633627,0.10602339448303671
3894,0.09027847647666931,0.12342318850360673,0.14713045300510255,0.11049978270535198
3895,0.10850097984075546,0.1218076440118804,0.15956754145977184,0.1122761016405906
3896,0.15304216742515564,0.11694729688995803,0.16358217439637454,0.11101558905952853
3897,0.2068333923816681,0.12023379977516897,0.16832257610241133,0.10957930493158297
3898,0.1676039695739746,0.12744833054732954,0.16766420850661604,0.11227251144962018
3899,0.15030544996261597,0.1278820080606119,0.15426653897842413,0.10939447551952709
3900,0.165623277425766,0.12292554089797908,0.14941538439224653,0.10722066694810724
3901,0.17196939885616302,0.12214355563436842,0.1597702255187558,0.10821285732727616
3902,0.1831786036491394,0.11817590632336916,0.16332618453644684,0.10571024398875202
3903,0.16437654197216034,0.12158723639303287,0.16978687215458424,0.1045671975282096
3904,0.08704673498868942,0.1282834910163382,0.16867642645323644,0.10435356563332153
3905,0.07736489176750183,0.12961582816822978,0.15594840258287765,0.10775433145259324
3906,0.12051055580377579,0.12461662732802194,0.150325437921488,0.11348679490463995
3907,0.16947361826896667,0.12247365145161684,0.16139794930671006,0.11233844659129426
3908,0.2015378177165985,0.11815299285651251,0.16486098852038344,0.11237091151977334
3909,0.1434146612882614,0.12108263821152994,0.16897350062745475,0.10360443538428704
3910,0.08155271410942078,0.1279010130957516,0.1686657601366944,0.10210905053053626
3911,0.10295284539461136,0.1293162103476348,0.15602664012488676,0.10552174512148285
3912,0.13722054660320282,0.12539877107595118,0.15104974897033643,0.10702123069404842
3913,0.14312626421451569,0.12304107211036307,0.1607144662192062,0.10881355081155343
3914,0.13401073217391968,0.11884759087845859,0.16475870317201985,0.10693710001619343
3915,0.13182762265205383,0.12133907463124674,0.1689559994765362,0.10493496685708771
3916,0.06679405272006989,0.12815504473506972,0.16858463318601052,0.10534108566709949
3917,0.05774317681789398,0.129057259085248,0.15510261427169061,0.10745765640340538
3918,0.08286859840154648,0.1250176592713762,0.1506075545816226,0.11169790226380857
3919,0.12092971801757812,0.12291840036025685,0.1626674318978062,0.11430203390539383
3920,0.1612819880247116,0.11850717392065903,0.16615469879380787,0.1117979787425774
3921,0.20450353622436523,0.12131595176038919,0.17156738855793724,0.1102266052090039
3922,0.16580888628959656,0.1278487181848037,0.17003589892972945,0.11182488794777007
3923,0.13402675092220306,0.1287941586522738,0.15614014384970895,0.10857788211242005
3924,0.15225544571876526,0.12499808112458943,0.1503880317128978,0.10838766525456066
3925,0.17249785363674164,0.12298563663553606,0.16041679451282834,0.10772929891023267
3926,0.18103884160518646,0.11734349174273619,0.16400873107462016,0.10466113233241371
3927,0.14900219440460205,0.11992169768112754,0.16989726074728778,0.10472187422421131
3928,0.08113331347703934,0.1260244429537412,0.1686211702510694,0.10562101895900865
3929,0.061146385967731476,0.12626305075036603,0.15518616567066862,0.1084516474834521
3930,0.08046514540910721,0.12288277714072554,0.15099219897607505,0.11439863059706636
3931,0.13811194896697998,0.12144783222999368,0.16058095169993572,0.11326914751872973
3932,0.2008395493030548,0.11694664760857941,0.16394539798983807,0.11121098326880126
3933,0.17543765902519226,0.11936128456463098,0.16992759023042656,0.10240407027624196
3934,0.10111647844314575,0.1257206701656927,0.16877846064715446,0.09987592609319412
3935,0.09503728896379471,0.12563282074061347,0.15457308802356903,0.10418636482367666
3936,0.1421123892068863,0.1216600154655561,0.15007240064617564,0.10666122014555049
3937,0.14608953893184662,0.12013402854982153,0.15928371806128255,0.10710899870217573
3938,0.1294311136007309,0.1163685577109199,0.16249711021111182,0.10435660679023168
3939,0.11408913880586624,0.11975965587693552,0.1688602748633206,0.10288766819098379
3940,0.06493435800075531,0.12613199049867496,0.1678447511510481,0.10279831731982884
3941,0.06803945451974869,0.1266017984103952,0.15483928099053487,0.10584364542104187
3942,0.06147368997335434,0.12314622286746779,0.15100554994281973,0.10922145313504812
3943,0.08649633079767227,0.11999145883101434,0.16085841208577253,0.11095431881032375
3944,0.13297787308692932,0.11669815163454919,0.16438351373628277,0.1104924312602619
3945,0.14144568145275116,0.12042688522176492,0.17175474469156238,0.10607797115326512
3946,0.11261232942342758,0.12655954430598929,0.17096002000743837,0.10955909991690155
3947,0.08558519184589386,0.12591045517823665,0.1563777432883138,0.10905133565413165
3948,0.0667245090007782,0.12381897270282044,0.15269225001988812,0.10546545345075793
3949,0.061361365020275116,0.12144270765609,0.16174405563510783,0.10612444125746222
3950,0.09445066004991531,0.11755054812644472,0.16251291222119116,0.10439602285859223
3951,0.12543274462223053,0.1204424074686436,0.17149112148260226,0.10180066105701088
3952,0.09319031983613968,0.12573084915588695,0.16950906066612603,0.10279819721959643
3953,0.09478811919689178,0.12587847339670596,0.15546057323608908,0.10483591351860735
3954,0.10945209115743637,0.12211005424270532,0.15168529238079234,0.11024853876135339
3955,0.14906956255435944,0.12130583198855288,0.16322239512689832,0.11058460154326223
3956,0.18282146751880646,0.1177817084518602,0.1635276803701344,0.10913711787943119
3957,0.13435043394565582,0.12035635287448189,0.17084401951710107,0.10390906474648996
3958,0.08435773849487305,0.1259613425083822,0.1682136936521793,0.10228233216333389
3959,0.1335599273443222,0.12559427310798713,0.15378154023313712,0.10486519199601324
3960,0.1645810753107071,0.12164523872887312,0.14885495712925742,0.10533555584024504
3961,0.16456036269664764,0.1208591596388723,0.16057823639725466,0.10784335972365583
3962,0.1434124857187271,0.11686942879146295,0.1627014149404036,0.10620252434162734
3963,0.12515106797218323,0.11917663684285662,0.16924218174471672,0.10434138879191748
3964,0.07853586226701736,0.12448864884574645,0.16760159231230418,0.10348530798985599
3965,0.07899938523769379,0.12464784689277647,0.15431953423129638,0.10709954429505845
3966,0.09796864539384842,0.12104097782483046,0.1509123009920643,0.10956010498974322
3967,0.13693436980247498,0.12126902053156843,0.1638434915643308,0.11264172951992026
3968,0.19810029864311218,0.11879354741290457,0.16699429139609123,0.10985433869595158
3969,0.18517941236495972,0.12102035816570576,0.17410098478785266,0.10976521986525585
3970,0.09494676440954208,0.1254489082283908,0.17066136025917977,0.10717925929221472
3971,0.09224853664636612,0.12569318606675392,0.15603233820661613,0.10630903663006741
3972,0.10143496096134186,0.12115597133903293,0.1520247395897523,0.10786470485932208
3973,0.09724297374486923,0.12120118091223377,0.1625452734397637,0.10814214081436778
3974,0.12072491645812988,0.11800684588676941,0.16486098860670587,0.1073745805675263
3975,0.1641639620065689,0.12096111464215414,0.17240929552318782,0.10748398639240833
3976,0.17416755855083466,0.1269747534973791,0.17026873094679884,0.1080254452987225
3977,0.1852371096611023,0.12549741067224696,0.15532909555889862,0.10927959769055372
3978,0.21490296721458435,0.12116197777537514,0.15094079800796728,0.11482872216437787
3979,0.2103942334651947,0.12110604074942342,0.16350423668337666,0.11499247914441982
3980,0.2687610387802124,0.11826516089457179,0.16719385102683396,0.11315136076781625
3981,0.20474137365818024,0.11943674487075961,0.17188801948827062,0.1084304148481981
3982,0.12829358875751495,0.12601934002609846,0.16889852748718212,0.10575730056484373
3983,0.16740158200263977,0.12505779800605438,0.15568003066748573,0.10793111865432013
3984,0.20024871826171875,0.12080610008305827,0.14952011896254083,0.1086312179174914
3985,0.19180510938167572,0.12054530330321335,0.16085276293573234,0.11093650805475584
3986,0.1883659064769745,0.11803171933937193,0.1645126864065201,0.1069012859429069
3987,0.16324101388454437,0.12038778224654427,0.17208542551648887,0.10734032308428541
3988,0.09360124170780182,0.12611636573611149,0.16929272367656872,0.10468966973545536
3989,0.10531720519065857,0.12519196648373923,0.15458526297835784,0.10842981152904056
3990,0.11601698398590088,0.12115201153895021,0.14993306472835827,0.11143472684707434
3991,0.14074590802192688,0.1201228917080659,0.16180631703078358,0.11243127573887614
3992,0.23284867405891418,0.11758214521157793,0.16606216802146603,0.11303481348837313
3993,0.23669783771038055,0.12120317929881122,0.1739907860456072,0.11608549316102022
3994,0.1835562139749527,0.12648824456542895,0.17095672705721485,0.11475610635350723
3995,0.1724025160074234,0.12519848704456454,0.15651744717136984,0.11188772546608883
3996,0.13229556381702423,0.12249249231277033,0.1520228395059718,0.10819196221789001
3997,0.09787306189537048,0.12076932458498292,0.16191250578574823,0.10889751535515196
3998,0.14532704651355743,0.11813791428284702,0.16531275506219678,0.10608398160621636
3999,0.18471087515354156,0.12093508177412314,0.17285035171618937,0.10672831686304729
4000,0.18850690126419067,0.12703528949233753,0.17210050208434086,0.10583883058057979
4001,0.13668423891067505,0.12714724130799032,0.15636568396344697,0.10708366371256703
4002,0.1278446465730667,0.1248902910478587,0.15328281819387646,0.1122996537165034
4003,0.17613549530506134,0.12252013018836495,0.16257880335794536,0.1145732219805654
4004,0.2749864459037781,0.11956432129227083,0.16498575380838987,0.1138479449634276
4005,0.24945172667503357,0.12228375760908784,0.17097705239739536,0.11262431671970387
4006,0.20280607044696808,0.12658482122849682,0.16800756777280604,0.11068566178494711
4007,0.2478960007429123,0.12635006901660747,0.15476205852646852,0.11104409208095758
4008,0.22200366854667664,0.1237705717251444,0.15230475953211287,0.10912784928911905
4009,0.2590036690235138,0.12267631743944549,0.1635076104303579,0.1115502699031044
4010,0.23272426426410675,0.11846887042251573,0.16461346898218301,0.1077141515039378
4011,0.20555633306503296,0.12153390233548998,0.17185814043666242,0.10916241843273014
4012,0.11903876811265945,0.12724966369043164,0.16929527220274665,0.10521400312394304
4013,0.11278369277715683,0.1270471221252446,0.15525808926778956,0.10726977025776692
4014,0.11737695336341858,0.12390669491720888,0.15309632762183634,0.11172141622187146
4015,0.16234005987644196,0.12227076271966202,0.1639405045371431,0.11431782014009788
4016,0.24709773063659668,0.11763711255200873,0.1662068809079522,0.11292413733533771
4017,0.24774384498596191,0.12138848416838233,0.17335842917539604,0.11390936723180367
4018,0.20902100205421448,0.12722349147855846,0.17044298980494432,0.1143102656042499
4019,0.18839098513126373,0.126648556089774,0.15560247007847958,0.1135670597939597
4020,0.148731529712677,0.12373116403738173,0.1544904481390435,0.10823421078095836
4021,0.11554407328367233,0.12303301524921267,0.16500835037685496,0.10923920270477781
4022,0.14435075223445892,0.11798341348979448,0.16609504444658255,0.10538074194196066
4023,0.19239355623722076,0.12145170882403011,0.17358657061988758,0.1078533105606194
4024,0.1876133382320404,0.12927519472020615,0.17047246366109572,0.10568613031431918
4025,0.14006921648979187,0.12932789356811825,0.15651876076271629,0.1069910298535702
4026,0.10122658312320709,0.12751187089684357,0.15448161185544576,0.11428845500338447
4027,0.18349938094615936,0.12563044608055782,0.16554053768394128,0.116715838529745
4028,0.32770177721977234,0.12080897395754744,0.16757085122629076,0.11677876832762202
4029,0.24225640296936035,0.1247653259253378,0.1736216596090764,0.11357363935302622
4030,0.1766408383846283,0.12871826418280458,0.17037133227485565,0.11234094787163505
4031,0.21617360413074493,0.12980260023406262,0.15517234970358107,0.11306926820778239
4032,0.2150942087173462,0.12825945014768936,0.15558265546636582,0.11186633685521671
4033,0.22682835161685944,0.12740436838910663,0.1664343160746834,0.11341651245430921
4034,0.21529893577098846,0.1218308275220056,0.16737436553769244,0.11016529084652404
4035,0.17542828619480133,0.12529152603296828,0.17328741038515777,0.11212547594599927
4036,0.0943610891699791,0.1288512014469356,0.17071135184227673,0.10850874382869112
4037,0.12745805084705353,0.12861984769396384,0.15431634164810537,0.10923844605165235
4038,0.12987688183784485,0.1277615793438854,0.1566740552856444,0.115402575213647
4039,0.15655308961868286,0.1264887767302472,0.16704153589154894,0.11821937463940423
4040,0.24641765654087067,0.12032533423916908,0.16804981980829323,0.11697165934835661
4041,0.29049918055534363,0.12464899198770028,0.17540569131211234,0.12124523421991631
4042,0.2479826956987381,0.1283044274641549,0.17220254839115604,0.11715184293653501
4043,0.17864380776882172,0.12821899425324504,0.1566386638242296,0.11510915616180915
4044,0.15833668410778046,0.12806229817824477,0.15868556812956208,0.11250293931793283
4045,0.12829920649528503,0.12794250385347075,0.16893028767746568,0.11139251162718283
4046,0.1501312404870987,0.12273565059067847,0.16942612089083886,0.1095694837964225
4047,0.18887215852737427,0.1284182877709651,0.1767782904229618,0.11295681604531166
4048,0.1852484494447708,0.13337718410807786,0.17510860950735668,0.10897699709031845
4049,0.14001892507076263,0.1356134566696694,0.16024135194896516,0.11195700048122478
4050,0.13291315734386444,0.135515342965046,0.16159007102099118,0.11852663774941187
4051,0.22133709490299225,0.13067297135152264,0.17222298399237318,0.11869719901946682
4052,0.3493286371231079,0.12502948931795005,0.17245171820144634,0.11798768633587908
4053,0.31558719277381897,0.1308733590532918,0.1778947098984996,0.1203778448899609
4054,0.20934690535068512,0.13420350269462614,0.17398605644498852,0.11609717684102278
4055,0.23185434937477112,0.13569027626022742,0.15896611389448267,0.11646435942053693
4056,0.24729186296463013,0.13428805657213008,0.1609844229086279,0.11499284786340405
4057,0.2839573919773102,0.13087945221041278,0.17169883007408868,0.11486259415131346
4058,0.27950751781463623,0.12509806202899523,0.17168493829271625,0.11263837565635586
4059,0.21427945792675018,0.12820806956889966,0.17519752891522594,0.1146514999266067
4060,0.12028047442436218,0.13094071030887733,0.17169713746143145,0.10999264838313753
4061,0.17072418332099915,0.1325113429385221,0.15614511925355634,0.1137566324956897
4062,0.15142111480236053,0.13230371095975996,0.15969907769419092,0.11918133002205965
4063,0.20671309530735016,0.1293823025279999,0.1714132247054909,0.12002647475162558
4064,0.3642288148403168,0.12272064015902466,0.17005259602512438,0.11607032938406743
4065,0.38722750544548035,0.12713801189126597,0.1753444104630372,0.12201796360351032
4066,0.21535682678222656,0.13233898852452267,0.1712414888098138,0.117367890640821
4067,0.14720024168491364,0.1320696855660141,0.15777085208754896,0.11585682816023156
4068,0.12971946597099304,0.1319713797033245,0.15891662262084105,0.1122712151457666
4069,0.15224097669124603,0.1285355611775798,0.17103769081378772,0.11328741157027973
4070,0.159224733710289,0.12328485445397167,0.1702217551662781,0.10951641534531031
4071,0.19483669102191925,0.1280002377119023,0.17609083579682283,0.1106196187901674
4072,0.17977136373519897,0.13214246694487575,0.17157355650813078,0.10749046252664135
4073,0.2070493996143341,0.13310130181024438,0.15865092830685537,0.11143279110053053
4074,0.10979790985584259,0.1322925037504807,0.1590358085778903,0.11987796916395066
4075,0.25815248489379883,0.1285062484007309,0.17041167346200609,0.11722774196435753
4076,0.3459262549877167,0.12273417026606892,0.16973897667335314,0.11769714978063353
4077,0.36159655451774597,0.1279038025042442,0.17590782955733653,0.11853386317702642
4078,0.15173543989658356,0.13180719054919426,0.16987059078038824,0.11207029283232352
4079,0.17652827501296997,0.13262759934092364,0.15923712025518774,0.11521152685238079
4080,0.23142528533935547,0.1331957339257839,0.1596870231944042,0.11428334473345697
4081,0.269925981760025,0.12866860488648843,0.17038866333175517,0.11612958914525053
4082,0.24721765518188477,0.12335474706330997,0.16941189216282063,0.11189914337318987
4083,0.23638448119163513,0.12885281739690377,0.17660655947885007,0.1134785246594375
4084,0.11181368678808212,0.1313726753941994,0.17116135924752085,0.11076466753248547
4085,0.12286406755447388,0.13125284784316305,0.1576373348920156,0.11398823433523822
4086,0.14714179933071136,0.13353427918636418,0.15982497762061534,0.11876404954000254
4087,0.2347775399684906,0.1283681398209511,0.17097773817652773,0.11911437763120986
4088,0.35022521018981934,0.12335699485626504,0.17124457261288392,0.11910754218311924
4089,0.37706929445266724,0.12919964753171834,0.1769215027275559,0.12467795126377795
4090,0.2833937406539917,0.13168373238844136,0.17168344941752728,0.1174380980682615
4091,0.1850379854440689,0.1315243371630361,0.1589867258208305,0.11806513049924733
4092,0.22246460616588593,0.13335191336610605,0.16053758057455347,0.11515896403408
4093,0.17597302794456482,0.12936864461570244,0.1719957650827973,0.1145784088072498
4094,0.19272726774215698,0.12437686245860644,0.172552548201684,0.11275364281596369
4095,0.22051823139190674,0.1291647323710936,0.17742368229456443,0.11329653114456145
4096,0.15957361459732056,0.13280430816705727,0.173012401754284,0.11009832582957892
4097,0.22417393326759338,0.13205429555520526,0.15980567858687011,0.11373113426310102
4098,0.38870418071746826,0.13354606619578424,0.1622832858046387,0.11952638701512996
4099,0.5233137011528015,0.12959654872534235,0.1731240038587107,0.1193242196793267
4100,0.5237635970115662,0.1248233260605953,0.17398909550596633,0.11752265572969765
4101,0.3455808758735657,0.12946968983402807,0.1780063663943773,0.11860433569100443
4102,0.1948908269405365,0.13259935097292266,0.17303191989025632,0.11430151149463598
4103,0.21031877398490906,0.13245580896250972,0.1601289302978914,0.11819119658178918
4104,0.23657286167144775,0.13346877442326627,0.16173686223700112,0.11596393004067528
4105,0.2458539754152298,0.1310074899225411,0.17393244845009556,0.11777366692466149
4106,0.23375779390335083,0.12626958976249536,0.17420001586555342,0.11436598983185875
4107,0.18620556592941284,0.13088132934614916,0.1796592654248234,0.11655975641277178
4108,0.1083846241235733,0.13481963201381852,0.17478939961395903,0.11492313017592935
4109,0.10305742174386978,0.13405466160838522,0.16007072783051893,0.11857795228070679
4110,0.1015738919377327,0.13467178200030624,0.16231469410885968,0.12157135789370557
4111,0.15790565311908722,0.1304503054321272,0.17506350293440354,0.12331976182411268
4112,0.27586838603019714,0.12675812243133738,0.17460103384861278,0.12268545130674316
4113,0.35507503151893616,0.1312572063535476,0.18024327922861522,0.12853368309409802
4114,0.32862022519111633,0.1346516574387673,0.1752739642258953,0.12096133136643225
4115,0.22111143171787262,0.13420027795312342,0.16052714278574473,0.12183949972722008
4116,0.2286744862794876,0.13451808757098374,0.16203856529753974,0.1156354193762452
4117,0.23042139410972595,0.1293607335983374,0.17339888239473303,0.11549712836380169
4118,0.24047277867794037,0.12517967853703105,0.17252987764360023,0.11396566911491517
4119,0.24073660373687744,0.12803432347983462,0.17722100041143116,0.11510776686760765
4120,0.19060419499874115,0.1318549605982393,0.1736121974215832,0.11342177917469375
4121,0.17173586785793304,0.1304781158430038,0.1594692225027876,0.11617437858286239
4122,0.23831315338611603,0.13181531035496238,0.1607256624227669,0.12127602974683306
4123,0.29009678959846497,0.12804425652814624,0.17188134092440494,0.12035955635922119
4124,0.35313794016838074,0.12410552237509118,0.1711517447130624,0.11733325664597091
4125,0.30976027250289917,0.12753584122389974,0.17633109800627322,0.11804794267980818
4126,0.20455770194530487,0.13262286524291556,0.17364559585496986,0.11162926293124724
4127,0.16331523656845093,0.13071388520811064,0.15904573408729042,0.11616998959391762
4128,0.18103079497814178,0.13196414534469145,0.16078701970787615,0.11641650385489402
4129,0.20345185697078705,0.1294193418938037,0.174121485044353,0.11750980993443255
4130,0.191018745303154,0.12508096774899521,0.1733337163008589,0.11445719685565207
4131,0.17241805791854858,0.12835706281470063,0.17752248421819666,0.11530963227478942
4132,0.09368231147527695,0.13378009459376594,0.17550891587553655,0.11332138713343441
4133,0.09308121353387833,0.13156908522423338,0.15959825587823795,0.11516750830755752
4134,0.08314201235771179,0.13220173180070677,0.1618332900456739,0.11934561109010405
4135,0.11122560501098633,0.12877624299138288,0.17440826910995372,0.12264294957139737
4136,0.20416927337646484,0.12378262111143744,0.1725093932216932,0.12109652223117941
4137,0.30060797929763794,0.12735258617178505,0.17751140262019058,0.12476270082099541
4138,0.2654186487197876,0.13257125991513513,0.17368038806397135,0.11976040020494963
4139,0.1849670261144638,0.12972835701284413,0.15974625211192903,0.12045534027795773
4140,0.2026815414428711,0.13097771647973466,0.161295752435976,0.11517622724817125
4141,0.21742066740989685,0.12727243505075256,0.174042553647811,0.11559548436346406
4142,0.2007293999195099,0.12296222226691723,0.1713994094793344,0.11114073081436217
4143,0.1804327815771103,0.12503474798168532,0.17452733866007367,0.11191358057674815
4144,0.10177882760763168,0.12958062767025846,0.17076379869655056,0.10983754666722115
4145,0.0635945275425911,0.12685052040626527,0.15780632762331237,0.11450400369833812
4146,0.12495213747024536,0.128892415703594,0.16022482123488627,0.12113004710623788
4147,0.18679381906986237,0.12585758199410302,0.17215868952630944,0.12185368188254958
4148,0.29556769132614136,0.1216239483896215,0.17014684575475345,0.1177552249504871
4149,0.2188086062669754,0.1245350086743462,0.17396860968090724,0.11754735850075239
4150,0.16571082174777985,0.1290329995248946,0.17086073748039945,0.11102875548616244
4151,0.11137239634990692,0.1260897301742981,0.15814196199126573,0.11556358812132311
4152,0.13415616750717163,0.1289749246728813,0.15986384590384992,0.11531685248230082
4153,0.1708361953496933,0.12671470527547649,0.17452374043336072,0.11688729687619177
4154,0.16999660432338715,0.12260558272782235,0.1714243849995513,0.11251961329470785
4155,0.16127678751945496,0.12552171818378982,0.175540278492195,0.11460660240683747
4156,0.10068836063146591,0.1296589175865213,0.17127750386622773,0.11092392718031348
4157,0.10706532746553421,0.1266298803217298,0.1582774555482676,0.11349588738681811
4158,0.08383883535861969,0.1286135256920179,0.1604628127952643,0.11978721849238584
4159,0.11016862839460373,0.1265431447590304,0.17436129693191138,0.12191900986114099
4160,0.21653561294078827,0.12218977865769794,0.17221937004807425,0.12052109994238559
4161,0.23178572952747345,0.12586116075991832,0.17766428927949537,0.12219423250744735
4162,0.13260406255722046,0.12981269313203478,0.17318022403925729,0.11599185578485058
4163,0.1096649169921875,0.12638476361456646,0.15748102522985255,0.11544491125916899
4164,0.1018478125333786,0.127858105016106,0.15897353664244926,0.11339920780083582
4165,0.11525283753871918,0.1256117751009932,0.17320358083805407,0.11311485403999043
4166,0.13458417356014252,0.12194996140162444,0.17107381420584808,0.11004257618430152
4167,0.18080954253673553,0.12585133169903873,0.17612490366860475,0.11315937296892832
4168,0.1543126106262207,0.13083141313767957,0.1714346291249595,0.10844725069066566
4169,0.13231045007705688,0.12754349806292534,0.15703965141006274,0.11196560755847401
4170,0.13331319391727448,0.12945223289089808,0.15940260662239492,0.1219971443885194
4171,0.2178857922554016,0.12644538434978936,0.17264461087904223,0.12115288118714482
4172,0.23777103424072266,0.12204891955307452,0.17077659934157005,0.11982612069547932
4173,0.22276093065738678,0.12572372193913361,0.17466916604225113,0.11925844690129567
4174,0.13436701893806458,0.12957148062510562,0.17037174281895318,0.11318498118187077
4175,0.13119398057460785,0.12725544788761536,0.1567484801841067,0.11644742469389045
4176,0.16090986132621765,0.13042792408927,0.16057216696506876,0.1184516262195146
4177,0.21379044651985168,0.12810809933740777,0.17448559786766077,0.11773113647759548
4178,0.19761595129966736,0.12363198037611393,0.17203501180611716,0.11469358049168693
4179,0.18172164261341095,0.12630454542164501,0.17639738599695762,0.11671054360392966
4180,0.10684572160243988,0.1296185596070753,0.17230944844279641,0.11429468202089567
4181,0.08540462702512741,0.12849518374051314,0.15910388095957154,0.11649973837827711
4182,0.07786912471055984,0.128311644047894,0.1609532328984261,0.12214079711185298
4183,0.09658005088567734,0.1267995350292873,0.17570007229882753,0.12375876199166483
4184,0.2432793229818344,0.12206613751514249,0.17241842728016016,0.12334913677709886
4185,0.3405064344406128,0.1253551504313419,0.17575582137901188,0.12841911679179396
4186,0.26939311623573303,0.1290339488132836,0.17208494079326278,0.11909519050953277
4187,0.2114475667476654,0.12776548989107372,0.15838262709405448,0.12153633360564045
4188,0.15714873373508453,0.12729268638154353,0.16165842982951165,0.11737510242530375
4189,0.1772734373807907,0.12549235179495294,0.1744058448004042,0.11589589560832257
4190,0.1702083945274353,0.1199165623007306,0.1702771707962156,0.11211083130241738
4191,0.17754364013671875,0.12425705663334229,0.17433799108064776,0.11423662825645034
4192,0.1440570205450058,0.12681172490253373,0.16940400176242382,0.1093371401191856
4193,0.10958342254161835,0.12647505347809254,0.15582824461789907,0.11417410155110709
4194,0.14827533066272736,0.12767981462224212,0.15944854431289446,0.12370992704788497
4195,0.22518615424633026,0.12603693888385303,0.17348839212281444,0.12176927746724343
4196,0.29689547419548035,0.11962211633066165,0.16961158834594958,0.11934794917057623
4197,0.24759048223495483,0.12382340646781326,0.1755971975224684,0.11922928073116873
4198,0.1601589024066925,0.12725290259239716,0.17004190862069268,0.1139461858119145
4199,0.12702018022537231,0.12655331441474102,0.15701768746888486,0.11737783087470767
4200,0.13489478826522827,0.12913153413056955,0.160327398544017,0.11747915793502074
4201,0.18444418907165527,0.12688343497387147,0.17586952249052645,0.11674836005362184
4202,0.1797284632921219,0.12082565434098157,0.16952546103329927,0.11415349216471947
4203,0.17831072211265564,0.12439288123247626,0.17569533102880366,0.11785011493420527
4204,0.10381975769996643,0.12726725366233685,0.16873623971767956,0.11226959176953506
4205,0.09675803035497665,0.12586400552027618,0.1551152182830504,0.11478116900359323
4206,0.0919412299990654,0.12826405888490358,0.15923449156154032,0.12096028353321592
4207,0.12872523069381714,0.12676789568317567,0.17506287594886102,0.12233282947979716
4208,0.22238041460514069,0.11982749612418071,0.16911404938752714,0.12149123179498496
4209,0.2601456344127655,0.12339355000053102,0.17491404448024198,0.12532538412818653
4210,0.2161795049905777,0.12728066324131493,0.16887418261684092,0.1179286762183705
4211,0.13743898272514343,0.12514775809871018,0.15490928628332437,0.12081416148946876
4212,0.12333656847476959,0.12636296648635062,0.1577579371007518,0.11393745729005576
4213,0.15320205688476562,0.12576816171219338,0.17494819043818527,0.11415086346538862
4214,0.1563887894153595,0.11828609868125838,0.16901908451056447,0.11113701165773965
4215,0.1890173852443695,0.12313073721414676,0.17452531306578212,0.11575181167465734
4216,0.16303269565105438,0.12732846745518686,0.16896393115127908,0.11120957002744915
4217,0.14018863439559937,0.1266537965527353,0.15572595291273078,0.11498272118640336
4218,0.1586284041404724,0.1288865534832132,0.1589429755183499,0.1241134777911359
4219,0.25567054748535156,0.12676034020160143,0.17395081203143742,0.12230369835240856
4220,0.3368930518627167,0.11921187633229016,0.16844767999964932,0.11911613628596926
4221,0.3168661594390869,0.12358378953726092,0.17430593057746124,0.12060799737448051
4222,0.21447023749351501,0.1267437458503844,0.16823108543580192,0.11462158185480985
4223,0.1596851646900177,0.12660263206722633,0.15665393846257653,0.11946983894888806
4224,0.1693011075258255,0.12919658522399546,0.15937278706019192,0.11702050538879472
4225,0.21290692687034607,0.12842205984849253,0.17469655453654057,0.1168843889628046
4226,0.20050321519374847,0.12010883724313218,0.1693800452891301,0.11448534521195021
4227,0.18233922123908997,0.12425063885345708,0.17441111093182246,0.11745988705215313
4228,0.09530500322580338,0.12726425985165976,0.16827170956570298,0.1130328928243251
4229,0.10961677879095078,0.12590159434990844,0.15492686499980238,0.11504013937606022
4230,0.08900189399719238,0.12705185529255394,0.15727896511485923,0.12061866259714984
4231,0.16580455005168915,0.12761669619257743,0.17517132509698355,0.12173987703771978
4232,0.2959578335285187,0.11898162010892369,0.16943510994059865,0.12039759417417371
4233,0.3309977054595947,0.1231547271009021,0.17402520626757179,0.12550366037662058
4234,0.24812385439872742,0.12653822537132967,0.16996741666440407,0.11899979715938146
4235,0.1616620421409607,0.12537791269624496,0.1557396024053141,0.12051728686760409
4236,0.1299567073583603,0.12685822379072773,0.15954904109801604,0.11632973657124976
4237,0.13493826985359192,0.12747556116884,0.17560486991449487,0.1136703256707532
4238,0.14634083211421967,0.12007279725638233,0.17142216957037987,0.1127962259531665
4239,0.18639451265335083,0.12508659244302048,0.1761932153145336,0.11797178144126397
4240,0.17452062666416168,0.12801346791723928,0.17238879675267252,0.11253722474612061
4241,0.1475715935230255,0.12799746277800714,0.15783151472507043,0.11614021104479154
4242,0.1885475516319275,0.12822571771833158,0.16231340386250886,0.12595586034651188
4243,0.3135833442211151,0.12817978516632575,0.17603976677634162,0.1234759424407459
4244,0.41732051968574524,0.12177332379568061,0.1706686101083289,0.12107377487975461
4245,0.3585263192653656,0.12629335285601656,0.17665145295203483,0.12282109205896265
4246,0.24897226691246033,0.1307537063453079,0.17239056319003873,0.11633989472751032
4247,0.1841026097536087,0.1301339278723001,0.158045285707652,0.1207262874401422
4248,0.1904870718717575,0.12998069000439827,0.16260816768716896,0.11860843005644726
4249,0.23852157592773438,0.13013919800849091,0.1771332584409327,0.11620645443974159
4250,0.21983319520950317,0.12339030387748298,0.17026116336730346,0.11560116626175679
4251,0.1817726045846939,0.12678121124515487,0.1763935507835221,0.12042072606296132
4252,0.10613743960857391,0.13049778794483072,0.171427304987556,0.11495039108375958
4253,0.1422165334224701,0.12971822248320777,0.157300370868671,0.11611877333588083
4254,0.1265116184949875,0.1296004568336136,0.16282534909178475,0.1218998844131335
4255,0.232278510928154,0.12911781212055565,0.17710944768132916,0.12166673568754102
4256,0.34099748730659485,0.12244626430057304,0.17224981302758857,0.12280510478316611
4257,0.3287102282047272,0.12562847298621047,0.1766470920138311,0.12764084326573125
4258,0.24983720481395721,0.1295879333453617,0.17272323330063022,0.12080562791348051
4259,0.1756957471370697,0.1281794358640941,0.15794565891052564,0.12379568350588982
4260,0.16095788776874542,0.12902783621717928,0.1649362582591823,0.11883443018808904
4261,0.14922131597995758,0.1295544657641357,0.17640218800088808,0.1154287327766966
4262,0.15957894921302795,0.12167431792256757,0.16924793518861977,0.11186679637082216
4263,0.19800367951393127,0.12551202343934828,0.1752905510924081,0.11903705784711455
4264,0.1913766860961914,0.12914335205277305,0.17012460180998182,0.11174558172361695
4265,0.16045908629894257,0.12892203817972456,0.15646911784998968,0.11572822352520179
4266,0.22276811301708221,0.12885229897416312,0.16204359396624549,0.1255675570322457
4267,0.4270566403865814,0.12844263898740102,0.1743359148011988,0.12255596225849336
4268,0.5070304274559021,0.12100473614736282,0.1670792856477303,0.11881831749956588
4269,0.3766734004020691,0.1264150695122532,0.17440828390482893,0.12318663415706883
4270,0.21032753586769104,0.12943242011854872,0.16997810036433672,0.11953000009671771
4271,0.18971125781536102,0.12965126669958654,0.15722296364973956,0.12275435056460669
4272,0.20868676900863647,0.13076486149714073,0.16171333891389225,0.11881741932819075
4273,0.25721025466918945,0.13043182111370422,0.17444654342795982,0.11635814107616227
4274,0.21854278445243835,0.12078813611935679,0.16600155145958373,0.11489554461096069
4275,0.18176205456256866,0.1253249349416013,0.17320341124593824,0.12189263254627979
4276,0.10568975657224655,0.12771472485060711,0.16802494738325036,0.11548086247630109
4277,0.13697019219398499,0.12798645886205712,0.1555366659295828,0.11610352933842584
4278,0.13004368543624878,0.1284155087823491,0.16230834497977786,0.12371526752465378
4279,0.19694237411022186,0.12905533478678285,0.1763789353628604,0.12258362541634092
4280,0.2769594192504883,0.11971805048139136,0.16770346877902143,0.12295239705838622
4281,0.2984659969806671,0.12513101878780147,0.1748515316633336,0.12942489291677733
4282,0.2881501615047455,0.12768325518073967,0.16993852065307546,0.1244013942865632
4283,0.2520086169242859,0.12736029838002094,0.15753579508967916,0.12844463611686685
4284,0.19413544237613678,0.12802335849823904,0.16500056120321457,0.12056507510521683
4285,0.1695142388343811,0.12926316568513901,0.17573379588841692,0.11621789990611536
4286,0.13603466749191284,0.11852917853541661,0.16424628679378542,0.11059597368653669
4287,0.17246270179748535,0.1256789626823831,0.17470034812857727,0.11805446922538004
4288,0.14742273092269897,0.128125635913385,0.16860454109219267,0.11089724387710348
4289,0.10294441878795624,0.12791366927222161,0.15739448468233738,0.11759056785349116
4290,0.10006266832351685,0.13052087618605496,0.16462945250308045,0.1272155824434688
4291,0.17907829582691193,0.1297499356563353,0.17719030669404393,0.12318311059356506
4292,0.25908157229423523,0.11944855219626316,0.16539456950942702,0.12089868006820517
4293,0.22821438312530518,0.1266930282392786,0.17378874668240363,0.12483604057743031
4294,0.16276444494724274,0.12902787954450565,0.16932479094080816,0.11787737520628086
4295,0.17194139957427979,0.1294424726125335,0.15847080786065781,0.12301323620851329
4296,0.22816510498523712,0.13068099595090804,0.16603397435217981,0.12040142870764264
4297,0.24521569907665253,0.1306817820536814,0.1766663101453669,0.11766357838067959
4298,0.2059953659772873,0.12014177833254475,0.1648235498610421,0.11558326580848467
4299,0.1673189103603363,0.12644996290390437,0.1726557624167124,0.12198081168275068
4300,0.09430479258298874,0.12852383027258876,0.1677933957910961,0.11616908775630348
4301,0.13767783343791962,0.12844980193467323,0.15743698757247734,0.11804072795720172
4302,0.1266421526670456,0.1300884947566516,0.1651266520301668,0.1253156459855991
4303,0.17940732836723328,0.12980983227517043,0.17763019205654998,0.12340890506126087
4304,0.2708393335342407,0.11942222816058473,0.16743066688093408,0.12303977305036908
4305,0.36938828229904175,0.1255785596157673,0.17368395662010017,0.1324160826641873
4306,0.35402411222457886,0.12841606573382336,0.17021744029494895,0.12617797270415715
4307,0.36397990584373474,0.12808733529624694,0.1585481970350654,0.13065935725133304
4308,0.23635511100292206,0.12984461069662,0.16710696591123783,0.1254547055500158
4309,0.17281483113765717,0.1310643135924768,0.1780787215291639,0.12069294025194521
4310,0.19432315230369568,0.12156553896556838,0.16802857521523418,0.11462183861803732
4311,0.17742547392845154,0.1273021918639077,0.17696613674526487,0.12357367807576068
4312,0.08434116095304489,0.1297821584271641,0.17195593529743497,0.11917988018032277
4313,0.07976250350475311,0.1305634715040758,0.16136070737116484,0.12066696543511596
4314,0.07457387447357178,0.13364563998719012,0.16722419014817863,0.125669582189737
4315,0.12353376299142838,0.13097910897241646,0.17988273465118976,0.12385486729818646
4316,0.18502864241600037,0.12271070941304912,0.16994397868766556,0.12409418942801893
4317,0.257388174533844,0.12779856408204118,0.1793106422664257,0.12851727082250783
4318,0.2750718891620636,0.129276213952437,0.17515871275632436,0.12495584247813087
4319,0.3257236182689667,0.12893130326828678,0.16387790574486458,0.12816003223488595
4320,0.35573211312294006,0.1313721198901648,0.16694945887591792,0.12618482185153826
4321,0.3108642101287842,0.1269312323264612,0.17559762254951983,0.11697836636878538
4322,0.21933910250663757,0.1183312312032327,0.16273451492957386,0.11091747623573932
4323,0.2090439349412918,0.1212663146610306,0.16938683199647786,0.11871412342147346
4324,0.11139132082462311,0.12637602266872158,0.1658655962989322,0.11165454101473311
4325,0.09635017067193985,0.12367926906168805,0.15479589175418654,0.11119019179009369
4326,0.05148952454328537,0.1268655400984423,0.1590820985786906,0.11622103543866823
4327,0.09733321517705917,0.1248470997241904,0.172834705625389,0.11394361405998335
4328,0.18987628817558289,0.11677790646764731,0.16047590137314888,0.115819608630382
4329,0.26440221071243286,0.12042838849391355,0.16687679831432678,0.12196745127851055
4330,0.23700378835201263,0.1254767764225872,0.16633990698055054,0.11689073219912682
4331,0.17506150901317596,0.12099026863930896,0.15337899528634666,0.11657135424257335
4332,0.16128408908843994,0.126196178256442,0.15996312994576536,0.11211411543735199
4333,0.1912097930908203,0.12505404148999488,0.1726825637076186,0.10879631658724921
4334,0.172220841050148,0.11558937838599109,0.15891016313459402,0.10360884231802293
4335,0.16093620657920837,0.11962701617928002,0.16566551531126106,0.11312822059126093
4336,0.12456483393907547,0.12427421636520268,0.16370343423477005,0.10805348091544156
4337,0.09443077445030212,0.12125394629896324,0.15168665362123848,0.10970969606201451
4338,0.12158863246440887,0.1259459471353215,0.15764843280911983,0.1201154938465565
4339,0.25745561718940735,0.12467297220535048,0.1716052860482344,0.11458264963344557
4340,0.26590266823768616,0.11488451064060468,0.15906399266315235,0.1114553478348424
4341,0.2304983139038086,0.11964545790974233,0.16622687953281598,0.11336908203635461
4342,0.15992558002471924,0.12415401116730251,0.16537665415265035,0.11042872873183751
4343,0.12603135406970978,0.12146268224716474,0.15349765623463615,0.11265320088108831
4344,0.1548425257205963,0.12633120492029637,0.15897760018885954,0.11160194957580118
4345,0.19575561583042145,0.12639933329109126,0.17404357536784723,0.10926250202966559
4346,0.15395182371139526,0.11615328900356642,0.15911103110596786,0.10645106065575906
4347,0.12837167084217072,0.12047941033880835,0.1694107646027765,0.11581900819503833
4348,0.08555378019809723,0.12483772310550673,0.16821245962315148,0.1109541706531311
4349,0.09564196318387985,0.12167612475636144,0.15336348623216922,0.11078648417440652
4350,0.06609860062599182,0.12563493297196604,0.15871366327742809,0.11924611063722029
4351,0.12361259013414383,0.12596317826408854,0.17442318290475944,0.11587546895975506
4352,0.19687716662883759,0.11580983682934559,0.15937779621367618,0.11658238570648152
4353,0.26631349325180054,0.120362687908311,0.16721818608307534,0.12455716063377532
4354,0.29680562019348145,0.12433362153037156,0.16738502005846456,0.11974620791967325
4355,0.21971705555915833,0.1204768406678686,0.15236641207653864,0.11854724066651491
4356,0.18728354573249817,0.1252828594357405,0.15866506989053708,0.11388300579995536
4357,0.1866244375705719,0.12345984382195298,0.17121824035014566,0.1080969676659174
4358,0.16475199162960052,0.11483324987389079,0.15552973266303505,0.10066425487418472
4359,0.17384129762649536,0.11832337167088545,0.1636871157725378,0.11250387130720618
4360,0.0844421535730362,0.12287273044806706,0.1614251583009415,0.10535704643845306
4361,0.1100320816040039,0.11979230623675127,0.14886911318774315,0.10831146825425542
4362,0.1615510880947113,0.12449709580139326,0.155043648250465,0.11795248962103805
4363,0.2205875962972641,0.12258593641763932,0.1690181345523508,0.11302438921142417
4364,0.24155151844024658,0.11446692212383945,0.15460205492992254,0.10755425253764644
4365,0.1867566853761673,0.1183476396937816,0.16307963047598475,0.11067967866092729
4366,0.12382994592189789,0.12251095220496624,0.1608284558918516,0.10831881992531103
4367,0.10927602648735046,0.11926125580596542,0.1482084335291118,0.10948357403646121
4368,0.14026251435279846,0.1249109769153479,0.15502203455734226,0.10846209978067334
4369,0.1618882715702057,0.12320375959203478,0.16890439084572592,0.1082654890395749
4370,0.14126665890216827,0.11467779211092538,0.1552045812551709,0.10306644748669967
4371,0.12036702781915665,0.11877365838616981,0.16393562936002207,0.11173995465067253
4372,0.07574566453695297,0.12297564847762872,0.16154565081276714,0.10817178008612385
4373,0.09827034920454025,0.119450340511936,0.14820741107378277,0.10761204646590215
4374,0.07721348106861115,0.12499286214770984,0.1542545409690045,0.1148527568264032
4375,0.12289237231016159,0.12245624217330264,0.16955434336284692,0.1134370886206281
4376,0.21043066680431366,0.11301926844151314,0.15552799677469692,0.11255094790512782
4377,0.23241648077964783,0.1181709701859772,0.16363695393999997,0.11906313505700218
4378,0.16221927106380463,0.12343495840684948,0.16285606743062347,0.11716995144932917
4379,0.15567956864833832,0.12027370351914092,0.14954558828938397,0.11595611271309489
4380,0.15385310351848602,0.12391781265222193,0.1552971778415219,0.108332184735638
4381,0.1356501430273056,0.12141692979226006,0.167868642938223,0.10592916320813282
4382,0.13752660155296326,0.11295165901349544,0.1539951166609088,0.09991510077631206
4383,0.16429322957992554,0.11638339542433851,0.16109794735517047,0.10882471020630248
4384,0.1218409463763237,0.12078664191498162,0.15908299979521198,0.10680420847681288
4385,0.18619011342525482,0.11825606798004751,0.14662666619532627,0.1079809834975801
4386,0.1728261560201645,0.12234948395476959,0.153887184275278,0.11681547195442642
4387,0.2057708352804184,0.12130619307535927,0.1678954735599433,0.11089382812872274
4388,0.22662799060344696,0.11256866773501314,0.1539299001040673,0.10747059096251234
4389,0.19146479666233063,0.1163314242910726,0.16004562940870823,0.10914020787219281
4390,0.1135084331035614,0.12036654779869776,0.15886479650618776,0.10671424469575692
4391,0.10674268752336502,0.11867870654227848,0.14676637061991918,0.1069606962062637
4392,0.1385507881641388,0.12235881316636942,0.15275358250224558,0.10651349016729435
4393,0.17671670019626617,0.12211609052447518,0.16875664606190555,0.10680685010200101
4394,0.14654485881328583,0.11331415655710715,0.15359444908480901,0.1021988576847491
4395,0.12167097628116608,0.11632884564612395,0.16125026237903642,0.1074675050794711
4396,0.08212418854236603,0.12069083806249115,0.15908905886480917,0.10487974327377253
4397,0.10129176825284958,0.11864614600358202,0.146839753836845,0.1057037235524731
4398,0.07871056348085403,0.12260311014706225,0.15244587734355974,0.11200468589767815
4399,0.09198659658432007,0.12152905633109022,0.17097562881339926,0.1108943122943356
4400,0.14653252065181732,0.11201624045323517,0.15651154932282588,0.10968901109440245
4401,0.1884782314300537,0.11715505292359175,0.16240137867573004,0.11452498212869172
4402,0.15778082609176636,0.12134772304104766,0.16143630698081882,0.11368168977742187
4403,0.16400742530822754,0.11896957815255402,0.14835677360314595,0.11439123039259598
4404,0.13169404864311218,0.12167696461847356,0.1527234638551671,0.10518569120787272
4405,0.12065081298351288,0.12082319908977572,0.1688805146259123,0.10471127656464904
4406,0.11810464411973953,0.11189951860160212,0.15410499398363853,0.09898616779176174
4407,0.15005318820476532,0.11619643125044216,0.16115425613168324,0.10531918932810237
4408,0.1258140653371811,0.12107495845652251,0.15779511671838387,0.102566692819198
4409,0.13834038376808167,0.11765988058481737,0.14421178976665586,0.10552899418262594
4410,0.1124550998210907,0.12034918420214268,0.15045937548434052,0.11199878985612453
4411,0.15477468073368073,0.12005061998645337,0.1678837506719146,0.11122178351824545
4412,0.21210262179374695,0.11076322701779127,0.15276962801753527,0.10680479658656211
4413,0.14953075349330902,0.11592269656890496,0.1587620493835365,0.10783610401008369
4414,0.10551582276821136,0.1209966956118964,0.15487861809992653,0.10701660075362
4415,0.11729606986045837,0.11773808580800203,0.1419110345432613,0.10653480479119848
4416,0.15161274373531342,0.12053208022993686,0.14875272582958576,0.10507774511074933
4417,0.19294407963752747,0.12002562567553322,0.16524657543742904,0.10458920714577276
4418,0.1601523905992508,0.11071683448055643,0.15079848918457917,0.10252308897426782
4419,0.15864874422550201,0.11564435202130419,0.15918250871501813,0.10793011351972365
4420,0.08176584541797638,0.12088964536720619,0.1555159822748598,0.10272496400173181
4421,0.11461660265922546,0.11675227771732923,0.14199252642771534,0.10554146237100119
4422,0.09045218676328659,0.12047087511060356,0.14953568012758003,0.11129986943349243
4423,0.11176423728466034,0.1199973932661361,0.16757718250766274,0.11174400156440271
4424,0.17223487794399261,0.11061703627755741,0.15218760697449804,0.10975275410261043
4425,0.18581733107566833,0.11544935016015344,0.15898048411665286,0.11396089488356634
4426,0.18730248510837555,0.12023410171347203,0.15481531284285463,0.11246648612038031
4427,0.15861080586910248,0.11601635334121205,0.14219504890999565,0.11166970222938888
4428,0.15437372028827667,0.12062338691620358,0.14936554140531408,0.10473397438133039
4429,0.12335452437400818,0.11979683243256067,0.16672943055173384,0.10257535270343045
4430,0.12350662797689438,0.11061585166298142,0.14978630911527835,0.09880598305378334
4431,0.1539895236492157,0.11540710622469916,0.15827949473391154,0.10626136754686256
4432,0.10551431030035019,0.11942763772815544,0.15357378134974742,0.10194034111650159
4433,0.10728447884321213,0.11544862548783875,0.1403459956500378,0.10424903405970348
4434,0.0830744206905365,0.12025742748474358,0.14780954031366472,0.11070946302235059
4435,0.1273089200258255,0.11927638126538342,0.16647560582396462,0.11123717756068631
4436,0.19489209353923798,0.1103175362019113,0.1486088774440619,0.10601514970448687
4437,0.16637025773525238,0.1157804184247857,0.15594806613175535,0.10958491582973312
4438,0.1050216406583786,0.11936608809072803,0.15164405752030297,0.10887552192908721
4439,0.11873676627874374,0.11546952691729837,0.13817736949684045,0.10563667910681561
4440,0.1604432314634323,0.12013205461126492,0.14538264434304818,0.10367196689683711
4441,0.20949319005012512,0.1192795186523325,0.16510732979435686,0.10501225989910855
4442,0.1701570451259613,0.1096222629024315,0.147340166764848,0.10173039199890242
4443,0.18205389380455017,0.11481715395925662,0.15787185354401775,0.10800639677514474
4444,0.1118110716342926,0.11911556739883998,0.15363115026650506,0.10294303547838282
4445,0.11393658816814423,0.11619367514473264,0.1412028651110821,0.10455525916278509
4446,0.11087419092655182,0.12041684942245837,0.14903871002469796,0.11047681855558768
4447,0.13555417954921722,0.12080476162024033,0.16886950366099385,0.11159983192987742
4448,0.23134708404541016,0.1110981822926659,0.15198436942878446,0.10882024547917667
4449,0.20787645876407623,0.11647169269781661,0.15762002108322026,0.11252812990443717
4450,0.13367509841918945,0.11953633528219992,0.15215003450286935,0.10958032339089749
4451,0.10291144251823425,0.11617456646324827,0.14002763097779145,0.10700161199310822
4452,0.10149673372507095,0.12095162422647356,0.14742023900345005,0.10389676632243158
4453,0.12906841933727264,0.12066021015259899,0.16623837351588666,0.10490848811538694
4454,0.1432955414056778,0.11142750565578771,0.15021212306591114,0.10222036525650538
4455,0.2048839032649994,0.11589427615055913,0.1566751244374591,0.10796036565236539
4456,0.14557015895843506,0.11919675929326955,0.1514459224137948,0.1035266377402151
4457,0.13787220418453217,0.11523896695679214,0.1396521853772526,0.10470631275188028
4458,0.22040240466594696,0.11925863920869872,0.14551637404593876,0.10959622583642827
4459,0.2807878255844116,0.11957327892953734,0.16540403370922185,0.1098240308396889
4460,0.27954766154289246,0.11118059618181399,0.15081909719215023,0.10669578836032954
4461,0.16732552647590637,0.1158390671981452,0.15625850584507897,0.10736839837831665
4462,0.10296160727739334,0.11946577262782779,0.1503131967698664,0.10513550594504716
4463,0.10977596789598465,0.11534189432118726,0.13924782159378726,0.10587933759067186
4464,0.16960687935352325,0.11928128675055163,0.1451966128865695,0.10406232630731264
4465,0.21819087862968445,0.12001583717227121,0.16432247519210313,0.10440108380184586
4466,0.18881723284721375,0.1112813610947462,0.14983373286771393,0.10338751038123696
4467,0.18593429028987885,0.11585752912879123,0.15580010719682094,0.10817215481670826
4468,0.07718949019908905,0.11947760544595543,0.15093940791006608,0.10297190699741705
4469,0.08493325859308243,0.11547069165801944,0.13966433667861033,0.10499838582801817
4470,0.07768526673316956,0.1189851773997784,0.14586375671816817,0.10880404007310443
4471,0.11185027658939362,0.12024708670383033,0.1659820254723132,0.11151205148219773
4472,0.17707127332687378,0.11112617149492046,0.15208365834255116,0.11048438931606937
4473,0.19502630829811096,0.11577680628966594,0.15678383992447237,0.11438580924238272
4474,0.20380878448486328,0.11955753656144678,0.15128260403784774,0.11141964110221171
4475,0.1611723154783249,0.11552087266150567,0.13930866860938595,0.11121455854711894
4476,0.1547081172466278,0.11876041226941615,0.14609089392749539,0.1052660370585765
4477,0.1677509993314743,0.1199922873461162,0.16550806593475542,0.10476001784636159
4478,0.16954724490642548,0.11053983793156236,0.1500637824666113,0.10106981309780992
4479,0.23417030274868011,0.11555838151913331,0.1560508076561245,0.10826429072628115
4480,0.2498212307691574,0.11934164094104327,0.15074163576305447,0.09979231798974025
4481,0.26026976108551025,0.11604924045884424,0.13927014445819239,0.10193028813674197
4482,0.2675822079181671,0.12066091978654837,0.14518644229803576,0.10738611356343508
4483,0.2640695869922638,0.12095300366911522,0.16303020550456146,0.10669684575865925
4484,0.2977372109889984,0.11187411595307918,0.15053987335015157,0.10446196149085649
4485,0.24575656652450562,0.11513005369417038,0.15612946665212377,0.10349131880980451
4486,0.14014023542404175,0.1193367872139794,0.15171424456381863,0.10336758284106638
4487,0.09861411899328232,0.11565127375496939,0.13850478895560167,0.10440397915477005
4488,0.16790851950645447,0.11989336923209538,0.1438432459680725,0.0992218555901165
4489,0.2156495600938797,0.12096568334327967,0.16190438315704545,0.10149353992808983
4490,0.17810019850730896,0.11169535990834198,0.14951473724721606,0.10035254858841869
4491,0.16789661347866058,0.11547985941041906,0.15614380657878443,0.10581694787563874
4492,0.0727601870894432,0.11975990584036045,0.15139982838763555,0.10210315090594921
4493,0.09160362184047699,0.11587154618440008,0.13811333699861342,0.1027963842072282
4494,0.10018269717693329,0.1202398624121054,0.14509092732881299,0.10716854604129124
4495,0.13047437369823456,0.12165137854264203,0.16416254658835577,0.10680750276699143
4496,0.18151158094406128,0.11205094815654149,0.152199893143607,0.10437659818838933
4497,0.23564429581165314,0.11553707911255472,0.15808973017096511,0.10924371248984004
4498,0.17548063397407532,0.1195780131719363,0.1506199343057534,0.1078136009092201
4499,0.1186792328953743,0.11608803189976195,0.13845267634717542,0.10773553060149635
4500,0.14887522161006927,0.11887312592144728,0.14477711475769697,0.09942103841719555
4501,0.19975639879703522,0.12202674992299029,0.1643794652378231,0.10025593442215039
4502,0.18467652797698975,0.11190973370854591,0.15111722970213123,0.09772679730868522
4503,0.18939100205898285,0.11511629061027544,0.15662171738747352,0.10494786216798593
4504,0.173421710729599,0.1197111556937008,0.15164180645502287,0.10269761069470168
4505,0.1822754144668579,0.11614898909493711,0.1396720731841006,0.1059299021757369
4506,0.22239810228347778,0.1190756937696289,0.1441631711847302,0.10961541944959424
4507,0.21792519092559814,0.12168422762442593,0.16462818173134403,0.10704901830531087
4508,0.22312812507152557,0.11170322599933423,0.15215032021713842,0.10304711566982094
4509,0.18775060772895813,0.11608429992710709,0.15675153303567713,0.10411867342955566
4510,0.11180146783590317,0.12037806775085418,0.15025517838878494,0.10338032298651335
4511,0.08757933974266052,0.11672099848920725,0.13939381804464343,0.10439618357757047
4512,0.19142864644527435,0.11984056228909915,0.14325853451329468,0.09963531131340453
4513,0.21548479795455933,0.12151850000051319,0.16234630840394906,0.10033313288122453
4514,0.16860049962997437,0.11181331627402297,0.15037950586317891,0.0994984336547471
4515,0.14002442359924316,0.11655666274630935,0.15591414787015212,0.10548615484440442
4516,0.08040615916252136,0.1199557422179836,0.15096501588861555,0.1029885312289241
4517,0.08330012857913971,0.11688859978240734,0.14049545860040585,0.10699013654633176
4518,0.10851415246725082,0.11955744536980185,0.1449209648720881,0.10765062616567028
4519,0.14223740994930267,0.12101986173336571,0.16395032862050013,0.10694336353636706
4520,0.1757127046585083,0.11158392873143258,0.15327195168618662,0.10544311727176964
4521,0.17779192328453064,0.11670152416347612,0.15795063122124176,0.11115694994617042
4522,0.1537296175956726,0.11966600751779057,0.15208201555483952,0.10942267879147116
4523,0.10590517520904541,0.11697455312981321,0.1420455587483428,0.10886338516207776
4524,0.15140947699546814,0.11901954493034475,0.14656887831394036,0.10065398315755386
4525,0.14866089820861816,0.12115971591779831,0.16350230213008432,0.09940009110479169
4526,0.14804024994373322,0.11111006457935325,0.15110357738603566,0.09759410803524261
4527,0.18131138384342194,0.11595132567648428,0.15808709766979806,0.10608866327902611
4528,0.14620843529701233,0.11914817910170089,0.15208580649711625,0.10395201918037311
4529,0.12050385773181915,0.11572708897771139,0.14181033680250163,0.10926793765898751
4530,0.1935378462076187,0.11929488940352605,0.14610142666884224,0.11150929053878561
4531,0.22948360443115234,0.12036891950424615,0.1626596027461755,0.10739457014243836
4532,0.23357000946998596,0.1099210003342733,0.15103249315496858,0.10257182936439885
4533,0.17012330889701843,0.11577471763564894,0.15654760773993115,0.10248043271466739
4534,0.09767312556505203,0.11910824680117447,0.1508486056383702,0.10258709900475221
4535,0.07251810282468796,0.11565782001534099,0.14035098948912642,0.1033346399369023
4536,0.16206027567386627,0.11861640287972675,0.14258811094497947,0.0990305791832342
4537,0.2028750479221344,0.11954979844657973,0.1610532823196363,0.10049887787813461
4538,0.16653260588645935,0.10978751491313998,0.14964130412332904,0.09841017934402632
4539,0.14522309601306915,0.11498412018624023,0.15592980699066228,0.10348769878762272
4540,0.07704362273216248,0.1184795487286898,0.15121136472353627,0.10266218759844249
4541,0.09159455448389053,0.11509361519279827,0.1402623016587019,0.10526362324031292
4542,0.08849611133337021,0.11839370889642321,0.1433428058026297,0.10637217745478637
4543,0.09400469809770584,0.11965930403002555,0.1621356033318857,0.10480540846792258
4544,0.15536406636238098,0.10933483156387518,0.1516221431221331,0.10374111399674711
4545,0.2136034071445465,0.11432958971763357,0.15740667003485231,0.1095976741629245
4546,0.16229893267154694,0.11821732270063609,0.15203509601634602,0.10892692641035216
4547,0.14417752623558044,0.11496820094767396,0.14131867782084304,0.10833314382224907
4548,0.13397720456123352,0.11772312673141307,0.14468674868369388,0.09944969147725474
4549,0.19721251726150513,0.11868667513033823,0.16155914977283403,0.09807937292590298
4550,0.15722881257534027,0.10811692802780724,0.15055544347126038,0.09431394644253793
4551,0.18345195055007935,0.11244924696133173,0.15577301461378731,0.10366310807447637
4552,0.1285131722688675,0.11704858788244082,0.15118972138538977,0.10250504267779076
4553,0.12777303159236908,0.11288127812645582,0.14028381104213025,0.10778764536010131
4554,0.19704879820346832,0.11637869680898748,0.14337687697216828,0.10972401025536895
4555,0.2311895489692688,0.11751616661084174,0.1599689443499763,0.1056562560087277
4556,0.21658748388290405,0.10734127588961391,0.14842014697910802,0.1007059649547236
4557,0.16815045475959778,0.11126410844308086,0.15403771939914931,0.10011950873435684
4558,0.09365878254175186,0.11594322738041184,0.14887171165619614,0.10035115834207695
4559,0.07784035801887512,0.11131876235581198,0.13774772158444637,0.10148124729382726
4560,0.15221832692623138,0.11461701132922185,0.14090159292888194,0.09681582728518463
4561,0.1885824054479599,0.11672373372253145,0.1597116336010232,0.09915983542609834
4562,0.14890921115875244,0.10664049595832722,0.1479091605789705,0.09647874458565862
4563,0.1252199411392212,0.11150511765353394,0.15481972517741652,0.10293734122032325
4564,0.07965007424354553,0.11570708331975252,0.14963692373544826,0.10119561822644547
4565,0.08262471854686737,0.11150868740131265,0.13831857494771532,0.10344765580813106
4566,0.1002931073307991,0.11343991826391835,0.14083392379631218,0.10387303484687398
4567,0.12119019031524658,0.1160849450699211,0.16023457473073413,0.10433090497187564
4568,0.16091932356357574,0.10593334676368084,0.14972875417170337,0.10167921533032521
4569,0.16595807671546936,0.1113301152223074,0.15446638741586102,0.10697820058749162
4570,0.1575290560722351,0.11510731797299872,0.15022662444286808,0.10598068844134965
4571,0.13699382543563843,0.1117569489987821,0.13878350733827516,0.107077444349164
4572,0.11173300445079803,0.1130234948348796,0.14119723507785917,0.09487594466763129
4573,0.14814132452011108,0.11515673092734131,0.1588433476680193,0.09589179913275171
4574,0.12618249654769897,0.10557600924273401,0.14872981752555836,0.09335078291244653
4575,0.16325260698795319,0.10913292983646429,0.15341206203616997,0.10156239681880196
4576,0.11976569145917892,0.11385773918981866,0.15000368020647883,0.10004018758250174
4577,0.09279832243919373,0.11171356453471755,0.13860623423534915,0.10450160702871787
4578,0.13378813862800598,0.11272611544831747,0.1410917600650926,0.10733167966315214
4579,0.20142202079296112,0.11532040489747217,0.15689382979773117,0.10281369687281612
4580,0.21276968717575073,0.1056047284392545,0.14763122044042545,0.09998396162208985
4581,0.14720124006271362,0.10924433864676346,0.15155223507140939,0.09832698602339182
4582,0.09607817232608795,0.11355770342875095,0.14796492228458183,0.0993868275384585
4583,0.08436602354049683,0.11067134777552479,0.13672032379085344,0.09973276052666234
4584,0.14921671152114868,0.11276963856014995,0.13944624776899184,0.0954991536240401
4585,0.19027023017406464,0.11533910007677091,0.1560728998185286,0.09740736698410343
4586,0.1650589406490326,0.10582698429385436,0.14592086840399307,0.09591392181297169
4587,0.11193210631608963,0.10961991117160498,0.15224128396918374,0.10117219365815809
4588,0.07124591618776321,0.11377323890365192,0.14892587325495876,0.0998937005632894
4589,0.10084442049264908,0.11085388449904472,0.13784072544077122,0.10121130556260342
4590,0.09007878601551056,0.11223985899788827,0.1413606622037378,0.10401866332475582
4591,0.1010766252875328,0.1154168366493868,0.1586220404457343,0.10168258162750338
4592,0.16659961640834808,0.10580559616006933,0.14926629242894315,0.10093274816220911
4593,0.1636991947889328,0.11085182651756495,0.15558326854846039,0.10421545550963472
4594,0.0854213610291481,0.11486153075389721,0.1500754280319012,0.10408394753041597
4595,0.07194990664720535,0.11069744027556389,0.13934735427963743,0.10374750091780252
4596,0.0862317681312561,0.11366694271505255,0.14368638609910447,0.0962541711080283
4597,0.11044237017631531,0.11649884221491867,0.16047721971686457,0.09480776164878192
4598,0.11736150085926056,0.10708703475349252,0.15001489525891337,0.09428954710206693
4599,0.14923709630966187,0.11139728194151242,0.15437462400116694,0.10099095170930808
4600,0.1413070559501648,0.11657537601324569,0.14990272152873413,0.09852246652894872
4601,0.1237630769610405,0.11377017304162655,0.14160594112015393,0.10452657393073096
4602,0.13116921484470367,0.11550685661261005,0.1452559007007435,0.10981738556740912
4603,0.1902819126844406,0.11631650773350978,0.16107413258815234,0.10668124196019821
4604,0.26923325657844543,0.10735930050806464,0.15063182445868933,0.10410747481524306
4605,0.1430238038301468,0.11207634017971606,0.1548330676217246,0.10484530000141912
4606,0.09130676835775375,0.11745695721511797,0.15141043069788426,0.10237448876250582
4607,0.11614753305912018,0.1150828831050254,0.14300164948937705,0.10420302816623557
4608,0.17395280301570892,0.11623437601531733,0.14515118964086068,0.09899882993593895
4609,0.19512292742729187,0.11746844728801019,0.1617574069970477,0.09884341476518514
4610,0.1780899465084076,0.10775599995923221,0.14893341610950744,0.0991791879375711
4611,0.13576631247997284,0.11259487188423285,0.15484895580002242,0.10396423113707877
4612,0.08806115388870239,0.11724000969712414,0.15128555335627547,0.10172353404419233
4613,0.10424124449491501,0.11572397154578438,0.14308450889425073,0.10595450856743342
4614,0.12218048423528671,0.11611453118216852,0.14659177094149,0.10816858906942071
4615,0.17318196594715118,0.11734965495738453,0.16299728457274235,0.1054449650034099
4616,0.220893993973732,0.1076154967083298,0.1525308146300243,0.10569663121724697
4617,0.17944735288619995,0.11282284644293551,0.1570261515564263,0.11074433611093694
4618,0.1428356170654297,0.11683006002808326,0.15268884628697127,0.10766342045431991
4619,0.1304674595594406,0.11471246721382121,0.14331938846756398,0.11011451122754679
4620,0.11016587913036346,0.11568108726975836,0.14668470276615223,0.09993508202283562
4621,0.12147983908653259,0.11807191927109172,0.16372874869269996,0.09766291441283026
4622,0.12596553564071655,0.10798330995452946,0.15235610353850162,0.09674046963957875
4623,0.16658270359039307,0.11326782580951321,0.15608456553318462,0.10451847623519903
4624,0.12237998843193054,0.11959518683503739,0.15404919580229084,0.10177637791921533
4625,0.12035340815782547,0.11672840055748336,0.14431735575134638,0.10794420974258748
4626,0.15554267168045044,0.11845047268512475,0.14697735076259824,0.11291876494908912
4627,0.252461314201355,0.1190643930169029,0.16326373679215414,0.10750568620921537
4628,0.2362004667520523,0.10992946922367448,0.15214695067634104,0.1041927766996043
4629,0.14967608451843262,0.11497727854144042,0.15534247007448387,0.106223872168699
4630,0.09829723089933395,0.12027521755709548,0.15225128134724483,0.10442722098238243
4631,0.11664161086082458,0.11657419306493519,0.1423927723853399,0.10535128759248137
4632,0.17806868255138397,0.11859448157864083,0.14457331839176868,0.09971271355942445
4633,0.21765556931495667,0.11837201356598054,0.16212917112844788,0.0998774802619342
4634,0.195183664560318,0.11037747544667993,0.15097159358550397,0.09989079303555247
4635,0.12547950446605682,0.11430205755581314,0.1547803804950277,0.10549541044381078
4636,0.07675981521606445,0.11904551537438249,0.1513322894577855,0.10403146606173315
4637,0.10340332239866257,0.11595312694035176,0.1429977522931484,0.10757561482196304
4638,0.10600008815526962,0.11812347083419349,0.14521817423402314,0.1084136776103804
4639,0.1255093514919281,0.1185541268524144,0.16224849201813246,0.10691177008948398
4640,0.1871337890625,0.10994039340415501,0.1518463405154407,0.10632353267173178
4641,0.22477036714553833,0.1143740855081464,0.1552456367732864,0.11193424045845815
4642,0.16087253391742706,0.11900446345841315,0.1514441912881443,0.10707127291467912
4643,0.16269288957118988,0.11516763585100183,0.14290175321569396,0.10909611164372658
4644,0.15975512564182281,0.11828854639000329,0.14640529043240566,0.10105460195560735
4645,0.15031906962394714,0.1187056896271966,0.16249270395118934,0.0979417396380112
4646,0.13130049407482147,0.1097700745157156,0.15092568683321742,0.09558509934682094
4647,0.15346674621105194,0.11418016480523394,0.15508812456350607,0.10396389653443722
4648,0.08353317528963089,0.11904173477862402,0.15203927426560468,0.10140360275581782
4649,0.08250762522220612,0.11592169278781116,0.14306342719131587,0.10698653560549144
4650,0.10047229379415512,0.1187349368153884,0.14683385223100148,0.1104415749728731
4651,0.1396707445383072,0.11883313950460549,0.16167809854201887,0.10670893097840374
4652,0.18616294860839844,0.10921600812254928,0.1506832521902359,0.10309221779805133
4653,0.14996109902858734,0.11343369428739024,0.15368894302273417,0.10459581685069502
4654,0.08783981204032898,0.11940726865274315,0.15060008561735197,0.10288487329139598
4655,0.1022312194108963,0.11549558380821212,0.14092337047316486,0.10412989978826331
4656,0.1581970602273941,0.11842553112385591,0.14481131896269775,0.09850189407671776
4657,0.1787404716014862,0.11869229318211628,0.16156586213075744,0.09878694350118139
4658,0.17777590453624725,0.1096623432534646,0.14963280336732773,0.09971301557516656
4659,0.12431560456752777,0.11379713983142073,0.1538280758158764,0.1045241933693568
4660,0.09095858782529831,0.11923723095851337,0.1524139354589584,0.10409020088800726
4661,0.0839054062962532,0.11586475867561026,0.14254225524282552,0.10622151849322557
4662,0.09058315306901932,0.1181981537523352,0.14601392508561323,0.10679173468061749
4663,0.10432516783475876,0.11857418767453147,0.16248353357228093,0.1057438721863906
4664,0.16981352865695953,0.10866357260289332,0.15085263016320444,0.10475888663184979
4665,0.20197591185569763,0.11363626511059309,0.15427730848383145,0.10970962427389824
4666,0.14777597784996033,0.11980869478606851,0.15402385828868723,0.10770920716264049
4667,0.13374395668506622,0.11601414920777882,0.14136598797677907,0.10653288642954584
4668,0.18288454413414001,0.1184823423731828,0.14691856925246735,0.09971377870958721
4669,0.17903201282024384,0.11944575767469696,0.16266676252602388,0.09735717813571541
4670,0.20303282141685486,0.11088244733902383,0.15188188544213366,0.09772943240260391
4671,0.22191548347473145,0.11313375391773374,0.1552592714917888,0.1062788621334545
4672,0.16332806646823883,0.11949533101248046,0.1544818649826816,0.1058014949028059
4673,0.12404660135507584,0.11612692406073867,0.14259264613541076,0.10859298803488114
4674,0.15394769608974457,0.11677139931211557,0.14662317396021568,0.11249528135617239
4675,0.18772786855697632,0.11831192459927425,0.1611880615329062,0.10896358370240615
4676,0.2166580706834793,0.10970197637373595,0.15172555616269537,0.10308852289124332
4677,0.16013750433921814,0.11226583108544314,0.1522372616364214,0.10243615488626134
4678,0.09077988564968109,0.11957844421786995,0.15170972265350632,0.10146930711399925
4679,0.07712539285421371,0.11610216138179232,0.1423159312130796,0.09995305169951628
4680,0.11881520599126816,0.11535634657012249,0.14587256690327388,0.09759386434442906
4681,0.14391392469406128,0.11779351197500941,0.16165456877674286,0.09849095977059857
4682,0.13733671605587006,0.11044702409966364,0.15242470848008144,0.0980914691275328
4683,0.1119145005941391,0.11255838442913556,0.15499269918969347,0.10191316955768975
4684,0.06882470846176147,0.11953964879119033,0.15407253294968426,0.10239975455534213
4685,0.06960523873567581,0.11562701928659362,0.14430227722633082,0.10661910019058744
4686,0.07507933676242828,0.11561788629712665,0.14551750324104437,0.10800517350629986
4687,0.09989707916975021,0.11849364031081927,0.16211249389826773,0.10681761630448144
4688,0.14572568237781525,0.11039861746262467,0.15362817658183475,0.10431150082337397
4689,0.17769014835357666,0.11291842591287274,0.15473324042102118,0.10865124955001897
4690,0.13379502296447754,0.11972977534154819,0.1549635605109305,0.10654907980305707
4691,0.1147986650466919,0.11533013328020356,0.1434087963396481,0.10571760979516055
4692,0.12412814050912857,0.11604347093496852,0.14569035756715357,0.0979261246907057
4693,0.16595697402954102,0.11832450822547358,0.16166439935699506,0.09782272482223377
4694,0.15071755647659302,0.1099655237283058,0.1530991590511956,0.09631458451147039
4695,0.15109872817993164,0.11221608596441152,0.15453697291327032,0.10409325131641961
4696,0.08606591075658798,0.11883794777496241,0.15476601904552426,0.10161031648719798
4697,0.07367300242185593,0.11429026849835716,0.1431309981655945,0.10698356050112538
4698,0.08297805488109589,0.11570242923992374,0.14606028973160196,0.11104165033033513
4699,0.11066245287656784,0.11753732138137461,0.16117844734627215,0.10868706205330106
4700,0.10450095683336258,0.10903130917847324,0.15388999830259908,0.10385232965328478
4701,0.0871940404176712,0.11271191417129564,0.1546014179360102,0.10213922613349191
4702,0.061151232570409775,0.11988497541720115,0.15319424764880085,0.10013234985301424
4703,0.08064741641283035,0.11581124218431693,0.14308630328344213,0.09968718407047569
4704,0.12065347284078598,0.11724963067016693,0.1470623993851594,0.09778774267597581
4705,0.14952373504638672,0.1170975353666667,0.1605096489904566,0.09812174447751763
4706,0.13470573723316193,0.10871403315426041,0.15279267734625607,0.09679228542432466
4707,0.11095308512449265,0.11273795635282853,0.15576793267461797,0.10104077855434766
4708,0.06954740732908249,0.1198091266076279,0.15503396846585826,0.10145398195127076
4709,0.06282876431941986,0.11749703477043899,0.14603976994803045,0.10641039912470728
4710,0.06022347882390022,0.11731977142096284,0.14874762746796072,0.10900225692430977
4711,0.0666567012667656,0.11766108658400429,0.16212305630457993,0.10748801728634394
4712,0.10653361678123474,0.10847557971983854,0.15420164089861868,0.10416214117313033
4713,0.12169227004051208,0.11258213836184647,0.15497633855796786,0.10641683025331301
4714,0.0870557501912117,0.11902577354681135,0.15591965655882015,0.10667804736949811
4715,0.08114554733037949,0.11696225377602687,0.1466511365666263,0.10409901541985513
4716,0.07599126547574997,0.11625894121451003,0.1499976130905668,0.09821595056341235
4717,0.11129240691661835,0.11728036469342461,0.16387727033606228,0.09627615726561212
4718,0.13310350477695465,0.10840388504864365,0.15453129863309856,0.09739668933893353
4719,0.16808389127254486,0.11127064256777536,0.15543306659780828,0.10202129711473687
4720,0.1509159952402115,0.11682113933366961,0.15545035945051963,0.10172194703588708
4721,0.12969523668289185,0.1147351446747206,0.14675077058937688,0.10695648241844409
4722,0.14681938290596008,0.11284776414202626,0.14706237410329248,0.10912171894326737
4723,0.16487698256969452,0.11427159513391429,0.16119811011108862,0.10557227115516349
4724,0.16202498972415924,0.10664797554439633,0.15198012528854002,0.10268341887976774
4725,0.1557689607143402,0.11016403580247035,0.1525352638067979,0.10291259422566933
4726,0.11589761078357697,0.11674334105657143,0.15252582470168277,0.10170202000690419
4727,0.10429616272449493,0.1141385078752708,0.14308057939742147,0.09932051786625527
4728,0.13004545867443085,0.11225236298732301,0.14593570088345365,0.09626779991777658
4729,0.16512760519981384,0.11388864882128305,0.16066063251559604,0.0984402500251489
4730,0.15173698961734772,0.10673326067346837,0.15114751074130187,0.09754656821914418
4731,0.1499682366847992,0.11088335638334393,0.1541268209660381,0.10174396761000053
4732,0.11069890856742859,0.11745533526535629,0.15482565026190642,0.10160501223243919
4733,0.07855676859617233,0.11465245997307943,0.14471178342023236,0.10559613496278103
4734,0.07383982837200165,0.11310140957755509,0.14666372169501607,0.10680952085620339
4735,0.1038818359375,0.11393388592142006,0.16008772184675124,0.10431013490345618
4736,0.15886397659778595,0.10669343813234629,0.15157584706617624,0.10332809026687224
4737,0.16125407814979553,0.10998623959994398,0.15413065283872068,0.1080297921387021
4738,0.12284281104803085,0.11644089880509863,0.15432354290495642,0.10870004743154006
4739,0.09880488365888596,0.11402668649119004,0.14584718180115142,0.10497434844786219
4740,0.10057953745126724,0.11252884832544882,0.1472634019738666,0.09699582566887982
4741,0.1317230463027954,0.11320021748974538,0.15995329343690126,0.09671415495578849
4742,0.1489054262638092,0.10577796151886537,0.1513262633415919,0.09750708811985379
4743,0.17108668386936188,0.1082026432123028,0.1533798091425063,0.10312213797979468
4744,0.18298594653606415,0.11327782811838177,0.15302873133213388,0.1014947577637798
4745,0.14465825259685516,0.11222571387935472,0.14411353874084679,0.10744195284594459
4746,0.15409229695796967,0.1106203381347508,0.14599804160305577,0.1099016011245714
4747,0.18160223960876465,0.11178129376611907,0.15876377046188445,0.10683186191627886
4748,0.1949201077222824,0.10506877657851256,0.15057493562887542,0.10482758201325723
4749,0.16472481191158295,0.1080037985321094,0.15158142087760232,0.10415623124868499
4750,0.13062317669391632,0.11355803399660896,0.15046585775017515,0.10255485815993572
4751,0.12865617871284485,0.11237538132559872,0.14120926645029652,0.09999380925918831
4752,0.14026007056236267,0.11150970469389457,0.1446394044262846,0.09784857353806876
4753,0.15326255559921265,0.11224237639340064,0.1584077102449913,0.09833907638346741
4754,0.11758773028850555,0.10572525110511237,0.14914952320527902,0.09922903050062842
4755,0.09667810052633286,0.10853828710644473,0.15241761438499637,0.10218989625215467
4756,0.07234957814216614,0.11419163089606785,0.15227836653503962,0.10134976878920622
4757,0.06079704686999321,0.11157275878767617,0.14285928322213054,0.10460993247588117
4758,0.0826059877872467,0.11165922394754943,0.1449289031744528,0.10636172956423863
4759,0.12736280262470245,0.11321094204721235,0.1597188128810827,0.10496946966344703
4760,0.16955557465553284,0.10555112488522657,0.15100023541274749,0.1037511891753446
4761,0.1856701523065567,0.10882088359252232,0.1525671644026968,0.10767263651637003
4762,0.14826610684394836,0.11473970695951503,0.1535409043311561,0.1081943662357165
4763,0.10539691150188446,0.11199081529579269,0.144687487607605,0.10420808295553236
4764,0.10102850943803787,0.11220674890950198,0.14847074605896535,0.09728138288834137
4765,0.13110455870628357,0.11258163140530578,0.16030560628961474,0.09770312436571205
4766,0.14555396139621735,0.10474085656444153,0.1506256849383768,0.09816644784448689
4767,0.14960511028766632,0.10676148226242348,0.1523558484854904,0.10233236172153926
4768,0.15519964694976807,0.11291246517121122,0.15254566116268845,0.10162041972404891
4769,0.11492213606834412,0.10913620182897289,0.141782135620911,0.10594325995797682
4770,0.1447521597146988,0.1100098917965921,0.14513813575012222,0.10848951019864744
4771,0.18402168154716492,0.1115662878925416,0.15888498379215218,0.10836069635763672
4772,0.20899519324302673,0.10346922119490101,0.14888216383368702,0.10325081975036446
4773,0.18463575839996338,0.1068892998652212,0.1511812998856371,0.10285766088930352
4774,0.13569344580173492,0.11270137639725795,0.1502904542403998,0.10098705685769939
4775,0.09986308962106705,0.10999241188410336,0.13926551530074607,0.09881181988712019
4776,0.09516087174415588,0.11079076430237961,0.14342073457157756,0.0989895712766815
4777,0.10849601030349731,0.11062544917618683,0.15719936678379662,0.10079091414690834
4778,0.09436759352684021,0.10348036655905644,0.14699107628010602,0.10091745287297539
4779,0.07419347763061523,0.10688727420109503,0.15049991643424135,0.10213888632123941
4780,0.0712292417883873,0.11430200836090941,0.149466715416301,0.10128570868644259
4781,0.06559187173843384,0.11080083927859143,0.14048089753234005,0.10333195778284887
4782,0.10305175185203552,0.11133405889352009,0.14481023233065599,0.10582270894043729
4783,0.11037760972976685,0.11188325159603144,0.16082111075794964,0.10780998889027797
4784,0.14599081873893738,0.10270576503563383,0.15314705755655633,0.10583357645218444
4785,0.2092587649822235,0.10748420758253935,0.15455080858256753,0.10987587346023653
4786,0.14242509007453918,0.1148872565777055,0.15415856179211898,0.10762657533029046
4787,0.12703938782215118,0.11191630940644992,0.14427786539295795,0.1040275786988598
4788,0.09790395945310593,0.11275564713298657,0.14834809933175863,0.09965876612081517
4789,0.10720902681350708,0.11280498765451026,0.16308092957161105,0.10100731062179986
4790,0.10485149919986725,0.10404700293524162,0.15109355967412688,0.10010247146984827
4791,0.12794800102710724,0.10819025638190025,0.15538085352901804,0.10488276996660942
4792,0.13638213276863098,0.11459498173492183,0.15345861866968488,0.10606441787135536
4793,0.1632733941078186,0.11103732949908718,0.1433815440381009,0.1052976687553432
4794,0.14440737664699554,0.11386708199719785,0.1477556405606537,0.11010455210384172
4795,0.15657879412174225,0.11484793666514079,0.16423267791918505,0.11105907337137534
4796,0.16946819424629211,0.10606949659746304,0.15531862649701977,0.10582457607152324
4797,0.12463792413473129,0.10953867154109206,0.1559310742064581,0.10421229948341858
4798,0.08168965578079224,0.11444790333867504,0.15264802144480283,0.10155557516027112
4799,0.08955070376396179,0.1125389469689318,0.14405211004361845,0.10060258594761501
4800,0.10192710906267166,0.11416170908517706,0.14737219374618452,0.09967527044094222
4801,0.1220681369304657,0.11591677174425087,0.16292364302738996,0.10282916191884156
4802,0.09972665458917618,0.10608385869988562,0.15191722022222712,0.10202136523644519
4803,0.08313944190740585,0.11045662001065396,0.15573487373830466,0.10404212923368884
4804,0.07028074562549591,0.11488464088724794,0.15196151286698711,0.10435999132059387
4805,0.09171375632286072,0.11295292145620439,0.14474659254849265,0.10334247590006264
4806,0.0720137357711792,0.11479363344341649,0.148482577993605,0.10598085109444666
4807,0.10395045578479767,0.11605650070434304,0.16483071632498708,0.10871972656087982
4808,0.16589416563510895,0.10592477836927351,0.1557486558299,0.10588841086851707
4809,0.15525688230991364,0.11019414434936238,0.15796201069493462,0.10973300132474587
4810,0.14303980767726898,0.11510272327344379,0.1540372352746822,0.1074750890037404
4811,0.1335165798664093,0.11329832179272814,0.1467273323967655,0.10657435625877203
4812,0.1360594630241394,0.1146062199112952,0.14933268905410116,0.09891830019601952
4813,0.1363091766834259,0.11574130120204335,0.1656851950214606,0.10082704355887827
4814,0.11687484383583069,0.10592010061135572,0.15483608590203565,0.10105226803066959
4815,0.11667060852050781,0.10928682767665286,0.15771898730823083,0.10467171925287486
4816,0.07465121895074844,0.11464106279897868,0.15334920506136276,0.1019462527708257
4817,0.10166177153587341,0.1125630828316564,0.14550712246181474,0.10524246015023414
4818,0.20252157747745514,0.11434197208123585,0.1487574573483273,0.10833783295486081
4819,0.2561366558074951,0.11583627401023228,0.16532056985902194,0.1117166013514218
4820,0.20130567252635956,0.10601970600296479,0.15493458699062665,0.10461365582440689
4821,0.11620662361383438,0.10977473671715611,0.15606010085972966,0.10366879784321338
4822,0.09375794976949692,0.11460743260890269,0.15255231976790193,0.10062829121464176
4823,0.11425741761922836,0.11367669943749616,0.14421250579347214,0.10163025677458166
4824,0.13898532092571259,0.11514291600831089,0.14758342727029913,0.09914979653714605
4825,0.14854642748832703,0.11547471281106604,0.16283395445962753,0.10279363290664817
4826,0.1264031082391739,0.10751862377784539,0.15287490109782464,0.10296714207585751
4827,0.09264025092124939,0.11017031918515653,0.15578135749333888,0.10343127716416657
4828,0.0862714946269989,0.11450390075012361,0.15246081483157317,0.10322578184540589
4829,0.106471948325634,0.11374141201543213,0.14424495326380984,0.10353625767170663
4830,0.10607900470495224,0.11535540465156471,0.1478850886941307,0.10520433243636013
4831,0.11866015940904617,0.11622201486941827,0.16397935489249507,0.10742174037094147
4832,0.16758054494857788,0.10732093146724231,0.1562440181733512,0.1060514524862858
4833,0.1451525092124939,0.11067840690967913,0.15846418424956352,0.10876729269155185
4834,0.08671576529741287,0.11381688549559552,0.1530935411228647,0.10666343691722661
4835,0.08301365375518799,0.1130704401785529,0.1458221934667676,0.10531894714409845
4836,0.07320162653923035,0.11495267730733745,0.14813305143884442,0.0992918534640979
4837,0.09267239272594452,0.11587845014023229,0.16427115888190708,0.10194503731603838
4838,0.10679301619529724,0.10788227687940442,0.15455952789149133,0.10167194215067789
4839,0.13156001269817352,0.11134643559698333,0.1569919094782594,0.10413138844655258
4840,0.12027879059314728,0.11447145721893834,0.1518828494138176,0.1024962423439082
4841,0.11512903869152069,0.11336516781868507,0.14498535838282767,0.10495130519898427
4842,0.1399468183517456,0.11589925974363385,0.14854367060353085,0.1073873424014692
4843,0.12593324482440948,0.11634624654268734,0.16691107713567793,0.1109684150542407
4844,0.14710678160190582,0.10886791051354208,0.15891669062596267,0.1065957699004044
4845,0.10938297212123871,0.11328889373422751,0.15829338487880468,0.10521895503567617
4846,0.07978782057762146,0.1171401053331156,0.1532337691868391,0.10066708890251878
4847,0.1011437475681305,0.11568968656496378,0.14493748728036912,0.10251419967140336
4848,0.125824972987175,0.1171718615544902,0.14907810833382054,0.10092829678777361
4849,0.1541990041732788,0.11547707554973718,0.16443855030551272,0.10456209832869408
4850,0.1303965151309967,0.10784472707788546,0.15314758923791277,0.10440344108063564
4851,0.12165981531143188,0.11230364527411697,0.15640815257333537,0.1050254901550267
4852,0.08351442962884903,0.11719469617726568,0.15214486435552352,0.10526392280062892
4853,0.11467311531305313,0.11589992507629675,0.14535713304389844,0.10513146364403636
4854,0.14802800118923187,0.1178971194642977,0.1505596892977881,0.10659444144434481
4855,0.16019049286842346,0.11567544872763716,0.16611055859293059,0.11061872329907757
4856,0.19472907483577728,0.10750288610958571,0.1575720175872444,0.1095663329537151
4857,0.17255978286266327,0.11179733868215225,0.15815940724934263,0.10995613109298433
4858,0.11264848709106445,0.11690335707648238,0.15375909099974086,0.10813755253740961
4859,0.1168992668390274,0.11539972314023729,0.14760995868495858,0.11002093427720104
4860,0.08604223281145096,0.11717961619274404,0.15030764804179128,0.10088304622269134
4861,0.09826779365539551,0.1169302569404926,0.16732822563380137,0.10264304236874264
4862,0.12738241255283356,0.10988507206352738,0.15636498742904748,0.10241333137860188
4863,0.14461232721805573,0.11456929860422678,0.1579970851328148,0.10441004679257473
4864,0.1163364127278328,0.11832627944133794,0.15358761190544995,0.10301921944947243
4865,0.1137700006365776,0.11646640796503917,0.14716385065530835,0.10646264554312314
4866,0.11015614867210388,0.11884974487744014,0.1511672091233785,0.10781259035302306
4867,0.15933892130851746,0.11777211286541373,0.16761491530604145,0.11136421965715121
4868,0.20814746618270874,0.11169262703259145,0.16014488013417222,0.1090511114091313
4869,0.14577168226242065,0.1160515383884057,0.15807222237349627,0.10638218200446616
4870,0.09738477319478989,0.12011724382443215,0.15463913029975618,0.10310558227965058
4871,0.12679274380207062,0.11774302590884246,0.14806467366482262,0.10486882390190075
4872,0.14802125096321106,0.11895321567755598,0.15057315414400152,0.10124488343595371
4873,0.18390525877475739,0.11730094535936261,0.16653802376237054,0.10527293293867163
4874,0.15520191192626953,0.11222378458629648,0.1574033321331795,0.1051156477814838
4875,0.13254523277282715,0.1169948363674048,0.15758130117315983,0.10496759663193106
4876,0.08098084479570389,0.11965065591502358,0.15214262064521475,0.10590003893973479
4877,0.126495361328125,0.1179894284076914,0.14709385076062445,0.10688691866508543
4878,0.11505647003650665,0.11927666664551775,0.15181992393346488,0.10967124995285578
4879,0.12255396693944931,0.11718059447872085,0.16980485715205848,0.11102923971875542
4880,0.17611762881278992,0.11149025430401688,0.16149885436340516,0.11201314739092445
4881,0.19910576939582825,0.11682187281962329,0.16137974205560465,0.11202942872064116
4882,0.1183939129114151,0.11971475521543894,0.1547638326230329,0.1084831734358856
4883,0.12066244333982468,0.11752560017170786,0.1488710248272797,0.1088401552478132
4884,0.08862683922052383,0.11957302321739925,0.15205141113938395,0.10182915227684478
4885,0.1166289672255516,0.11740578146400532,0.16729067651524854,0.10504798822433181
4886,0.13385766744613647,0.11137000503217495,0.15786509410033148,0.10436964619728833
4887,0.16339851915836334,0.11631961553935573,0.1577555905857194,0.10683038360028857
4888,0.13643456995487213,0.12036812858021868,0.154500924580977,0.10490379338554537
4889,0.16100157797336578,0.11791821394565276,0.14749388734531016,0.1076132282039422
4890,0.1851528286933899,0.1200353924939021,0.15308118862275705,0.11167777178279632
4891,0.2958512604236603,0.11877169895776855,0.16993853326949235,0.11477526295699304
4892,0.2562576234340668,0.11157975299553315,0.16023436092207283,0.10917613589090616
4893,0.14593176543712616,0.11766433781722065,0.1605991008363346,0.10622459941726614
4894,0.09822995215654373,0.12102375534997155,0.15603833369054143,0.10238036268000895
4895,0.10341785103082657,0.11921136934221971,0.14975025510221385,0.10431458869292497
4896,0.1251802295446396,0.12090440300194456,0.15136107012473968,0.10404792833971817
4897,0.1600116789340973,0.11877847989212663,0.16843188909322407,0.10788784642948851
4898,0.16069917380809784,0.11265382951052634,0.1579289657813483,0.1064984129813623
4899,0.1369558721780777,0.11887973666836124,0.15970570031193806,0.10638344286217279
4900,0.08297690004110336,0.121912542899337,0.1556070400426199,0.10690155369955265
4901,0.10956841707229614,0.11947463270454092,0.14945391082596796,0.10758672336079372
4902,0.08432301133871078,0.12294184789053131,0.15745156118927447,0.11282224146042731
4903,0.11182741075754166,0.11932832863325299,0.17144090763095854,0.11456095840421897
4904,0.16381458938121796,0.11254456801002087,0.16278761182717622,0.11360025387025985
4905,0.1710158735513687,0.11854167980343377,0.16291391592241752,0.11331424606524708
4906,0.10302907973527908,0.1211503322542507,0.15855819646559655,0.10868773752612672
4907,0.07609761506319046,0.11934897210422783,0.15046708665362166,0.10760310265154058
4908,0.07003457099199295,0.12316063978177083,0.1579246216750187,0.10544600415103064
4909,0.11030633002519608,0.12007282767239714,0.16866269776726506,0.10733863311529418
4910,0.12713707983493805,0.11395548425169261,0.15975238051938997,0.105179236580565
4911,0.16759972274303436,0.11894318705571799,0.1607691250768931,0.10911085933870987
4912,0.13258244097232819,0.12103312477714624,0.15631398104503672,0.10562590024938685
4913,0.10735493898391724,0.1191525579401512,0.14959463397517414,0.10847129682243067
4914,0.11655844002962112,0.12252883075221815,0.15612792683044888,0.11273260109574267
4915,0.24707192182540894,0.11976668153459843,0.17025882479670004,0.11488429763332214
4916,0.2825166583061218,0.11381607148607348,0.1617609101995156,0.10985340660303629
4917,0.16653011739253998,0.11941913003240523,0.1622817294777169,0.10707169128639317
4918,0.08475947380065918,0.1212166167820683,0.1575826327740288,0.10301272382933516
4919,0.0879155769944191,0.11931601426745782,0.14845658148991203,0.10507506053673095
4920,0.11080785095691681,0.12272047987186786,0.15467171670684576,0.10605037654272884
4921,0.15000486373901367,0.11872960430423384,0.16484618113580476,0.10858795376744396
4922,0.15627649426460266,0.11457583462044733,0.15715302209973708,0.10672404937123088
4923,0.13694804906845093,0.11916026677137723,0.1598006655554019,0.10605496032178657
4924,0.08083511888980865,0.1213549444239559,0.15552437330088892,0.10620280055500476
4925,0.07570623606443405,0.12031880724900904,0.14815097840203348,0.10709504727041465
4926,0.0876929759979248,0.12337208088539597,0.15721238130102816,0.11330361684832142
4927,0.14733408391475677,0.12025730817342817,0.17117524385444763,0.11610298880065727
4928,0.18873447179794312,0.11503136896008845,0.16363015521973548,0.11463343882383858
4929,0.19941462576389313,0.11915520653766352,0.1659649069891954,0.11562070557377924
4930,0.14504019916057587,0.12235824616358726,0.15981511373483626,0.11103540811527085
4931,0.12419017404317856,0.12000971014475416,0.15106599825213138,0.11075672538973774
4932,0.06730210036039352,0.12409762939285945,0.156606936579607,0.10504030145400467
4933,0.11852147430181503,0.11990688162260982,0.16947729684067525,0.10809634728097031
4934,0.11757239699363708,0.11504428653516552,0.16031359126831715,0.1048526245081805
4935,0.13310976326465607,0.11909604442221013,0.16278842750266773,0.10767446483609543
4936,0.0915757492184639,0.12289794952854889,0.15706527811155133,0.10692707445934348
4937,0.06527043133974075,0.1200855007752575,0.14811032843567024,0.1083077304459978
4938,0.10528291016817093,0.12383529738932256,0.15564591064323052,0.11294445469468081
4939,0.22192229330539703,0.11996693035108495,0.1689220126161418,0.11478645440211901
4940,0.2586786150932312,0.11464701773779203,0.16163122498959323,0.11118451061754688
4941,0.15178456902503967,0.11995272662287372,0.16224564125795615,0.10889640593914804
4942,0.06811066716909409,0.12388685618436619,0.15768737419359224,0.10463735554328119
4943,0.0880405530333519,0.1206112782504564,0.14860561593303362,0.10711692275108314
4944,0.11988934874534607,0.12433574435611713,0.1557802500784951,0.10695839250362757
4945,0.15695905685424805,0.11901378506706216,0.16674920720691722,0.1091956338600124
4946,0.18925730884075165,0.11463633764076238,0.15893885444726089,0.10776856634557616
4947,0.13193421065807343,0.11852153995915787,0.15978760058097566,0.10667724285537906
4948,0.08267666399478912,0.12224938412706789,0.1551454583079506,0.10680219432518757
4949,0.09972851723432541,0.11901828796118565,0.1457128738922461,0.10957904239803108
4950,0.10529286414384842,0.12217189974215628,0.1547170070584073,0.11388424201317462
4951,0.1364843249320984,0.11871355851839827,0.1682080852576993,0.1163027002293933
4952,0.19584976136684418,0.11353753571369941,0.16295969455490714,0.11533615784093304
4953,0.22805246710777283,0.11819622974850151,0.16166618519216355,0.11601360002496372
4954,0.143844872713089,0.12126963028516685,0.1576104045753154,0.11035547778260511
4955,0.10791189223527908,0.1177444670432445,0.14767028714671798,0.11027076460969364
4956,0.11173328012228012,0.1214558655231007,0.15388810054476454,0.10565211629555216
4957,0.12164586037397385,0.1178261115393278,0.1664774279941887,0.10926600909954115
4958,0.1563100814819336,0.11327587316273258,0.15814733451365412,0.10653072540715224
4959,0.1508321613073349,0.11775693853945976,0.15934163049976757,0.10794324554265246
4960,0.1465548425912857,0.12118721892138536,0.15481380472712805,0.10924531006783322
4961,0.17904014885425568,0.11732274126255633,0.14543136704221105,0.10939679974863208
4962,0.21989136934280396,0.12161387345045829,0.1535120400770146,0.1138294518796943
4963,0.27893558144569397,0.11836920795708883,0.16699072245423494,0.11653005071987471
4964,0.26631858944892883,0.11436979914003045,0.16095723805437973,0.11272079359226606
4965,0.16500230133533478,0.1179091451505974,0.160575733493725,0.10958924068809171
4966,0.09307314455509186,0.12199420613481884,0.15584945642072706,0.10540985898890319
4967,0.1151232048869133,0.11965371879292269,0.14730756611629006,0.10750792373639091
4968,0.1363620162010193,0.12209767097678009,0.152429682275627,0.10616490237270858
4969,0.18693338334560394,0.11918163153186762,0.1660795051979091,0.10957772542636667
4970,0.18184711039066315,0.11475100224940077,0.15721217504514126,0.10733337312064051
4971,0.13599075376987457,0.11818896949818564,0.15907428903509163,0.1072703888913009
4972,0.07727254182100296,0.122114798816586,0.15404343061359985,0.10718955660399959
4973,0.08705543726682663,0.11968903210867388,0.1463036682639952,0.10911751495354882
4974,0.11923743784427643,0.121869597663687,0.1537859173787079,0.11402714132900243
4975,0.14264272153377533,0.11873624068463035,0.16791476660489563,0.11596882642514524
4976,0.21137337386608124,0.11441733362844621,0.16082942063873398,0.11578255504388438
4977,0.21675437688827515,0.11836755110807534,0.16128072602632512,0.11584411149556209
4978,0.15211673080921173,0.12207433836927209,0.15657791770204016,0.10992389281185755
4979,0.1325419694185257,0.11893752803345871,0.14690389679849677,0.11249401398872205
4980,0.13519251346588135,0.12145007488792298,0.15192711656387362,0.10723300650170943
4981,0.20955967903137207,0.11852782591837081,0.1657075824876171,0.10916352648103388
4982,0.21477368474006653,0.11421297782762158,0.15772019700817153,0.1060947900050042
4983,0.17537084221839905,0.11955081541184809,0.1599993520095127,0.10801413839560176
4984,0.1234510987997055,0.12228339706119375,0.15605671872630883,0.10928637182624922
4985,0.14304187893867493,0.11890718830329994,0.14791009671628158,0.11156048058912398
4986,0.19192352890968323,0.1221829397628706,0.1543475728998474,0.11681946172142026
4987,0.23970144987106323,0.12059839355587541,0.16943213156227896,0.11971301371137454
4988,0.24485309422016144,0.11484503412410539,0.16183809137099225,0.11483567179699379
4989,0.15624578297138214,0.1212095400240801,0.16539851598581035,0.11133508894959049
4990,0.09176590293645859,0.12259849621447037,0.1575955035908195,0.10699707003009601
4991,0.09323851764202118,0.12043438931483243,0.1484296867778627,0.10860149899323304
4992,0.1229444146156311,0.12166361784870544,0.15367014819971875,0.10698014510778471
4993,0.16477636992931366,0.1195452608908918,0.16763962446278535,0.11047744362788857
4994,0.17486152052879333,0.11467866415949217,0.15820610596097068,0.10754701269455845
4995,0.12716075778007507,0.11987744986071137,0.16142238565005587,0.10645787801606826
4996,0.08647405356168747,0.12261117911246949,0.1560143801044006,0.1077212112671012
4997,0.08847489207983017,0.1200480539970636,0.14873620264178863,0.1111673979537262
4998,0.10826580971479416,0.12056113951216528,0.1555316655940539,0.11300441514218815
4999,0.1631731539964676,0.11844737294299755,0.16815587044957095,0.11618427982541134
5000,0.1774088591337204,0.11426555045848051,0.16029177784156332,0.11373878260520755
5001,0.1718597114086151,0.11941940801973319,0.16222685714834564,0.11448502544209592
5002,0.14866161346435547,0.12180913248158444,0.15708714299220558,0.11140015200567856
5003,0.13567650318145752,0.1197627175633767,0.14833513105806395,0.11125754994961534
5004,0.155338853597641,0.12078170369760097,0.1542465700103353,0.10725054600398654
5005,0.20608380436897278,0.11830278042294112,0.1672807487361002,0.10903807642895963
5006,0.20765909552574158,0.11477625720143475,0.1601227037874204,0.10669878698724569
5007,0.19258549809455872,0.11893907209466016,0.1619778572760641,0.1079610502596692
5008,0.11548583209514618,0.1220386331011376,0.15755356136417173,0.10920686302278741
5009,0.1305447518825531,0.11932141944552542,0.14769231705333602,0.11227173112317533
5010,0.17019309103488922,0.1212847224179908,0.1553604994795623,0.11616450853262576
5011,0.17216598987579346,0.11852451286427179,0.16757311197198355,0.1182227374277661
5012,0.16281117498874664,0.11568216629105815,0.16247873275716,0.11357735670632473
5013,0.106041319668293,0.11870864360838257,0.1618711571645753,0.11005218905634498
5014,0.08569279313087463,0.12306178298689976,0.15808290187107013,0.10766022860816266
5015,0.09938035905361176,0.12113645946225692,0.1492068031343485,0.10966499141758916
5016,0.11667274683713913,0.1217635843586493,0.15479371832158312,0.10829576823295586
5017,0.14282020926475525,0.11880042848411693,0.16583827649459015,0.11093223575455341
5018,0.12972477078437805,0.11692192876998186,0.16082431981763456,0.10954607129707511
5019,0.09705661982297897,0.11955283581681812,0.16143669001908686,0.10639163163789946
5020,0.0794396623969078,0.12357262634399141,0.15868335994002386,0.10834943140962738
5021,0.0759129449725151,0.12050969224279529,0.14956591553894313,0.11031591487222445
5022,0.07792815566062927,0.12112393701442294,0.15598696730129283,0.112853051695744
5023,0.1047782227396965,0.11837619019921529,0.1669428452739641,0.11645165811042991
5024,0.14850199222564697,0.11647541769407148,0.1627455192183618,0.11452995458207939
5025,0.15068373084068298,0.11916106521708664,0.16287377079756993,0.11420740233420759
5026,0.12337668985128403,0.12360679901193858,0.16047900148679517,0.11228667588928366
5027,0.12963415682315826,0.12002563088188777,0.14998008995510134,0.11202749740731481
5028,0.13494175672531128,0.12137424308869406,0.1556101635219258,0.10877970733584987
5029,0.1740751564502716,0.11831043565808849,0.16607976349037704,0.10954292826403025
5030,0.1777372807264328,0.11615235174331667,0.1617639496961983,0.10852608299015275
5031,0.10821417719125748,0.1189925366173327,0.16225993333841596,0.10728156476568325
5032,0.08789750933647156,0.12380165802598929,0.1604697098760801,0.11052502934438085
5033,0.09383255243301392,0.11889110621581528,0.1489610183325329,0.11290085286290918
5034,0.1555231511592865,0.1197802656624593,0.1556327365156503,0.11683094607477179
5035,0.12379520386457443,0.11891669759076118,0.16647407361525987,0.11909201936026341
5036,0.15019872784614563,0.11538468422948124,0.1612733127716509,0.11230831963652999
5037,0.07119166105985641,0.11897489800838207,0.16031032815700974,0.10889791626112907
5038,0.05142978951334953,0.12289241874568563,0.1569952205047638,0.10518964838690398
5039,0.0730743557214737,0.1189448361193048,0.14735179335950271,0.10763638504194958
5040,0.0914238914847374,0.11778114430223609,0.15512687817615262,0.10652407048134392
5041,0.11831758171319962,0.11700196799460474,0.16474240679039256,0.10957284900651022
5042,0.1052766889333725,0.11460233697746336,0.15844943773549766,0.10750708367619778
5043,0.07613770663738251,0.11846625495719239,0.15925719869019578,0.10372618185688044
5044,0.06972261518239975,0.1218977447031913,0.15586038621887918,0.10590301631416053
5045,0.06833693385124207,0.11866675845952074,0.14769204840129302,0.10930593244405878
5046,0.049066271632909775,0.11731030260853945,0.15381495206691145,0.10967313349583606
5047,0.08227591216564178,0.1182174680204863,0.16516458329915676,0.11448921465731497
5048,0.11520485579967499,0.11456978995189832,0.16026463694722107,0.11286163265581296
5049,0.10734735429286957,0.11846047275298735,0.16114935886995793,0.11099312054769207
5050,0.09893860667943954,0.12238489811164087,0.1576543546018185,0.10945745103953232
5051,0.12022912502288818,0.11945850618571528,0.1492343596854792,0.11103321475901123
5052,0.12454613298177719,0.11860022626280185,0.15351177151646053,0.10616243664299607
5053,0.16306741535663605,0.11909139226714044,0.1645921341652472,0.10764619681024054
5054,0.12008178979158401,0.11534181497937865,0.1595590095863406,0.1061037138732063
5055,0.12935680150985718,0.119704870336305,0.1618546797677257,0.10703467771169932
5056,0.05580085888504982,0.1227214113327911,0.15761500991998914,0.1069540361558474
5057,0.08156897127628326,0.11888809459194069,0.1497852172776564,0.11242026739056757
5058,0.09261404722929001,0.11898675196827456,0.15553547028097625,0.11432770878241015
5059,0.12111379951238632,0.12001652139465267,0.1656245075836722,0.1169602024878238
5060,0.07907874882221222,0.11541209692324714,0.1610407588408389,0.10976370370959575
5061,0.056812308728694916,0.1197328398477515,0.15987095321918462,0.10723298593294593
5062,0.042467888444662094,0.12400863592089294,0.15635570685270714,0.10527349778655314
5063,0.07202627509832382,0.11938779676037568,0.1494151756530304,0.10756734346467053
5064,0.08454629778862,0.11774328715958443,0.1529563803213783,0.10505196929591759
5065,0.10216985642910004,0.11884781211900536,0.1636997681467719,0.10787214373324606
5066,0.07834558933973312,0.11503497049096573,0.1587270094776846,0.10611689936932697
5067,0.06846567988395691,0.11906348657937825,0.15921449035073054,0.10342881486918402
5068,0.06314781308174133,0.12318817101582313,0.15617494347553829,0.10495686113562447
5069,0.058769624680280685,0.11923820370979778,0.14947304524852034,0.10819583863415655
5070,0.04759341850876808,0.11725515454387635,0.1547713045437222,0.10867471764317793
5071,0.08788831532001495,0.118873533323205,0.16546128496893686,0.11441285351237136
5072,0.10769131034612656,0.11423911139826735,0.16287811087400958,0.11081490085449484
5073,0.09983768314123154,0.11868833827092215,0.16243416786903045,0.11069245215067625
5074,0.07998860627412796,0.12340128631225755,0.16032404541000644,0.11052199236802017
5075,0.07716844230890274,0.11955793253211061,0.1514419740492807,0.11037905587898057
5076,0.062159858644008636,0.11788148907174835,0.15620881829045186,0.1047994186099689
5077,0.08187785744667053,0.11963536135620055,0.16631547967800095,0.10632586328763556
5078,0.09258000552654266,0.11506905158231305,0.16276137618015166,0.10611092947273763
5079,0.10049009323120117,0.11923436352750444,0.1620272201897821,0.10683539577612883
5080,0.08416268229484558,0.12419002094439859,0.15918145063216135,0.10646317194732498
5081,0.07321593910455704,0.11903569941383342,0.14941401947820834,0.11134275485319801
5082,0.08848670870065689,0.11838334767429708,0.15539280550182732,0.11311177496816492
5083,0.14742417633533478,0.11919446855452334,0.16583905700936583,0.11860088344659904
5084,0.14614459872245789,0.11470678064564455,0.16123147904135046,0.11155829321538775
5085,0.10430755466222763,0.11922313882658891,0.16038168071814557,0.1075150726341664
5086,0.09173651039600372,0.12483311375348292,0.15727119812078255,0.10471451183764592
5087,0.08929233253002167,0.11928460356272343,0.14831520359312902,0.10737969888366336
5088,0.09855865687131882,0.11895973303324645,0.15419420321015495,0.10569449460652452
5089,0.12597773969173431,0.1185327266494434,0.16365932701868346,0.10795642543713856
5090,0.0972324088215828,0.11454471427263567,0.15887844969571854,0.10599257810076108
5091,0.09098970144987106,0.11865536592031879,0.15895118920730847,0.10352339366238385
5092,0.07899843901395798,0.12432868595721497,0.1573663699028176,0.10591274979750893
5093,0.07210105657577515,0.11962472768640192,0.14941764337535393,0.10953322832597435
5094,0.058387480676174164,0.11898876200352672,0.1540269603908323,0.10857434574878354
5095,0.11093100905418396,0.11869575155166755,0.16535908533061006,0.11382268370023906
5096,0.1504172682762146,0.11360732233827177,0.16144730424789352,0.11127741075879188
5097,0.1323559284210205,0.11822567243458072,0.16043515071512215,0.1113041161055945
5098,0.12825453281402588,0.12438244412396825,0.159281395050735,0.11023983268903693
5099,0.14913928508758545,0.11961532702976764,0.15042869704442918,0.11065250591135171
5100,0.11363102495670319,0.11835639790119953,0.1540711363980986,0.10465563236255158
5101,0.14890050888061523,0.11784664383497798,0.16437923479314498,0.10649561797014867
5102,0.10595043748617172,0.11243298769983329,0.1602424987807538,0.10601854263031528
5103,0.1283019334077835,0.11579596682171056,0.1595041192209207,0.10695138075943439
5104,0.1092335507273674,0.12197364547227595,0.15821662084290056,0.10580989602171824
5105,0.09378902614116669,0.11730634975892867,0.14857245423697485,0.11027462842540152
5106,0.10875913500785828,0.11619144487241831,0.15270073145237356,0.11226113710614422
5107,0.13300074636936188,0.11739693621376658,0.1616684659952494,0.11638218391367144
5108,0.1508990377187729,0.11164894390265862,0.16013696081414594,0.11097102697129829
5109,0.13125665485858917,0.11476767758209495,0.1571564668186061,0.10674744785019867
5110,0.08709999918937683,0.12114560866830543,0.15510630590630983,0.10435820983445283
5111,0.07347650825977325,0.11517680101730128,0.14554241121873598,0.10520110250813876
5112,0.09365782141685486,0.11474633353736366,0.15014079479831374,0.10361190064480418
5113,0.10923215746879578,0.11679087523237835,0.16119940965505106,0.10717918957459403
5114,0.09929492324590683,0.11067683846576347,0.15731476945100428,0.1035547118451907
5115,0.07773331552743912,0.11470943392762001,0.15642872029880933,0.10373074163967107
5116,0.06658834964036942,0.12078025350021186,0.15396097866356626,0.1042118036724735
5117,0.06814342737197876,0.11524551393325945,0.14588598895428728,0.10743010698568368
5118,0.07521165907382965,0.11431031150310975,0.1504570227352686,0.10664127751492464
5119,0.125007763504982,0.11664529816466261,0.16389789057461865,0.11426724774563796
5120,0.15028256177902222,0.11005830081254081,0.16046565857873463,0.11101623644803925
5121,0.14777794480323792,0.11385687311740975,0.15895270101012837,0.11116849193818618
5122,0.16430099308490753,0.1196775084829565,0.1566178434745045,0.110519646080715
5123,0.13357661664485931,0.1145156788833134,0.14687377715855449,0.10848221479956194
5124,0.11563307791948318,0.11407669174628075,0.15128396558940915,0.10427325919375931
5125,0.11064228415489197,0.11613209041582642,0.1622446125829158,0.10437194273840898
5126,0.09654361009597778,0.10975997001649192,0.15693360085848743,0.10288856122676511
5127,0.11973030120134354,0.1121603060912117,0.1573154649870245,0.10464379090445665
5128,0.11087985336780548,0.1173658957494823,0.1550292261282922,0.10526195421471601
5129,0.12322814017534256,0.11233539997096004,0.14492956180233946,0.10814381082733489
5130,0.1460976004600525,0.1121090925593655,0.15108606185824877,0.1109276776127095
5131,0.21272659301757812,0.11399595654409095,0.1610620303426038,0.11506043899158747
5132,0.1676105558872223,0.10889783911235472,0.15776761750443846,0.108161970259486
5133,0.12729071080684662,0.11094918425121815,0.15546088475737005,0.10529653427239515
5134,0.054437458515167236,0.11597636969170934,0.15245020627575875,0.10283954101324827
5135,0.08399651199579239,0.11161795448541847,0.1429687339368277,0.10256881313105669
5136,0.11108240485191345,0.11012511798012259,0.14910093545189088,0.10420589221943012
5137,0.13338878750801086,0.11238078931508545,0.1595631821975336,0.10545376391633936
5138,0.10316846519708633,0.10787095269041179,0.15577989769642328,0.10232672043855194
5139,0.08401196449995041,0.11109038896291726,0.1557574586419691,0.10180498251939869
5140,0.07870496809482574,0.11578809232735496,0.15345651633858817,0.10320191371586353
5141,0.08622302860021591,0.11212506126082805,0.1445503493888853,0.10495639016385852
5142,0.09162554144859314,0.11095996904073396,0.15010630158273275,0.10389619411516224
5143,0.1265539973974228,0.11246784502905373,0.16134280270077372,0.11112414781912254
5144,0.11693060398101807,0.10743891758064067,0.15712276555132457,0.10627561100524047
5145,0.11534938216209412,0.11111975433285881,0.1577618669967769,0.10809276454003956
5146,0.11016984283924103,0.11597240130860742,0.15471737050816972,0.10840849572038884
5147,0.12057763338088989,0.1117705992599174,0.1448764159333018,0.10734265544987297
5148,0.11099547892808914,0.11165055076439794,0.1494334902591101,0.10370668766432636
5149,0.15530608594417572,0.11273794919207497,0.15878308003550504,0.10536749282074301
5150,0.15929482877254486,0.10850243894357182,0.1562557947819344,0.10150408429115716
5151,0.09583162516355515,0.11350621115077528,0.15826111396633713,0.10357560800600461
5152,0.07244701683521271,0.11645391283325073,0.15415978521667298,0.10438974604084585
5153,0.09930688887834549,0.11229711959627263,0.14461524677384324,0.1060504223142976
5154,0.10247823596000671,0.11028065764943937,0.15062054819611764,0.1096765358947029
5155,0.17614923417568207,0.1129227034173575,0.16233503010809244,0.11746974311180979
5156,0.15937483310699463,0.10999877972200257,0.16091146487278138,0.11037791697389952
5157,0.10609553009271622,0.1133764006389756,0.15854639278948154,0.1083940884461062
5158,0.06703195720911026,0.11684961959565245,0.15285726416598192,0.10575773703369334
5159,0.08443506062030792,0.11293026811018532,0.14382289419470165,0.1041720171673886
5160,0.10784787684679031,0.11117478103816641,0.14887514586838624,0.10411714061435125
5161,0.13805630803108215,0.11195680084147504,0.1583243114019709,0.10631014941774311
5162,0.09390316903591156,0.1083813010962856,0.15511388305947038,0.10315347522533665
5163,0.0758693516254425,0.11169571273028843,0.15317906232740172,0.10041002038581383
5164,0.06646327674388885,0.11533802099593768,0.15222708324609793,0.10313002730266127
5165,0.08436189591884613,0.11197628387767394,0.14366627485317393,0.10331447847448674
5166,0.08403124660253525,0.10971810060749981,0.1492697784462317,0.10489698157363932
5167,0.10677757859230042,0.11258997090920099,0.1615849764028889,0.11195431386454685
5168,0.13106918334960938,0.10898197129271305,0.15744911476931184,0.1090005439249143
5169,0.12892669439315796,0.11158767323544104,0.15546055440352058,0.10828772473098242
5170,0.09280773997306824,0.11498440088055538,0.15184614384824177,0.10955269262877541
5171,0.10341893136501312,0.11118341285020895,0.1430375986385329,0.10703724525084501
5172,0.0780496820807457,0.10971520702854809,0.14506052134460962,0.10409683254698168
5173,0.10847233980894089,0.11257133834782738,0.15842992256982116,0.10548376953194626
5174,0.12222870439291,0.11034665462203831,0.15652525757386213,0.10319572576283167
5175,0.09680496156215668,0.1113794456803694,0.15602146107661333,0.10201696961147116
5176,0.08329469710588455,0.11574886346213574,0.15244157245773923,0.10279148737136691
5177,0.07589344680309296,0.11290938207631894,0.1436722666488964,0.10454535011086931
5178,0.06713587790727615,0.10996936195346999,0.14401046624905892,0.10354719555066196
5179,0.1475031077861786,0.11240596390752731,0.158195586639416,0.10949852494588197
5180,0.12733052670955658,0.11067127243826524,0.1579565590455484,0.10628343794168355
5181,0.08792025595903397,0.11142841846652195,0.1536287386519899,0.10429185053269661
5182,0.07651306688785553,0.11582093311193133,0.14949612993971909,0.10550722118142235
5183,0.08773009479045868,0.11259508470895373,0.14098083417266946,0.10347401839088452
5184,0.12505699694156647,0.10944776567150892,0.14155316849600885,0.10150763924587886
5185,0.1224566400051117,0.11160122498758551,0.156264441807664,0.10521371014881077
5186,0.10545467585325241,0.1095526671985134,0.15499861814825733,0.10228820059410572
5187,0.0718117356300354,0.11098755146925768,0.15338830905636033,0.10014348572962993
5188,0.06537763774394989,0.11559425932885996,0.14984922401913528,0.10248913608238262
5189,0.08180444687604904,0.11192026018838307,0.14218712327689256,0.10404722339053364
5190,0.08369619399309158,0.10928124184529811,0.14306404298171407,0.10185672309889857
5191,0.10274621844291687,0.11130737797512245,0.15623642345865468,0.10798261073475239
5192,0.1326093077659607,0.1090851041565489,0.15713651294829753,0.10789935683774678
5193,0.12140247225761414,0.11084907056718701,0.15381903922516352,0.10560918444270982
5194,0.10329984873533249,0.11473914804379062,0.15043598102156286,0.10616261267341671
5195,0.08685898035764694,0.11098305140564699,0.14135468254822428,0.10506931318895653
5196,0.07112938165664673,0.1091965297563216,0.14172335713187748,0.09958459351697657
5197,0.10024742782115936,0.11087593922354627,0.1546909495189811,0.10255004795252119
5198,0.09522077441215515,0.10866179228915875,0.1546515713226817,0.10211453796791908
5199,0.08846443146467209,0.11001970215248408,0.15202091367877937,0.09875555118046114
5200,0.0730602890253067,0.1146859608700042,0.15016363441898609,0.10159045100597507
5201,0.0706053376197815,0.11081112315640779,0.1410574951440388,0.10299654603435092
5202,0.10713736712932587,0.1094633938648833,0.14273449895398152,0.10250982803241934
5203,0.14332561194896698,0.11177211645202267,0.1557065068672108,0.10807832702401132
5204,0.12125257402658463,0.10905168924904916,0.1555813360567124,0.10439969442838178
5205,0.0740656927227974,0.11041841015410257,0.1518869711537327,0.10141614223602553
5206,0.07374994456768036,0.11568978437191978,0.14954666344663695,0.10250466792621134
5207,0.10565067827701569,0.11235456427109923,0.14056265684118321,0.10277042676009943
5208,0.12032964080572128,0.1105964732233954,0.1419988451342926,0.10004548763400554
5209,0.14075398445129395,0.11156196544877682,0.15355357294251365,0.10428937217451374
5210,0.12684904038906097,0.1101088344386988,0.15306701656915833,0.102412561712622
5211,0.09571368247270584,0.11126092426067803,0.15184835242577624,0.09965877460280324
5212,0.07566756755113602,0.11710405974773579,0.15126522375276485,0.10340104399758224
5213,0.08700420707464218,0.1139788230538028,0.1430994006673811,0.1043769300909174
5214,0.1083330437541008,0.11215514953853291,0.14806508302387514,0.10350072128747602
5215,0.13868317008018494,0.11319783131974469,0.16037960307779964,0.11072909485037168
5216,0.13927768170833588,0.11093088912391856,0.16126234885708027,0.10795762245085082
5217,0.11270716041326523,0.11269318405392183,0.15932776308134947,0.10706400136293154
5218,0.09728559106588364,0.11788792428810754,0.1556101802789054,0.10637255290810889
5219,0.10775113105773926,0.11383495132937087,0.14581161613031102,0.1047839237467635
5220,0.10365947335958481,0.11400175858193039,0.14942663162632902,0.10359330806013328
5221,0.12112218886613846,0.11472972316459679,0.1588670576234192,0.10617930535961738
5222,0.1244683489203453,0.11382881340963215,0.1602842543031848,0.10572190082969457
5223,0.10243824869394302,0.11441960049960018,0.15912983456952337,0.10392821278003193
5224,0.08490443229675293,0.11797939237099421,0.15493201610505683,0.1058901346077827
5225,0.09539949148893356,0.1131661902657317,0.14480042052640796,0.10619482932389891
5226,0.09680566191673279,0.11342827503710375,0.1504378208284545,0.10751676061349767
5227,0.09749773889780045,0.1163092339383188,0.16110552118009827,0.11213686835766062
5228,0.08429409563541412,0.1132432387023004,0.16176362977363293,0.10725275521432613
5229,0.05596358701586723,0.11249872386646959,0.15784256767513485,0.1033105797167534
5230,0.04451347514986992,0.11771586153172175,0.15357237051459094,0.1033644319183078
5231,0.06016918644309044,0.11358227491604361,0.14315995958728409,0.10133116815718003
5232,0.06805804371833801,0.11162197173402752,0.1462796447753629,0.1013100976600759
5233,0.09214429557323456,0.11318203968703838,0.15707984624652715,0.10413591265092394
5234,0.10071420669555664,0.11030267807398247,0.1573389649225629,0.10167347429622971
5235,0.0865064263343811,0.11001399867866037,0.15695712288191122,0.09934025414828956
5236,0.08176132291555405,0.115076349055609,0.15344427120755272,0.10420974943480864
5237,0.10240068286657333,0.11139229475583373,0.14384180852048853,0.10381015446176187
5238,0.11383760720491409,0.11187001569257243,0.1515491640182051,0.10428708956223966
5239,0.12079570442438126,0.11491789627976684,0.1622488237314896,0.11005127545972253
5240,0.1170586347579956,0.11146940000243945,0.16249306581189238,0.10503714725376657
5241,0.0827445238828659,0.11356491891365729,0.15940016017339734,0.1021018790050539
5242,0.08005242049694061,0.11577637586406743,0.15299844864354137,0.10193037070147248
5243,0.10990592837333679,0.11338671971102326,0.14322029326023802,0.10116858174546796
5244,0.1258588582277298,0.11195990221382851,0.1502963323818087,0.10155871244307307
5245,0.14782238006591797,0.11711722769033671,0.16234752406718447,0.106032345871245
5246,0.15683718025684357,0.11286194022598074,0.16108350045552847,0.1027560290118764
5247,0.11715888231992722,0.114925622890443,0.1594204988265887,0.10221349557716142
5248,0.10814866423606873,0.11635964753443578,0.15331862715717762,0.10677327056202063
5249,0.1255418062210083,0.11441913471935526,0.14476165049931786,0.10451647735527941
5250,0.11374843865633011,0.11192984807251798,0.14997940960503706,0.10587902931987438
5251,0.10659414529800415,0.11573608206861605,0.16161546443739885,0.10933597891187356
5252,0.08960911631584167,0.11254363816047115,0.16026491666422488,0.1041352721156687
5253,0.05665735900402069,0.11272124417889334,0.15609513494680455,0.09846584634357991
5254,0.047514237463474274,0.11524321433563561,0.15101969786340183,0.09848597150548474
5255,0.05811987817287445,0.11061947969319373,0.13847670183893834,0.09476911284585109
5256,0.06171893700957298,0.10639184088939055,0.14421981125896807,0.09887454462192741
5257,0.10277528315782547,0.11094802378379814,0.15631722498830125,0.10211959347302964
5258,0.09133581817150116,0.1082415110786346,0.15529082410252293,0.09877730859134971
5259,0.07795237749814987,0.11080748911247452,0.15199075176784455,0.09419803758966783
5260,0.0785069614648819,0.11385222414513387,0.14998994000250024,0.09930666292048361
5261,0.10112176835536957,0.10951124989033359,0.14012546468448292,0.09672996435381293
5262,0.10260917246341705,0.10710395372426303,0.14700411051908233,0.09981199867395953
5263,0.11535871773958206,0.11125208327237714,0.1597190085366832,0.10503607549645003
5264,0.12582069635391235,0.10845282275783687,0.15836591206222195,0.10023292959349094
5265,0.09039141237735748,0.11117646978901394,0.1550271256919629,0.09836342303275494
5266,0.09760502725839615,0.11301557011426984,0.1499976043088849,0.09903210995624745
5267,0.1165689080953598,0.10939561620356314,0.13845565517791675,0.09577082399714158
5268,0.11303862929344177,0.10763180768849628,0.14450536572298037,0.09683054221167119
5269,0.13977396488189697,0.1116433246127929,0.15457204089028875,0.10392829090198993
5270,0.12412731349468231,0.11042998160477208,0.15577826866246705,0.1007450405703117
5271,0.10244884341955185,0.11443405383699763,0.15567652956735203,0.10119637729455265
5272,0.10324691981077194,0.11755638200245566,0.153905005516094,0.10443736381758217
5273,0.14729365706443787,0.1127118182316118,0.14399375834547243,0.1029592143277386
5274,0.14381788671016693,0.11116953426772688,0.15188888867274628,0.10911113583816522
5275,0.11215061694383621,0.11519841234277854,0.16408617122394267,0.11407216035369262
5276,0.12078869342803955,0.11342465699603528,0.16515225049926932,0.10840949400415897
5277,0.07796614617109299,0.11479143878394224,0.16095076093642924,0.10320072320397689
5278,0.06435181200504303,0.11669725580479227,0.1574917644736044,0.10399436293258697
5279,0.06918179243803024,0.11164193699307111,0.14489799628387262,0.09987822134226519
5280,0.07738327980041504,0.10610900568884571,0.14610868053048165,0.10206602869765029
5281,0.09950842708349228,0.1121478786595747,0.15351004124193704,0.1046126011604394
5282,0.08085236698389053,0.11007133726617178,0.15502185582790717,0.09983300412537796
5283,0.06067594513297081,0.11148491861979942,0.15162331006503196,0.0983698233666725
5284,0.050777241587638855,0.11240341347902709,0.14776499360528075,0.09833751711271897
5285,0.0718907043337822,0.10804715933263843,0.1374260610821674,0.0970470406521553
5286,0.06997589766979218,0.10474822844001132,0.14329798136240893,0.10057727881801769
5287,0.08655337989330292,0.10866505110120199,0.15333992757192608,0.10708809510707402
5288,0.09912502020597458,0.10818796582391554,0.15654385874072665,0.10398433558423084
5289,0.07218414545059204,0.11100522579235243,0.15540326995823991,0.10437223281152917
5290,0.05926207825541496,0.11157746420719804,0.15068912800317677,0.10563858189682628
5291,0.06218830868601799,0.10715873243262827,0.13949787742124847,0.10194277901591783
5292,0.05547158047556877,0.10493833648992937,0.14340754443496903,0.09905775824499789
5293,0.08479815721511841,0.10911448043257947,0.15164872630885473,0.10111641723796537
5294,0.08719691634178162,0.10842333048507385,0.15504451574338843,0.09876994388085522
5295,0.07565352320671082,0.1107249187328778,0.15416434251951494,0.09897398864806882
5296,0.05006590858101845,0.11165417267265139,0.14923824515870843,0.09908284001873216
5297,0.06813672930002213,0.10677454104514138,0.13853767217047966,0.09811528901753444
5298,0.13222888112068176,0.10467513271567448,0.14290798767023907,0.1024427936019996
5299,0.18830198049545288,0.10912343276008242,0.1520705936392211,0.10693984708915236
5300,0.16107282042503357,0.10816579666922585,0.15618128777049625,0.10079543741811187
5301,0.06218753755092621,0.11083490598424364,0.15367260456242898,0.0982684203716197
5302,0.0717899277806282,0.11161629101363069,0.14828380632217367,0.09882678999183789
5303,0.09890555590391159,0.10671728413066656,0.137895028799922,0.09906463981619501
5304,0.11058716475963593,0.1049006347733609,0.14101139419413353,0.10008220986423398
5305,0.108587846159935,0.10829974815242194,0.14926093576360364,0.10395005785126045
5306,0.08454959094524384,0.10688332778576302,0.1527873854722557,0.100079265969923
5307,0.06519193202257156,0.10954676325393033,0.14981836339199744,0.09790231840700021
5308,0.05179751664400101,0.11143504973928962,0.14579831082207406,0.0992245822291108
5309,0.07061684876680374,0.10593760313724764,0.13676860153671863,0.09855451705146784
5310,0.07768423110246658,0.10494729971146875,0.14209469232290947,0.10105876780065365
5311,0.09565741568803787,0.10781825729207045,0.151346027823357,0.10778513475888961
5312,0.08678729087114334,0.10632203245015388,0.15674731675065487,0.10495793299647647
5313,0.0696808472275734,0.10962958695147505,0.154959554504,0.10537873877653568
5314,0.0684608519077301,0.1113405391177654,0.14995679251671043,0.10385509204383792
5315,0.08174261450767517,0.10637808883016325,0.13818696480068937,0.10229709236098018
5316,0.06659413129091263,0.10577305784380098,0.14236282462350494,0.10019682170671426
5317,0.09599810838699341,0.10819635950235275,0.1501421123677555,0.10162418628613629
5318,0.09955150634050369,0.106697968990412,0.1544263032583428,0.09977462099934979
5319,0.06680928170681,0.10939360821835117,0.15339144896581916,0.09885695576537086
5320,0.053161248564720154,0.1104971562617771,0.14795665204114555,0.09876314316022557
5321,0.07013580203056335,0.10570503848203261,0.13619625092890056,0.09862795673871756
5322,0.0949808806180954,0.10611246147359528,0.14229192982665342,0.10137252732522568
5323,0.13124273717403412,0.10796844860541405,0.15010943538688878,0.10545793149044128
5324,0.11441366374492645,0.10600968518517093,0.1543601800712068,0.10065647478862454
5325,0.04652859643101692,0.10928193461041066,0.15211683609410798,0.09793909190144821
5326,0.06250827759504318,0.1105319641277735,0.1476120088051772,0.09877410896991887
5327,0.09038084000349045,0.10608381190346237,0.13554588993715935,0.0992182538518911
5328,0.10283615440130234,0.10634011521182694,0.1416642025532563,0.1011564969247532
5329,0.12432850152254105,0.10890564206421831,0.14953633740296277,0.10461634161838275
5330,0.10830089449882507,0.10634594932707125,0.15283603714232755,0.10013265068751664
5331,0.08490417897701263,0.1099319683041037,0.15073656710297534,0.09800602772674867
5332,0.06522959470748901,0.11061620861949951,0.14640256480939093,0.09774080059562493
5333,0.07744806259870529,0.10699042325221059,0.1368871541010505,0.09720117539478643
5334,0.08064227551221848,0.1063119588004259,0.14403002449168217,0.1014464369860979
5335,0.12067944556474686,0.10884813167475742,0.15218944992217687,0.10766012956508461
5336,0.10955647379159927,0.10651313167434076,0.15650123322718176,0.10319297470254134
5337,0.07790378481149673,0.11020304704189199,0.154276155363706,0.10209696120144006
5338,0.08308583498001099,0.11190171479336529,0.14943426916672672,0.10276571681116012
5339,0.07053188979625702,0.10774001712505356,0.1388764577083096,0.10025886294497344
5340,0.07127892971038818,0.10656784294659595,0.14359058819124548,0.09958941615608091
5341,0.09916362166404724,0.10892659887117574,0.1517904916865607,0.10167835442350896
5342,0.08963046222925186,0.10670360246613404,0.15414950341819256,0.09889282266694178
5343,0.09125857055187225,0.1097574738996902,0.1527393609666605,0.09879897810536371
5344,0.07004618644714355,0.1120467095654763,0.1492748196619378,0.0997045120928441
5345,0.08001763373613358,0.10737791214831448,0.13759679506116432,0.09907555624614287
5346,0.11042015999555588,0.10639488573264443,0.14267657662579614,0.1018218482360636
5347,0.139011949300766,0.10851552982550743,0.15082035321917925,0.10643948555930254
5348,0.11842305213212967,0.10626961841793627,0.15436274845874295,0.10068529442737338
5349,0.07082732021808624,0.10877897924956086,0.15161719614673316,0.0982928111689115
5350,0.07229766249656677,0.11238666053388302,0.14845065565254448,0.09824281130256164
5351,0.08167289942502975,0.10783183592961992,0.1363519238899891,0.0956448104512376
5352,0.09484831243753433,0.10742086821877837,0.1404945403784418,0.10039393843088158
5353,0.1094883382320404,0.10850103449115509,0.1471436237368512,0.1039143531820965
5354,0.09894296526908875,0.10613509127090631,0.1502696931505865,0.09962320831299253
5355,0.07559312880039215,0.10879478495463056,0.1482148346419932,0.09669310727756399
5356,0.05476648733019829,0.11244396688347803,0.14584695539878637,0.09703969614699037
5357,0.05782841518521309,0.1073384316010988,0.13614965159400993,0.09718970149649414
5358,0.07244303077459335,0.10722311112418956,0.14259235637688586,0.10024787983383913
5359,0.1036292016506195,0.10816921006968268,0.1502385330448039,0.10792702543845793
5360,0.10516488552093506,0.10638281193635551,0.15488834646196173,0.10536173270247075
5361,0.08371242135763168,0.1100362702700452,0.15417254683387752,0.10481756806295212
5362,0.08749119192361832,0.113658607792381,0.15100412505476116,0.10425903285099823
5363,0.08449753373861313,0.10936907739891888,0.13945313736956508,0.10042080657045283
5364,0.07538913190364838,0.1090486559472083,0.14246840709610833,0.09997583798467012
5365,0.09975524246692657,0.10887725232162165,0.14988128923389663,0.10229342574874382
5366,0.08721966296434402,0.10783999171251288,0.15328002748706798,0.10011446255961158
5367,0.09487015008926392,0.10897386864094508,0.15196284219689607,0.09972394827466902
5368,0.06427772343158722,0.11397813587089475,0.14897310777562503,0.10084319731572186
5369,0.08218301832675934,0.10888358688630519,0.13690112568247767,0.09951737679881413
5370,0.13656456768512726,0.10833692143640107,0.14168021285509622,0.10335585775373685
5371,0.18123839795589447,0.10855743057713525,0.14916111905641907,0.10657209934617988
5372,0.14064787328243256,0.10606635058699115,0.15340312789393498,0.10161073852088463
5373,0.084810271859169,0.10766779952083158,0.150508448533599,0.0969841805484914
5374,0.0583467036485672,0.11207839370141646,0.14735074100237042,0.09751426512470536
5375,0.08105310052633286,0.1074246777840044,0.1351547266225258,0.09660646454495742
5376,0.10857471078634262,0.10718147531014412,0.14013463825631892,0.09934713109822714
5377,0.13855227828025818,0.10760765620827105,0.14727016297861353,0.10300035198737333
5378,0.1054186299443245,0.10564874182847199,0.15082485266307988,0.10041327714038852
5379,0.07334761321544647,0.10741189466061533,0.1474633437442959,0.09751367712494362
5380,0.058267854154109955,0.11244831243199828,0.1444786977535995,0.09707881407817952
5381,0.07014166563749313,0.10826124897589602,0.13537358124519241,0.09679052309135566
5382,0.08309204131364822,0.10590312910438388,0.14078040216043422,0.09939465952867872
5383,0.13322217762470245,0.10753682107300526,0.14896838227653245,0.10632995676028974
5384,0.10864616930484772,0.10564640583869575,0.15492022816924378,0.10397194424491688
5385,0.09174343943595886,0.1075696674564647,0.1521252434746407,0.10193061602219626
5386,0.09623592346906662,0.1124037052040549,0.14860213541321804,0.10248618929144343
5387,0.10739728808403015,0.10839508122542961,0.13902102116665904,0.09870381920246785
5388,0.09123951941728592,0.10612020589681094,0.14176630308018,0.09808259501388847
5389,0.12059085071086884,0.10686343652566008,0.14745451040121793,0.09992765644586163
5390,0.11481758952140808,0.10505320401890851,0.15288189313597256,0.09890120962415704
5391,0.10144039988517761,0.10629045077481404,0.1490589572280533,0.0980520543509237
5392,0.06128540635108948,0.11138363443593394,0.1466749921494034,0.09838112585417164
5393,0.06636911630630493,0.10739485718813652,0.13705006250970575,0.09806422674658478
5394,0.10057167708873749,0.10550799246413979,0.14190978551984654,0.10095331263366725
5395,0.17067517340183258,0.10633988625777092,0.1480091219932244,0.10392254369640952
5396,0.11367262154817581,0.10463157371253456,0.1526450726215537,0.09942453874335673
5397,0.07980827987194061,0.10470979021059725,0.14953937495452999,0.09563466805594155
5398,0.059325024485588074,0.11039156130107518,0.14797379183021117,0.09884429484907206
5399,0.0747169703245163,0.10716859424461588,0.1371413273905099,0.09536840126034694
5400,0.09255555272102356,0.1055001690700582,0.142141161567956,0.0991150432145898
5401,0.10466146469116211,0.10656640294142945,0.14661743581755002,0.10162682992004544
5402,0.0903555229306221,0.10463689783165413,0.15212740628226984,0.10037083350202769
5403,0.0700119212269783,0.10463287569560765,0.14787001569976796,0.09631793883180469
5404,0.06624097377061844,0.11003978288722384,0.145042279173629,0.0951356584667459
5405,0.06702765077352524,0.10770189476823139,0.1363527523025657,0.09506996159831967
5406,0.07009703665971756,0.1049761493202003,0.14082130527137848,0.09792044699223755
5407,0.10487572848796844,0.10604454166769668,0.14856961086476944,0.1036095621182795
5408,0.09984897822141647,0.10501671731664595,0.15518104738599672,0.10248066264699726
5409,0.07312428206205368,0.1053456736413366,0.1513043049155888,0.10023290430466608
5410,0.07523757964372635,0.11067477606805239,0.14948405476819285,0.10082640726550535
5411,0.06932096183300018,0.10785917494905407,0.13959008349918994,0.09910508839301714
5412,0.0762573853135109,0.10357942075067718,0.14050867826195457,0.09526072480405366
5413,0.07115569710731506,0.10533725365547894,0.14816857168078718,0.09775757570554541
5414,0.07800881564617157,0.10395782355860846,0.15304379309073926,0.09729045793769621
5415,0.08571785688400269,0.10445394320921371,0.14970978272406021,0.09640945351815784
5416,0.08474438637495041,0.11031725185929431,0.1480794720614824,0.09815025408805401
5417,0.09168799966573715,0.1078956022683739,0.13766506277080925,0.0969653404883324
5418,0.11866985261440277,0.10377648054126243,0.13951413536534701,0.09962055477773467
5419,0.18818873167037964,0.104717901943448,0.14647074399498503,0.10281841458385423
5420,0.1421782672405243,0.1038585509918411,0.15332474237881535,0.10080080458950112
5421,0.0907367542386055,0.10572207540067623,0.15081687919384856,0.09662824263295705
5422,0.06698738783597946,0.11091300201232265,0.14815187249095066,0.09747694285399673
5423,0.0901695191860199,0.10868833497956815,0.13758266059320115,0.09455433535193027
5424,0.09647908061742783,0.10449267246562653,0.13861395834128684,0.09777686474369988
5425,0.10567831248044968,0.10513783069695841,0.14498383763092623,0.10018236730680563
5426,0.10906026512384415,0.10418875101766266,0.15068826788862585,0.09922417460669983
5427,0.07055430859327316,0.10464645907260973,0.1484455973209349,0.09488227374121093
5428,0.06907178461551666,0.10907999233837633,0.1442876671326424,0.09524595720469385
5429,0.08227655291557312,0.108197223353924,0.1389135381524529,0.09664138067496353
5430,0.08510654419660568,0.10458407796112862,0.14063019149753858,0.0994332198642221
5431,0.1250154674053192,0.10549427776801518,0.14900271737552176,0.10413218622958116
5432,0.09961673617362976,0.10438556271821713,0.15392796624359575,0.10365683774219502
5433,0.08977267146110535,0.105127459171337,0.1512017397102069,0.1001668432990813
5434,0.06655218452215195,0.10932953896868801,0.14970507284535015,0.10224597261817
5435,0.07421201467514038,0.10720435523871052,0.14076742241185866,0.10037184464315616
5436,0.06885189563035965,0.10346612646801366,0.13883219908394936,0.09746095204220585
5437,0.09268597513437271,0.10533487714621298,0.14735527937657003,0.09649202577575701
5438,0.08547912538051605,0.1039823511647538,0.15261803734782664,0.09685776039067942
5439,0.09649907797574997,0.10397805191962438,0.1504967610565384,0.09593164009566721
5440,0.05220642685890198,0.11025174935404435,0.14924693371642814,0.09777162758013516
5441,0.07135920226573944,0.10731440593998993,0.14023665365570046,0.09801580725446488
5442,0.15164628624916077,0.10456300516457144,0.13907146781193006,0.09839438477435519
5443,0.1855221688747406,0.105658292412954,0.1482359015196786,0.10193807848400714
5444,0.12800797820091248,0.10456084382327618,0.1530062877510787,0.09901130706022498
5445,0.09429099410772324,0.10459695117026681,0.1506486132586744,0.09391394846150242
5446,0.07662666589021683,0.11158546361089403,0.1498136428092494,0.09509522263014035
5447,0.09062868356704712,0.10750500238453108,0.14041496321260405,0.09417438188452731
5448,0.11008460074663162,0.10462070814082991,0.13854892483899298,0.09836712847701606
5449,0.10963162034749985,0.10604011441925087,0.14674657915703251,0.09991667275016701
5450,0.12179045379161835,0.10491546561750344,0.15076826898870282,0.09833250193877947
5451,0.07138969004154205,0.10500570251708914,0.1478664814658216,0.09533873148752688
5452,0.05707249417901039,0.11130051789421228,0.14786489357003327,0.09696492067848413
5453,0.083222396671772,0.10743690357208094,0.1392076686662093,0.09746337431948153
5454,0.11653752624988556,0.10452642330656768,0.1388749787889804,0.09759834366494272
5455,0.13911354541778564,0.10590802374472595,0.14887125084166317,0.10143823292438342
5456,0.12041138857603073,0.1044648924498079,0.15332548252803596,0.10352697322920386
5457,0.10554718226194382,0.10525696499047789,0.15233115229361413,0.09952597292923651
5458,0.1053117960691452,0.11119293057628514,0.15155343661207382,0.10280584065383942
5459,0.1165289580821991,0.108116523236621,0.14207865325711044,0.09849097583140445
5460,0.14287212491035461,0.10586228187783658,0.14010346901095785,0.09751148990929001
5461,0.14788898825645447,0.10580336095337745,0.1471942855258964,0.09843590111415955
5462,0.146615132689476,0.10441710895003102,0.15101870509969934,0.09803388663060617
5463,0.0849824845790863,0.10457409119365076,0.14831147034180828,0.09646908078234856
5464,0.041543569415807724,0.11115867685664918,0.1489653987755319,0.09799202059736975
5465,0.04279433563351631,0.10821472177843307,0.14046032180896698,0.09840922913190973
5466,0.16002172231674194,0.10580151741966222,0.14026307489141498,0.09931172549764143
5467,0.1930064707994461,0.10615399051435116,0.14880724554436212,0.10185028865160911
5468,0.13706880807876587,0.10461207777737974,0.15230241397463273,0.09829817111443061
5469,0.09114020317792892,0.10424145256701119,0.15005695829575266,0.09319231066553796
5470,0.07360927760601044,0.11132671910483531,0.15052506429326581,0.09595751781530854
5471,0.09939813613891602,0.1076909882086501,0.14049060618495537,0.09670504472342448
5472,0.12304327636957169,0.10552264915871891,0.1400823525959579,0.0999203088084434
5473,0.11002938449382782,0.1045141710159496,0.14398914776501773,0.09977893466971621
5474,0.11279946565628052,0.10423784580611568,0.14916621844508768,0.09758995074705865
5475,0.06161995232105255,0.10401247184140755,0.1471183381132243,0.09547180187378103
5476,0.059995073825120926,0.11033089332258403,0.14791448696141982,0.09690184352565973
5477,0.06639467924833298,0.10725828318423553,0.13943493359078019,0.09738361342484639
5478,0.09794588387012482,0.1050664110112924,0.13898720068959844,0.0974807978702335
5479,0.1169770359992981,0.10422635803529473,0.14582375325212935,0.10148911210689623
5480,0.1044958233833313,0.10391117645017099,0.15217789932767076,0.10096793046011264
5481,0.10065695643424988,0.10407817407283386,0.15079478591672135,0.09886991541786622
5482,0.09918151795864105,0.11039071649623833,0.15051347675959773,0.10324616687499476
5483,0.11614253371953964,0.10754398766285901,0.1415976801883236,0.09831862400306139
5484,0.1111270934343338,0.1045285485336709,0.13810133177375525,0.0978738519229001
5485,0.1378779411315918,0.1044157368659279,0.1435483651057967,0.09819364370420797
5486,0.17571063339710236,0.10352874116980969,0.14918416806136783,0.09707797086188333
5487,0.08411768823862076,0.10403064759339685,0.1486856813472318,0.0951608591321734
5488,0.04168175533413887,0.11047036467605566,0.1483242462987959,0.09564983986988619
5489,0.061355601996183395,0.10684607881459039,0.1395044821258477,0.09762645172226213
5490,0.11628203094005585,0.1052976099555128,0.13845507370201177,0.09863932320782842
5491,0.13732562959194183,0.10453628777016911,0.1451942727975227,0.09910855711473944
5492,0.11067025363445282,0.10303540957465779,0.1520042345727739,0.09792092629989267
5493,0.08116845786571503,0.10406143135003165,0.14963307942917778,0.09392860454625752
5494,0.07174282521009445,0.1104104719658856,0.14917646905404397,0.09834455150713563
5495,0.0888013169169426,0.10693511154076368,0.13982234616588388,0.0973234054666887
5496,0.09143581241369247,0.10520708873752302,0.13793916456618702,0.09851566637147367
5497,0.10112306475639343,0.10382711441946277,0.14264730965387507,0.09866757596158783
5498,0.10273504257202148,0.10335632244316494,0.149396469681097,0.09683388928111421
5499,0.057197559624910355,0.10433331558030119,0.14832873121234202,0.09513208542871036
5500,0.04530918598175049,0.11110825329674552,0.14706942859984673,0.09592486020805667
5501,0.0605512373149395,0.10677998855235894,0.13973725600514528,0.09773575966369451
5502,0.07549890875816345,0.10514624742860121,0.13844685725999642,0.0977747694011883
5503,0.10295054316520691,0.10406710576860934,0.14512988134416555,0.0999911102421159
5504,0.0830124244093895,0.10320193051671998,0.15210160352581156,0.09995196977712295
5505,0.07285933196544647,0.10349557505262236,0.1503268322954758,0.0959736760861289
5506,0.05718114972114563,0.11090008470650531,0.14970195126943608,0.10024053515700188
5507,0.06495784968137741,0.10692326471162442,0.14115902558284923,0.09752817458084855
5508,0.08675526827573776,0.10453211517997708,0.13757655951031522,0.09731241815621283
5509,0.08615562319755554,0.10449631540746272,0.14322376465363543,0.09581598137984351
5510,0.09389731287956238,0.10338604262881085,0.14911707085972695,0.0964478002400372
5511,0.08104126900434494,0.1041166528194037,0.1501458956405967,0.09532807269719426
5512,0.05742555856704712,0.11107835097109403,0.14885356437057332,0.09710119718542785
5513,0.059171199798583984,0.10710596825949247,0.14112612757144471,0.09802205965625763
5514,0.08187028765678406,0.10524603553953783,0.1375909778584298,0.09935074028376369
5515,0.11680221557617188,0.10368577784810565,0.1440072754931409,0.09978324750206052
5516,0.10875829309225082,0.10304788298153972,0.150481614803278,0.09908653693371612
5517,0.0906497985124588,0.10576438974676289,0.15067612019781923,0.09518788024326087
5518,0.07344918698072433,0.111574963143534,0.14980607263075685,0.09823682255893186
5519,0.08677837997674942,0.10776447935498389,0.14160635411415237,0.09797344830482485
5520,0.09857363998889923,0.10501500873163035,0.1371409029246654,0.09916425297533449
5521,0.10747198760509491,0.10353630838190538,0.14151827377529325,0.09940263127743355
5522,0.10779882967472076,0.10170682028448433,0.14737001130611735,0.0982487145171937
5523,0.07530223578214645,0.10419799852526289,0.14889841799982662,0.096387076625847
5524,0.052598774433135986,0.11034236005809973,0.14821047239091295,0.0968833103523072
5525,0.05544101819396019,0.10690867625678538,0.1411486603176561,0.09822892387373344
5526,0.07905440032482147,0.10486128387375696,0.13728232960220144,0.09755693090256791
5527,0.10166830569505692,0.10373840418023943,0.14320296709843783,0.09910502837779811
5528,0.09318877011537552,0.1016411215136984,0.15058676678296257,0.0992005440753241
5529,0.09374319016933441,0.10413761492381583,0.1510718907288761,0.09763998372841524
5530,0.07180759310722351,0.11058206446850721,0.15165551337356428,0.10247079046212604
5531,0.07532135397195816,0.10736928203372648,0.14296736997282417,0.09906619958614006
5532,0.05939338356256485,0.10554566369892372,0.13842541845015913,0.09786929628250447
5533,0.07180319726467133,0.10481713720068862,0.1450414540882387,0.0964653888202065
5534,0.09713313728570938,0.10301396436410602,0.15057147257932801,0.09611875065055543
5535,0.10100691765546799,0.10664102059241691,0.15307640961669333,0.09741821706522069
5536,0.09257504343986511,0.11281183970824372,0.1527196803740919,0.09959755461356279
5537,0.07781864702701569,0.10868591256265413,0.14407595050568842,0.09894577765023832
5538,0.08435742557048798,0.10691695556944357,0.14016205080195485,0.10109199762552157
5539,0.15256153047084808,0.10605264196851612,0.1484335254782139,0.10200703896688638
5540,0.11939772963523865,0.10377026658635566,0.15468332062828485,0.09991622689995455
5541,0.11103900521993637,0.10836603258967349,0.15601042931218104,0.09781719315218584
5542,0.08839073032140732,0.11306673479935778,0.15414161146294905,0.09844080633328382
5543,0.09088651835918427,0.10966648354674238,0.14370717705947647,0.09703809173792784
5544,0.09797316789627075,0.10846669338502474,0.1399314170291862,0.10062551259233525
5545,0.10073858499526978,0.1061017920669495,0.14499234720923196,0.1009057571651653
5546,0.09945718944072723,0.10391092575744398,0.15125079679459666,0.10071175796546356
5547,0.06451231986284256,0.1076671620950247,0.15309485053290306,0.09843339283799213
5548,0.045923683792352676,0.11212587065379619,0.1518483537968302,0.09989515194645547
5549,0.05153094232082367,0.10865350887377129,0.14236167293402763,0.10048266557591895
5550,0.09462711215019226,0.10743396029868167,0.14012719820935823,0.10003361924586346
5551,0.12695306539535522,0.10567767745379998,0.1460543688366647,0.10183371996973452
5552,0.11509943008422852,0.10335442914014047,0.15315414846118294,0.10127311740598705
5553,0.12217237055301666,0.10724338345612719,0.15514380408518308,0.10195964997611724
5554,0.08612184971570969,0.11127351721624111,0.15221605362569343,0.10228999267025397
5555,0.06272929906845093,0.10758910318796486,0.14223857073636653,0.09865851287293986
5556,0.056732747703790665,0.10640024732764088,0.13862725961095942,0.09751640203001077
5557,0.06662458926439285,0.10501491844689954,0.14443306586898663,0.09777040432249663
5558,0.09331093728542328,0.10434943881064009,0.15114591148065004,0.09824937801569095
5559,0.09686104953289032,0.10699197238227344,0.1533814263424957,0.09820610641254142
5560,0.0749996155500412,0.11116050910869503,0.15024735035123965,0.1007654976691049
5561,0.06641484797000885,0.10761330177143053,0.14319172271593014,0.0997898193776739
5562,0.07391331344842911,0.10718615606575002,0.14024766680582734,0.1013982779615137
5563,0.11792964488267899,0.10490016254963966,0.14587669296870737,0.10152229261081248
5564,0.13151520490646362,0.1044096352482685,0.15404761916696066,0.10050150195726158
5565,0.08843837678432465,0.1065385568712583,0.15390304873258742,0.09627395910673796
5566,0.08020631223917007,0.11115188325223664,0.14927282021650698,0.09654215295366843
5567,0.10159465670585632,0.1081531706574311,0.14097707475809484,0.0974641150053615
5568,0.1106153205037117,0.10715171559178653,0.13620120522787416,0.10006060698721346
5569,0.1174095943570137,0.10464883364681893,0.14142651816129803,0.10156921183225255
5570,0.11206676810979843,0.1034547747333626,0.14854000908029563,0.0995707525688243
5571,0.06800913065671921,0.10714232843332255,0.14886474005563635,0.09831172298720366
5572,0.050592485815286636,0.11092249548975955,0.1470820420716583,0.09845357061120166
5573,0.06179442256689072,0.10905217059360824,0.14015716724240945,0.09969996904196134
5574,0.0963001474738121,0.10806034575605629,0.13878068301980392,0.09951722586596702
5575,0.13369494676589966,0.10487594176684753,0.1449952283803994,0.10200033911341189
5576,0.129264697432518,0.10246293690649656,0.1516263148319713,0.10296669942561784
5577,0.11604729294776917,0.10650349047106217,0.15263166319809898,0.10257778244512389
5578,0.09342867881059647,0.11016009736992306,0.14982904730289803,0.10323187627309202
5579,0.093902587890625,0.1089825109946697,0.14314161043330273,0.10000494648307569
5580,0.09369966387748718,0.10884419353141,0.13928209501790512,0.09873562881505683
5581,0.09519290924072266,0.10528597452473192,0.14445435718718833,0.09985846601714381
5582,0.12231104075908661,0.10367154119190372,0.1500008181928334,0.100395680032033
5583,0.11156220734119415,0.10717373635046828,0.15206430393279566,0.09969458752072394
5584,0.08218370378017426,0.11003514440192262,0.1477197670292465,0.10169167869165935
5585,0.08693329989910126,0.10818778376968535,0.14272722185064504,0.09977303984394773
5586,0.1334771066904068,0.10825661192577057,0.1402248881570184,0.10209788258527794
5587,0.17711976170539856,0.10584014825530225,0.14636169131188947,0.10203401616016171
5588,0.17821583151817322,0.10450549068725241,0.1515615695502186,0.10033574289315744
5589,0.13385315239429474,0.10738862682405767,0.15146125230951862,0.09437408955960226
5590,0.07021620124578476,0.11098628745777983,0.1483989213679031,0.09363494628691459
5591,0.07421651482582092,0.10797518904795624,0.14206203300718023,0.09457922263880582
5592,0.10094065964221954,0.10648647805535298,0.13747907080784438,0.09914524848571471
5593,0.13076777756214142,0.10479990395560114,0.14249454177864826,0.10229554421477483
5594,0.15065410733222961,0.10357852680614413,0.14743973101246888,0.09903513897866184
5595,0.08528359979391098,0.10859793480212282,0.1501009343928519,0.09806504086074738
5596,0.05216855928301811,0.1105967674973256,0.1461687452547813,0.09834873925798698
5597,0.07936853915452957,0.1088244241536787,0.1387383766965163,0.09875131644283268
5598,0.12901784479618073,0.10836143780121427,0.13975312886053629,0.10077536941209703
5599,0.1601330190896988,0.10524588227935029,0.1474427805796867,0.10440170554518767
5600,0.16624362766742706,0.10308913455187371,0.1523550236723678,0.10378699840727822
5601,0.14438951015472412,0.10893172093067059,0.1567104117694438,0.10228218626461674
5602,0.10384438186883926,0.1109505316753094,0.15042187302165366,0.10006521983656173
5603,0.09659058600664139,0.10910813053434767,0.1412234444251324,0.09822209956182668
5604,0.09085114300251007,0.10825435019665432,0.13905840492121369,0.09967748411018143
5605,0.08214005082845688,0.10571631068950493,0.14517566235275775,0.10016132369117016
5606,0.12393645197153091,0.10447634752461538,0.1492047874852901,0.0995509704364709
5607,0.1226915642619133,0.10879059304389442,0.15422180877664032,0.09958891919063659
5608,0.06767470389604568,0.11137900527100268,0.14990114824749534,0.10178521176138683
5609,0.042216408997774124,0.11043032877840689,0.14187024957379893,0.10084954938122069
5610,0.054912108927965164,0.10850828748022914,0.14026094021533717,0.10059458420997683
5611,0.15777423977851868,0.1052265066199961,0.14544023881247606,0.10280931996590109
5612,0.1598917841911316,0.10445180843093806,0.15099809579155452,0.09978655577512004
5613,0.1572771519422531,0.10734796241181031,0.154649921292917,0.09570390658273933
5614,0.07757189124822617,0.1117832805737354,0.14924560654659436,0.09379445252076458
5615,0.0979539006948471,0.11049576304722289,0.14042884217486393,0.09535990111692008
5616,0.11406111717224121,0.10823065885220286,0.13830258979652865,0.09939920608864851
5617,0.12568655610084534,0.10447508910348563,0.1425974634423077,0.10194816587477767
5618,0.11828029900789261,0.10399317179598676,0.1463566022650765,0.09931663288815124
5619,0.07153808325529099,0.10840178672307924,0.15122676303635246,0.09905166879086166
5620,0.04865344613790512,0.11088199538305664,0.14467625749165133,0.09843121677889685
5621,0.07412650436162949,0.1098955500988085,0.137943287015586,0.09838489566052439
5622,0.10714628547430038,0.10875004746276291,0.13996858052896535,0.10029383955309185
5623,0.12711316347122192,0.10436732140575632,0.14589896108095154,0.10427773187868022
5624,0.14227530360221863,0.10375612539543386,0.15129473193465603,0.10526058246295866
5625,0.143142431974411,0.10838945734320604,0.1563040364309978,0.10514691136884129
5626,0.1186683401465416,0.11135928768493729,0.15057933534963464,0.10376291377428437
5627,0.08993538469076157,0.11036917657416204,0.1420795004578882,0.10014567408009
5628,0.07986755669116974,0.10815498179545754,0.1395060314385785,0.09911157248890562
5629,0.08523757755756378,0.10460882032354761,0.14426583571242296,0.10180198903068591
5630,0.1251380890607834,0.10359617762121122,0.14702794459836488,0.10161303993302528
5631,0.10943327844142914,0.10772175893629084,0.15322129613428245,0.10232630757220287
5632,0.06300703436136246,0.1105098675768985,0.14783550094748163,0.10139401717226969
5633,0.06534462422132492,0.10965601081577558,0.13937313776126214,0.1006651500575773
5634,0.1215343251824379,0.10803061035013753,0.13880743483918237,0.10109136674032895
5635,0.2624378800392151,0.10428527897683008,0.14486242921713155,0.10358178799366752
5636,0.2572808861732483,0.10290644831607314,0.14843281082917056,0.10039631121758293
5637,0.16398432850837708,0.1074006090890946,0.15200197730731893,0.09647946597837921
5638,0.0951419547200203,0.11080781233674229,0.1482880256894508,0.09522360625675348
5639,0.13979724049568176,0.11107578360851629,0.1400927191310782,0.0980284857735526
5640,0.13709913194179535,0.109387233370183,0.13729406286772725,0.10088246847729178
5641,0.15265272557735443,0.10423321820190168,0.14179522283369062,0.10446487773134928
5642,0.16541063785552979,0.10380569480609848,0.14596825009476852,0.10067992694420855
5643,0.11134974658489227,0.10902867859667022,0.15189263967451141,0.10038130428771776
5644,0.06665164977312088,0.11105949096965838,0.14664775760351595,0.09942559718161491
5645,0.10946305841207504,0.11296644773341939,0.13968923173530232,0.10088643494916073
5646,0.16687718033790588,0.11229913387143756,0.1418677838854059,0.10285240571408898
5647,0.21455363929271698,0.10625597598736376,0.14747947943551865,0.10735347930630366
5648,0.21119117736816406,0.10552778925081897,0.15297424432559079,0.10553074654497493
5649,0.1779266744852066,0.10964502881311193,0.156674017303684,0.10409473449551293
5650,0.12367630004882812,0.11025103038723126,0.14887519410846412,0.10021090035466616
5651,0.09959318488836288,0.11198081055408317,0.14169348338586418,0.10029886694734377
5652,0.0793609544634819,0.11112418167056451,0.13996397120783696,0.09811720359149989
5653,0.0900648906826973,0.10556457264601699,0.1449336140011371,0.10291237854348721
5654,0.12122426927089691,0.10702534700646703,0.1486116663969339,0.10149904116263718
5655,0.12515611946582794,0.11158074825272181,0.15423263430901638,0.1010555957568732
5656,0.09608595818281174,0.11153552815075955,0.14736324166409623,0.10080700043515439
5657,0.08374323695898056,0.11305639063416564,0.14061002661979702,0.10029136737966417
5658,0.12057120352983475,0.11196313836803942,0.13990067001401993,0.09964657992729369
5659,0.18778161704540253,0.10594972622130407,0.1464043424739235,0.10295621253032032
5660,0.22192446887493134,0.10600438156101365,0.15150106857251194,0.10124143085138802
5661,0.17151233553886414,0.11051168599991724,0.15549858890078364,0.10083401011962095
5662,0.12455623596906662,0.11120636696175672,0.1474789425297882,0.09485894766231766
5663,0.1500072181224823,0.11196936950390673,0.14191671761676578,0.09887556527236768
5664,0.1402166187763214,0.11166075951829356,0.13756485121829615,0.09857623204731608
5665,0.15731199085712433,0.10503973819505283,0.14245336055613653,0.10315211673497929
5666,0.15918190777301788,0.10412107032061152,0.14488462716340525,0.10075479623807429
5667,0.10180650651454926,0.10938355034493498,0.15067637730658834,0.09826801889868642
5668,0.06716083735227585,0.11078194184926957,0.143552665837955,0.09843404267401148
5669,0.09705907106399536,0.11204735265598931,0.14003895059575025,0.09972800203315027
5670,0.1335376799106598,0.11205773762740776,0.13904550048360062,0.10060608622288024
5671,0.20281274616718292,0.10630388507396994,0.14793610059293066,0.10734249444638805
5672,0.22035875916481018,0.10372982113201915,0.1512452247911498,0.1071529782989317
5673,0.20411664247512817,0.10955879416535169,0.15552495579915843,0.10680217748568119
5674,0.1376434564590454,0.11063678488486307,0.14736783338156534,0.10229414185101847
5675,0.10680165141820908,0.11216067201118513,0.14268501457165114,0.10020785404276854
5676,0.08372852206230164,0.11260664473136836,0.14031996499777974,0.09803063835110121
5677,0.09100569039583206,0.10685061608830076,0.1456869265211599,0.10330931766582668
5678,0.12185449153184891,0.10424461596126446,0.14849252945575794,0.10212860407860452
5679,0.1282557100057602,0.11004582967244324,0.1538888564022763,0.10061945691036361
5680,0.09047234058380127,0.11140908724620256,0.14682038922684604,0.10027988648615746
5681,0.09735850989818573,0.11242635060152163,0.1414958296005634,0.1016873773777185
5682,0.17840543389320374,0.11310423220899034,0.1405776686436969,0.0996871777475822
5683,0.19765354692935944,0.10834872190857513,0.14859536564246822,0.10514025750073422
5684,0.24341993033885956,0.10572770939619987,0.15145989298720586,0.10291925770114686
5685,0.13646811246871948,0.1113230991677158,0.1552794375031812,0.09947307254315946
5686,0.10709274560213089,0.11334252545485163,0.14758052185931383,0.09492409222934811
5687,0.1245410144329071,0.11287658576386282,0.14232816600801507,0.09852211535894793
5688,0.1362665295600891,0.11413001133543497,0.13956894273319692,0.10177272996251695
5689,0.16893194615840912,0.10852050566500865,0.14580570361236853,0.10701050800553542
5690,0.161250501871109,0.1061406627021852,0.148910042916087,0.10290709940227219
5691,0.1285436451435089,0.11137314069319376,0.1534775003814127,0.10103804646638387
5692,0.06958743184804916,0.11399512283221651,0.1472335721191538,0.10196174448690871
5693,0.10077065974473953,0.11370246837996928,0.14207280500788363,0.10258757511787758
5694,0.14746564626693726,0.11520290761794515,0.14284014183302582,0.10145010475738957
5695,0.2352423518896103,0.10978252690324034,0.15105873285061572,0.10857626999726909
5696,0.24305857717990875,0.10603213223746216,0.1537669158694638,0.10695193759590783
5697,0.20847684144973755,0.11185039452763319,0.1585070435629293,0.10648652623728577
5698,0.11389012634754181,0.11296589277238787,0.14902438807349336,0.10128725853000083
5699,0.1073584333062172,0.11367970947664853,0.14413775292993353,0.10277618740419472
5700,0.07824377715587616,0.11368859396885309,0.141143565239388,0.1011209906726206
5701,0.09768202155828476,0.1077841359603695,0.1491602694753675,0.1050536106586856
5702,0.1315336525440216,0.10621546636170555,0.15011632823396573,0.10199721350151099
5703,0.1377677619457245,0.11278539559027498,0.15799027954312994,0.10179180151117198
5704,0.09221184253692627,0.1133635852004474,0.14808380953833947,0.10048449197993863
5705,0.10685811936855316,0.11363013591072284,0.1426914870111452,0.10219146591576127
5706,0.18120159208774567,0.11437091537546216,0.14060309009695218,0.10172777269680656
5707,0.2945277988910675,0.1078955039272711,0.14943410911910118,0.1063214124552169
5708,0.29060786962509155,0.10553739033517563,0.15158127406397384,0.10276345473697238
5709,0.19760018587112427,0.11216202373873232,0.15709229182020612,0.10033315803445034
5710,0.12313565611839294,0.11294089000738888,0.1481255373955476,0.09605159104590139
5711,0.16452085971832275,0.11431500203382784,0.14322385776793875,0.10127085568424472
5712,0.1727398782968521,0.11543762207487594,0.1394717920547077,0.1030489452811635
5713,0.21113623678684235,0.1081757947596266,0.14683513917482213,0.10687359829652361
5714,0.20666927099227905,0.10585791584284053,0.14841098615084228,0.10238070746211668
5715,0.13419394195079803,0.11175731920261263,0.154107605083082,0.1016566725209615
5716,0.08329722285270691,0.1128396003184419,0.14591981332411932,0.10154284061003556
5717,0.08139772713184357,0.11380746720022626,0.1415449945928985,0.10247488034562648
5718,0.10058483481407166,0.11530196997367433,0.13968425300513543,0.101853932598974
5719,0.17850883305072784,0.10782746078376132,0.1493507864465473,0.11000927778768381
5720,0.2544070780277252,0.10535004176497935,0.15173232713884477,0.10966811768732136
5721,0.23806576430797577,0.11158785662883734,0.15868456500381106,0.10927756997142128
5722,0.17604705691337585,0.11243638127326872,0.1502344661297577,0.10388493451460587
5723,0.11844396591186523,0.11346718907968939,0.14439422540338534,0.10525873112701828
5724,0.1297275722026825,0.11475026347378332,0.13908172015352882,0.1013681391963386
5725,0.13785308599472046,0.10697483523652383,0.14680876732202786,0.1051314726993089
5726,0.1721353977918625,0.10511483782091678,0.14763662757310014,0.1032740263920942
5727,0.1632673591375351,0.11082265596400341,0.15640776003475573,0.10334198556347395
5728,0.07589049637317657,0.11163004984970071,0.14775739568393237,0.10191134933146132
5729,0.10546382516622543,0.11298920188547656,0.14268770700433697,0.10340662841134951
5730,0.19061395525932312,0.1145523669948917,0.1399968371528684,0.10253296204327614
5731,0.20323817431926727,0.10703161462176683,0.14785368130304166,0.10562019998186734
5732,0.20722831785678864,0.10513493179502068,0.15089215100227943,0.10236371546250203
5733,0.1967962384223938,0.11106330304481721,0.1565815970707327,0.10141874990899433
5734,0.13478972017765045,0.11239620820020683,0.14762312596504382,0.09710276061714342
5735,0.1530866026878357,0.11315304720909881,0.1428995047634762,0.1022462496583914
5736,0.160340815782547,0.11451558370546913,0.13808148370663284,0.10337870746323574
5737,0.1525779664516449,0.10723150040776024,0.1463932183409525,0.10655068315713447
5738,0.13753655552864075,0.10561221268391238,0.14848517894777363,0.10344082080076018
5739,0.09523014724254608,0.1114950817709917,0.15497418594104262,0.10206928157529321
5740,0.06530160456895828,0.11200823157664887,0.14607492779403242,0.1020561878148471
5741,0.059877511113882065,0.11293353048365294,0.14174547458005227,0.10324973876893534
5742,0.07684305310249329,0.11413688880380925,0.14013493599895,0.10229105536783498
5743,0.13952822983264923,0.1069261785175685,0.14881061718999974,0.10964917769098421
5744,0.18273453414440155,0.10533124134111051,0.15229224522486737,0.1102308819186863
5745,0.22049197554588318,0.11209064254698463,0.15921783393622171,0.10936989324488118
5746,0.1435546875,0.11250851360774883,0.1502635849863154,0.10352009117713208
5747,0.114646777510643,0.11294079718828237,0.1446960792393799,0.10319353770032644
5748,0.09635087847709656,0.11435011574168862,0.14018253788736998,0.1013946806759336
5749,0.11176696419715881,0.10687622442785973,0.14716877124663616,0.10558502685923514
5750,0.127960667014122,0.10581918372366439,0.14982416127059262,0.10414282490310424
5751,0.1316109150648117,0.1129561094974309,0.15763050923419317,0.10326684861544626
5752,0.08143973350524902,0.11375890312158483,0.14888591046195757,0.10110689224188213
5753,0.06764223426580429,0.11456419213715882,0.14350241090935947,0.10279006713566846
5754,0.12745162844657898,0.11546447654029328,0.14042545418961663,0.10315322661753466
5755,0.1945684403181076,0.10855094216240638,0.1489716720058092,0.10563306583128887
5756,0.2006015181541443,0.10573400472438155,0.15098717977243967,0.10281331360864861
5757,0.16442178189754486,0.11308537237846016,0.15779705068198158,0.10224600867205291
5758,0.10442809760570526,0.11411522558736577,0.14937381677382702,0.09583540481584435
5759,0.12037523835897446,0.11481581651285461,0.14380515955493217,0.10038002861136325
5760,0.133636936545372,0.11564047050230662,0.1397419221395054,0.10350315917392948
5761,0.15014420449733734,0.10845426263566535,0.14619841616501772,0.1070837423843405
5762,0.16491782665252686,0.10661093648213518,0.14930710943861017,0.1038701113207165
5763,0.10444340109825134,0.11309373887873302,0.15493760127205078,0.10230730042888837
5764,0.06957890093326569,0.11379177648974367,0.1470884429087437,0.10132326295897952
5765,0.0468735545873642,0.11485141076289801,0.14185552984938657,0.10298359907378635
5766,0.07377173751592636,0.11531994645032131,0.140447639162287,0.10287820972766532
5767,0.13142290711402893,0.10872069498323417,0.1483049727491208,0.10938246243502019
5768,0.1991644650697708,0.10662711727050546,0.1525632381916625,0.11059598570956325
5769,0.2348150610923767,0.11314435488695883,0.15924235829326464,0.10932299388834175
5770,0.1626857966184616,0.11367994422152795,0.14999499250984355,0.10482597207120513
5771,0.10330447554588318,0.11465480315555952,0.14428177124783198,0.10543742192434338
5772,0.08041049540042877,0.11639773607480071,0.14141865685151528,0.10236475588494023
5773,0.11506025493144989,0.10955157275100066,0.14835323048375318,0.10656560764554034
5774,0.13453730940818787,0.10778624063457777,0.1518873410300345,0.10501090453709178
5775,0.12420649081468582,0.1143906446744023,0.15836666583845582,0.1046857600254471
5776,0.07710947096347809,0.11507185553261728,0.14983752462374464,0.10410740545061205
5777,0.0502622127532959,0.11488245431345981,0.1435750886678063,0.10566130914226447
5778,0.05095115676522255,0.11468562238319087,0.14231027550601977,0.10300979278713247
5779,0.11008843779563904,0.10927733579921362,0.1501730300910017,0.10861639930211973
5780,0.17756833136081696,0.10838874512325236,0.15307416416302486,0.10852983760251819
5781,0.23060165345668793,0.11427707007565413,0.15665091118716684,0.1039981439325985
5782,0.18396757543087006,0.11290258137554447,0.14683822874885585,0.09943404535452652
5783,0.1625502109527588,0.1121499175248697,0.14103373350427428,0.09829309612587635
5784,0.17769332230091095,0.11205630664036016,0.13854922920987253,0.09827244854568916
5785,0.2084568440914154,0.10509783378623304,0.14264525953738033,0.10055277668802538
5786,0.22669756412506104,0.10385287497988026,0.14657071573692132,0.09984801539074216
5787,0.14955098927021027,0.11100155271157613,0.15129647155335715,0.09860980307719736
5788,0.09395650029182434,0.11126807801306042,0.14198165453170156,0.09628986495164783
5789,0.059696704149246216,0.10919012178729509,0.1337751125268021,0.09678461931199828
5790,0.061392802745103836,0.10987643497761201,0.13167683547835465,0.09360181581819349
5791,0.1364920437335968,0.10320617897530161,0.13956618823395564,0.10186118301770762
5792,0.2194422334432602,0.10232573172804611,0.1445818039798007,0.10424251677724848
5793,0.22200432419776917,0.10976027290790977,0.15114435719466462,0.10124008578427458
5794,0.15110507607460022,0.11064680671118722,0.14328630001130094,0.09562319111959537
5795,0.12996405363082886,0.10859687305384941,0.13600893978675788,0.09248324025182479
5796,0.14553803205490112,0.10883516329858015,0.13031065727459226,0.0911996084292681
5797,0.17934082448482513,0.1037639907918802,0.1387030899933825,0.09696039821900988
5798,0.2081754356622696,0.1031970120748356,0.14258639949308957,0.09654453224570153
5799,0.14219173789024353,0.11061446109075473,0.1492439386870551,0.09648612264914776
5800,0.09329437464475632,0.11109004714989709,0.14284998519365777,0.09406491558369795
5801,0.0752122700214386,0.10932861365242454,0.13488048046951215,0.09519517449967632
5802,0.14035671949386597,0.10906387787474654,0.13112744665256434,0.09396723753980753
5803,0.18380019068717957,0.10336342474118104,0.13799537017346744,0.09784474278688014
5804,0.19888757169246674,0.10362633713352185,0.1446325091462742,0.0977458007111382
